engagement_id,donor_id,campaign_name,channel,clicked,converted,engagement_timestamp
b2eecf68-3b5b-4b8f-8388-8e44cb6280d8,002ee4ed-6085-4969-9cf0-0776607ee397,Campaign 8,SMS,True,True,2025-04-30T12:33:51
6befb944-7a74-461e-94c7-0eacc49040c9,002ee4ed-6085-4969-9cf0-0776607ee397,Campaign 3,Social,True,True,2025-06-03T12:33:51
e62b9bb4-6116-4dfa-8c87-948425f4edcf,002ee4ed-6085-4969-9cf0-0776607ee397,Campaign 5,Phone,False,False,2025-04-21T12:33:51
f7aebac8-dade-4099-a20c-df47c35fac86,002ee4ed-6085-4969-9cf0-0776607ee397,Campaign 6,SMS,False,False,2024-04-25T12:33:51
b039066d-acf4-4ed1-bfe6-52fdb357ae2e,003c374e-1358-471e-8f22-8a59276a0747,Campaign 5,SMS,False,False,2025-08-08T12:33:51
e2ee48b5-1948-4ab8-9f9d-30da0b158cd5,003c374e-1358-471e-8f22-8a59276a0747,Campaign 9,SMS,True,True,2024-04-06T12:33:51
3819311a-72ee-444e-872a-4ddd0dfe505b,004f1a5a-796e-4d24-92f5-663c0c7fb445,Campaign 3,Phone,True,False,2024-04-12T12:33:51
65f5074d-28cf-42f6-8fb5-dd5a8ff6aaa2,004f1a5a-796e-4d24-92f5-663c0c7fb445,Campaign 3,SMS,True,True,2025-08-09T12:33:51
e634067b-113d-4366-83c4-655987b1d9fc,00684172-e806-46da-9c17-eb839869ecc8,Campaign 7,Email,False,True,2024-10-18T12:33:51
abc88aa5-549f-4b18-9a3e-66f7d67db2c3,006ced9f-89da-468a-9c8c-1a0ef98e8cd5,Campaign 10,SMS,False,True,2024-09-24T12:33:51
bb17334a-65d0-424e-9580-ae30b032daee,006ced9f-89da-468a-9c8c-1a0ef98e8cd5,Campaign 7,Phone,True,False,2025-07-26T12:33:51
2a0d587a-ed67-4e70-b6ce-fa193439a7ab,0093fcb3-b524-416f-b6fe-b8cae32d411a,Campaign 4,Email,False,False,2025-08-28T12:33:51
c3ccd0d7-e736-4ac7-9c4a-8265a0d080f2,00b2744b-14d6-43a5-885d-232b3e4b7b0a,Campaign 4,Email,True,True,2024-07-24T12:33:51
99126bc2-5b51-470a-be60-47ad81fec37e,00b2744b-14d6-43a5-885d-232b3e4b7b0a,Campaign 10,Phone,False,False,2024-12-03T12:33:51
b257002f-6f2b-4a79-8495-2f8c67f0e3d7,00cba771-fb33-4590-a41e-b4140ec0c527,Campaign 9,Email,False,True,2023-09-10T12:33:51
7e5eafe8-2fbb-4aaf-aad0-4448c3151633,00cba771-fb33-4590-a41e-b4140ec0c527,Campaign 2,Social,True,False,2025-01-25T12:33:51
6b5cdbc9-0c4f-4b57-8c6e-14bff0e4de79,00cba771-fb33-4590-a41e-b4140ec0c527,Campaign 9,SMS,True,True,2025-06-26T12:33:51
496bfaf2-2fe6-4745-b4ba-ca52344877ba,00cba771-fb33-4590-a41e-b4140ec0c527,Campaign 9,Social,True,False,2025-04-23T12:33:51
3101a3bc-dd41-4556-92d5-0b6356288f4a,00d3e7b9-a9c2-4fd5-b3bb-1440c6f2cbe9,Campaign 8,Phone,True,True,2024-04-18T12:33:51
6624593a-1d9f-4aff-82e6-e5c1e12fb05a,00d3e7b9-a9c2-4fd5-b3bb-1440c6f2cbe9,Campaign 1,Phone,True,True,2024-11-14T12:33:51
495146db-7cb6-4720-b551-860a687ce9c8,00d3e7b9-a9c2-4fd5-b3bb-1440c6f2cbe9,Campaign 5,Email,True,False,2025-07-20T12:33:51
2da5f0e4-3cd6-4460-b15e-57410af1c977,00d3e7b9-a9c2-4fd5-b3bb-1440c6f2cbe9,Campaign 7,SMS,False,False,2025-07-28T12:33:51
8d2e2976-c4ac-45fa-bafe-728a00e39969,00dfd0dd-b64f-42df-bf25-4eec7f829f6b,Campaign 3,Phone,False,False,2024-03-01T12:33:51
be752298-d575-4747-b0c3-5f07e29a2499,00dfd0dd-b64f-42df-bf25-4eec7f829f6b,Campaign 1,Social,True,True,2024-05-25T12:33:51
8520770f-e85d-4410-8e07-12d7e16eb903,00dfd0dd-b64f-42df-bf25-4eec7f829f6b,Campaign 3,SMS,True,False,2024-04-14T12:33:51
895bd7f9-868d-4487-9479-acbf8b380c15,00dfd0dd-b64f-42df-bf25-4eec7f829f6b,Campaign 7,Social,True,True,2025-08-15T12:33:51
ba88e20f-e624-45d1-b587-3cfa6b94d93a,00dfd0dd-b64f-42df-bf25-4eec7f829f6b,Campaign 10,Email,False,True,2023-10-09T12:33:51
98c48d36-5cb4-48a8-a11e-3801f097d609,0106a48c-dfb3-4b1c-baff-563f33269393,Campaign 4,SMS,False,False,2024-05-02T12:33:51
f214258f-6525-4337-9113-61f814de1f41,010c1b43-81e6-4cdc-8d78-a65acef426f5,Campaign 4,SMS,False,True,2023-10-01T12:33:51
c69c1c71-84e9-4a4d-86a3-ed7c3d4950f5,010c1b43-81e6-4cdc-8d78-a65acef426f5,Campaign 3,Email,False,False,2023-10-18T12:33:51
c4aaaedc-c538-47a3-92f6-bf999f963de3,010c1b43-81e6-4cdc-8d78-a65acef426f5,Campaign 9,SMS,False,False,2025-08-02T12:33:51
d47b1068-0c24-4147-904b-c6bcffd33b2d,010c1b43-81e6-4cdc-8d78-a65acef426f5,Campaign 4,Email,False,True,2023-11-29T12:33:51
ae65a776-c8ee-46a9-b23f-5572fd87793e,010c1b43-81e6-4cdc-8d78-a65acef426f5,Campaign 10,Social,False,True,2025-01-11T12:33:51
83a85232-5f2a-4365-8eae-d34758d2bcc6,010ccfd4-e940-4f1f-adb3-91f7d5f0bc27,Campaign 1,SMS,True,False,2023-12-06T12:33:51
f6ae9f4e-3b41-424a-852e-eb3f68ee684f,01170fce-33a9-44c3-8990-1891c89b08ab,Campaign 9,Social,True,False,2024-05-31T12:33:51
accf26b9-461c-472a-862f-59034ecabbec,01170fce-33a9-44c3-8990-1891c89b08ab,Campaign 9,Email,True,True,2025-01-08T12:33:51
106115df-05c5-4c0e-b214-f2a72bbd1727,01170fce-33a9-44c3-8990-1891c89b08ab,Campaign 8,Social,True,False,2023-10-28T12:33:51
469a945a-e120-4040-b9c6-a54cecdf3d7e,01170fce-33a9-44c3-8990-1891c89b08ab,Campaign 8,SMS,False,True,2024-04-20T12:33:51
e0d8c2d2-acf5-4e86-8826-c4a7e7600405,015c2ed2-b249-4da9-bb78-c24bc01bfda8,Campaign 4,Phone,False,True,2024-08-09T12:33:51
bc38293d-41d9-4ff2-80a6-93f8d4f9e47d,015c2ed2-b249-4da9-bb78-c24bc01bfda8,Campaign 3,SMS,True,True,2025-06-10T12:33:51
dd3be107-bb48-4da5-a5ae-623d74132adf,01642303-43b9-4565-b1ea-cff93eb2b335,Campaign 1,Email,False,False,2024-02-11T12:33:51
d8464e95-73b6-49de-a573-6b4e49656685,01642303-43b9-4565-b1ea-cff93eb2b335,Campaign 7,SMS,False,True,2024-08-10T12:33:51
40192519-aa65-4b62-9f28-3bb58df02bdf,01642303-43b9-4565-b1ea-cff93eb2b335,Campaign 3,Email,False,True,2023-10-16T12:33:51
5ca2c32f-263d-42e2-9c93-7a6b785c58e9,0178e78b-ca2b-4c1d-8478-c54d654da361,Campaign 6,Phone,True,False,2024-06-17T12:33:51
0b048949-b952-4d0a-aa80-b768561d7a64,0178e78b-ca2b-4c1d-8478-c54d654da361,Campaign 8,Social,True,True,2024-11-09T12:33:51
4285663d-560d-43ee-9693-5b9f019f47e1,017aecc1-ec5b-44dc-a629-b78f64de6e68,Campaign 4,Email,False,False,2024-04-06T12:33:51
617c8dba-2613-4931-9cf0-e2cb5957c07b,017aecc1-ec5b-44dc-a629-b78f64de6e68,Campaign 1,SMS,False,True,2024-10-08T12:33:51
64dd0564-6861-4f59-baee-9da299ec2d87,017aecc1-ec5b-44dc-a629-b78f64de6e68,Campaign 3,Phone,False,True,2024-07-23T12:33:51
02a1bcd5-b2c8-48b4-98af-84ac0bb6247a,017aecc1-ec5b-44dc-a629-b78f64de6e68,Campaign 10,Social,True,True,2025-04-04T12:33:51
70a2fbaa-02b3-48f2-9e50-68abe396bf1b,017aecc1-ec5b-44dc-a629-b78f64de6e68,Campaign 7,Phone,True,True,2023-11-29T12:33:51
0e90cf75-b64a-485e-b9e4-e7e5e5c39d6e,017dafb9-2614-4e69-a87d-4444a55e83c9,Campaign 8,SMS,True,False,2024-05-14T12:33:51
149509b1-7508-4420-9866-3c08144bcd94,017dafb9-2614-4e69-a87d-4444a55e83c9,Campaign 2,Social,True,False,2024-11-05T12:33:51
7a870a34-0f16-4705-bc35-aa90e5a96312,0199ebd2-5287-4cec-9f95-e93b7305a7a4,Campaign 7,Phone,False,False,2023-12-15T12:33:51
31e39460-42c3-4960-8e02-1fb22857130f,0199ebd2-5287-4cec-9f95-e93b7305a7a4,Campaign 9,Phone,False,True,2025-08-28T12:33:51
1df3c014-cd47-48c3-8d4d-e199fdb857b2,0199ebd2-5287-4cec-9f95-e93b7305a7a4,Campaign 1,Phone,False,False,2024-06-03T12:33:51
d6282654-5c12-4ee9-a0bc-1b9504c0edee,019b7753-5b69-42be-9b68-9d11394df183,Campaign 7,SMS,True,True,2023-11-10T12:33:51
6dd647f8-8461-4d6e-bc3a-fac508b0ba6f,019b7753-5b69-42be-9b68-9d11394df183,Campaign 3,Phone,False,False,2025-05-02T12:33:51
f34d5c99-56b2-4bda-8f3d-6309b93431b3,019b7753-5b69-42be-9b68-9d11394df183,Campaign 1,Phone,False,True,2023-12-14T12:33:51
b097769d-a780-46c5-9f1f-05491bfb3163,019b7753-5b69-42be-9b68-9d11394df183,Campaign 8,Phone,False,False,2024-12-19T12:33:51
81b69df1-c710-4a1c-b06f-3d631dfe9709,019b7753-5b69-42be-9b68-9d11394df183,Campaign 3,Phone,False,True,2025-05-23T12:33:51
1439627c-0658-4afc-afb7-23385aa00fad,01d00b8f-8335-498e-9eba-5d8294235b03,Campaign 2,Phone,False,False,2023-09-24T12:33:51
d1a3b79f-f584-4212-a9fd-d5e71368a7a2,01e97589-44e7-44d2-83ec-f215c6058414,Campaign 9,Phone,True,False,2024-07-28T12:33:51
a107431a-4746-41e5-8a25-3e260fd958e4,01e97589-44e7-44d2-83ec-f215c6058414,Campaign 5,Phone,False,False,2024-08-03T12:33:51
59da8663-8209-411a-a897-13a4336712ac,01e97589-44e7-44d2-83ec-f215c6058414,Campaign 7,Social,True,False,2025-07-28T12:33:51
e5e466d6-56d0-404f-b721-4ec303c61285,020e7cbc-2b2a-455f-8bfa-fa9e7156bc41,Campaign 3,Email,True,False,2023-10-30T12:33:51
8bac5915-f522-4640-a8c4-b92512b1b526,020e7cbc-2b2a-455f-8bfa-fa9e7156bc41,Campaign 6,Email,True,True,2024-06-18T12:33:51
9bd5fdae-8cd4-4c59-92b9-dbb99450f586,020e7cbc-2b2a-455f-8bfa-fa9e7156bc41,Campaign 8,Social,True,False,2024-11-26T12:33:51
a23898c3-5c70-4478-ab16-8e736d3f613d,020e7cbc-2b2a-455f-8bfa-fa9e7156bc41,Campaign 1,Phone,True,False,2024-05-06T12:33:51
2b24f92d-0d31-487d-9f78-b49ff46b0d8b,0213e574-1095-49cc-9c3d-388db5cce7f9,Campaign 3,Phone,True,False,2025-07-12T12:33:51
76391ba4-cc19-44d2-9583-ff670b7bf657,0213e574-1095-49cc-9c3d-388db5cce7f9,Campaign 1,Phone,False,False,2024-05-10T12:33:51
b9b36eb3-dad2-4eb2-ad0d-cc06676f97bf,0213e574-1095-49cc-9c3d-388db5cce7f9,Campaign 5,Email,True,False,2025-07-24T12:33:51
0538b2e9-d952-45e8-8e3e-ea82f4b32af4,0213e574-1095-49cc-9c3d-388db5cce7f9,Campaign 8,SMS,True,False,2025-03-02T12:33:51
eb60a7d0-cc83-4aab-944c-801a62e6c4b8,0213e574-1095-49cc-9c3d-388db5cce7f9,Campaign 3,Phone,True,False,2025-02-20T12:33:51
1a015071-0930-4962-a7a6-287911214560,022cf4b6-2aff-494c-af73-bd4bf94f8475,Campaign 5,Phone,True,True,2024-12-17T12:33:51
7abef164-4d8f-4f5e-9111-036de26b784a,022cf4b6-2aff-494c-af73-bd4bf94f8475,Campaign 3,Phone,False,True,2024-02-11T12:33:51
ed4f00a7-5ec5-4e81-9c6c-5586ca65b3ac,022cf4b6-2aff-494c-af73-bd4bf94f8475,Campaign 10,Social,False,False,2023-12-13T12:33:51
ff7240a8-43c3-44b8-8ebb-2d6e2240e09d,022cf4b6-2aff-494c-af73-bd4bf94f8475,Campaign 6,Social,False,True,2025-03-28T12:33:51
2d0760c3-4c30-4ef9-953a-77b72b06e924,022cf4b6-2aff-494c-af73-bd4bf94f8475,Campaign 10,Email,False,True,2025-05-18T12:33:51
3f283283-840b-45f6-bc87-6bcd9d4522e6,024e3509-a54b-49b7-a351-3dc54163aa52,Campaign 9,Social,False,False,2025-07-22T12:33:51
a9490635-0a0d-4ed3-a7ff-57ff1e3cb15a,02566141-6b8b-431a-be96-232fc318b69b,Campaign 10,Social,False,True,2024-07-18T12:33:51
b9966330-0fb0-41b7-90f2-9adcdfaad477,02566141-6b8b-431a-be96-232fc318b69b,Campaign 10,Social,True,False,2023-10-15T12:33:51
51755c08-7e17-4952-84e1-9ff483be1113,02566141-6b8b-431a-be96-232fc318b69b,Campaign 4,SMS,False,False,2024-07-26T12:33:51
a10dda2b-d7c2-4625-b6e4-38b6719f8a0a,02566141-6b8b-431a-be96-232fc318b69b,Campaign 3,Social,True,False,2024-09-10T12:33:51
fdbb216a-99ce-4267-8175-d38983ec26be,02566141-6b8b-431a-be96-232fc318b69b,Campaign 2,Phone,True,True,2025-07-10T12:33:51
bf77aeff-ae31-4e7d-b4f3-117cd4f512b1,0278342a-c105-42f1-a1a0-bae8531734c8,Campaign 10,Social,False,True,2025-04-02T12:33:51
fcaa566a-aa91-4868-be3f-112f5bbac3e6,02ab02f6-2bac-4a0d-bdc2-f84b166e3154,Campaign 10,Email,True,False,2023-10-18T12:33:51
880fadae-b49d-4af4-b611-6dbc85cbc648,02ab02f6-2bac-4a0d-bdc2-f84b166e3154,Campaign 6,Social,False,True,2024-06-12T12:33:51
bf982ff3-8034-442c-b02a-6cd7f94f7f11,02ab2c2c-de2d-43e0-9171-0a096c632b21,Campaign 1,Phone,True,False,2023-12-19T12:33:51
889f546d-4d17-4af3-ad1f-72632c0f23c6,02ab2c2c-de2d-43e0-9171-0a096c632b21,Campaign 5,Social,False,False,2024-09-14T12:33:51
a7fe8ea6-fb7b-48eb-af9c-69cd5d45f06f,02ab2c2c-de2d-43e0-9171-0a096c632b21,Campaign 3,Social,False,False,2023-11-13T12:33:51
a65b81c9-f4d0-4da3-9bd1-ddc5e1e45491,02ab2c2c-de2d-43e0-9171-0a096c632b21,Campaign 2,Phone,False,False,2023-11-10T12:33:51
31fd63b2-3c09-477c-8f49-d34671a2eebd,02ab2c2c-de2d-43e0-9171-0a096c632b21,Campaign 1,Phone,True,True,2024-01-04T12:33:51
ab84b24d-aa46-4d0b-82da-ca1fbcf2a338,032be5bb-852d-4ace-a3b4-ec7e72c75126,Campaign 7,Email,True,False,2025-05-05T12:33:51
c0a4dd1d-217a-47e4-9829-34d55cd195ec,032be5bb-852d-4ace-a3b4-ec7e72c75126,Campaign 7,Social,True,False,2023-11-28T12:33:51
fbc2a110-6169-4b83-8ee3-e491ffcf31d9,0345bcfa-cc1d-4786-8c26-d52992b03849,Campaign 10,SMS,True,False,2025-05-26T12:33:51
a0855a00-7d9d-44f7-86ff-2adf41f6d7f6,0345bcfa-cc1d-4786-8c26-d52992b03849,Campaign 6,Phone,True,False,2025-01-05T12:33:51
9160692b-8849-4a31-a5e4-4fa91337b220,037be562-0921-4828-a51c-e788ce5e37ff,Campaign 1,Phone,True,True,2023-09-26T12:33:51
0f381e37-d95d-4acf-9456-b44787689436,037be562-0921-4828-a51c-e788ce5e37ff,Campaign 5,Email,True,True,2025-06-15T12:33:51
e6676d35-79d6-4040-8fbb-1c36c17be648,037be562-0921-4828-a51c-e788ce5e37ff,Campaign 10,Phone,True,True,2025-06-05T12:33:51
b5019270-f16e-4c3f-8848-c26c6ab3e995,037be562-0921-4828-a51c-e788ce5e37ff,Campaign 9,SMS,False,False,2025-06-22T12:33:51
b61c2cb2-3368-4d0f-94ce-2634750d4831,037be562-0921-4828-a51c-e788ce5e37ff,Campaign 1,Email,False,False,2024-06-03T12:33:51
499f22f5-ebc7-4683-9bfe-5180019e5afe,04346619-f18e-42eb-9374-d60fc94bf18d,Campaign 10,Email,False,True,2024-02-26T12:33:51
8bee2917-9a9a-4bb7-8fb7-e19010e1b991,04346619-f18e-42eb-9374-d60fc94bf18d,Campaign 4,SMS,False,False,2024-09-07T12:33:51
24ccde96-6efe-464e-b293-16900d79e847,04346619-f18e-42eb-9374-d60fc94bf18d,Campaign 7,Email,False,False,2025-05-22T12:33:51
a3c46259-a9b4-4fd8-b700-08a67a8e7b0e,04346619-f18e-42eb-9374-d60fc94bf18d,Campaign 2,Phone,True,False,2023-11-10T12:33:51
4a31e8ed-022c-4ab4-b201-1be6dd0770ae,044b5b1b-62da-4416-aafe-25ea04e084d8,Campaign 1,Phone,True,True,2024-04-01T12:33:51
f01e8c0c-6d1b-4103-9433-25460f02c62e,044b5b1b-62da-4416-aafe-25ea04e084d8,Campaign 8,Phone,True,False,2024-04-20T12:33:51
71045ff9-b415-4b52-adf0-3a461301e6f5,045eb9b0-29b3-4ba5-988a-6b04237c9875,Campaign 4,Phone,False,False,2023-10-25T12:33:51
48240baa-cbdb-4667-9b60-aa4bcc2e31f9,045eb9b0-29b3-4ba5-988a-6b04237c9875,Campaign 1,SMS,True,True,2024-06-29T12:33:51
407baf1d-be18-4072-97c6-f3ee042504e8,045eb9b0-29b3-4ba5-988a-6b04237c9875,Campaign 5,Phone,True,True,2024-07-09T12:33:51
e889a557-f80c-4c2f-8828-06ee8135791c,045eb9b0-29b3-4ba5-988a-6b04237c9875,Campaign 8,Email,True,False,2024-11-18T12:33:51
7247603c-b9d9-4e66-937d-b9d4453b732d,04765b66-2a12-4483-961c-b68158b78604,Campaign 2,SMS,True,False,2025-07-26T12:33:51
3beac26d-b501-457e-ab89-d09076e03332,04765b66-2a12-4483-961c-b68158b78604,Campaign 7,SMS,False,False,2024-01-03T12:33:51
587c6c6e-cff9-4166-980c-a1987a44a557,04765b66-2a12-4483-961c-b68158b78604,Campaign 10,Email,False,False,2024-07-08T12:33:51
8d84bd95-17ed-4ed6-adfc-fe390a9ee859,04765b66-2a12-4483-961c-b68158b78604,Campaign 3,SMS,True,False,2024-04-16T12:33:51
b360ebbb-909e-45a5-aa76-4d76f8ce6d3a,04765b66-2a12-4483-961c-b68158b78604,Campaign 2,SMS,True,True,2024-08-19T12:33:51
179d9c76-f66a-433c-b264-052aab951245,048326c0-b939-471c-9a6f-f80369497a2b,Campaign 9,SMS,True,True,2023-10-24T12:33:51
09314f2d-6f2b-46be-9658-6edcdebe7b1a,048326c0-b939-471c-9a6f-f80369497a2b,Campaign 10,SMS,True,False,2025-02-19T12:33:51
d0c7f749-fd15-4ced-8ba2-291b7d63750d,048326c0-b939-471c-9a6f-f80369497a2b,Campaign 3,SMS,True,False,2024-02-29T12:33:51
43ba16d3-280c-45b1-93e2-02653d911c06,048326c0-b939-471c-9a6f-f80369497a2b,Campaign 2,SMS,True,False,2023-11-05T12:33:51
406a4ff4-079d-411b-85b4-55d902419eb4,0493bf09-1fff-465f-b3bc-e9733a8c0fad,Campaign 1,Social,True,True,2025-01-25T12:33:51
8332055e-b53c-4661-9361-e81220ff7d7c,0493bf09-1fff-465f-b3bc-e9733a8c0fad,Campaign 3,SMS,False,True,2025-06-29T12:33:51
d3eafb68-65d6-411d-befe-166e57d66b36,0493bf09-1fff-465f-b3bc-e9733a8c0fad,Campaign 4,Phone,True,False,2024-07-29T12:33:51
366a4dce-a2f7-40a5-88af-b69c4ede72b9,0493bf09-1fff-465f-b3bc-e9733a8c0fad,Campaign 3,SMS,False,False,2024-06-11T12:33:51
50d5a7e8-5dde-4f7e-a2d3-08686fd10b77,0493bf09-1fff-465f-b3bc-e9733a8c0fad,Campaign 9,Social,False,True,2024-06-01T12:33:51
236178cf-1a91-4c3a-9adf-269a9e89c9a1,0496be7b-16fc-4c98-b744-4158eab6da46,Campaign 4,Social,False,True,2025-04-08T12:33:51
962423e2-99d5-4142-9c53-51968b329b9a,0496be7b-16fc-4c98-b744-4158eab6da46,Campaign 5,SMS,True,False,2025-08-05T12:33:51
5ea6c163-4804-402c-890c-11899a256b36,0496be7b-16fc-4c98-b744-4158eab6da46,Campaign 4,Social,True,False,2024-02-12T12:33:51
d30cd504-7df6-4c59-858e-e5f595140282,0496be7b-16fc-4c98-b744-4158eab6da46,Campaign 7,Phone,True,True,2025-05-13T12:33:51
ac922e24-34be-4a96-baf0-27b6a54e2112,04a78df8-917b-43af-af73-e76f78a0fb2e,Campaign 10,Email,True,False,2025-01-19T12:33:51
6587c61d-32d9-4421-a480-8f794576e26e,04a78df8-917b-43af-af73-e76f78a0fb2e,Campaign 10,SMS,True,True,2025-01-07T12:33:51
c21e277f-1bd1-49a5-850f-4b29e81289b3,04a78df8-917b-43af-af73-e76f78a0fb2e,Campaign 2,Social,False,True,2025-06-17T12:33:51
aee7b026-9522-4b74-9b46-ef5e2ddde209,04a78df8-917b-43af-af73-e76f78a0fb2e,Campaign 10,Phone,True,True,2025-01-12T12:33:51
30e868cb-d315-4c1f-abb5-5d58a0ea26ae,04a78df8-917b-43af-af73-e76f78a0fb2e,Campaign 7,Email,True,False,2025-03-13T12:33:51
f0168966-5b66-4156-8507-fca666e6b17c,05177781-6211-404b-ba5a-be47c96484eb,Campaign 2,Social,False,False,2024-03-31T12:33:51
99f4931c-3ad4-4c4b-a36e-028b02a79e23,0526a2c4-523c-4576-82d6-8390bb4195b0,Campaign 5,Email,True,False,2024-04-21T12:33:51
ec1a9329-f89e-4095-aadc-f637053c48ab,0526a2c4-523c-4576-82d6-8390bb4195b0,Campaign 1,Email,False,True,2024-04-06T12:33:51
893fac10-1a47-4890-bee1-7354e3a7576d,0526a2c4-523c-4576-82d6-8390bb4195b0,Campaign 7,SMS,True,False,2025-06-21T12:33:51
3cf066e4-f3e6-43a9-9e9e-f95e7df3f43d,0526a2c4-523c-4576-82d6-8390bb4195b0,Campaign 3,SMS,False,False,2025-03-16T12:33:51
2da306d7-9a49-434c-9867-f64931f843b3,0526a2c4-523c-4576-82d6-8390bb4195b0,Campaign 10,Email,True,True,2025-04-26T12:33:51
fae08127-aeec-461c-8b57-cf395794e908,052a6deb-e5e3-4548-a7e6-3d9b82add0c7,Campaign 2,Phone,False,False,2023-11-09T12:33:51
23ad761b-f65b-4991-aa5f-b00e5d3691c8,052a6deb-e5e3-4548-a7e6-3d9b82add0c7,Campaign 8,SMS,True,True,2025-08-29T12:33:51
6996f29e-5011-4238-8708-e8cf9ca7f758,052a6deb-e5e3-4548-a7e6-3d9b82add0c7,Campaign 3,SMS,False,False,2024-04-12T12:33:51
a9a07b32-5753-49f7-b1be-f85a90545e9e,05620726-05e5-446e-b6f7-2ab3ba04c8af,Campaign 1,SMS,False,True,2025-05-05T12:33:51
d3d21e77-a951-45c6-bb9b-01903a7fc5f4,05620726-05e5-446e-b6f7-2ab3ba04c8af,Campaign 6,Email,False,True,2023-10-28T12:33:51
66e6ddf8-c7cc-4156-9cf4-76979a45bf97,05620726-05e5-446e-b6f7-2ab3ba04c8af,Campaign 5,Phone,False,True,2025-02-08T12:33:51
2cfa51f0-5905-4d1e-92e5-377138d87c7f,05620726-05e5-446e-b6f7-2ab3ba04c8af,Campaign 5,Phone,True,True,2024-03-16T12:33:51
0343b481-c165-42c3-8a33-fa3ba7e5443c,05772823-69a7-45c9-bd3a-beca07d3a481,Campaign 2,Social,True,True,2024-03-22T12:33:51
24dd5ba1-9c2d-44ea-9183-afb6546de135,05c72f13-f2ff-4d01-b68b-eb1dd3ac7468,Campaign 5,Email,False,True,2023-11-13T12:33:51
3775db5a-a351-49e5-9695-c08ccbf17c5e,05d13956-e1a5-4ff8-9204-2af2f626d2e7,Campaign 10,Phone,False,False,2024-09-06T12:33:51
4c6d4741-e137-4341-989d-e1819cd1a4d0,05f4a56f-911e-452e-a64d-bfffa0051e2c,Campaign 8,Phone,True,False,2025-04-30T12:33:51
9c3f8f59-dd6a-4f3e-b5b1-698c2b4bff13,05f4a56f-911e-452e-a64d-bfffa0051e2c,Campaign 4,Email,False,False,2024-10-18T12:33:51
f3f3ba1e-2c21-41c6-bb59-c113ba92ce71,05f4a56f-911e-452e-a64d-bfffa0051e2c,Campaign 2,Phone,False,True,2025-07-20T12:33:51
00ba1ff4-45bb-4c5b-adea-52b229359da6,05f4a56f-911e-452e-a64d-bfffa0051e2c,Campaign 4,Phone,True,False,2025-04-07T12:33:51
defa83bb-768f-45f7-8fad-b593c6b71595,06071549-207d-45e2-8da3-8465615dcc08,Campaign 1,SMS,False,True,2024-02-19T12:33:51
ab9b8c39-54be-4337-a1ee-e805633097d2,0609ae86-5c1f-41fd-acb5-2ddcd9efd0e1,Campaign 6,Email,True,False,2023-09-21T12:33:51
96f7ee61-1bb9-4b50-98bb-1a6709443983,0609ae86-5c1f-41fd-acb5-2ddcd9efd0e1,Campaign 9,Email,False,False,2024-12-31T12:33:51
92376fa1-69ee-4472-874d-5c7a22d7b245,0609ae86-5c1f-41fd-acb5-2ddcd9efd0e1,Campaign 5,Social,False,True,2024-08-21T12:33:51
bb5b9ad3-ce05-45b6-9997-9bab83431f85,060bd9f8-b730-4977-806d-03e1dfe5cd42,Campaign 2,Phone,True,True,2024-11-21T12:33:51
56484ee8-d9fd-4b8a-8b7b-ba6d3608ddaa,0611d350-4243-461b-ae77-857e2cf5e39e,Campaign 6,Social,True,True,2024-05-26T12:33:51
8dea56ea-d3af-43f0-86af-f7b79d053d9b,0641295b-ce22-4d25-bd22-235a9c19808a,Campaign 2,SMS,True,True,2024-08-10T12:33:51
a5076bf5-8ba8-4634-858d-50633ea8279c,065c5194-b678-44dd-9df6-29101fa5d57b,Campaign 7,Email,False,True,2023-09-21T12:33:51
f24b5f7c-0674-4b50-8a6e-2c4e1cb46d5f,065c5194-b678-44dd-9df6-29101fa5d57b,Campaign 5,Email,True,True,2025-08-07T12:33:51
9bc8503a-c1f8-49fd-8243-c378460f4c00,065c5194-b678-44dd-9df6-29101fa5d57b,Campaign 5,SMS,True,False,2024-05-29T12:33:51
e54324f9-48e3-4911-8432-ce4a9e89adee,065c5194-b678-44dd-9df6-29101fa5d57b,Campaign 3,SMS,True,False,2024-05-30T12:33:51
1e163fb9-5302-4c9b-ad3b-f0c70725d3f6,065c5194-b678-44dd-9df6-29101fa5d57b,Campaign 1,Social,True,True,2024-06-10T12:33:51
df9e43d6-fa73-4a3a-983a-ff84afbbe94c,067c7536-bbb2-4aa7-9b5f-7d50dc620a50,Campaign 1,Phone,False,False,2024-09-16T12:33:51
3a314d6c-0e2f-4b3e-9474-0ca73d39c625,068815af-4e70-447a-b267-8fb55972f649,Campaign 10,Email,False,False,2024-10-28T12:33:51
512ae276-2eb1-4317-9a24-599f4e65520b,068815af-4e70-447a-b267-8fb55972f649,Campaign 1,Email,False,True,2024-07-25T12:33:51
d8cf8be2-d9ee-4b1f-81ca-ec5a7f7afa22,069081fa-e46f-47b7-aa16-619ad3671862,Campaign 5,Email,False,True,2024-06-21T12:33:51
7e66f825-3957-4880-948b-87d4021d8727,069081fa-e46f-47b7-aa16-619ad3671862,Campaign 7,Email,False,False,2024-10-28T12:33:51
7de806e0-1c91-46fa-af44-9182665ac249,069081fa-e46f-47b7-aa16-619ad3671862,Campaign 2,Email,False,True,2024-06-21T12:33:51
35ea90bd-c8bd-4fce-aea1-5732c9ac75b6,069081fa-e46f-47b7-aa16-619ad3671862,Campaign 2,Phone,True,False,2024-05-06T12:33:51
9905ac0b-639b-443c-8bbd-876dc0eae43c,069081fa-e46f-47b7-aa16-619ad3671862,Campaign 8,Social,False,False,2025-05-16T12:33:51
e131382e-a538-4fe0-8add-fdb8922d239b,06b2c83a-8f99-4891-91ca-4279b310d78c,Campaign 1,SMS,True,False,2025-04-14T12:33:51
005c8b06-281a-4b18-84c6-0fb04fddf60d,06b2c83a-8f99-4891-91ca-4279b310d78c,Campaign 8,SMS,False,True,2024-04-09T12:33:51
9eb00ff7-1f4e-4490-85c9-61dafb001882,06b2c83a-8f99-4891-91ca-4279b310d78c,Campaign 4,Phone,True,False,2025-07-08T12:33:51
592c3672-2104-408d-abdf-9bf000d3d73d,0718c6fe-b52e-4df5-b353-754a863ab27b,Campaign 3,Social,True,True,2025-02-28T12:33:51
c952c65f-5714-4572-9454-bdc6e96dc8af,0718c6fe-b52e-4df5-b353-754a863ab27b,Campaign 6,Phone,False,False,2024-09-04T12:33:51
32d909d6-5c62-4ac4-9dcb-ac57df42836a,07338794-c8f2-464c-b29a-9f1722ff75a3,Campaign 8,SMS,True,False,2025-02-16T12:33:51
3d719661-dc1b-4885-bf4d-4ab1b84b1682,07338794-c8f2-464c-b29a-9f1722ff75a3,Campaign 2,SMS,False,True,2024-07-23T12:33:51
d9463acc-ffca-45a1-8839-74eb6f207dc1,07338794-c8f2-464c-b29a-9f1722ff75a3,Campaign 5,SMS,False,False,2023-10-18T12:33:51
faf60afa-f323-402e-ac7e-50378a736eb2,07338794-c8f2-464c-b29a-9f1722ff75a3,Campaign 6,SMS,False,True,2023-11-24T12:33:51
8548f86b-1795-4a7a-b00b-18128cfcf9e9,0748175f-9a12-4919-8233-33c7b187f869,Campaign 10,Email,False,True,2025-06-13T12:33:51
2ff87b47-1309-4452-bd8a-d7f00d513998,077c848e-21dd-4f42-9209-bb7bf309722c,Campaign 9,Email,True,True,2025-05-01T12:33:51
db1f0338-e252-4bc6-a9be-e91b3833a80d,077c848e-21dd-4f42-9209-bb7bf309722c,Campaign 6,Social,False,False,2025-05-15T12:33:51
f5defb34-2f5e-475a-91b3-b48650ced6ce,07ba2820-2d0b-411c-9bc8-b02a8f3cbbf5,Campaign 1,Email,False,True,2025-08-22T12:33:51
10b58390-c1d3-4b70-b3a1-336f6bfcfff3,07ba2820-2d0b-411c-9bc8-b02a8f3cbbf5,Campaign 1,Social,True,False,2023-09-11T12:33:51
73352de4-1cdb-4335-ac8d-fccdb6d411aa,07ba2820-2d0b-411c-9bc8-b02a8f3cbbf5,Campaign 8,Email,False,False,2025-08-02T12:33:51
c1e19811-fa8f-4d08-8d12-c92b1426b7a2,07ba2820-2d0b-411c-9bc8-b02a8f3cbbf5,Campaign 7,Email,False,False,2024-08-30T12:33:51
cba9a45c-2fdc-4a30-8eef-1131f03b69b2,07ba2820-2d0b-411c-9bc8-b02a8f3cbbf5,Campaign 10,Email,True,False,2025-08-23T12:33:51
f8c3ee06-868b-4e32-b96c-9424763ef70d,07c08a95-b20e-4c0c-a920-c478180d67f3,Campaign 7,Email,True,True,2024-04-09T12:33:51
596b5d88-aca2-4d5e-a93c-a8100a57cb34,07c08a95-b20e-4c0c-a920-c478180d67f3,Campaign 2,Email,False,True,2025-08-15T12:33:51
9e90e7dd-b825-487b-a375-4eb92760b260,07c08a95-b20e-4c0c-a920-c478180d67f3,Campaign 9,Social,True,False,2023-09-16T12:33:51
2e0d9694-b76c-4f46-a60c-587f6415e737,082ff939-d3a4-4410-b531-56ee76bdf63c,Campaign 1,Social,False,False,2025-04-26T12:33:51
b665dc0d-7b39-4cdb-b652-3b38f9829cc0,083b4153-5acd-4bcc-9fe2-62b22a964279,Campaign 9,SMS,True,False,2025-08-05T12:33:51
a95aef59-69f6-4675-b309-b43ee458c90f,083b4153-5acd-4bcc-9fe2-62b22a964279,Campaign 4,Email,True,True,2025-05-13T12:33:51
d7b1234f-f78d-4255-9cdd-b8680e0171db,083b4153-5acd-4bcc-9fe2-62b22a964279,Campaign 2,Social,False,True,2024-05-17T12:33:51
e9dbeb2b-c321-48d5-abf8-7b6c2f3e601e,083b4153-5acd-4bcc-9fe2-62b22a964279,Campaign 2,Social,False,False,2024-08-26T12:33:51
d221e365-4d4e-4d9f-9f87-a51f4c56520f,0850b612-3950-41e3-8ce0-11737d091b64,Campaign 3,Email,True,True,2024-03-30T12:33:51
0279c91b-fead-4e23-8049-c75de7fe5d60,0850b612-3950-41e3-8ce0-11737d091b64,Campaign 4,Email,False,False,2024-06-13T12:33:51
40717314-a326-46a2-a1f5-b1f6011e4614,0850b612-3950-41e3-8ce0-11737d091b64,Campaign 8,Social,True,False,2024-08-18T12:33:51
df3afd86-24fa-4050-a698-6d93b95e2d59,0850b612-3950-41e3-8ce0-11737d091b64,Campaign 1,SMS,False,True,2023-09-20T12:33:51
c0fb665d-6525-495a-822f-603b3cf159cd,0859aa9f-b527-4dda-ab22-2b9f935444e5,Campaign 8,Social,True,True,2024-12-30T12:33:51
83721512-2d91-4d02-b3d1-66b136cada86,0859aa9f-b527-4dda-ab22-2b9f935444e5,Campaign 8,SMS,False,False,2025-01-19T12:33:51
19b15758-dbb5-427b-ad49-48e11ee548a0,0859aa9f-b527-4dda-ab22-2b9f935444e5,Campaign 6,Email,False,False,2025-06-16T12:33:51
c30f5299-8f71-478d-acbe-6d5545bec134,0859aa9f-b527-4dda-ab22-2b9f935444e5,Campaign 4,Social,False,False,2024-01-02T12:33:51
fda28669-44b7-436c-a1a5-2ed45b2276d1,0880292e-7620-468e-8b64-2ac0c7eb23a0,Campaign 9,Email,True,True,2024-08-03T12:33:51
b0823dc2-5a49-49fc-bfeb-0df3df246919,0880292e-7620-468e-8b64-2ac0c7eb23a0,Campaign 10,Social,True,False,2023-11-24T12:33:51
82ae1810-694d-4119-967a-d234599d2c9f,0880292e-7620-468e-8b64-2ac0c7eb23a0,Campaign 6,Email,False,False,2023-09-06T12:33:51
e2c7e32c-58ec-4e5f-8568-91491c943a31,08b688ff-5974-463c-8d73-78b65024ed33,Campaign 4,SMS,False,True,2025-08-29T12:33:51
8a67618d-c783-4979-bd27-6de0c84584d8,08e6e9a2-5438-456c-881c-a42c597d8a40,Campaign 6,SMS,False,True,2024-04-06T12:33:51
4d625637-a0bb-46b2-ae00-f40c4ea28aa2,08e6e9a2-5438-456c-881c-a42c597d8a40,Campaign 4,SMS,True,True,2023-10-27T12:33:51
ab23e6fe-2a99-457f-9951-a3a326e58dbe,08ec7f35-6afd-44aa-8380-b5155d710f89,Campaign 8,Email,True,True,2023-11-19T12:33:51
e57ba48e-0006-4bc5-b7ff-cdb3baf3e44a,08ec7f35-6afd-44aa-8380-b5155d710f89,Campaign 2,SMS,False,False,2024-01-12T12:33:51
1649ec18-73a8-4e85-98a4-0d7edb893773,094e4237-55bc-438a-af41-ef1259b44f0f,Campaign 5,SMS,True,True,2024-02-27T12:33:51
dc336f38-04ff-4034-8d1e-8b23a8eae09c,095d853b-5ffa-4f29-9f51-7e0bfebbfc9a,Campaign 1,SMS,False,False,2025-01-06T12:33:51
8e01814a-c465-4c28-93c2-e71bdb799f34,095d853b-5ffa-4f29-9f51-7e0bfebbfc9a,Campaign 2,Email,True,False,2024-05-28T12:33:51
6034caba-a3a6-4782-9eb8-e601713b3d83,095d853b-5ffa-4f29-9f51-7e0bfebbfc9a,Campaign 9,Email,False,True,2024-03-01T12:33:51
4b91c448-29cf-4955-8044-738dfb7876d0,09655322-124c-4513-8b6e-0b1f0060ea81,Campaign 8,Phone,False,False,2024-09-15T12:33:51
50c548b2-9e53-4e31-9c70-b1383c6678ea,096d9182-70c9-4066-b200-1f480c9c5c0e,Campaign 9,SMS,False,False,2024-11-12T12:33:51
a6f1ed05-5cc8-4832-b9e4-55a2bb6df28f,096d9182-70c9-4066-b200-1f480c9c5c0e,Campaign 5,SMS,True,True,2024-08-16T12:33:51
de34c059-7770-4b96-b34d-8d1bf9cb28df,096d9182-70c9-4066-b200-1f480c9c5c0e,Campaign 10,Email,False,True,2025-07-19T12:33:51
b0b1ec05-2406-47b6-b631-50515a55832d,09bd34ec-e321-441d-b6c6-8b630adab478,Campaign 2,Phone,False,True,2023-12-23T12:33:51
ce63b4fd-ea62-4007-8b55-896d3a63d3d0,09cc5a9d-b3eb-45c6-8203-f3293060a4ba,Campaign 6,SMS,True,True,2025-04-09T12:33:51
70aeb4c1-2405-456c-b557-b0b29d835124,09cc5a9d-b3eb-45c6-8203-f3293060a4ba,Campaign 1,SMS,True,True,2024-04-14T12:33:51
8cf31805-ad9f-4c61-9015-4a2d8e8afe55,09cc5a9d-b3eb-45c6-8203-f3293060a4ba,Campaign 2,Email,True,False,2025-05-18T12:33:51
ad758768-6200-442f-87f3-0378a27a9731,09f6f90b-e8c9-4f8c-81e8-bec7f1f010e7,Campaign 7,Social,False,False,2024-01-29T12:33:51
85e6665e-ebce-4356-8136-7b456c4bf3d8,09f6f90b-e8c9-4f8c-81e8-bec7f1f010e7,Campaign 7,Social,False,False,2024-06-08T12:33:51
8f61045b-0aca-4c26-b22f-ffeb149edb46,09f6f90b-e8c9-4f8c-81e8-bec7f1f010e7,Campaign 4,Social,True,True,2024-11-14T12:33:51
92896e8c-74e7-4b62-8beb-607298a3a22c,0a1b2bd4-a0b5-4294-a5b3-1f525f325114,Campaign 7,Social,False,True,2024-02-27T12:33:51
5aa1708b-e61a-40b0-be52-aabb2d6fc63b,0a1b2bd4-a0b5-4294-a5b3-1f525f325114,Campaign 9,SMS,True,True,2024-07-15T12:33:51
e299a5c7-7a1b-41b7-b89b-4b8dabbf293e,0a1b2bd4-a0b5-4294-a5b3-1f525f325114,Campaign 7,SMS,False,False,2024-01-10T12:33:51
7a18279b-ce79-4e12-8ab4-c1abfe770a05,0a1b2bd4-a0b5-4294-a5b3-1f525f325114,Campaign 2,Email,True,True,2025-05-04T12:33:51
cf5bf24f-13f9-4958-a4a1-932c494dc5a4,0a414243-d75b-40e2-b980-0ee52544dd21,Campaign 4,SMS,False,False,2023-10-04T12:33:51
a25cc172-a7a9-4de0-9b86-2ecff04926d7,0a414243-d75b-40e2-b980-0ee52544dd21,Campaign 8,SMS,True,True,2024-10-10T12:33:51
3d1730f3-5717-43d3-a0e7-1ce236c56b97,0a414243-d75b-40e2-b980-0ee52544dd21,Campaign 2,Social,True,True,2024-11-11T12:33:51
68ce612f-3f57-4982-ad2b-26a2dc4d4ced,0a414243-d75b-40e2-b980-0ee52544dd21,Campaign 10,Social,True,True,2023-11-09T12:33:51
7121181a-ad32-4f9b-8af9-131ae6aba31c,0a414243-d75b-40e2-b980-0ee52544dd21,Campaign 10,Phone,False,False,2023-09-18T12:33:51
95f446d5-6a93-493e-8896-e24aab03a548,0a6bb360-9e2f-4814-833f-5918fdcd6525,Campaign 10,SMS,False,False,2025-02-01T12:33:51
d213176c-6da7-44bb-b90b-97c9f77418c5,0a6bb360-9e2f-4814-833f-5918fdcd6525,Campaign 9,SMS,True,False,2023-10-17T12:33:51
dc316ed7-e68f-4d3a-9802-314e567db0cb,0a6be1cc-6c67-42ac-a7e6-d550e33e3797,Campaign 4,Phone,False,True,2025-04-25T12:33:51
6caa8851-48aa-4fa8-a40e-aacd8a04707f,0a6be1cc-6c67-42ac-a7e6-d550e33e3797,Campaign 10,SMS,False,True,2024-08-17T12:33:51
145cd16f-6c05-401e-94ac-eea76941f9a1,0a6be1cc-6c67-42ac-a7e6-d550e33e3797,Campaign 9,Email,True,True,2024-05-25T12:33:51
7198baaa-67b5-4797-9e96-b24b943118b8,0a6be1cc-6c67-42ac-a7e6-d550e33e3797,Campaign 8,SMS,False,True,2024-07-19T12:33:51
c6e6f28a-4496-45d2-b689-791ae2cf3e3e,0a7a7de1-80d3-43b8-9168-c7e595aae3f7,Campaign 5,SMS,False,False,2024-07-06T12:33:51
9104d7d6-7286-446f-bfe6-0551f7a63d90,0a81c4d2-4bbb-4f9d-a53a-caf49d5821ce,Campaign 1,Social,False,True,2024-08-24T12:33:51
42d6e604-9807-45ae-bc4b-f4808d8d6f17,0a8b47e6-a7f1-4850-a8fa-45e412f2a360,Campaign 9,SMS,True,False,2024-06-20T12:33:51
47be4789-a012-42d4-9888-565fce12a518,0a8b47e6-a7f1-4850-a8fa-45e412f2a360,Campaign 9,SMS,False,True,2024-02-02T12:33:51
021a75e9-e557-4b8d-a19e-cbf11a7125dd,0a8b47e6-a7f1-4850-a8fa-45e412f2a360,Campaign 4,SMS,False,True,2024-08-09T12:33:51
54287aaa-7432-4806-a933-b29c1d7dbea7,0a8b47e6-a7f1-4850-a8fa-45e412f2a360,Campaign 7,Email,True,False,2024-09-17T12:33:51
a48408a7-ee17-47c7-9690-4987f7a0cf03,0a8b47e6-a7f1-4850-a8fa-45e412f2a360,Campaign 1,Phone,True,True,2025-03-04T12:33:51
620a249f-92f9-4ba9-b4f5-6fabadd712e8,0ad91275-dce9-492e-b6f5-330111a54564,Campaign 7,Phone,False,True,2025-03-22T12:33:51
2e9aa147-a7b4-4e57-ae10-1d8013130e76,0b113918-d94f-40ee-b572-3b18a96579ce,Campaign 6,Email,False,False,2024-05-18T12:33:51
f7b08df0-ace0-492b-b075-7ca324ba4bd1,0b1d32c9-a5bc-48fb-9bb2-897afc133a69,Campaign 7,SMS,False,True,2023-10-11T12:33:51
d12120ba-9666-4a3b-9447-94b7c3b91368,0b2d4489-0c42-4a0c-8861-a46c9a6a0555,Campaign 6,Email,False,True,2023-09-29T12:33:51
08ace4ba-17aa-4770-9dd0-69ad77be359b,0b2d4489-0c42-4a0c-8861-a46c9a6a0555,Campaign 8,SMS,True,True,2025-04-11T12:33:51
e1e41378-229d-4c5c-84cc-11a4195c4e51,0b2d4489-0c42-4a0c-8861-a46c9a6a0555,Campaign 7,Social,True,False,2023-09-07T12:33:51
530f6d12-41c5-441d-9d0c-ffd105ec5775,0b2d4489-0c42-4a0c-8861-a46c9a6a0555,Campaign 1,SMS,True,False,2025-04-08T12:33:51
73748b69-3040-4a7a-bdf0-8e9dbe4bf9ac,0b309f63-fa38-40af-a7df-3c4200a4aaa7,Campaign 2,SMS,False,True,2025-03-08T12:33:51
69ed5413-5424-42c1-a0d3-59297389da73,0b309f63-fa38-40af-a7df-3c4200a4aaa7,Campaign 2,Email,False,False,2025-05-09T12:33:51
096d5153-552b-429a-9b5a-70c70a1ff78b,0b309f63-fa38-40af-a7df-3c4200a4aaa7,Campaign 2,Email,False,True,2023-11-25T12:33:51
bc483ed0-8ad6-47f7-8231-46426fd6a52c,0b3f7650-a98b-4350-ac57-585e86d1a27b,Campaign 8,SMS,True,True,2023-11-26T12:33:51
59817fdf-33f0-40f5-a374-2c4be4a4aa07,0b470338-548c-4ff3-84ec-b51dfb13c44f,Campaign 10,Social,False,False,2024-08-15T12:33:51
99ac01d3-8bb7-4344-ba2f-d200254fae77,0b470338-548c-4ff3-84ec-b51dfb13c44f,Campaign 1,Social,True,False,2025-03-05T12:33:51
131b9235-51fe-433f-b659-1d57002c2da8,0b6beb5b-9df9-46a1-a46b-4235e2d840f1,Campaign 8,SMS,True,True,2024-06-13T12:33:51
360d5990-448e-42b0-a358-1fa463420723,0b6beb5b-9df9-46a1-a46b-4235e2d840f1,Campaign 8,Email,True,True,2025-01-13T12:33:51
3df2d780-e10a-40ad-9456-93be929abb3a,0b6beb5b-9df9-46a1-a46b-4235e2d840f1,Campaign 3,Social,True,False,2024-12-09T12:33:51
e684cdf1-3822-4782-b2c4-041064b7a200,0b6beb5b-9df9-46a1-a46b-4235e2d840f1,Campaign 2,Social,False,False,2025-06-13T12:33:51
153be297-3eb5-4c6f-90fa-65bb0f915088,0b6beb5b-9df9-46a1-a46b-4235e2d840f1,Campaign 8,Email,True,False,2024-06-04T12:33:51
a8c683ee-b276-4f8f-9ecf-18915e8e0e7f,0b6d4819-16a3-4136-83ff-aaf69b07ee68,Campaign 5,Email,True,False,2025-08-23T12:33:51
d71bac05-7589-4856-9c3d-338f8ad3ff9c,0b6d4819-16a3-4136-83ff-aaf69b07ee68,Campaign 10,Social,True,True,2025-06-06T12:33:51
69303978-64b2-4804-8c4c-e46fc7743b07,0b6d4819-16a3-4136-83ff-aaf69b07ee68,Campaign 3,Phone,True,True,2024-02-29T12:33:51
fefc9999-1ae2-4a7b-84ea-d32cbc962ece,0b6d4819-16a3-4136-83ff-aaf69b07ee68,Campaign 2,Email,True,True,2023-09-21T12:33:51
08f09af9-cfcf-4066-84e8-b170dba07587,0b874b28-e3bc-4d1a-8664-7e06a33d833a,Campaign 10,Social,False,True,2024-05-16T12:33:51
6db7868a-3b64-4888-9052-2a10f2d27cbe,0b874b28-e3bc-4d1a-8664-7e06a33d833a,Campaign 7,Phone,False,True,2024-12-17T12:33:51
1ce84d63-9bf9-44dc-b517-c6ed903f1d62,0b874b28-e3bc-4d1a-8664-7e06a33d833a,Campaign 9,Email,True,False,2024-04-17T12:33:51
6bcac4c6-a6cf-4933-b0f9-f007a7266e0c,0b874b28-e3bc-4d1a-8664-7e06a33d833a,Campaign 10,Email,False,False,2024-01-15T12:33:51
d8280729-c359-4e5f-9a7c-b4e3f1a936a0,0bb41e3b-7359-424f-b644-945ecc019b7e,Campaign 8,Social,False,True,2025-04-24T12:33:51
fb2059dc-f490-41ae-af0a-8c117148a832,0bb41e3b-7359-424f-b644-945ecc019b7e,Campaign 1,Email,True,True,2024-03-22T12:33:51
ec1d91c7-9a56-4749-8b8d-0c86abc63ac1,0bbffdb0-b3e5-452a-891d-43bc7501f262,Campaign 8,Email,True,True,2024-09-05T12:33:51
4e0a0e37-a66a-42d5-87ff-2064c79427ca,0bc74695-ed15-448e-a064-740f3206d009,Campaign 6,Email,True,False,2025-08-26T12:33:51
a1a37acb-9b65-4f35-8818-dde08faac540,0be5c044-3228-4950-aeeb-275ac2ccba31,Campaign 10,SMS,True,False,2023-09-03T12:33:51
205b0872-81c9-4684-9413-5173ac81633a,0be5c044-3228-4950-aeeb-275ac2ccba31,Campaign 5,Social,False,False,2025-04-24T12:33:51
5ddc60ac-9115-414e-a24e-a53885840c2c,0c050158-6ab8-4a27-8793-e4e35c6dfe1c,Campaign 10,Phone,True,False,2025-07-27T12:33:51
95a5bf49-114b-45d9-b732-84c9b7c39b1a,0c050158-6ab8-4a27-8793-e4e35c6dfe1c,Campaign 1,SMS,True,False,2024-08-17T12:33:51
6f7f32cf-d112-4b02-914f-89c5c9137c6b,0c050158-6ab8-4a27-8793-e4e35c6dfe1c,Campaign 7,SMS,False,False,2025-08-03T12:33:51
2773a8bc-73e8-43ba-9c46-e5f9d3696c1e,0c050158-6ab8-4a27-8793-e4e35c6dfe1c,Campaign 9,Social,False,True,2025-03-15T12:33:51
d52f4df3-9159-44cf-b6b0-a8092e2f155f,0c050158-6ab8-4a27-8793-e4e35c6dfe1c,Campaign 2,Phone,True,True,2024-06-01T12:33:51
d907828e-f745-4862-b262-ec3e54757fd7,0c1def4f-0e4a-4e55-9f28-1d92864f3588,Campaign 1,Email,True,False,2023-09-28T12:33:51
d1330dc4-67db-49a5-96ac-90cb0375d211,0c1def4f-0e4a-4e55-9f28-1d92864f3588,Campaign 10,Email,False,False,2024-09-01T12:33:51
a5bf54af-4ff6-44b3-b220-84d58baaabe7,0c5539c4-61cd-4fb9-bd5e-e210e9e41af6,Campaign 3,SMS,False,True,2025-08-01T12:33:51
8f9d9998-ed8f-4114-95ef-80359349d550,0cbf2c03-c632-4ff5-ae37-e46ea7a2be7c,Campaign 8,Social,False,False,2025-05-09T12:33:51
4f34957a-cdaa-4317-bc54-6a7270c5f66d,0cbf2c03-c632-4ff5-ae37-e46ea7a2be7c,Campaign 7,Phone,True,False,2025-05-24T12:33:51
13f843dd-6876-4c86-bfa8-672004f60cbf,0cbf2c03-c632-4ff5-ae37-e46ea7a2be7c,Campaign 7,Social,False,False,2024-07-20T12:33:51
2dfb66e8-fbe9-494c-bf0c-481d6b0e5a6e,0cbf2c03-c632-4ff5-ae37-e46ea7a2be7c,Campaign 5,Phone,True,False,2024-02-29T12:33:51
9682e8fb-9d38-4216-902f-686fa4aa4a31,0cbf2c03-c632-4ff5-ae37-e46ea7a2be7c,Campaign 4,Social,True,False,2024-04-26T12:33:51
d13d6596-5f6b-420f-8ccd-c8b873ab7794,0ccde19e-d62c-4c13-a5ef-5fd265a090ea,Campaign 2,SMS,False,False,2024-04-16T12:33:51
40143e0e-6367-4c58-b32f-d63c1434159f,0cd47a3a-4503-45bb-802c-b111b43cb890,Campaign 9,Phone,True,True,2025-01-25T12:33:51
3a83e0d2-5252-4022-b907-beeeaf86e46b,0cf81293-7a5c-48e8-b7b8-8a2069a39867,Campaign 8,Email,True,True,2025-04-21T12:33:51
6a991f1f-e2c7-4684-8e56-12d41cdb0512,0cf81293-7a5c-48e8-b7b8-8a2069a39867,Campaign 2,SMS,False,False,2024-06-21T12:33:51
5995a76f-0f2f-4727-b8bc-e377dd524c0d,0cf81293-7a5c-48e8-b7b8-8a2069a39867,Campaign 6,Email,False,True,2023-12-26T12:33:51
de6d3ff2-89d5-4336-87b5-0047f3c9bb41,0cf81293-7a5c-48e8-b7b8-8a2069a39867,Campaign 1,SMS,True,False,2024-02-08T12:33:51
b244d505-0e79-40b5-9be2-83bc95b2aba8,0cf81293-7a5c-48e8-b7b8-8a2069a39867,Campaign 7,SMS,True,False,2024-10-16T12:33:51
21bab3ad-8831-430f-9fa3-471984f36c5f,0d07f10f-9445-4bdb-b5c9-437b03440626,Campaign 8,Social,True,True,2023-09-03T12:33:51
9a986e0b-52fc-4ec8-ab88-b63591d61df7,0d07f10f-9445-4bdb-b5c9-437b03440626,Campaign 5,Email,False,False,2025-02-11T12:33:51
9ce0dfed-bd21-49a1-b855-1f64d71020c6,0d07f10f-9445-4bdb-b5c9-437b03440626,Campaign 9,Email,True,False,2023-11-14T12:33:51
027bbae9-38d8-4f68-af6c-62986ddb7671,0d09e507-7494-4116-adf2-8b32a9990fbc,Campaign 10,SMS,True,False,2025-07-14T12:33:51
30ec6b55-0bc2-42e5-baf3-40bf9537abe1,0d09e507-7494-4116-adf2-8b32a9990fbc,Campaign 10,Phone,True,True,2025-06-05T12:33:51
226fb161-e40b-40a5-8ca2-9cbaca78be77,0d09e507-7494-4116-adf2-8b32a9990fbc,Campaign 10,Social,False,True,2023-12-10T12:33:51
a2473b67-4df7-4087-9c12-a611449b0c0a,0def33bf-4d0a-41c8-ae3f-c5020521d075,Campaign 3,Phone,False,False,2023-09-03T12:33:51
08fded3b-1559-4aff-91d3-736b19c5f8a1,0e174672-fa48-4e6e-b265-96087895f4d1,Campaign 2,Social,False,False,2024-07-24T12:33:51
b19be6c9-3a01-4c00-850c-0b8c97e8ac21,0e174672-fa48-4e6e-b265-96087895f4d1,Campaign 10,Social,True,False,2025-03-24T12:33:51
d83bfcea-da3b-42c1-a233-e0f3b0334370,0e174672-fa48-4e6e-b265-96087895f4d1,Campaign 8,Social,False,False,2025-05-24T12:33:51
1fbad2b1-581c-4b84-a6d2-f1d988192952,0e174672-fa48-4e6e-b265-96087895f4d1,Campaign 3,SMS,True,False,2025-02-28T12:33:51
ffd6d8a4-d138-4556-ae0a-58369898ed66,0e174672-fa48-4e6e-b265-96087895f4d1,Campaign 7,Phone,True,True,2024-04-20T12:33:51
f29a7b5d-ba56-4f20-b64d-9c326f620d90,0e4c7eae-8e91-4187-be4a-69f19582623d,Campaign 6,SMS,True,False,2025-03-22T12:33:51
45b847f6-63ef-47d7-a700-4a0dc109f116,0e4c7eae-8e91-4187-be4a-69f19582623d,Campaign 10,Phone,False,False,2024-10-23T12:33:51
7d5f602a-2122-48a1-a384-ba47adf5c7db,0e4c7eae-8e91-4187-be4a-69f19582623d,Campaign 3,Email,False,False,2024-12-22T12:33:51
0e74500c-72b6-4cf5-9f63-f1c01d5a5114,0e4c7eae-8e91-4187-be4a-69f19582623d,Campaign 7,SMS,True,False,2024-07-10T12:33:51
0299e8b7-f4da-469e-89a6-e3d8075f95a3,0e6153f5-edfd-4536-982c-6e86318ca951,Campaign 7,Email,False,True,2024-05-10T12:33:51
99cbb2eb-fff1-40c2-a6fa-58236d206c40,0e6153f5-edfd-4536-982c-6e86318ca951,Campaign 5,Phone,True,False,2024-06-16T12:33:51
c70c0a99-7206-4f8d-b466-b896e5ae8fa0,0e6153f5-edfd-4536-982c-6e86318ca951,Campaign 9,Email,False,True,2024-09-05T12:33:51
c51b5860-8e02-47f6-99e3-8e74947ff773,0e7c2455-3a4d-42fb-8b04-bc984c3620cb,Campaign 5,SMS,False,True,2025-08-27T12:33:51
7a9e2d98-20f0-4b26-ab31-761dd560aee5,0e7c2455-3a4d-42fb-8b04-bc984c3620cb,Campaign 8,Email,False,False,2025-04-06T12:33:51
5e947443-d00d-4f3d-b7a9-ce56e45f76c3,0e7c2455-3a4d-42fb-8b04-bc984c3620cb,Campaign 5,SMS,False,True,2024-01-23T12:33:51
0bd2edca-e780-4abf-b76c-fbc4ffba6e5e,0e7c2455-3a4d-42fb-8b04-bc984c3620cb,Campaign 1,SMS,False,False,2025-04-12T12:33:51
bcf06a66-39a1-4c13-9743-209d5499bb80,0eee9534-51d0-4ca3-af3c-50a8c90586ca,Campaign 10,SMS,True,True,2024-08-15T12:33:51
744601ec-742d-4114-8157-fa946cfece73,0eee9534-51d0-4ca3-af3c-50a8c90586ca,Campaign 6,Social,False,True,2024-11-01T12:33:51
634e62be-1b1e-42da-8bcc-4ae37df83f36,0eee9534-51d0-4ca3-af3c-50a8c90586ca,Campaign 8,Social,False,True,2025-01-16T12:33:51
fd7138ed-31dd-4801-9f27-24ea20f9245c,0efa7f0a-9c9f-4e09-ad5f-916165662862,Campaign 7,Phone,False,True,2024-01-24T12:33:51
382b5558-69a1-4e4c-bdbf-65840cbd4e05,0f2f6fd3-e4c0-4fab-baf3-2ea6f019c464,Campaign 6,SMS,True,True,2024-08-29T12:33:51
b61c107a-130b-4bee-830a-ccac0eea10ab,0f2f6fd3-e4c0-4fab-baf3-2ea6f019c464,Campaign 10,Social,False,True,2025-01-24T12:33:51
e5538c17-3cf1-46cb-9153-b1b3ded60616,0f2f6fd3-e4c0-4fab-baf3-2ea6f019c464,Campaign 9,SMS,False,True,2024-03-31T12:33:51
9c5700d1-a932-4250-96b2-7bc37c3203f1,0f2f6fd3-e4c0-4fab-baf3-2ea6f019c464,Campaign 5,Email,True,True,2023-10-11T12:33:51
02d430fa-12ff-483e-ba1d-dfd749946225,0f3d3a3c-32e4-418f-a401-f27ca3a29698,Campaign 3,Phone,False,True,2024-02-04T12:33:51
241646af-4c99-4e5a-a04c-98b037f5aa54,0f672771-5dcc-4a70-830c-1e9def14bb1a,Campaign 10,Social,False,False,2025-06-29T12:33:51
3155aee2-4e81-4276-bc17-4865be3d4eb0,0f672771-5dcc-4a70-830c-1e9def14bb1a,Campaign 1,Phone,True,False,2025-05-02T12:33:51
c865332b-6745-44af-8ad2-6c371e079e58,0f672771-5dcc-4a70-830c-1e9def14bb1a,Campaign 9,SMS,False,False,2024-09-07T12:33:51
c364f4c0-4b48-4ce2-bec9-1cf61ec2d5f7,0f6b61f8-366d-42e8-822b-6bf42cf7ffb5,Campaign 9,Phone,True,True,2024-03-07T12:33:51
53005560-ea1a-404f-882b-21b3ecd3dde4,0f6b61f8-366d-42e8-822b-6bf42cf7ffb5,Campaign 9,Social,True,False,2024-10-02T12:33:51
634bc69a-2c89-422e-828d-6568a4c36fe6,0f868f00-a2cc-44ac-a685-1b44c46d0644,Campaign 9,Social,False,True,2024-12-12T12:33:51
132a84ce-6dcd-4bd4-b419-749f1a0994ce,0f868f00-a2cc-44ac-a685-1b44c46d0644,Campaign 2,Phone,False,True,2025-07-23T12:33:51
15ccfef8-52dd-4ab9-be82-ae4e9c718d08,0fa00d8a-b92e-4dfd-bc82-bb3fad502ea6,Campaign 5,Phone,False,False,2024-06-02T12:33:51
59e718d1-8c86-4aba-93f8-399642c71690,0fa00d8a-b92e-4dfd-bc82-bb3fad502ea6,Campaign 5,Phone,False,True,2024-01-15T12:33:51
fe24fbf6-9a88-4efa-864b-26f8c4e289e1,0fa00d8a-b92e-4dfd-bc82-bb3fad502ea6,Campaign 2,Phone,True,False,2024-10-16T12:33:51
a51267fc-3fc0-4169-809c-a40c58f38990,0fbca3ed-44d3-44eb-92ea-afee99477576,Campaign 3,Email,True,False,2025-07-21T12:33:51
befc20a1-3e23-46ac-be08-a6d67142a78b,0fbca3ed-44d3-44eb-92ea-afee99477576,Campaign 2,Phone,True,True,2024-11-14T12:33:51
94f8c346-5931-418a-b984-375846de1de9,0fbca3ed-44d3-44eb-92ea-afee99477576,Campaign 6,Phone,True,False,2025-03-15T12:33:51
f3ea4d2a-12d8-481d-8a20-715973337c95,0fbca3ed-44d3-44eb-92ea-afee99477576,Campaign 1,Social,True,False,2023-10-19T12:33:51
b23e9552-dae2-4ea0-91f0-d7b0ce1939e3,0fbca3ed-44d3-44eb-92ea-afee99477576,Campaign 9,SMS,False,False,2025-02-20T12:33:51
f75bb9bb-4c84-4923-b4da-a0a11437e3f1,0fc55c9f-d71c-4922-8adc-3fd2854bc142,Campaign 6,Phone,True,True,2024-02-20T12:33:51
99c1780d-02fa-419c-9fe6-7860dcbcf882,0fc55c9f-d71c-4922-8adc-3fd2854bc142,Campaign 10,SMS,True,True,2024-03-13T12:33:51
fb4ac52c-e8c7-4f16-b207-d7af179f7284,0fc55c9f-d71c-4922-8adc-3fd2854bc142,Campaign 10,Email,False,True,2024-06-19T12:33:51
b6fd2915-6893-4c42-9488-aa85f1147ec5,0fde95b8-adea-4943-9233-de8783e05c5c,Campaign 4,Email,False,True,2024-03-24T12:33:51
580cbb90-b192-4bc0-a092-d5cba467dc64,0fde95b8-adea-4943-9233-de8783e05c5c,Campaign 7,Email,False,True,2025-07-15T12:33:51
9e708f51-2f28-4b8c-84b6-09d4a34d930f,100f52f6-a875-492e-9000-520fd0bbc2b5,Campaign 1,SMS,True,False,2025-01-19T12:33:51
fc7aa61f-8e61-4633-8096-bd72a2378907,100f52f6-a875-492e-9000-520fd0bbc2b5,Campaign 2,Phone,False,False,2024-08-30T12:33:51
7d720f10-fd88-4dad-a937-cc5bb868098e,100f52f6-a875-492e-9000-520fd0bbc2b5,Campaign 3,Phone,False,True,2024-07-12T12:33:51
c3d871ac-59fd-4ee4-aae6-2a7033da149e,10405448-9792-44c5-b790-65de50454400,Campaign 9,Phone,False,True,2024-07-14T12:33:51
79985aaf-0958-4baf-a997-18329f9a62e6,10405448-9792-44c5-b790-65de50454400,Campaign 5,SMS,False,False,2024-05-03T12:33:51
0344e19d-52c1-45ee-8924-bb75afda00d0,105437dc-b48f-4cbe-886d-3749629dcbc7,Campaign 4,Social,False,True,2024-03-24T12:33:51
4afe9fd4-e9ae-4783-b987-f92e3fea5200,105437dc-b48f-4cbe-886d-3749629dcbc7,Campaign 6,SMS,False,False,2023-09-25T12:33:51
d7ad2744-a2f8-489c-bd72-1cfe82d96c44,1058a3cf-cb7b-477c-88fa-b8130b28da25,Campaign 8,Social,False,False,2024-12-03T12:33:51
54ecf906-b188-410d-8f0e-c0a630e0d9c3,1058a3cf-cb7b-477c-88fa-b8130b28da25,Campaign 4,Social,True,False,2024-08-14T12:33:51
ccc3a307-ae67-4a7e-b8da-a8921146c3e3,10858d49-8760-4f06-92d3-0238fcb4db53,Campaign 7,SMS,True,True,2023-11-23T12:33:51
3f51c31a-d6de-42da-8b8f-e4f8e48753a4,10858d49-8760-4f06-92d3-0238fcb4db53,Campaign 3,Social,False,True,2024-03-10T12:33:51
d4342881-d42c-4085-9e94-b7cfcff9bf6e,10858d49-8760-4f06-92d3-0238fcb4db53,Campaign 2,Email,False,True,2024-04-01T12:33:51
9a1b571b-e20e-4e6d-b85d-9e3f2fca9a77,10858d49-8760-4f06-92d3-0238fcb4db53,Campaign 1,Social,True,True,2025-07-22T12:33:51
30a73de1-a934-47a0-ae5b-d6d6e6ed8415,10ad5a48-bcf2-452a-8c9a-dd0f0e6afe72,Campaign 4,Phone,False,True,2025-06-07T12:33:51
708e1292-c08a-4963-9716-e9a65f2fc875,10ad5a48-bcf2-452a-8c9a-dd0f0e6afe72,Campaign 6,Social,True,True,2024-08-13T12:33:51
6618cf40-f9d2-4093-b2b8-c17d90bba5cb,10ad5a48-bcf2-452a-8c9a-dd0f0e6afe72,Campaign 8,Phone,True,True,2024-10-31T12:33:51
bda1bc7b-e0d9-4c42-a3f8-d03f389173d7,10ad5a48-bcf2-452a-8c9a-dd0f0e6afe72,Campaign 5,Social,False,False,2023-11-10T12:33:51
0d60ef04-9302-49fc-84c5-a9f9044452ce,10ad5a48-bcf2-452a-8c9a-dd0f0e6afe72,Campaign 9,SMS,True,True,2024-12-16T12:33:51
c0037e7e-7e44-46a1-bf84-88ac788490f8,10b493ac-5c91-436e-98c1-57a0283dc589,Campaign 6,Social,False,True,2025-03-20T12:33:51
827bbaa8-1cea-4a4b-b695-1e4ab604ecd2,10b493ac-5c91-436e-98c1-57a0283dc589,Campaign 1,SMS,False,False,2024-12-02T12:33:51
38da5549-ed78-43c1-b286-c24ed6b8cb5a,10e1ef02-03fe-4e56-b660-62229ce21722,Campaign 8,Phone,False,True,2023-11-12T12:33:51
8116f953-cb09-4a95-b8d0-83caf5f04054,10e1ef02-03fe-4e56-b660-62229ce21722,Campaign 5,Phone,True,True,2023-10-14T12:33:51
e747c641-5332-4ef1-a542-0345532f1016,10e1ef02-03fe-4e56-b660-62229ce21722,Campaign 2,Phone,True,True,2024-09-15T12:33:51
052b2ed9-f001-4f3d-aca5-c41f35caadad,10e1ef02-03fe-4e56-b660-62229ce21722,Campaign 5,Phone,False,False,2024-02-19T12:33:51
acfd0ea1-568d-4dad-b4db-279846e2afa6,110d3cfb-a2b4-4bc5-8b2d-0abf4c670fb7,Campaign 7,SMS,False,False,2024-03-27T12:33:51
ae821b83-e6f0-4bf7-b023-b5411a486d79,1121435c-8296-4816-baf4-6473669badaf,Campaign 6,Email,True,True,2024-08-09T12:33:51
21cd6ce4-1f11-4794-8d91-bb158a3a1341,11395d9d-ccf8-4f27-86c3-460e7db0e446,Campaign 1,Phone,True,False,2024-10-14T12:33:51
1d08b8c7-2d9a-483e-97be-81302013365d,11395d9d-ccf8-4f27-86c3-460e7db0e446,Campaign 2,Email,True,True,2025-03-17T12:33:51
f44faec8-38b8-426a-849d-0e761c3649f5,11395d9d-ccf8-4f27-86c3-460e7db0e446,Campaign 9,SMS,False,False,2024-07-01T12:33:51
efa069f4-db71-406e-b947-07942d3e298b,11733031-a8ef-4abe-ba8c-03b6ff81532e,Campaign 6,Social,False,True,2024-07-25T12:33:51
0c4c278b-8bf8-4105-bcb1-4af52dac9e68,11733031-a8ef-4abe-ba8c-03b6ff81532e,Campaign 9,Email,False,True,2024-01-16T12:33:51
ea4d22d2-77d0-44c7-a9d7-6cb8ea10426d,11733031-a8ef-4abe-ba8c-03b6ff81532e,Campaign 6,Email,False,False,2023-10-27T12:33:51
ccdba009-52a3-4d8b-b333-5e119eb330eb,11c7509f-1571-4298-af6f-c1bc99c68ee9,Campaign 8,Phone,False,False,2025-08-28T12:33:51
f8275708-4fcf-4bad-839b-84214cd4ad42,11c7509f-1571-4298-af6f-c1bc99c68ee9,Campaign 1,SMS,True,True,2024-01-19T12:33:51
05705749-2dd6-4459-aeac-670cb280eed2,11ccec74-5a84-48ae-b300-67bbf4d1cb8e,Campaign 10,Email,True,False,2025-03-17T12:33:51
d9c85824-0f15-4f2b-a8c3-3882d8db1dd3,11ccec74-5a84-48ae-b300-67bbf4d1cb8e,Campaign 7,Email,False,False,2025-04-09T12:33:51
913f5498-dcc3-4666-be20-49354bbdff99,11ccec74-5a84-48ae-b300-67bbf4d1cb8e,Campaign 2,Email,True,False,2024-10-29T12:33:51
97a23710-be16-4d19-b5b6-85985c1f83b0,11ccec74-5a84-48ae-b300-67bbf4d1cb8e,Campaign 8,Social,True,True,2023-12-04T12:33:51
6abf81e9-74f6-4fd1-8b5b-d428dd5c2866,11cfd38d-41bb-4c28-ab9a-01de42032155,Campaign 6,SMS,True,True,2024-07-10T12:33:51
7d0fd7a7-12bd-4a56-a3b3-9a8c0ed52e82,11e3a800-8996-45a3-856f-a73d49ddaa84,Campaign 2,Phone,False,False,2023-10-10T12:33:51
f8e21f30-eb4e-47d9-8c54-1888c5d95e09,1200df2c-d983-4f3c-869c-b1968f83bf72,Campaign 4,Email,True,True,2024-08-12T12:33:51
4ec6fa34-b24d-41ba-8863-9050beee2754,1200df2c-d983-4f3c-869c-b1968f83bf72,Campaign 7,Social,False,False,2024-08-05T12:33:51
e45d9d34-b452-4b2b-8f12-4cf92b8609e3,1200df2c-d983-4f3c-869c-b1968f83bf72,Campaign 10,Email,False,True,2024-04-02T12:33:51
cabdcbfb-948f-4e36-85d1-3a0cacd5ecf1,1200df2c-d983-4f3c-869c-b1968f83bf72,Campaign 9,Phone,False,False,2025-08-18T12:33:51
bd0874bc-88d0-42c1-ac0a-c98f3ac98ec7,12054914-5bbd-4481-bf0b-e42d7603e6c7,Campaign 9,SMS,True,False,2025-04-05T12:33:51
50e1ccc7-3eb4-4466-b19b-da244445340b,12054914-5bbd-4481-bf0b-e42d7603e6c7,Campaign 7,Email,False,True,2023-12-08T12:33:51
ef5442e7-a180-4a5c-8a5f-25540cc53c65,12054914-5bbd-4481-bf0b-e42d7603e6c7,Campaign 5,Social,False,True,2024-01-14T12:33:51
8344e7e1-49f7-4859-aa45-c7d44d065a19,12054914-5bbd-4481-bf0b-e42d7603e6c7,Campaign 6,Email,True,False,2024-02-28T12:33:51
ce667b8d-dd41-446c-b949-f1f0a5f6e6e3,1207e494-171a-43c8-ab47-25e2a7c147b8,Campaign 3,Phone,False,True,2025-07-26T12:33:51
6b5ba5d3-227a-444b-a47c-c56782980960,121d2b90-7870-4a64-8ec4-9451820810e2,Campaign 6,Social,True,True,2024-10-02T12:33:51
7c5dde8b-da82-4862-b3ec-ade303834847,121d2b90-7870-4a64-8ec4-9451820810e2,Campaign 1,Email,True,True,2025-08-06T12:33:51
e8140fd7-3623-43cd-9072-bed948ecbf9c,121d2b90-7870-4a64-8ec4-9451820810e2,Campaign 4,SMS,False,False,2024-08-31T12:33:51
57484d88-e8bd-453d-9cdf-e4f86c20cb32,121d2b90-7870-4a64-8ec4-9451820810e2,Campaign 4,Phone,False,False,2023-10-11T12:33:51
27419790-6d2f-4958-88b1-51b77255ce5f,121d2b90-7870-4a64-8ec4-9451820810e2,Campaign 3,Phone,True,False,2024-12-23T12:33:51
a6e9b4fc-7e1d-46ca-9ec6-58083b19bb89,1248d5c7-2813-43e3-9404-a7fa3ea924c7,Campaign 2,Phone,False,False,2024-09-29T12:33:51
b39f21b2-916b-4964-889a-8605ae0e5b7c,1248d5c7-2813-43e3-9404-a7fa3ea924c7,Campaign 2,Phone,False,True,2024-08-24T12:33:51
37aece9b-7964-40e3-87d7-66a7c67d4aab,1248d5c7-2813-43e3-9404-a7fa3ea924c7,Campaign 10,Email,True,False,2023-11-26T12:33:51
14e7de2e-8455-46ad-9bc2-8214a3e4aeb5,1248d5c7-2813-43e3-9404-a7fa3ea924c7,Campaign 2,Phone,True,True,2024-03-28T12:33:51
8c05fe9b-eccc-4967-a16b-1bbda1fd654e,1248d5c7-2813-43e3-9404-a7fa3ea924c7,Campaign 4,Phone,False,True,2024-11-05T12:33:51
e296c74f-7332-4a7e-9ca1-70c216ba2621,1268b2c3-f530-4844-b209-135d64acc9a9,Campaign 2,Social,True,True,2024-02-24T12:33:51
2b14e534-4688-4c34-a23c-6eeb28269cba,1268b2c3-f530-4844-b209-135d64acc9a9,Campaign 6,Phone,True,True,2025-08-16T12:33:51
67a12259-81e6-4663-ab75-d52b1e1199fd,1268b2c3-f530-4844-b209-135d64acc9a9,Campaign 8,Social,True,False,2025-04-22T12:33:51
a1722c17-650e-4eab-9fb3-ead93c441957,1268b2c3-f530-4844-b209-135d64acc9a9,Campaign 7,Email,True,True,2025-08-02T12:33:51
daf5f7f8-82f7-4c29-9841-3310d89dde8d,126d7c06-4a0d-49bf-9919-0809c49d5d93,Campaign 3,SMS,True,True,2024-06-07T12:33:51
06e80740-55f0-40c8-96a2-35f9cc462122,126d7c06-4a0d-49bf-9919-0809c49d5d93,Campaign 8,Phone,False,False,2024-11-02T12:33:51
61de4bc8-7e5d-4954-a461-c861bc1098ef,12b56280-ef2d-4753-807c-a9f958c77a2a,Campaign 10,Social,False,False,2024-01-16T12:33:51
ce524721-b308-4386-8959-d87a064e44b8,12b56280-ef2d-4753-807c-a9f958c77a2a,Campaign 10,SMS,False,False,2024-09-03T12:33:51
9a28a483-d37a-42cd-acc1-c7418f0f6545,12b56280-ef2d-4753-807c-a9f958c77a2a,Campaign 1,SMS,False,False,2023-10-17T12:33:51
ce382457-2ad8-471b-a935-cbdeadf9b4f7,13045a5e-2fd3-4785-ac1b-5461a6dbe715,Campaign 1,SMS,False,False,2024-11-19T12:33:51
091d6509-5004-493d-90fd-f15b46cdd465,13045a5e-2fd3-4785-ac1b-5461a6dbe715,Campaign 9,Social,True,True,2025-02-07T12:33:51
903c98cf-62a5-4c1e-bf9b-d921ed09808b,13045a5e-2fd3-4785-ac1b-5461a6dbe715,Campaign 5,SMS,True,False,2024-02-21T12:33:51
f35ec62d-9779-4665-a3d0-e0859d8bcb7d,13045a5e-2fd3-4785-ac1b-5461a6dbe715,Campaign 8,Phone,True,True,2023-12-19T12:33:51
6ab147c0-4c73-4f11-b0d5-1d6f5bcdc4e6,13114049-e5f1-403b-b8f8-dae36995f861,Campaign 4,Email,False,False,2024-04-06T12:33:51
6adbe368-f78c-4c21-9801-1406c9592143,13114049-e5f1-403b-b8f8-dae36995f861,Campaign 5,Phone,False,True,2025-08-29T12:33:51
78676c23-6ca5-4c88-9778-5f2154cf6f7c,13114049-e5f1-403b-b8f8-dae36995f861,Campaign 7,Social,False,True,2025-07-02T12:33:51
54ac6071-ffbd-4e07-b5cf-f9a1e798f96f,132f2389-a0f4-41a6-93c7-b894c1cb906c,Campaign 1,SMS,True,False,2025-08-18T12:33:51
d95c3fed-ffd6-406a-ba41-2f962f5e498e,132f2389-a0f4-41a6-93c7-b894c1cb906c,Campaign 10,Phone,True,False,2025-01-26T12:33:51
49bccbb8-640d-4355-881f-00e27ef1ec21,132f2389-a0f4-41a6-93c7-b894c1cb906c,Campaign 2,SMS,False,True,2025-02-26T12:33:51
0b1be06f-dadc-4c5a-b825-b4311560079e,132f2389-a0f4-41a6-93c7-b894c1cb906c,Campaign 7,Social,False,True,2024-06-29T12:33:51
21d1a73f-1ddb-433d-b641-022dba37ec46,132f2389-a0f4-41a6-93c7-b894c1cb906c,Campaign 2,Social,False,False,2025-04-01T12:33:51
2d12f0ed-2eb9-43cc-ab66-0d1f9355846a,133a007b-9784-4920-a5a9-9ea44cc1174d,Campaign 4,Phone,False,False,2024-08-20T12:33:51
bc450f50-9f26-4408-92f7-3950e102488c,133a007b-9784-4920-a5a9-9ea44cc1174d,Campaign 8,Email,True,True,2023-10-31T12:33:51
a187cbaa-0398-4db1-b95a-55bcf5598101,133a007b-9784-4920-a5a9-9ea44cc1174d,Campaign 6,SMS,True,False,2025-03-08T12:33:51
1c8d76a6-faee-4a40-bf1e-2896253c485c,133a007b-9784-4920-a5a9-9ea44cc1174d,Campaign 2,SMS,True,True,2025-01-24T12:33:51
0d614120-a0f4-4d90-8d3f-5ec95acf2bce,133a007b-9784-4920-a5a9-9ea44cc1174d,Campaign 10,Email,False,False,2025-04-07T12:33:51
e6c50377-264b-4c90-8200-b0f0f2cc8f66,13430e1d-25ef-422f-a98d-6fbe30614260,Campaign 8,Social,False,True,2024-01-20T12:33:51
f580868e-1dca-4233-ac5f-645166042935,13430e1d-25ef-422f-a98d-6fbe30614260,Campaign 8,SMS,False,False,2025-08-29T12:33:51
dd93bca2-6796-4068-b410-c104d16ebef1,136cb770-701b-4a1c-884b-341a497ca7f5,Campaign 5,Phone,True,True,2024-01-06T12:33:51
bec19f49-3410-4fa3-be0d-2239f476e89a,136cb770-701b-4a1c-884b-341a497ca7f5,Campaign 2,Email,False,False,2024-02-02T12:33:51
f315549e-fad5-449f-b987-db060e795783,136cb770-701b-4a1c-884b-341a497ca7f5,Campaign 9,SMS,True,True,2023-10-12T12:33:51
242666d4-b517-49d3-a6c3-ed629bdea24e,139e3c4b-7159-4d2f-9249-cc6462fdef03,Campaign 9,SMS,True,True,2024-04-28T12:33:51
2732afcb-09f3-47b1-bd80-9a116f5ca83d,139e3c4b-7159-4d2f-9249-cc6462fdef03,Campaign 4,Email,True,False,2024-04-23T12:33:51
7eb52121-61b0-4ecc-9e34-022810c91bf3,139e3c4b-7159-4d2f-9249-cc6462fdef03,Campaign 4,Email,True,False,2024-05-05T12:33:51
e08de831-6d6d-4e88-813c-a3475e0c4607,139e3c4b-7159-4d2f-9249-cc6462fdef03,Campaign 2,SMS,True,True,2024-08-30T12:33:51
5d1ffe55-21ed-402f-bdb3-6672b62f034f,139e3c4b-7159-4d2f-9249-cc6462fdef03,Campaign 1,Phone,False,False,2024-06-01T12:33:51
c4b2c401-96c4-4c3c-a16f-f3acb964eda7,13bcb143-f1e9-4495-aefe-6f998dd031e4,Campaign 5,Social,True,False,2023-09-19T12:33:51
cac48548-89fd-4c68-9105-f2aa312858b1,1437267d-0c5c-4ac8-8b0e-10cdfce02c71,Campaign 3,Phone,True,True,2024-07-09T12:33:51
7d8a8d85-34ca-4927-828d-8673d56fe3ab,1437267d-0c5c-4ac8-8b0e-10cdfce02c71,Campaign 1,Phone,True,True,2025-05-20T12:33:51
37729b34-9b8b-4c1e-bafb-e6ecc72e336c,1437267d-0c5c-4ac8-8b0e-10cdfce02c71,Campaign 10,Social,True,False,2023-12-17T12:33:51
350161c4-fa39-4cef-9aaa-da8023e068f4,1437267d-0c5c-4ac8-8b0e-10cdfce02c71,Campaign 10,Email,False,True,2025-08-27T12:33:51
c5481a23-d9a1-4417-8c33-e101ae3d4443,1437267d-0c5c-4ac8-8b0e-10cdfce02c71,Campaign 5,Email,False,False,2024-06-06T12:33:51
0af19d54-ec88-4afa-84ce-8575c8f38651,1457ac4a-c875-4110-8f6d-fc0f14d78473,Campaign 5,SMS,False,True,2025-08-18T12:33:51
22d93de9-c2a5-4ef9-8d2e-b0d57374ff47,1457ac4a-c875-4110-8f6d-fc0f14d78473,Campaign 5,Email,False,True,2024-11-03T12:33:51
a39278a5-1251-4625-836f-be5e4f5c5150,1457ac4a-c875-4110-8f6d-fc0f14d78473,Campaign 4,Social,True,False,2024-09-21T12:33:51
867e0c52-0ab5-4aa9-a1cf-e8c3353c3397,1457ac4a-c875-4110-8f6d-fc0f14d78473,Campaign 6,Email,False,False,2024-06-29T12:33:51
246d22ae-08b3-4492-8813-cb049cebfe7d,14651697-8629-4439-a39f-3782ebe4a17f,Campaign 5,Social,True,True,2024-09-28T12:33:51
e368fdb7-5de8-4601-a182-ec947f9c0303,14651697-8629-4439-a39f-3782ebe4a17f,Campaign 5,Phone,True,True,2023-09-15T12:33:51
a805b699-ada0-4cea-a3cb-b0eb0b45cf82,14651697-8629-4439-a39f-3782ebe4a17f,Campaign 3,Social,False,True,2025-04-11T12:33:51
86e51ca7-c1c2-49e2-bfef-a4f538817ab1,14651697-8629-4439-a39f-3782ebe4a17f,Campaign 6,Social,False,False,2024-08-22T12:33:51
4bb0acdc-ba30-4964-bc4a-4dc5c7090ff3,14651697-8629-4439-a39f-3782ebe4a17f,Campaign 4,Email,True,True,2025-03-27T12:33:51
80f96422-578a-4bae-a8ea-c4d5ffb4a37f,146646dd-7032-47d9-a785-88e28975f7f6,Campaign 8,Phone,False,False,2023-10-30T12:33:51
1d1c60b3-23e5-460f-8b88-6ebea02f9920,146646dd-7032-47d9-a785-88e28975f7f6,Campaign 2,Email,True,True,2023-11-25T12:33:51
a179447a-4093-4734-97d4-199ef1b75056,146646dd-7032-47d9-a785-88e28975f7f6,Campaign 10,SMS,False,True,2024-12-10T12:33:51
3a4a9be0-bf13-470c-99b2-4035b88fa870,14895d8c-588d-48b0-b438-1fd4d8ca5a55,Campaign 10,Social,True,True,2024-01-25T12:33:51
a0f8b59b-5617-4133-9ce4-4f2da6e137e3,14895d8c-588d-48b0-b438-1fd4d8ca5a55,Campaign 8,SMS,False,True,2024-11-05T12:33:51
4234e1d3-ccad-4faf-b405-6e917872c646,14895d8c-588d-48b0-b438-1fd4d8ca5a55,Campaign 8,Phone,False,False,2024-08-10T12:33:51
7df82c00-62fe-44e5-aaec-de0f81d185e9,14895d8c-588d-48b0-b438-1fd4d8ca5a55,Campaign 8,SMS,False,True,2025-04-11T12:33:51
a12ccc99-d01e-4e22-8c43-4e556f119f28,14aa0462-7a4a-44ce-8aa8-929039c42b50,Campaign 6,Phone,True,False,2024-03-27T12:33:51
a132aa85-8874-4675-bf6f-1f9745e337ff,14aa0462-7a4a-44ce-8aa8-929039c42b50,Campaign 10,Phone,False,True,2023-12-02T12:33:51
129e4df9-11c3-47c0-991d-62c151ecf3bd,14aa0462-7a4a-44ce-8aa8-929039c42b50,Campaign 10,Phone,False,False,2025-07-12T12:33:51
08742175-52fa-4ee2-b925-af1111c9b79e,14aa0462-7a4a-44ce-8aa8-929039c42b50,Campaign 10,Social,True,False,2025-07-11T12:33:51
214d0a55-e1b6-4f38-8fb8-98efdd1db85f,14aa0462-7a4a-44ce-8aa8-929039c42b50,Campaign 8,Social,False,False,2025-03-16T12:33:51
0a87222a-735e-4be1-8dcb-a7ce48013c7c,14af4818-b72b-489d-abc6-e024f096fbb7,Campaign 9,Email,True,False,2024-06-17T12:33:51
b5dcd0de-1586-4911-a481-7837d51eebe3,14af4818-b72b-489d-abc6-e024f096fbb7,Campaign 2,SMS,True,True,2024-05-04T12:33:51
b41aab38-c6f1-4743-99dc-976bfe87a459,1508a870-ce1d-443b-85ae-192cdc3531bc,Campaign 2,SMS,True,True,2023-11-07T12:33:51
50242494-c544-4182-9cdb-a7e7a540e387,1508a870-ce1d-443b-85ae-192cdc3531bc,Campaign 5,Social,True,False,2024-06-01T12:33:51
4f539da8-423e-45f6-9247-695fb1c96ff3,1508a870-ce1d-443b-85ae-192cdc3531bc,Campaign 10,SMS,False,True,2024-04-08T12:33:51
a50bd49d-4231-4a85-ae03-838a6ea9347b,1508a870-ce1d-443b-85ae-192cdc3531bc,Campaign 9,Email,True,False,2024-10-14T12:33:51
a59e16e5-cb99-4fc6-8aa3-e869a9435282,152a6f74-5620-4800-a46e-01aa845065b5,Campaign 7,SMS,False,True,2024-02-23T12:33:51
c559dc61-d454-49bf-bc86-509561f56624,152a6f74-5620-4800-a46e-01aa845065b5,Campaign 6,SMS,True,True,2024-05-28T12:33:51
ca25212a-bb77-42ee-9d63-53b3846c93b8,152a6f74-5620-4800-a46e-01aa845065b5,Campaign 7,Phone,False,False,2024-03-17T12:33:51
42c16e36-aa4c-40cd-8c17-77b4d0c54893,1554f24b-a147-4e4b-86aa-20b3329de300,Campaign 10,Email,False,False,2025-03-16T12:33:51
33e2b7cb-cdf3-49f3-acb9-cdfaa5bbaf80,1554f24b-a147-4e4b-86aa-20b3329de300,Campaign 4,Phone,True,True,2023-10-24T12:33:51
dd6e6c9e-209f-4153-86b9-937cdc8f5fe7,1554f24b-a147-4e4b-86aa-20b3329de300,Campaign 3,SMS,False,True,2025-06-21T12:33:51
71606092-6e7e-4e4a-84d6-706a810c6db1,1554f24b-a147-4e4b-86aa-20b3329de300,Campaign 9,Social,False,True,2024-02-16T12:33:51
3aa7654e-d9a3-45dd-85aa-7c0cd0f45beb,157ac65e-9acc-41e3-8194-d0e6b0fee253,Campaign 2,Phone,True,False,2024-03-09T12:33:51
eb94054e-c56a-4c6e-98ef-61cd1b0a5760,157ac65e-9acc-41e3-8194-d0e6b0fee253,Campaign 5,Phone,False,False,2024-02-15T12:33:51
7528efe2-a129-40f2-a52b-74694d73dba1,157ac65e-9acc-41e3-8194-d0e6b0fee253,Campaign 3,Email,False,True,2025-07-03T12:33:51
9baff7bf-3348-4a2d-8b2a-655531340ffb,157ac65e-9acc-41e3-8194-d0e6b0fee253,Campaign 3,Email,False,False,2023-09-03T12:33:51
2f51d0d8-f6b2-4b7d-80c7-c01aa11bc76f,158f5e29-356d-4d0c-87ab-3760e75c3617,Campaign 2,Email,True,True,2024-09-10T12:33:51
5e645287-788c-4b42-8a5a-0592896c88dc,158f5e29-356d-4d0c-87ab-3760e75c3617,Campaign 7,Email,False,False,2023-11-07T12:33:51
fb140723-3e12-42e9-a3d2-56dee7c2b728,158f5e29-356d-4d0c-87ab-3760e75c3617,Campaign 10,Phone,True,True,2024-05-10T12:33:51
bf85d582-89bc-4063-a765-3596cdc51fdb,158f5e29-356d-4d0c-87ab-3760e75c3617,Campaign 9,Social,False,False,2024-06-10T12:33:51
c34fd1fb-ce52-4a64-a3ef-c57c6586378e,159a4c36-ef09-4bdc-a5da-c099e220e152,Campaign 7,Phone,False,True,2024-07-26T12:33:51
2e3c18ed-8f3b-474c-8bdb-05b721716b38,15ff619f-592e-4d64-b017-3ac3a7366f4d,Campaign 8,Phone,True,False,2024-03-06T12:33:51
d09fdf14-b729-45bf-8b23-f13a30f2ac31,15ff619f-592e-4d64-b017-3ac3a7366f4d,Campaign 7,Phone,True,False,2023-12-09T12:33:51
c86dd6b0-edf0-4c41-9013-bd19a4c0bd91,15ff619f-592e-4d64-b017-3ac3a7366f4d,Campaign 5,Phone,False,False,2024-08-31T12:33:51
99163d14-5624-4d99-85db-79e23e1bc619,15ff619f-592e-4d64-b017-3ac3a7366f4d,Campaign 1,SMS,False,True,2025-06-07T12:33:51
ece27b9c-de19-40b4-8d35-8a10dcd2c6aa,1611f746-9a5a-4544-998b-8eb48bf135df,Campaign 8,Social,False,True,2024-05-27T12:33:51
1518f5e2-a4c0-4693-a6ba-ec26881c6903,1611f746-9a5a-4544-998b-8eb48bf135df,Campaign 6,Phone,False,True,2023-11-15T12:33:51
29f0acc9-c80c-4ab5-b55e-2e331d8c8745,1624fb6d-d734-4455-ad82-f77dfd78cf89,Campaign 1,Social,False,True,2024-01-30T12:33:51
bf68adb4-bf76-40e0-9ecc-56d743b0c2ac,1624fb6d-d734-4455-ad82-f77dfd78cf89,Campaign 9,SMS,False,True,2024-06-07T12:33:51
2a83db1e-b5ff-4d86-ad37-f2ec63864b92,1624fb6d-d734-4455-ad82-f77dfd78cf89,Campaign 3,Phone,False,True,2023-11-03T12:33:51
cbfc14aa-c7ec-43b3-9edb-04a2cb7b7889,1624fb6d-d734-4455-ad82-f77dfd78cf89,Campaign 4,Email,True,False,2024-07-07T12:33:51
ba9131ee-c482-440d-b2a7-a99dd18ec8c0,1632dcbc-873d-4a5a-8d48-7040bca9d63f,Campaign 6,Phone,True,False,2024-04-27T12:33:51
c362af88-a2ca-4899-a86f-9f653fcece93,1632dcbc-873d-4a5a-8d48-7040bca9d63f,Campaign 1,Email,False,False,2024-06-27T12:33:51
9739f39a-ce02-47a9-9e50-17bc4cad1419,1632dcbc-873d-4a5a-8d48-7040bca9d63f,Campaign 3,Email,False,False,2023-10-30T12:33:51
489fb34d-354a-43cf-b755-cc61cfff4386,163372ae-8721-44dc-98f7-282564d8704a,Campaign 7,Phone,False,True,2024-07-27T12:33:51
dbfdb55b-c7a0-419b-8b81-e9dbd588f406,163372ae-8721-44dc-98f7-282564d8704a,Campaign 5,Social,False,True,2025-04-22T12:33:51
0331d6c7-38f2-4551-9297-2c038b8a2a53,163372ae-8721-44dc-98f7-282564d8704a,Campaign 3,Email,False,False,2024-12-07T12:33:51
d3e2666d-9531-426a-be41-2dff5623a917,1653db57-504f-443e-95f9-efaf04ccb8cd,Campaign 2,SMS,True,False,2024-11-14T12:33:51
78ea25d7-e819-4542-b38b-af6109e8249e,1689a59c-95b3-457e-90d1-b5c3e196a11b,Campaign 1,Email,False,False,2025-01-04T12:33:51
87fb94ea-d6e9-4eb3-8741-d838050201ae,1689a59c-95b3-457e-90d1-b5c3e196a11b,Campaign 4,Social,True,True,2025-08-05T12:33:51
8b0cf73e-f283-41eb-9ca9-c821a690a4ac,1689a59c-95b3-457e-90d1-b5c3e196a11b,Campaign 5,Email,False,True,2024-03-11T12:33:51
e0e3845c-0e44-4996-aa6b-c6ab90bf03e5,1689a59c-95b3-457e-90d1-b5c3e196a11b,Campaign 4,SMS,False,False,2025-04-24T12:33:51
2ec00d94-08e1-44f0-a164-20713496bebb,168d4986-f441-48f6-ab17-8d02e91a06ae,Campaign 4,Email,True,False,2024-06-09T12:33:51
376bbb7d-e196-4ec4-bd85-47244eac03ee,168d4986-f441-48f6-ab17-8d02e91a06ae,Campaign 6,Phone,True,True,2024-12-19T12:33:51
5e958d03-740a-41b9-b215-aa3c296da8f7,168d4986-f441-48f6-ab17-8d02e91a06ae,Campaign 2,Phone,True,True,2024-11-16T12:33:51
cf1288a5-2d7c-4861-b1d7-28f62812f5c4,168d4986-f441-48f6-ab17-8d02e91a06ae,Campaign 3,SMS,True,False,2024-09-19T12:33:51
990bd52e-be54-4cf7-9d9d-d8531c415054,16c300e7-5b18-4759-b3a6-e9cd6fc6c7ed,Campaign 2,SMS,True,False,2024-05-24T12:33:51
34166bb6-f5a8-413c-ba6f-447a159631da,16c300e7-5b18-4759-b3a6-e9cd6fc6c7ed,Campaign 9,Social,True,True,2025-05-23T12:33:51
b41fc4ca-0237-4979-babb-3faf47435895,16d3a30f-01fa-467c-bc5d-1c0fc7a37cec,Campaign 9,Phone,False,False,2024-12-10T12:33:51
7785c336-2827-4556-97e9-816ac22e3c43,16d3a30f-01fa-467c-bc5d-1c0fc7a37cec,Campaign 1,Phone,False,True,2024-02-25T12:33:51
8c79b310-729f-4ad7-9df2-69da7dde68a7,16d3a30f-01fa-467c-bc5d-1c0fc7a37cec,Campaign 1,SMS,True,False,2025-01-21T12:33:51
bd404471-b04e-4f34-8c6e-afa5045193ab,16d3a30f-01fa-467c-bc5d-1c0fc7a37cec,Campaign 4,Phone,False,False,2025-01-11T12:33:51
fd3d4094-5ba3-47d9-b008-50e570add862,16d3a30f-01fa-467c-bc5d-1c0fc7a37cec,Campaign 2,Social,True,False,2023-09-27T12:33:51
e7f9a452-0f90-4d57-9da7-222a4fb600a8,16dddcb0-41f0-4193-a628-301f758c7ed9,Campaign 3,Social,True,False,2024-03-22T12:33:51
716bb768-7ea0-48fa-a3d4-dc95b742b2ed,16dddcb0-41f0-4193-a628-301f758c7ed9,Campaign 7,SMS,True,False,2023-11-24T12:33:51
040bda6d-df06-4ae5-a6e9-82fa91e08abe,16dddcb0-41f0-4193-a628-301f758c7ed9,Campaign 7,Email,False,True,2024-07-21T12:33:51
15c6a5ca-49e9-4d15-aa95-edf219bec41d,16dddcb0-41f0-4193-a628-301f758c7ed9,Campaign 6,Email,True,True,2023-11-19T12:33:51
58949f66-a4ce-4771-89a7-f69c99f603bd,16dddcb0-41f0-4193-a628-301f758c7ed9,Campaign 7,Email,False,True,2025-06-26T12:33:51
8c30bfc8-5d1a-499a-8f35-d2332d06dc09,16e43025-10f1-42e6-9793-e0e2f333d79c,Campaign 5,Email,False,True,2025-01-29T12:33:51
99273394-efc4-4bcb-9612-9561010955ad,16e43025-10f1-42e6-9793-e0e2f333d79c,Campaign 5,Email,True,True,2023-10-28T12:33:51
461a1779-f9fb-460d-9010-35f7d1beb332,16e43025-10f1-42e6-9793-e0e2f333d79c,Campaign 4,SMS,True,True,2023-09-30T12:33:51
ebc5d6cd-dfa6-4288-9c4a-6b28d9aa98de,16e43025-10f1-42e6-9793-e0e2f333d79c,Campaign 5,Phone,False,True,2023-12-10T12:33:51
365b1243-c66b-42f1-8112-6c9c5ab597f7,16e43025-10f1-42e6-9793-e0e2f333d79c,Campaign 10,Email,False,False,2024-02-13T12:33:51
70d04e84-680e-4447-b9c4-bf33b6140391,16f560ac-76bc-449e-9474-395fb322505c,Campaign 2,Phone,True,True,2024-06-20T12:33:51
fad83b48-e753-4d2b-b899-ffd68d66280f,16f560ac-76bc-449e-9474-395fb322505c,Campaign 6,Email,True,False,2024-07-29T12:33:51
c1850b5c-66d5-407e-84c7-dbd47c4c07c2,16f560ac-76bc-449e-9474-395fb322505c,Campaign 1,SMS,False,True,2025-05-02T12:33:51
3e3e2c99-627c-476e-ba1b-bd47892070fc,16f560ac-76bc-449e-9474-395fb322505c,Campaign 9,SMS,True,False,2024-02-05T12:33:51
6e7f7e53-7664-49f2-a132-f63608d70dbd,172da016-ddef-4b63-b164-cca07c1303a1,Campaign 1,Email,False,False,2025-01-10T12:33:51
05d36b9b-8e75-4503-958e-5f4f5680cb73,172da016-ddef-4b63-b164-cca07c1303a1,Campaign 5,Phone,True,True,2023-09-04T12:33:51
84d95006-2eef-4acc-b3b1-d22fb17f4d35,172da016-ddef-4b63-b164-cca07c1303a1,Campaign 8,SMS,True,True,2025-03-10T12:33:51
bd30e0c6-252e-43c9-b8e2-05595d09896f,172da016-ddef-4b63-b164-cca07c1303a1,Campaign 3,SMS,False,False,2024-06-07T12:33:51
d508c42c-1398-4777-ad3f-d3c51fe1efac,172da016-ddef-4b63-b164-cca07c1303a1,Campaign 7,SMS,False,True,2025-02-11T12:33:51
e7e98a69-1bb8-436b-92b3-7a56cc6cdbe4,177d7144-f619-4b7f-a4ee-0ba709093065,Campaign 7,Social,True,True,2024-06-21T12:33:51
53671623-61d3-4719-8efe-4c09a937fd40,179a078c-de8f-423b-b2c5-127c5ddfaa57,Campaign 8,SMS,True,False,2024-11-26T12:33:51
b67bbe50-d2fc-42c6-bd96-bc816ce67a22,179a078c-de8f-423b-b2c5-127c5ddfaa57,Campaign 8,Email,True,False,2025-01-14T12:33:51
520eed1b-0248-4bf3-9a86-eea8c3fb6977,179a078c-de8f-423b-b2c5-127c5ddfaa57,Campaign 4,Social,True,True,2024-04-18T12:33:51
4f85b965-e2b1-4d59-94b6-96605ae167f6,17d7d71a-5887-457e-9f51-675207d51bbb,Campaign 3,Social,False,True,2024-09-14T12:33:51
5c4f474d-0e0a-4396-b480-9fc2500dee5c,17d7d71a-5887-457e-9f51-675207d51bbb,Campaign 6,Phone,False,False,2025-04-14T12:33:51
72874fb8-bad7-4a9a-9da6-4ec2db9e09ea,17d7d71a-5887-457e-9f51-675207d51bbb,Campaign 6,Social,False,False,2025-01-22T12:33:51
eea1d011-b947-4633-919d-34f8c79c0fbf,17d7d71a-5887-457e-9f51-675207d51bbb,Campaign 1,Social,False,False,2024-09-04T12:33:51
52a92f14-60f5-415e-a3d0-e7b995eb93bc,17e03002-2a14-49ef-8595-68c8a02b0250,Campaign 9,Email,True,False,2024-02-16T12:33:51
b5ee279f-2c54-4edd-b60c-2505aed890d5,17e68de2-4b56-48b1-beea-5f003762fb5c,Campaign 4,Email,True,True,2025-01-25T12:33:51
77b45e47-bb65-4206-a91b-fe74b6e167f1,17e68de2-4b56-48b1-beea-5f003762fb5c,Campaign 10,Social,False,True,2024-08-25T12:33:51
a0217086-a5a8-4121-ba33-7c0baf5f0f86,17e68de2-4b56-48b1-beea-5f003762fb5c,Campaign 10,SMS,False,False,2024-04-29T12:33:51
316d980b-de64-4282-970c-7b33c2c000f9,17e68de2-4b56-48b1-beea-5f003762fb5c,Campaign 2,Email,True,True,2025-03-23T12:33:51
da74724e-3580-409e-88ba-36d4ede78c59,17efca01-b251-4116-af78-e8b0f105c5d6,Campaign 2,Social,False,True,2024-11-30T12:33:51
fe5389c5-31ad-4730-b1e5-7621a03d9db6,17efca01-b251-4116-af78-e8b0f105c5d6,Campaign 8,Email,True,True,2023-11-04T12:33:51
785e4673-0c39-4064-aeaf-01f627d1606e,17efca01-b251-4116-af78-e8b0f105c5d6,Campaign 8,Social,False,False,2023-12-13T12:33:51
49cc5b06-65c4-4101-8cbd-655e231e87f9,17efca01-b251-4116-af78-e8b0f105c5d6,Campaign 6,Phone,False,False,2023-09-05T12:33:51
607555c4-4edf-44bc-a0bb-f8be93f7990a,17fba6ec-64f9-45e9-a1a2-c1d09b9cf99d,Campaign 3,Email,True,False,2025-04-30T12:33:51
67c14508-5fa3-4d83-8f51-d4491a47ca4a,17fba6ec-64f9-45e9-a1a2-c1d09b9cf99d,Campaign 7,Social,True,False,2025-01-09T12:33:51
39f4eb64-5a3e-4500-ac39-dffe206d5fe1,17fba6ec-64f9-45e9-a1a2-c1d09b9cf99d,Campaign 2,SMS,True,False,2023-11-08T12:33:51
6a2d4b7f-47b2-4658-aed1-40c4d245c4e8,17fba6ec-64f9-45e9-a1a2-c1d09b9cf99d,Campaign 8,Email,False,False,2023-11-22T12:33:51
17d1638f-d0e3-4148-a7ab-018dd7e3d982,17fcb4d5-de08-45fa-89ce-306ea8a52b47,Campaign 6,Email,True,True,2024-03-14T12:33:51
b5427795-5f8b-4558-8b3b-0b201e1aae7d,17fcb4d5-de08-45fa-89ce-306ea8a52b47,Campaign 2,Email,True,True,2024-05-24T12:33:51
28f9c2a2-e76d-44cd-9e88-483912222403,17fcb4d5-de08-45fa-89ce-306ea8a52b47,Campaign 4,Social,False,True,2024-05-24T12:33:51
4cf1e1b5-b843-42d4-aa65-c02676cc8b11,17fcb4d5-de08-45fa-89ce-306ea8a52b47,Campaign 3,Social,False,False,2024-05-26T12:33:51
e41a857c-4bf3-4ee8-a5e3-e4179bc54e9b,1809b272-9382-4618-8ed6-81a5ba018515,Campaign 5,SMS,True,False,2024-04-02T12:33:51
372567a9-9eb5-495f-9c4f-7316c87c6aaa,1809b272-9382-4618-8ed6-81a5ba018515,Campaign 6,Social,True,True,2025-07-31T12:33:51
669739a5-15f7-4a03-90ab-1cdf3f71ba79,1809b272-9382-4618-8ed6-81a5ba018515,Campaign 7,Phone,True,True,2025-04-24T12:33:51
10c09078-7ab1-4912-9a91-7b7e1db4a96b,18142272-89ad-4569-a176-674397edb5af,Campaign 8,Email,False,False,2024-01-24T12:33:51
b993391b-4687-4d63-b599-ba20a9ca91ff,18142272-89ad-4569-a176-674397edb5af,Campaign 1,Phone,True,True,2024-06-07T12:33:51
3e6fe0c8-f550-43a1-89ed-470eb91b6bb2,18142272-89ad-4569-a176-674397edb5af,Campaign 4,Phone,True,False,2024-04-26T12:33:51
262c73b4-f773-42f4-9ee8-b9afad673ac2,18142272-89ad-4569-a176-674397edb5af,Campaign 9,Email,True,False,2024-11-01T12:33:51
9e85671a-5a15-4a3f-92c9-e03f6eba1fde,18142272-89ad-4569-a176-674397edb5af,Campaign 7,Social,True,False,2025-05-10T12:33:51
21e40a9d-acc2-4ad0-b515-5552371252b5,18200f3d-20d8-4758-9993-9968ea666e04,Campaign 9,Phone,False,False,2025-01-08T12:33:51
97188db5-a64d-40ec-a29e-c3074930dd03,18200f3d-20d8-4758-9993-9968ea666e04,Campaign 10,Email,False,False,2025-02-02T12:33:51
aa90dec6-99c0-4753-a601-886a3d3b591c,18200f3d-20d8-4758-9993-9968ea666e04,Campaign 9,Email,True,True,2025-08-10T12:33:51
bb677fa6-0707-4c64-97ff-b887d4da9059,18200f3d-20d8-4758-9993-9968ea666e04,Campaign 3,Social,True,False,2025-01-31T12:33:51
fd8f99ab-d8b1-4c9f-9fa0-b5ca6362e154,18200f3d-20d8-4758-9993-9968ea666e04,Campaign 5,Email,False,True,2024-08-14T12:33:51
6b7f9955-3bf0-440c-889e-b59dc9fb0955,1820d636-4396-406b-8ffd-f99a3a929382,Campaign 4,Email,False,False,2025-01-15T12:33:51
6e9b0a4d-44a7-4ce5-83a6-7c650b5d1c4b,1820d636-4396-406b-8ffd-f99a3a929382,Campaign 10,SMS,False,True,2024-07-21T12:33:51
f799d34f-012c-48d3-94cb-7fe4a735190f,1820d636-4396-406b-8ffd-f99a3a929382,Campaign 10,Email,False,False,2025-02-23T12:33:51
2917562b-b003-4d10-a949-fd0c04970589,1820d636-4396-406b-8ffd-f99a3a929382,Campaign 9,SMS,False,True,2025-05-03T12:33:51
e5565fbf-f3c1-4386-b764-2cdbbfc3c615,18366e0a-d82e-485e-8dde-059e6463051d,Campaign 3,Phone,True,False,2023-10-02T12:33:51
adf9303d-6f80-42de-8378-096441402117,18366e0a-d82e-485e-8dde-059e6463051d,Campaign 7,Phone,False,False,2024-03-12T12:33:51
ebd4451d-05b9-4d61-8472-58144224325a,18366e0a-d82e-485e-8dde-059e6463051d,Campaign 2,Email,False,True,2025-03-24T12:33:51
4e3772cb-0b2d-4472-9e28-4b463583d5f3,18366e0a-d82e-485e-8dde-059e6463051d,Campaign 3,SMS,True,False,2025-01-31T12:33:51
a4f8941e-d58b-483f-b07d-dd4d51c9a6c1,18817530-4407-4a92-bdcc-ede46d9ad1b7,Campaign 10,Email,True,True,2023-09-26T12:33:51
4068484c-c531-49d6-88dd-7e744512f9a1,18817530-4407-4a92-bdcc-ede46d9ad1b7,Campaign 3,Phone,True,False,2024-09-14T12:33:51
02d5974d-3336-4045-8fa9-955d5f09ac16,18817530-4407-4a92-bdcc-ede46d9ad1b7,Campaign 7,SMS,True,True,2025-04-06T12:33:51
b9bf11fb-0685-4e8b-ac9d-6c174fa460d1,18817530-4407-4a92-bdcc-ede46d9ad1b7,Campaign 4,SMS,True,False,2024-10-31T12:33:51
8b650ae2-9779-413c-9bec-f1d639cbd429,18817530-4407-4a92-bdcc-ede46d9ad1b7,Campaign 9,Phone,False,True,2025-03-22T12:33:51
3c23e4dd-96a6-4f81-8858-7091e29cbd6c,18982ba5-26b5-4a7b-a589-18d90a80c9b6,Campaign 6,Phone,False,False,2025-07-14T12:33:51
4beebb6a-068e-4ae3-9b52-9bcebdd460b8,189d3a9d-4aef-43b3-b840-7e6f23e3cdd2,Campaign 6,Social,False,False,2025-06-16T12:33:51
afe78006-a6c1-46e7-8b13-91071a346085,189d3a9d-4aef-43b3-b840-7e6f23e3cdd2,Campaign 7,SMS,False,False,2024-04-12T12:33:51
3cde604e-c08b-4a75-9526-563b1d35ac28,189d3a9d-4aef-43b3-b840-7e6f23e3cdd2,Campaign 4,SMS,False,False,2023-12-20T12:33:51
18532c56-0e58-4cfe-8a43-1a59f24d4a30,18da29d0-0334-4a61-b49f-8e2c644063ae,Campaign 6,SMS,False,True,2024-02-14T12:33:51
d31b9947-c042-4fa7-809d-fcaf75e22088,18f12f0e-5abd-4833-b055-6c5dd43cd075,Campaign 3,Email,True,False,2024-01-27T12:33:51
b178d246-6482-47e7-b9f3-a3ddbbb3bae1,18f12f0e-5abd-4833-b055-6c5dd43cd075,Campaign 5,Phone,True,True,2025-06-17T12:33:51
5feee035-89f8-467f-8b0f-d7320326dceb,18f12f0e-5abd-4833-b055-6c5dd43cd075,Campaign 5,Phone,False,False,2024-12-13T12:33:51
0098bd62-a4af-4084-932b-f066244d97d6,18f12f0e-5abd-4833-b055-6c5dd43cd075,Campaign 7,Social,False,True,2023-11-28T12:33:51
07b8016e-5b09-41ec-b394-28ed1d618b40,18f12f0e-5abd-4833-b055-6c5dd43cd075,Campaign 8,SMS,False,False,2025-03-01T12:33:51
22126379-4904-490e-b7c9-8a2975eaeb4f,190e60fa-50fd-4237-b948-cfb1bef2bf26,Campaign 9,Social,False,False,2024-02-29T12:33:51
043dfafd-b882-4e39-b248-e910157e5363,190e60fa-50fd-4237-b948-cfb1bef2bf26,Campaign 5,Email,False,False,2023-12-21T12:33:51
db033da3-ff08-49e1-8803-cd607e40bf9c,190e60fa-50fd-4237-b948-cfb1bef2bf26,Campaign 6,Phone,True,True,2025-01-22T12:33:51
15178e7c-b26a-437a-b9fb-a06e49fe6a45,190e60fa-50fd-4237-b948-cfb1bef2bf26,Campaign 8,Email,False,False,2025-03-01T12:33:51
b5967598-8a54-4dcc-9a77-562977a14eb1,19209e14-434d-440e-acaa-9310d23b6f45,Campaign 9,SMS,False,False,2025-01-14T12:33:51
7e0d401b-6691-4a7d-8a7a-18f8f5df4a48,19209e14-434d-440e-acaa-9310d23b6f45,Campaign 8,Social,False,False,2024-12-23T12:33:51
fa0e86ad-cb68-46df-9d17-d968b9adeb66,1937244a-3912-4e51-9247-f7178af1c7be,Campaign 9,SMS,False,False,2024-03-29T12:33:51
ac724418-12ff-4f37-a7e8-424d988505e4,1937244a-3912-4e51-9247-f7178af1c7be,Campaign 6,Social,True,False,2023-10-28T12:33:51
eee3a3e3-fefb-47a5-9af0-55e8c688d00e,1937244a-3912-4e51-9247-f7178af1c7be,Campaign 8,Social,False,False,2023-11-14T12:33:51
b1b90af6-fcee-4c7b-95eb-b1f9c77bec78,193a439d-4798-4148-98ae-79346f779a98,Campaign 10,Email,False,False,2025-04-10T12:33:51
69179e93-7c0d-4cc0-a8fa-29a7ed3629b7,193a439d-4798-4148-98ae-79346f779a98,Campaign 9,SMS,False,True,2025-06-09T12:33:51
122f3be0-9248-41a7-98dd-6576174b9599,193a439d-4798-4148-98ae-79346f779a98,Campaign 5,Social,True,False,2024-10-29T12:33:51
7e087d07-88d6-4ccc-a393-a44128f5f4c8,193a439d-4798-4148-98ae-79346f779a98,Campaign 3,Social,True,True,2024-08-11T12:33:51
20caf08f-1cac-4783-ac44-fe956ed2de28,193a439d-4798-4148-98ae-79346f779a98,Campaign 9,SMS,True,True,2025-03-05T12:33:51
ed27bfd4-9b6a-456e-8c13-d7557f7415df,194bf1aa-82ae-46a8-8684-da06899f2ad1,Campaign 4,Social,False,True,2024-10-07T12:33:51
7eefe73a-9ed4-4aa4-8ae5-9e11cd2e3d6a,194bf1aa-82ae-46a8-8684-da06899f2ad1,Campaign 6,Social,True,True,2023-11-05T12:33:51
f60e3311-4f06-4a4e-b762-8cde5e7f592c,194bf1aa-82ae-46a8-8684-da06899f2ad1,Campaign 2,Phone,False,True,2023-10-19T12:33:51
6f18b6bc-acb5-4229-8748-2e94d4730639,194bf1aa-82ae-46a8-8684-da06899f2ad1,Campaign 7,Email,True,True,2023-12-29T12:33:51
af00d76d-8404-43df-8710-e9319e5da6ae,194bf1aa-82ae-46a8-8684-da06899f2ad1,Campaign 6,Email,False,False,2024-01-31T12:33:51
77083723-02f6-4195-a6e6-a46296aba1e5,19b5b86e-e459-4ee5-9be3-1e07fd2ff7b6,Campaign 5,SMS,False,False,2025-05-10T12:33:51
4144f2a3-c9e1-41cc-87bd-13380e791d08,19b5b86e-e459-4ee5-9be3-1e07fd2ff7b6,Campaign 9,Email,False,False,2025-04-08T12:33:51
a1cfa784-21c9-4214-9c68-328f0bd8b9f0,19b5c6a3-a4b3-4719-9e86-ce8247452e4e,Campaign 7,Email,False,False,2024-11-09T12:33:51
91e8a495-2e73-4c28-8982-b621a1faf2b5,19b5c6a3-a4b3-4719-9e86-ce8247452e4e,Campaign 10,Social,False,True,2024-02-16T12:33:51
d0b6d970-d2f9-42bc-b785-943b2e667a42,19b5c6a3-a4b3-4719-9e86-ce8247452e4e,Campaign 7,SMS,False,False,2024-08-12T12:33:51
88e069f2-1fa7-442e-9060-230e84754732,19b745bf-28a5-48a4-bc1c-91ec64bd8427,Campaign 4,Email,True,False,2025-01-29T12:33:51
5b90b15e-951e-4b7b-9a30-b1cdeffa9494,19b745bf-28a5-48a4-bc1c-91ec64bd8427,Campaign 6,Phone,False,False,2024-08-14T12:33:51
af542e9e-59a8-4993-b107-9db5a61e6702,19b745bf-28a5-48a4-bc1c-91ec64bd8427,Campaign 9,Phone,False,False,2025-08-04T12:33:51
0d665b61-e59b-4ee1-b074-f838ac0ee1fb,19b745bf-28a5-48a4-bc1c-91ec64bd8427,Campaign 1,Social,False,True,2024-12-19T12:33:51
1a839581-532a-4cda-9470-97538dd56b80,19c49bbc-c908-44cc-bff7-b389cc883a4a,Campaign 8,Phone,True,False,2025-01-15T12:33:51
ea6e0643-3351-49b3-9957-4e6de9294933,19c49bbc-c908-44cc-bff7-b389cc883a4a,Campaign 6,Social,False,True,2024-01-07T12:33:51
473d349d-6d93-4c4e-a4fc-a9d56ad6b98d,19c49bbc-c908-44cc-bff7-b389cc883a4a,Campaign 2,Social,True,True,2024-10-27T12:33:51
8f1d61e3-4c7b-463a-a49f-0619ba2ad4a3,19e5baac-7774-44b2-bb53-b045dc52f6ec,Campaign 8,Phone,False,False,2024-04-09T12:33:51
1e5f5bd6-ed1f-4288-a577-650110dd78e5,19e5baac-7774-44b2-bb53-b045dc52f6ec,Campaign 9,Phone,True,True,2025-06-19T12:33:51
aae0a228-3ad2-468d-914b-ff3ca79631da,19e5baac-7774-44b2-bb53-b045dc52f6ec,Campaign 7,SMS,True,True,2025-01-04T12:33:51
44e8c17a-729b-446f-9ebc-1564b1a645ca,19e8ff80-c4dc-4bbc-a310-a044cc15730c,Campaign 10,Phone,False,False,2024-12-05T12:33:51
11d7a6e9-96f8-49bb-a505-ebb8d1a3178b,19e8ff80-c4dc-4bbc-a310-a044cc15730c,Campaign 2,Social,False,True,2024-12-14T12:33:51
ebca59aa-7738-470a-80ae-eec37135fe31,19f04b63-d76a-495d-9cf8-7462b40540e9,Campaign 2,Social,False,False,2025-01-22T12:33:51
3a2fe131-e7cd-4b6e-b791-0e3a335cece1,19f04b63-d76a-495d-9cf8-7462b40540e9,Campaign 1,Social,False,False,2023-12-26T12:33:51
dca8b570-7a7c-4234-893f-dffecb44f513,19f04b63-d76a-495d-9cf8-7462b40540e9,Campaign 5,Phone,False,False,2024-08-29T12:33:51
72950890-1429-4d96-9cef-33abbc41d10d,1a6b7642-1cf4-47e1-ac92-ae3c7dee34b4,Campaign 9,Phone,True,False,2025-08-14T12:33:51
829e8edb-a0dc-4384-a2e5-21de65cf494f,1a6b7642-1cf4-47e1-ac92-ae3c7dee34b4,Campaign 1,Social,True,True,2024-03-15T12:33:51
cfbdb665-2ad5-4953-bfea-ca12241d41c2,1a6b7642-1cf4-47e1-ac92-ae3c7dee34b4,Campaign 2,Phone,False,False,2024-04-11T12:33:51
017d4288-5736-48bd-9974-e56c1f458c1a,1a6d5b7c-eba2-4786-8a64-57b6578eb534,Campaign 7,Phone,True,True,2024-03-11T12:33:51
970778f3-1c6a-423e-940a-12315df82de6,1a6d5b7c-eba2-4786-8a64-57b6578eb534,Campaign 3,SMS,False,True,2023-11-03T12:33:51
6a13e089-64c1-429c-b9b3-bfd823e62839,1a6d5b7c-eba2-4786-8a64-57b6578eb534,Campaign 5,Social,True,False,2024-05-10T12:33:51
64c9ca07-e4a2-4a7a-8143-a2a8f133b6da,1a9c2063-77e6-4681-b33b-dc32fed47752,Campaign 4,Email,False,False,2025-01-31T12:33:51
d188b92b-0a67-4d95-b5ad-c14de5446d7b,1aa0e41c-82eb-42ef-809c-e99d32fa2196,Campaign 9,Social,False,True,2024-08-31T12:33:51
23f4e6f4-8ee3-4a6f-9e13-c2819d392487,1aa0e41c-82eb-42ef-809c-e99d32fa2196,Campaign 9,SMS,False,False,2025-04-21T12:33:51
2aeabe2b-9a2c-48f2-9065-16a393518a6d,1aa0e41c-82eb-42ef-809c-e99d32fa2196,Campaign 10,Phone,True,False,2025-01-24T12:33:51
f4c04efb-ebd4-4c4e-9a05-78a3742c0abd,1aa0e41c-82eb-42ef-809c-e99d32fa2196,Campaign 1,SMS,True,False,2024-03-02T12:33:51
83cff472-01a4-43a2-907a-e71a79c29202,1ab1c333-c442-45d3-b07a-7eea86745d2e,Campaign 3,Social,False,False,2025-06-16T12:33:51
5a80d91c-72eb-49bb-84ef-bb20dd929df1,1af28cf5-4aa5-460c-881d-9f7a684f9fd1,Campaign 7,Phone,False,False,2024-11-30T12:33:51
14baf457-a1f5-4f8d-9f7c-477456d6adcb,1b034431-e502-4c31-ba6a-1df051e09b3c,Campaign 3,SMS,False,True,2024-12-01T12:33:51
111886ab-f87d-4866-ac36-ffcb2120ecf5,1b034431-e502-4c31-ba6a-1df051e09b3c,Campaign 2,Email,True,False,2024-12-25T12:33:51
ee0e85f0-a0e0-4ed1-94d6-30d34a7a224b,1b034431-e502-4c31-ba6a-1df051e09b3c,Campaign 7,Email,True,False,2025-04-28T12:33:51
fa718360-1be6-482e-9a18-23eeefb32e29,1b034431-e502-4c31-ba6a-1df051e09b3c,Campaign 1,Phone,True,True,2023-11-29T12:33:51
31ea1f2e-a6f7-4782-925d-744917a0541e,1b034431-e502-4c31-ba6a-1df051e09b3c,Campaign 3,Phone,False,True,2025-04-09T12:33:51
1677c397-09c3-4291-929d-f9d0b35ccaca,1b0a2e8f-022a-456e-bd21-228a0facad9d,Campaign 3,SMS,True,True,2024-11-01T12:33:51
447f20f6-b269-43ab-9aac-82a0b6b8e8cf,1b0a2e8f-022a-456e-bd21-228a0facad9d,Campaign 4,Email,False,False,2024-07-25T12:33:51
642b03e5-d424-4584-9868-d818a576157c,1b0a2e8f-022a-456e-bd21-228a0facad9d,Campaign 7,SMS,True,False,2025-02-04T12:33:51
09d20947-bb3a-4f5a-9043-861f1a2efca6,1b0a2e8f-022a-456e-bd21-228a0facad9d,Campaign 2,Social,True,False,2024-12-22T12:33:51
ee4456c5-9a43-4839-9062-15b504f4173a,1b0a2e8f-022a-456e-bd21-228a0facad9d,Campaign 7,Social,True,False,2024-02-19T12:33:51
3bc1d01e-d9bf-4c77-a6c0-adbfc4cffb7e,1c294395-ac18-4ca0-a216-b07355b3c514,Campaign 5,Phone,False,True,2023-11-10T12:33:51
39783510-5402-48be-9b81-442027cc35b1,1c294395-ac18-4ca0-a216-b07355b3c514,Campaign 4,SMS,True,False,2024-12-03T12:33:51
c33e46dd-a7bb-480b-a59d-82b97cc601b4,1c294395-ac18-4ca0-a216-b07355b3c514,Campaign 10,Email,True,False,2025-06-08T12:33:51
033de1eb-99e2-4c6f-93ea-352cbbef1090,1c294395-ac18-4ca0-a216-b07355b3c514,Campaign 3,Social,False,True,2023-09-17T12:33:51
3db86939-e1b3-4d44-aef3-a03643082d15,1c37ae67-dc31-48cc-aac8-3a3d85bf0468,Campaign 4,SMS,True,False,2025-06-28T12:33:51
67941f00-f7a1-4d14-8d3c-c8da8e7d1029,1c37ae67-dc31-48cc-aac8-3a3d85bf0468,Campaign 9,Social,False,True,2023-12-06T12:33:51
160c2cd2-6147-4646-828c-c834c8ec8e5f,1c37ae67-dc31-48cc-aac8-3a3d85bf0468,Campaign 3,Social,False,False,2025-05-02T12:33:51
78ce156b-3d51-436e-a2df-b84e4de1cea2,1c37ae67-dc31-48cc-aac8-3a3d85bf0468,Campaign 6,SMS,True,False,2024-05-22T12:33:51
3334af89-a85a-4730-a8c8-a1ef26663ea6,1c3f17f6-ac30-469f-9367-c99c428bf6d7,Campaign 1,Phone,False,True,2023-11-15T12:33:51
a6626e48-e002-471e-a822-d9262ea63171,1c4eeaf9-063b-4464-8c18-122a20f62c0b,Campaign 5,Social,True,True,2024-09-30T12:33:51
5eb9f9f2-c68d-4143-a22f-c38a66b164ab,1c4eeaf9-063b-4464-8c18-122a20f62c0b,Campaign 9,Phone,True,False,2024-04-03T12:33:51
494bc07d-199d-45db-9855-89543a47319f,1c4eeaf9-063b-4464-8c18-122a20f62c0b,Campaign 9,SMS,False,False,2023-12-07T12:33:51
e87c629b-19c1-4c5d-add8-40b7eae32571,1c54f805-5784-4ff7-84d8-51797d64d76a,Campaign 1,Phone,False,False,2025-07-26T12:33:51
40443bff-b367-4e66-a582-5454b094c2d1,1c54f805-5784-4ff7-84d8-51797d64d76a,Campaign 2,SMS,True,True,2024-10-09T12:33:51
3bb7f283-5f38-483c-94e9-9158793d5891,1c54f805-5784-4ff7-84d8-51797d64d76a,Campaign 4,SMS,True,False,2025-02-10T12:33:51
f7738b72-083d-4a07-a3a7-652bdc977a16,1c54f805-5784-4ff7-84d8-51797d64d76a,Campaign 9,Phone,True,True,2024-05-05T12:33:51
93c733ae-fccd-4bda-9592-0fef8d99fca3,1c54f805-5784-4ff7-84d8-51797d64d76a,Campaign 8,Phone,True,False,2024-11-02T12:33:51
b117c6de-3f54-4203-ac47-a307c1896ee2,1c5b3091-2d0b-4727-82c4-c8020eb48431,Campaign 6,Phone,False,True,2024-03-21T12:33:51
918c4f29-701c-4c3b-bb26-55f319d3f31c,1c5b3091-2d0b-4727-82c4-c8020eb48431,Campaign 9,Social,False,False,2024-01-03T12:33:51
b48ee511-a7a0-44f2-b6a6-24f05e7c9b70,1c5b3091-2d0b-4727-82c4-c8020eb48431,Campaign 6,Phone,True,True,2024-02-27T12:33:51
352632b9-3df4-48df-8172-2964fddbebf4,1c5b3091-2d0b-4727-82c4-c8020eb48431,Campaign 4,SMS,True,True,2025-04-20T12:33:51
b33f81fa-6589-4e79-b796-286d1f814e97,1c815e5f-1ef9-4a96-ae87-1ddfdb57650f,Campaign 4,Email,False,True,2024-01-29T12:33:51
1ff98296-b32f-4455-9121-4d6d88a15984,1c815e5f-1ef9-4a96-ae87-1ddfdb57650f,Campaign 6,Phone,False,False,2025-03-21T12:33:51
f43b8b0a-9e83-47bd-9e87-c2202b0a2c96,1c815e5f-1ef9-4a96-ae87-1ddfdb57650f,Campaign 7,SMS,True,False,2025-06-04T12:33:51
0742d419-7a0c-4750-aa0a-f808ed1b509b,1c815e5f-1ef9-4a96-ae87-1ddfdb57650f,Campaign 6,Email,False,True,2023-09-08T12:33:51
d84a5830-5dc0-4005-8c30-84922c7aff4f,1c8f62cf-f816-40ad-977e-492f64c24bfb,Campaign 6,Email,True,False,2024-05-20T12:33:51
a4db1ab0-5342-4639-98f3-e6385d0a6b6a,1ca624e5-c0fa-4e94-aedb-5c74be4f79f0,Campaign 10,SMS,True,True,2023-12-18T12:33:51
def1ad06-1a5b-4291-8bc8-46953294294c,1ca624e5-c0fa-4e94-aedb-5c74be4f79f0,Campaign 1,Social,False,False,2024-11-12T12:33:51
4602c7c4-943c-45dd-b305-3dfdc41448bf,1ca624e5-c0fa-4e94-aedb-5c74be4f79f0,Campaign 4,Phone,True,True,2023-09-29T12:33:51
b397b095-3d8e-4cd2-b0c1-34faef4fc211,1ca624e5-c0fa-4e94-aedb-5c74be4f79f0,Campaign 6,SMS,False,True,2025-02-21T12:33:51
07cf19db-558e-4370-af78-fee31a53a92b,1ccabb0d-8398-49e3-a404-2cf0bdd071af,Campaign 4,Phone,True,False,2024-09-23T12:33:51
d0d79294-a5fe-4bc7-bef9-20f4216e4f38,1ccabb0d-8398-49e3-a404-2cf0bdd071af,Campaign 5,SMS,False,False,2023-12-21T12:33:51
2de01324-47fd-460f-a462-88d57593924c,1ccabb0d-8398-49e3-a404-2cf0bdd071af,Campaign 6,Email,True,True,2024-09-20T12:33:51
13f20c06-82a8-4d58-b073-963826ed46b1,1cefe0d9-ca0e-4a94-8a43-d6c097b1ee8b,Campaign 1,SMS,True,False,2024-02-06T12:33:51
3e0f11d4-4664-417a-ab73-b8ac6a9fc104,1cefe0d9-ca0e-4a94-8a43-d6c097b1ee8b,Campaign 7,Social,True,True,2024-07-29T12:33:51
0b6b434f-29a6-4311-a735-1706afe2a8cc,1cefe0d9-ca0e-4a94-8a43-d6c097b1ee8b,Campaign 3,Social,True,True,2024-02-19T12:33:51
c1aa4b31-fe0c-4ddc-86fb-e0be31afad3b,1cefe0d9-ca0e-4a94-8a43-d6c097b1ee8b,Campaign 1,Phone,False,True,2024-10-02T12:33:51
84926227-19d9-487b-95a4-e0090a86173b,1cefe0d9-ca0e-4a94-8a43-d6c097b1ee8b,Campaign 8,Phone,True,True,2025-05-13T12:33:51
adc300ed-9c57-4abf-826a-93b777b77d67,1d1dd54b-ccaf-4c97-a1ac-b8d8bdfb79ee,Campaign 1,SMS,False,True,2024-12-23T12:33:51
451438dc-628c-4b8d-8a51-46bab15c1366,1d1dd54b-ccaf-4c97-a1ac-b8d8bdfb79ee,Campaign 5,Phone,True,True,2025-03-09T12:33:51
c0b78017-65ee-43e5-a544-8ab388b0f77e,1d1dd54b-ccaf-4c97-a1ac-b8d8bdfb79ee,Campaign 7,Email,True,True,2023-09-03T12:33:51
a43e7a74-5a49-49d8-9a72-7b2198e9d614,1d1dd54b-ccaf-4c97-a1ac-b8d8bdfb79ee,Campaign 1,Social,False,False,2023-11-11T12:33:51
3183827a-0180-49eb-90e7-e15b6fad3a9a,1d60474e-ea69-4f3c-8f1f-5fa7003e4d40,Campaign 4,Email,True,True,2024-07-06T12:33:51
5d1442e2-4058-4b7b-901b-f16b62a1b4f2,1d60474e-ea69-4f3c-8f1f-5fa7003e4d40,Campaign 2,SMS,True,True,2024-07-14T12:33:51
5803055f-c7bd-45b9-8fd3-e259e3bedf09,1d9bf402-6cff-43ad-86a5-e9df913d4f74,Campaign 1,SMS,False,False,2023-11-14T12:33:51
8cba92dd-b3c3-41b5-8554-c72976bf6ef2,1d9bf402-6cff-43ad-86a5-e9df913d4f74,Campaign 9,Social,False,True,2025-05-17T12:33:51
5b4fa5b3-fe0b-439c-b740-163954bbde93,1d9bf402-6cff-43ad-86a5-e9df913d4f74,Campaign 10,Email,True,True,2024-12-07T12:33:51
087c2e83-2995-4099-8ca8-3c91d5a209a2,1d9bf402-6cff-43ad-86a5-e9df913d4f74,Campaign 2,Social,False,True,2024-08-18T12:33:51
992fe6ef-33c4-4c43-b03d-a1b35ba49d07,1dc1ac41-96a0-4ef0-9b41-aab3ff667eba,Campaign 3,Phone,False,True,2023-12-10T12:33:51
1c918300-c57e-42ec-8790-c91eead6c5fc,1dc1ac41-96a0-4ef0-9b41-aab3ff667eba,Campaign 2,SMS,False,True,2024-09-14T12:33:51
48341022-0030-4c48-a813-77db5f98693f,1dc1ac41-96a0-4ef0-9b41-aab3ff667eba,Campaign 8,Email,True,True,2024-12-05T12:33:51
96a95d31-dc0f-4659-a8a0-8d3415f068ec,1dc1ac41-96a0-4ef0-9b41-aab3ff667eba,Campaign 3,Social,True,True,2024-09-07T12:33:51
133fb74c-72ea-4982-84bf-29ad3073a91b,1ddc147f-60e7-4c3f-a645-730b00d8a7e3,Campaign 1,Social,True,True,2024-11-24T12:33:51
22a3a022-7943-4dc1-b4f5-4d0508b36601,1ddc147f-60e7-4c3f-a645-730b00d8a7e3,Campaign 8,SMS,False,False,2024-11-26T12:33:51
c6d77c45-ffb5-45d0-8286-65842eaa42e4,1ddc147f-60e7-4c3f-a645-730b00d8a7e3,Campaign 6,Social,False,False,2023-12-28T12:33:51
cb09c40a-538c-4d79-9323-9704c990541e,1ddc147f-60e7-4c3f-a645-730b00d8a7e3,Campaign 7,SMS,True,False,2023-12-05T12:33:51
ff50fb9c-afb8-42c1-97e8-4acfbc79301e,1ddc147f-60e7-4c3f-a645-730b00d8a7e3,Campaign 2,Phone,True,True,2025-03-27T12:33:51
e35703c4-c6f7-4b48-a1f9-367fd4baedb1,1ddf3108-4cbb-47d6-bd6c-eba7931a856d,Campaign 9,Social,True,False,2025-06-16T12:33:51
493ece05-e83d-468a-b33f-bc2e3d98b011,1ddf3108-4cbb-47d6-bd6c-eba7931a856d,Campaign 10,Social,True,False,2023-12-27T12:33:51
23cbac9f-a1b7-4548-bc34-870efd456a5f,1ddf3108-4cbb-47d6-bd6c-eba7931a856d,Campaign 1,Phone,True,False,2024-06-16T12:33:51
3eb719b7-b184-4b32-a44a-d09358743f16,1ddf3108-4cbb-47d6-bd6c-eba7931a856d,Campaign 5,Social,False,True,2024-02-09T12:33:51
96acbe60-02fd-403d-832e-5f998c6bc55b,1debd7bd-d621-4005-a721-8895d7dafd87,Campaign 1,Social,False,True,2023-10-31T12:33:51
0bffb65d-ff63-4224-ae08-0f3d85cb5b15,1df81b8d-32ee-4c9c-9120-2c842688ff43,Campaign 2,Phone,True,True,2024-05-08T12:33:51
1b9017d5-240e-4e6c-85f6-fe4f8ef7f251,1df81b8d-32ee-4c9c-9120-2c842688ff43,Campaign 1,SMS,False,False,2024-10-09T12:33:51
65ac6d0e-71c4-4531-b9c6-ffb364e45585,1e002314-9e4c-4e5b-a86f-715f66e8e62d,Campaign 4,Phone,False,False,2025-07-30T12:33:51
8de68ecb-9b04-4623-b8ec-3bcc829b6430,1e002314-9e4c-4e5b-a86f-715f66e8e62d,Campaign 4,SMS,True,False,2024-08-19T12:33:51
bdf8903f-cd1c-4958-bb47-542c5356385c,1e0a5d81-0624-426e-b9ff-77be3edd8dbf,Campaign 3,Social,True,False,2023-11-03T12:33:51
bc6f4c63-ba79-40d8-8d0f-19eb14217f6c,1e0a5d81-0624-426e-b9ff-77be3edd8dbf,Campaign 6,Social,False,True,2025-01-08T12:33:51
480c65f2-9e47-4759-83a3-f41638f2f1d4,1e0a5d81-0624-426e-b9ff-77be3edd8dbf,Campaign 3,Email,False,True,2025-04-27T12:33:51
514da36f-7e29-486d-98f1-10bff5bf5720,1e312448-db61-4f83-8dd8-88ba89650197,Campaign 10,SMS,False,True,2024-02-28T12:33:51
f91123ef-4731-4bc1-bc71-ac7a9fa2a52d,1e312448-db61-4f83-8dd8-88ba89650197,Campaign 10,Phone,True,True,2025-06-04T12:33:51
a2d5027b-9a95-452a-b9a9-b043a52c4412,1e312448-db61-4f83-8dd8-88ba89650197,Campaign 6,Phone,False,False,2025-02-10T12:33:51
2da35de9-bfd3-4b1b-85bf-0c4b2f746341,1e312448-db61-4f83-8dd8-88ba89650197,Campaign 1,SMS,True,True,2024-06-25T12:33:51
6b6be82d-4f8c-44b6-9ae3-b17b95592a40,1e312448-db61-4f83-8dd8-88ba89650197,Campaign 4,SMS,True,False,2024-11-25T12:33:51
34150b7f-6f7d-4dc6-9dfb-4c1b5771c57a,1e6a6ae6-b9f4-481a-b3ab-f3984984d2ae,Campaign 5,SMS,True,True,2023-10-26T12:33:51
46828657-cd78-4e0d-85f0-ebf799d86859,1e6a6ae6-b9f4-481a-b3ab-f3984984d2ae,Campaign 6,SMS,True,True,2024-02-23T12:33:51
bed88357-f37d-4c9d-841b-5ad0d16b29ea,1e6a6ae6-b9f4-481a-b3ab-f3984984d2ae,Campaign 2,Phone,True,True,2024-04-20T12:33:51
3bb1d3a7-91af-460e-a297-71cde82e6ec1,1e6a6ae6-b9f4-481a-b3ab-f3984984d2ae,Campaign 5,Email,True,False,2024-03-15T12:33:51
361c9445-1fd9-4753-9be4-b2acceedea7f,1e6b210c-03f1-4d7d-9689-4ad4ae658f41,Campaign 7,Phone,True,True,2024-01-04T12:33:51
817bc39d-fcc7-481d-aa63-d791883b663b,1e6b210c-03f1-4d7d-9689-4ad4ae658f41,Campaign 8,SMS,True,True,2025-05-11T12:33:51
2d40259c-b3c6-40a2-9e8f-358d67c22ccd,1e6b210c-03f1-4d7d-9689-4ad4ae658f41,Campaign 2,Social,False,True,2024-04-08T12:33:51
22657aa5-b742-479e-9ef5-ce039fa8e9ab,1e6b210c-03f1-4d7d-9689-4ad4ae658f41,Campaign 1,Social,False,False,2025-05-18T12:33:51
7d01d922-0f1b-4125-aecc-512525b141ca,1ef95bf6-1c34-47bf-847a-418ef71e9f47,Campaign 8,Email,True,True,2024-03-28T12:33:51
82cd9b9e-0526-4db4-a92e-ca8af2b8ddfa,1ef97db5-3528-4164-a550-4445acf4ac65,Campaign 5,SMS,True,False,2023-11-10T12:33:51
f5ae8682-2b39-4103-a21f-b60f018f41fb,1ef97db5-3528-4164-a550-4445acf4ac65,Campaign 5,Email,True,False,2023-10-15T12:33:51
fb92b9a2-d051-4a1a-b4ff-79f467724b50,1ef97db5-3528-4164-a550-4445acf4ac65,Campaign 6,SMS,False,True,2024-04-30T12:33:51
efb4556a-22f7-4e9c-9221-013ddce6dced,1ef97db5-3528-4164-a550-4445acf4ac65,Campaign 5,SMS,False,False,2024-02-19T12:33:51
b1b43917-1526-44dc-82f8-0689130b8b6a,1f102326-daf2-47d2-9448-0d607db6a5c4,Campaign 6,SMS,True,True,2023-11-03T12:33:51
2c8a9d3c-ea0b-4f34-9784-7d6c1280912b,1f102326-daf2-47d2-9448-0d607db6a5c4,Campaign 4,Phone,False,True,2023-10-05T12:33:51
96b152b7-8f5a-4beb-9983-652f68a3b18e,1fb4454a-9ef5-477d-831f-9cab25e0408d,Campaign 4,Email,True,True,2025-01-26T12:33:51
b0186f3c-f328-4707-b917-ee708e074a52,1fb4454a-9ef5-477d-831f-9cab25e0408d,Campaign 7,Social,True,True,2023-09-26T12:33:51
84383967-b55f-4641-b45d-07565ebe5da2,1ff2ad3a-34e7-4ead-a51a-8a4512ce576a,Campaign 3,Email,True,True,2025-06-09T12:33:51
831252ab-b427-4d6d-af42-b31ae1f85f65,20252f79-aa6b-44b3-98c8-20cc1086b41a,Campaign 3,Social,True,True,2024-08-30T12:33:51
a3e480a1-4dd0-4ef2-9275-82f4b0f67057,20252f79-aa6b-44b3-98c8-20cc1086b41a,Campaign 3,Phone,True,True,2025-05-06T12:33:51
d7efdf85-a121-4eef-8138-283e0393130e,20252f79-aa6b-44b3-98c8-20cc1086b41a,Campaign 1,SMS,True,True,2025-04-05T12:33:51
5a74c0b1-b076-444a-b613-e150bec982e0,20252f79-aa6b-44b3-98c8-20cc1086b41a,Campaign 6,Social,True,True,2025-08-17T12:33:51
524bf433-d9e9-413f-8e92-9c6e99ecfe86,20be7905-0bf3-4cfb-b08d-20f20e70d23b,Campaign 7,Phone,False,False,2025-08-08T12:33:51
704ce274-92b8-42a1-9420-a0e833c32dee,20be7905-0bf3-4cfb-b08d-20f20e70d23b,Campaign 6,Social,True,False,2024-10-14T12:33:51
03f24146-366f-48a7-ab36-e11b541bc864,20be7905-0bf3-4cfb-b08d-20f20e70d23b,Campaign 5,Phone,False,False,2023-10-19T12:33:51
d3a7a5f2-1374-4caf-8460-d382f7cb4653,20be7905-0bf3-4cfb-b08d-20f20e70d23b,Campaign 8,Social,False,False,2025-07-04T12:33:51
2522f56b-c1ef-4682-98c8-54f78caf5c56,20be7905-0bf3-4cfb-b08d-20f20e70d23b,Campaign 3,Social,False,False,2025-05-09T12:33:51
354de294-d1e4-4e55-a52d-5cb27bfc1a73,20c8a983-1235-453a-bc74-11871370a49f,Campaign 1,Phone,True,True,2025-08-29T12:33:51
a9de06d4-aa41-4da8-9a5e-c5c7ee8ceaa3,20c8a983-1235-453a-bc74-11871370a49f,Campaign 5,SMS,False,False,2025-02-23T12:33:51
74186dae-b3c4-4246-80c0-61c45fff831d,20c8a983-1235-453a-bc74-11871370a49f,Campaign 9,Social,True,False,2024-03-01T12:33:51
dc4aac94-ccef-477c-abce-e626da06fd47,20cca08e-6c35-4eb8-a7e5-913a7219df31,Campaign 8,Social,True,False,2024-08-11T12:33:51
b9d681c3-be24-4b31-8cbd-218e475182c5,20cca08e-6c35-4eb8-a7e5-913a7219df31,Campaign 4,Email,True,False,2025-06-16T12:33:51
c0210479-9a44-4605-9ef1-fda1ff80edb3,210c134c-b1d6-4987-89a1-8bc60511a383,Campaign 8,Social,False,False,2023-10-15T12:33:51
647fa21f-5760-4f05-b421-8eaa559a233f,210c134c-b1d6-4987-89a1-8bc60511a383,Campaign 2,SMS,True,True,2025-04-29T12:33:51
57bbaeab-5b8f-46e8-89de-e2cb8a51036f,210c134c-b1d6-4987-89a1-8bc60511a383,Campaign 6,Phone,False,False,2023-11-12T12:33:51
6634bb03-2c56-4fa6-822e-dcf52ab00068,211c5f89-4b95-4b07-8f1b-1abfffbe992d,Campaign 10,Phone,False,False,2025-02-23T12:33:51
51a33596-1f01-48a6-b7a8-8ada59b29819,211c5f89-4b95-4b07-8f1b-1abfffbe992d,Campaign 2,Email,False,True,2025-02-27T12:33:51
ff28914e-d935-4e02-8eb8-d22db7a50f91,211d1bb7-9ca0-4b9d-bf17-4e2223fc2cb5,Campaign 2,Social,True,False,2025-01-27T12:33:51
89dead16-a716-42cf-8086-f99d805a74cc,211d1bb7-9ca0-4b9d-bf17-4e2223fc2cb5,Campaign 8,Email,True,True,2023-12-09T12:33:51
04d0a286-3d1c-4a33-b0da-a5518b907222,211d1bb7-9ca0-4b9d-bf17-4e2223fc2cb5,Campaign 7,SMS,True,True,2025-01-09T12:33:51
22012121-92d0-4741-990f-ab6a5d27af29,211d1bb7-9ca0-4b9d-bf17-4e2223fc2cb5,Campaign 5,SMS,True,True,2025-07-08T12:33:51
1647d1f1-999b-4389-b36f-cd9717294813,2121f9d1-f656-45f2-a0d3-5f674853f86f,Campaign 9,SMS,False,True,2024-09-27T12:33:51
58982b8e-d107-4cc7-8ca2-46c960bee736,2121f9d1-f656-45f2-a0d3-5f674853f86f,Campaign 7,Social,False,False,2025-06-17T12:33:51
1f58396b-aa25-48a7-9831-b6943199dcf4,2121f9d1-f656-45f2-a0d3-5f674853f86f,Campaign 10,Phone,False,False,2024-02-13T12:33:51
86d54125-2857-4ac2-9cf8-b6ceef5efef3,21222686-3647-4697-89d5-4686d32c3503,Campaign 2,Email,False,False,2025-07-08T12:33:51
9da91f0c-9c9c-4260-96a0-27a23a6268e1,21222686-3647-4697-89d5-4686d32c3503,Campaign 8,Social,False,False,2023-09-27T12:33:51
e546cbf7-af20-48e9-b64a-f0e9fcfea5fe,21222686-3647-4697-89d5-4686d32c3503,Campaign 4,SMS,True,True,2024-05-21T12:33:51
e764ba3f-8113-4740-a6a1-771a574ad158,21222686-3647-4697-89d5-4686d32c3503,Campaign 7,Social,False,False,2024-09-10T12:33:51
f5974907-0176-480d-9bb4-6ebecf43ed85,214b2e5b-3cbb-48ce-bcdf-cc3e556ae671,Campaign 9,Phone,True,True,2024-06-15T12:33:51
1e0cd9d2-a435-4f54-8c3f-14cc60cc02c6,214b2e5b-3cbb-48ce-bcdf-cc3e556ae671,Campaign 1,Email,True,False,2025-05-26T12:33:51
99d36b1c-8ee4-4286-b0f9-410c04f0b745,214b2e5b-3cbb-48ce-bcdf-cc3e556ae671,Campaign 6,Email,True,True,2025-06-03T12:33:51
b80c0003-1050-4912-83c8-d16a561bd434,219bc148-4687-4cfd-8073-93f2c450a316,Campaign 8,SMS,False,True,2025-03-26T12:33:51
885bdbbe-2d5c-4cb9-9384-7a8c0959d390,219bc148-4687-4cfd-8073-93f2c450a316,Campaign 9,SMS,True,True,2025-04-15T12:33:51
2f89241b-f34b-402a-8f9d-2d87efe574da,2227e897-490d-4e6d-b415-0b78f3db9abc,Campaign 2,Phone,False,False,2025-04-11T12:33:51
0261e4ae-9b68-44b9-af26-e454b0dbe337,2227e897-490d-4e6d-b415-0b78f3db9abc,Campaign 3,SMS,False,False,2024-02-09T12:33:51
4ce796b6-ae63-4bf6-8211-ac4e6a485988,2227e897-490d-4e6d-b415-0b78f3db9abc,Campaign 3,SMS,True,False,2024-05-16T12:33:51
5f504df8-9e98-45b1-aa85-d41417d7f2da,224f91b5-0f6a-49ca-b9c6-6314e96c5636,Campaign 1,Phone,True,True,2023-12-07T12:33:51
03cfb003-4f07-4153-b381-fb221f4020f0,224f91b5-0f6a-49ca-b9c6-6314e96c5636,Campaign 7,Email,True,True,2023-09-05T12:33:51
46b101f2-6833-4b9b-8655-337fee4f5fc6,2250c4e5-bce0-49b0-b9cf-f4c86cb57e6b,Campaign 5,SMS,False,False,2024-03-25T12:33:51
8235383b-dcbb-466d-b9cd-3ebf844cfd95,2250c4e5-bce0-49b0-b9cf-f4c86cb57e6b,Campaign 1,Phone,True,True,2024-01-02T12:33:51
724228ec-f47c-4fb3-8d3c-7a04da15a5ff,2250c4e5-bce0-49b0-b9cf-f4c86cb57e6b,Campaign 9,SMS,False,True,2023-09-07T12:33:51
616cfd51-b664-4dda-b1ad-5a0e370fa463,2250c4e5-bce0-49b0-b9cf-f4c86cb57e6b,Campaign 5,Email,True,True,2024-04-15T12:33:51
205677c5-6930-46a4-ba59-137df45c0086,2250c4e5-bce0-49b0-b9cf-f4c86cb57e6b,Campaign 7,Phone,False,True,2024-09-09T12:33:51
7cd1e032-c570-4d26-91cf-42ef42f13eee,226358e9-3b10-4161-b407-1a02964b6834,Campaign 3,Phone,True,False,2024-06-01T12:33:51
3e369c09-1679-436d-9874-25853e7980bb,226358e9-3b10-4161-b407-1a02964b6834,Campaign 9,SMS,False,True,2024-07-29T12:33:51
85f675e4-b759-48be-82aa-60577d5b94ff,2266a0ca-1d55-4af3-984c-297ada1ae07c,Campaign 2,Phone,True,True,2025-03-17T12:33:51
a22fd8b8-17e5-466a-b448-174a8aebf085,2266a0ca-1d55-4af3-984c-297ada1ae07c,Campaign 6,Phone,False,True,2025-05-22T12:33:51
986cbe04-f4d1-4016-8593-5cb1593e48f9,2266a0ca-1d55-4af3-984c-297ada1ae07c,Campaign 7,SMS,True,False,2023-09-02T12:33:51
27e5166e-feaf-4832-a9f2-95071d15f057,2266a0ca-1d55-4af3-984c-297ada1ae07c,Campaign 8,Social,False,False,2025-08-27T12:33:51
241a681d-f7ba-4199-926d-38b4835a5de0,2285f9a2-4005-4575-afa3-4626e87c2c6b,Campaign 6,Phone,False,True,2024-03-08T12:33:51
23ccbc1f-3f57-4ae4-9466-0fecd84824ae,2285f9a2-4005-4575-afa3-4626e87c2c6b,Campaign 8,Email,False,True,2024-09-08T12:33:51
b13f8999-06a6-4db9-bb97-d563c7dc7270,2285f9a2-4005-4575-afa3-4626e87c2c6b,Campaign 5,Phone,True,True,2024-03-23T12:33:51
4fe118b4-5250-4899-84b3-c6d638d703dc,2285f9a2-4005-4575-afa3-4626e87c2c6b,Campaign 9,SMS,False,False,2023-11-19T12:33:51
b2e9d293-8ea7-431e-899f-f6bf1392f80f,2296ed0f-15ac-4c4f-b26f-f6ebb74467a4,Campaign 5,Email,False,True,2023-10-23T12:33:51
ae12a52f-0744-403c-80ce-43e2a57079cb,2296ed0f-15ac-4c4f-b26f-f6ebb74467a4,Campaign 6,Phone,False,False,2024-07-28T12:33:51
a19ae7fb-84c0-41b3-81fb-5b13047739ef,2296ed0f-15ac-4c4f-b26f-f6ebb74467a4,Campaign 10,Social,True,True,2025-05-11T12:33:51
a64239a2-a165-4956-8b99-fba44c8c2140,2296ed0f-15ac-4c4f-b26f-f6ebb74467a4,Campaign 6,SMS,False,False,2024-03-12T12:33:51
e4da85d6-76e7-40c8-8f5e-823cb85bcd34,2296ed0f-15ac-4c4f-b26f-f6ebb74467a4,Campaign 9,Phone,False,False,2025-01-12T12:33:51
105f4a0c-3862-4b0c-b861-19f4f1368383,22a6670c-8b34-4ebb-9d08-02b2c7fc97e7,Campaign 4,Social,False,False,2023-10-13T12:33:51
9d2fd05d-f798-444e-918a-c660c9537320,22a95572-8268-405c-ab4b-a9019a947a66,Campaign 8,Phone,False,False,2024-04-15T12:33:51
946cb402-5f09-47a3-baf3-65fc610f4033,22aa7ff0-91cd-42aa-8a8f-66d4ed7544c6,Campaign 10,Social,True,False,2023-10-26T12:33:51
9dc056f4-9669-4ad4-b8a4-0c3ed6b3ba18,22aa7ff0-91cd-42aa-8a8f-66d4ed7544c6,Campaign 5,Email,True,False,2024-04-16T12:33:51
2151670e-7922-489d-ba95-fae4e37baad5,22aa7ff0-91cd-42aa-8a8f-66d4ed7544c6,Campaign 9,SMS,True,False,2024-03-29T12:33:51
170871e7-1337-4c52-afe3-fa42a919dd2c,22aa7ff0-91cd-42aa-8a8f-66d4ed7544c6,Campaign 4,SMS,False,False,2024-03-20T12:33:51
2537aa71-183d-4760-8f78-9c9ae7311600,22aa7ff0-91cd-42aa-8a8f-66d4ed7544c6,Campaign 5,Phone,True,True,2025-01-14T12:33:51
a0483a5c-1f99-4ccf-b52b-fcdf627d4cfa,22ae8943-4349-430d-9787-ca7ce2f117d5,Campaign 9,Phone,True,False,2025-01-17T12:33:51
404ee70e-20ed-4da6-8e93-9355542193b5,22ae8943-4349-430d-9787-ca7ce2f117d5,Campaign 7,SMS,False,False,2025-07-16T12:33:51
c5218b96-97ee-47b1-ad55-ff7c27edae46,22ae8943-4349-430d-9787-ca7ce2f117d5,Campaign 6,Social,False,False,2025-02-16T12:33:51
45303337-86c4-4d52-affe-811c852abf11,22bb84e2-4c41-4d0a-8bc6-421473b2fc6e,Campaign 9,SMS,False,False,2024-07-14T12:33:51
7c928c97-2a9e-40a8-8e41-9233b4114a82,22bb84e2-4c41-4d0a-8bc6-421473b2fc6e,Campaign 7,Phone,False,False,2024-01-06T12:33:51
43707997-6390-4a81-b84d-8d8f86ea5d0b,22bb84e2-4c41-4d0a-8bc6-421473b2fc6e,Campaign 8,SMS,True,True,2023-12-31T12:33:51
75d95365-b76c-4ea6-b507-da765e086147,22bb84e2-4c41-4d0a-8bc6-421473b2fc6e,Campaign 4,Email,True,True,2024-03-08T12:33:51
a7242351-7311-45a2-96a5-695ad04ea03d,22bb84e2-4c41-4d0a-8bc6-421473b2fc6e,Campaign 6,SMS,True,True,2025-06-01T12:33:51
e943dffa-ecec-4cfe-a85c-0db66b214d5e,231b939d-8da4-4f88-931f-1414d89293ae,Campaign 7,Email,True,False,2025-08-05T12:33:51
afbdea8b-aae3-4df2-957a-7740c4942cd1,231b939d-8da4-4f88-931f-1414d89293ae,Campaign 10,Social,True,True,2024-12-06T12:33:51
4bf91882-67fc-4c31-8630-87d1213527c5,231b939d-8da4-4f88-931f-1414d89293ae,Campaign 5,Phone,False,False,2024-07-14T12:33:51
97a1c9bf-788b-467a-b2ee-7fa80f8c5426,231b939d-8da4-4f88-931f-1414d89293ae,Campaign 1,SMS,True,False,2025-05-20T12:33:51
2182811d-ee6c-4bb5-bdf6-232b29aa22e5,232eef46-7ac8-47bb-b24f-3e80b561c336,Campaign 9,Social,True,True,2023-10-14T12:33:51
aa6eec85-67cb-4751-b581-5db692cea28c,232eef46-7ac8-47bb-b24f-3e80b561c336,Campaign 2,Email,True,False,2025-08-25T12:33:51
7b1dc751-b83b-4a3f-bc56-31d82b039a5c,232eef46-7ac8-47bb-b24f-3e80b561c336,Campaign 4,Phone,True,True,2024-12-25T12:33:51
92e7326a-0148-4e2f-9ea6-84948614fd04,232eef46-7ac8-47bb-b24f-3e80b561c336,Campaign 6,SMS,False,False,2025-08-15T12:33:51
3286042e-d773-4ab6-a819-510a809d4a7a,2340712b-6ff2-419f-8a99-01f4057ee136,Campaign 10,SMS,False,True,2024-08-05T12:33:51
bfcd7ee1-1e0e-4cfa-a71c-4e94d05afd02,2340712b-6ff2-419f-8a99-01f4057ee136,Campaign 6,Email,False,False,2025-02-01T12:33:51
d0d1c0b4-47e0-4367-8ee9-a9b960a74150,2340712b-6ff2-419f-8a99-01f4057ee136,Campaign 10,Email,True,True,2025-08-27T12:33:51
879fa75f-2c8c-42d0-939f-62bd71fb775a,2340712b-6ff2-419f-8a99-01f4057ee136,Campaign 6,SMS,False,False,2024-04-24T12:33:51
8f0cf3c5-9710-4614-843c-dc56e9c99f7e,2340712b-6ff2-419f-8a99-01f4057ee136,Campaign 1,SMS,False,True,2024-10-01T12:33:51
bb1ec950-33ab-46c5-87d2-2a21d798f9e6,235f04d6-95e2-4f87-b2bc-58b97a0eaab4,Campaign 6,SMS,False,False,2024-12-21T12:33:51
a6c17c6d-45ee-4496-bfca-7444c445abfd,235f04d6-95e2-4f87-b2bc-58b97a0eaab4,Campaign 8,Phone,True,False,2024-06-10T12:33:51
950c020d-dde6-4c87-9ac0-a70e465aef57,23719638-0d53-4da6-817a-cf37034d97c1,Campaign 5,SMS,False,True,2024-10-23T12:33:51
57dade8d-a8c4-462e-a872-fc2b1143ee8a,239fb45d-d42a-4bf3-8e86-79d3e552684f,Campaign 10,Email,False,False,2024-02-06T12:33:51
ce06dd25-e087-4c57-b18c-18899c027e7b,239fb45d-d42a-4bf3-8e86-79d3e552684f,Campaign 2,SMS,True,True,2024-12-28T12:33:51
0f87082f-d7e5-4ed2-bc2f-a20fa1d51476,23b0d32b-f83d-474b-8315-2f9935e246df,Campaign 2,Social,False,True,2024-09-02T12:33:51
c6570534-33c7-4f61-9b5b-0ebba122c27f,23b0d32b-f83d-474b-8315-2f9935e246df,Campaign 8,Email,False,False,2024-04-22T12:33:51
c4b5e50d-ea4e-4a8f-a68a-4098acbfa227,23c106b5-143d-4c2c-ba9c-bb4614f0e31b,Campaign 7,SMS,True,False,2024-01-08T12:33:51
e583c90c-addf-4f6d-8ed4-7ccc32e7e9e3,23c49ed9-6c02-4526-bb5e-54d846a04d6c,Campaign 6,SMS,False,False,2025-04-15T12:33:51
703435ac-7667-40c2-a2ca-af5b6ec8ceb5,23c49ed9-6c02-4526-bb5e-54d846a04d6c,Campaign 5,Email,False,True,2024-04-05T12:33:51
c7d51787-39f5-486f-91c4-865d77447ca1,23eb6caa-c8cd-46f3-ae56-170ed4514a4b,Campaign 10,Social,True,True,2023-09-02T12:33:51
acbd312f-513f-4638-9203-fffbd604a783,23eb6caa-c8cd-46f3-ae56-170ed4514a4b,Campaign 10,Phone,False,False,2024-02-10T12:33:51
73c72f50-a961-41e9-9294-7e3c4d682294,23eb6caa-c8cd-46f3-ae56-170ed4514a4b,Campaign 8,Phone,True,False,2023-12-26T12:33:51
d41b4661-a5a5-428c-9131-81217021ef43,23eb6caa-c8cd-46f3-ae56-170ed4514a4b,Campaign 9,SMS,True,False,2023-11-16T12:33:51
4b7d50d1-8325-4218-8a0c-a2b348519da6,23f1dcc0-84bc-4d72-b5aa-ae44b79ae9c8,Campaign 10,Phone,True,False,2024-12-26T12:33:51
cf3dfce6-b2d0-48cd-95ad-9f4ee58cce39,23f1dcc0-84bc-4d72-b5aa-ae44b79ae9c8,Campaign 2,Social,True,False,2024-01-07T12:33:51
d4d05c19-cb9e-4e5a-950f-12cdea53cece,23f1dcc0-84bc-4d72-b5aa-ae44b79ae9c8,Campaign 7,SMS,True,False,2024-07-22T12:33:51
8c996c35-1670-455f-bde7-111be014eb6b,23f1dcc0-84bc-4d72-b5aa-ae44b79ae9c8,Campaign 5,Email,True,True,2023-12-14T12:33:51
25fbc2a8-cce8-4e48-a342-d2931801bcd5,23f1dcc0-84bc-4d72-b5aa-ae44b79ae9c8,Campaign 7,Social,False,False,2025-08-13T12:33:51
f9bdaa78-421e-4d81-aabc-2e2086c19037,24009d6b-1f2a-40f7-95ea-616fa6a70a4e,Campaign 4,SMS,False,True,2025-05-31T12:33:51
aa9531be-d70c-442b-b303-f134ef434bae,24009d6b-1f2a-40f7-95ea-616fa6a70a4e,Campaign 2,Phone,True,False,2025-07-03T12:33:51
2f6c7ebc-86ac-42a0-959f-e62c8c75c995,2417fa65-0562-424e-b1ff-2b0590ec7c28,Campaign 4,Phone,True,False,2024-10-19T12:33:51
d8e996c5-b1ad-4537-b39f-49ea1d8dc2db,2417fa65-0562-424e-b1ff-2b0590ec7c28,Campaign 9,SMS,True,False,2025-02-18T12:33:51
712d2add-2b45-4ff5-8dd1-87f4f366327d,2430d6cb-df73-4701-8b3c-9e0cd2683d80,Campaign 6,Email,False,True,2024-01-28T12:33:51
ca0f0ed7-34fd-436b-816e-9f509ad18269,244b376a-ed74-4dcc-85c1-f0a1a26a19ef,Campaign 8,Social,True,True,2024-01-20T12:33:51
ff1c795a-f64b-4a7e-a93a-12b50e451bc2,244b376a-ed74-4dcc-85c1-f0a1a26a19ef,Campaign 10,Social,True,True,2023-09-30T12:33:51
f03d4f2a-a078-47a4-ae34-9b23522435b2,244b376a-ed74-4dcc-85c1-f0a1a26a19ef,Campaign 7,Social,True,True,2025-03-29T12:33:51
b6c723ae-cf39-42cd-b77d-1df2f4577dc1,244b376a-ed74-4dcc-85c1-f0a1a26a19ef,Campaign 8,SMS,True,False,2025-04-20T12:33:51
c3212e32-41de-4c9e-8d13-101aafb91470,244b376a-ed74-4dcc-85c1-f0a1a26a19ef,Campaign 7,Email,False,True,2023-12-11T12:33:51
288c1008-6e96-4c29-811b-7fb9ec276cb9,24897e18-6ec4-475d-8193-38d46577b2a5,Campaign 8,SMS,False,True,2025-05-10T12:33:51
e07fbd21-9c1c-4bbd-b622-eff9a3420c56,24897e18-6ec4-475d-8193-38d46577b2a5,Campaign 7,Email,False,False,2024-04-12T12:33:51
1d27c848-0d38-49b0-80c8-035848372b31,24897e18-6ec4-475d-8193-38d46577b2a5,Campaign 4,Email,True,True,2024-07-05T12:33:51
b0a028d7-37b6-4690-b12b-523621773b26,24897e18-6ec4-475d-8193-38d46577b2a5,Campaign 1,Social,True,False,2024-11-20T12:33:51
eb958044-89b5-4ad4-803e-9e8a708280c2,24897e18-6ec4-475d-8193-38d46577b2a5,Campaign 8,Social,True,False,2024-03-12T12:33:51
b12b8e08-937a-4e54-95b7-39a091714d97,24f7799e-ce9d-4aab-936d-589543cdfb25,Campaign 4,Social,False,True,2024-06-23T12:33:51
616cb422-efb3-455c-84ee-fcd34dfe3361,24f7799e-ce9d-4aab-936d-589543cdfb25,Campaign 7,SMS,False,False,2024-11-24T12:33:51
5cfea421-7546-4331-a46b-2bf6f2d108f2,2538308f-40a1-4989-951b-bb72f5b24ab9,Campaign 5,Social,False,True,2023-10-19T12:33:51
0c824edc-70fa-40bf-983d-10c48d2f1fb1,2538308f-40a1-4989-951b-bb72f5b24ab9,Campaign 9,SMS,True,False,2024-02-11T12:33:51
ea123bf8-dfcd-4e17-bbe7-c8c047c2ba8f,2538308f-40a1-4989-951b-bb72f5b24ab9,Campaign 6,SMS,True,False,2023-10-20T12:33:51
5c2107bb-856d-425b-b277-8867fd5e4425,2538308f-40a1-4989-951b-bb72f5b24ab9,Campaign 7,Social,False,True,2024-10-17T12:33:51
6facb702-1b5e-4d5a-9c2a-ff63815835b2,2538308f-40a1-4989-951b-bb72f5b24ab9,Campaign 4,Social,False,True,2024-09-22T12:33:51
72b4a8a0-3a7f-442e-8787-a5404c6f1d3a,255c9d24-930c-427f-acf3-9ff42dae890e,Campaign 6,Social,True,False,2025-03-14T12:33:51
fa8fe219-f571-44de-a753-dab4b0a3bdcf,255c9d24-930c-427f-acf3-9ff42dae890e,Campaign 5,SMS,True,False,2024-10-28T12:33:51
f7ed3054-4a33-479e-ad96-a32fefe1b98d,255c9d24-930c-427f-acf3-9ff42dae890e,Campaign 5,SMS,False,True,2025-02-05T12:33:51
072135f4-83d4-44ba-bd80-b0bd0917d8b6,255c9d24-930c-427f-acf3-9ff42dae890e,Campaign 9,Email,False,True,2025-07-14T12:33:51
c6e891d6-9936-435b-ba55-59d1e1348e8c,25619f61-84e1-4542-a3b2-038b6431a49b,Campaign 7,Phone,False,False,2025-01-29T12:33:51
c8b12854-71d3-4a46-9997-6008278f83d5,25619f61-84e1-4542-a3b2-038b6431a49b,Campaign 6,SMS,False,True,2024-12-01T12:33:51
82a20931-6271-4234-90ea-326ebaecf365,25619f61-84e1-4542-a3b2-038b6431a49b,Campaign 7,Social,False,False,2025-07-29T12:33:51
a92e8b99-d5fb-46e4-a636-e1361829897c,25619f61-84e1-4542-a3b2-038b6431a49b,Campaign 2,Social,False,True,2023-11-18T12:33:51
7c09751b-16bc-4a7c-8bb0-f29fa79dd043,259b699d-ff6a-4158-afa7-1d9f2864af4e,Campaign 6,SMS,True,False,2024-02-17T12:33:51
3954d542-233a-4ce9-bed6-750dba1a0c8f,259b699d-ff6a-4158-afa7-1d9f2864af4e,Campaign 4,Social,True,True,2025-05-20T12:33:51
3d59c2b7-9525-4cfa-84cd-ee8fc845e875,25c49145-4ae8-444c-b633-220c22661f6d,Campaign 1,Social,True,True,2025-06-10T12:33:51
e592b99f-7225-4d82-9b10-0ad5c8c69503,26105b7f-5bec-480c-b842-12253e528c3f,Campaign 8,Email,False,True,2025-05-26T12:33:51
3d3e04e7-9bdc-4919-8a95-2faddcdb88e1,2643dea1-ccbe-4dd7-ac97-a5a3d7a27e12,Campaign 6,SMS,True,True,2024-08-17T12:33:51
05e3e9c8-dfcf-4415-affc-52287ffcc1af,2643dea1-ccbe-4dd7-ac97-a5a3d7a27e12,Campaign 7,SMS,False,True,2024-01-15T12:33:51
057a7846-e8d9-483b-8a69-0721c5f06cac,2643dea1-ccbe-4dd7-ac97-a5a3d7a27e12,Campaign 2,Social,True,True,2025-06-18T12:33:51
82e87aee-17c6-43fd-aec0-2ea26d0d538c,265670dd-1041-4fdf-baa6-ed98ae563536,Campaign 6,Email,False,False,2024-12-28T12:33:51
87a35a1f-6c6c-4957-8247-8f507b5a293b,265670dd-1041-4fdf-baa6-ed98ae563536,Campaign 3,SMS,True,True,2025-06-15T12:33:51
e5817131-003e-457c-b8c1-fac639fa9133,265670dd-1041-4fdf-baa6-ed98ae563536,Campaign 7,Phone,True,True,2024-05-13T12:33:51
a05f7510-c8eb-41b1-81f5-a9bc5ae45851,265670dd-1041-4fdf-baa6-ed98ae563536,Campaign 4,Phone,False,False,2024-06-04T12:33:51
79a312ab-972a-4234-bd3d-f04705219cec,265670dd-1041-4fdf-baa6-ed98ae563536,Campaign 2,SMS,True,True,2024-07-07T12:33:51
93fd2e53-8007-48c4-8992-62745dc7512d,266216c5-3a7d-4704-ad8f-9f27bc051a59,Campaign 1,Email,False,True,2023-09-02T12:33:51
6d3cc751-90d3-4b62-a8c4-3a02cfd8fbed,266216c5-3a7d-4704-ad8f-9f27bc051a59,Campaign 3,Email,True,True,2025-03-15T12:33:51
00e4bd33-5942-4b20-81cf-d8d8daab15cc,26882ccb-bb29-4670-87f3-12afbd161d8a,Campaign 5,SMS,True,True,2024-09-28T12:33:51
d08ad7c5-a261-4275-9fc1-d9355a3d0fe3,26882ccb-bb29-4670-87f3-12afbd161d8a,Campaign 6,Phone,True,False,2024-05-04T12:33:51
b2112b8b-7e23-4ccd-8f10-f13c8b1616e1,26882ccb-bb29-4670-87f3-12afbd161d8a,Campaign 3,Phone,False,True,2024-02-22T12:33:51
3736e471-198b-46da-8509-81e07d7a5f3c,26b9f0cd-2c2a-43c8-9a32-ef21e3bb1776,Campaign 9,Phone,True,False,2024-06-28T12:33:51
d760edcc-4847-4272-9f9a-cf1a2f1b5c60,26b9f0cd-2c2a-43c8-9a32-ef21e3bb1776,Campaign 7,Email,False,False,2024-10-21T12:33:51
79d8389c-d768-4d02-9c00-a9088528481e,26dbbfe8-00e7-41af-9db5-cba2a706e547,Campaign 8,Social,False,False,2024-08-20T12:33:51
c5d4abf2-33bf-4d1a-bec5-37246c30dc7b,26dbbfe8-00e7-41af-9db5-cba2a706e547,Campaign 3,Email,False,True,2024-01-13T12:33:51
f856698c-fc47-4c7a-9a51-2e324d898cdc,26dbbfe8-00e7-41af-9db5-cba2a706e547,Campaign 3,Email,False,False,2025-04-28T12:33:51
639899ba-3253-4433-873e-9aad2a741f86,26dbbfe8-00e7-41af-9db5-cba2a706e547,Campaign 1,SMS,False,False,2024-02-12T12:33:51
cca6c00e-76be-4f41-aedd-8890b071e8c7,26dbbfe8-00e7-41af-9db5-cba2a706e547,Campaign 5,Social,False,True,2025-05-25T12:33:51
d0868b57-e036-423a-9600-155d6ac67d7c,26ddec8f-b792-4c44-b5e0-1f6b4db6a668,Campaign 9,Phone,False,True,2025-05-04T12:33:51
674fbe91-7eee-4412-8d05-3acfc54d77d6,26ddec8f-b792-4c44-b5e0-1f6b4db6a668,Campaign 8,Social,True,False,2025-07-11T12:33:51
6e33c9e8-4acb-4c2a-bd44-96e1a06acd96,26ddec8f-b792-4c44-b5e0-1f6b4db6a668,Campaign 9,Social,False,True,2024-06-06T12:33:51
7e7b2f93-5582-4b21-8f55-e04c260f98aa,26ddec8f-b792-4c44-b5e0-1f6b4db6a668,Campaign 7,Phone,True,True,2025-06-07T12:33:51
6c3fb255-9c3f-4b96-8b9e-503658069b2e,26ddec8f-b792-4c44-b5e0-1f6b4db6a668,Campaign 6,Social,True,True,2024-03-22T12:33:51
ad66cb6e-1921-4d44-bfc2-c049edfc060c,26df100c-4551-4ba1-8bc3-6011a43d5880,Campaign 6,SMS,False,False,2025-08-01T12:33:51
5490db02-37d7-4477-a558-101686c299b2,26df100c-4551-4ba1-8bc3-6011a43d5880,Campaign 8,Email,True,False,2024-09-03T12:33:51
dbf40a3e-17d9-466e-9716-32410e43c423,26df100c-4551-4ba1-8bc3-6011a43d5880,Campaign 9,Phone,False,False,2023-10-31T12:33:51
66ac5259-cfc3-4ad9-a14c-e953510359ca,2704331f-9fd8-4cff-a117-836c0d78fd3c,Campaign 1,Email,False,False,2024-10-09T12:33:51
8921cc7f-a7b7-4281-a364-9a3e68ef0744,2704331f-9fd8-4cff-a117-836c0d78fd3c,Campaign 9,SMS,False,False,2024-05-19T12:33:51
3fd4a0e8-635c-4082-9f39-fabe23507dd9,270fc4ae-8d3e-4225-b912-4a16486a8dcc,Campaign 1,Social,True,False,2024-01-25T12:33:51
7a7ea2e7-4fdb-49ca-ad95-3806643ddae8,2714ce02-d9ad-4c76-b327-9b86362984f1,Campaign 3,Email,False,True,2025-02-03T12:33:51
62e021fb-acfe-4be0-8613-d7d6fdbef368,2714ce02-d9ad-4c76-b327-9b86362984f1,Campaign 2,Phone,False,False,2025-03-17T12:33:51
fe66ae97-b602-4d43-9d72-7d32aa55d91c,2714ce02-d9ad-4c76-b327-9b86362984f1,Campaign 6,Email,True,True,2024-11-08T12:33:51
b875c14a-2e9d-4def-bd33-f4aa27602590,2728c27d-cbf1-44ca-bf92-b64c1d18f4fa,Campaign 6,Phone,True,True,2025-04-04T12:33:51
db8a3e57-8cf4-4f20-86e6-95ba2ed91d68,2728c27d-cbf1-44ca-bf92-b64c1d18f4fa,Campaign 3,Phone,True,True,2024-07-12T12:33:51
6c35b1a9-7716-4c95-813c-25eeb90bde6b,2728c27d-cbf1-44ca-bf92-b64c1d18f4fa,Campaign 5,Email,False,True,2025-04-18T12:33:51
9a17c390-078b-4005-9353-62cd4bbd09e6,27726b95-5ffb-4ab5-a82a-858ff1bab914,Campaign 10,SMS,True,False,2024-02-17T12:33:51
11c14735-972d-4fe1-90cc-10e3d4881868,27726b95-5ffb-4ab5-a82a-858ff1bab914,Campaign 6,SMS,True,False,2025-07-02T12:33:51
bd41f956-fbbb-43c3-9d14-a69fb7113fd6,27726b95-5ffb-4ab5-a82a-858ff1bab914,Campaign 2,SMS,False,True,2024-01-13T12:33:51
db3e7001-2873-45d3-9b5b-bd89e0e415fe,278e3e26-17af-4c92-beba-d0227c43af08,Campaign 9,Email,True,True,2024-10-19T12:33:51
f4da98a3-ce39-45b7-a017-82a5de69cfa1,278e3e26-17af-4c92-beba-d0227c43af08,Campaign 6,Social,False,True,2024-12-25T12:33:51
5ff3f8fe-76b4-4db8-b210-13a115da0af2,27ca132e-76a8-4dc5-ace2-31ed889c0dfb,Campaign 2,Email,True,True,2024-11-19T12:33:51
9cc29496-2979-4339-a88c-4615ff77c0f0,27ca132e-76a8-4dc5-ace2-31ed889c0dfb,Campaign 1,SMS,True,False,2025-08-23T12:33:51
31ef95e3-3f03-4a05-965f-e4dfe7eb019f,27ca132e-76a8-4dc5-ace2-31ed889c0dfb,Campaign 1,SMS,False,True,2023-11-19T12:33:51
91903ec3-b447-44f9-8cc2-f17f2d2fd91e,27ca132e-76a8-4dc5-ace2-31ed889c0dfb,Campaign 4,SMS,True,False,2023-12-21T12:33:51
56b5cdfa-a4d6-4976-946c-18f6a7780c07,27ec0765-a7d0-41c9-96db-24ecd936ba1f,Campaign 10,Email,True,False,2023-10-10T12:33:51
c06a54d7-c0d6-4997-8426-7da9489fae0d,2852573c-f4bc-4907-8202-b5be8a0ccedc,Campaign 4,Social,True,True,2024-07-17T12:33:51
2f7230ed-def9-4b9a-b846-7ca0c3058a83,2852573c-f4bc-4907-8202-b5be8a0ccedc,Campaign 4,SMS,True,True,2024-12-25T12:33:51
4259ba6c-308f-4232-bb4e-127906aa8aee,2852573c-f4bc-4907-8202-b5be8a0ccedc,Campaign 1,Social,True,True,2025-03-13T12:33:51
9a0c3445-0d9f-47e0-ba50-06d0b473fc47,2862a95b-ef8b-4645-b623-103fd42b7e80,Campaign 4,SMS,False,True,2024-08-26T12:33:51
db171160-9d32-4a60-be48-0b56b0e221b4,2862a95b-ef8b-4645-b623-103fd42b7e80,Campaign 5,Social,True,False,2024-06-20T12:33:51
1133ca00-a535-40da-ae34-68a1c01fb707,28b1a9f3-fa88-4856-83e5-08e32984df79,Campaign 9,Email,True,True,2024-11-07T12:33:51
59099d72-7d00-4173-9660-c0bb89e72d6d,28b75718-dcc4-468d-a651-2520e2a56d65,Campaign 2,Social,False,False,2025-03-22T12:33:51
e37be8f8-7ea9-46e4-b29e-230f5e326f00,28b75718-dcc4-468d-a651-2520e2a56d65,Campaign 2,Email,False,True,2023-11-19T12:33:51
d9dda508-e4dd-417c-847d-87984d083b90,28b75718-dcc4-468d-a651-2520e2a56d65,Campaign 2,Email,True,True,2025-03-19T12:33:51
a3a8461c-0dba-4c13-b3e4-8bda984a8783,28cc7203-d6f6-4804-84c9-b1b6cc9dafc8,Campaign 8,Email,True,False,2024-01-05T12:33:51
24ec705b-a6dd-47fe-8767-d7ea1619c033,28cc7203-d6f6-4804-84c9-b1b6cc9dafc8,Campaign 8,Social,False,False,2023-09-09T12:33:51
816c4ff7-1449-4515-aded-39367be7743e,28cc7203-d6f6-4804-84c9-b1b6cc9dafc8,Campaign 9,SMS,False,True,2024-11-08T12:33:51
62f5467b-f076-4e87-ae4e-d4b4e463bd31,2903ab25-fa9b-4ed8-890a-535849ce5cb9,Campaign 1,Email,True,True,2024-02-09T12:33:51
3cd954b5-f57b-498c-a4c6-5fbef16737d4,294d3756-5571-4a92-8bdf-94f3678d862c,Campaign 5,Email,True,False,2024-09-01T12:33:51
3a3e99a4-b1e9-4c35-890c-47ed00033e3c,294d3756-5571-4a92-8bdf-94f3678d862c,Campaign 6,Email,False,False,2023-12-13T12:33:51
86bebecd-a603-40b5-9f95-83878a1af421,294d3756-5571-4a92-8bdf-94f3678d862c,Campaign 5,Social,False,False,2025-06-28T12:33:51
7d5eed3f-d5ef-40c3-9c74-4571572fdcee,2979915f-f894-4008-87f6-75f3ac03106e,Campaign 10,SMS,True,False,2025-01-28T12:33:51
088bf9ad-f5e8-4093-9557-efca20407b0c,2979915f-f894-4008-87f6-75f3ac03106e,Campaign 7,SMS,True,False,2025-06-03T12:33:51
ec1c6964-2096-4559-9c05-bb976f1b0337,2979915f-f894-4008-87f6-75f3ac03106e,Campaign 4,Phone,True,True,2025-08-27T12:33:51
a9c3a299-44f4-41fa-b8d1-a0b35d0b5f0b,298b7709-cb1f-4587-bbf5-c3ff5b49d77e,Campaign 9,SMS,False,False,2024-09-23T12:33:51
c114a7e1-ca92-4c1a-8bec-37e18c5c78b3,298b7709-cb1f-4587-bbf5-c3ff5b49d77e,Campaign 5,SMS,False,False,2025-08-09T12:33:51
bfe35ab0-0a5a-4bf4-b504-fc10bf45b82b,29c2749a-66d4-4d16-9961-cdb8bb8fcb6e,Campaign 7,Social,True,True,2024-01-12T12:33:51
53a4f124-128d-46ad-a5b9-8e2a5e2b583e,29c2749a-66d4-4d16-9961-cdb8bb8fcb6e,Campaign 3,Social,False,True,2025-04-23T12:33:51
a70e5b1e-602e-4b4f-bed7-9f6d9305b960,29c5d0bb-ee77-45e6-9624-fdc0cb500a65,Campaign 8,Email,True,True,2024-11-26T12:33:51
0f4bb0c5-e37b-4d6b-8a09-524c82c51764,29c5d0bb-ee77-45e6-9624-fdc0cb500a65,Campaign 10,Phone,False,True,2024-10-23T12:33:51
147ca104-5efd-4006-a889-e8014c35c020,29c5d0bb-ee77-45e6-9624-fdc0cb500a65,Campaign 7,Phone,True,False,2023-12-17T12:33:51
9447d91b-cb46-4fa8-8ccd-5a823b9a068e,29c5d0bb-ee77-45e6-9624-fdc0cb500a65,Campaign 10,SMS,False,False,2025-05-25T12:33:51
42610e84-4519-4472-b475-d8c3928d97c9,29f0b517-7c10-4698-87ad-1881dc20ea1a,Campaign 5,SMS,True,False,2025-05-13T12:33:51
a27cf89d-26e8-409e-9ccc-78b3081dd09e,2a17c521-0afd-48d9-9fd6-0974aa1073c8,Campaign 7,Email,True,False,2024-12-12T12:33:51
0caee823-67d3-4f5f-8827-d1a4345cee0b,2a17c521-0afd-48d9-9fd6-0974aa1073c8,Campaign 10,Social,True,False,2024-05-16T12:33:51
ece42ea3-9046-4cd7-9b14-6442f4f7053d,2a17c521-0afd-48d9-9fd6-0974aa1073c8,Campaign 3,Email,True,True,2023-09-04T12:33:51
dfb319b2-3814-44bc-8014-3700bcf75812,2a2b1a6e-c6f0-4894-b105-25387cf2aa8e,Campaign 5,Social,True,False,2024-02-19T12:33:51
4c59fdad-48d9-4efb-818c-1bb63d8ddb4d,2a3bbeb8-5396-4be5-a8f1-8c4407705460,Campaign 7,SMS,True,True,2023-12-23T12:33:51
6ea9e3fc-d65c-459c-9e85-c57f6110fb57,2a3bbeb8-5396-4be5-a8f1-8c4407705460,Campaign 5,Email,True,False,2023-12-19T12:33:51
16c31a24-8e47-4337-82e9-0ddbcb502853,2a3bbeb8-5396-4be5-a8f1-8c4407705460,Campaign 2,Email,False,False,2024-11-14T12:33:51
f81b3aa8-06e7-4873-b10d-f3e1478c81b4,2a3bbeb8-5396-4be5-a8f1-8c4407705460,Campaign 1,Email,True,False,2024-04-18T12:33:51
29a4e0d8-bd62-42c8-9f14-761184a9e910,2a8194e1-b02a-4aa8-91a1-f03c2afa2341,Campaign 10,Social,False,True,2023-10-26T12:33:51
b852044f-db4a-4200-83e0-f8c473c7db4a,2a8194e1-b02a-4aa8-91a1-f03c2afa2341,Campaign 9,Email,False,True,2025-02-05T12:33:51
47dfb524-085f-44a6-8d5b-78cd5b1fcfa6,2af08dc5-2364-4459-9276-ca39118849d0,Campaign 6,Social,False,False,2023-11-05T12:33:51
5e64f930-53f0-40e7-bc83-3d16cccb1f1a,2af08dc5-2364-4459-9276-ca39118849d0,Campaign 8,Social,True,True,2025-03-08T12:33:51
bf653f0f-8685-48e4-a7b6-7c6d804e9a10,2af08dc5-2364-4459-9276-ca39118849d0,Campaign 1,Email,True,True,2025-02-16T12:33:51
8f3040e4-5d72-4320-85e1-d37c39afa15c,2af29d54-cb95-484d-a9ed-328441274a6c,Campaign 8,Social,False,True,2024-09-10T12:33:51
7ef41771-1cde-42f4-8575-0a03c4aad85c,2af29d54-cb95-484d-a9ed-328441274a6c,Campaign 3,SMS,False,True,2025-05-29T12:33:51
89deb63c-95e1-4767-9c50-7cd457afdfcf,2afcbbf2-a55b-4a53-af26-542e01175849,Campaign 1,SMS,False,True,2024-11-08T12:33:51
6415f1d4-0b5b-4aee-9342-26e90b384de7,2afcbbf2-a55b-4a53-af26-542e01175849,Campaign 8,Email,True,True,2024-12-04T12:33:51
fa41bd9e-db97-4736-8f5e-411558e3ae52,2afcbbf2-a55b-4a53-af26-542e01175849,Campaign 5,Email,True,True,2025-08-23T12:33:51
10babe5b-87c4-4186-b44d-2a341d8232dc,2afcbbf2-a55b-4a53-af26-542e01175849,Campaign 10,SMS,True,True,2025-02-18T12:33:51
7d7a2cad-9848-4f82-8b52-88b243c2c8ca,2afcbbf2-a55b-4a53-af26-542e01175849,Campaign 1,Email,True,True,2024-03-11T12:33:51
12174bbd-c8a3-4696-8fda-258a1864c2ce,2b0a442a-b66d-462a-8665-6f26d5fef0d4,Campaign 3,Social,True,True,2024-07-10T12:33:51
dfc5e820-6b54-462b-964a-c8d59cebf9e1,2b0a442a-b66d-462a-8665-6f26d5fef0d4,Campaign 10,Phone,False,True,2023-11-01T12:33:51
db42b589-504e-4032-8da6-318e98fce282,2b0a442a-b66d-462a-8665-6f26d5fef0d4,Campaign 9,Phone,False,True,2025-05-29T12:33:51
08be66c8-97b4-4287-a673-9d7f501f7937,2b177450-699d-44b1-b572-0da4331c05eb,Campaign 6,Phone,True,True,2024-08-31T12:33:51
0ded53e9-9120-43da-8bfc-fe5d1b163f4a,2b3b89a4-1f0d-4ffb-9728-993b36d01245,Campaign 6,SMS,True,False,2024-07-13T12:33:51
469d4780-dea8-4177-9ffb-fb9e90027cbe,2b3b89a4-1f0d-4ffb-9728-993b36d01245,Campaign 3,Social,False,True,2024-06-27T12:33:51
0e9b151b-10d7-444f-b8f6-bdc995fff3de,2b3b89a4-1f0d-4ffb-9728-993b36d01245,Campaign 3,Social,True,False,2024-03-06T12:33:51
5f7267ed-3a40-49a7-a42f-ed360ca44304,2b4d1634-1bb7-4d56-981b-16b714732f0c,Campaign 8,Email,True,False,2024-02-17T12:33:51
a479b36d-4739-4fa8-877d-9d348abd9eb3,2b811bef-5500-47a3-8959-7d87242bcbaf,Campaign 8,Email,False,False,2025-02-26T12:33:51
e7bf5ede-a0b3-4fd0-b640-10ab167ee9e0,2b811bef-5500-47a3-8959-7d87242bcbaf,Campaign 8,Phone,True,False,2025-05-06T12:33:51
5f011181-4534-428e-8ee5-2a85f92550ab,2b8725b7-b7fb-4723-9966-dc6e7c233ca6,Campaign 1,SMS,False,False,2024-10-01T12:33:51
6093334c-7bb4-4eb3-a1c2-41f2e9cc1305,2b8e2232-3e0c-4a24-91e9-962fbb766f15,Campaign 6,Social,False,False,2025-01-21T12:33:51
a3f2d2fc-a61a-4e67-ae18-71e349ed9f62,2b8e2232-3e0c-4a24-91e9-962fbb766f15,Campaign 10,SMS,True,True,2025-08-27T12:33:51
7606aa5a-da8d-4c6d-b103-d178f0d54ba4,2b8e2232-3e0c-4a24-91e9-962fbb766f15,Campaign 6,Email,False,False,2025-07-02T12:33:51
326aa3f6-bc46-4917-b81b-a5e78c4876ba,2b8e2232-3e0c-4a24-91e9-962fbb766f15,Campaign 7,Email,False,True,2024-02-05T12:33:51
626792be-a38c-4571-87e2-0acdadc6678d,2b8e2232-3e0c-4a24-91e9-962fbb766f15,Campaign 4,Social,False,True,2023-12-20T12:33:51
de30a55e-2038-4a3c-b571-a646e41dfe7d,2b8ee594-8f21-4d3f-9de4-881662f13a31,Campaign 2,Email,False,True,2024-09-16T12:33:51
8112c349-53b8-4142-8082-67a4bbdbbc15,2b8ee594-8f21-4d3f-9de4-881662f13a31,Campaign 2,SMS,False,True,2025-07-13T12:33:51
568216bc-c0eb-4e4e-915f-be1bdb8482ae,2b8ee594-8f21-4d3f-9de4-881662f13a31,Campaign 9,Phone,False,True,2024-12-23T12:33:51
8eb77880-f3a5-464f-83ca-50c3e7b548b5,2bab1007-ad4b-4ae7-83b1-5d4cab2460d0,Campaign 5,Phone,True,False,2024-05-07T12:33:51
c4f28d2f-ac03-41cc-a5f0-827ae8234303,2bab1007-ad4b-4ae7-83b1-5d4cab2460d0,Campaign 10,Phone,True,True,2024-05-02T12:33:51
635edaa4-d667-49de-af30-8198a41b3cce,2bb095b5-5109-4066-b608-a726e60a8c6d,Campaign 7,Phone,True,True,2025-01-22T12:33:51
59379091-489e-4b43-b0ae-d0eebc2a21d4,2bb095b5-5109-4066-b608-a726e60a8c6d,Campaign 6,SMS,False,True,2024-07-26T12:33:51
545b6ed3-af09-44da-8b15-369af0d63698,2bb095b5-5109-4066-b608-a726e60a8c6d,Campaign 7,Social,True,True,2024-02-01T12:33:51
eb29ba84-75cc-46fe-ba77-87d8cc9bb18d,2bb402a8-7f9c-48d5-8f1c-1fe6e5b261cc,Campaign 4,Email,True,True,2024-05-17T12:33:51
118c543a-c91e-4ef5-be9c-0fa8eec7b080,2bb402a8-7f9c-48d5-8f1c-1fe6e5b261cc,Campaign 10,Phone,False,True,2024-12-04T12:33:51
6ae70216-07cd-4c02-a485-f4fa8b718e62,2bb53d30-e2a2-435d-863e-f58dcb8f72af,Campaign 6,Phone,False,False,2025-07-02T12:33:51
0c6d8d12-d582-497f-a506-ebca116c55ce,2bb53d30-e2a2-435d-863e-f58dcb8f72af,Campaign 9,Phone,True,True,2024-08-09T12:33:51
e7ced45e-d754-4456-b878-424695d213c9,2bb53d30-e2a2-435d-863e-f58dcb8f72af,Campaign 10,Phone,True,True,2024-09-28T12:33:51
1a49b923-b3be-43aa-abbc-082d15bf9f11,2bdf7d6d-dee1-4e06-b23c-e3f75fee32f5,Campaign 10,Email,False,False,2024-08-24T12:33:51
d362898b-0ab4-4bd0-b235-d3745e183094,2c9141a5-059e-4c4a-9e45-16fcb8dd75f2,Campaign 7,Email,False,False,2024-08-26T12:33:51
35a19041-2bbb-4068-a57a-eefe1c9ed7d3,2c9141a5-059e-4c4a-9e45-16fcb8dd75f2,Campaign 6,SMS,True,True,2023-10-22T12:33:51
cf2ffdb2-0a89-4e7d-bb19-e8bbb1a67f23,2c966663-2ea8-4275-b666-af7e29533f17,Campaign 1,Email,True,False,2025-03-27T12:33:51
eb275b9f-5fe4-47c4-9ee3-833c34cd3f3a,2c966663-2ea8-4275-b666-af7e29533f17,Campaign 5,Email,False,True,2024-01-22T12:33:51
b1d2710b-d2a0-40e6-96a3-24026b377273,2c966663-2ea8-4275-b666-af7e29533f17,Campaign 7,SMS,True,True,2024-08-07T12:33:51
47941911-4746-4d12-9db6-09574c6fb998,2cab6e9a-02ff-4c51-b54c-c8f16f6bf888,Campaign 10,SMS,False,False,2025-03-22T12:33:51
a2fb3adb-e3b1-4e53-b608-08ba33a7460a,2cab6e9a-02ff-4c51-b54c-c8f16f6bf888,Campaign 8,SMS,True,True,2024-03-14T12:33:51
1c55ba58-a811-4248-bc44-fd59a1a1eaf2,2cab6e9a-02ff-4c51-b54c-c8f16f6bf888,Campaign 6,SMS,True,False,2023-10-25T12:33:51
dbb4db0a-34e0-4b3f-a150-6fb9ccc88121,2cab6e9a-02ff-4c51-b54c-c8f16f6bf888,Campaign 5,Phone,False,False,2023-10-10T12:33:51
85475f51-83dd-458a-bc46-5829369634eb,2cb1e42f-5ea9-4c5f-bb4d-9e3a7e95fcb7,Campaign 8,Email,True,False,2024-06-01T12:33:51
b2907a5a-765d-4713-b36d-d2d2dbea6572,2cbbea22-341d-4739-aad8-449aff8f7470,Campaign 6,Email,False,False,2024-10-03T12:33:51
c1060be5-520c-484b-bf0e-8a05a93abe24,2cbbea22-341d-4739-aad8-449aff8f7470,Campaign 1,Email,True,False,2024-02-27T12:33:51
3f509b21-cd39-4f8c-97b5-2cf0a2661843,2cbbea22-341d-4739-aad8-449aff8f7470,Campaign 4,Phone,True,True,2025-05-31T12:33:51
43a79f6e-7757-46e3-8c72-8f6dea2bfc2d,2cbbea22-341d-4739-aad8-449aff8f7470,Campaign 10,Social,True,True,2023-10-25T12:33:51
2736f88d-4975-49f1-89c0-f0a6c620fcb2,2cbbea22-341d-4739-aad8-449aff8f7470,Campaign 1,Social,False,True,2023-10-01T12:33:51
cc4b4448-f943-4497-92f5-ae36e9fad0fe,2cc2b739-30f8-4956-8e77-513fb057ca11,Campaign 3,Email,True,False,2024-04-09T12:33:51
afd14367-214c-4900-a3ea-082fde22af89,2cc2b739-30f8-4956-8e77-513fb057ca11,Campaign 5,Social,False,False,2024-07-11T12:33:51
f26c027a-1475-46cb-a159-5e89923e9a3e,2cc2b739-30f8-4956-8e77-513fb057ca11,Campaign 8,Email,True,False,2024-09-08T12:33:51
9798d3cc-8cb5-4b73-970d-57bc19bf7169,2cc2b739-30f8-4956-8e77-513fb057ca11,Campaign 7,Social,False,True,2024-06-14T12:33:51
974dda75-803a-4612-82bd-d29194a12cec,2cc2b739-30f8-4956-8e77-513fb057ca11,Campaign 3,Social,False,True,2025-04-27T12:33:51
6b583ea5-f3de-4b64-83d3-450fcd7bcdda,2cdfec1d-2f33-47cf-a81f-7442578c17b8,Campaign 3,SMS,False,True,2024-03-07T12:33:51
c8df03ca-e071-4370-b32e-746c6ca70b96,2cdfec1d-2f33-47cf-a81f-7442578c17b8,Campaign 3,Social,False,False,2024-02-04T12:33:51
a5bc78f4-d75f-4b8f-9561-c14f1d5667fd,2cfaa98c-7ba8-4a70-8523-a5513af1b5a3,Campaign 9,Phone,False,True,2023-11-18T12:33:51
97ab8e26-54c0-4f48-86f6-7732d924bf46,2cfaa98c-7ba8-4a70-8523-a5513af1b5a3,Campaign 2,Social,False,True,2025-02-20T12:33:51
24353d8e-1b78-4dbb-9698-8e7a0db096de,2cfaa98c-7ba8-4a70-8523-a5513af1b5a3,Campaign 5,Social,True,False,2024-02-15T12:33:51
e9a5ce47-6e4f-432d-9c51-b72098dc8ce5,2d07d31a-e76b-40c7-8aac-69d0f66b5312,Campaign 6,SMS,False,False,2023-10-22T12:33:51
f7cbebaf-d4d8-4ae6-b69f-4449346c5684,2d07d31a-e76b-40c7-8aac-69d0f66b5312,Campaign 9,Email,True,False,2025-02-22T12:33:51
e207e0f1-436e-47e5-bbce-ac1fa5de6aee,2d07d31a-e76b-40c7-8aac-69d0f66b5312,Campaign 2,Social,True,False,2023-09-08T12:33:51
4442ad82-ea89-4926-8afd-bd94e3140d7f,2d07d31a-e76b-40c7-8aac-69d0f66b5312,Campaign 8,Social,True,True,2023-11-24T12:33:51
e42e6782-ac5f-4eb1-a899-9cf51efe1f9b,2d121bb4-7cca-456c-91fa-7b139041aef7,Campaign 9,SMS,False,False,2025-06-27T12:33:51
3300fb3e-dd26-4f7e-b444-8b125d2417da,2d46b923-8f88-4c01-97dd-334b2c7d0906,Campaign 1,Social,False,False,2024-07-20T12:33:51
cc3de45a-9e5d-4399-ac03-e41ce2664fc4,2d46b923-8f88-4c01-97dd-334b2c7d0906,Campaign 6,Email,True,True,2025-05-29T12:33:51
38bc405a-8b53-42a1-8014-2abfefb0c44c,2d46b923-8f88-4c01-97dd-334b2c7d0906,Campaign 2,Phone,False,False,2024-08-20T12:33:51
28679f00-df07-4539-8a1f-b49610506e96,2d46b923-8f88-4c01-97dd-334b2c7d0906,Campaign 8,Email,False,False,2025-03-17T12:33:51
b14e4132-25b2-4e42-89f9-2506c8cdc74c,2d66b2aa-f2a6-4a00-b55d-bced6e91663a,Campaign 8,Email,False,True,2024-06-18T12:33:51
7390387b-3686-4cb2-95cd-2afec1b71660,2d66b2aa-f2a6-4a00-b55d-bced6e91663a,Campaign 10,Social,False,False,2025-04-02T12:33:51
916a7ec2-1f0f-4cb0-9f50-8e7ba56f212d,2d66b2aa-f2a6-4a00-b55d-bced6e91663a,Campaign 4,Phone,True,False,2023-09-09T12:33:51
df43aae7-c9a5-4b23-a4e3-df9f31babe9d,2d9a78c4-6526-4d43-b065-62614cdd999f,Campaign 4,Social,False,False,2024-03-29T12:33:51
57fce6a6-f095-43e9-894d-d651950d56c5,2d9a78c4-6526-4d43-b065-62614cdd999f,Campaign 8,Phone,True,True,2025-01-27T12:33:51
b1b6b7ae-c79d-42aa-8c13-a4e7ec18d8b4,2d9a78c4-6526-4d43-b065-62614cdd999f,Campaign 8,Phone,True,True,2025-03-04T12:33:51
e8849e71-6339-4cb7-9e3e-e6847f126cb5,2d9a78c4-6526-4d43-b065-62614cdd999f,Campaign 4,SMS,False,True,2025-01-19T12:33:51
3873a052-d925-424f-b112-ffcca8180013,2d9b6320-d18f-40d7-b716-dafb2137cbe0,Campaign 8,Social,True,True,2024-08-29T12:33:51
1b607e96-fae4-45d0-8916-53ac1d1b853a,2d9ccd02-9d29-4728-a3af-2bcc24ae7772,Campaign 7,SMS,True,False,2025-06-27T12:33:51
748cb8b7-db44-4a7d-b951-3816bef3d0c1,2d9ccd02-9d29-4728-a3af-2bcc24ae7772,Campaign 10,Email,True,True,2024-04-23T12:33:51
97ca21e2-143b-45a6-ba98-03e00264bb1d,2d9ccd02-9d29-4728-a3af-2bcc24ae7772,Campaign 2,Email,True,False,2024-02-07T12:33:51
af44421a-9e3c-47a1-b1b2-1a9371f9048d,2d9ccd02-9d29-4728-a3af-2bcc24ae7772,Campaign 2,Social,False,False,2024-09-06T12:33:51
3e339744-81c6-4160-ae43-5838b8961517,2db0bb95-91e4-4b5e-99b7-cd1f8ab72983,Campaign 4,Social,True,False,2023-12-01T12:33:51
39d77949-ab87-4b9f-9ee4-5fa8909662a6,2db0bb95-91e4-4b5e-99b7-cd1f8ab72983,Campaign 9,Phone,False,False,2025-01-06T12:33:51
7cfb2244-487c-4114-a523-baeb497aee14,2dbdf825-9ea4-450d-957c-1d119b2e05c7,Campaign 8,SMS,False,False,2025-07-01T12:33:51
4ebd0b51-1f66-4853-b489-8278452ec6aa,2dbdf825-9ea4-450d-957c-1d119b2e05c7,Campaign 10,Social,False,True,2024-07-06T12:33:51
b3dbc929-5d44-47eb-9b9b-0f843dda86f5,2dbdf825-9ea4-450d-957c-1d119b2e05c7,Campaign 4,SMS,False,False,2024-04-01T12:33:51
30899829-9a41-4b2c-9227-3c855438695c,2dd1b902-b67e-4c39-8890-535aa0f412d6,Campaign 6,Social,False,True,2024-08-19T12:33:51
9a7b094f-6409-4f53-8c22-f9785926fdf7,2dd1b902-b67e-4c39-8890-535aa0f412d6,Campaign 7,Email,False,True,2024-08-20T12:33:51
8bdb1f06-d60b-4d55-848e-89ace0436f4d,2dda8be8-0ac6-4ff2-ad09-fcbc3fbf92f2,Campaign 5,Phone,False,False,2024-07-02T12:33:51
c5947add-9c3f-46c5-9e51-126f5ed674ea,2dda8be8-0ac6-4ff2-ad09-fcbc3fbf92f2,Campaign 8,Social,False,False,2024-06-10T12:33:51
f69b79ba-ace9-4fa3-a751-e277c676729a,2dda8be8-0ac6-4ff2-ad09-fcbc3fbf92f2,Campaign 7,SMS,True,True,2024-04-27T12:33:51
b42cc093-333d-4378-a6a8-659e338dd244,2df1ebef-9b9d-4b82-bfd9-aa7ee83e84e0,Campaign 7,Email,True,False,2025-01-16T12:33:51
fba012ec-6697-46f7-af67-f7cf279c69cd,2df1fde1-8e0b-40d7-911a-5f2703edbd07,Campaign 6,SMS,True,False,2024-03-18T12:33:51
202342b0-e9eb-4199-9641-2457ca8a1203,2e030788-2d79-49f3-a6bc-87b3bade8bee,Campaign 8,SMS,True,False,2024-12-02T12:33:51
c225da64-85bd-462b-8853-23d929da1254,2e030788-2d79-49f3-a6bc-87b3bade8bee,Campaign 7,Social,True,True,2025-07-29T12:33:51
4fa288a4-132b-4991-86a9-a5e00c85e3e5,2e030788-2d79-49f3-a6bc-87b3bade8bee,Campaign 9,Phone,False,False,2025-06-09T12:33:51
e63c5061-f7a0-400d-8355-69fb5c388dfe,2e1728e2-5932-4a10-b4b0-40f07b3192ab,Campaign 9,Social,False,False,2025-07-23T12:33:51
8d91c84d-d06b-4d4c-bc00-d06e43e2ef33,2e1728e2-5932-4a10-b4b0-40f07b3192ab,Campaign 3,Phone,True,True,2025-01-15T12:33:51
c9d7ff90-4f73-409c-aa67-3e64bd8fbee9,2e1728e2-5932-4a10-b4b0-40f07b3192ab,Campaign 2,Phone,True,True,2023-09-22T12:33:51
68998771-49f0-449f-a068-55e18a77b3b9,2e1728e2-5932-4a10-b4b0-40f07b3192ab,Campaign 9,Phone,False,False,2025-01-13T12:33:51
a07e40f5-dda5-4dd3-adca-93766a3ca9e2,2e1728e2-5932-4a10-b4b0-40f07b3192ab,Campaign 6,Social,True,True,2025-02-23T12:33:51
ac97eb61-117d-412b-8c10-22c490701f85,2e308e78-c5ac-4d79-b75b-45352da82f6a,Campaign 6,Phone,False,True,2025-06-19T12:33:51
2587b713-9c93-447a-b8d1-53eb01238307,2e308e78-c5ac-4d79-b75b-45352da82f6a,Campaign 9,SMS,False,True,2024-05-01T12:33:51
f2346571-de55-43b6-99a9-9bc8fc2fddb0,2e3f035c-48a0-40e3-b02e-d93f1fbfd0b6,Campaign 5,Email,True,False,2023-11-26T12:33:51
a37bf577-37cc-4137-a848-6a648db5e9e9,2e3f035c-48a0-40e3-b02e-d93f1fbfd0b6,Campaign 6,Email,False,False,2023-12-31T12:33:51
0425e882-9e6b-44f2-8b59-bd3ba0bb06dd,2e3f035c-48a0-40e3-b02e-d93f1fbfd0b6,Campaign 6,Phone,True,False,2025-02-26T12:33:51
5e0a13b6-98f1-46a6-a48a-64bac60eb5e7,2e3f035c-48a0-40e3-b02e-d93f1fbfd0b6,Campaign 6,Email,False,True,2024-08-08T12:33:51
431c8d8e-297e-4fdb-bea9-b31755032ff2,2e48d2ec-3f38-4f2a-ab29-8d5860a39d4c,Campaign 1,Social,True,True,2024-12-18T12:33:51
d5a25839-c52f-45b1-99fb-cbaa4532115f,2e48d2ec-3f38-4f2a-ab29-8d5860a39d4c,Campaign 5,Email,False,True,2025-04-25T12:33:51
c0d0e35d-f01a-47ca-8a63-b68d3ae80902,2e48d2ec-3f38-4f2a-ab29-8d5860a39d4c,Campaign 9,Social,False,True,2024-01-12T12:33:51
ac541764-4f2f-4fae-aee5-42a6e0af8146,2e876271-f190-466b-89a9-b0840d35949a,Campaign 10,Email,True,False,2024-04-17T12:33:51
de8105d7-9e72-4c9d-8935-32cc87600113,2e876271-f190-466b-89a9-b0840d35949a,Campaign 1,Email,False,True,2024-11-30T12:33:51
1f71d37f-a5e8-4752-9524-938f84306533,2e876271-f190-466b-89a9-b0840d35949a,Campaign 8,Email,False,False,2025-05-13T12:33:51
adfc83cc-9796-4d8c-ba92-a1e8cfe367ca,2e876271-f190-466b-89a9-b0840d35949a,Campaign 7,Email,False,False,2024-10-19T12:33:51
56b75720-9bbe-4bea-a55d-4234e71f3c38,2e9aba02-cb84-46f1-96fe-13d75bbc9f25,Campaign 7,SMS,True,False,2024-05-14T12:33:51
7572af56-dd56-4bc3-a6b8-25ce0ce555bc,2e9aba02-cb84-46f1-96fe-13d75bbc9f25,Campaign 7,Email,False,False,2024-04-06T12:33:51
7fdfc1c0-e539-4a9d-9990-51a291071573,2e9b35a5-a02d-4149-aefc-0f8341536a57,Campaign 7,SMS,False,False,2025-01-04T12:33:51
822f860e-9061-42a0-84d7-7b482941c801,2ed86b15-7378-465e-ba18-ed252848712c,Campaign 5,Email,True,False,2024-02-10T12:33:51
7aca8195-efc8-46b8-b431-242fc4d17027,2ed86b15-7378-465e-ba18-ed252848712c,Campaign 1,Phone,True,False,2025-04-09T12:33:51
f357a813-74a9-41a4-b843-d76461f3a583,2ee1265f-5e93-4299-84c0-6ef0f173b6fb,Campaign 4,Email,False,True,2024-02-12T12:33:51
7251edae-36f9-4164-9e39-4d253aba5bbc,2f5ce024-d518-466a-9b3a-f0b373c6f23c,Campaign 1,SMS,False,True,2023-10-06T12:33:51
9ef5363c-6007-431a-805d-0a6496253eee,2f5ce024-d518-466a-9b3a-f0b373c6f23c,Campaign 1,Phone,True,True,2025-05-24T12:33:51
d24da7ce-8c0c-4a3d-8dd5-acc6fa99e9b3,2f5ce024-d518-466a-9b3a-f0b373c6f23c,Campaign 9,Phone,True,False,2024-05-06T12:33:51
39453ead-a5d2-44b6-9122-be075cb36649,2f5ce024-d518-466a-9b3a-f0b373c6f23c,Campaign 9,SMS,False,False,2023-11-02T12:33:51
f29b0549-60af-4946-b9db-c140adbe2acd,2f682037-a568-495a-b7a1-1ea3412c62f5,Campaign 1,Social,False,False,2023-09-28T12:33:51
b84cad42-b783-49f9-92c1-e5eb307c1c7c,2f682037-a568-495a-b7a1-1ea3412c62f5,Campaign 3,Social,True,True,2024-11-30T12:33:51
cc60267f-6afa-41f3-910c-c69343086496,2f682037-a568-495a-b7a1-1ea3412c62f5,Campaign 1,Phone,False,True,2023-09-05T12:33:51
e15fbac3-3df3-45e2-8217-17718b434d75,2f682037-a568-495a-b7a1-1ea3412c62f5,Campaign 5,Phone,True,False,2024-08-05T12:33:51
97410db7-8a6c-4103-9824-6cb7676c11d1,2f9a05fd-802d-4838-be40-039bcce449d6,Campaign 6,SMS,True,False,2024-04-18T12:33:51
8b4eb287-b92d-4ade-a69b-9fa4c1bc6c9e,2f9a05fd-802d-4838-be40-039bcce449d6,Campaign 6,Phone,True,True,2025-01-15T12:33:51
d5199754-ffff-4624-a66b-596b4377af57,2f9b8cac-07a4-418a-97be-02e2693884e3,Campaign 8,SMS,True,True,2024-06-06T12:33:51
bf33dec2-c15c-4b88-a384-8dd76368251d,2f9b8cac-07a4-418a-97be-02e2693884e3,Campaign 8,Social,True,False,2024-11-30T12:33:51
6231e02f-d5c2-45ec-a58c-615e076b9417,2f9b8cac-07a4-418a-97be-02e2693884e3,Campaign 6,Social,False,False,2025-08-02T12:33:51
66f0ead6-df0d-4c64-ad36-e10b8fc2711a,2fa75d45-d967-443b-8671-15d8d6d1b658,Campaign 6,Social,True,True,2024-12-29T12:33:51
3db17201-e8f6-4195-a7d8-a826f103e8ff,2fa75d45-d967-443b-8671-15d8d6d1b658,Campaign 4,Email,False,True,2024-11-04T12:33:51
52cf6325-16fe-4486-9f05-2b43f25b4727,2fe36831-ee59-43c7-a4ff-b947a9131830,Campaign 10,SMS,False,False,2024-11-15T12:33:51
4c0b5ce7-1155-4069-bbfb-692aa1e3b46f,2fe36831-ee59-43c7-a4ff-b947a9131830,Campaign 1,SMS,False,True,2023-09-30T12:33:51
5de13b07-a8b5-4217-bc03-d77884702295,2fe36831-ee59-43c7-a4ff-b947a9131830,Campaign 3,Email,False,True,2023-10-04T12:33:51
e3ae55bc-93c8-4180-a9d9-0cbb68c044e9,2fe36831-ee59-43c7-a4ff-b947a9131830,Campaign 1,Email,False,False,2023-12-30T12:33:51
3f7bfaf2-5a92-4c8f-aa6f-9698e736a7d0,2fe5c101-7d45-4d43-9760-33b83dbcd20a,Campaign 8,Phone,False,False,2024-04-25T12:33:51
55fcfe06-0edc-4f11-913c-0e021b130615,2fe5c101-7d45-4d43-9760-33b83dbcd20a,Campaign 9,Social,False,False,2024-01-20T12:33:51
b7503457-586b-45d4-b6b0-17d90fce5f8e,2fe5c101-7d45-4d43-9760-33b83dbcd20a,Campaign 8,Social,False,True,2024-03-11T12:33:51
f2e57a5b-6d8f-47ad-ab6c-bb9fc3aa62b6,2fe5c101-7d45-4d43-9760-33b83dbcd20a,Campaign 2,Social,False,False,2024-04-07T12:33:51
66e8e3ee-5822-442b-a7ca-55d37a4136b2,2ff8b186-5786-44dc-8d19-b5141b186af9,Campaign 9,Email,False,False,2024-09-04T12:33:51
fb62daec-b094-46a0-9641-fb1eecc38a41,2ff8b186-5786-44dc-8d19-b5141b186af9,Campaign 10,Social,True,False,2025-08-25T12:33:51
6e0ac59b-b6c3-489a-9840-7a7235859aa6,30496670-dc28-45b4-bf30-6d17450a9f45,Campaign 10,Social,False,True,2024-12-02T12:33:51
dd3165aa-f037-415f-bd41-c89576a30d8f,30496670-dc28-45b4-bf30-6d17450a9f45,Campaign 3,Phone,True,True,2024-02-21T12:33:51
41e98979-5e06-464a-9e45-5cd29c692bfa,30496670-dc28-45b4-bf30-6d17450a9f45,Campaign 10,Social,False,True,2024-09-13T12:33:51
7e115e59-163f-4187-a181-77c269fcb07e,304ea99a-2c46-4be8-a510-5f8138f65faf,Campaign 4,Phone,True,False,2025-06-04T12:33:51
82d2e6d6-c9aa-4a81-94b8-f6ac6128cf95,304ea99a-2c46-4be8-a510-5f8138f65faf,Campaign 7,Phone,True,False,2024-01-07T12:33:51
6bfb9bb2-628d-40ab-b5f2-c4f638324fdd,304ef720-bd8d-4b8a-885d-a2b4fe8b1fed,Campaign 3,Email,True,True,2024-06-23T12:33:51
784b266f-f70d-4d5d-bcf0-b7b8885349e4,304ef720-bd8d-4b8a-885d-a2b4fe8b1fed,Campaign 4,Email,True,False,2024-05-06T12:33:51
4e807808-781d-40bd-844b-ef5050a16742,30627a78-b7a4-47e9-8a37-c9540bcdb94d,Campaign 6,SMS,True,False,2024-12-23T12:33:51
08d9ebc4-bf51-459d-8d6a-5ae06cd9bda3,30627a78-b7a4-47e9-8a37-c9540bcdb94d,Campaign 4,Social,False,True,2025-06-21T12:33:51
f471b260-d620-4ab1-a554-c13c5d317ca8,30627a78-b7a4-47e9-8a37-c9540bcdb94d,Campaign 1,Social,False,False,2024-10-31T12:33:51
46a0fde7-73fd-44f3-9e73-4e599fc81d68,30627a78-b7a4-47e9-8a37-c9540bcdb94d,Campaign 7,Phone,True,False,2023-11-08T12:33:51
e47b9237-8103-431c-9a7e-76dd1e4981aa,30752260-9f6e-49f0-b88d-370c41b4e197,Campaign 3,Email,False,True,2025-02-19T12:33:51
5618ba1e-6d37-4dca-bb3a-e1f2d0b9f1a8,30752260-9f6e-49f0-b88d-370c41b4e197,Campaign 3,Phone,False,False,2024-09-19T12:33:51
71f009c4-f095-483d-a988-23de534141f0,30752260-9f6e-49f0-b88d-370c41b4e197,Campaign 4,SMS,False,True,2025-02-08T12:33:51
f0bc0dad-e510-4b54-828a-00b446e964aa,30752260-9f6e-49f0-b88d-370c41b4e197,Campaign 5,Email,True,True,2024-10-23T12:33:51
55d725c7-ca3c-44af-a176-4e371d9a2a06,3081ad3e-b963-4253-ac1f-42a0822036cf,Campaign 8,Social,True,False,2025-02-14T12:33:51
11c8d482-4fa0-40f3-86af-dcf6d7914e55,3081ad3e-b963-4253-ac1f-42a0822036cf,Campaign 9,Social,False,False,2024-06-07T12:33:51
62042214-5631-43e8-a869-c8631c6ac909,3081ad3e-b963-4253-ac1f-42a0822036cf,Campaign 8,Phone,True,False,2025-05-14T12:33:51
03b22982-da71-4efa-8fab-ca5119f55244,3081ad3e-b963-4253-ac1f-42a0822036cf,Campaign 7,Email,True,True,2024-06-11T12:33:51
65aaf760-73e5-4e58-9179-70dfdc4efaa2,3081ad3e-b963-4253-ac1f-42a0822036cf,Campaign 6,Phone,False,False,2024-05-30T12:33:51
362d9862-b436-4dd0-a7b1-cc37615fa04e,308b4326-3f39-4acd-9ab7-9ec06ee2906f,Campaign 5,Phone,True,False,2024-12-26T12:33:51
2c207faa-7312-4667-a868-2cd970922326,308b4326-3f39-4acd-9ab7-9ec06ee2906f,Campaign 4,SMS,False,True,2024-06-17T12:33:51
5e7e6ad6-8585-4d42-babb-41fec0846076,309eca59-e538-4576-8b88-90a8de6b20b2,Campaign 1,SMS,True,True,2024-04-27T12:33:51
c81cfc6d-8d49-41c5-9dda-fa27c6847ade,309eca59-e538-4576-8b88-90a8de6b20b2,Campaign 6,Email,True,True,2025-02-02T12:33:51
b7b662ca-eef6-42dd-8746-275da080ffc1,309eca59-e538-4576-8b88-90a8de6b20b2,Campaign 6,Email,True,True,2025-02-03T12:33:51
a0b04c2b-3ca7-4032-97a9-faa349e1f3d6,309eca59-e538-4576-8b88-90a8de6b20b2,Campaign 8,Email,True,True,2024-03-19T12:33:51
85b51f73-9cd9-410e-9939-7bcddc428702,309eca59-e538-4576-8b88-90a8de6b20b2,Campaign 6,Email,True,True,2025-03-17T12:33:51
e6786935-12a0-4de4-90d2-88a30d486781,30a57139-8c8a-4cb7-b9da-26a48fbc8ab1,Campaign 6,Social,False,False,2025-01-03T12:33:51
6e43a77d-f89c-4bd4-90fe-6101519c0892,30aefd35-cd61-4e9b-80dd-1b6194c6e336,Campaign 6,SMS,True,True,2024-07-11T12:33:51
ad857269-2265-4748-ab41-22142943e139,30aefd35-cd61-4e9b-80dd-1b6194c6e336,Campaign 5,Phone,True,False,2025-08-24T12:33:51
83793bbb-b224-45f5-af7a-59b2924b2b88,30aefd35-cd61-4e9b-80dd-1b6194c6e336,Campaign 5,Email,False,True,2024-07-19T12:33:51
2c9818cc-5d69-4f71-8868-9cd64a4999ba,30aefd35-cd61-4e9b-80dd-1b6194c6e336,Campaign 9,Email,False,True,2025-08-25T12:33:51
82baf2e5-aa63-4c5f-a117-1fe263a4f023,30aefd35-cd61-4e9b-80dd-1b6194c6e336,Campaign 10,Phone,False,False,2024-02-06T12:33:51
50f955a1-baca-4315-b3a5-e73137ee6159,30b4d3c8-d001-4018-8cd2-4ecf672d5ee0,Campaign 2,Phone,True,True,2024-03-22T12:33:51
a3d2877d-b5a1-4c5e-a967-10cc2cb1e06a,30b4d3c8-d001-4018-8cd2-4ecf672d5ee0,Campaign 7,Phone,False,True,2024-07-27T12:33:51
d0a8e060-e7c6-45e4-9fad-87fc7d126cfc,30e1ca0b-5f92-4c48-9b6f-9e50a8347461,Campaign 3,SMS,True,True,2023-12-27T12:33:51
27beba4d-b0aa-4571-9c93-0f1f1476fd8a,30e1ca0b-5f92-4c48-9b6f-9e50a8347461,Campaign 3,Phone,False,False,2025-07-17T12:33:51
fbf84f19-2ac2-45e3-9000-377cf1257c59,30e1ca0b-5f92-4c48-9b6f-9e50a8347461,Campaign 8,Phone,True,True,2025-04-07T12:33:51
7f18d0cc-c447-42e7-ada0-0f410d6b358b,30f6c0e7-913b-4e0f-9330-408e30e46a0f,Campaign 2,SMS,True,False,2025-03-19T12:33:51
c5a0155c-f351-4523-8ff9-4526f9fe89f5,30f6c0e7-913b-4e0f-9330-408e30e46a0f,Campaign 6,Email,False,False,2024-05-24T12:33:51
52b243e1-6df1-4731-980e-cbc0a73c47f1,30f6c0e7-913b-4e0f-9330-408e30e46a0f,Campaign 4,Phone,True,False,2025-02-21T12:33:51
7bb9c5f5-f0d0-486b-ba93-c29c395ee167,3109d7ee-9545-4dec-aeb3-c80296c275f1,Campaign 10,Phone,False,True,2025-02-17T12:33:51
8c0d09aa-0663-4906-b8d4-f8f95b070b9e,3109d7ee-9545-4dec-aeb3-c80296c275f1,Campaign 3,Email,False,False,2025-03-12T12:33:51
24b99d2d-dcb5-4c52-a9f7-6e2f770ee164,3109d7ee-9545-4dec-aeb3-c80296c275f1,Campaign 9,Social,True,False,2024-01-25T12:33:51
06b308ee-feb5-493e-af1e-c53a5219d55b,3109d7ee-9545-4dec-aeb3-c80296c275f1,Campaign 8,Phone,True,True,2025-04-27T12:33:51
b9166249-b732-48ba-adb7-585d5f759de8,310bc8a7-787a-4928-8d16-6a484d43e553,Campaign 3,Email,False,False,2023-11-11T12:33:51
05111cc3-9be1-4e62-97fe-2d7022736ac4,31178197-d467-41a4-a2ad-ff55c0eb362a,Campaign 5,SMS,True,True,2024-02-05T12:33:51
56bacf6a-03c5-4f7a-9023-1c34fce10c81,31178197-d467-41a4-a2ad-ff55c0eb362a,Campaign 2,Social,False,True,2023-11-06T12:33:51
79c615d6-d2e7-412a-900b-35b836f4ea9c,31844c38-8b77-4e36-879b-e157056d7141,Campaign 6,Phone,False,True,2024-04-23T12:33:51
ad28707d-6b40-41dd-9646-40812b8639c6,31844c38-8b77-4e36-879b-e157056d7141,Campaign 4,SMS,True,False,2024-11-15T12:33:51
15a2b80e-5123-4f68-8ee7-ddb8960bf16b,31844c38-8b77-4e36-879b-e157056d7141,Campaign 10,Email,True,False,2023-12-31T12:33:51
117e8562-7ea2-4727-8d2c-52aa189f33b9,31844c38-8b77-4e36-879b-e157056d7141,Campaign 9,SMS,False,False,2025-08-24T12:33:51
d1c89d26-cfbe-4626-9bdc-66d6d26a5192,31844c38-8b77-4e36-879b-e157056d7141,Campaign 8,Social,True,True,2025-05-16T12:33:51
e5535d23-898e-4b1e-9462-8abbd5da13e6,31888ce7-dde8-42e4-8b93-687a749b5efe,Campaign 1,Phone,False,True,2024-06-04T12:33:51
f9aa1791-e421-40ae-8c35-3264c6c02dee,31888ce7-dde8-42e4-8b93-687a749b5efe,Campaign 1,SMS,True,True,2024-07-10T12:33:51
97145209-432e-42ea-a200-63b336598df2,31888ce7-dde8-42e4-8b93-687a749b5efe,Campaign 6,Phone,False,True,2024-03-14T12:33:51
0599e3a9-0378-41e3-949a-a928108fa947,31bc4e35-ac69-4186-a76f-3bf9795ba28c,Campaign 4,Email,False,True,2024-04-02T12:33:51
6788de9a-f168-4eae-ad82-a191154956ea,31e370c8-575a-4472-8ae9-acdd5448da16,Campaign 7,Email,True,False,2025-05-09T12:33:51
962fb671-67af-4d88-9b58-4d6431f366a5,31ef152b-e2b7-4c0d-b244-34f0d2ab2c7c,Campaign 9,SMS,True,False,2025-06-08T12:33:51
103a0c42-b3cd-4cfc-be1a-a8ac44240818,31ef152b-e2b7-4c0d-b244-34f0d2ab2c7c,Campaign 5,Social,False,False,2023-09-03T12:33:51
f25c9799-3b1a-4b89-814d-88a9fe4bbbab,31ef152b-e2b7-4c0d-b244-34f0d2ab2c7c,Campaign 9,Phone,False,True,2024-12-25T12:33:51
d899a44e-12cb-457e-8ad8-1b82a80084d4,31f96637-9136-4932-ab57-8bc686e7b327,Campaign 10,Email,False,True,2024-04-23T12:33:51
fc09f1b0-8166-44bb-bcd1-1a6eb8345ab4,320c1e42-4019-4c19-ae12-fc8ddfa6d990,Campaign 7,Social,True,True,2024-09-30T12:33:51
d45ca199-f0ce-4564-8aee-4949d947e03d,320c1e42-4019-4c19-ae12-fc8ddfa6d990,Campaign 3,Phone,False,False,2025-05-23T12:33:51
3f74ace9-b093-4e22-885c-860af10e3c42,3292cb01-0f37-45fa-87c5-c4077a323754,Campaign 5,SMS,False,True,2024-04-14T12:33:51
d4c14deb-07aa-4f75-8919-e5dedd9a80af,3292cb01-0f37-45fa-87c5-c4077a323754,Campaign 1,Phone,False,False,2024-12-15T12:33:51
09722607-4786-46e5-a7a5-22b8eb7d890b,3292cb01-0f37-45fa-87c5-c4077a323754,Campaign 9,Email,False,False,2024-10-03T12:33:51
717bb4dc-a651-484d-82b5-5e84cb030559,32aaa29b-5a3f-4a84-89af-566a59aa3956,Campaign 3,Email,True,True,2025-02-24T12:33:51
1f8acb70-a787-4a3d-aa12-3b5cce2c8742,32de2a7c-66c9-499b-a9ff-67f6b22fde69,Campaign 6,SMS,False,True,2024-06-25T12:33:51
31299391-043a-4353-ba43-2d8c64611c99,32de2a7c-66c9-499b-a9ff-67f6b22fde69,Campaign 10,Phone,False,True,2023-11-27T12:33:51
81d7309b-4423-47b4-87eb-255cf2f259b6,33315ee4-6589-42f7-a230-2867b7ca80d9,Campaign 8,Social,True,True,2024-02-02T12:33:51
90e77f5d-91ff-4fe8-a28c-65eff8a7516a,33315ee4-6589-42f7-a230-2867b7ca80d9,Campaign 8,Phone,False,True,2024-02-22T12:33:51
d5524c5a-aeca-4adc-b534-69a18bf9e84d,337f8e89-9e2f-4e33-913e-c7dfd29a83af,Campaign 1,Phone,False,True,2024-03-28T12:33:51
d37b1840-2569-4c18-8e79-abf6ad91b19b,33e3f4ab-0c63-403a-baaf-0c8560e7ce11,Campaign 10,Phone,False,False,2023-12-09T12:33:51
d8c710b0-89ca-4ef6-bf4f-ccb299d27877,33e3f4ab-0c63-403a-baaf-0c8560e7ce11,Campaign 5,Email,True,False,2025-06-20T12:33:51
594b7553-b8f3-4d18-a635-6066acf62fcb,33e3f4ab-0c63-403a-baaf-0c8560e7ce11,Campaign 4,Phone,True,True,2025-02-16T12:33:51
fae40c9d-cd20-45aa-85f5-132a8d02f8da,33e3f4ab-0c63-403a-baaf-0c8560e7ce11,Campaign 4,Social,False,False,2024-05-26T12:33:51
6d647b64-6308-4d1f-a030-e58c57f84a41,33e3f4ab-0c63-403a-baaf-0c8560e7ce11,Campaign 10,SMS,False,True,2025-08-03T12:33:51
d1ac00b2-0a02-4147-9632-92da9e1cfa96,3404f2db-9f6c-4919-b75a-2e033364000f,Campaign 4,SMS,False,True,2025-03-19T12:33:51
f8ddac60-e501-446f-bf90-2bcc2c5613ee,3404f2db-9f6c-4919-b75a-2e033364000f,Campaign 2,Email,False,False,2025-04-06T12:33:51
de26d39c-e096-4bb4-8713-295672bca69f,3404f2db-9f6c-4919-b75a-2e033364000f,Campaign 5,Email,False,False,2025-07-16T12:33:51
efd805c5-d53b-4885-bcd4-4ba812b0b95f,3404f2db-9f6c-4919-b75a-2e033364000f,Campaign 3,Social,False,True,2024-06-29T12:33:51
75cdcb92-4e40-4a6b-a858-1e2f311a48b0,34220f8f-3c17-45d1-8c72-88ae381a6de8,Campaign 4,Email,False,False,2024-08-28T12:33:51
3d4e6e1a-5c75-4f12-b206-7d03685b6a66,34220f8f-3c17-45d1-8c72-88ae381a6de8,Campaign 4,SMS,True,True,2024-02-27T12:33:51
c928fd98-c323-454f-bcb9-770e04e7447e,34220f8f-3c17-45d1-8c72-88ae381a6de8,Campaign 6,Phone,True,True,2024-06-15T12:33:51
bd1dc787-4009-4c9a-8566-01b866e66fa0,34220f8f-3c17-45d1-8c72-88ae381a6de8,Campaign 4,SMS,False,False,2025-07-11T12:33:51
2f5ad6af-c62f-4485-96cf-0771a8bcbe93,34220f8f-3c17-45d1-8c72-88ae381a6de8,Campaign 2,SMS,False,True,2023-12-01T12:33:51
07971937-5914-457d-a84d-ab7b810ce971,34301b6e-a517-4484-9730-0a61551f4f4c,Campaign 5,Email,False,False,2024-11-03T12:33:51
fd31fdb2-9aa4-4c4d-b3d8-aa61f6d36e69,34301b6e-a517-4484-9730-0a61551f4f4c,Campaign 2,SMS,False,True,2023-12-21T12:33:51
962ebebd-f1bf-4d2f-a18e-45fc98a48170,34301b6e-a517-4484-9730-0a61551f4f4c,Campaign 7,Phone,True,False,2024-05-09T12:33:51
44fb0f77-9037-425c-98b6-2c1f0cb32dda,345a89ca-23f3-45f4-9237-4d435135c6e2,Campaign 9,SMS,True,True,2024-09-25T12:33:51
1c404358-516d-4afc-a386-0b00237b1214,345a89ca-23f3-45f4-9237-4d435135c6e2,Campaign 5,Phone,False,True,2025-04-14T12:33:51
324ee478-acac-4fb6-94b9-01cc25683048,345a89ca-23f3-45f4-9237-4d435135c6e2,Campaign 2,Email,False,False,2025-04-08T12:33:51
57d66134-c6ab-45d3-88c8-b7b559584c29,346f3c8d-4239-412f-9af9-841e0e8d0163,Campaign 8,SMS,True,True,2024-09-23T12:33:51
55e6d335-aefd-4b64-affb-7efa048544d3,346f3c8d-4239-412f-9af9-841e0e8d0163,Campaign 4,Social,False,True,2024-10-28T12:33:51
db092bf0-5a4d-4c81-a55c-6ea7571732da,346f3c8d-4239-412f-9af9-841e0e8d0163,Campaign 1,SMS,True,False,2024-10-13T12:33:51
aa318398-1cc0-42fe-a7b0-9808a6029c55,346f3c8d-4239-412f-9af9-841e0e8d0163,Campaign 5,Email,True,False,2023-12-21T12:33:51
10ca278f-5112-477a-93f7-365e3ce2e17a,346f3c8d-4239-412f-9af9-841e0e8d0163,Campaign 8,Phone,False,True,2024-07-16T12:33:51
18869c76-50ab-4d12-9943-a5b4fb6a41dd,349a2673-773e-4f72-9bf0-5d12812b83c3,Campaign 8,Email,True,True,2024-04-24T12:33:51
bd2a26c2-3919-4f7f-a005-81441758fe29,349a2673-773e-4f72-9bf0-5d12812b83c3,Campaign 3,Phone,True,False,2025-03-01T12:33:51
d02623fe-197a-45db-a807-b10229f7c6e6,349a2673-773e-4f72-9bf0-5d12812b83c3,Campaign 2,SMS,False,False,2024-10-18T12:33:51
daa51b33-a8da-4f29-8f3f-895e37628c88,34af2720-4ea2-431a-8da9-d7bed0726624,Campaign 6,Phone,True,False,2024-08-14T12:33:51
5f7ed430-3d5a-40d5-89d3-77b3e70649a6,34af2720-4ea2-431a-8da9-d7bed0726624,Campaign 10,Phone,False,False,2024-09-03T12:33:51
839d8329-96de-4709-8296-40ab1a6e5b4c,34af2720-4ea2-431a-8da9-d7bed0726624,Campaign 6,Email,True,True,2024-12-27T12:33:51
466c668b-2e15-4008-aec2-d456789cf6eb,34af2720-4ea2-431a-8da9-d7bed0726624,Campaign 6,SMS,False,False,2024-09-01T12:33:51
94124cf8-f3e6-4288-9a00-96a05f6f56b2,34c3c4fd-a4d1-4f06-b4e7-47efda2402c6,Campaign 9,Phone,False,False,2024-05-13T12:33:51
f92a6e0e-87eb-4c7d-a1fc-5e69c0b0a920,34c3c4fd-a4d1-4f06-b4e7-47efda2402c6,Campaign 9,Email,False,False,2025-06-18T12:33:51
31a5250c-5557-48c8-bbaa-cf1a68a9b05f,34c3c4fd-a4d1-4f06-b4e7-47efda2402c6,Campaign 10,SMS,False,False,2024-04-12T12:33:51
0bd1274b-c56c-40a8-9800-fdad55cfed51,34f80897-2080-46d9-a7a3-2bcdcaa37d89,Campaign 4,Social,False,False,2024-10-13T12:33:51
22130a44-a056-4e92-a416-7c70c21bbb9d,34f80897-2080-46d9-a7a3-2bcdcaa37d89,Campaign 3,Phone,False,False,2024-08-09T12:33:51
29cc4cb8-5c22-44ee-87e0-735b71fcc077,350aedcb-4317-48aa-a9bd-8bb3a7fe3cb7,Campaign 2,SMS,True,False,2023-12-26T12:33:51
959d2316-facb-4d88-a980-b3f7c7c5cb2e,353e5824-7e1f-42b2-adb8-538d4009e662,Campaign 4,SMS,True,False,2023-12-17T12:33:51
2dd5ee8d-0ed8-4b9c-b2b2-4da132c786a7,353e5824-7e1f-42b2-adb8-538d4009e662,Campaign 5,Email,False,False,2023-10-26T12:33:51
5607762b-18eb-485c-9884-cea4b01b8ecb,353e5824-7e1f-42b2-adb8-538d4009e662,Campaign 10,Phone,False,False,2024-06-02T12:33:51
34c37be3-dc2d-4595-9fe7-1a5ddda1a49d,353e5824-7e1f-42b2-adb8-538d4009e662,Campaign 4,SMS,False,False,2025-02-05T12:33:51
a8458868-c9ce-450b-b516-c4631e585583,3561aa9d-9ade-4191-a00e-bebed2de42c2,Campaign 4,Phone,True,False,2025-03-19T12:33:51
78d7e143-c50c-43c9-b899-b5a578583b39,3561aa9d-9ade-4191-a00e-bebed2de42c2,Campaign 4,Email,False,True,2023-11-06T12:33:51
32db0b1a-bfbc-4fa8-985a-8c5e4f8fdfea,3561aa9d-9ade-4191-a00e-bebed2de42c2,Campaign 5,Phone,True,False,2024-05-25T12:33:51
097f709a-7528-4eec-b86f-0fbad334b149,3561aa9d-9ade-4191-a00e-bebed2de42c2,Campaign 7,Social,False,False,2024-07-30T12:33:51
764843f0-2597-4ab0-9545-62dcc654deb6,3561aa9d-9ade-4191-a00e-bebed2de42c2,Campaign 1,SMS,True,False,2024-10-17T12:33:51
46d8b782-c2c1-479e-9bf2-8fc2e20605b6,35ab35ad-5ed2-4e26-bc9a-c49123bb28a6,Campaign 1,SMS,False,True,2024-02-21T12:33:51
0f4dfafc-0fd7-4362-9700-56d311a29ca7,35ab35ad-5ed2-4e26-bc9a-c49123bb28a6,Campaign 2,SMS,True,True,2024-08-23T12:33:51
8f2c0dd9-4541-4c90-932b-dc78cef5b7a9,35ab35ad-5ed2-4e26-bc9a-c49123bb28a6,Campaign 7,Phone,False,True,2025-02-05T12:33:51
3b5f1c9a-3535-49fa-8c78-2da462aa614a,35ab35ad-5ed2-4e26-bc9a-c49123bb28a6,Campaign 1,SMS,True,True,2024-05-11T12:33:51
0a49d583-b621-4489-8a23-587a40caeda3,35e97df2-344e-45da-b822-5b2b728979cc,Campaign 6,Email,True,False,2024-12-22T12:33:51
83376a1e-c28b-4ef1-90d1-6d8d01e33cd8,35e97df2-344e-45da-b822-5b2b728979cc,Campaign 4,Social,True,True,2024-10-08T12:33:51
ca195aa5-b467-497e-ab66-b5fcf6c54736,35e97df2-344e-45da-b822-5b2b728979cc,Campaign 9,Social,False,False,2024-04-09T12:33:51
7b99d694-0a59-4b8f-b563-2f80b9d05002,35f8c79b-e9df-4a23-86f3-61419dddbdda,Campaign 9,Phone,True,True,2023-09-06T12:33:51
2a59a927-68a4-4121-be87-f14337911ece,35f8c79b-e9df-4a23-86f3-61419dddbdda,Campaign 7,Phone,True,True,2024-02-11T12:33:51
1bef6d11-e5bf-424c-837b-42f6ff24bcb6,35f8c79b-e9df-4a23-86f3-61419dddbdda,Campaign 8,Social,True,False,2023-08-31T12:33:51
99ae2388-2d2e-4ed2-a110-303e7b3b4026,36255b3c-eb24-4b63-94d4-aae23cc85c18,Campaign 4,Email,True,True,2025-07-03T12:33:51
f9c872b7-db90-4d9a-96a4-b1585a058d2c,36255b3c-eb24-4b63-94d4-aae23cc85c18,Campaign 5,Social,True,True,2023-09-24T12:33:51
7b8ef250-942f-4fa7-9a7d-e5cfd249385e,36255b3c-eb24-4b63-94d4-aae23cc85c18,Campaign 4,Email,False,True,2025-05-10T12:33:51
88df99e6-f12e-4982-b825-34f79059ce84,36275826-41cf-44cb-a0a5-ad501e31e781,Campaign 1,Social,False,True,2023-09-21T12:33:51
58893e64-aa9e-448e-a290-cc05d381bd2a,36275826-41cf-44cb-a0a5-ad501e31e781,Campaign 4,SMS,False,True,2023-10-21T12:33:51
01efda73-7e07-4561-8bb1-a043c858c4fc,36275826-41cf-44cb-a0a5-ad501e31e781,Campaign 4,Social,False,True,2025-05-20T12:33:51
931e2ed5-4349-419a-824d-8c564d095868,362c8150-992f-4e78-a826-c34be0b245a0,Campaign 9,Email,False,False,2025-05-11T12:33:51
f451daf0-a54b-4f7a-bd90-5d0392dd83c5,362c8150-992f-4e78-a826-c34be0b245a0,Campaign 5,SMS,False,True,2025-01-31T12:33:51
464817ed-d23b-432e-8f96-51f91f2036ec,362c8150-992f-4e78-a826-c34be0b245a0,Campaign 8,Phone,False,False,2023-12-12T12:33:51
16d680f2-99a5-4d6e-bba4-13da10fffe8b,362d0326-587a-44af-9d55-d4790090bdea,Campaign 7,Social,True,False,2025-04-15T12:33:51
2547c79d-c592-47a6-9d05-e09b76105ffd,362d0326-587a-44af-9d55-d4790090bdea,Campaign 4,Phone,True,False,2024-02-26T12:33:51
e401fb87-3a4c-4df4-aed3-c92a8aceecb3,3698b8c9-78f7-43b1-b807-6df2b63c3802,Campaign 7,Email,True,False,2025-07-19T12:33:51
70dc15bc-a038-433b-a861-53aef45c8523,3698b8c9-78f7-43b1-b807-6df2b63c3802,Campaign 6,Email,True,True,2024-06-08T12:33:51
b728f569-bcbf-4352-a2cc-14c8f1aef884,3698b8c9-78f7-43b1-b807-6df2b63c3802,Campaign 6,Email,False,False,2024-08-26T12:33:51
7e5658ee-5a17-4f15-9052-d29d26c54355,36a86dfc-a4b1-4203-a96d-f2e6ba9db90a,Campaign 1,Social,False,False,2024-06-13T12:33:51
32e80db7-dec7-41c9-bdca-4ef7fae12509,36a86dfc-a4b1-4203-a96d-f2e6ba9db90a,Campaign 4,Email,True,False,2024-12-10T12:33:51
47bad680-256c-4fa9-805d-3ce4d393b8c4,36c66176-2913-4faf-80df-7e4ca59c7ec5,Campaign 7,SMS,False,True,2023-11-03T12:33:51
61c037cc-7d21-4cfb-b269-b3bc3eae1759,36c66176-2913-4faf-80df-7e4ca59c7ec5,Campaign 6,Email,False,True,2024-02-14T12:33:51
7700b337-5dd1-4226-bfe8-6e8e7facdec5,36c66176-2913-4faf-80df-7e4ca59c7ec5,Campaign 5,SMS,False,True,2024-01-08T12:33:51
4ee06522-6d98-4e71-aff0-66277a6f847c,36d04ab3-8dc9-4d20-ae6a-52e060614395,Campaign 9,SMS,False,False,2025-05-06T12:33:51
a3c7494f-d49e-4580-9700-508f7db14d32,36d51d5f-60c7-42ff-96ba-c9edf71147fd,Campaign 1,Social,False,False,2024-03-25T12:33:51
b6c40e67-21b3-4810-9571-c2896de72e82,36d51d5f-60c7-42ff-96ba-c9edf71147fd,Campaign 6,SMS,True,True,2024-04-19T12:33:51
6fc4329f-a7cd-4ce1-b971-c1cb462ed85d,36d51d5f-60c7-42ff-96ba-c9edf71147fd,Campaign 9,Email,True,False,2024-03-07T12:33:51
d2d846ba-e89e-4996-90f3-dc1891d3bb08,36d51d5f-60c7-42ff-96ba-c9edf71147fd,Campaign 3,SMS,False,False,2024-09-30T12:33:51
66c6093b-a731-4197-85a9-cb7134d4c50d,36d78e8a-1f35-4b90-8d88-36086c1d12f6,Campaign 1,Social,False,False,2024-07-12T12:33:51
f1daad6d-4709-490a-b574-84b693afeee5,36d78e8a-1f35-4b90-8d88-36086c1d12f6,Campaign 4,SMS,True,True,2023-12-17T12:33:51
b7bf54c3-e401-4478-8398-073ce74e7151,36d78e8a-1f35-4b90-8d88-36086c1d12f6,Campaign 8,SMS,True,False,2023-12-21T12:33:51
873ff891-6875-4b36-955a-0cf9abee9fb5,3708ef1e-550c-4180-bd11-4258496e0dc3,Campaign 5,Phone,False,False,2024-04-11T12:33:51
a0ae57c8-428d-48b9-869c-fb66c3fd3a6f,3708ef1e-550c-4180-bd11-4258496e0dc3,Campaign 6,Phone,True,True,2024-04-27T12:33:51
cd9be4b7-fa95-49b6-b718-a048a84242f1,3708ef1e-550c-4180-bd11-4258496e0dc3,Campaign 7,Email,True,False,2025-03-14T12:33:51
8d8ab9bb-554e-4b2b-9ba5-55956470f158,376052f6-ff79-4123-b74e-209234a0b213,Campaign 10,SMS,True,False,2024-08-14T12:33:51
8a346b0e-0885-4cf0-98db-aadacf8e4b35,376052f6-ff79-4123-b74e-209234a0b213,Campaign 2,Email,True,False,2023-10-27T12:33:51
1c96a427-0263-4439-ae25-d6b8b46699ff,3772c865-81fb-4f38-a57e-c8c001cb7303,Campaign 5,Phone,False,False,2023-11-25T12:33:51
7861a219-51c6-4984-8db2-862e4347927b,3777d4dc-fb4d-40be-9ba0-6ee697af2441,Campaign 6,Email,False,True,2025-06-20T12:33:51
f480af38-2d13-478d-a282-3e1294491987,3777d4dc-fb4d-40be-9ba0-6ee697af2441,Campaign 2,SMS,True,True,2024-03-28T12:33:51
8a7d7cd3-d81b-4555-a755-9784d7c1e1b6,3777d4dc-fb4d-40be-9ba0-6ee697af2441,Campaign 8,Social,False,False,2023-12-04T12:33:51
89b89420-2492-49fe-8dcf-5cccb0833fce,37ada321-4743-473d-9885-ea8ee205fa0d,Campaign 9,Email,False,False,2024-07-13T12:33:51
aa7204e2-7a18-444e-b2a7-1f68dcadcafe,37ada321-4743-473d-9885-ea8ee205fa0d,Campaign 3,Social,True,True,2025-07-30T12:33:51
5edb2cee-b9cb-4055-b936-4b1667b34e3b,37ada321-4743-473d-9885-ea8ee205fa0d,Campaign 4,SMS,True,True,2024-10-30T12:33:51
36e211f2-3501-4111-80c5-d9606056802b,37f5df2c-d9d7-45e5-9161-baa79b30784f,Campaign 7,SMS,False,False,2023-10-30T12:33:51
5947b721-cbe7-400a-b2af-0c98a4db879b,37f5df2c-d9d7-45e5-9161-baa79b30784f,Campaign 6,Social,False,False,2024-12-05T12:33:51
1a07e1c4-b7cf-4671-9bbb-f2e3d4e75fcd,37f9561f-f66f-441e-9db4-8ea086e68fc7,Campaign 2,Email,True,True,2024-06-01T12:33:51
4661528a-b00b-4c1f-a4d3-f556c40fff59,37f9561f-f66f-441e-9db4-8ea086e68fc7,Campaign 1,Social,False,False,2024-01-09T12:33:51
fa1c2f15-5cb4-49b6-84d1-45df3ed71d45,37f9561f-f66f-441e-9db4-8ea086e68fc7,Campaign 10,SMS,False,False,2025-07-17T12:33:51
1bb66437-3a3c-4f72-8bcd-91cd324afdf1,37f9561f-f66f-441e-9db4-8ea086e68fc7,Campaign 8,Phone,False,True,2025-05-21T12:33:51
4d42f4ef-0285-49a2-adda-fe2dbf22c07a,380243e2-55c0-4d07-aead-10e610f710f8,Campaign 5,Email,True,False,2025-07-28T12:33:51
26b07456-9914-4312-a910-9558ff943665,380243e2-55c0-4d07-aead-10e610f710f8,Campaign 10,SMS,False,False,2025-03-28T12:33:51
16d13a46-74d6-4e98-8160-80457afa3b1f,38084d37-2d0d-4acd-9da9-d371f32c6b1b,Campaign 6,SMS,False,True,2024-03-07T12:33:51
b1ff4368-8ae9-4dd1-8162-461978aa5d05,381ca84e-5029-49fb-b200-a7ce5cd3be94,Campaign 5,Social,False,False,2024-04-30T12:33:51
d5d86b6c-befc-4cbe-a8bb-d14d8405213d,3827c716-0b88-45eb-aac4-723b83cdc474,Campaign 6,Email,True,True,2023-10-17T12:33:51
c8438c20-84db-4fd9-b75f-e6c494149b1d,3827c716-0b88-45eb-aac4-723b83cdc474,Campaign 2,Phone,False,True,2025-02-25T12:33:51
544f2c0b-b4d0-48b5-9636-c77e78206f51,3827c716-0b88-45eb-aac4-723b83cdc474,Campaign 1,Phone,True,True,2024-08-17T12:33:51
fdcf6903-75af-481f-a6a6-c866f68b1015,3827c716-0b88-45eb-aac4-723b83cdc474,Campaign 4,Social,False,False,2025-05-24T12:33:51
a03b672c-0429-46bd-8622-81e039d9cc0b,3827c716-0b88-45eb-aac4-723b83cdc474,Campaign 8,Email,False,False,2024-08-12T12:33:51
12d8352b-ab10-4c46-bc53-8c955d9bf128,384274db-ed75-4339-9683-af80fe1e7bba,Campaign 9,Social,True,True,2024-02-10T12:33:51
48a3ea02-0c22-47ad-86fc-f8f3af05881a,384274db-ed75-4339-9683-af80fe1e7bba,Campaign 7,Phone,False,False,2025-03-04T12:33:51
773ff2a4-698c-40cf-85b8-8ab045590e23,384bd388-fae4-4a4e-9081-6e97165d7390,Campaign 9,Email,True,False,2024-07-10T12:33:51
e45eea72-50a2-46b3-b05a-1e0d7e0ea70a,388b3e25-9421-4fe7-8eb2-8b2025274a39,Campaign 7,SMS,False,True,2024-05-07T12:33:51
a3a653c9-a546-47f2-806d-da937aeaab90,388b3e25-9421-4fe7-8eb2-8b2025274a39,Campaign 10,Social,True,False,2025-04-29T12:33:51
79a80928-8c79-4d36-98f8-7896f6d1fa7b,388b3e25-9421-4fe7-8eb2-8b2025274a39,Campaign 3,Social,False,False,2025-08-01T12:33:51
701ddce2-35cb-442d-ac73-ddbf9133e695,388b3e25-9421-4fe7-8eb2-8b2025274a39,Campaign 3,Email,False,True,2024-11-09T12:33:51
7fc8d73d-892c-47ff-885e-3942e53e7230,388b3e25-9421-4fe7-8eb2-8b2025274a39,Campaign 3,Social,False,False,2025-04-30T12:33:51
518d84ed-db95-4a89-a951-3dc28a05f1ae,38c71011-204f-4da3-999e-956ea8791977,Campaign 4,Social,True,True,2024-02-20T12:33:51
2fa9efbe-db58-47cf-bb89-f0053be9f0b8,38c71011-204f-4da3-999e-956ea8791977,Campaign 8,Social,False,True,2025-02-16T12:33:51
978502b5-138b-45e0-b1ed-def3c72407fb,38c71011-204f-4da3-999e-956ea8791977,Campaign 9,Phone,False,True,2024-10-07T12:33:51
f1db7c4b-83af-4110-9123-01a89151db07,38c71011-204f-4da3-999e-956ea8791977,Campaign 7,Email,False,True,2024-07-18T12:33:51
ff316a5d-7f26-4a56-94f4-58b7384d4347,38e7717f-b462-4b58-992c-79b4f8e78b1b,Campaign 5,Phone,True,False,2024-04-26T12:33:51
e947a11a-abd1-4af1-aa76-62a24683332e,38e8e9c5-9578-40b5-8f4f-74a01ffb850f,Campaign 9,Email,False,True,2024-05-22T12:33:51
3cef44a2-88d7-4518-b683-8461912436aa,38fe4ce3-ed76-4a64-9653-af4c4923316f,Campaign 10,Email,False,False,2024-07-06T12:33:51
752e5f00-453a-4f1b-b9c2-ea1e688d4036,38fe4ce3-ed76-4a64-9653-af4c4923316f,Campaign 9,Social,True,False,2024-06-29T12:33:51
aa5da944-7911-4783-8561-1185659d836d,38fe4ce3-ed76-4a64-9653-af4c4923316f,Campaign 9,Email,False,True,2024-02-22T12:33:51
5543a22e-3040-4c40-b736-56e8dfd4f549,38fe4ce3-ed76-4a64-9653-af4c4923316f,Campaign 2,Social,False,True,2024-06-15T12:33:51
d0b7b7ea-15de-4ae7-927c-38730e3d2632,39586b4a-2423-411b-baf6-d5b2bd200926,Campaign 3,Phone,True,False,2025-05-11T12:33:51
f5365bf4-5677-4318-853c-c14cfee54821,39586b4a-2423-411b-baf6-d5b2bd200926,Campaign 9,Phone,False,False,2024-05-06T12:33:51
cb5e2fa3-bfe6-45c9-a543-d1008b735368,39586b4a-2423-411b-baf6-d5b2bd200926,Campaign 4,Email,True,False,2024-10-11T12:33:51
7e62ffa3-9a32-493c-81f5-924a2d63105d,39586b4a-2423-411b-baf6-d5b2bd200926,Campaign 10,Phone,False,False,2024-06-24T12:33:51
5c6aa53f-d239-4f0d-a557-746fb99aa0f9,3959f28a-dfbc-4c20-b8c2-c7cc1cda837d,Campaign 5,SMS,False,False,2024-08-28T12:33:51
c3e4a9f7-0f40-49a1-b911-779724d002d1,3959f28a-dfbc-4c20-b8c2-c7cc1cda837d,Campaign 2,Email,False,True,2024-08-25T12:33:51
8349e271-9b51-476d-8015-ba87b7eb8f38,3959f28a-dfbc-4c20-b8c2-c7cc1cda837d,Campaign 2,Social,True,True,2023-09-15T12:33:51
251ed899-61eb-4c00-9bd6-cd7ca4a0c33f,3959f28a-dfbc-4c20-b8c2-c7cc1cda837d,Campaign 3,Social,True,True,2024-03-10T12:33:51
4fe1824f-4db9-4991-a9ff-6dda33f929cd,3959f28a-dfbc-4c20-b8c2-c7cc1cda837d,Campaign 6,SMS,False,False,2025-01-09T12:33:51
65639c6d-636f-4485-9385-cef2491f4b55,3988e327-1472-419a-b79a-2a712e2bbc66,Campaign 3,Social,True,False,2023-11-06T12:33:51
5b0a97c7-18d0-48c9-a58f-310acce3626d,398bab70-e0d6-49e7-b51a-37d23bd9f198,Campaign 2,Phone,True,False,2023-10-01T12:33:51
4c2471b2-a7b6-4b20-a355-8ddfb520f056,398bab70-e0d6-49e7-b51a-37d23bd9f198,Campaign 1,Social,False,True,2023-10-08T12:33:51
4c0abd01-8836-4b28-8b4f-fd0fc6a4794b,398bab70-e0d6-49e7-b51a-37d23bd9f198,Campaign 1,SMS,False,True,2023-12-29T12:33:51
ec45ce0e-72da-43c9-bd0c-59d7920e3884,39b0bd3f-0ab4-4969-b70f-77bd594879a4,Campaign 8,Phone,False,True,2023-12-01T12:33:51
c6de9d10-9d8c-43ce-880f-5dcb71da40e4,39b0bd3f-0ab4-4969-b70f-77bd594879a4,Campaign 7,Phone,False,False,2024-03-20T12:33:51
a8603658-4a71-4b67-b485-46c57b7da0a1,39b0bd3f-0ab4-4969-b70f-77bd594879a4,Campaign 3,Phone,True,False,2025-01-06T12:33:51
788c27eb-bc36-4083-84d9-56840a603915,39c0f010-b8fb-491a-85db-78182780d6dc,Campaign 10,Phone,True,True,2024-04-28T12:33:51
becd99fb-51e2-42de-aec1-157051fc09b3,39c0f010-b8fb-491a-85db-78182780d6dc,Campaign 1,Email,True,True,2025-06-27T12:33:51
4a954772-a754-41be-9124-49aa8ad22dff,39c0f010-b8fb-491a-85db-78182780d6dc,Campaign 7,Social,True,True,2024-09-12T12:33:51
6e41c5e8-d4d2-4396-aecf-de3982081645,39c0f010-b8fb-491a-85db-78182780d6dc,Campaign 2,Social,True,True,2024-10-21T12:33:51
8bfc450b-2e87-4e88-b219-b28ea4cec57a,39c0f010-b8fb-491a-85db-78182780d6dc,Campaign 7,Social,True,True,2024-05-21T12:33:51
56bbd079-7101-43d2-b492-88368ae352a1,39e1adbe-bef1-4c41-a631-272bf8219cc5,Campaign 8,Social,False,True,2025-07-11T12:33:51
0343ab16-4b56-43eb-9e9b-17222b05d93d,39e1adbe-bef1-4c41-a631-272bf8219cc5,Campaign 4,Social,False,True,2023-11-20T12:33:51
2427a406-7601-488e-b584-0dd64c6b45d0,39e1adbe-bef1-4c41-a631-272bf8219cc5,Campaign 5,SMS,True,True,2024-03-15T12:33:51
07a90394-2e3c-4562-bf19-5a98cd7793bd,3a2b561d-c08c-4d43-b0d9-3f7b9b2512a8,Campaign 8,Phone,True,True,2025-03-06T12:33:51
93e7c5c6-4fea-4279-8505-ea88562c56b9,3a2b561d-c08c-4d43-b0d9-3f7b9b2512a8,Campaign 7,Phone,True,False,2023-12-10T12:33:51
d1ccfa0d-b038-45ba-a55c-42903ca3a1a1,3a3161bc-78a1-4bfa-82ed-34c800775282,Campaign 1,Phone,True,False,2024-03-11T12:33:51
689ba3b4-4829-4b2d-80a8-e0f4a59ac165,3a3161bc-78a1-4bfa-82ed-34c800775282,Campaign 10,Email,True,False,2024-10-03T12:33:51
e0b2f4e2-cdaf-4159-a7c5-2b9a08a941b1,3a3161bc-78a1-4bfa-82ed-34c800775282,Campaign 9,SMS,False,False,2025-06-16T12:33:51
e4dc4802-0d34-421c-a63f-47b56b96dfcc,3a3161bc-78a1-4bfa-82ed-34c800775282,Campaign 2,Phone,True,True,2024-09-09T12:33:51
229ccabd-874f-48c1-9c66-47dcc8594515,3a51421f-fdde-4b52-aa20-67301b3b1f9c,Campaign 8,Social,False,False,2025-01-01T12:33:51
6b052888-e2db-487e-b776-768414df3376,3a5943b0-df83-430f-a8eb-0bf14a45091d,Campaign 8,SMS,True,False,2025-08-29T12:33:51
1949a65e-69a2-47ae-8b0d-0f8e845513a0,3a5943b0-df83-430f-a8eb-0bf14a45091d,Campaign 4,SMS,True,True,2024-04-09T12:33:51
c21b568a-f395-4ea7-ad05-facf23893c49,3a5943b0-df83-430f-a8eb-0bf14a45091d,Campaign 2,SMS,False,False,2025-01-21T12:33:51
d837a278-845d-4b41-9ba2-6b49e4aed1ec,3a5943b0-df83-430f-a8eb-0bf14a45091d,Campaign 3,Social,True,True,2024-03-20T12:33:51
867f1c2e-c523-4de7-b211-6fc69faf266d,3a7bea4b-7c3e-4439-904f-0aaf4ed1162f,Campaign 9,SMS,False,True,2024-05-06T12:33:51
b97a2315-6282-4d5a-85ce-f9cbbf219825,3a7bea4b-7c3e-4439-904f-0aaf4ed1162f,Campaign 2,Phone,False,False,2024-06-17T12:33:51
248ca65b-a8c6-4e1a-9034-4bdd9321470e,3a7bea4b-7c3e-4439-904f-0aaf4ed1162f,Campaign 2,Email,True,True,2025-07-16T12:33:51
15c5dc34-493a-4d6b-83d2-9274a60f12cd,3a91dc36-f9e0-47a4-b452-26b83dae2ce0,Campaign 10,Email,False,True,2025-07-13T12:33:51
805d6f4e-5b10-4dfa-a36d-cd676168a238,3a91dc36-f9e0-47a4-b452-26b83dae2ce0,Campaign 7,Social,False,False,2024-03-06T12:33:51
b6b336d8-ef48-44e1-973d-011dd787eb4a,3a91dc36-f9e0-47a4-b452-26b83dae2ce0,Campaign 9,Phone,False,False,2024-01-08T12:33:51
719d6ccc-8322-4e48-9aef-fdeff73df1a1,3a91dc36-f9e0-47a4-b452-26b83dae2ce0,Campaign 4,SMS,True,True,2025-08-15T12:33:51
fbe5fd87-f128-4a37-bf1b-d45c22dfbf6c,3a91dc36-f9e0-47a4-b452-26b83dae2ce0,Campaign 4,Social,False,True,2023-12-18T12:33:51
2f3cd349-ef38-4711-8e15-5e95de205e77,3a95af1d-850b-4818-a379-f5d12f7a9181,Campaign 10,Phone,True,False,2025-04-09T12:33:51
21ceaa24-4c37-4f5c-b1b1-c74213cf71b0,3a9e2de6-fde8-4940-8ea5-adfe7377ac87,Campaign 9,Phone,True,True,2024-12-12T12:33:51
57148e30-4b7b-4ea8-8306-490cbbf86541,3a9e2de6-fde8-4940-8ea5-adfe7377ac87,Campaign 4,Social,False,True,2024-01-03T12:33:51
6164fe32-291c-48a5-961d-f6790a15f9e2,3a9e2de6-fde8-4940-8ea5-adfe7377ac87,Campaign 4,Email,True,False,2025-02-22T12:33:51
8ecd44be-f9b7-4736-9fdb-9499dd221889,3a9f0539-da30-4630-8247-b158b442c57f,Campaign 8,Social,False,True,2024-08-29T12:33:51
c150de6b-0e60-457d-865b-1a8689ae7d83,3ab76751-a1a3-434d-913e-e6131ae16132,Campaign 5,Social,True,True,2024-04-08T12:33:51
62112951-82bf-4032-b487-0800ea07ad53,3adf7f85-695e-4ad1-ad9f-d4189829e16f,Campaign 4,Phone,True,False,2024-02-28T12:33:51
59c01a80-e87b-4826-8764-8b3a1d3f9898,3adf7f85-695e-4ad1-ad9f-d4189829e16f,Campaign 10,Phone,False,True,2024-10-26T12:33:51
e06cb55c-6c4b-4ae0-bdf4-7f6ccddff607,3af8f95e-ad1c-48a3-ae06-29c7e56ed572,Campaign 6,Phone,False,True,2023-12-24T12:33:51
fe8b506e-313f-4df5-8327-c24a22ada764,3af8f95e-ad1c-48a3-ae06-29c7e56ed572,Campaign 8,Phone,True,True,2025-04-01T12:33:51
af5e69db-e5dd-4884-82cc-f01ba1570fb8,3b024fb9-9c8b-47fb-b2bf-b0b21071c8b2,Campaign 10,Social,True,True,2025-06-02T12:33:51
55db162b-a133-40b4-b2e7-01f042c4c38b,3b024fb9-9c8b-47fb-b2bf-b0b21071c8b2,Campaign 2,Phone,False,True,2025-02-02T12:33:51
f64af4ce-5757-4de3-82b5-08c415d3f280,3b024fb9-9c8b-47fb-b2bf-b0b21071c8b2,Campaign 2,SMS,True,False,2025-05-16T12:33:51
eb15ceec-d753-4712-9615-f97407e6111c,3b024fb9-9c8b-47fb-b2bf-b0b21071c8b2,Campaign 7,Email,True,False,2025-05-23T12:33:51
288264b9-edaa-4b64-9deb-f73822e446ee,3b024fb9-9c8b-47fb-b2bf-b0b21071c8b2,Campaign 2,Social,False,False,2025-02-19T12:33:51
5f7cb744-a440-46a1-a669-bf38535eeaa6,3b158c6d-820d-4545-9f8a-360bea3a2804,Campaign 3,Email,True,False,2024-05-20T12:33:51
45d2ec4c-a0f9-4521-957d-52dc267566d8,3b158c6d-820d-4545-9f8a-360bea3a2804,Campaign 8,SMS,False,True,2025-01-25T12:33:51
6f12e044-b1a3-43b7-99bc-cf867274e02a,3b158c6d-820d-4545-9f8a-360bea3a2804,Campaign 7,Social,True,False,2024-05-20T12:33:51
2e769400-c77a-41ca-855c-6dfe5d513975,3b158c6d-820d-4545-9f8a-360bea3a2804,Campaign 6,Phone,True,False,2024-05-20T12:33:51
4b8f9412-0e01-4596-b5ae-06878dd5bbc4,3b158c6d-820d-4545-9f8a-360bea3a2804,Campaign 1,SMS,False,True,2025-01-10T12:33:51
7cfea21f-8f6d-4fd7-9f6c-e3a08f34c7b5,3b230561-2113-4fc1-8a6c-924399b81ed9,Campaign 8,Email,False,False,2024-04-17T12:33:51
e5263018-d3fa-47d3-a9c1-651cacef24db,3b230561-2113-4fc1-8a6c-924399b81ed9,Campaign 3,Email,True,True,2025-03-10T12:33:51
26386896-6e95-42f6-b7b5-d40bb488f464,3b230561-2113-4fc1-8a6c-924399b81ed9,Campaign 7,Social,False,False,2024-02-29T12:33:51
0587fec7-41b9-4da4-9a88-b0f38ddad241,3b421b6d-a37a-4340-b27d-1d89dfa370f9,Campaign 6,Phone,False,True,2025-04-18T12:33:51
b46aec04-230b-4e1c-a075-350afa26ddbf,3b4b90a9-6c32-4336-a943-131527569ef5,Campaign 9,Social,True,False,2025-03-31T12:33:51
bd3e3c84-d589-49dd-89a0-ec94a84e1a7b,3b4b90a9-6c32-4336-a943-131527569ef5,Campaign 10,Social,True,False,2024-05-05T12:33:51
0a343999-2c88-4a71-9c3c-ee13df480a58,3b4b90a9-6c32-4336-a943-131527569ef5,Campaign 3,Social,False,True,2025-06-13T12:33:51
c6d07913-d047-42a6-ade1-9e9a83dcf198,3b4b90a9-6c32-4336-a943-131527569ef5,Campaign 3,Email,False,True,2024-02-11T12:33:51
97e455d9-abee-4e6d-8e77-029419b7e07b,3b4b90a9-6c32-4336-a943-131527569ef5,Campaign 8,Social,False,True,2024-10-06T12:33:51
ec19ed3e-d773-4535-a519-98b930dae154,3b5b26a3-da2f-4d97-8d86-0a05da881084,Campaign 4,Phone,False,False,2025-07-02T12:33:51
4845431f-65d5-405e-b2c0-a8d3952369a7,3b5b26a3-da2f-4d97-8d86-0a05da881084,Campaign 7,SMS,True,True,2023-10-31T12:33:51
f55c702d-1737-48eb-8596-ed8218d7ff3c,3b5b26a3-da2f-4d97-8d86-0a05da881084,Campaign 8,Phone,False,False,2025-07-26T12:33:51
92005fc8-3abe-4d41-b083-24d479987134,3b6fed1d-d565-4ac0-9e7e-aef281446bef,Campaign 3,Email,True,False,2024-03-29T12:33:51
80d91392-33ec-4630-b8ab-660885795251,3b6fed1d-d565-4ac0-9e7e-aef281446bef,Campaign 1,Social,False,False,2025-03-11T12:33:51
7eb01c29-9ed4-4dd3-84ad-4ed647b7b0cf,3b6fed1d-d565-4ac0-9e7e-aef281446bef,Campaign 7,SMS,True,True,2024-11-05T12:33:51
a2e7db8f-6d63-4e43-adfa-d5bc464a9f76,3b7b9138-780e-41c6-8cba-32b3b95c5136,Campaign 1,Email,True,False,2025-03-18T12:33:51
756b2033-4c73-479e-8c99-9b07bb31d5f2,3b7b9138-780e-41c6-8cba-32b3b95c5136,Campaign 9,Social,True,True,2024-06-24T12:33:51
6e73c5d4-0e71-4153-9319-a595a8230178,3b7b9138-780e-41c6-8cba-32b3b95c5136,Campaign 5,Phone,False,True,2024-08-23T12:33:51
8c1d9cc7-79a7-4ce5-9e63-c1ae1c4e3a07,3b7b9138-780e-41c6-8cba-32b3b95c5136,Campaign 3,Phone,False,True,2024-08-27T12:33:51
7d53de85-3cd1-4b9a-8f84-82d5b945ccee,3b7b9138-780e-41c6-8cba-32b3b95c5136,Campaign 1,Phone,False,False,2023-11-06T12:33:51
d0f67804-de2f-47ba-b36c-a385ee59660b,3b7e1004-06b8-4423-88ba-a8c4341f5524,Campaign 2,Email,False,False,2024-09-29T12:33:51
dc2fcba0-d4f9-4336-9f79-c7b5ce088f28,3b7e1004-06b8-4423-88ba-a8c4341f5524,Campaign 6,Social,True,False,2024-12-26T12:33:51
55580984-09c8-4859-8aaa-c8fd2aa5df1d,3b92171d-dae9-4b13-8567-c8439b929e43,Campaign 9,Email,False,False,2024-09-12T12:33:51
28e4a9a7-6e30-4b51-bcf5-31e9f474cab7,3b92171d-dae9-4b13-8567-c8439b929e43,Campaign 4,SMS,True,True,2024-03-02T12:33:51
7539108a-ec8a-4af1-b09e-b9ecfebf6a58,3b92171d-dae9-4b13-8567-c8439b929e43,Campaign 9,SMS,False,False,2024-04-15T12:33:51
70d576d2-32b7-42d7-8e01-b2d1920a9d3f,3b9b6e7e-a8ef-442f-8227-01a97533d69e,Campaign 7,Social,False,True,2024-02-27T12:33:51
e6e71027-719f-42e8-9e9b-e75147d4e49a,3b9b6e7e-a8ef-442f-8227-01a97533d69e,Campaign 8,Social,False,False,2025-02-02T12:33:51
00794912-ca4a-453d-933a-c00f3ed7687b,3b9b6e7e-a8ef-442f-8227-01a97533d69e,Campaign 5,Email,True,False,2025-05-28T12:33:51
a84b7f0c-ea71-4ff4-946b-9420c2ef1b87,3b9b6e7e-a8ef-442f-8227-01a97533d69e,Campaign 4,SMS,True,True,2025-08-08T12:33:51
40070808-2fb9-4eec-b0ea-4386b0a7cc47,3b9b6e7e-a8ef-442f-8227-01a97533d69e,Campaign 3,SMS,False,False,2023-12-05T12:33:51
683dcc10-deca-46f0-9990-37e2550e1f45,3bc42d1e-d7a7-467b-9657-4ba80a9435c8,Campaign 1,Phone,False,True,2025-04-22T12:33:51
c4e7e5e8-681e-48d8-bb45-47a30133b196,3bdb787b-d329-4051-a192-7c90efc4c677,Campaign 5,Social,False,False,2024-08-05T12:33:51
8f6719b2-850a-4cad-8329-53497133b7a0,3bdb787b-d329-4051-a192-7c90efc4c677,Campaign 1,Social,True,True,2025-06-22T12:33:51
4639bdab-7576-4ed7-8802-525acaaa22df,3bdb787b-d329-4051-a192-7c90efc4c677,Campaign 4,Phone,False,True,2023-12-22T12:33:51
21fdd4f1-97a4-4fbf-9809-e49cbab41054,3bdb787b-d329-4051-a192-7c90efc4c677,Campaign 5,Phone,True,True,2024-06-30T12:33:51
f40bb70d-d3bd-481d-85db-2a38cb9a5513,3be3383b-990e-4677-bfa5-dab91f017c7a,Campaign 2,SMS,True,False,2024-09-22T12:33:51
2c38446b-6a90-4fe9-b260-d58c450c8ac0,3bf4f128-796c-4fd0-a2e7-42d0dbbef475,Campaign 7,SMS,False,True,2023-12-30T12:33:51
d9b7d6dc-c58a-4478-b33a-206ac0ac368a,3bf4f128-796c-4fd0-a2e7-42d0dbbef475,Campaign 2,Social,True,True,2025-05-25T12:33:51
94ec2930-5116-4dc2-9e67-4fd32aa4ea8f,3c1107e2-8968-4862-a6c5-1426fb0691f7,Campaign 8,Phone,False,True,2025-06-09T12:33:51
ba719474-b73e-440b-b3bb-4c876a673509,3c1bae20-c604-4fb5-a2a6-61dc48493676,Campaign 1,Phone,False,True,2024-06-17T12:33:51
cb808ecd-ce87-4d73-8075-8c14f66b57dd,3c1bae20-c604-4fb5-a2a6-61dc48493676,Campaign 4,Phone,False,False,2024-05-23T12:33:51
8eba3de4-c6eb-459f-8c49-ce5e8a6dd085,3c1bae20-c604-4fb5-a2a6-61dc48493676,Campaign 2,Social,False,False,2024-05-15T12:33:51
592d8459-eca0-4973-b0e1-7fc5d21d06cd,3c33050f-52b8-4d9c-95b7-e3b8f630dbba,Campaign 8,Email,False,True,2025-05-09T12:33:51
795ba3ee-50ca-4c91-96ad-a6f39b5dd78f,3c47cd25-a8a7-44c5-8b4f-c2aa694f224c,Campaign 7,SMS,False,True,2025-06-12T12:33:51
4a0d8fee-997c-4402-ac82-4dd566a902a1,3c47cd25-a8a7-44c5-8b4f-c2aa694f224c,Campaign 2,Social,False,True,2023-09-22T12:33:51
c734d176-6e8c-4096-923c-e0eab96c810a,3c47cd25-a8a7-44c5-8b4f-c2aa694f224c,Campaign 3,Social,False,False,2023-12-21T12:33:51
cacf631f-2811-4b6f-ace3-14918ae3d87c,3c47cd25-a8a7-44c5-8b4f-c2aa694f224c,Campaign 7,Phone,False,False,2024-04-11T12:33:51
8ef3b794-da99-4181-89ad-44155b6bb76d,3c47cd25-a8a7-44c5-8b4f-c2aa694f224c,Campaign 1,Phone,False,True,2025-07-09T12:33:51
61e17c3b-ab23-4207-ae01-9929cc1964f5,3c6d6df4-fd43-41f7-a2c1-ce517a65cb3b,Campaign 5,Email,False,True,2024-06-25T12:33:51
1efd1ab1-ab94-4737-967e-2217c12b6be7,3c6d6df4-fd43-41f7-a2c1-ce517a65cb3b,Campaign 10,Social,False,True,2025-02-13T12:33:51
ed3d1451-c348-4388-94e4-90bc5b79f53b,3ca4d255-f562-48fc-8829-62ea867c07d1,Campaign 8,Social,False,False,2025-06-26T12:33:51
472ebf8b-1e2d-4186-99d3-6dcc5d339b6a,3ca4d255-f562-48fc-8829-62ea867c07d1,Campaign 6,SMS,True,False,2024-08-11T12:33:51
898ca8b3-1931-4a55-b6a6-7dfc7a0b3f79,3ca4d255-f562-48fc-8829-62ea867c07d1,Campaign 7,Social,False,True,2023-10-03T12:33:51
726ccf20-260b-4747-9f3f-cbc0da81c876,3ca4d255-f562-48fc-8829-62ea867c07d1,Campaign 7,Phone,True,False,2024-11-17T12:33:51
29f0a1b3-cdf0-475e-afbb-b962d87004a2,3ce5f49a-1a6e-4439-a0b8-badf2c3d3524,Campaign 6,Social,False,False,2024-07-13T12:33:51
fc896fef-55d9-4a56-9792-93144b2d5216,3ce5f49a-1a6e-4439-a0b8-badf2c3d3524,Campaign 3,SMS,False,False,2024-03-05T12:33:51
1b83df6a-f3e4-4eac-b458-b91f53f4045d,3ce5f49a-1a6e-4439-a0b8-badf2c3d3524,Campaign 2,Social,False,True,2024-11-09T12:33:51
03e16bea-c2df-435e-a05c-db3f8eba058d,3ce5f49a-1a6e-4439-a0b8-badf2c3d3524,Campaign 7,SMS,True,False,2024-06-16T12:33:51
eda22cbe-b4a9-47ee-b62a-bcd28cd4ca63,3ce5f49a-1a6e-4439-a0b8-badf2c3d3524,Campaign 6,Social,False,True,2024-02-08T12:33:51
afe78f24-d3f5-4dd7-8faa-2fc93d1f7867,3d2c44fe-4d3c-49ce-8474-b55b87d31a55,Campaign 2,Social,False,True,2024-05-10T12:33:51
9b479d82-1efe-4f7a-832d-ab64346660ef,3d2c44fe-4d3c-49ce-8474-b55b87d31a55,Campaign 6,SMS,True,True,2025-01-23T12:33:51
2b35a901-a108-4a66-bdef-bd3bdbee439a,3d2c44fe-4d3c-49ce-8474-b55b87d31a55,Campaign 5,SMS,False,False,2025-06-30T12:33:51
6ba268de-4b46-4579-8cfd-68c4421d7619,3d2c44fe-4d3c-49ce-8474-b55b87d31a55,Campaign 6,Phone,False,False,2025-06-26T12:33:51
00e69114-c757-4e61-9a06-533938c43185,3d3e3a5c-ef36-476c-b31f-2c0a899f79e5,Campaign 10,Phone,True,True,2023-10-01T12:33:51
11df5820-b5e3-4807-942c-ad163983f31a,3d3e3a5c-ef36-476c-b31f-2c0a899f79e5,Campaign 7,Social,False,True,2024-10-07T12:33:51
253c41bd-f878-43d2-86e7-9e4726df7e02,3d3e3a5c-ef36-476c-b31f-2c0a899f79e5,Campaign 2,Email,True,False,2025-02-05T12:33:51
e1d0d75e-22c7-42b2-9b9e-a308d57a786d,3d3e3a5c-ef36-476c-b31f-2c0a899f79e5,Campaign 7,Phone,True,False,2025-08-20T12:33:51
5a2c6f00-800e-4b29-8ff5-eaaac9ed1894,3d499e2f-dbdb-4a38-baf2-5d911d0adb2a,Campaign 1,SMS,False,False,2025-04-02T12:33:51
417d3e64-afb7-404b-b0f8-cb0aec45ab8d,3d499e2f-dbdb-4a38-baf2-5d911d0adb2a,Campaign 9,Phone,True,False,2024-04-16T12:33:51
428ad477-c64e-4c5c-983f-479fb56adcb8,3da61d27-cea9-4a4c-9c46-ba96abaa926e,Campaign 6,Social,False,False,2025-07-16T12:33:51
e88aae84-f8c4-4cb4-9c84-e4ce82673a23,3da61d27-cea9-4a4c-9c46-ba96abaa926e,Campaign 1,Social,True,False,2024-05-26T12:33:51
bd56e68f-18f8-4fb8-8f14-cb1b227b821a,3de548e3-801c-41d6-b0b8-28e8389795f1,Campaign 10,SMS,True,False,2023-12-18T12:33:51
6443da51-97b3-4c7f-97ba-cebc326cd347,3de548e3-801c-41d6-b0b8-28e8389795f1,Campaign 7,Phone,True,True,2025-06-22T12:33:51
62560646-18dc-4fe4-832a-c3b3dcdcb781,3de548e3-801c-41d6-b0b8-28e8389795f1,Campaign 2,Social,False,True,2024-01-09T12:33:51
8893f001-aae3-49bf-813c-a43ae5828b7c,3de548e3-801c-41d6-b0b8-28e8389795f1,Campaign 6,Social,False,False,2025-03-29T12:33:51
6c35e92b-1acf-44a1-9a38-0eac57db440a,3e876e2b-9513-4b74-8615-66ea985d7cf2,Campaign 3,Social,True,False,2023-12-30T12:33:51
6f1ca8af-e78c-46ed-b9ac-32df71991cc3,3e876e2b-9513-4b74-8615-66ea985d7cf2,Campaign 9,SMS,True,True,2024-04-02T12:33:51
f3745d0f-ef51-4150-b712-ce7d94c18633,3e876e2b-9513-4b74-8615-66ea985d7cf2,Campaign 10,Phone,True,False,2025-07-18T12:33:51
ea4db8db-7da3-4512-818b-57694f72da9f,3e9abcf9-9065-447f-b151-415b34599e5d,Campaign 1,SMS,False,False,2024-03-30T12:33:51
8d31194e-e23c-437a-a7ea-fc95ac87429e,3e9c455c-f1f9-4bbe-81f9-52e9d0b5112b,Campaign 7,Email,False,False,2025-04-26T12:33:51
43bf1e9b-11a8-4e4b-9dba-acfd5653c137,3e9c455c-f1f9-4bbe-81f9-52e9d0b5112b,Campaign 1,SMS,False,True,2025-02-20T12:33:51
1771610f-5c79-41d2-b012-d78e514e7179,3ee57d67-7a56-4b53-86d1-9b8d346f25cf,Campaign 3,Phone,False,False,2023-09-10T12:33:51
5d1ec871-ef10-4591-9560-28107e9deea9,3ee57d67-7a56-4b53-86d1-9b8d346f25cf,Campaign 9,Phone,True,False,2023-11-02T12:33:51
0a0805aa-5776-4288-9ace-004eb3a08b39,3ee8e075-960b-4bad-9285-a0b87422554b,Campaign 1,Phone,False,True,2024-04-19T12:33:51
f58bc8fe-f99f-43fc-b167-107e16618355,3ee8e075-960b-4bad-9285-a0b87422554b,Campaign 10,Email,True,False,2025-05-08T12:33:51
c2e92996-c039-4992-9f5e-0645eaffa7c4,3ee8e075-960b-4bad-9285-a0b87422554b,Campaign 7,SMS,True,True,2025-01-27T12:33:51
b18a63da-67f3-4a9b-8f4f-8280e8760cce,3ee8e075-960b-4bad-9285-a0b87422554b,Campaign 6,Phone,True,False,2023-09-15T12:33:51
be324171-cc9d-4137-9f11-ccf410b01dfa,3f5892cd-4111-48f4-a8e3-fe4439168819,Campaign 9,SMS,False,True,2025-05-05T12:33:51
9019a08c-f6b8-4ee7-bac5-d1997f3300ec,3f5892cd-4111-48f4-a8e3-fe4439168819,Campaign 6,SMS,True,False,2024-07-02T12:33:51
a41f5653-1d5c-4317-848e-9bf02777bd56,3fa705aa-f883-4f7d-9e6b-9076be84ce43,Campaign 1,Phone,True,True,2025-04-22T12:33:51
5c22b26b-3734-4825-8231-bb5b7b1fe6ae,3fafb65b-27ce-4d14-b3fb-09ef4a60362d,Campaign 8,SMS,False,True,2024-11-30T12:33:51
1236cb63-4655-4306-866d-89873209e556,3fd5da33-92af-46c6-a4e8-4d9b76079863,Campaign 2,Phone,False,False,2023-09-15T12:33:51
20194cc6-a019-4a21-98b5-4b892cde4d98,3fd5da33-92af-46c6-a4e8-4d9b76079863,Campaign 5,SMS,False,True,2025-03-31T12:33:51
870fcade-b2c1-40ee-9787-388cf09ff6ca,3fd5da33-92af-46c6-a4e8-4d9b76079863,Campaign 10,SMS,True,False,2024-02-23T12:33:51
14f9b76e-0e91-4b3d-958a-e6545232b0ab,3fd5da33-92af-46c6-a4e8-4d9b76079863,Campaign 4,SMS,True,False,2024-03-19T12:33:51
51f32a20-fe96-4f75-8d0c-d7425f50591a,3fd5da33-92af-46c6-a4e8-4d9b76079863,Campaign 9,Email,True,True,2025-04-20T12:33:51
517d2878-de92-4b00-947f-189b6a5a87b1,3fef7542-24d6-4800-bbf0-653fbe0ea5e2,Campaign 4,Phone,False,True,2025-05-15T12:33:51
073a9fb1-d0bc-4020-9f93-bfe54c6a49b9,3fef7542-24d6-4800-bbf0-653fbe0ea5e2,Campaign 9,SMS,True,True,2024-12-26T12:33:51
b88ba90b-4f26-4921-92c7-5e8c6d949bb4,4007f3cc-335d-4d11-9168-59327830dc72,Campaign 10,Phone,False,True,2025-03-29T12:33:51
eea4508c-da9e-4068-8f9d-5562158f09ee,4007f3cc-335d-4d11-9168-59327830dc72,Campaign 10,Email,False,True,2024-09-26T12:33:51
d5df1d4e-5235-4a56-b171-7801b4919ec0,4007f3cc-335d-4d11-9168-59327830dc72,Campaign 5,Social,False,True,2024-11-30T12:33:51
dfd642cc-05a3-443b-8cc3-65de42d5608d,4037c715-6506-4bde-91c8-d85fd5dd6093,Campaign 1,Phone,True,False,2023-11-26T12:33:51
5928f3b4-00a2-43d8-b062-d0982769709d,4037c715-6506-4bde-91c8-d85fd5dd6093,Campaign 1,Social,False,True,2023-09-18T12:33:51
a487041f-0b3c-4a6f-85b4-cd56f8fb7f2d,4037c715-6506-4bde-91c8-d85fd5dd6093,Campaign 4,Phone,True,False,2025-07-15T12:33:51
e617c8ff-891d-41f6-83f9-22b2f98cdefc,4037c715-6506-4bde-91c8-d85fd5dd6093,Campaign 4,Phone,False,True,2025-04-23T12:33:51
236adea2-407d-43f8-941a-2c72baf608dd,403bef93-c3fc-4e95-b39e-96bac13fb948,Campaign 9,Email,False,False,2025-04-08T12:33:51
efa81328-edf6-42ea-bb50-2ce5c3d34701,404a7dd6-ab7e-413e-8828-be5956935ea0,Campaign 8,SMS,True,False,2025-04-18T12:33:51
605999e2-4c6d-4ecf-9da4-a82a54102a32,404a7dd6-ab7e-413e-8828-be5956935ea0,Campaign 4,Phone,True,True,2024-09-30T12:33:51
ae60ad65-0eb3-45e2-bda0-f1b38d7903f7,404bdacc-8b1c-4062-a8ba-4560deed497b,Campaign 10,Email,False,True,2025-03-22T12:33:51
04756f56-b461-4787-9e3a-0c4e0fb78f65,404bdacc-8b1c-4062-a8ba-4560deed497b,Campaign 10,SMS,True,False,2024-02-02T12:33:51
aadf8b9c-a950-4d4f-b1c1-277d1c655c14,404bdacc-8b1c-4062-a8ba-4560deed497b,Campaign 3,Phone,False,True,2024-05-28T12:33:51
41bc72df-e238-4358-b321-8ccdda1b5aa0,404da108-b23e-49d4-b688-ef6cd27efdb1,Campaign 1,Phone,False,False,2024-01-18T12:33:51
fed9c4fb-792a-42e1-9c37-07be52f51ad5,404da108-b23e-49d4-b688-ef6cd27efdb1,Campaign 8,Email,False,False,2024-11-21T12:33:51
b4f6c7fb-1172-4c56-aa17-7d8841f53c6e,405975b3-353c-48f0-aa5e-78c05664b514,Campaign 4,Phone,False,False,2024-05-30T12:33:51
cf144d12-3663-44a5-8562-e8911eb23a68,405975b3-353c-48f0-aa5e-78c05664b514,Campaign 7,Social,True,True,2024-09-27T12:33:51
83d0dfd6-c167-44b9-a4b2-d566e50e1f5a,405975b3-353c-48f0-aa5e-78c05664b514,Campaign 2,Phone,False,True,2024-02-19T12:33:51
b235695f-6198-4d46-9483-bf076fc0a476,405975b3-353c-48f0-aa5e-78c05664b514,Campaign 3,Social,False,False,2024-10-12T12:33:51
7b30d52f-7377-47c7-adf7-f00b2b9f7ed6,405975b3-353c-48f0-aa5e-78c05664b514,Campaign 4,Email,False,True,2023-10-26T12:33:51
fdf9ff95-edf7-4d89-b8d9-74e1b0b022bb,405ed805-b182-4e59-9bf1-de2aa24305e0,Campaign 6,SMS,False,False,2024-11-25T12:33:51
03f15d36-2cf2-46dc-87d1-828611711f35,405ed805-b182-4e59-9bf1-de2aa24305e0,Campaign 2,Phone,False,True,2024-12-27T12:33:51
e5662cd2-2fae-4506-8ab0-c28cd59c4905,405ed805-b182-4e59-9bf1-de2aa24305e0,Campaign 5,Social,False,True,2024-05-07T12:33:51
b8fa90e3-f1f4-4400-b99b-99e4125b7ef5,405ed805-b182-4e59-9bf1-de2aa24305e0,Campaign 3,Email,False,True,2024-02-12T12:33:51
002d1a5a-2054-440d-930d-539ad8fbf769,406e2628-55da-41c9-bdd8-e64c31ff7614,Campaign 5,Phone,True,True,2025-06-22T12:33:51
00f1e655-fe4a-4384-a2be-b2188e55e3b8,406e2628-55da-41c9-bdd8-e64c31ff7614,Campaign 3,Email,True,True,2023-10-07T12:33:51
faf128a0-b9a3-4aa5-acd5-f2c0ea6769b2,406e2628-55da-41c9-bdd8-e64c31ff7614,Campaign 5,SMS,True,True,2025-05-29T12:33:51
33d530d7-ed7f-4367-8acc-58da4f0c8001,407a033d-f54e-4319-acc7-03055947d012,Campaign 10,SMS,False,True,2024-12-06T12:33:51
220e9a79-be66-476a-aed2-1d0e116587ef,4082bb0d-deab-460c-aa28-325641cb2156,Campaign 8,SMS,True,True,2024-03-22T12:33:51
47b77c50-b5bf-412a-9847-2484f7dc88c2,4082bb0d-deab-460c-aa28-325641cb2156,Campaign 7,Email,False,False,2024-08-31T12:33:51
90cbe998-8208-47dd-901f-a5ff3e4c0087,40a91195-6bd4-4ae7-a001-9ef2c3fffcc1,Campaign 9,Email,False,True,2023-11-12T12:33:51
026cb43c-c42c-4818-874a-ccaafda821e2,40a91195-6bd4-4ae7-a001-9ef2c3fffcc1,Campaign 3,Email,True,True,2024-04-01T12:33:51
d937b0f3-174c-4867-8355-6bbce920bb4d,40be0fdb-1a81-4f84-bde9-532961e3f995,Campaign 2,Email,True,False,2025-05-01T12:33:51
983a9aba-1c9d-4ab9-b5a6-75cf453c2916,40be0fdb-1a81-4f84-bde9-532961e3f995,Campaign 4,Email,True,True,2023-11-27T12:33:51
3b0ba0ed-05d6-4fd8-9ec0-e583438dc69d,40c38096-68d3-4360-bb66-9658179bc97a,Campaign 1,Email,False,False,2024-08-03T12:33:51
7fd86524-8073-4743-8934-dab36f40e4c4,40c38096-68d3-4360-bb66-9658179bc97a,Campaign 3,Social,True,True,2023-11-17T12:33:51
b2c156d6-b409-41e6-843f-3022f8d4c17c,40c38096-68d3-4360-bb66-9658179bc97a,Campaign 9,Email,False,False,2023-11-18T12:33:51
056019eb-cb44-4950-8568-22e66dd2c8d9,40c38096-68d3-4360-bb66-9658179bc97a,Campaign 5,Phone,False,True,2025-01-30T12:33:51
2f12f5ab-49ea-4ec3-9f55-a07e945d1536,40d549ce-c65a-45e1-8681-c80cae22d689,Campaign 10,Phone,True,False,2024-06-18T12:33:51
7cae4016-24ce-45ab-a8c4-e3c76aa6d732,40d549ce-c65a-45e1-8681-c80cae22d689,Campaign 2,SMS,False,True,2025-01-06T12:33:51
a3733520-d993-4b6c-9bd8-4fc73b528ad1,40d549ce-c65a-45e1-8681-c80cae22d689,Campaign 2,Email,True,False,2025-01-26T12:33:51
cdee8740-c576-447d-983d-8f351eb5671b,40d549ce-c65a-45e1-8681-c80cae22d689,Campaign 7,Social,True,True,2024-07-16T12:33:51
2f33b170-faad-4d85-96d0-7f27015bfd10,40ddbe03-82a7-449d-a864-ff61d4d889a7,Campaign 6,Phone,False,True,2024-06-10T12:33:51
e6bdfea5-1604-4b1a-9b1b-9eee130072be,40ddbe03-82a7-449d-a864-ff61d4d889a7,Campaign 10,Email,True,True,2024-12-31T12:33:51
1eb9c73e-bb21-41fa-b8a8-37dc175d01f3,40ddbe03-82a7-449d-a864-ff61d4d889a7,Campaign 6,Phone,True,False,2025-05-02T12:33:51
9309d97b-2c7d-49d8-9024-fb6f8d6762a1,40ddbe03-82a7-449d-a864-ff61d4d889a7,Campaign 8,SMS,False,False,2025-07-04T12:33:51
fdf55731-2dba-4423-9b77-5f60379eb0f1,40ddbe03-82a7-449d-a864-ff61d4d889a7,Campaign 7,Phone,True,True,2025-08-12T12:33:51
8d397011-154e-41cc-9cd8-11364efee1ce,40f3d0c3-5b73-4bcd-b970-51ce1faf3ce6,Campaign 9,Phone,False,False,2024-11-05T12:33:51
13443be2-2900-49a1-9653-38faad9e0744,40f3d0c3-5b73-4bcd-b970-51ce1faf3ce6,Campaign 10,Email,True,False,2024-03-04T12:33:51
4501d8aa-8c7c-4b75-9674-3a1bc1030ca8,40f3d0c3-5b73-4bcd-b970-51ce1faf3ce6,Campaign 10,Email,True,True,2025-07-04T12:33:51
abee885f-b60a-4fba-bc3a-902bde4ffd4b,40f3d0c3-5b73-4bcd-b970-51ce1faf3ce6,Campaign 4,Phone,False,True,2024-05-10T12:33:51
ed31be89-28e2-423f-90a9-135c28757aff,410fa169-fc21-4c6a-b56a-29c5d579e97d,Campaign 5,Email,False,True,2025-01-13T12:33:51
13f5ee03-e61f-4102-b09c-8f76b81ffc2c,411c289f-c60e-4079-8fa3-d240c0ba6bdc,Campaign 4,Social,True,False,2024-07-24T12:33:51
3778f1ef-a67c-46b6-9aeb-208a8bb2fcd2,411c289f-c60e-4079-8fa3-d240c0ba6bdc,Campaign 8,Phone,True,False,2023-10-16T12:33:51
9ea0cd95-fc5b-4a8a-b2dc-ebaf211b35df,415ba58a-91f8-476d-9d23-e53c300920bc,Campaign 10,Social,False,True,2025-04-13T12:33:51
d296ce5d-ef39-424f-9715-4a9ef1d0a91e,415ba58a-91f8-476d-9d23-e53c300920bc,Campaign 2,Email,False,False,2025-03-22T12:33:51
5f702758-9dce-42df-add4-410c1b866309,415ba58a-91f8-476d-9d23-e53c300920bc,Campaign 8,SMS,False,False,2025-02-01T12:33:51
7ee1988f-ddfa-4750-ba65-7c108ee6dd51,415ba58a-91f8-476d-9d23-e53c300920bc,Campaign 5,Email,True,False,2024-11-24T12:33:51
96a2f443-6ebe-469d-bf3a-1e36431618d8,415ba58a-91f8-476d-9d23-e53c300920bc,Campaign 6,Phone,True,False,2024-03-02T12:33:51
b4a6a3e0-33b7-44f5-b192-540d27956182,415cae62-984a-4225-ac45-842a3182ecb2,Campaign 9,Phone,False,True,2025-05-10T12:33:51
58dce1e6-353f-496b-ab91-fefcb022ff9f,415cae62-984a-4225-ac45-842a3182ecb2,Campaign 5,Email,False,False,2025-08-17T12:33:51
07fe6ad7-9f30-4410-96b1-9be1002bcf9e,415cae62-984a-4225-ac45-842a3182ecb2,Campaign 3,SMS,True,False,2023-12-23T12:33:51
3a9a69a3-c82d-479e-9983-018a990adb09,415cae62-984a-4225-ac45-842a3182ecb2,Campaign 10,Email,True,False,2025-05-14T12:33:51
e12e85b1-a403-476f-84fa-9f52f303bd42,415cae62-984a-4225-ac45-842a3182ecb2,Campaign 2,SMS,True,False,2024-12-15T12:33:51
fd3b983e-462e-4b5b-92a8-6f481f286906,416fb38f-a344-4b39-ab96-261f5d126fc9,Campaign 7,Email,False,False,2025-02-07T12:33:51
9f7932a6-d331-4b1b-a008-9ff9f8494027,416fb38f-a344-4b39-ab96-261f5d126fc9,Campaign 7,Phone,False,False,2024-10-05T12:33:51
acd2e5e2-3be6-4dd8-9ed2-078d541ec0f5,416fb38f-a344-4b39-ab96-261f5d126fc9,Campaign 5,SMS,True,True,2024-10-04T12:33:51
d6ffa099-15c0-4a34-a121-ac3cf4b7c829,416fb38f-a344-4b39-ab96-261f5d126fc9,Campaign 4,SMS,True,True,2024-08-29T12:33:51
82fbe235-843e-493d-95c7-3f8ab7e687a9,416fb38f-a344-4b39-ab96-261f5d126fc9,Campaign 2,Social,False,False,2023-11-30T12:33:51
16d25313-2d18-485f-bb20-a04e3f9d80ee,41830018-d25d-4ce6-ad73-778e0f7ff546,Campaign 3,Social,True,False,2023-09-20T12:33:51
ffb24a18-f22c-46a0-a4cc-0954125745b3,41830018-d25d-4ce6-ad73-778e0f7ff546,Campaign 1,Phone,True,False,2025-08-04T12:33:51
7c20fcb8-59c5-4ee9-a1eb-818b304719af,41830018-d25d-4ce6-ad73-778e0f7ff546,Campaign 5,Social,True,True,2024-04-21T12:33:51
87765ded-02e8-4adf-872e-b27570f85c18,41830018-d25d-4ce6-ad73-778e0f7ff546,Campaign 1,Social,True,False,2024-05-26T12:33:51
2f6b61a2-e5e7-494c-869e-c2bd86545dd7,419b52e9-86e1-46f1-8b10-de4127699b00,Campaign 4,Phone,False,True,2024-07-17T12:33:51
91dbb24b-7680-492c-8093-6eba2d94f5a0,419b52e9-86e1-46f1-8b10-de4127699b00,Campaign 10,SMS,False,False,2024-09-11T12:33:51
942c46c8-592c-44b2-ac2a-dc67d9c21817,419b52e9-86e1-46f1-8b10-de4127699b00,Campaign 9,Phone,True,False,2023-10-06T12:33:51
968635be-44e1-40d7-b342-5788193bc351,41e15505-f574-4a2a-8dd2-eb3a06b0d799,Campaign 8,Social,True,False,2025-01-16T12:33:51
17c16adf-6d4d-4aea-b082-d6a8b9b73f1e,41e15505-f574-4a2a-8dd2-eb3a06b0d799,Campaign 7,Email,True,False,2024-02-07T12:33:51
c9e3ea68-1dc7-4e74-a0b0-1e77cc4ecfa0,41e15505-f574-4a2a-8dd2-eb3a06b0d799,Campaign 10,Email,False,True,2024-03-03T12:33:51
209ed708-b6f1-408b-93c1-3c02225ec113,41e15505-f574-4a2a-8dd2-eb3a06b0d799,Campaign 7,Phone,True,False,2025-05-21T12:33:51
fccdc8b0-c99d-4608-b4c2-2dca3ad8086a,42078308-3e2e-4291-8f20-f8816b41fbdb,Campaign 10,Social,True,True,2023-10-22T12:33:51
b2dac358-610c-429c-8aed-ad65f8b3de2b,42078308-3e2e-4291-8f20-f8816b41fbdb,Campaign 5,SMS,True,False,2024-10-27T12:33:51
691dbe0c-769f-4575-825a-c393c022b285,42078308-3e2e-4291-8f20-f8816b41fbdb,Campaign 10,Phone,False,False,2024-11-22T12:33:51
967811c8-9f19-4b85-820b-14f5b93461cf,420ad0de-9c2c-4697-b698-c5d3399eb306,Campaign 2,Phone,True,True,2024-03-27T12:33:51
42b7e029-2bd1-4df9-b426-d2210a12a3bc,420ad0de-9c2c-4697-b698-c5d3399eb306,Campaign 5,Email,True,True,2024-04-07T12:33:51
1b46f7f8-d4e2-4de4-877d-62d47144d5fc,420ad0de-9c2c-4697-b698-c5d3399eb306,Campaign 9,Social,False,True,2024-07-01T12:33:51
4c6e3326-88a7-4a1c-aa95-5705dfeeb18c,420ad0de-9c2c-4697-b698-c5d3399eb306,Campaign 2,Social,False,False,2024-09-28T12:33:51
f646ab52-ac14-45d3-b767-23cdcb05a128,424dc1e0-1974-4a40-a055-6b375ee686bb,Campaign 4,SMS,False,False,2024-04-04T12:33:51
9baef63e-ae1f-47ef-b0dc-047710cc82ed,424dc1e0-1974-4a40-a055-6b375ee686bb,Campaign 7,Phone,False,True,2024-08-27T12:33:51
81a9d1e8-8b34-4775-9051-d8037ba97fc6,424dc1e0-1974-4a40-a055-6b375ee686bb,Campaign 8,Social,False,False,2025-06-01T12:33:51
4cbe0e74-20ab-41e0-8758-76a32f8de1fa,424dc1e0-1974-4a40-a055-6b375ee686bb,Campaign 1,Email,False,True,2025-04-02T12:33:51
1dae20c9-df06-4dfa-be7c-e05bbb9d94ec,42695f54-7e3f-4b93-955a-e3a43ebf9573,Campaign 1,Social,True,False,2025-02-12T12:33:51
b588e708-5f5c-40b5-928f-94c2b6a433fa,42695f54-7e3f-4b93-955a-e3a43ebf9573,Campaign 7,Email,True,False,2024-12-26T12:33:51
3fc2c941-ca19-4699-9496-4fb1c9df6571,42695f54-7e3f-4b93-955a-e3a43ebf9573,Campaign 8,Phone,True,True,2023-12-29T12:33:51
c6b77033-7b4c-4669-9dc5-a390eb17a281,42695f54-7e3f-4b93-955a-e3a43ebf9573,Campaign 7,Phone,True,False,2024-05-13T12:33:51
0ee2806a-d24e-4d4a-bd42-281304d66c26,426a591d-5875-4753-b0fe-1dc8ba65eeb3,Campaign 4,Phone,False,False,2024-07-06T12:33:51
c5e2a56d-f8b8-4ee7-a3b7-10b0f39a2eb3,4277970e-6be9-4631-89be-c9b286d20d1d,Campaign 6,SMS,False,False,2024-04-14T12:33:51
40b6392d-7ff2-47d3-bf32-b9c3820b0a09,4277970e-6be9-4631-89be-c9b286d20d1d,Campaign 1,Phone,True,True,2023-09-22T12:33:51
857ca2be-7b2f-48a2-8184-f77b9dad77bc,4277970e-6be9-4631-89be-c9b286d20d1d,Campaign 10,Social,False,True,2025-06-07T12:33:51
a5e1a001-7f6d-40b6-8015-6c4ad5756a33,42814efe-597b-43e8-972b-00c16a51fa9b,Campaign 5,SMS,True,True,2025-07-24T12:33:51
9daa5639-2d5d-499b-a6db-ab1b338a696a,42814efe-597b-43e8-972b-00c16a51fa9b,Campaign 3,Email,True,False,2025-02-05T12:33:51
770d7840-9cb6-403c-9ba1-fdae026428ae,42814efe-597b-43e8-972b-00c16a51fa9b,Campaign 4,Phone,False,False,2025-08-11T12:33:51
ff4bb8c5-2a22-469e-8fd7-4d29c87ed88c,42814efe-597b-43e8-972b-00c16a51fa9b,Campaign 7,SMS,False,True,2024-01-28T12:33:51
f3ab9d35-a7b3-4719-95c9-b4b4d55e0740,42b9a85e-17a1-480a-9821-6ab8f0d9ee99,Campaign 2,Email,True,True,2025-07-19T12:33:51
431f5050-0e72-4440-9152-5b43c9464d08,42b9a85e-17a1-480a-9821-6ab8f0d9ee99,Campaign 9,SMS,True,True,2024-08-01T12:33:51
62ca7348-9f8d-409e-afd3-42e1e3727ced,42b9a85e-17a1-480a-9821-6ab8f0d9ee99,Campaign 10,Email,True,False,2025-04-24T12:33:51
3115e733-5dc3-455e-a46e-6439acd7c382,42e2ee2b-9c1f-49d5-9b02-ea4b9d4c37d4,Campaign 5,Phone,True,False,2025-06-13T12:33:51
e1cc5b2e-5036-4d56-8516-ce67cb60ed65,42e2ee2b-9c1f-49d5-9b02-ea4b9d4c37d4,Campaign 5,Email,True,True,2025-04-07T12:33:51
05eecf74-bd4c-4bf3-9fa8-284dd89252e9,42e2ee2b-9c1f-49d5-9b02-ea4b9d4c37d4,Campaign 5,Email,True,False,2024-05-08T12:33:51
39ba810a-a9fb-453a-83d9-d75792daf1bd,42ea2264-d459-4d8c-9633-e409e1962756,Campaign 8,Email,True,True,2025-04-05T12:33:51
204fba7b-f4fe-45c8-8ea7-c7350b2bfdd5,42ea2264-d459-4d8c-9633-e409e1962756,Campaign 4,Email,True,True,2023-12-30T12:33:51
2bf3a906-5d0a-414a-846d-5805c7e2471f,42ea2264-d459-4d8c-9633-e409e1962756,Campaign 1,Phone,False,False,2024-12-07T12:33:51
4205aeae-207b-4ca7-8964-ec271f7e5312,42ea2264-d459-4d8c-9633-e409e1962756,Campaign 6,SMS,True,True,2025-01-23T12:33:51
f6a1d4b0-1040-4198-81a8-419709c30531,43197b74-baa5-473d-ae37-1b3c64e566c0,Campaign 8,Email,True,False,2024-05-01T12:33:51
b6f42a3a-b6c3-4c14-8682-1182b17dd49f,43197b74-baa5-473d-ae37-1b3c64e566c0,Campaign 6,SMS,False,True,2023-12-07T12:33:51
c1e1484c-70c8-4ece-930c-d93a117be806,43197b74-baa5-473d-ae37-1b3c64e566c0,Campaign 5,Email,True,False,2025-07-04T12:33:51
5963b9b4-4011-40ab-8c20-38f42143a39a,43197b74-baa5-473d-ae37-1b3c64e566c0,Campaign 3,Phone,True,True,2025-01-05T12:33:51
7914902b-3efc-4d35-b142-8dbc4ab008a7,43197b74-baa5-473d-ae37-1b3c64e566c0,Campaign 3,Email,True,True,2024-02-25T12:33:51
197acd01-5e63-4e11-aa1d-942756e80fa3,431c5776-506e-41cd-b6e9-fe6d6ea0796c,Campaign 9,Social,True,False,2025-07-06T12:33:51
b448a757-9e7b-4d43-b185-5a7df5910368,431c5776-506e-41cd-b6e9-fe6d6ea0796c,Campaign 4,Phone,False,True,2025-02-27T12:33:51
09b31b09-d340-48d3-ba77-d2d820f95980,431c5776-506e-41cd-b6e9-fe6d6ea0796c,Campaign 7,Phone,True,False,2024-08-24T12:33:51
e85f2b12-f223-4f6d-93e1-9bac34207343,435885f2-7f9f-4fbf-9f26-ab445c0f9147,Campaign 1,Social,True,True,2024-04-08T12:33:51
4310ce47-5ed5-4bb5-b782-9d366178243c,435885f2-7f9f-4fbf-9f26-ab445c0f9147,Campaign 2,Social,True,False,2025-05-04T12:33:51
6dc17466-6b35-476f-97bc-6cfdb725a6e4,435885f2-7f9f-4fbf-9f26-ab445c0f9147,Campaign 10,Email,True,False,2024-10-05T12:33:51
2c6d02a6-7006-4026-b5b3-2e97f6a819b8,435885f2-7f9f-4fbf-9f26-ab445c0f9147,Campaign 1,Social,True,False,2024-02-02T12:33:51
ee7c18da-2f1e-454c-b823-3f846575640c,435885f2-7f9f-4fbf-9f26-ab445c0f9147,Campaign 4,Social,True,True,2024-07-03T12:33:51
f7d10be9-7277-48b9-99b6-9991cf9b39e8,437e3d35-699c-42a4-a087-8b5c327ff197,Campaign 5,Email,True,True,2025-06-10T12:33:51
7283e1d4-2b48-47fd-8603-8e94b6da5121,437e3d35-699c-42a4-a087-8b5c327ff197,Campaign 7,Phone,False,True,2024-08-07T12:33:51
ebca7aa8-e763-4dff-8598-575bc962fdc3,438e4c86-dd44-4456-a7c7-11dabc0fdbc3,Campaign 5,Email,False,False,2023-09-02T12:33:51
cddefcc3-3452-44e8-8026-37e63a0dbba9,439f2d87-91b3-413e-95b3-98e1738235d6,Campaign 9,Phone,True,False,2025-08-16T12:33:51
202c299b-fba4-4d1c-8302-363cb7c6d158,439f2d87-91b3-413e-95b3-98e1738235d6,Campaign 5,Email,False,True,2023-09-07T12:33:51
7fc359e2-a4cc-4a20-b414-d67ac887e7db,439f2d87-91b3-413e-95b3-98e1738235d6,Campaign 2,SMS,False,False,2023-09-15T12:33:51
2e230457-47e8-4d7c-b855-cd18c88b93e2,439f2d87-91b3-413e-95b3-98e1738235d6,Campaign 3,Social,True,True,2024-09-29T12:33:51
c14e9815-7b5a-4e6c-95ae-ae6546a7c356,439f2d87-91b3-413e-95b3-98e1738235d6,Campaign 9,Social,False,False,2023-09-30T12:33:51
95cd0b2d-d060-4a00-96b9-e4e0f6cda034,43b5435c-1302-42ea-bc27-5a10df2c1420,Campaign 3,Email,True,True,2024-08-30T12:33:51
ae3b4925-e2ff-4c55-b88a-a33fe3b6c9dc,43b5435c-1302-42ea-bc27-5a10df2c1420,Campaign 4,SMS,True,True,2025-05-13T12:33:51
3ae9a696-06c3-4036-96c5-db38fb0cc048,43b5435c-1302-42ea-bc27-5a10df2c1420,Campaign 1,Email,True,True,2025-05-26T12:33:51
37efc30c-8a0e-46b8-9dc8-a54f8c5c1776,43b5435c-1302-42ea-bc27-5a10df2c1420,Campaign 7,Phone,False,False,2025-08-03T12:33:51
a3b402eb-046d-49f4-ad21-fe72af2ec3ca,43b5435c-1302-42ea-bc27-5a10df2c1420,Campaign 2,Social,True,True,2025-06-09T12:33:51
c775fbcb-2721-4c70-905f-5771efc8da42,4406f8c8-b5a1-475d-a01d-eff07eefcede,Campaign 8,Email,True,False,2025-03-21T12:33:51
c0f90b43-d925-4cf6-b343-a860fcea1e75,4406f8c8-b5a1-475d-a01d-eff07eefcede,Campaign 7,Phone,False,False,2025-07-23T12:33:51
392311d3-a63e-4bb9-96a7-cf5232a800f1,4406f8c8-b5a1-475d-a01d-eff07eefcede,Campaign 9,Social,True,False,2025-02-11T12:33:51
4c9ad0a8-42da-4d79-ae02-24bbe0144814,4406f8c8-b5a1-475d-a01d-eff07eefcede,Campaign 3,Social,False,True,2024-07-28T12:33:51
78b05322-ac83-4966-9509-efa8e99fd62c,4445dd3e-ced6-4cd1-847c-0e0e75ac3258,Campaign 4,Social,False,False,2024-07-17T12:33:51
0810a357-9959-4dbf-b7ec-c7c593d7013d,4445dd3e-ced6-4cd1-847c-0e0e75ac3258,Campaign 2,Social,False,False,2025-03-24T12:33:51
7d30f29b-7495-4512-88f3-46df636cba53,4445dd3e-ced6-4cd1-847c-0e0e75ac3258,Campaign 7,Phone,False,True,2023-10-22T12:33:51
584a7628-8f5e-46f2-929e-d613de52625a,4445dd3e-ced6-4cd1-847c-0e0e75ac3258,Campaign 7,Phone,True,False,2025-01-25T12:33:51
97361b67-3fb2-482d-a1c1-fc549fafb219,44495928-0d83-48e2-813b-4e2fa675e710,Campaign 7,SMS,True,False,2023-12-21T12:33:51
d9154c4e-6170-4aca-bd05-dff399a58c3d,445f3020-c8b4-4401-835f-d2b9438d8716,Campaign 2,Email,False,False,2023-11-11T12:33:51
06f870d5-eeb5-49c1-8e95-f45139073849,445f3020-c8b4-4401-835f-d2b9438d8716,Campaign 2,Email,True,False,2025-05-14T12:33:51
8f27abb3-5716-4def-b097-a57dcc8c86b2,445f3020-c8b4-4401-835f-d2b9438d8716,Campaign 10,SMS,False,True,2024-10-16T12:33:51
52f19fdb-9000-4454-950b-7d734d6198ab,445f3020-c8b4-4401-835f-d2b9438d8716,Campaign 9,Social,True,False,2024-04-14T12:33:51
a8c5d67b-ee3e-42e3-a0fe-346d37cc5c65,445f3020-c8b4-4401-835f-d2b9438d8716,Campaign 7,Social,False,False,2024-04-19T12:33:51
8e73d304-8c50-4b29-8368-225f0989ecd8,446a6736-d918-46fd-adbb-fedfa481339d,Campaign 10,Social,False,False,2024-02-21T12:33:51
4cdd6d92-9dd3-4586-a55b-a0fc998d2c57,446a6736-d918-46fd-adbb-fedfa481339d,Campaign 6,Email,True,False,2024-07-10T12:33:51
14f145ec-8642-4373-9716-1a541482eeb9,446a6736-d918-46fd-adbb-fedfa481339d,Campaign 3,Social,False,False,2025-06-17T12:33:51
ba21ce27-366b-495c-95fa-044708f4783e,446a6736-d918-46fd-adbb-fedfa481339d,Campaign 3,Social,True,False,2025-05-29T12:33:51
1d120a57-2cc9-4d80-8866-c1a25b31889c,446a6736-d918-46fd-adbb-fedfa481339d,Campaign 1,Social,True,False,2025-08-26T12:33:51
7de380a9-84b1-4bdb-9b08-ba77209a454f,44a4bb18-87cb-404b-8bf7-0838bd52d1a8,Campaign 7,Phone,True,False,2023-11-23T12:33:51
d091181f-e53b-42cd-a873-cd33d4911ba1,44a4bb18-87cb-404b-8bf7-0838bd52d1a8,Campaign 3,SMS,False,False,2023-09-13T12:33:51
7682828c-f011-44b3-85dc-1fbc87b11dbe,44cb141f-df48-408e-ac9a-c5fdb66eb199,Campaign 5,Phone,False,False,2025-03-31T12:33:51
dc8845e1-a890-4310-afb7-85ca38147f17,44cb141f-df48-408e-ac9a-c5fdb66eb199,Campaign 3,Social,False,True,2025-03-15T12:33:51
8c9f8374-0fd5-4b21-b153-44de0720628e,44cb141f-df48-408e-ac9a-c5fdb66eb199,Campaign 6,Social,True,False,2023-12-19T12:33:51
83cd1cea-96cf-4556-9a42-53dc7a342a2a,450d44bc-f85c-49e9-8dbe-b45cc228af5e,Campaign 8,SMS,False,False,2025-04-11T12:33:51
03186e07-7258-4fda-9a09-d04b8762e256,450e5816-4a0c-49b2-a8d5-ffeabe1ac073,Campaign 6,SMS,False,False,2025-01-01T12:33:51
b934441b-5d23-4bb2-8289-89423b65df02,450e5816-4a0c-49b2-a8d5-ffeabe1ac073,Campaign 3,SMS,True,False,2024-01-19T12:33:51
26c191a6-93fb-463b-8974-e38011ade180,450e5816-4a0c-49b2-a8d5-ffeabe1ac073,Campaign 4,Email,False,False,2025-03-12T12:33:51
493d626f-74ca-4c9e-beeb-ca49ce552450,453f42c0-c359-449d-bd34-f7b704f775f2,Campaign 10,Email,True,True,2024-06-17T12:33:51
0a42ee0b-bcc6-47b1-9dbf-01c7967c8623,453f42c0-c359-449d-bd34-f7b704f775f2,Campaign 3,Social,False,False,2024-07-30T12:33:51
d9676676-09dd-4863-b8ca-9daac7e53c1a,453f42c0-c359-449d-bd34-f7b704f775f2,Campaign 8,SMS,False,True,2024-02-26T12:33:51
e569ee05-d8b4-4a80-98dd-52e0f487ec02,4545aad3-9588-49cc-8234-72d0b029af55,Campaign 9,SMS,True,True,2024-12-05T12:33:51
9bf58ce9-06ca-43d6-91f0-cc609c4c3070,4545aad3-9588-49cc-8234-72d0b029af55,Campaign 8,Email,True,True,2025-07-21T12:33:51
2f7c1904-cd8c-4e0a-b64e-6886bf47c14f,4545aad3-9588-49cc-8234-72d0b029af55,Campaign 6,Phone,False,True,2024-03-01T12:33:51
430ee3e7-1cad-4e08-96e4-7a5516c616b0,4545aad3-9588-49cc-8234-72d0b029af55,Campaign 3,Phone,True,False,2024-03-25T12:33:51
f9e2de0f-2656-4c4c-b0eb-d2c98e4efd54,4545aad3-9588-49cc-8234-72d0b029af55,Campaign 7,SMS,False,False,2025-05-06T12:33:51
2d91f04f-e0e5-4cd2-916b-7fb0bef5b3e3,455148b5-f388-484c-9b96-4319bd188557,Campaign 3,Phone,True,True,2025-01-05T12:33:51
31b6bdf7-a5a9-4112-b167-2624210397a6,455148b5-f388-484c-9b96-4319bd188557,Campaign 7,SMS,False,False,2024-06-09T12:33:51
236acbca-9c0b-4685-9200-c14dc26635f5,45765bdc-d12d-4a45-a2aa-f58644fd215e,Campaign 9,Email,False,False,2024-07-30T12:33:51
a639ae41-1201-4a8a-a652-cb4b511a3c46,45765bdc-d12d-4a45-a2aa-f58644fd215e,Campaign 7,Social,True,True,2024-07-31T12:33:51
5e8380af-0856-489a-a51f-33f7a07c64f9,45765bdc-d12d-4a45-a2aa-f58644fd215e,Campaign 6,SMS,True,True,2025-06-21T12:33:51
1b721ee1-f9b4-4d8e-8670-3d0a84bc749e,45765bdc-d12d-4a45-a2aa-f58644fd215e,Campaign 6,Email,False,False,2024-01-07T12:33:51
f6194a20-1610-4d36-88eb-424a919a6015,459b9fd1-dcf6-4b2b-a342-f1da407eaf7a,Campaign 1,SMS,False,True,2025-07-12T12:33:51
be23af25-305e-4399-a302-096cfb9c4333,459b9fd1-dcf6-4b2b-a342-f1da407eaf7a,Campaign 4,SMS,False,False,2025-01-03T12:33:51
efe83bae-be49-4076-95a0-4354700f2a41,459b9fd1-dcf6-4b2b-a342-f1da407eaf7a,Campaign 5,Social,False,False,2024-08-21T12:33:51
45809c53-0a99-446e-bc83-232b25fabaa9,459b9fd1-dcf6-4b2b-a342-f1da407eaf7a,Campaign 5,SMS,False,True,2024-05-08T12:33:51
fb96ccd9-bff8-45ee-a9d0-f6c6dfb7ecce,45b9d21a-2d20-4201-a60c-35a3f671b90a,Campaign 10,Social,False,False,2025-06-09T12:33:51
b03bbb41-fe9a-44c8-a5f0-a94be8b66694,45b9d21a-2d20-4201-a60c-35a3f671b90a,Campaign 7,SMS,False,False,2024-09-06T12:33:51
9b943ffa-57c2-47f2-8fea-a26cbe740bee,45c6ad68-09df-4eef-b15b-7ae80bfe427d,Campaign 2,Phone,False,False,2023-10-19T12:33:51
92f2ceca-0595-4f44-965d-8aa25f3328c4,45c6ad68-09df-4eef-b15b-7ae80bfe427d,Campaign 5,Social,False,True,2024-11-02T12:33:51
6f267131-536c-4eb2-b772-161b220d3d46,45c6ad68-09df-4eef-b15b-7ae80bfe427d,Campaign 4,Phone,True,True,2024-10-20T12:33:51
e2fb3cc6-2c5c-4901-8fe1-8210baac59f3,45fca87a-fc6a-4dc7-bc8c-3a24cfc9df1b,Campaign 10,Phone,True,False,2024-02-18T12:33:51
67277efb-659c-4c70-bb84-873d8802f0aa,45fca87a-fc6a-4dc7-bc8c-3a24cfc9df1b,Campaign 5,Social,False,True,2024-05-16T12:33:51
70968bda-a316-4781-9cf1-09c6a01d6c1d,45fca87a-fc6a-4dc7-bc8c-3a24cfc9df1b,Campaign 2,SMS,True,False,2025-03-29T12:33:51
b394817f-430f-4063-836d-4891903dd636,45fca87a-fc6a-4dc7-bc8c-3a24cfc9df1b,Campaign 3,SMS,False,True,2025-03-01T12:33:51
ec1e04c6-5ca2-45fa-b7c8-6d0ccf32a0a0,45fca87a-fc6a-4dc7-bc8c-3a24cfc9df1b,Campaign 10,Social,True,False,2025-08-27T12:33:51
795f1d3f-c493-4613-bfb0-d16a36b0d16c,45fd584e-e2c8-4652-84ab-151e4474c652,Campaign 4,Social,True,False,2024-06-14T12:33:51
1ca9cea5-7378-4f0d-b671-647f81159c80,45fd584e-e2c8-4652-84ab-151e4474c652,Campaign 1,SMS,True,True,2025-05-20T12:33:51
0a060c64-23d1-49d7-987d-e42b7b859315,45fd584e-e2c8-4652-84ab-151e4474c652,Campaign 2,Social,False,True,2025-05-11T12:33:51
e036284c-3881-4d4d-8344-07b3e9cff442,45fd584e-e2c8-4652-84ab-151e4474c652,Campaign 2,Social,True,True,2023-12-28T12:33:51
9ce98ee1-e09a-40c8-87bc-63e5ea1c64b0,45fd584e-e2c8-4652-84ab-151e4474c652,Campaign 3,Social,False,True,2024-11-22T12:33:51
13ca82f9-4712-483a-b9e5-8c581b9abc56,461b829a-5f6d-4b51-bbd4-2f2cd68ff9a7,Campaign 6,Phone,True,True,2025-07-10T12:33:51
9c1be535-f9ea-41c2-80bc-bd3ec63f1a79,461b829a-5f6d-4b51-bbd4-2f2cd68ff9a7,Campaign 2,Email,False,False,2024-04-08T12:33:51
d8d317e1-6022-4b03-ad1e-c461811a097c,461b829a-5f6d-4b51-bbd4-2f2cd68ff9a7,Campaign 10,SMS,True,False,2025-02-23T12:33:51
f6216f42-7cbf-4ceb-8a65-c691b148c730,4666405a-fe75-4c62-9a20-b17f3718b7a5,Campaign 10,Email,False,False,2024-04-15T12:33:51
5df10fe9-efd6-4653-bdc1-52551d484e69,4666405a-fe75-4c62-9a20-b17f3718b7a5,Campaign 5,SMS,True,False,2023-10-11T12:33:51
c80f124c-90ed-441f-8ef1-a6e2d157821f,4666405a-fe75-4c62-9a20-b17f3718b7a5,Campaign 3,Email,True,False,2025-01-24T12:33:51
430395af-029f-461e-84fd-f43c42ef92e1,4666405a-fe75-4c62-9a20-b17f3718b7a5,Campaign 5,SMS,False,False,2024-12-18T12:33:51
f35da686-b119-4a2c-bda4-1ad46c1fdd2a,4666405a-fe75-4c62-9a20-b17f3718b7a5,Campaign 10,Phone,True,False,2024-12-02T12:33:51
73bd67b9-b4fa-4187-b9e0-a958dd91a193,4685f91f-2cf3-4204-aa37-53b49d682248,Campaign 1,Phone,True,True,2025-07-14T12:33:51
7ca5a06b-4e56-470f-b718-9e832ace702d,4685f91f-2cf3-4204-aa37-53b49d682248,Campaign 8,Phone,True,True,2025-04-03T12:33:51
567aaac1-4298-4941-88e4-d6e081fcfba3,4685f91f-2cf3-4204-aa37-53b49d682248,Campaign 2,Email,True,False,2025-06-01T12:33:51
1f69027a-c93a-4cd0-be1f-1523f1b98f6f,46a36e9c-4f76-4c52-85a9-b78e1704eeee,Campaign 6,Email,True,True,2024-05-31T12:33:51
07c62f62-bc09-4f32-aecf-cb6a36062e81,46a36e9c-4f76-4c52-85a9-b78e1704eeee,Campaign 8,SMS,True,True,2024-05-01T12:33:51
ee372072-6398-49ea-81ec-81a91b826456,46b19fb0-ddf9-490c-8b9a-6d5ba676fdfe,Campaign 8,Social,False,True,2024-06-08T12:33:51
8912c06e-2c8e-4db9-814e-c0b1d3e35a21,46b19fb0-ddf9-490c-8b9a-6d5ba676fdfe,Campaign 8,Phone,False,False,2024-11-01T12:33:51
72d71742-4eec-4963-a4cb-4ee5ed306933,46b19fb0-ddf9-490c-8b9a-6d5ba676fdfe,Campaign 2,SMS,True,False,2024-12-02T12:33:51
4c985dbf-131a-4387-a459-0a6da63fc43c,46b19fb0-ddf9-490c-8b9a-6d5ba676fdfe,Campaign 10,Email,True,False,2024-01-16T12:33:51
b9880a6b-a989-4f3b-ae6c-fc443a947cad,46b19fb0-ddf9-490c-8b9a-6d5ba676fdfe,Campaign 4,Phone,True,False,2024-02-28T12:33:51
e458a60f-1bcb-42ae-93a7-1d4d9ce25345,46c39309-6492-4202-b934-a866f492cd73,Campaign 8,SMS,False,False,2024-07-14T12:33:51
7fbf789e-2dc1-47f9-ba57-9333b18fc419,47820821-606c-46eb-8ab1-43ea1ce9a19b,Campaign 1,SMS,True,True,2024-04-06T12:33:51
b26f3bd5-589c-4f85-8dfa-757220ef2e47,47820821-606c-46eb-8ab1-43ea1ce9a19b,Campaign 8,SMS,False,True,2025-01-22T12:33:51
63b6c65b-1638-4c1b-afd6-19b704e9b573,47820821-606c-46eb-8ab1-43ea1ce9a19b,Campaign 8,Social,True,True,2024-02-23T12:33:51
45974e80-9dd7-4bbb-b655-3f675919d7a5,47820821-606c-46eb-8ab1-43ea1ce9a19b,Campaign 7,Email,False,True,2024-11-20T12:33:51
9faeec71-f5fe-4e5c-9c0c-bb9cbef0e868,47820821-606c-46eb-8ab1-43ea1ce9a19b,Campaign 10,Email,False,True,2025-06-18T12:33:51
83b2370d-7758-403d-a8b2-67ec668a7253,478b87ed-bc00-4481-8e46-496740317174,Campaign 1,Social,False,False,2023-11-04T12:33:51
fc3d06a3-1a93-4fa9-b86e-249dc91c1af2,478b87ed-bc00-4481-8e46-496740317174,Campaign 6,SMS,True,False,2023-12-02T12:33:51
a3ee8856-363f-437e-8c07-dead9873fb0e,478b87ed-bc00-4481-8e46-496740317174,Campaign 10,Email,True,False,2024-04-11T12:33:51
403f1cbf-c9f9-4c36-ba32-0bd098e0f68f,478b87ed-bc00-4481-8e46-496740317174,Campaign 2,Social,False,False,2023-11-07T12:33:51
1fa8fed8-5e8d-4c22-b8dd-a4952346442f,478b87ed-bc00-4481-8e46-496740317174,Campaign 5,Phone,True,False,2024-08-27T12:33:51
1dd5a2b7-8f1a-4b89-8add-2163d739e9df,479c6b6f-0d0d-46c7-9622-128775c0791a,Campaign 1,SMS,True,True,2025-05-05T12:33:51
29cb5db1-f5bd-437c-8ae7-86171fcc4999,479c6b6f-0d0d-46c7-9622-128775c0791a,Campaign 4,SMS,False,True,2024-04-22T12:33:51
b26e3f0f-a115-40a6-80ef-23b73621bf58,479c6b6f-0d0d-46c7-9622-128775c0791a,Campaign 3,Email,True,True,2025-01-26T12:33:51
186920e4-dd47-4435-8d56-c0f5c3c8567a,479c6b6f-0d0d-46c7-9622-128775c0791a,Campaign 6,Phone,False,True,2024-06-07T12:33:51
d286e897-3a42-4cd7-96f6-698d018cc739,47a7e962-13a2-4bdc-b635-9248039535ee,Campaign 3,Phone,False,False,2025-08-14T12:33:51
c0d2474c-f6db-4d0c-9efe-30eeeecd98b8,47a7e962-13a2-4bdc-b635-9248039535ee,Campaign 1,Social,False,True,2024-12-02T12:33:51
5881a484-9d12-45f1-9981-588077e6c3e4,4801821c-e130-4bc3-849a-03fd628726c7,Campaign 2,Social,True,True,2023-08-31T12:33:51
e3a376e7-75e8-4b5b-b15c-c0eca4571bbd,4830e868-14d4-4aa2-a616-56a4b90c6e66,Campaign 4,Social,True,True,2024-07-29T12:33:51
65565ef3-27d6-4bc3-a190-549104ae4e62,4830e868-14d4-4aa2-a616-56a4b90c6e66,Campaign 10,Social,False,False,2025-05-19T12:33:51
3c7e784b-6e85-42bd-82ea-37a7d0927327,4830e868-14d4-4aa2-a616-56a4b90c6e66,Campaign 9,Email,False,True,2024-10-19T12:33:51
353c93cc-cf84-4765-bfb2-8cb194d7ddc0,483a6387-82b4-4b77-aa75-752c4c61aea0,Campaign 7,SMS,False,True,2025-03-07T12:33:51
9a3247ef-9533-4da7-9e61-92e76c647a4c,483a6387-82b4-4b77-aa75-752c4c61aea0,Campaign 2,SMS,True,True,2023-11-25T12:33:51
a4beaf6d-d124-4332-b08a-b890c90df964,483a6387-82b4-4b77-aa75-752c4c61aea0,Campaign 4,Email,True,False,2025-08-02T12:33:51
0dc003df-864b-4ca7-80f2-b13848e65389,4886b6fb-1896-4d35-8ab7-9ec8c8020433,Campaign 1,Phone,False,True,2025-05-10T12:33:51
21837725-daf3-4208-bdd1-7eb4caef7df3,4886b6fb-1896-4d35-8ab7-9ec8c8020433,Campaign 6,Phone,True,True,2023-09-01T12:33:51
c6e368d4-00c1-4dd7-8a4b-960bfd1f8350,4886b6fb-1896-4d35-8ab7-9ec8c8020433,Campaign 10,Social,True,True,2023-11-29T12:33:51
f8458017-888b-4237-8957-4b6d48248e1f,4886b6fb-1896-4d35-8ab7-9ec8c8020433,Campaign 3,Email,False,True,2025-05-13T12:33:51
824a7828-da65-4e09-b0d0-915e29b02ed0,4886b6fb-1896-4d35-8ab7-9ec8c8020433,Campaign 4,SMS,True,False,2023-10-24T12:33:51
a054dd1f-8b06-4455-a6df-01b5c361a9cc,48879151-aaa7-4735-b854-a598a0e62f60,Campaign 4,Phone,True,False,2024-06-22T12:33:51
e55fd06f-56f8-4bbd-9f1d-37fd226554e1,48879151-aaa7-4735-b854-a598a0e62f60,Campaign 9,Email,False,False,2025-08-09T12:33:51
8e43d080-1616-4503-9da8-293d66cd983f,48879151-aaa7-4735-b854-a598a0e62f60,Campaign 4,Phone,False,True,2024-02-18T12:33:51
df89ecde-bb7a-40aa-9518-3f9559e67992,48879151-aaa7-4735-b854-a598a0e62f60,Campaign 7,SMS,False,False,2024-01-11T12:33:51
79321729-5728-4f81-bf20-cba339e68bd3,48a211bd-0cad-48b3-9571-d400234457cf,Campaign 3,SMS,True,False,2024-02-16T12:33:51
a09a8a99-ebaf-4e12-a68d-7d10a6b57a28,48b937a2-34e0-440f-8f38-b0a9952bf3ae,Campaign 2,Phone,False,False,2025-07-02T12:33:51
8a7157ea-aa0b-44c4-8720-fc942713cb5a,48b937a2-34e0-440f-8f38-b0a9952bf3ae,Campaign 1,Social,False,True,2024-04-22T12:33:51
ccf07d4f-c283-42be-b6b4-d7a745378d01,48b937a2-34e0-440f-8f38-b0a9952bf3ae,Campaign 3,Phone,False,True,2024-11-06T12:33:51
62ad49e9-d2a3-409a-ac51-b61c36eef3dd,48b937a2-34e0-440f-8f38-b0a9952bf3ae,Campaign 3,Social,True,False,2023-11-13T12:33:51
3160b4a6-559e-4847-a28a-4dfd38d8ac92,48b937a2-34e0-440f-8f38-b0a9952bf3ae,Campaign 4,Phone,True,True,2024-12-03T12:33:51
c2e1315a-e311-4cbc-b1f0-4a7021aa4bee,48cabd7f-0340-4676-a9f2-2a096a9cdf9a,Campaign 3,SMS,True,False,2025-05-16T12:33:51
8b5ed94c-5a3e-45a4-96a1-3cc185584650,48cabd7f-0340-4676-a9f2-2a096a9cdf9a,Campaign 10,Social,True,True,2024-09-02T12:33:51
9a7cd897-fa0d-4329-ab54-3927af4dfa87,48cabd7f-0340-4676-a9f2-2a096a9cdf9a,Campaign 9,SMS,True,False,2025-05-22T12:33:51
eff77398-6bd0-4e27-837e-256838a463bd,48cabd7f-0340-4676-a9f2-2a096a9cdf9a,Campaign 2,SMS,False,True,2025-08-01T12:33:51
a193e088-503c-43a0-97ee-19b4a128b63a,49032342-3eaf-4285-bf1e-69a4aeb4322a,Campaign 2,Email,True,True,2024-08-05T12:33:51
d8c452d7-f6e8-44c4-9003-9a9fc304e74c,49032342-3eaf-4285-bf1e-69a4aeb4322a,Campaign 8,Email,True,True,2024-12-13T12:33:51
1a220b70-0f7f-4f37-aec3-47ff680a2655,49032342-3eaf-4285-bf1e-69a4aeb4322a,Campaign 2,Email,True,True,2025-03-11T12:33:51
96be27f2-78de-45d3-859d-bb61c240a845,49032342-3eaf-4285-bf1e-69a4aeb4322a,Campaign 7,Phone,True,False,2023-12-13T12:33:51
dc8dbb35-6fd1-4dff-9ce7-eba8eb64898a,49032342-3eaf-4285-bf1e-69a4aeb4322a,Campaign 10,Phone,False,True,2023-09-08T12:33:51
710e36dd-5431-4fda-a31b-de67fb10ea9b,4925adfe-cb8c-402c-a7c6-f57bea9ef339,Campaign 4,Email,False,True,2024-10-21T12:33:51
19858535-503e-4472-83f9-17bf4de1665e,4925adfe-cb8c-402c-a7c6-f57bea9ef339,Campaign 6,SMS,False,True,2024-05-25T12:33:51
3a36dc2e-f83a-49b1-9ff2-55c3dd1bacca,4947996d-5b95-47a2-93ae-943c5d8be880,Campaign 4,SMS,False,False,2025-05-24T12:33:51
7ce9786b-1714-4022-957e-11107781de59,49805db7-1eb3-428c-8892-a7e70d6bc9c4,Campaign 5,Email,True,True,2024-02-20T12:33:51
c40bbdac-1280-4f89-b8d4-5be293e46999,49805db7-1eb3-428c-8892-a7e70d6bc9c4,Campaign 9,Email,False,True,2023-12-01T12:33:51
17898651-ec0d-4336-adf1-e1cca6b453f4,49805db7-1eb3-428c-8892-a7e70d6bc9c4,Campaign 3,Email,False,False,2025-08-01T12:33:51
8b631cc6-0f6e-4745-a335-44c6b225c544,49805db7-1eb3-428c-8892-a7e70d6bc9c4,Campaign 3,Email,True,True,2024-08-09T12:33:51
de649a03-53fe-49bf-92cd-3671c90792e1,498e29e4-8ff9-455e-9d07-cafab0c11403,Campaign 4,SMS,True,True,2024-11-03T12:33:51
0a0b8eed-2e67-4045-acff-72316ffe1096,498e29e4-8ff9-455e-9d07-cafab0c11403,Campaign 3,Social,True,True,2023-11-27T12:33:51
aa5de711-ee9c-4b7c-9a76-fd81d6e35faa,498e29e4-8ff9-455e-9d07-cafab0c11403,Campaign 6,SMS,False,False,2025-07-30T12:33:51
c3db1771-54d3-4a27-a325-e02a1713bddc,49ba0156-8919-4ca2-a6c5-5e5b96f32170,Campaign 2,Phone,False,True,2023-12-17T12:33:51
99779908-f733-440f-aee6-f8f957377096,49ba0156-8919-4ca2-a6c5-5e5b96f32170,Campaign 5,Email,False,False,2024-10-04T12:33:51
982c1daf-b220-4872-a175-531c3dd7711c,49ba0156-8919-4ca2-a6c5-5e5b96f32170,Campaign 8,Social,True,True,2025-03-21T12:33:51
9418b157-b807-4479-bf54-6dd77c152dec,49ba0156-8919-4ca2-a6c5-5e5b96f32170,Campaign 5,Email,True,True,2024-06-02T12:33:51
b475ddfa-d50f-4fa6-a7f4-b4245b9844a1,49c7bd36-dea6-49ce-a1d4-97c7370de174,Campaign 3,Email,True,False,2024-07-18T12:33:51
71ae50f2-11e0-4667-b35e-a133e5ce13e1,49c7bd36-dea6-49ce-a1d4-97c7370de174,Campaign 5,Email,True,False,2023-10-02T12:33:51
87fe2d06-150b-4310-9fba-c2a3e44f7ef3,49c7bd36-dea6-49ce-a1d4-97c7370de174,Campaign 1,Email,False,True,2024-05-03T12:33:51
84ef12c6-1e21-4307-bd24-d499782b5602,49ea7e79-f1e1-42dc-a8de-75ac8fe5528c,Campaign 7,Email,False,False,2024-01-11T12:33:51
ba5e5db1-6b22-456b-8fad-e38532e62ff2,49ea7e79-f1e1-42dc-a8de-75ac8fe5528c,Campaign 4,Phone,False,False,2024-02-21T12:33:51
17c798a5-9611-4c07-9def-81f6c2965e48,49ffc478-78ae-4ba1-a2c5-b77a3f7de45b,Campaign 2,Social,True,True,2024-03-06T12:33:51
1b50d4e3-86fa-4e19-b745-29a0e0da677a,49ffc478-78ae-4ba1-a2c5-b77a3f7de45b,Campaign 8,Email,True,True,2024-10-05T12:33:51
cae0586f-721a-4448-8bb6-a3e4069dab2a,49ffc478-78ae-4ba1-a2c5-b77a3f7de45b,Campaign 3,Phone,False,True,2024-11-28T12:33:51
278b042d-48c4-41cd-9a22-afae1ed6270c,49ffc478-78ae-4ba1-a2c5-b77a3f7de45b,Campaign 5,Social,True,False,2024-10-06T12:33:51
eba3a7e8-ae4d-4e9c-b914-430bd7d56442,49ffc478-78ae-4ba1-a2c5-b77a3f7de45b,Campaign 3,Social,True,False,2025-08-04T12:33:51
01e4a649-bbd6-4c05-9f17-b8a85bf66c52,4a062f89-386c-4e4a-ae63-c3b47c060db5,Campaign 3,Phone,False,False,2024-07-13T12:33:51
d6d61716-103c-4369-b548-e786b4a7640b,4a062f89-386c-4e4a-ae63-c3b47c060db5,Campaign 7,Phone,True,True,2025-01-13T12:33:51
07fdf75c-03bd-473c-9c04-3d069a2d0c90,4a062f89-386c-4e4a-ae63-c3b47c060db5,Campaign 3,SMS,True,False,2023-11-22T12:33:51
01212bcd-d8b4-4901-acd5-3429961a7a08,4a497085-26d0-47e8-bd9e-2d6032b76f62,Campaign 8,SMS,False,False,2023-10-11T12:33:51
ab5d6f7e-4d25-4362-9ed0-5ef62610f49a,4a497085-26d0-47e8-bd9e-2d6032b76f62,Campaign 10,SMS,False,True,2024-12-04T12:33:51
9e801732-37fa-41b9-8c9a-25f2154c075c,4a6ae36d-0c36-444c-b505-154e23b2a1da,Campaign 1,Social,True,True,2025-08-12T12:33:51
685a948d-8d8d-4599-9e71-adc5c63ff4d3,4a6ae36d-0c36-444c-b505-154e23b2a1da,Campaign 2,SMS,False,False,2025-04-08T12:33:51
b51b2e9c-6008-40d3-8872-a6b3c88418f8,4a6ae36d-0c36-444c-b505-154e23b2a1da,Campaign 7,SMS,False,False,2024-07-04T12:33:51
5bf22e35-3661-448b-bf3d-64d794b9398f,4a6ae36d-0c36-444c-b505-154e23b2a1da,Campaign 2,SMS,False,False,2025-07-11T12:33:51
b10b836d-c593-4664-9501-623cfd6e46b2,4a6f5289-8477-491c-beec-92c5c1b5c79d,Campaign 8,Email,True,True,2025-06-19T12:33:51
f851d0e2-e863-4ebe-a2f2-5c5627d6b40d,4a6f5289-8477-491c-beec-92c5c1b5c79d,Campaign 10,SMS,True,False,2025-02-25T12:33:51
e7121149-5483-4078-9f0c-dbb8b4a81289,4a881899-37f1-430c-93fb-b40ad86c5965,Campaign 7,Phone,True,False,2024-11-25T12:33:51
13f16758-0e9e-4ffa-8568-cee6b9bc9ca9,4a881899-37f1-430c-93fb-b40ad86c5965,Campaign 3,Social,False,True,2025-05-18T12:33:51
6512d813-f825-4ff5-b406-ae9cd8d11e34,4a973682-6e26-4072-b73d-68ea551d2080,Campaign 9,SMS,True,True,2024-08-01T12:33:51
5c23740b-10cc-444c-8766-904c796bc455,4a973682-6e26-4072-b73d-68ea551d2080,Campaign 5,Social,True,True,2025-06-12T12:33:51
d8bfc297-abe4-42a3-89e0-5aaa66aa0d36,4aaf9aec-b960-468e-b9cd-a94a2eaf6586,Campaign 2,SMS,True,False,2025-07-10T12:33:51
69f0b741-ad58-455c-a1f5-606ab22afcf6,4aaf9aec-b960-468e-b9cd-a94a2eaf6586,Campaign 10,Email,True,False,2025-04-21T12:33:51
cfe756a4-4f1b-4bde-88a8-9826367778d8,4aaf9aec-b960-468e-b9cd-a94a2eaf6586,Campaign 10,Phone,True,False,2024-06-24T12:33:51
20c6519e-d291-4e24-a7f4-3ed9b0620f9c,4aaf9aec-b960-468e-b9cd-a94a2eaf6586,Campaign 1,Social,True,False,2023-12-24T12:33:51
3b678e59-ffe4-4f44-8cce-be828107c7c9,4ac05beb-094a-4bce-b53a-9fee9d87022e,Campaign 4,Phone,True,True,2023-11-18T12:33:51
d9923c39-63ec-41f3-98e7-75b95bec9b6d,4ae0b32a-ee33-4e37-af5a-01f82dae9907,Campaign 4,SMS,True,True,2024-01-04T12:33:51
78742f37-6703-4736-a49b-b08cae139e98,4b0be842-63b2-415b-8762-9407c5bc44ce,Campaign 2,Phone,True,True,2025-04-22T12:33:51
82ed5c15-9550-47c0-a7ab-ba86e8c9774c,4b0be842-63b2-415b-8762-9407c5bc44ce,Campaign 5,SMS,False,False,2025-08-06T12:33:51
a59079b4-757c-4878-93c9-4dc874a70a35,4b0be842-63b2-415b-8762-9407c5bc44ce,Campaign 3,Email,False,True,2024-04-14T12:33:51
b8446416-d9dc-41e9-ba34-5276202ce48f,4b0be842-63b2-415b-8762-9407c5bc44ce,Campaign 10,Email,True,True,2024-04-21T12:33:51
8e2faf4a-3f5a-4a7b-8a79-73cb84577235,4b0be842-63b2-415b-8762-9407c5bc44ce,Campaign 6,Social,False,True,2024-02-23T12:33:51
0aa165a5-fd7a-4fc6-8366-4c7011390a3f,4b1ece72-bae2-4eb6-bf97-44a82181ea1b,Campaign 10,SMS,False,False,2025-06-27T12:33:51
89ccecdc-df93-427c-9574-b1ee7908dc5c,4b4f894c-905d-41e7-878b-1a9e84237dc9,Campaign 2,Phone,True,False,2025-03-17T12:33:51
4a4a60f1-9fca-4142-9749-287498c17c79,4b4f894c-905d-41e7-878b-1a9e84237dc9,Campaign 3,Phone,False,True,2025-02-16T12:33:51
12123f18-a424-4007-bd09-d31fdde257a6,4b4f894c-905d-41e7-878b-1a9e84237dc9,Campaign 10,Email,False,True,2024-10-30T12:33:51
b9f86e58-3e1a-48f2-9b2c-a97dfae731ff,4b5f52f1-9647-4b96-89ac-08676aab1999,Campaign 5,Social,False,False,2024-08-02T12:33:51
5da92bd6-1516-4488-98d5-23c9e26462bd,4b62745f-79af-4d98-95c4-4ffb0e5d6766,Campaign 9,SMS,True,True,2024-09-02T12:33:51
95fe5622-b44b-4806-87b5-a861737690fb,4b62745f-79af-4d98-95c4-4ffb0e5d6766,Campaign 6,Social,False,False,2024-09-08T12:33:51
33796636-abcd-4f2d-903f-10978c59c899,4b62745f-79af-4d98-95c4-4ffb0e5d6766,Campaign 1,Social,True,False,2024-04-11T12:33:51
0126293a-fb01-4b29-8aae-b88e9c512501,4b62745f-79af-4d98-95c4-4ffb0e5d6766,Campaign 4,Social,False,True,2023-09-14T12:33:51
d640d42d-df0c-41c0-80ce-285d1aa0e530,4b62745f-79af-4d98-95c4-4ffb0e5d6766,Campaign 2,Phone,False,False,2025-01-27T12:33:51
50df58e0-fcbc-4c2f-9c61-56aa638880a2,4b63601d-2cb9-4b14-88c8-06c714e879c1,Campaign 9,SMS,True,True,2023-12-28T12:33:51
9618ea76-73b5-4f80-a698-0991175f5c40,4b63601d-2cb9-4b14-88c8-06c714e879c1,Campaign 1,Email,False,True,2023-10-27T12:33:51
71f86616-0d2b-462e-8f9e-7ad0d5d5191e,4b63601d-2cb9-4b14-88c8-06c714e879c1,Campaign 7,Email,False,True,2025-05-07T12:33:51
80de5ed2-9040-4a98-b388-43266374ad5e,4b63601d-2cb9-4b14-88c8-06c714e879c1,Campaign 7,SMS,False,False,2023-12-22T12:33:51
042c37a4-ac73-4c39-a227-ec8ee1412caa,4b63601d-2cb9-4b14-88c8-06c714e879c1,Campaign 3,Email,True,True,2024-03-15T12:33:51
1dae4392-c281-43a8-a528-a6ddb69523e8,4b7e87ed-994e-419b-b36b-6ee3045ecef0,Campaign 5,Phone,True,True,2025-08-10T12:33:51
e6e53e5a-65fb-4705-9a86-fd70fc584f6a,4b7e87ed-994e-419b-b36b-6ee3045ecef0,Campaign 6,Phone,False,True,2024-08-09T12:33:51
47506be5-560d-45c0-9659-f38b0237923b,4b875652-f918-4bbd-bec4-ffe31a64c5f5,Campaign 10,Email,True,True,2024-10-11T12:33:51
b355199f-2791-41d8-9674-29807d815399,4bede622-30f7-4617-87e9-7aba51a7748d,Campaign 1,Social,True,True,2024-02-17T12:33:51
c7e3b3cd-5c54-4e8b-9d5c-3080c571aceb,4bfe2974-69e8-4c1a-a4f4-6c66839a1428,Campaign 9,Social,True,False,2024-01-02T12:33:51
7183c0d8-7e1e-4be9-b898-1ed98c436e93,4c0852ff-09bd-40c8-b203-07975b1dc48c,Campaign 2,Email,True,True,2023-10-03T12:33:51
37390ee2-fcf3-4139-a608-7e24d20e4cf3,4c0852ff-09bd-40c8-b203-07975b1dc48c,Campaign 6,Social,False,True,2024-05-19T12:33:51
4eea9c01-3d8d-4bbb-8fdd-8c2dbfa26024,4c0852ff-09bd-40c8-b203-07975b1dc48c,Campaign 5,Phone,False,False,2025-03-22T12:33:51
e5b30691-9b57-4ad6-bdca-95bf3d6712be,4c0852ff-09bd-40c8-b203-07975b1dc48c,Campaign 8,Phone,False,False,2024-04-09T12:33:51
e0c02955-bdd6-4adb-b097-a95a73c6248f,4c0852ff-09bd-40c8-b203-07975b1dc48c,Campaign 2,Phone,False,True,2024-02-26T12:33:51
5a5be553-4aa0-4e6e-9d92-b64396b29001,4c17b6f5-d033-4b76-9cc2-77ac4c0f7b3c,Campaign 8,Phone,True,False,2023-11-20T12:33:51
8f82ce87-c541-499f-98ae-f8090037fcd7,4c6fe2ef-1713-433e-adfd-82cb5d6e5db3,Campaign 7,Phone,False,True,2023-09-30T12:33:51
92bcee36-2436-4682-953c-a89f09d56731,4c6fe2ef-1713-433e-adfd-82cb5d6e5db3,Campaign 2,Social,False,True,2024-10-09T12:33:51
f1d02361-c1fa-48f1-b370-ceaf374767ea,4c799dee-08d3-4761-ae9b-847aa7b643aa,Campaign 10,Phone,False,True,2025-04-06T12:33:51
8a214f81-2f17-4133-a73b-f376685bbe89,4c845e6a-24ce-42f5-9575-d42416dc51dd,Campaign 10,SMS,False,True,2024-03-20T12:33:51
cf7ad812-b93f-4842-8bbc-740f47fc4cdd,4c845e6a-24ce-42f5-9575-d42416dc51dd,Campaign 3,Phone,False,False,2024-03-07T12:33:51
0030f48a-3c77-45c4-9819-fe324175dea3,4c845e6a-24ce-42f5-9575-d42416dc51dd,Campaign 7,SMS,False,True,2024-06-23T12:33:51
b51cdae2-c5d8-4f37-a8da-8b31b1db32cd,4c845e6a-24ce-42f5-9575-d42416dc51dd,Campaign 1,SMS,True,True,2024-11-24T12:33:51
e5b0d7c4-2db5-42b6-99d9-af9e27477986,4cc3bbbd-d1b7-4fe2-9271-e5e4aaa76f55,Campaign 1,Email,False,True,2025-03-25T12:33:51
f71c90b1-a633-4c3b-8bda-6982f34174d4,4ce63fb4-0066-4789-882c-cca3a4c6cfbc,Campaign 5,Social,False,True,2024-05-21T12:33:51
a5c211a7-f02b-4994-8fbc-ec3714aac312,4ce63fb4-0066-4789-882c-cca3a4c6cfbc,Campaign 7,Email,False,True,2024-04-29T12:33:51
385518c6-0819-4f73-8649-14b6c671e892,4ce63fb4-0066-4789-882c-cca3a4c6cfbc,Campaign 2,SMS,True,False,2023-09-29T12:33:51
634e349a-1d7f-4eb4-a570-5972c4efb380,4cfd4f4b-0fbf-43c2-bd1e-3954ec4d1cdf,Campaign 3,Social,False,True,2023-12-07T12:33:51
99692e27-9055-49ce-b82b-cc6a4e67ae11,4d095139-c79e-446f-a51a-fb527b8e57da,Campaign 2,Phone,True,False,2025-02-09T12:33:51
61330b47-b0ee-4a01-b62d-d73372aa430c,4d095139-c79e-446f-a51a-fb527b8e57da,Campaign 8,SMS,True,True,2024-07-26T12:33:51
40964d8c-a8b3-4ba2-8693-99d85bf1ec99,4d095139-c79e-446f-a51a-fb527b8e57da,Campaign 10,SMS,True,False,2024-08-12T12:33:51
7d089417-f54a-4825-86b8-0565dd0470f0,4d095139-c79e-446f-a51a-fb527b8e57da,Campaign 1,Phone,True,False,2025-08-14T12:33:51
784b50a7-0c7f-4459-b04c-84c0f55d7f67,4d095139-c79e-446f-a51a-fb527b8e57da,Campaign 8,Email,False,True,2025-08-09T12:33:51
769d55b6-1818-4164-a4c2-f1c5d0e204db,4d21c025-7c10-489c-b83e-85d1c3bb8c66,Campaign 4,Phone,True,False,2025-04-18T12:33:51
7ccb7191-b17b-4358-938d-bacbd89d1533,4d21c025-7c10-489c-b83e-85d1c3bb8c66,Campaign 8,Social,False,True,2025-06-25T12:33:51
09988961-31c6-4dc1-99b7-c1c6daa57e70,4d21ec4b-0bb8-44be-a19c-d34a81be0652,Campaign 5,SMS,False,True,2025-05-19T12:33:51
bab792f6-28d3-4f98-b7a1-db969ad2a3c2,4d25ae34-3926-4ef4-92ea-ff3ff06b26f5,Campaign 7,SMS,True,False,2025-01-16T12:33:51
7aa97d2d-873b-4bf2-92fb-100f315e9bef,4d748b14-f240-48ca-a05a-50c9e4ff0d62,Campaign 10,SMS,False,False,2025-03-01T12:33:51
24080bdf-f1a5-4ed7-940f-7aae6b430758,4d748b14-f240-48ca-a05a-50c9e4ff0d62,Campaign 7,Email,True,False,2024-03-05T12:33:51
e85f0c93-83a9-4ce8-ba88-c6112d8c5a25,4d748b14-f240-48ca-a05a-50c9e4ff0d62,Campaign 8,Social,True,True,2023-12-21T12:33:51
358aae66-d64e-4752-9d27-b4f1a13377f4,4d748b14-f240-48ca-a05a-50c9e4ff0d62,Campaign 1,Email,False,False,2024-06-14T12:33:51
0cf78873-696f-40e6-9578-1630f5dfdf83,4d748b14-f240-48ca-a05a-50c9e4ff0d62,Campaign 8,SMS,True,False,2025-08-05T12:33:51
183dbc21-4abc-4a2c-a208-7b052969d222,4d887c2a-ad0c-4840-8cb4-51e7fb1c0dbc,Campaign 4,Email,False,False,2025-07-24T12:33:51
b08860d9-59b1-4473-b026-4c5a5bd4d003,4d887c2a-ad0c-4840-8cb4-51e7fb1c0dbc,Campaign 10,SMS,False,True,2024-10-14T12:33:51
9cd5ef89-c2c7-4006-8480-488d377b0b44,4d887c2a-ad0c-4840-8cb4-51e7fb1c0dbc,Campaign 8,Phone,False,False,2025-06-05T12:33:51
9fb9e614-286b-4ecb-a58d-9880ee57897c,4d919c3a-23e6-45f6-815d-d26df885ccba,Campaign 5,Phone,True,True,2024-06-23T12:33:51
ec310d0c-c3c6-47b7-a2ec-10abf2d78e3a,4d919c3a-23e6-45f6-815d-d26df885ccba,Campaign 7,Phone,False,True,2024-07-23T12:33:51
3f53db3c-ae93-4028-ba33-bc6c0c1a61a6,4d919c3a-23e6-45f6-815d-d26df885ccba,Campaign 5,SMS,True,True,2023-12-13T12:33:51
25a153c2-5d8c-4a9d-9c28-abce9dcab7c4,4dcb45f5-74e1-4500-8278-c24eabb9bffe,Campaign 10,Phone,False,False,2024-12-02T12:33:51
75be702b-100c-49a2-9cb2-84c9169f4b67,4dcb45f5-74e1-4500-8278-c24eabb9bffe,Campaign 4,Phone,False,False,2025-03-17T12:33:51
1a3319de-ab8c-4742-9743-b747971dcd0d,4dcb45f5-74e1-4500-8278-c24eabb9bffe,Campaign 7,Social,False,True,2024-04-13T12:33:51
f68ad638-8cc8-4cbe-9ffc-a361d38630fe,4dd1701c-060e-446c-815d-bb496dbac2cf,Campaign 8,SMS,True,True,2024-11-29T12:33:51
474f8cdb-9003-4107-bb56-e3f783d9cce8,4dd1701c-060e-446c-815d-bb496dbac2cf,Campaign 7,Email,False,False,2025-05-04T12:33:51
cce08c26-03ea-46dc-bb97-a472024d1ec2,4e177674-a34b-4d6a-b2d9-19c12c2dfc8f,Campaign 3,SMS,True,True,2023-09-27T12:33:51
bd2b9316-ba9c-4d17-b3bc-d01bbecbba85,4e177674-a34b-4d6a-b2d9-19c12c2dfc8f,Campaign 3,SMS,True,False,2024-07-14T12:33:51
dc248710-0f93-47b5-9444-df82f7318361,4e1d9c44-53d8-4f66-8231-f4d483beb40b,Campaign 7,SMS,True,False,2025-03-12T12:33:51
4b7a6a3a-3cec-43f8-9c18-c78ca77af798,4e1d9c44-53d8-4f66-8231-f4d483beb40b,Campaign 3,Phone,False,True,2023-09-30T12:33:51
6837c5a4-052a-47dd-9eb7-01b5162a1862,4e1d9c44-53d8-4f66-8231-f4d483beb40b,Campaign 4,Phone,False,False,2025-04-01T12:33:51
77812513-2e81-4d77-8194-508362dd67f2,4e2a50dd-c749-43be-b1a4-975c0338074d,Campaign 5,Phone,False,False,2024-03-27T12:33:51
e72b61bf-2b3c-4cf0-ab84-6654d26e97bb,4e2a50dd-c749-43be-b1a4-975c0338074d,Campaign 9,Social,True,True,2023-11-08T12:33:51
140d3f1c-46ca-4211-a40b-42e6ae517724,4e2a50dd-c749-43be-b1a4-975c0338074d,Campaign 10,Email,True,False,2024-12-30T12:33:51
7e7093d9-2df8-4c1f-880a-89ab17192e1c,4e2a50dd-c749-43be-b1a4-975c0338074d,Campaign 1,Phone,True,True,2025-05-27T12:33:51
3e9ed220-a824-4590-998e-831efebb90d6,4e2a50dd-c749-43be-b1a4-975c0338074d,Campaign 2,Email,False,False,2025-06-24T12:33:51
fb4eaf56-e7fc-4f62-8323-5d5bd5d02eed,4e38e20a-7e84-41b3-b0f3-aefff477f3d6,Campaign 4,Phone,True,False,2024-07-27T12:33:51
aae9e880-714a-47a2-b151-ba9e01619040,4e38e20a-7e84-41b3-b0f3-aefff477f3d6,Campaign 7,SMS,True,False,2023-11-22T12:33:51
d270a8ce-db12-4d3b-aa17-fd18ffab0d7e,4e38e20a-7e84-41b3-b0f3-aefff477f3d6,Campaign 1,Phone,False,False,2024-08-24T12:33:51
047d2f29-550b-4ed9-955b-13bcae7a4772,4e38e20a-7e84-41b3-b0f3-aefff477f3d6,Campaign 8,Email,True,False,2025-01-13T12:33:51
3a34228e-f27b-47d6-b971-490752cfaabf,4e6581cc-8718-45bc-b501-c59fe8300945,Campaign 8,Social,True,True,2025-01-28T12:33:51
57638b22-13b6-41f2-8e7a-f369d84a404d,4e6581cc-8718-45bc-b501-c59fe8300945,Campaign 6,Phone,True,False,2024-02-21T12:33:51
d43ca6be-5e3d-42b2-b3f9-a78f60fe7a2f,4e6acaba-d49f-4d5a-b6a3-830796cb1fb2,Campaign 9,Social,False,False,2024-08-15T12:33:51
e7351463-9c27-4b82-82d1-27413f364a91,4e6acaba-d49f-4d5a-b6a3-830796cb1fb2,Campaign 7,Social,True,False,2024-05-17T12:33:51
4179688e-7d50-4acd-ae44-2c80fdb3e5f8,4e6acaba-d49f-4d5a-b6a3-830796cb1fb2,Campaign 10,Social,False,True,2025-07-19T12:33:51
0be521a4-c54d-4ac0-9116-08f529e2dd45,4e6acaba-d49f-4d5a-b6a3-830796cb1fb2,Campaign 2,Email,False,False,2024-11-23T12:33:51
da3b2ca7-7261-458e-a7ee-63832f8df32f,4ea89c44-3c13-45a4-8c11-ef8c93e050e8,Campaign 6,SMS,True,False,2024-05-12T12:33:51
95f9c312-8487-4898-b35b-055b761cd49c,4ea89c44-3c13-45a4-8c11-ef8c93e050e8,Campaign 4,SMS,True,True,2024-09-10T12:33:51
5dac0113-bf01-4570-a898-b385cda2ff63,4eaf318a-2cc3-4035-97ef-5fc2dd10d5d3,Campaign 9,SMS,False,True,2023-11-30T12:33:51
ee468c16-4318-4dfb-bce9-76ebccb9a532,4eaf318a-2cc3-4035-97ef-5fc2dd10d5d3,Campaign 8,Phone,True,False,2024-05-11T12:33:51
75bbdb2d-081d-467c-bf44-66b220fa4057,4ebb4c23-dbd5-4257-8b30-dac260df4174,Campaign 2,Email,False,False,2024-08-31T12:33:51
13da4684-6465-41e7-931c-0c3163c76fb5,4ebb4c23-dbd5-4257-8b30-dac260df4174,Campaign 9,Social,False,False,2025-02-14T12:33:51
826318d3-7597-408a-852e-48601e2b250e,4ebb4c23-dbd5-4257-8b30-dac260df4174,Campaign 3,Phone,True,True,2024-12-23T12:33:51
9e8120c8-2277-4856-b957-752efd6f77b9,4ebb4c23-dbd5-4257-8b30-dac260df4174,Campaign 4,Social,False,False,2024-05-16T12:33:51
c6fb1728-a957-4b95-9e9a-964bc004f312,4ebb4c23-dbd5-4257-8b30-dac260df4174,Campaign 7,Social,True,True,2024-08-29T12:33:51
cfeecd1e-6fcf-43e1-a91c-3f115cf8bff3,4ef45869-4153-4e60-85d9-f53563b14c2d,Campaign 10,Social,False,True,2024-10-30T12:33:51
c3a587fd-d3af-43b5-8b70-821ece555156,4ef45869-4153-4e60-85d9-f53563b14c2d,Campaign 3,Email,True,False,2025-03-10T12:33:51
f570942a-b897-4fcd-803b-13bd837097ac,4f3bfcce-c376-4bcb-a8d2-be5c1f7742d7,Campaign 9,Phone,False,False,2024-07-23T12:33:51
0ec0c8c1-41bb-48c0-a650-cd35a4867107,4f3bfcce-c376-4bcb-a8d2-be5c1f7742d7,Campaign 7,Social,True,False,2024-03-09T12:33:51
ce45c144-541d-4fca-924b-00e34e564977,4f438c77-8520-494f-92e1-e425e68a534f,Campaign 4,Social,True,True,2024-11-19T12:33:51
2cba6277-87dd-4367-9b7d-ba3fa4f65c9c,4f438c77-8520-494f-92e1-e425e68a534f,Campaign 5,Social,True,False,2024-08-01T12:33:51
c0e0840a-19ad-4f87-9e30-ea17858e87d9,4f8a300b-b2f2-4c1a-a122-11210c3b97f4,Campaign 6,Social,True,True,2024-05-21T12:33:51
eff5068d-a0b9-4cd1-9922-d3873c99bd68,4f8a300b-b2f2-4c1a-a122-11210c3b97f4,Campaign 2,Phone,False,False,2023-12-20T12:33:51
5634c37f-07a9-402d-ac23-db90f1b4abe4,4f8a300b-b2f2-4c1a-a122-11210c3b97f4,Campaign 8,Phone,True,True,2025-01-20T12:33:51
43a2eb3c-a9e0-4309-aea7-3749e131eecb,4feb4ba5-a1ab-44fa-ac85-c034e091192a,Campaign 9,Social,False,True,2025-01-17T12:33:51
c340e7e9-9911-416b-9f41-91af7e363f2d,4feb4ba5-a1ab-44fa-ac85-c034e091192a,Campaign 10,Email,False,True,2023-09-18T12:33:51
af634d0a-c261-4fa9-b9d9-ffe61282e4c8,50003772-4cf8-4853-b962-518ac259506f,Campaign 6,Phone,True,True,2025-08-24T12:33:51
a7644226-e7b0-456d-ac90-38e0a56f311c,50003772-4cf8-4853-b962-518ac259506f,Campaign 8,SMS,True,False,2025-03-28T12:33:51
b4b5155a-a8f4-4768-8dd0-c12620626365,50003772-4cf8-4853-b962-518ac259506f,Campaign 1,Social,False,True,2024-04-07T12:33:51
2b368b20-ee09-44c4-9946-e63c39cd9290,50003772-4cf8-4853-b962-518ac259506f,Campaign 8,Phone,True,True,2024-02-08T12:33:51
ba3be132-3e7c-424c-9639-7864e6c17609,50003772-4cf8-4853-b962-518ac259506f,Campaign 10,Email,True,False,2025-06-04T12:33:51
a7736a91-e8e9-4a0d-aa46-35fe3b631520,504d7481-bcf4-4fc8-a597-e8277f2c2e1c,Campaign 2,Social,True,True,2024-10-24T12:33:51
3c7f2620-8953-453a-b01e-20543b24b684,504d7481-bcf4-4fc8-a597-e8277f2c2e1c,Campaign 4,Email,True,True,2023-09-28T12:33:51
0360e8a8-eb08-43fc-a864-c58bc395be48,504d7481-bcf4-4fc8-a597-e8277f2c2e1c,Campaign 7,Email,False,False,2024-11-01T12:33:51
2810fd67-2d4e-4c15-8245-add2feb5776d,5087d838-7069-4676-80de-9914fee3eb7f,Campaign 8,Social,True,True,2024-02-16T12:33:51
1499a5ee-0d91-4225-ac08-dc27e80ef756,5087d838-7069-4676-80de-9914fee3eb7f,Campaign 6,Phone,False,True,2025-01-23T12:33:51
c85d8f08-be83-4c42-9c35-24d18c8b67ab,5087d838-7069-4676-80de-9914fee3eb7f,Campaign 8,Email,False,True,2024-11-30T12:33:51
852ca16b-e4ef-440b-955e-9ca664a296ff,50c99fc5-89e6-40af-af3b-9696ea164ec2,Campaign 4,Email,False,True,2025-08-21T12:33:51
64b0a5c9-53a1-459b-b9ba-9c83bca2522c,50d1b918-9726-4a31-ab09-5fb1ae33be84,Campaign 1,SMS,True,True,2023-10-02T12:33:51
01f99f5e-339d-4f79-82c2-714a985cc7a4,510a83d0-c7ae-437f-a9bb-4f4ced75ab2b,Campaign 5,Email,False,False,2025-05-07T12:33:51
a1d7ba12-66ad-4c97-b5f2-da3b21afab4d,510a83d0-c7ae-437f-a9bb-4f4ced75ab2b,Campaign 9,SMS,True,False,2025-01-03T12:33:51
9cf2c6c9-20c0-4e55-a6f6-e0e4219f0844,510a83d0-c7ae-437f-a9bb-4f4ced75ab2b,Campaign 8,Email,True,True,2025-01-09T12:33:51
5e54b371-a283-4d48-afee-d6c6b91e3412,510a83d0-c7ae-437f-a9bb-4f4ced75ab2b,Campaign 3,Social,False,False,2023-10-11T12:33:51
7083740f-384b-455f-80e6-ab4e34d9fa78,510a83d0-c7ae-437f-a9bb-4f4ced75ab2b,Campaign 1,SMS,True,False,2023-12-09T12:33:51
9cec24a2-00fa-4dcb-900d-d67eaeaed6a8,5151e715-226a-45f6-99cf-6ef6fe3b2dbc,Campaign 7,SMS,False,False,2024-09-04T12:33:51
3fd5b0d0-d1d6-4052-a403-9000138dbeda,5151e715-226a-45f6-99cf-6ef6fe3b2dbc,Campaign 1,Phone,False,False,2024-12-20T12:33:51
ddca3fdc-ddc2-468c-8b18-1499bc3bf5e8,5151e715-226a-45f6-99cf-6ef6fe3b2dbc,Campaign 8,Social,True,False,2024-07-11T12:33:51
a0ca89dd-a14c-4341-ae49-09305cfbf7b2,5151e715-226a-45f6-99cf-6ef6fe3b2dbc,Campaign 6,Social,True,False,2025-06-11T12:33:51
51abdb58-e9db-4277-91e9-4901c164362a,51536b25-5a6d-4c09-8cba-3f6b43c4c9aa,Campaign 8,SMS,False,True,2025-02-19T12:33:51
2c11344e-4281-4367-9278-5aae15bece8c,51536b25-5a6d-4c09-8cba-3f6b43c4c9aa,Campaign 7,Phone,True,False,2024-02-10T12:33:51
2950fc9e-bf34-4ba5-b260-6734129cdc53,51536b25-5a6d-4c09-8cba-3f6b43c4c9aa,Campaign 7,Email,False,False,2025-06-01T12:33:51
1fc8f6d0-da34-4c16-bce3-c7ed88cbb9e6,51536b25-5a6d-4c09-8cba-3f6b43c4c9aa,Campaign 8,SMS,True,False,2024-10-01T12:33:51
61c76cbc-b485-4bed-a9ab-b3ba539e237f,51536b25-5a6d-4c09-8cba-3f6b43c4c9aa,Campaign 7,Social,False,True,2023-11-05T12:33:51
6aa4b2f5-09c0-4fd8-a5bd-25400be0141b,515ce4d0-8f31-4c60-91e5-760bfd9a18cd,Campaign 1,Email,True,True,2025-05-29T12:33:51
8ee61025-7893-4db9-8443-1f39fe4722b3,515ce4d0-8f31-4c60-91e5-760bfd9a18cd,Campaign 2,Phone,False,True,2023-11-14T12:33:51
c843d55a-9801-447c-882f-b0b7c298e8b6,515ce4d0-8f31-4c60-91e5-760bfd9a18cd,Campaign 8,Social,True,False,2023-10-18T12:33:51
2db7af21-07e0-4478-989a-a679b540e33d,515ce4d0-8f31-4c60-91e5-760bfd9a18cd,Campaign 5,SMS,True,False,2024-12-03T12:33:51
09b3d64e-2397-416e-9ab5-e989424d52e0,516a1e30-15c6-4696-b8a9-aa09ac841f68,Campaign 9,SMS,True,True,2023-12-18T12:33:51
f22377a8-11bd-4cef-a8cd-341e1b65834c,516a1e30-15c6-4696-b8a9-aa09ac841f68,Campaign 5,Phone,False,True,2024-08-06T12:33:51
dd11769d-7029-41a2-af55-c253cf141e4c,516a1e30-15c6-4696-b8a9-aa09ac841f68,Campaign 9,Social,True,True,2024-07-04T12:33:51
84a41ae6-bb07-4324-ad20-ca23366b73fd,5172eaad-3021-47a7-ada5-7c33193c2d83,Campaign 7,SMS,True,False,2024-01-10T12:33:51
eccf3d68-3ea2-41fa-828d-eeba289f4521,5172eaad-3021-47a7-ada5-7c33193c2d83,Campaign 8,SMS,False,True,2024-11-14T12:33:51
5243d8cd-576c-437a-80c4-e0a2377b3a4e,5172eaad-3021-47a7-ada5-7c33193c2d83,Campaign 1,Email,False,False,2025-01-04T12:33:51
324e2031-1492-4ea4-a3bc-031fc7a915e1,518a0c42-1771-42d5-81a2-df1c8691bd6b,Campaign 8,Social,False,False,2024-08-14T12:33:51
4d04523d-bec1-4aba-89b4-e4b2ed403654,518a0c42-1771-42d5-81a2-df1c8691bd6b,Campaign 1,Phone,True,False,2024-05-10T12:33:51
67865de8-a882-4e7b-8965-d63855119e06,518a0c42-1771-42d5-81a2-df1c8691bd6b,Campaign 2,Phone,False,True,2025-02-03T12:33:51
6f6367f2-de18-440c-9dec-683d0295ad5c,518e74af-07c7-43f7-9a4c-35fe6d2a98b8,Campaign 8,Phone,False,False,2024-02-27T12:33:51
b8f5fb3f-7f97-4f47-ac52-8af26fddd0ee,518e74af-07c7-43f7-9a4c-35fe6d2a98b8,Campaign 5,SMS,True,False,2024-01-06T12:33:51
15bbec05-5200-4e5f-954b-fbf95d36e9f0,518e74af-07c7-43f7-9a4c-35fe6d2a98b8,Campaign 7,SMS,True,True,2023-10-12T12:33:51
a47c9327-de96-4429-8aa6-d15c37e81381,519e1b05-166c-488f-a7e7-577222cce099,Campaign 9,Social,False,True,2025-01-18T12:33:51
14293215-bcbd-4e2a-a36c-79983ea0ac37,519e1b05-166c-488f-a7e7-577222cce099,Campaign 6,Email,False,True,2025-05-06T12:33:51
d080cb70-43c4-4283-b39c-e126a52017f2,519e1b05-166c-488f-a7e7-577222cce099,Campaign 3,Email,False,False,2025-03-01T12:33:51
48864fb3-2593-461b-ac53-79732c5e0327,519e1b05-166c-488f-a7e7-577222cce099,Campaign 9,Email,True,False,2023-11-13T12:33:51
45e73e8e-f80f-4f86-8602-1f7574e77cf8,51badf6d-e3f4-4516-b1e1-650c1487e93a,Campaign 10,Phone,False,True,2024-08-01T12:33:51
54aff0ee-d572-45e1-8f27-e8de9182ac01,51bc23c5-e2f2-45ee-8541-33023c9c6b93,Campaign 5,Phone,False,True,2025-04-19T12:33:51
b605586b-a85f-4f65-b135-61732e3a50a4,524f2e0b-2bf3-4f93-9d7b-c8084b317610,Campaign 10,Social,True,False,2024-06-18T12:33:51
d59b3a97-f467-4243-8464-1a1288437e28,5255f399-e4a4-4b74-bfc0-e11a84f91f66,Campaign 4,Social,False,True,2024-11-10T12:33:51
29b02d6a-574a-4e07-9174-14bb40bc99f4,5255f399-e4a4-4b74-bfc0-e11a84f91f66,Campaign 2,Email,True,False,2025-05-18T12:33:51
0b4011df-1916-4d9d-8269-c1531abbfa98,5255f399-e4a4-4b74-bfc0-e11a84f91f66,Campaign 1,Social,True,False,2025-07-27T12:33:51
2ec93330-d530-4ac5-afb4-65e292bd3840,5267a01b-6aba-4397-8563-240b76eea5ff,Campaign 7,Email,True,False,2024-10-16T12:33:51
e7d3fcca-4583-4b00-a1f8-98a7073e2ee5,5267a01b-6aba-4397-8563-240b76eea5ff,Campaign 7,Email,False,True,2025-05-04T12:33:51
d96aa542-21e0-4e87-b813-8017114c26dd,528f83b2-0449-4474-bfb9-8e193c4383f0,Campaign 3,Social,False,False,2024-07-08T12:33:51
530f25c5-9d25-41b6-badc-30b50e0fd68f,52902dfb-c5a6-4a76-8260-4fe657d2fbda,Campaign 1,Social,False,True,2024-04-05T12:33:51
8d6565fc-4b6e-4338-8a70-a3e1f69d2ebf,529ecb1b-7a42-4cbe-a7a6-e4352355a439,Campaign 1,Phone,True,True,2023-10-28T12:33:51
b05e2e46-7c6c-4ef2-9572-0e342e93db05,529ecb1b-7a42-4cbe-a7a6-e4352355a439,Campaign 10,Social,False,False,2024-08-16T12:33:51
37115b48-e690-434d-944a-1b144d002818,52a27cd7-fa27-43ff-8082-7e6067211565,Campaign 2,Phone,True,True,2025-02-07T12:33:51
0065c5ec-8a81-43c9-8c99-c9bc2ba62408,52f85071-0b33-416a-88a0-4d89130353d4,Campaign 8,Social,True,False,2025-03-02T12:33:51
2efc6732-3328-478a-b39f-513d419a9ba7,52f85071-0b33-416a-88a0-4d89130353d4,Campaign 3,Phone,True,True,2024-12-11T12:33:51
4b939caf-67c5-4551-880a-b226ffcad46c,52f85071-0b33-416a-88a0-4d89130353d4,Campaign 8,Phone,False,False,2023-10-17T12:33:51
32bb636a-ac79-44d3-a542-561160e2a17c,52f85071-0b33-416a-88a0-4d89130353d4,Campaign 7,Phone,True,True,2024-07-30T12:33:51
456fcbad-76d9-4b3c-9c88-634404039ed2,52f85071-0b33-416a-88a0-4d89130353d4,Campaign 10,Social,False,True,2025-04-23T12:33:51
2fd4dbc3-b098-44cb-8eed-dbc682cbd770,531a2a4e-4676-4b51-81e8-ab193f70183b,Campaign 4,SMS,True,False,2024-03-12T12:33:51
b71537a3-c492-4fe9-9f2a-2f5580d2b6f1,532c2a8c-0662-447a-b806-10b30503a241,Campaign 7,Social,False,True,2024-01-03T12:33:51
daab1d7b-597c-4187-b45a-4d6b8586c1db,5331c61a-44d2-4826-b678-e428a9783dbb,Campaign 7,Email,False,True,2024-10-05T12:33:51
9595acf0-5d4a-4883-a3af-488268abce7a,53355db8-8150-4243-82e3-697ab12aad63,Campaign 3,Social,False,False,2025-01-22T12:33:51
d13ce74c-6b36-4edf-afd2-c121afd7a3a3,53355db8-8150-4243-82e3-697ab12aad63,Campaign 9,SMS,True,True,2025-01-13T12:33:51
333c6ee6-a50a-4b78-b838-cf4cfe2ada61,53355db8-8150-4243-82e3-697ab12aad63,Campaign 7,Phone,False,True,2024-07-30T12:33:51
f1bbd262-0d10-4333-9caf-6d4f9b43f854,53355db8-8150-4243-82e3-697ab12aad63,Campaign 2,Social,True,True,2025-04-24T12:33:51
cc50c89d-c25f-41fe-9086-dbcd55263abc,534b4a51-0592-4546-8887-1fc5c26f0bcc,Campaign 2,Social,True,True,2025-06-16T12:33:51
e9f65614-f22e-4c9a-aa47-96f18fb4e314,534b4a51-0592-4546-8887-1fc5c26f0bcc,Campaign 2,Social,False,True,2025-08-01T12:33:51
aa6ceaec-33aa-42f2-835c-8e671029a549,534b4a51-0592-4546-8887-1fc5c26f0bcc,Campaign 2,SMS,False,True,2024-01-19T12:33:51
3313d18d-07c9-4dff-bc1f-1c10fb6fe213,534b4a51-0592-4546-8887-1fc5c26f0bcc,Campaign 5,SMS,True,False,2023-12-03T12:33:51
7f0ae4c1-6945-499b-8b0e-dde59929a716,534b4a51-0592-4546-8887-1fc5c26f0bcc,Campaign 3,Social,False,False,2025-06-14T12:33:51
5e025a40-3d26-4391-bb2e-24ddbb005b91,5397bf90-6ce5-4dc3-afb6-22392306f017,Campaign 2,SMS,False,True,2024-02-04T12:33:51
75fecdd9-35b6-44f8-9236-a8d2a5b8d7b6,5397bf90-6ce5-4dc3-afb6-22392306f017,Campaign 10,Social,True,True,2024-10-08T12:33:51
10a97a40-3ad2-4448-b76c-5a2ecd7f111a,5397bf90-6ce5-4dc3-afb6-22392306f017,Campaign 7,Email,True,False,2023-10-02T12:33:51
8601b5b8-7eb1-44ba-851c-6c6bda59abba,5397bf90-6ce5-4dc3-afb6-22392306f017,Campaign 6,SMS,True,True,2024-02-04T12:33:51
91480359-4e04-4cd4-8c7c-6afee92c6151,5397bf90-6ce5-4dc3-afb6-22392306f017,Campaign 7,SMS,True,True,2025-04-25T12:33:51
fe3ce634-542e-48a2-a01e-5b19e37d050e,53b6b352-d2e3-4cde-b142-d3289bb71949,Campaign 3,Email,False,False,2025-05-30T12:33:51
487bb180-5400-477d-bf46-928eba4832fa,5403223d-ba31-4b88-bebd-cf22326ea238,Campaign 1,SMS,True,True,2024-09-24T12:33:51
d361f4fd-fbf6-48b3-becf-ad7fd42c129a,5403223d-ba31-4b88-bebd-cf22326ea238,Campaign 1,Phone,True,False,2023-09-12T12:33:51
9c10596d-5e1c-4f73-987e-adddaecd7975,5403223d-ba31-4b88-bebd-cf22326ea238,Campaign 1,Social,False,True,2023-11-12T12:33:51
ee2d084e-5fdd-4f42-9c6e-4fc587fb365e,5422a619-8c00-48c8-a635-df3fbe100373,Campaign 9,Email,True,False,2023-10-24T12:33:51
5b9a8f2a-6622-49a4-9a3a-8a8fa78c1a55,5422a619-8c00-48c8-a635-df3fbe100373,Campaign 6,Phone,True,True,2025-05-04T12:33:51
e98e4657-106c-4edb-b8c2-6556a666399e,5422a619-8c00-48c8-a635-df3fbe100373,Campaign 5,Social,True,False,2023-10-21T12:33:51
4cd07d36-751e-461b-9c5c-2034e6ec7cd8,5422a619-8c00-48c8-a635-df3fbe100373,Campaign 4,SMS,False,False,2025-01-14T12:33:51
51d08c82-2d71-4fd3-85ce-7479a180ff2a,5422a619-8c00-48c8-a635-df3fbe100373,Campaign 1,SMS,False,False,2023-12-07T12:33:51
4d9bf1ec-fb85-4938-8075-ad3fdb33243e,54dc4f21-5f3c-4192-a4fb-933719df5a54,Campaign 8,Phone,True,True,2024-11-28T12:33:51
d2f1e623-32b6-4543-aff7-3368bbae205f,54dc4f21-5f3c-4192-a4fb-933719df5a54,Campaign 1,Email,True,False,2023-12-03T12:33:51
8c7c9e50-89c5-48b3-9c6d-b0f10282aad2,54dc4f21-5f3c-4192-a4fb-933719df5a54,Campaign 10,Email,False,False,2025-05-09T12:33:51
a7c3f8ee-b5fd-44f8-b9a8-b79ec0588d7e,54dc4f21-5f3c-4192-a4fb-933719df5a54,Campaign 1,SMS,False,True,2024-07-15T12:33:51
0609a073-4f70-4a2d-9fb5-abbccda52d2b,55127d3c-0e51-4a93-aabc-6efe62d285d8,Campaign 8,Social,True,True,2024-10-15T12:33:51
81203d11-8580-4b3f-8210-e5bae1a207a1,55252131-49e7-4357-9859-fdf3ee86f7cd,Campaign 3,Phone,True,False,2025-08-18T12:33:51
bb889fa5-5b06-4d82-a17e-10514336f73e,5528077d-766a-4f76-b93c-1c1026d0aad5,Campaign 1,Phone,True,True,2025-07-04T12:33:51
46ff4dc8-e9d6-46a5-a1b3-1ae94c113fe5,5528077d-766a-4f76-b93c-1c1026d0aad5,Campaign 7,Phone,False,True,2023-10-03T12:33:51
f39c7303-f6a5-45ae-aea4-28b4ef8fc3fb,5528077d-766a-4f76-b93c-1c1026d0aad5,Campaign 9,Email,False,False,2024-09-01T12:33:51
e3878abf-170d-4f0a-942d-26d1a0a71ee2,5528077d-766a-4f76-b93c-1c1026d0aad5,Campaign 6,Phone,False,False,2024-02-22T12:33:51
cf8cadbb-dfc4-42eb-b2ea-5f85f7ae20c6,5541028b-d585-4298-a217-933cce47ecd0,Campaign 10,SMS,True,True,2025-04-18T12:33:51
b2ce75a7-97fd-4f48-b87d-54a8f2b04d9b,5541028b-d585-4298-a217-933cce47ecd0,Campaign 1,Email,False,False,2024-01-08T12:33:51
2201b06c-d176-4f02-be1d-91a54a0be8d5,5541028b-d585-4298-a217-933cce47ecd0,Campaign 9,SMS,True,False,2025-07-10T12:33:51
88ec8118-84cc-46af-b3d1-f74ba28e9fbe,555f67ff-06ea-4f5b-a740-42521c87e538,Campaign 6,Email,True,False,2025-02-18T12:33:51
91ca0d1e-2fdd-4984-8e25-31c20b9fb370,555f67ff-06ea-4f5b-a740-42521c87e538,Campaign 4,Email,False,False,2024-12-05T12:33:51
df79b979-ac29-4bbf-b113-0934e01a72c5,555f67ff-06ea-4f5b-a740-42521c87e538,Campaign 10,Email,True,True,2023-11-18T12:33:51
d094881b-acaf-4422-83e3-bd47af3d4fac,555f67ff-06ea-4f5b-a740-42521c87e538,Campaign 4,Phone,True,True,2025-04-11T12:33:51
2d0803ed-fa71-46a9-a440-942557d70213,555f67ff-06ea-4f5b-a740-42521c87e538,Campaign 2,SMS,False,False,2023-11-05T12:33:51
81a7ae00-538b-4402-bf7f-85d1c81fb7f2,5561a945-e8d3-43fa-bd75-85a1590eb089,Campaign 7,SMS,True,False,2023-09-30T12:33:51
3ee949e5-171d-4d55-a6f1-c67bff5d16d9,556ec505-4932-416e-b7d2-f79bce6db5f0,Campaign 6,Social,True,True,2024-07-11T12:33:51
5adb6abb-24bd-40a9-ae54-301a129fea55,556ec505-4932-416e-b7d2-f79bce6db5f0,Campaign 6,Social,False,True,2025-02-08T12:33:51
fa9822ec-0d9b-4e40-9f5f-8fcf4e9bacb6,55894235-15d5-4795-8467-277e6a4aa5d3,Campaign 4,Phone,False,False,2025-07-04T12:33:51
9e693d96-f38f-4b7d-a755-d9fba31c95c3,55894235-15d5-4795-8467-277e6a4aa5d3,Campaign 2,Email,True,True,2024-01-14T12:33:51
7ba846d9-42d0-4f97-8958-22bf736b4bde,55894235-15d5-4795-8467-277e6a4aa5d3,Campaign 4,SMS,False,False,2025-06-07T12:33:51
f1f14f13-f78d-409d-bf2d-d2d5a9061834,55894235-15d5-4795-8467-277e6a4aa5d3,Campaign 2,Social,False,True,2024-01-02T12:33:51
590ae8e9-184b-4c26-ad2f-f4d77596382a,55894235-15d5-4795-8467-277e6a4aa5d3,Campaign 10,SMS,True,True,2024-11-13T12:33:51
08c08e62-ac1a-48fd-88d6-a5c7e33439b1,55d8a61e-b644-4f40-87a5-d227b95c8e8b,Campaign 3,Email,True,False,2024-02-04T12:33:51
d7351c7b-9cfd-48be-b072-7eab0b502a54,55dc1fa8-011d-424f-bfab-60a968cc04a1,Campaign 8,Phone,True,False,2024-07-22T12:33:51
bbe54fc5-639b-4949-aae2-ca9398a89a5d,55dc1fa8-011d-424f-bfab-60a968cc04a1,Campaign 2,SMS,False,False,2024-12-03T12:33:51
de65207c-c9aa-415c-8f4e-e979efe97d0b,55dc1fa8-011d-424f-bfab-60a968cc04a1,Campaign 4,SMS,True,False,2024-10-23T12:33:51
470b96d6-1083-4c56-9cba-2bd4e9977bce,55dc1fa8-011d-424f-bfab-60a968cc04a1,Campaign 8,SMS,False,False,2024-03-10T12:33:51
72a26eae-5180-4739-87f6-d1ae689a4f72,55dc1fa8-011d-424f-bfab-60a968cc04a1,Campaign 2,Phone,False,False,2024-10-13T12:33:51
18ea7ac6-c1fe-4b8b-9143-2497ef962488,565628d3-5892-4f3e-bcd3-61600d3181e9,Campaign 3,Social,True,True,2025-03-18T12:33:51
8dddfdbe-665f-4d26-a096-6a3375951b81,566303e4-4ab5-462d-bad5-e4d90059ad31,Campaign 10,Email,True,False,2024-11-18T12:33:51
62c2ad70-cb1f-4817-b4ab-7edbb0b2e176,56a68870-1ee0-4ce1-bd87-074c6ea5a548,Campaign 3,Phone,False,True,2023-09-14T12:33:51
d13fd712-9840-4fe0-bc00-cc524f8d99a7,56a68870-1ee0-4ce1-bd87-074c6ea5a548,Campaign 10,Email,False,False,2024-06-30T12:33:51
ba43439e-15d3-4f5d-b430-de9b141c84ff,56a68870-1ee0-4ce1-bd87-074c6ea5a548,Campaign 10,Social,True,False,2024-12-20T12:33:51
f3196fba-c295-4c3a-b202-656506cf5178,575d1545-3d3b-4468-8cf6-389608021e79,Campaign 10,Email,True,False,2024-08-19T12:33:51
7c41f0fa-92f3-4e3e-9d59-fbfe615eeeb0,575d1545-3d3b-4468-8cf6-389608021e79,Campaign 7,Social,False,True,2024-08-02T12:33:51
bba1990b-bb9b-43f3-a9d2-a359f9666725,57af099f-7593-48fe-aff6-9219bf7bdd24,Campaign 1,SMS,True,False,2024-02-12T12:33:51
862d59a8-c149-4685-a7ad-a6685384ae6b,57af099f-7593-48fe-aff6-9219bf7bdd24,Campaign 3,Phone,False,False,2024-02-20T12:33:51
4bc72b80-35f5-465c-a3e0-9c40e0954c43,57b1481a-397b-45ca-89f7-a21359b9c83a,Campaign 9,SMS,False,False,2025-04-06T12:33:51
881cdf48-9a5e-4fd6-893d-7e470d9c8519,57b1481a-397b-45ca-89f7-a21359b9c83a,Campaign 10,Social,True,True,2023-11-23T12:33:51
58ab53ec-16b7-4646-b384-1be34a3d56b1,57b1481a-397b-45ca-89f7-a21359b9c83a,Campaign 3,Phone,False,True,2025-08-23T12:33:51
75041bb0-6ef1-469c-8afc-8a10d43142ba,57b1481a-397b-45ca-89f7-a21359b9c83a,Campaign 5,Phone,True,True,2024-02-28T12:33:51
2a70d53e-27a3-4100-8924-f4a04a39f2d4,57b5fab1-297c-4b1d-82e1-a4750206a907,Campaign 6,SMS,True,True,2025-02-19T12:33:51
fc87cff4-242d-466a-ba07-2c15bb5613ac,57b5fab1-297c-4b1d-82e1-a4750206a907,Campaign 10,Email,False,False,2024-08-14T12:33:51
a3d72a9d-c6a0-4357-9b4e-2a656e732360,57b5fab1-297c-4b1d-82e1-a4750206a907,Campaign 1,Email,False,True,2024-03-16T12:33:51
989352d5-100c-40f7-a99a-681c2aa2e787,57b62f77-e1e4-47d5-b41e-bf776ff8b59c,Campaign 2,Social,True,False,2024-04-13T12:33:51
41c78906-7cc6-4f30-bdf7-1e489589bf61,57b62f77-e1e4-47d5-b41e-bf776ff8b59c,Campaign 4,SMS,False,True,2024-01-07T12:33:51
d9893ae6-96c0-4487-a5fb-cbed6ab3269b,57b62f77-e1e4-47d5-b41e-bf776ff8b59c,Campaign 2,SMS,True,False,2023-09-24T12:33:51
503c71ad-c278-4cd4-bc0e-1ab88bb62ff3,57b62f77-e1e4-47d5-b41e-bf776ff8b59c,Campaign 1,Email,True,True,2024-03-08T12:33:51
53033291-c7a3-414a-bc8a-b50ea38b59da,57d12c08-e268-4923-a4d0-34d5939a18e0,Campaign 9,Social,True,False,2025-07-19T12:33:51
fd0f5eb5-1d98-467e-863c-aa224102d1ae,57d12c08-e268-4923-a4d0-34d5939a18e0,Campaign 5,SMS,False,True,2024-06-15T12:33:51
94610b49-efed-4042-b7e8-afcdbfa7678c,57d12c08-e268-4923-a4d0-34d5939a18e0,Campaign 5,SMS,False,False,2024-10-14T12:33:51
3d48e500-7c06-422a-932f-5ba107780f2f,5831b241-ec64-421b-aa80-4b802bfed582,Campaign 7,Social,False,True,2025-01-06T12:33:51
c3d90bb1-e902-429d-a15e-4a8f93d6cb67,583ff1e7-c07b-44f2-acb5-d23266975d81,Campaign 9,Email,True,False,2025-02-20T12:33:51
fe7bbc56-df87-458e-a576-c4d684ea30ac,5842e994-9a95-4b66-94e1-02fac0214bfa,Campaign 1,SMS,True,False,2024-01-26T12:33:51
36008754-578d-4549-9965-89db347e926e,5874128d-4ccf-4e36-9802-a74bad054aca,Campaign 2,SMS,False,True,2024-06-14T12:33:51
18865309-da2a-4af7-9941-2eca86bc6802,5874128d-4ccf-4e36-9802-a74bad054aca,Campaign 4,Phone,True,True,2024-03-28T12:33:51
2ab04d8f-55a8-4b81-b149-bdd100a1dd80,5874128d-4ccf-4e36-9802-a74bad054aca,Campaign 10,Phone,False,True,2025-08-02T12:33:51
d2a822ae-8520-4370-af14-337d34a6c921,5874128d-4ccf-4e36-9802-a74bad054aca,Campaign 4,Email,False,False,2023-09-14T12:33:51
c589ad6e-4834-4768-94d8-d05b180969f2,5874128d-4ccf-4e36-9802-a74bad054aca,Campaign 3,Phone,False,False,2025-05-21T12:33:51
3ab5bf3c-46fd-45eb-852e-a691e80cbe8c,5897feec-4546-4099-90f5-57570e5b32d6,Campaign 2,Email,False,True,2024-11-26T12:33:51
45d8e158-67a4-4d6f-b54c-d6ab3430743e,5897feec-4546-4099-90f5-57570e5b32d6,Campaign 1,Social,False,False,2024-10-17T12:33:51
e8911576-36ff-45b4-846a-3a6fe6614c39,5897feec-4546-4099-90f5-57570e5b32d6,Campaign 4,Email,True,True,2024-03-02T12:33:51
09ad0649-ba3e-447b-b5d8-04e232911016,5897feec-4546-4099-90f5-57570e5b32d6,Campaign 1,Email,True,True,2024-12-07T12:33:51
95f79f26-4be8-4912-9379-e9245ddac1fa,5897feec-4546-4099-90f5-57570e5b32d6,Campaign 6,Phone,True,True,2024-04-04T12:33:51
3ecbca41-12e4-4f8e-a45a-4188b2e64a45,58aad0a8-4bb7-465c-a227-0208d36ac8d5,Campaign 1,Phone,True,True,2024-04-21T12:33:51
00b2604d-de2a-469a-9727-21bf9ee20654,58aad0a8-4bb7-465c-a227-0208d36ac8d5,Campaign 1,SMS,False,True,2023-11-18T12:33:51
8a0b6d34-ea90-4375-9158-15575aee2bdf,58aad0a8-4bb7-465c-a227-0208d36ac8d5,Campaign 10,Phone,True,True,2025-04-29T12:33:51
690dcc39-8398-41ae-a04e-151e142f92f8,58aad0a8-4bb7-465c-a227-0208d36ac8d5,Campaign 1,Social,True,False,2024-03-28T12:33:51
387b751e-0d04-49d3-ae3a-fbd99f528744,58aad0a8-4bb7-465c-a227-0208d36ac8d5,Campaign 5,SMS,True,False,2023-09-21T12:33:51
795e5f19-7c76-47fd-8ec2-67f59953d755,58bae4d9-f397-4afd-98ce-42a47d4c586a,Campaign 4,Phone,True,False,2024-11-10T12:33:51
03671a4f-2aee-4e92-9947-68557feddc97,58ef9605-03ad-4439-a970-fd35bfb123bd,Campaign 4,Phone,False,False,2024-08-08T12:33:51
36d82bfe-5f21-4b26-b799-3f18c211e65e,58fc4771-353f-4a66-8985-5f2902f46321,Campaign 6,Social,False,False,2025-07-18T12:33:51
ed09ff89-1cfa-4338-aeba-df3ac38593e2,596fff6c-81a6-488f-b781-a084e5213f2c,Campaign 6,Email,False,False,2024-09-14T12:33:51
701c7338-d791-42c3-b28f-b662bf27a4ab,596fff6c-81a6-488f-b781-a084e5213f2c,Campaign 2,Phone,False,False,2023-09-14T12:33:51
ca0751aa-28d2-46e2-b58e-5fc67d8c7caf,59a5a27f-6eb2-4dd1-a884-81b16b3474f6,Campaign 5,Phone,False,False,2024-03-21T12:33:51
e550fa98-6a78-428d-9a31-845fb6493e1e,59a9c9c0-9076-46c5-ab43-ccd5c3c03cf9,Campaign 8,Email,False,True,2025-05-08T12:33:51
003357d4-1033-4742-88da-7ea741356acb,59a9c9c0-9076-46c5-ab43-ccd5c3c03cf9,Campaign 3,Social,False,True,2025-04-13T12:33:51
c3744e74-d851-42f9-b184-ae8481c43878,59a9c9c0-9076-46c5-ab43-ccd5c3c03cf9,Campaign 5,Social,False,False,2025-03-05T12:33:51
705311b0-8555-4965-a35d-74ce26613d6e,59a9c9c0-9076-46c5-ab43-ccd5c3c03cf9,Campaign 10,Email,False,False,2025-02-10T12:33:51
1ba046d5-b612-46e0-ae6b-52a5b3067494,59a9c9c0-9076-46c5-ab43-ccd5c3c03cf9,Campaign 3,Social,False,True,2025-06-23T12:33:51
02550752-5811-42d0-9fba-15ecbb589f2f,59bd81b3-8686-4d08-8c1f-0b6dd461c20b,Campaign 6,Email,False,False,2023-12-16T12:33:51
5245587e-cfc4-4f80-8ae2-68421378909d,59bd81b3-8686-4d08-8c1f-0b6dd461c20b,Campaign 7,SMS,True,True,2025-03-04T12:33:51
68dfd293-c0d7-4695-bb72-f2e2760a9e05,59bd81b3-8686-4d08-8c1f-0b6dd461c20b,Campaign 1,Email,True,True,2024-07-12T12:33:51
3f8770b6-92d4-4ce9-abd9-3f01935f8703,59bd81b3-8686-4d08-8c1f-0b6dd461c20b,Campaign 9,Phone,True,False,2023-09-19T12:33:51
509c518c-446d-450b-9b15-b042d11c76e9,59bd81b3-8686-4d08-8c1f-0b6dd461c20b,Campaign 10,Phone,False,True,2024-03-17T12:33:51
671212d0-8be2-4056-9992-42cfbb25ce29,59e9daf3-4e62-454e-9549-a44a87d6f545,Campaign 10,SMS,False,True,2025-07-14T12:33:51
c50ec85c-f19a-4380-8125-cbef01fbf676,59e9daf3-4e62-454e-9549-a44a87d6f545,Campaign 9,Email,False,False,2024-01-23T12:33:51
11630245-e374-4972-bef5-7fd074f262a4,59f5c052-5630-48f4-9622-ccbf22bcb00d,Campaign 3,SMS,True,True,2025-06-06T12:33:51
41b7f986-58ed-45a3-a11b-0de677de0af3,59f5c052-5630-48f4-9622-ccbf22bcb00d,Campaign 6,Email,False,True,2024-11-06T12:33:51
5c50d98a-04e0-4904-9469-bfa5d1cbe099,59f5c052-5630-48f4-9622-ccbf22bcb00d,Campaign 2,Email,False,False,2023-10-20T12:33:51
06f38e26-e0ba-4e20-8408-135740db8211,59f5c052-5630-48f4-9622-ccbf22bcb00d,Campaign 10,Phone,True,True,2023-09-25T12:33:51
0ea0755d-e014-48ba-9c44-5cb23fcb4025,5a236741-58ff-437c-95db-34736ab8ef00,Campaign 10,Social,False,True,2024-08-13T12:33:51
06b53837-ccae-408f-816d-ae7e8259b148,5a3058ad-95a1-48b5-a83c-345266568ace,Campaign 6,Phone,True,True,2024-05-23T12:33:51
c845fed0-5c07-4450-a908-e015886fbe2e,5a3058ad-95a1-48b5-a83c-345266568ace,Campaign 3,Email,True,True,2023-10-19T12:33:51
e0450826-1cf7-4117-8a59-ae74fd88fc77,5a3a608c-ef16-4de8-9db5-ecbcd7378b82,Campaign 2,Phone,True,False,2024-07-08T12:33:51
9e451f5c-055f-4972-8117-aaae3aa5b813,5a3a608c-ef16-4de8-9db5-ecbcd7378b82,Campaign 1,Email,True,False,2025-05-18T12:33:51
5edd5f35-9e6f-4610-a0bf-77174d2e0da0,5a3a608c-ef16-4de8-9db5-ecbcd7378b82,Campaign 10,Email,False,False,2024-07-12T12:33:51
5c6cb2dd-53e9-46eb-953b-ffbf19090578,5a54bd5e-bc08-4852-befc-cff0f7c2d3f9,Campaign 3,Phone,False,False,2025-01-19T12:33:51
7042c1de-0d3b-4247-8d41-289cf30e7344,5a68837c-e8f1-409d-beca-e7056de11d42,Campaign 3,Phone,True,False,2024-05-22T12:33:51
67626ab0-a338-4d56-813e-5a232200bdcd,5a68837c-e8f1-409d-beca-e7056de11d42,Campaign 4,SMS,False,True,2024-03-27T12:33:51
cb8def48-08dc-4e84-b5ad-83aae68d3c15,5a68837c-e8f1-409d-beca-e7056de11d42,Campaign 5,Phone,True,False,2025-04-13T12:33:51
4552ced8-4fb0-43b4-9beb-3fdb5da63c5a,5a6af3e9-c8bf-4b65-b599-3b3f4e2791e8,Campaign 3,SMS,True,False,2023-09-15T12:33:51
2ae20213-dd8f-4743-9765-a6146a270727,5a6af3e9-c8bf-4b65-b599-3b3f4e2791e8,Campaign 4,Phone,False,True,2023-10-16T12:33:51
e3e89cf4-f77b-4ad3-86de-29e451f68c1e,5a6af3e9-c8bf-4b65-b599-3b3f4e2791e8,Campaign 8,Email,True,False,2024-02-17T12:33:51
2675d2fe-9d34-4394-982a-900fe3eb86a2,5a6af3e9-c8bf-4b65-b599-3b3f4e2791e8,Campaign 5,Phone,False,False,2023-11-18T12:33:51
706cf000-c150-4b3b-88fd-183dd747a182,5aa9674a-cc4e-4cb9-a115-e65b515ca3e9,Campaign 9,Phone,False,True,2025-06-14T12:33:51
2cfca7a7-68f4-4bbc-a57c-7876027ecfef,5aa9674a-cc4e-4cb9-a115-e65b515ca3e9,Campaign 10,Email,False,True,2024-02-26T12:33:51
6505ea20-f66b-489c-b54a-42f7dd66a0de,5aa9674a-cc4e-4cb9-a115-e65b515ca3e9,Campaign 10,Social,False,True,2025-06-14T12:33:51
30905a89-f608-45b2-9bf0-cb45aa505109,5aa9674a-cc4e-4cb9-a115-e65b515ca3e9,Campaign 10,Phone,True,False,2024-08-13T12:33:51
0ea3ae9d-7e73-48dc-bc81-63ccd989ec53,5aa9674a-cc4e-4cb9-a115-e65b515ca3e9,Campaign 6,SMS,False,True,2025-04-10T12:33:51
00b0d782-740a-4996-880c-5736d21f7e4b,5ab17456-cc3d-456c-85a4-012e9d2ed334,Campaign 4,Social,False,True,2025-03-31T12:33:51
101439dc-2d9b-4207-92ed-eda136ac3c66,5ab17456-cc3d-456c-85a4-012e9d2ed334,Campaign 2,SMS,False,True,2024-12-09T12:33:51
9ba4d9d0-6741-42f3-9347-01879b8bfc92,5ab17456-cc3d-456c-85a4-012e9d2ed334,Campaign 4,Social,True,False,2024-01-12T12:33:51
6dc29c79-9b08-422d-956f-0713f06f39cb,5ab17456-cc3d-456c-85a4-012e9d2ed334,Campaign 5,SMS,True,False,2024-02-16T12:33:51
674f2cd8-aba8-467e-951f-e2fe2c96da39,5ab17456-cc3d-456c-85a4-012e9d2ed334,Campaign 3,Email,True,False,2024-10-02T12:33:51
36a8afbf-c8b0-4f1e-914d-9ac881c06ec7,5b549eb1-c718-48f5-9473-47108496af4c,Campaign 7,Email,False,True,2024-05-24T12:33:51
e0bf3888-bbe7-49fa-83c9-3269c2efc539,5b549eb1-c718-48f5-9473-47108496af4c,Campaign 7,Social,False,False,2024-02-19T12:33:51
d19a2514-0fa7-477e-9185-3faa92f81881,5bb4389f-a469-459e-8afe-14b348830d4d,Campaign 6,Phone,True,True,2023-09-28T12:33:51
25ed739b-9e42-4b14-a1df-3ccc2aacbdf4,5bf1d4e8-8915-43ad-b403-43b982f7a0de,Campaign 4,Email,False,True,2025-06-25T12:33:51
b3ca9b29-6cb1-492e-b50b-6d1a67b10261,5bfa193e-3b6a-4d5f-a14d-0d336056f764,Campaign 1,Phone,True,False,2025-06-18T12:33:51
51fc7424-5356-4fdf-a04c-2f27457bc82a,5bfa193e-3b6a-4d5f-a14d-0d336056f764,Campaign 2,SMS,True,True,2025-07-06T12:33:51
da7619bc-725d-48a9-80dc-b9154dabc523,5bfa193e-3b6a-4d5f-a14d-0d336056f764,Campaign 9,Phone,False,False,2025-03-07T12:33:51
5cbf9f58-94f2-4754-a498-b044b1793d8d,5bfa193e-3b6a-4d5f-a14d-0d336056f764,Campaign 4,SMS,True,True,2023-11-07T12:33:51
9e514c3d-6524-4ea2-9a52-6836affb3244,5bffdb65-9ad8-4439-b35c-f9ededfcac60,Campaign 6,Email,False,False,2023-09-08T12:33:51
0acd0e44-9b59-4e25-8fa8-0ecb9a92524c,5bffdb65-9ad8-4439-b35c-f9ededfcac60,Campaign 9,Email,True,False,2025-07-12T12:33:51
8e58b8a5-c3af-40ec-9170-ebef872f5040,5bffdb65-9ad8-4439-b35c-f9ededfcac60,Campaign 7,Social,True,True,2024-02-08T12:33:51
b9ba5c90-49dd-499e-8b9f-e7da36596b70,5c189619-0b00-4ad8-babf-febae683b101,Campaign 1,SMS,True,True,2025-07-04T12:33:51
c194001a-b64f-4f86-9da5-5670f6f6ff0a,5c189619-0b00-4ad8-babf-febae683b101,Campaign 8,SMS,True,True,2025-05-11T12:33:51
703421eb-0dd3-4298-b660-144a1bea5556,5c189619-0b00-4ad8-babf-febae683b101,Campaign 5,Social,False,False,2024-03-16T12:33:51
af9bba03-c5e8-428e-80c2-6132727181a6,5c2c81d8-3691-4654-b9c8-9d25c1f73b7d,Campaign 3,SMS,False,True,2025-03-16T12:33:51
361b5a67-465f-4f44-a2f7-174d5ff40705,5c2c81d8-3691-4654-b9c8-9d25c1f73b7d,Campaign 10,Email,True,True,2024-05-18T12:33:51
3f037794-3256-4e1b-85a4-a5dc11079f1a,5c2c81d8-3691-4654-b9c8-9d25c1f73b7d,Campaign 9,SMS,False,True,2025-07-09T12:33:51
524663dc-811c-40de-85d0-952219c3c11d,5c2c81d8-3691-4654-b9c8-9d25c1f73b7d,Campaign 1,Email,False,True,2024-07-24T12:33:51
5a4ce91c-71cc-4618-bd87-507b36e3d426,5c2c81d8-3691-4654-b9c8-9d25c1f73b7d,Campaign 3,SMS,True,False,2023-12-18T12:33:51
517bd149-ce62-41aa-9519-3dda54863843,5cbff725-e6e3-4c0d-a448-5718fcffcf0d,Campaign 4,SMS,False,False,2023-11-29T12:33:51
f947eff1-9ac6-40cc-8136-60e07ca3b1f5,5cbff725-e6e3-4c0d-a448-5718fcffcf0d,Campaign 9,Email,False,False,2024-08-30T12:33:51
c0eb1cf0-b7e0-4b6b-baa6-94b41dde4ff7,5cbff725-e6e3-4c0d-a448-5718fcffcf0d,Campaign 2,Email,False,False,2025-01-13T12:33:51
dcbdc1bd-a5e5-4809-af8c-1cc246480ce2,5cdd19df-9a02-4034-866f-f61249e4f911,Campaign 9,Phone,True,True,2025-08-19T12:33:51
55e4b25e-fe96-45e5-98e0-4341d083b16f,5cdd19df-9a02-4034-866f-f61249e4f911,Campaign 9,Email,False,False,2024-04-06T12:33:51
36a2c5c4-763f-4a5b-9edc-56b614c8ed77,5cdd19df-9a02-4034-866f-f61249e4f911,Campaign 9,Social,False,False,2023-10-11T12:33:51
d9df2f91-1136-4a7a-8750-4f9103ff2acc,5cdd19df-9a02-4034-866f-f61249e4f911,Campaign 1,SMS,True,True,2024-08-06T12:33:51
b1b15012-a1b5-42ed-9cda-4841f46a25bb,5d105a05-c355-4704-ac43-81e0b06b0d53,Campaign 3,Social,True,True,2023-12-09T12:33:51
42329392-18f2-4f21-a75c-9b17b73a4e37,5d4c5f97-c9c0-45e1-a1d9-a349d0300450,Campaign 1,Email,False,False,2024-12-16T12:33:51
2da3bc35-3173-44e0-88bb-2ee3d7d3e434,5d4c5f97-c9c0-45e1-a1d9-a349d0300450,Campaign 10,Email,True,False,2025-02-04T12:33:51
d6934f4c-9f3d-4cb2-8a52-b2f2594dfba0,5d5f83c4-3ca3-45e6-badf-12d8815734f8,Campaign 8,Social,True,True,2025-06-19T12:33:51
c5c949e9-bdfc-4024-8267-f12b8b8edbf8,5d5f83c4-3ca3-45e6-badf-12d8815734f8,Campaign 2,Email,True,False,2024-09-09T12:33:51
26d58a05-b56a-41c4-9366-6527a496737b,5db3f904-7c96-4a64-b33c-72c0bec0b119,Campaign 8,Phone,True,False,2024-06-09T12:33:51
d8bc5e9d-fb0a-438d-a82e-fcd5dfe67d58,5db8cd02-0d7b-4130-8f5a-1956ee454186,Campaign 10,SMS,True,False,2024-08-11T12:33:51
8880caf3-eead-4913-9b79-02d27addd90c,5db8cd02-0d7b-4130-8f5a-1956ee454186,Campaign 1,SMS,False,True,2025-05-19T12:33:51
0590e0b8-e454-4406-a75e-b9d0204edde7,5db8cd02-0d7b-4130-8f5a-1956ee454186,Campaign 7,Phone,False,False,2023-09-11T12:33:51
e2cc1027-7fdd-406e-97d5-b7ad9b2ed3a3,5db8cd02-0d7b-4130-8f5a-1956ee454186,Campaign 2,Phone,True,False,2024-01-08T12:33:51
ae17f3fe-8463-481f-9edc-6516999e6fa2,5db8cd02-0d7b-4130-8f5a-1956ee454186,Campaign 6,Social,False,True,2024-07-15T12:33:51
705b3cbf-d1dc-4072-b48e-e7dfe7f65377,5dd9057c-180f-40d3-b8aa-fa1548c839fd,Campaign 9,Phone,False,False,2024-01-31T12:33:51
ef552274-33a7-4c11-a6be-440b851a0192,5dd9057c-180f-40d3-b8aa-fa1548c839fd,Campaign 1,Social,False,False,2025-01-13T12:33:51
8fc2c801-1733-4217-a695-b2f56fdd45b9,5dd9057c-180f-40d3-b8aa-fa1548c839fd,Campaign 2,Social,False,True,2024-01-26T12:33:51
8f1d490d-0cf6-4649-90d2-4418a8dc81a6,5dd9057c-180f-40d3-b8aa-fa1548c839fd,Campaign 8,Phone,True,False,2024-08-20T12:33:51
bfbaa04a-731c-426f-9169-95a955da39f8,5e244042-2a1b-465a-9fda-40a65de7dc68,Campaign 6,Phone,True,True,2025-04-17T12:33:51
ee6eb5ac-f405-49a6-93ed-eac0a24000f0,5e244042-2a1b-465a-9fda-40a65de7dc68,Campaign 10,SMS,False,False,2024-04-21T12:33:51
0a6a9eb7-20ed-4a54-aa5b-5083cf9f80cb,5e360f2c-7b62-4891-b23a-7ca2a1cfceff,Campaign 7,Phone,False,True,2023-12-08T12:33:51
309b24dd-0e0f-4314-9798-530a30867fc6,5e360f2c-7b62-4891-b23a-7ca2a1cfceff,Campaign 3,Email,True,True,2023-09-05T12:33:51
697160e6-6def-45f1-9519-c7a911ab85cf,5e360f2c-7b62-4891-b23a-7ca2a1cfceff,Campaign 4,SMS,False,False,2024-08-02T12:33:51
fd024c5a-a1de-4d24-80e8-529ae7fcf2a6,5e360f2c-7b62-4891-b23a-7ca2a1cfceff,Campaign 7,Email,True,False,2024-06-09T12:33:51
50df203c-64be-4d97-9335-b2f67dbde47d,5e360f2c-7b62-4891-b23a-7ca2a1cfceff,Campaign 8,Phone,False,False,2024-06-21T12:33:51
5878cc72-8cce-447b-90e3-7ee85018fe81,5e65e17c-6ea3-4309-af4a-8d8c6e69ae4e,Campaign 10,Email,True,False,2024-11-25T12:33:51
5f4d91b1-ef5b-44b0-b2d0-6aa8064831d3,5e65e17c-6ea3-4309-af4a-8d8c6e69ae4e,Campaign 1,SMS,False,False,2024-05-21T12:33:51
51d92434-07f3-4267-a3ff-ac017d6740cb,5eb8461a-8ae7-4adc-86f4-5d46d112d814,Campaign 10,Phone,False,False,2024-09-05T12:33:51
20da611f-015d-4376-a567-8f7e2baad96f,5eb8461a-8ae7-4adc-86f4-5d46d112d814,Campaign 7,Phone,False,False,2024-10-21T12:33:51
d481ab6d-d764-47db-9e46-fc58278e0e4b,5edf4a5d-2c85-49a9-bf47-c8ca7b680251,Campaign 9,Social,True,True,2024-12-04T12:33:51
2518fe91-fe0e-4ccf-ae29-cbf2b72068a9,5edf4a5d-2c85-49a9-bf47-c8ca7b680251,Campaign 10,Social,True,True,2024-09-13T12:33:51
2d05c0db-403b-4e83-9463-1c8f59b2fa39,5edf4a5d-2c85-49a9-bf47-c8ca7b680251,Campaign 4,Email,False,True,2025-03-20T12:33:51
d02cdf8a-e131-43ad-aea1-55130a21ecbc,5edf4a5d-2c85-49a9-bf47-c8ca7b680251,Campaign 8,Phone,False,False,2024-08-30T12:33:51
ed53fdfc-7ecb-45d7-b4f9-57dd5821cb9f,5edf4a5d-2c85-49a9-bf47-c8ca7b680251,Campaign 5,SMS,False,False,2025-06-08T12:33:51
6e1d5599-b47f-417d-a383-adb204504c3c,5f204ee6-c1b2-458f-861a-c8eb262f1424,Campaign 5,Email,False,False,2024-01-17T12:33:51
b1419de4-a77c-4302-813b-3633bced9a01,5f8a6ea4-f0a2-4b98-bbbc-3503bb1d120f,Campaign 6,Phone,True,True,2024-05-19T12:33:51
d3e39416-8fac-4860-920a-20466bd9ac36,5f8a6ea4-f0a2-4b98-bbbc-3503bb1d120f,Campaign 2,Email,False,False,2024-01-04T12:33:51
6278ddd3-b8b1-4023-8cd5-210442338487,5f8a6ea4-f0a2-4b98-bbbc-3503bb1d120f,Campaign 7,Social,True,False,2023-12-04T12:33:51
9c151ca9-fe3f-4908-9dd1-fa4a5113a217,5fb259d8-e6d5-4936-9b98-980021c0cc83,Campaign 8,Social,False,False,2025-02-25T12:33:51
36a2c950-a5ad-46d2-aa29-008139cf2388,5fb259d8-e6d5-4936-9b98-980021c0cc83,Campaign 8,SMS,True,True,2025-06-15T12:33:51
97250516-1350-4b61-bfbe-cecfba9d0392,5fb259d8-e6d5-4936-9b98-980021c0cc83,Campaign 3,Social,True,True,2025-04-30T12:33:51
4df48765-fc0c-442d-8e74-fde22ec11a54,5fb259d8-e6d5-4936-9b98-980021c0cc83,Campaign 3,Phone,False,True,2025-03-27T12:33:51
568573c5-afe0-423f-a983-a65a2af14469,5fb259d8-e6d5-4936-9b98-980021c0cc83,Campaign 8,Email,False,False,2024-11-30T12:33:51
35bdd9e9-9835-45a8-9ef6-fd9b4e57eac0,5fb9a25a-eb75-4b6c-a18e-c24256c3cb98,Campaign 4,Email,True,True,2024-10-11T12:33:51
e51183db-2e06-452e-b9cc-93755bc8d5fc,5fb9a25a-eb75-4b6c-a18e-c24256c3cb98,Campaign 2,SMS,True,True,2023-09-20T12:33:51
2d738fae-1753-474b-8c0d-79c7090064c8,5fb9a25a-eb75-4b6c-a18e-c24256c3cb98,Campaign 10,Phone,True,True,2024-01-07T12:33:51
a24a5971-55d1-4dc4-8ce0-782533f1bf6b,5fb9a25a-eb75-4b6c-a18e-c24256c3cb98,Campaign 2,Email,True,True,2025-01-02T12:33:51
dd2a5329-2dea-434b-8705-f2b014303a4f,5ff360de-20b4-4ebb-9e3c-cf0d0a7bc0b2,Campaign 7,Phone,True,True,2024-12-02T12:33:51
67d560c5-18c9-4011-82ef-2c9a0f86f6a1,5ff360de-20b4-4ebb-9e3c-cf0d0a7bc0b2,Campaign 8,Email,False,True,2024-02-09T12:33:51
c93ae5c8-50e0-4140-82fd-bf0c42b5b28a,5ff360de-20b4-4ebb-9e3c-cf0d0a7bc0b2,Campaign 10,Social,False,False,2024-09-30T12:33:51
830e8f4b-cfcf-443e-81ac-1558f86e6bd0,6015006c-88b1-437c-aad8-984340ececa5,Campaign 9,Social,False,True,2025-02-12T12:33:51
a5dba91a-f2f1-40d3-a7e5-2d29e990428a,604ba0df-e51e-4a29-a32f-c12009497e01,Campaign 4,Email,True,False,2024-05-05T12:33:51
a766b584-0e8c-4dbb-8f38-5e34066cf3b1,604ba0df-e51e-4a29-a32f-c12009497e01,Campaign 9,Social,False,True,2024-11-07T12:33:51
81b8023a-718c-4322-b8c3-b50eee11230b,604ba0df-e51e-4a29-a32f-c12009497e01,Campaign 6,Email,True,False,2025-02-08T12:33:51
5e17d97e-f856-4c4e-80ed-61384f1c9a1d,604dc94b-2c0d-4310-a30b-26a06f8e7bab,Campaign 9,SMS,False,True,2025-07-14T12:33:51
ee0947de-4bc6-4a69-81fb-d5150329753a,604dc94b-2c0d-4310-a30b-26a06f8e7bab,Campaign 9,Social,False,True,2024-08-15T12:33:51
9e02d71c-910b-408d-9d0f-bbb8b18f55a0,604dc94b-2c0d-4310-a30b-26a06f8e7bab,Campaign 10,Email,False,False,2025-01-21T12:33:51
b950569e-cd90-4d22-8352-6f50e99d2abe,604dc94b-2c0d-4310-a30b-26a06f8e7bab,Campaign 9,Email,False,True,2025-07-15T12:33:51
6612b39b-3df7-4253-8627-7c2669dc3cee,604dc94b-2c0d-4310-a30b-26a06f8e7bab,Campaign 8,Email,True,False,2023-12-24T12:33:51
5487009b-c497-415b-b6fd-8bffc008f869,606b64c6-a910-4659-b126-7c1b934e9978,Campaign 10,SMS,True,True,2023-11-01T12:33:51
6dc14961-9ca1-4984-a920-7af4e9d6fe61,606b64c6-a910-4659-b126-7c1b934e9978,Campaign 9,Social,False,True,2024-06-14T12:33:51
355214f9-f24a-470b-980b-b09fad1909aa,606b64c6-a910-4659-b126-7c1b934e9978,Campaign 9,Social,False,False,2023-09-12T12:33:51
27b37f63-098d-4c93-af2d-907d0493c700,606b64c6-a910-4659-b126-7c1b934e9978,Campaign 7,Phone,False,False,2023-11-02T12:33:51
111a4228-9e83-470b-acdd-4b8b572323a6,607037de-aa34-4b72-91a0-ebee3256f2f8,Campaign 6,Email,True,True,2025-02-04T12:33:51
8de833de-4239-425f-998b-a12e56ff30a6,607037de-aa34-4b72-91a0-ebee3256f2f8,Campaign 10,SMS,False,False,2025-03-26T12:33:51
ed5988ae-0e3e-4cd7-ae4e-bd74b7f6e2ca,607037de-aa34-4b72-91a0-ebee3256f2f8,Campaign 9,SMS,True,False,2024-07-31T12:33:51
96ab7764-1788-4532-940b-915c4de3ad3c,607037de-aa34-4b72-91a0-ebee3256f2f8,Campaign 10,Social,False,True,2023-10-24T12:33:51
2ce1871e-2288-4585-9b7f-a896af111839,607037de-aa34-4b72-91a0-ebee3256f2f8,Campaign 8,Social,False,False,2024-03-15T12:33:51
ae91c639-d9c1-455d-bacc-8972bc268fc6,608ac43e-ed0b-4f70-bbc4-3246df894656,Campaign 9,Social,True,False,2024-08-10T12:33:51
be29a131-f3e4-4ebe-affc-8be689a751b2,608ac43e-ed0b-4f70-bbc4-3246df894656,Campaign 6,Email,True,False,2024-02-09T12:33:51
f7168fb9-01cd-470a-875f-259e205b332d,608ac43e-ed0b-4f70-bbc4-3246df894656,Campaign 6,SMS,True,True,2023-11-29T12:33:51
3f0a49f4-f74d-4943-bdfa-cf988f14c627,608ac43e-ed0b-4f70-bbc4-3246df894656,Campaign 10,SMS,False,False,2024-11-15T12:33:51
41a5dc75-1a40-4ff1-8a07-41ee79c3ff9c,608ac43e-ed0b-4f70-bbc4-3246df894656,Campaign 2,Phone,True,False,2024-02-17T12:33:51
c1e0c323-195d-4e13-9837-4bf9c65357a1,60a9a331-4869-41b3-860a-e5a9a0518f55,Campaign 2,SMS,False,True,2025-07-01T12:33:51
18aa99fd-e827-4462-af89-e21de44803de,60a9a331-4869-41b3-860a-e5a9a0518f55,Campaign 1,SMS,True,True,2025-07-23T12:33:51
2822bef2-e27a-428b-82d0-8fcfc1c6e120,60ad3b01-6542-4e4e-b715-36d7cc9539ae,Campaign 10,SMS,True,False,2024-07-09T12:33:51
f7330a9f-5649-4f08-8bf8-28c36c1990c2,610fd4a2-07da-4385-80cd-34cedcb463ae,Campaign 9,Email,True,True,2025-07-13T12:33:51
b9ad9fdd-95a4-4b5d-b689-4085fd7c2649,610fd4a2-07da-4385-80cd-34cedcb463ae,Campaign 8,SMS,True,False,2024-01-31T12:33:51
20a50e30-261b-4252-ab10-0ec313a5c8e6,610fd4a2-07da-4385-80cd-34cedcb463ae,Campaign 5,Phone,False,False,2024-01-07T12:33:51
c658685d-f7f0-450c-ae70-7a46a6cdd1a3,610fd4a2-07da-4385-80cd-34cedcb463ae,Campaign 1,SMS,True,False,2024-04-27T12:33:51
728a92cd-12e0-4276-b908-05d488af7d56,610fd4a2-07da-4385-80cd-34cedcb463ae,Campaign 10,Social,True,True,2024-10-18T12:33:51
0288aa38-64ef-408d-845a-338f65d1513b,6113893f-d658-4d82-9c79-96b64b4063a9,Campaign 2,Email,True,False,2025-04-07T12:33:51
9040c72b-8a0d-4b4e-8011-b375e9a15d7b,6113893f-d658-4d82-9c79-96b64b4063a9,Campaign 4,SMS,True,True,2024-06-12T12:33:51
4c34c5d4-d8b6-4604-bd16-44e8862a6db0,6113893f-d658-4d82-9c79-96b64b4063a9,Campaign 4,Email,True,True,2025-07-04T12:33:51
014b8e3b-fa61-4e67-a4ac-1d4791686f39,613675aa-9e33-4d93-89a2-22f0d4207036,Campaign 4,SMS,False,True,2025-07-15T12:33:51
9c8be0e0-27f0-439e-9034-e55a7c707651,613675aa-9e33-4d93-89a2-22f0d4207036,Campaign 10,Social,True,False,2025-04-13T12:33:51
1704c3d8-f546-4a9f-a67d-4d7f68c656e1,61965c1a-c8c8-4f22-a1a5-7f09019c8779,Campaign 6,Phone,True,False,2024-08-21T12:33:51
1f8b6cbb-1d7a-4c40-91fc-f22cb0daa5a2,61965c1a-c8c8-4f22-a1a5-7f09019c8779,Campaign 2,SMS,False,False,2023-09-17T12:33:51
c2ba9830-b322-4bad-ad64-b6a58f8283f6,61965c1a-c8c8-4f22-a1a5-7f09019c8779,Campaign 6,Phone,True,False,2024-01-07T12:33:51
2b829300-1e24-4efa-b38c-354995f8f95a,61965c1a-c8c8-4f22-a1a5-7f09019c8779,Campaign 3,Social,False,False,2025-06-30T12:33:51
6c2438e0-5a43-4833-8f04-b6237c79f102,61bf640d-ef78-49cc-bb4f-c9d045902a58,Campaign 9,Social,True,True,2025-03-02T12:33:51
b5985a5f-c75a-446b-8fcb-c2756d48f1ac,61bf640d-ef78-49cc-bb4f-c9d045902a58,Campaign 5,Email,False,True,2024-05-14T12:33:51
a0dc45c5-e3c2-4df6-87c3-1cc1aa08d4db,6202aa3b-54a5-4396-977f-2189ebf144ca,Campaign 4,Phone,False,False,2023-12-08T12:33:51
24e0c8de-5fcb-4a93-8a08-b48ae9378f1d,6202aa3b-54a5-4396-977f-2189ebf144ca,Campaign 1,SMS,True,False,2024-05-01T12:33:51
58443a56-d2c5-4c70-a3ae-b074f9cb6342,6202aa3b-54a5-4396-977f-2189ebf144ca,Campaign 6,SMS,True,False,2025-05-07T12:33:51
123494ef-ad24-4aeb-96a1-c77bbf8cd043,62372212-29f8-4612-adcf-69c1cb51644d,Campaign 5,Email,True,True,2023-11-25T12:33:51
d70a7565-ce75-4f49-a588-992b6b69e346,62372212-29f8-4612-adcf-69c1cb51644d,Campaign 5,Email,True,False,2025-04-05T12:33:51
c90f665c-0f12-41de-86b9-ad4916155d02,62372212-29f8-4612-adcf-69c1cb51644d,Campaign 10,SMS,True,False,2023-11-07T12:33:51
d7be58f5-e572-4a10-ad20-59ec6d49959b,6248b1f5-8416-4f6d-bf30-f6290115b1f6,Campaign 8,Phone,True,False,2024-06-29T12:33:51
d433a35f-31e9-49b7-872c-5539f743190d,6248b1f5-8416-4f6d-bf30-f6290115b1f6,Campaign 5,Email,True,False,2025-03-17T12:33:51
b8e06264-9353-4123-b7d9-04eaadca49cd,6260938d-2e34-4d0f-a368-9b96bdf99ce5,Campaign 9,SMS,True,True,2024-05-23T12:33:51
2f08484e-9603-4171-9d71-46d24bbb242c,6260938d-2e34-4d0f-a368-9b96bdf99ce5,Campaign 2,Email,False,False,2024-06-29T12:33:51
b68858bd-f59b-40ba-b8f2-8a687a2ddbbd,6260938d-2e34-4d0f-a368-9b96bdf99ce5,Campaign 10,SMS,True,True,2024-05-15T12:33:51
b5cc3748-6287-4cf6-a642-8d3872fc4b36,6260938d-2e34-4d0f-a368-9b96bdf99ce5,Campaign 3,Email,False,True,2024-11-28T12:33:51
647a1fea-ec78-4d37-99f3-775578f58524,6260938d-2e34-4d0f-a368-9b96bdf99ce5,Campaign 7,SMS,True,True,2024-02-11T12:33:51
77c682bd-3bf9-4879-a150-d00c80be4c23,62746641-bb9b-43f0-bb85-9c891f463a98,Campaign 7,Email,False,False,2025-02-08T12:33:51
f0e4a81e-aa2e-44b6-9908-a179f0c1d082,62746641-bb9b-43f0-bb85-9c891f463a98,Campaign 1,Email,False,True,2024-07-09T12:33:51
5269f921-5c06-4ab5-8a38-0a13b1d21ef4,627dc70b-1d3d-47be-920f-fb42d68c054e,Campaign 5,Social,False,True,2025-04-29T12:33:51
6679b109-8071-4f66-a7be-82de2084e1ae,627dc70b-1d3d-47be-920f-fb42d68c054e,Campaign 10,Email,True,True,2024-02-15T12:33:51
656bc489-abab-47f2-a54c-894efb02b3a9,627dc70b-1d3d-47be-920f-fb42d68c054e,Campaign 1,Social,False,True,2024-02-11T12:33:51
f794f429-1a43-4480-8872-44ee0fc48a02,627dc70b-1d3d-47be-920f-fb42d68c054e,Campaign 6,Email,True,True,2025-07-02T12:33:51
66443f4a-b7ca-40bd-b1fe-4ebec5b30d26,627dc70b-1d3d-47be-920f-fb42d68c054e,Campaign 4,Social,False,False,2025-02-28T12:33:51
27085e8a-47ba-42a9-a630-7a57638e5458,629a4a42-e94f-4cfd-9dad-9d766c82fd62,Campaign 1,Social,False,False,2024-10-23T12:33:51
24304d51-9cf2-448f-8b44-2ebc05608a46,62ed2ab1-dbcb-4c58-9a45-1c0b7abc0e02,Campaign 1,SMS,True,True,2025-07-09T12:33:51
6fc4de72-920d-4b35-98f4-2c4aa3334c27,62ed2ab1-dbcb-4c58-9a45-1c0b7abc0e02,Campaign 2,Social,False,True,2023-12-14T12:33:51
94d7ec45-71ad-47d2-b814-91747f0a8924,62ed2ab1-dbcb-4c58-9a45-1c0b7abc0e02,Campaign 10,Phone,False,True,2025-06-23T12:33:51
70d5ff7e-207b-4b16-ad73-c900c34bfba7,62ed2ab1-dbcb-4c58-9a45-1c0b7abc0e02,Campaign 10,Phone,True,False,2025-07-10T12:33:51
3347d339-da05-483a-842d-045888fba01a,62ed2ab1-dbcb-4c58-9a45-1c0b7abc0e02,Campaign 5,Phone,True,True,2023-12-19T12:33:51
8ce7cce3-9a65-47cf-88a9-bd084460a935,62f9eca1-1392-48d3-8676-35afc59113a3,Campaign 10,Social,False,False,2025-08-07T12:33:51
fede46c7-0380-4b3b-ae3d-6b3666adb041,62f9eca1-1392-48d3-8676-35afc59113a3,Campaign 2,SMS,True,False,2024-04-16T12:33:51
a45aab69-c89e-466b-af81-ca3b990d5105,62f9eca1-1392-48d3-8676-35afc59113a3,Campaign 10,Social,True,False,2024-04-04T12:33:51
873d2e00-d284-4b8c-a323-ef5cefef6dbf,6329aed8-1ab9-4f1b-bc8c-a1659190fe6d,Campaign 3,SMS,True,True,2024-01-07T12:33:51
2d3669e4-9eff-4ab2-8673-f1cbafceefcb,6329aed8-1ab9-4f1b-bc8c-a1659190fe6d,Campaign 1,Phone,True,True,2024-08-07T12:33:51
e52d76e1-4514-49e1-a794-2802d1058518,6329aed8-1ab9-4f1b-bc8c-a1659190fe6d,Campaign 1,Email,False,True,2024-07-09T12:33:51
3d3cc0ea-5f19-4f40-a6b8-20b8acdef3c8,633bfd40-4b6b-4030-9427-13303c15dc98,Campaign 7,SMS,True,True,2024-06-04T12:33:51
bbfdb866-e145-4206-b2ed-2a7b5f33d50a,633bfd40-4b6b-4030-9427-13303c15dc98,Campaign 5,SMS,True,True,2025-01-29T12:33:51
66cfdb11-0354-4217-92e1-3d4c5feb5e17,633bfd40-4b6b-4030-9427-13303c15dc98,Campaign 10,SMS,False,True,2024-11-09T12:33:51
ec228b05-0a95-4859-9f00-50041556b359,6355eb46-7f5f-4e4c-bd98-505a14d9ff8a,Campaign 9,SMS,True,True,2024-06-05T12:33:51
4fa6643e-1e09-4a6c-b9da-b9232e719f89,6355eb46-7f5f-4e4c-bd98-505a14d9ff8a,Campaign 1,Phone,True,False,2025-04-05T12:33:51
3ec14401-505c-4825-bd4f-87c81da2a392,6355eb46-7f5f-4e4c-bd98-505a14d9ff8a,Campaign 1,Email,False,True,2025-04-10T12:33:51
126b8e3a-1be2-40e1-93f1-94a507c2dd00,63588d8c-9742-4587-8acf-a57b84686044,Campaign 1,SMS,False,True,2024-07-30T12:33:51
ad6633c9-193e-473c-82d0-ec36914912d8,63588d8c-9742-4587-8acf-a57b84686044,Campaign 7,Social,False,True,2024-07-09T12:33:51
7861876c-2acb-4da5-a264-06725c56496a,63588d8c-9742-4587-8acf-a57b84686044,Campaign 1,SMS,True,False,2023-10-29T12:33:51
5fa1ef95-f178-4277-8749-6572a9afb3d4,63588d8c-9742-4587-8acf-a57b84686044,Campaign 9,Phone,False,True,2023-09-13T12:33:51
e6b0467e-ae04-42e5-924a-b58d12c7069d,6390d174-8172-42b6-8cf6-8bac9c4ed5c9,Campaign 10,Phone,False,True,2024-05-08T12:33:51
d58507bb-83dc-4221-bab4-3d08e5ebac3e,6390d174-8172-42b6-8cf6-8bac9c4ed5c9,Campaign 3,Social,False,False,2024-06-23T12:33:51
48e136f7-2f25-410a-831b-9501fe2871bd,6390d174-8172-42b6-8cf6-8bac9c4ed5c9,Campaign 3,Social,True,False,2024-12-25T12:33:51
05f6b5a9-368c-4c15-9740-0679f92c31d6,6390d174-8172-42b6-8cf6-8bac9c4ed5c9,Campaign 5,Phone,True,True,2024-10-07T12:33:51
ea6932e0-ba67-4f1e-9bf9-caeaec5037d4,63b1ff75-692f-4101-af16-96c02d92a449,Campaign 7,Email,False,False,2023-12-31T12:33:51
38eccfb0-08ed-49e5-a499-f43c158c317b,63b1ff75-692f-4101-af16-96c02d92a449,Campaign 8,SMS,True,True,2025-05-09T12:33:51
088934a7-d352-42c4-ae4e-f630f42315d2,63b1ff75-692f-4101-af16-96c02d92a449,Campaign 8,Social,False,False,2025-05-01T12:33:51
83c0620c-7c6c-4e6f-ab2a-f13887c96a51,63b1ff75-692f-4101-af16-96c02d92a449,Campaign 5,Email,False,False,2025-07-22T12:33:51
b810d986-e4ea-4405-9dc5-2f7e6cbfdacc,63b1ff75-692f-4101-af16-96c02d92a449,Campaign 6,Phone,False,True,2024-11-14T12:33:51
3d6a0e80-837f-425f-9dba-112fb408b2d2,63c7c62c-a2c8-4036-929a-d12e07067949,Campaign 5,SMS,True,False,2024-08-12T12:33:51
d230243f-26bb-44ed-a123-9f63f602093f,63c7c62c-a2c8-4036-929a-d12e07067949,Campaign 10,Social,False,False,2024-04-17T12:33:51
092f9c3b-5153-4132-8860-b80bd31abd84,63c7c62c-a2c8-4036-929a-d12e07067949,Campaign 10,Phone,True,False,2023-11-26T12:33:51
ab3e32bf-3947-4781-b61c-3e9b8cead815,63c7c62c-a2c8-4036-929a-d12e07067949,Campaign 3,Email,True,False,2023-10-09T12:33:51
e09c8a9e-0479-4a22-a682-5b5aa0ba55e8,6402defd-144b-45fb-a5cc-8ff168b4db9a,Campaign 3,Email,True,False,2024-07-18T12:33:51
38ac82ba-a0c3-4ba4-8451-76f44c92ba4b,6402defd-144b-45fb-a5cc-8ff168b4db9a,Campaign 9,SMS,False,True,2023-12-15T12:33:51
6a3435ad-22e8-4ad7-a823-255a8750429b,641cb4e7-c12b-4313-9773-fed24aeb5112,Campaign 3,SMS,True,False,2025-02-08T12:33:51
dc83853a-6ed2-41f2-8ac5-4f82094b8c3f,641cb4e7-c12b-4313-9773-fed24aeb5112,Campaign 1,Phone,False,False,2025-06-06T12:33:51
65ead797-958a-42a4-b2bc-c0499da318fb,641cb4e7-c12b-4313-9773-fed24aeb5112,Campaign 7,Phone,False,False,2024-03-27T12:33:51
e498110a-965e-4d56-938d-4dc51b27c1b4,641cb4e7-c12b-4313-9773-fed24aeb5112,Campaign 9,SMS,True,False,2024-11-28T12:33:51
08f6481d-8a3a-4604-afd4-4f5d9fa7856c,641cb4e7-c12b-4313-9773-fed24aeb5112,Campaign 4,Email,True,False,2024-10-08T12:33:51
efbc1633-3262-41d7-b183-a8e8cdf71c48,6421c5a3-431a-4987-9bf3-965132b32b1a,Campaign 9,Email,False,False,2025-06-07T12:33:51
0a18f2c7-0462-4178-a1cc-aefb18fecf29,642e1fd5-523b-4ed1-8d60-05cb21eb580f,Campaign 7,Social,False,False,2024-06-16T12:33:51
b8297872-5cd5-46bd-acd0-2105401780e1,642e1fd5-523b-4ed1-8d60-05cb21eb580f,Campaign 4,Phone,False,True,2024-07-05T12:33:51
8e4de32a-d43c-40a1-aef9-8838dbb5e717,642e1fd5-523b-4ed1-8d60-05cb21eb580f,Campaign 9,SMS,True,True,2025-08-26T12:33:51
384057a1-7eb5-4edf-8531-31584cc51ba8,645e562b-a3e8-4035-8395-689d82cdf816,Campaign 8,Email,True,True,2024-01-25T12:33:51
7a969488-1f47-4fc6-9c90-e1052f872060,645e562b-a3e8-4035-8395-689d82cdf816,Campaign 1,Social,True,True,2024-12-05T12:33:51
9297d5c3-725c-4511-b5f2-5fd15609d618,64658650-5d37-43db-90ea-04abd528aeee,Campaign 8,Phone,False,True,2025-03-17T12:33:51
2a969525-1657-471d-859f-9f3d760f2401,64658650-5d37-43db-90ea-04abd528aeee,Campaign 6,Email,True,False,2025-02-27T12:33:51
a7a73e7c-4c48-4a61-8186-f4f3bde8c0b5,64658650-5d37-43db-90ea-04abd528aeee,Campaign 1,Email,False,False,2024-10-14T12:33:51
58678d99-c01a-426f-8712-069ce0789960,6483b977-3196-4078-b5e0-d231fd771360,Campaign 4,SMS,False,True,2023-11-08T12:33:51
f4fdeb08-4cad-4244-9d4c-0d669a9103bd,6483b977-3196-4078-b5e0-d231fd771360,Campaign 6,SMS,True,True,2024-11-30T12:33:51
9d43b5d6-0974-44a7-afe8-1b52af9e47f4,6483b977-3196-4078-b5e0-d231fd771360,Campaign 9,SMS,False,False,2023-12-02T12:33:51
2ca9a02e-f038-42e8-95c4-05fb5e10645a,6483b977-3196-4078-b5e0-d231fd771360,Campaign 1,SMS,False,False,2024-03-31T12:33:51
56a9657a-e45e-49b7-851f-881cfc6a3f17,64c75673-577f-4a4e-b5e5-6ad274e0b3db,Campaign 2,SMS,False,True,2024-09-25T12:33:51
04db76b8-a40a-4e91-86dd-ce6d230fdddc,64c75673-577f-4a4e-b5e5-6ad274e0b3db,Campaign 6,SMS,False,True,2025-08-05T12:33:51
9d58808b-0bf3-4a52-b8ca-836c211787b0,64c75673-577f-4a4e-b5e5-6ad274e0b3db,Campaign 10,SMS,True,False,2024-09-26T12:33:51
5ce39f2f-75ab-4866-bccb-e1adf08decad,64fa859e-c631-4a55-b9a2-851238e4c30b,Campaign 5,Social,True,True,2025-04-06T12:33:51
2db39bfe-c268-4c8d-a8d7-674ba433a248,64fa859e-c631-4a55-b9a2-851238e4c30b,Campaign 9,Social,False,True,2024-04-22T12:33:51
7cca10d3-7311-48fa-b511-9d61b132b6ff,65091c58-9a4e-4f16-9207-0ff2caec896e,Campaign 7,Email,True,True,2024-08-27T12:33:51
5c974586-46c8-4456-bd94-b3b7770655eb,650ae2fa-1154-4dfd-93b6-322fc8dc0aaa,Campaign 6,Email,True,False,2024-03-07T12:33:51
7387a0ab-5860-4fe0-ac6e-4e4062d17478,65192c5d-98ee-4529-b43a-2610de2a0b18,Campaign 1,SMS,False,True,2024-09-19T12:33:51
a8e7f5b7-6e38-400b-a8ac-ef97cd614922,65192c5d-98ee-4529-b43a-2610de2a0b18,Campaign 8,Phone,True,False,2025-03-14T12:33:51
193a60fe-21e6-42f1-9029-00d327ef05dd,65192c5d-98ee-4529-b43a-2610de2a0b18,Campaign 3,Social,True,True,2025-01-28T12:33:51
2a91322b-38c7-4e3c-9ed8-68014227be37,65192c5d-98ee-4529-b43a-2610de2a0b18,Campaign 2,Phone,False,True,2024-04-28T12:33:51
bf73a09f-9bd9-4859-ba0f-8289136997da,6522c11f-1206-4ee3-827e-1e0484aa132c,Campaign 2,SMS,True,True,2023-12-27T12:33:51
43ce58d3-5a37-4f5b-9967-d3fa3b7ba315,6522c11f-1206-4ee3-827e-1e0484aa132c,Campaign 1,Phone,False,False,2025-06-24T12:33:51
d68e2a53-c4b1-49fc-8a45-d1136031dcba,652c3e1b-0b12-4469-a5ac-5b123617766e,Campaign 3,Social,True,False,2025-01-05T12:33:51
aa8e1d1a-478d-4253-a67a-92f942319aae,652c3e1b-0b12-4469-a5ac-5b123617766e,Campaign 7,Social,False,False,2024-05-14T12:33:51
e3239646-c667-48bf-be7e-b8a15fef4120,652c3e1b-0b12-4469-a5ac-5b123617766e,Campaign 9,Email,True,False,2025-01-13T12:33:51
e7aca05b-27e7-40d7-a053-f9ea640921d4,652c3e1b-0b12-4469-a5ac-5b123617766e,Campaign 6,Phone,True,True,2023-12-27T12:33:51
7942c586-d117-4ef5-a168-b26a26c81244,652c3e1b-0b12-4469-a5ac-5b123617766e,Campaign 1,SMS,False,False,2024-05-07T12:33:51
1dbcbdef-0ae6-4538-b03f-888961e8688b,656db031-4b53-4d6c-ab60-a008ad0e1b33,Campaign 5,Social,False,True,2023-11-21T12:33:51
cfb0df04-11da-48e3-af47-e40fa8aa1f1b,656db031-4b53-4d6c-ab60-a008ad0e1b33,Campaign 1,SMS,False,False,2024-08-22T12:33:51
53a28439-706f-435e-903c-ad43e90710c7,65885ed0-ea50-4ad4-95e6-3240fd6625e6,Campaign 9,Social,False,True,2024-05-16T12:33:51
e9dfa4cc-01bf-46f5-a9ec-aad8350856f5,65885ed0-ea50-4ad4-95e6-3240fd6625e6,Campaign 8,Social,True,True,2025-06-10T12:33:51
6107efb5-34d1-4ff1-bca0-57ea1317c821,65885ed0-ea50-4ad4-95e6-3240fd6625e6,Campaign 9,Email,True,True,2025-02-03T12:33:51
60607255-770e-4298-92ed-e70ddd6c0247,65885ed0-ea50-4ad4-95e6-3240fd6625e6,Campaign 5,Email,False,False,2024-11-10T12:33:51
8b42a269-6b3e-4ed0-9bc1-6a0a66ed816c,65885ed0-ea50-4ad4-95e6-3240fd6625e6,Campaign 8,Social,False,False,2024-07-06T12:33:51
50ab91e7-d109-4ead-9cb9-3e1c9b41830e,65b35da8-73c2-4302-8314-96621401ae8a,Campaign 10,Social,True,True,2024-12-12T12:33:51
80c923a0-5e20-42ed-8829-c05bbe823c1c,65b35da8-73c2-4302-8314-96621401ae8a,Campaign 1,Social,False,True,2024-01-29T12:33:51
6f51042e-7629-46b1-abb7-512019b213bf,65cc244f-f8ba-4e7b-9040-62b2da2533c7,Campaign 3,Social,False,True,2024-03-06T12:33:51
fa221f47-8e8a-44f0-b72c-7019a0597d65,65cc244f-f8ba-4e7b-9040-62b2da2533c7,Campaign 7,Email,True,True,2024-04-20T12:33:51
aaba01e4-cdae-47df-b2dd-a67845928818,65cc244f-f8ba-4e7b-9040-62b2da2533c7,Campaign 6,Phone,True,True,2024-10-04T12:33:51
02be63ef-a73a-4d92-bdc3-5e80f6122ded,65cc244f-f8ba-4e7b-9040-62b2da2533c7,Campaign 9,Social,True,True,2024-11-11T12:33:51
744e53c4-e97c-4fd3-b98e-dc7e096bc1e3,65cf1611-969e-42f2-856a-b3178c362dad,Campaign 1,SMS,True,True,2024-08-30T12:33:51
3cbb9be2-32da-4796-9aaf-fda321719e2d,65cf1611-969e-42f2-856a-b3178c362dad,Campaign 10,Phone,False,True,2025-06-07T12:33:51
5239e3b8-736f-4a9f-a95b-1d83af729f95,65cf1611-969e-42f2-856a-b3178c362dad,Campaign 1,SMS,True,False,2024-01-05T12:33:51
8b001ba1-68fe-4bba-b88a-11a59d36b61a,65d3d040-2a09-4e55-907d-f4e05106e7ac,Campaign 7,Phone,True,True,2024-02-11T12:33:51
f465deac-411e-4d4f-b2d5-a3f4260eeab1,65d3d040-2a09-4e55-907d-f4e05106e7ac,Campaign 4,Email,True,True,2025-01-19T12:33:51
8a505b20-a1dc-46c6-b658-f0e04e8b492e,65d3d040-2a09-4e55-907d-f4e05106e7ac,Campaign 9,SMS,True,False,2024-04-14T12:33:51
9366c61b-7dfb-4412-b659-69fa1ab5e892,65d3d040-2a09-4e55-907d-f4e05106e7ac,Campaign 6,Email,False,True,2025-03-18T12:33:51
97d8a186-b257-441a-894c-e0ede4fd8533,65dc13fb-44da-4b9d-b210-da6be27c0965,Campaign 6,Email,False,True,2023-09-29T12:33:51
9d497bcc-cf32-4731-8368-45b1b87f2d97,65dc13fb-44da-4b9d-b210-da6be27c0965,Campaign 3,Email,False,True,2024-12-16T12:33:51
51a07379-40cc-48a4-97f3-e0e962e2a7ff,65dc13fb-44da-4b9d-b210-da6be27c0965,Campaign 8,Phone,False,False,2024-06-06T12:33:51
5912b510-41df-4ffe-bc3d-cab1f5f5813a,65dfd72c-113b-42d6-90f1-7f0b1099949f,Campaign 1,Social,True,True,2025-02-23T12:33:51
9634d945-4f72-4551-9dca-811f01f06239,65dfd72c-113b-42d6-90f1-7f0b1099949f,Campaign 8,Email,False,True,2024-05-31T12:33:51
50a4d8af-670a-4f4d-bc5f-306e8db11b28,65dfd72c-113b-42d6-90f1-7f0b1099949f,Campaign 9,Email,False,False,2024-01-01T12:33:51
30cc9d84-07c2-4f4b-b46a-fdd1485d695b,65f81cdc-25e1-46cc-8b49-d6fce989a1e7,Campaign 5,Email,True,True,2024-03-08T12:33:51
dd66824c-cbf7-4cca-9fc4-60d889420212,65f81cdc-25e1-46cc-8b49-d6fce989a1e7,Campaign 8,Email,False,False,2024-05-02T12:33:51
51140490-e0b6-4e84-96b0-a612a1b28171,65f81cdc-25e1-46cc-8b49-d6fce989a1e7,Campaign 8,Email,True,False,2025-03-04T12:33:51
abdf9162-361e-4b61-82b6-d1febd74ec6e,65f81cdc-25e1-46cc-8b49-d6fce989a1e7,Campaign 2,SMS,False,True,2024-04-25T12:33:51
121bcc9e-c018-4c31-9428-c57c02ea8a59,65f81cdc-25e1-46cc-8b49-d6fce989a1e7,Campaign 2,Email,True,False,2024-12-24T12:33:51
51b17b21-c5e3-4256-a912-9fdd464c4ac7,6600e210-ea7b-4568-b135-4ccb8403d3ac,Campaign 9,Phone,True,True,2024-05-11T12:33:51
87f6f390-282a-4919-8a27-2962ed65faec,6600e210-ea7b-4568-b135-4ccb8403d3ac,Campaign 6,SMS,False,True,2025-03-09T12:33:51
ab23d39b-f498-4056-bd6e-01936ef7a2d6,6600e210-ea7b-4568-b135-4ccb8403d3ac,Campaign 6,SMS,True,False,2025-06-21T12:33:51
4ce09329-e388-4628-8fd6-10fceef84a99,6600e210-ea7b-4568-b135-4ccb8403d3ac,Campaign 2,Phone,False,True,2023-10-12T12:33:51
076a04ec-f784-4f05-915a-0aa4cb774344,6606d037-6e8a-4f31-9aa3-15420358c0a6,Campaign 7,Social,False,True,2024-02-08T12:33:51
966cd71d-c543-46d7-bd38-a4a3b5e69f03,6606d037-6e8a-4f31-9aa3-15420358c0a6,Campaign 7,SMS,False,False,2024-02-10T12:33:51
e04e0e1d-9af1-4d60-ae4f-b992fc7cc71e,6606d037-6e8a-4f31-9aa3-15420358c0a6,Campaign 3,SMS,True,True,2025-06-04T12:33:51
c8b596c3-d60a-4556-9914-ff4dc71946ac,6606d037-6e8a-4f31-9aa3-15420358c0a6,Campaign 6,SMS,False,True,2024-02-17T12:33:51
eaab3749-4704-47a9-af6a-825d18ff727d,6606d037-6e8a-4f31-9aa3-15420358c0a6,Campaign 5,Email,True,True,2023-09-16T12:33:51
c6bdf183-7163-4249-bf1c-80bc0c27ab40,660bdff8-438a-4dbb-9767-1d99f1d165d5,Campaign 5,Social,False,True,2023-10-15T12:33:51
1a048d2b-1055-427b-b12c-b926e4081ebf,660bdff8-438a-4dbb-9767-1d99f1d165d5,Campaign 10,Email,False,False,2025-01-14T12:33:51
e7951173-8ff0-4bb8-8896-2e683c3af7df,660bdff8-438a-4dbb-9767-1d99f1d165d5,Campaign 9,Phone,False,True,2025-07-21T12:33:51
1a91ced6-399b-4788-a20b-8310933c7c1f,660f161d-b84c-4b32-a0ba-357aac82ed3a,Campaign 6,SMS,True,True,2024-08-14T12:33:51
66520f94-a448-43d7-b66f-70d1862b3ada,660f161d-b84c-4b32-a0ba-357aac82ed3a,Campaign 1,Phone,False,True,2024-10-26T12:33:51
ccdca548-f501-4885-9bbe-e4793ff6dd04,660f161d-b84c-4b32-a0ba-357aac82ed3a,Campaign 9,Social,False,False,2024-06-02T12:33:51
7faecb70-0dd6-486f-ba19-0a9063c40608,661affd1-8a31-40e0-af92-24e9ea75dbd3,Campaign 7,Email,True,False,2025-08-06T12:33:51
e6754e29-3f26-467e-878a-91fd95eb0635,663da3b5-652e-4b32-9925-473893e33a9f,Campaign 9,Email,True,True,2024-10-09T12:33:51
2d19243b-07ab-41fe-82eb-c1a70d40ee89,663da3b5-652e-4b32-9925-473893e33a9f,Campaign 5,Social,False,False,2025-08-12T12:33:51
f102ec17-6591-4baf-a20b-4b29305b8568,663da3b5-652e-4b32-9925-473893e33a9f,Campaign 3,Email,True,True,2024-07-24T12:33:51
4082195f-1228-4c8a-9984-9170062135e2,663da3b5-652e-4b32-9925-473893e33a9f,Campaign 1,SMS,False,True,2025-07-02T12:33:51
dea9180c-e41a-487d-92a1-589f4fd5bccf,663da3b5-652e-4b32-9925-473893e33a9f,Campaign 2,SMS,True,True,2025-01-07T12:33:51
402c14fc-6818-45e2-93c2-89830c02cfc4,666d0b2d-434b-4b09-9363-6a6b366c0a54,Campaign 2,SMS,False,True,2024-01-25T12:33:51
c549d1a7-6a9a-4e7d-b391-ed377dc7a891,666d0b2d-434b-4b09-9363-6a6b366c0a54,Campaign 10,Email,True,True,2025-06-15T12:33:51
d4bb3845-f130-4b63-b1a8-256404f0b6e5,666d0b2d-434b-4b09-9363-6a6b366c0a54,Campaign 3,Social,True,False,2025-05-01T12:33:51
73b21633-f094-4f0d-a078-7d1c2b8b07a6,66797b58-e96d-4d40-99d3-5cda775a24e7,Campaign 9,Phone,False,False,2025-05-08T12:33:51
9f622441-0851-4fc1-8024-7d871cdc969f,66797b58-e96d-4d40-99d3-5cda775a24e7,Campaign 4,Email,False,True,2023-09-27T12:33:51
ef01fd7d-2607-4b1c-9b41-6d12af9310d5,66797b58-e96d-4d40-99d3-5cda775a24e7,Campaign 1,Social,True,False,2024-02-03T12:33:51
05617ca9-26fd-445e-93e3-9f8d656f1464,66797b58-e96d-4d40-99d3-5cda775a24e7,Campaign 1,Email,False,True,2024-10-16T12:33:51
1da43540-81ee-44f3-9561-f53e35190d07,66af97f8-09a7-4c63-99a0-06bdba82b86f,Campaign 10,SMS,True,True,2023-12-16T12:33:51
1d414400-7407-4ad6-8aa5-f5bc11ddf2bf,66af97f8-09a7-4c63-99a0-06bdba82b86f,Campaign 3,Email,False,False,2024-08-04T12:33:51
5256e663-a047-4f27-a4d6-b1cc22877461,66af97f8-09a7-4c63-99a0-06bdba82b86f,Campaign 4,SMS,False,False,2025-01-09T12:33:51
76839ed8-3704-4704-a5ef-dfad36d8d8f4,66e16738-0686-4928-ab32-53571ee18a2f,Campaign 8,Social,True,True,2023-09-24T12:33:51
9d5336bc-96c7-4b04-b558-4718659e74ec,66e16738-0686-4928-ab32-53571ee18a2f,Campaign 10,Phone,True,True,2025-01-10T12:33:51
6ac15a51-6864-48ce-9d21-fc67dc4f1233,66e16738-0686-4928-ab32-53571ee18a2f,Campaign 9,Social,True,True,2024-01-16T12:33:51
36f35c5e-d844-4655-99b4-684447ca70f1,66e16738-0686-4928-ab32-53571ee18a2f,Campaign 10,SMS,False,False,2023-10-03T12:33:51
3b9e71dd-76f6-4476-8f91-9f7742703c57,671ef4c9-18d9-48fd-83f5-e07c757286b1,Campaign 10,Email,False,False,2023-11-30T12:33:51
948e6db3-479c-460c-bcc9-7a5845700b21,671ef4c9-18d9-48fd-83f5-e07c757286b1,Campaign 9,Social,False,False,2025-06-27T12:33:51
3726454b-29e6-4dfa-aeae-c79dd753a0bf,671ef4c9-18d9-48fd-83f5-e07c757286b1,Campaign 7,SMS,False,True,2023-09-24T12:33:51
40127eee-f7b6-43d1-9df8-ca7b3bd3e13e,671ef4c9-18d9-48fd-83f5-e07c757286b1,Campaign 2,Phone,False,False,2025-08-26T12:33:51
c5d2c5d6-ef26-438e-ac6b-e3cde6b726ab,67260a9b-4a15-4dfb-9c52-c8882df6c63e,Campaign 4,Email,False,False,2024-07-31T12:33:51
71f0426f-2f1d-43fb-a060-d0d95b22593f,672893de-206f-4505-b474-4362911ef257,Campaign 1,Phone,False,True,2024-03-05T12:33:51
31a65dc2-3c8d-45fe-a4c3-78a7879a454e,672893de-206f-4505-b474-4362911ef257,Campaign 6,Social,False,True,2023-12-20T12:33:51
542ef115-7a90-4a56-806f-b252d7ffc5ca,67361d60-6e28-47b1-898f-8121f4a432dc,Campaign 5,Phone,False,False,2025-01-01T12:33:51
834fbe11-5ee8-49d0-96eb-5701a5943884,67361d60-6e28-47b1-898f-8121f4a432dc,Campaign 9,Social,True,True,2025-03-10T12:33:51
08a24792-2b5b-4e2a-906e-27a0d690abb8,6773a374-d094-4683-9937-75e9f84285f5,Campaign 7,SMS,False,True,2024-03-15T12:33:51
a7528b89-5fce-4add-99b7-516b79d2f8cd,6773a374-d094-4683-9937-75e9f84285f5,Campaign 4,Social,False,True,2024-10-27T12:33:51
f96299e3-2430-44dd-b571-e0c76b2b2488,6773a374-d094-4683-9937-75e9f84285f5,Campaign 3,Social,True,True,2025-04-25T12:33:51
5c750043-14be-49e5-8987-b4a82f8ad757,67a34fb7-f44e-4445-b9b5-3a84b3bef7eb,Campaign 1,Social,True,False,2024-07-17T12:33:51
6e8f10af-5b62-4a58-9950-43d4198b3492,67a34fb7-f44e-4445-b9b5-3a84b3bef7eb,Campaign 7,Social,False,True,2024-05-23T12:33:51
803f5b59-024c-4101-b5b1-3f3b70767613,67a34fb7-f44e-4445-b9b5-3a84b3bef7eb,Campaign 8,Email,True,True,2024-03-21T12:33:51
221f7cf0-4d60-428f-8d06-d110a55f164c,67a34fb7-f44e-4445-b9b5-3a84b3bef7eb,Campaign 1,Social,True,True,2025-05-26T12:33:51
4402f269-d925-453e-a7b9-ba860659550a,67a6f86b-f086-4eb4-a2f1-924bb39c8401,Campaign 10,Social,True,True,2024-09-15T12:33:51
cf168769-bf22-46da-a958-533cbfdd3cbd,67dbf18a-fc63-46b2-853c-8ef32f603305,Campaign 6,SMS,True,False,2024-09-13T12:33:51
15295c29-6241-43ea-bb71-a15b93b96a60,67dbf18a-fc63-46b2-853c-8ef32f603305,Campaign 6,Phone,True,True,2025-06-10T12:33:51
9a49e588-0de2-4613-aa3d-e8cfc9ef3759,67dbf18a-fc63-46b2-853c-8ef32f603305,Campaign 4,Social,True,False,2023-11-02T12:33:51
a064c7cf-9af3-41cd-a547-01a99f1c54cb,67dbf18a-fc63-46b2-853c-8ef32f603305,Campaign 5,Social,False,True,2024-05-19T12:33:51
75daa9bb-ca9d-4a0c-ba5a-31091a90c617,67f8518c-9f3a-4552-a443-e5c5d5b6735d,Campaign 5,Social,True,False,2024-01-17T12:33:51
3702e830-9968-43dd-8bdd-8cc613770406,67f8518c-9f3a-4552-a443-e5c5d5b6735d,Campaign 6,SMS,True,True,2025-04-25T12:33:51
aef52b58-1918-45a0-8d98-a210b6b75e0a,67f8518c-9f3a-4552-a443-e5c5d5b6735d,Campaign 6,Social,False,False,2025-04-01T12:33:51
42f18d77-f86b-4ef8-a8fa-8e9b5630bc69,67f8518c-9f3a-4552-a443-e5c5d5b6735d,Campaign 10,Email,True,True,2024-06-23T12:33:51
f648cd95-2f37-4aac-a669-910f366fbe6f,6807ee2f-e481-475d-9e34-7a940a273fa4,Campaign 1,Phone,False,True,2025-03-25T12:33:51
fa9f170d-88b7-4136-a71e-de1f168e9bcc,6866ce30-364a-4ba1-a103-b9269afd8348,Campaign 10,Social,True,True,2023-10-24T12:33:51
65afd1f3-2d1e-40fe-a855-908ca69b3d00,6866ce30-364a-4ba1-a103-b9269afd8348,Campaign 3,Social,False,True,2024-08-28T12:33:51
bd2f047c-bb45-4542-9c1f-eaddbcd3413f,6866ce30-364a-4ba1-a103-b9269afd8348,Campaign 8,Email,True,False,2024-12-18T12:33:51
33880fb7-ea5a-496c-89ff-1dc01e040ac5,6866ce30-364a-4ba1-a103-b9269afd8348,Campaign 2,Social,False,True,2024-05-09T12:33:51
7f98a6bb-e71d-4a31-9404-56f3d50ef51c,687e95e6-db48-4bab-b82f-db95f54f9500,Campaign 10,Email,True,False,2024-03-12T12:33:51
ff573203-3453-492a-a1e2-b997c7df5d9b,687e95e6-db48-4bab-b82f-db95f54f9500,Campaign 4,Social,False,False,2024-01-03T12:33:51
776b66a9-73c4-490f-99f5-9182e915135d,687e95e6-db48-4bab-b82f-db95f54f9500,Campaign 5,Social,True,False,2023-10-30T12:33:51
d6a1fcca-7949-45d8-91f5-7328b90dd079,688a6926-1880-4b54-a5f1-dd81b782c79f,Campaign 10,Social,False,True,2025-05-07T12:33:51
622cd499-c6e0-4c5d-8d1d-8008c7055a69,688a6926-1880-4b54-a5f1-dd81b782c79f,Campaign 5,Email,True,True,2025-04-30T12:33:51
eab02bd7-4842-41d9-8389-666bb46062fe,688a6926-1880-4b54-a5f1-dd81b782c79f,Campaign 7,SMS,True,True,2024-04-16T12:33:51
382616fd-20ca-40fd-97a8-31ce81c7c8a7,688a6926-1880-4b54-a5f1-dd81b782c79f,Campaign 9,Email,True,True,2024-06-18T12:33:51
f6141466-e031-42f5-b27f-db423261e0ad,688a6926-1880-4b54-a5f1-dd81b782c79f,Campaign 5,SMS,True,True,2024-07-15T12:33:51
20b161c2-02c2-46d4-8982-240bd0e8f60f,68c1662e-af77-4e67-b4e4-10046ed54ac2,Campaign 10,SMS,True,True,2023-10-25T12:33:51
6a234dbb-22dd-4816-8a83-239eb32e4c8d,68c1662e-af77-4e67-b4e4-10046ed54ac2,Campaign 6,Phone,True,True,2024-02-24T12:33:51
94fe134e-3e7c-4fd4-b5f2-a81a4a92abcf,68c1662e-af77-4e67-b4e4-10046ed54ac2,Campaign 6,SMS,False,True,2024-04-03T12:33:51
d8e0dcc4-74ef-45fe-bc68-ba383814d7af,68c1662e-af77-4e67-b4e4-10046ed54ac2,Campaign 2,SMS,False,False,2024-09-28T12:33:51
1a009dc3-5eb1-4da4-a4c2-f139d9eac5dd,68ece8ca-4d44-462c-ad1e-489b9b983d08,Campaign 4,Social,True,False,2025-01-30T12:33:51
71ab5054-5d7a-4b22-a8cb-47c163108c3f,68ece8ca-4d44-462c-ad1e-489b9b983d08,Campaign 9,Email,False,False,2023-11-18T12:33:51
bb183b41-9ab5-4cef-977c-81094eb83097,68ece8ca-4d44-462c-ad1e-489b9b983d08,Campaign 1,Email,False,True,2024-11-24T12:33:51
c20f5f8d-3b24-41a3-b221-eb37a0883276,68efc0d7-98a0-498c-9c75-2543c1e0879d,Campaign 4,SMS,False,False,2023-11-27T12:33:51
a3933030-7408-43fd-a568-8e77cb280d78,68efc0d7-98a0-498c-9c75-2543c1e0879d,Campaign 9,Email,False,True,2023-11-16T12:33:51
b60dfce6-60c0-4590-b295-a71815eba9e5,68efc0d7-98a0-498c-9c75-2543c1e0879d,Campaign 4,Social,False,False,2025-04-24T12:33:51
00aff5ee-8a69-4db1-872c-0e020582fd5c,68efc0d7-98a0-498c-9c75-2543c1e0879d,Campaign 7,Phone,False,False,2024-03-05T12:33:51
43329f1b-9cfc-4006-9912-3177d5e6c309,691f350e-cf3c-4245-b528-c0e6be03863b,Campaign 5,Email,False,True,2023-11-26T12:33:51
93d0332c-00c8-420e-81a1-d6dbd63c646d,691f350e-cf3c-4245-b528-c0e6be03863b,Campaign 4,Email,True,True,2024-10-26T12:33:51
a87f8148-2c89-4a19-ab73-6f1729e6c66c,694986ab-fd3e-45bb-b093-7218d7c08813,Campaign 2,SMS,False,True,2025-04-27T12:33:51
971c1bd0-73f2-4e9e-a1df-7b20663cb611,694986ab-fd3e-45bb-b093-7218d7c08813,Campaign 8,Social,False,True,2024-05-21T12:33:51
26d92406-78ea-4efa-ae6f-1081e48ff3b3,694986ab-fd3e-45bb-b093-7218d7c08813,Campaign 3,Email,True,True,2024-05-14T12:33:51
90036f18-e232-41d5-93d9-48981d5439bd,694bf2f6-1c9c-4db5-b143-70090ee6f10a,Campaign 3,Email,False,True,2024-03-26T12:33:51
e1a8e1e5-6101-41b9-9512-d73638a7f412,694bf2f6-1c9c-4db5-b143-70090ee6f10a,Campaign 7,SMS,True,False,2025-05-08T12:33:51
a4e81eb3-c9fa-40d0-bb1b-bdff5a049b99,694bf2f6-1c9c-4db5-b143-70090ee6f10a,Campaign 10,Social,True,False,2024-03-03T12:33:51
e7867e11-13df-4676-bf5f-3e2a2622907a,694bf2f6-1c9c-4db5-b143-70090ee6f10a,Campaign 5,Social,True,True,2023-09-25T12:33:51
64c16c9a-e957-4fe1-a51d-c73c81d16c12,694bf2f6-1c9c-4db5-b143-70090ee6f10a,Campaign 8,Phone,True,False,2024-01-13T12:33:51
59cf0b69-8524-4f01-9611-3e34890cfa65,696fb37e-34c1-499c-8113-aca8f90dd352,Campaign 9,Phone,True,False,2024-10-15T12:33:51
8b4bd345-ff2d-4fe8-bd7e-82c7a8f73323,69828d9a-23e8-42d7-9a07-91a38504aa02,Campaign 1,Social,False,False,2025-02-15T12:33:51
a25ab5ba-12e6-4fb7-a67a-9f40417c3393,69828d9a-23e8-42d7-9a07-91a38504aa02,Campaign 5,SMS,False,False,2024-10-10T12:33:51
e0e32707-1735-4678-96c5-cd61be6643e5,69828d9a-23e8-42d7-9a07-91a38504aa02,Campaign 4,Phone,False,True,2025-08-09T12:33:51
29f734d3-27cd-4d92-8e53-04d8d1cf4146,69828d9a-23e8-42d7-9a07-91a38504aa02,Campaign 5,Phone,True,False,2024-06-13T12:33:51
d5d0ad04-67a8-4b3d-9039-0fb1a8e75066,69828d9a-23e8-42d7-9a07-91a38504aa02,Campaign 7,SMS,False,True,2024-09-24T12:33:51
d47a6e49-962e-4e65-992d-cd950802763f,6994e448-67f5-4eae-8eaf-ad58dc3400d5,Campaign 7,Email,True,False,2024-01-30T12:33:51
dfed02a7-f744-4aa3-a9c4-3c20957b1197,6994e448-67f5-4eae-8eaf-ad58dc3400d5,Campaign 7,SMS,False,False,2025-07-19T12:33:51
9728f218-f195-4df7-b86a-16096b1aedc6,69bb3e09-4f84-44a3-94f0-4c64ebd8e70f,Campaign 9,Social,True,True,2024-12-08T12:33:51
6752ee35-242d-4ff1-9160-73e02a957f93,69bb3e09-4f84-44a3-94f0-4c64ebd8e70f,Campaign 2,Phone,True,False,2024-02-17T12:33:51
3d4dd008-4f42-4484-b22d-6c68d545273f,69bb3e09-4f84-44a3-94f0-4c64ebd8e70f,Campaign 3,SMS,True,True,2024-10-08T12:33:51
cbabc973-9aa4-460b-88e4-e8a84e45785c,69bb3e09-4f84-44a3-94f0-4c64ebd8e70f,Campaign 10,Phone,False,False,2025-06-14T12:33:51
bc445487-e5e5-4d35-b62b-a1ecd409dc75,69bb3e09-4f84-44a3-94f0-4c64ebd8e70f,Campaign 4,Email,True,False,2024-07-16T12:33:51
1cb0edb7-fd27-4c18-b4f5-d5bb3c796684,69c2efb1-15a3-4580-8194-3c5636df84ca,Campaign 8,SMS,True,False,2025-06-17T12:33:51
abfa9676-3df5-4f9b-aa08-db2e6057743e,69c2efb1-15a3-4580-8194-3c5636df84ca,Campaign 1,Phone,True,False,2024-10-02T12:33:51
a6624c22-7637-4b33-bae7-f7a3a117a78c,69c2efb1-15a3-4580-8194-3c5636df84ca,Campaign 9,Phone,True,False,2023-11-01T12:33:51
1a8a0db3-4a96-4ef4-a7b2-0b777ffdffbc,69cc3dfc-35ac-41bd-9cde-c9eb3f27d8a6,Campaign 3,SMS,False,False,2024-12-28T12:33:51
01a1fc28-2b98-4229-b63c-a7b3afcfd974,69cc3dfc-35ac-41bd-9cde-c9eb3f27d8a6,Campaign 2,Email,False,False,2024-06-29T12:33:51
37eff166-06bb-4833-b108-0ffa234e2760,69cf934a-3759-4e39-9c4f-8e4d66090631,Campaign 1,Email,False,False,2025-08-11T12:33:51
224b6a2e-77a6-45b6-abc4-123e6b32f9b5,69cf934a-3759-4e39-9c4f-8e4d66090631,Campaign 2,Social,True,False,2024-07-23T12:33:51
374cd8ba-da46-487d-8f35-59f5eafe472f,69db4a94-2f02-4689-999c-5300dacf8d61,Campaign 2,Social,True,True,2023-11-18T12:33:51
bff499f6-2682-4e17-b1fc-cfc095c0ee44,6a0680e3-a6e3-4b17-a2ef-201959e1d4ef,Campaign 4,SMS,True,False,2024-07-12T12:33:51
5ce04479-b94e-4464-8857-5e4ba9d95062,6a1cd465-fd6a-4aab-a114-e01991c1186f,Campaign 10,SMS,True,False,2024-10-27T12:33:51
88a6932a-7bff-46df-963b-c62508c56a33,6a1cd465-fd6a-4aab-a114-e01991c1186f,Campaign 2,SMS,False,False,2024-05-01T12:33:51
d3de3524-1a26-452e-ae30-f9a36d1b5e13,6a1cd465-fd6a-4aab-a114-e01991c1186f,Campaign 5,Email,True,False,2024-09-22T12:33:51
0bf6bd7d-e46e-4c08-b866-72ba4c0228b5,6a1cd465-fd6a-4aab-a114-e01991c1186f,Campaign 5,Social,False,True,2024-12-08T12:33:51
ae84474e-4350-4de9-a0bf-44b27368ab12,6a1cd465-fd6a-4aab-a114-e01991c1186f,Campaign 6,Social,False,False,2023-12-02T12:33:51
dd1b7d25-8600-4418-ae36-3576ca2d6e5f,6a4d8c8e-58fb-4d44-84a0-d9e04ba1b0aa,Campaign 3,Email,False,False,2025-05-09T12:33:51
2b88725a-575c-481b-a6bf-2ad3978086b6,6a4d8c8e-58fb-4d44-84a0-d9e04ba1b0aa,Campaign 5,Email,False,True,2024-06-16T12:33:51
816bc0a1-44e4-4b0d-83e1-65350c6125eb,6aa83423-81a4-4d9e-ab1f-e888643fe26b,Campaign 9,Social,True,False,2025-04-20T12:33:51
fee39105-8b5a-46c8-ba2d-4ad3631ea032,6aa83423-81a4-4d9e-ab1f-e888643fe26b,Campaign 8,Social,False,False,2024-08-19T12:33:51
3f4d200c-e56e-40e8-b537-efee51701437,6aa83423-81a4-4d9e-ab1f-e888643fe26b,Campaign 3,Phone,True,False,2025-07-27T12:33:51
29d20470-da48-43de-bea9-d820b4906fc6,6b020e8b-32f2-4b15-bb37-f7890ff19204,Campaign 6,Social,False,False,2025-07-02T12:33:51
d8d60dd7-4900-4375-86f9-6669dfc2caf1,6b020e8b-32f2-4b15-bb37-f7890ff19204,Campaign 5,Social,False,True,2025-05-27T12:33:51
13364f57-0d9e-4915-8ff9-9b7888a24bf6,6b020e8b-32f2-4b15-bb37-f7890ff19204,Campaign 1,SMS,True,True,2025-01-20T12:33:51
f13c58f4-f08b-4628-9048-b35419ea599d,6b020e8b-32f2-4b15-bb37-f7890ff19204,Campaign 7,Email,True,True,2024-07-23T12:33:51
e0c25084-e2d5-4b88-a4f0-5c63f62a5702,6b041c73-0b9b-4e54-9e41-1c3ab42381eb,Campaign 1,Phone,False,False,2024-11-21T12:33:51
9cbcd832-b105-4eb8-a369-df9bcd5f4b74,6b041c73-0b9b-4e54-9e41-1c3ab42381eb,Campaign 8,Social,True,True,2023-11-23T12:33:51
ea99846b-4b63-4c74-a895-515b1dcf5165,6b041c73-0b9b-4e54-9e41-1c3ab42381eb,Campaign 1,Phone,True,True,2024-04-26T12:33:51
49b3e46d-06ec-41a0-ae62-610cd6c2dda3,6b1c0ea6-7214-47db-9de2-53b4b01e2a8a,Campaign 8,SMS,True,True,2023-09-26T12:33:51
5e02ca80-7350-4919-907c-fd4f3aa50c76,6b1c0ea6-7214-47db-9de2-53b4b01e2a8a,Campaign 9,Social,True,True,2024-08-01T12:33:51
c7566587-2ea8-4062-bb5c-7cbc350e2e37,6b1c0ea6-7214-47db-9de2-53b4b01e2a8a,Campaign 8,Phone,True,False,2024-01-25T12:33:51
c733dfe8-3f63-41f1-b6dd-d94f9769c69d,6b1c0ea6-7214-47db-9de2-53b4b01e2a8a,Campaign 1,SMS,True,False,2025-08-20T12:33:51
11eccd1e-3e3e-4756-93e6-df30abbbc983,6b1c0ea6-7214-47db-9de2-53b4b01e2a8a,Campaign 6,SMS,False,True,2025-02-01T12:33:51
beeff109-2ab7-4bdb-a14f-561419c22880,6b20b125-d886-4680-876b-34ade4a2786b,Campaign 1,Email,False,False,2023-09-02T12:33:51
9a7015c7-0d66-4bc2-85d0-1b657ba03cb1,6b20b125-d886-4680-876b-34ade4a2786b,Campaign 8,Phone,True,False,2024-03-01T12:33:51
03c469f1-7a06-4b40-8943-3decf420fff0,6b3cb82b-3642-4220-9405-99b316dbe115,Campaign 2,SMS,True,False,2024-09-18T12:33:51
0ddf51c8-2847-4b6e-aed0-0e92c1b36950,6b5560e1-2177-4e31-907d-94f9a9b9a4e2,Campaign 1,Social,True,False,2024-12-07T12:33:51
78b6858e-da36-4342-bc62-59a6e7c46f7a,6b8cd2ac-f0c0-4626-9af9-91c06bf3bf15,Campaign 7,Phone,False,True,2024-07-13T12:33:51
31b6c50d-a04b-44b9-9fc6-98c51951ff1a,6b8cd2ac-f0c0-4626-9af9-91c06bf3bf15,Campaign 1,Phone,False,False,2025-05-10T12:33:51
467a119c-924f-4d73-aab2-6cd1fe2faeb2,6b8cd2ac-f0c0-4626-9af9-91c06bf3bf15,Campaign 3,Email,True,False,2024-11-05T12:33:51
e87cae85-bdbb-49bd-9b0b-136cb64fefcb,6b8cd2ac-f0c0-4626-9af9-91c06bf3bf15,Campaign 10,SMS,False,False,2024-08-30T12:33:51
a949e856-c74b-41c4-810a-394ab283c8dc,6be87429-f4c3-4a4c-b31c-ed500b50e926,Campaign 1,Email,True,True,2025-01-08T12:33:51
da3d2d7d-89d2-4911-a15f-6e32d260c004,6be87429-f4c3-4a4c-b31c-ed500b50e926,Campaign 6,Social,False,False,2023-09-11T12:33:51
437f06f4-6170-437c-9155-634f954e8793,6be87429-f4c3-4a4c-b31c-ed500b50e926,Campaign 8,SMS,True,True,2024-01-03T12:33:51
456c457d-0426-4ec1-ba3b-ca73be82b392,6c1b7af1-d7c8-480e-9e0d-7a7c4e37c62e,Campaign 5,Email,False,False,2025-01-15T12:33:51
bd21dbd3-8aa6-4dff-b630-6cdcb246add8,6c1b7af1-d7c8-480e-9e0d-7a7c4e37c62e,Campaign 1,Email,False,False,2024-10-12T12:33:51
c5bc8078-10ac-4e7d-a780-badfd7ad0295,6c1b7af1-d7c8-480e-9e0d-7a7c4e37c62e,Campaign 6,Social,True,True,2024-11-10T12:33:51
85fa1ef6-f688-43a4-8ee1-57d6faf5c34c,6c1b7af1-d7c8-480e-9e0d-7a7c4e37c62e,Campaign 5,SMS,True,True,2023-10-08T12:33:51
b88beb29-a7cb-4dc4-a632-4a41de21271b,6c1b7af1-d7c8-480e-9e0d-7a7c4e37c62e,Campaign 7,Phone,False,False,2024-12-29T12:33:51
b12ebd6a-2fbd-4c76-aac5-9cffb47e138d,6c1e7e66-3574-42e8-8297-ac0b4fa243a0,Campaign 1,Phone,False,False,2024-07-02T12:33:51
19503dd3-29b8-4e87-bf6c-cc3ea6053d5a,6c1e7e66-3574-42e8-8297-ac0b4fa243a0,Campaign 1,Phone,True,True,2024-03-28T12:33:51
b5fdad04-9a1c-44a3-b57f-0dc95a582a43,6c1e7e66-3574-42e8-8297-ac0b4fa243a0,Campaign 5,Phone,False,True,2024-02-06T12:33:51
24e2dc2f-f6d8-4238-92af-7c8e16defdbf,6c1e7e66-3574-42e8-8297-ac0b4fa243a0,Campaign 10,Phone,False,True,2023-12-19T12:33:51
21eca1ad-c6be-4a4c-90db-1c0ebf4d004a,6c57d760-7a0a-42c5-9394-d6d993318087,Campaign 10,Social,False,False,2024-09-07T12:33:51
c991404e-61fa-4a82-8ee0-234c2ef5d734,6c57d760-7a0a-42c5-9394-d6d993318087,Campaign 9,Social,False,False,2023-12-05T12:33:51
d46a4d97-e571-4c45-acb2-92ddbc87f89e,6c57d760-7a0a-42c5-9394-d6d993318087,Campaign 7,SMS,False,True,2023-10-12T12:33:51
e40a5bec-5771-4b2b-b228-dd6aae716ec8,6ce2efb3-e2d0-4d83-844c-7bb8dde78b68,Campaign 3,Phone,True,True,2023-11-20T12:33:51
0ffcb211-2b40-4f07-95a8-abc431da13de,6ce2efb3-e2d0-4d83-844c-7bb8dde78b68,Campaign 1,Email,True,False,2024-12-08T12:33:51
fd9950cf-4cc8-4b61-b5cb-66d7aaa3adc4,6ceff35b-07c1-4597-99b4-ae3219231a59,Campaign 7,Email,False,True,2025-04-13T12:33:51
8dadcaeb-1a5d-4e72-8f66-1fdc0244febf,6ceff35b-07c1-4597-99b4-ae3219231a59,Campaign 10,Email,True,False,2024-12-18T12:33:51
11a7450c-b641-4fda-ba73-8f46272eb699,6ceff35b-07c1-4597-99b4-ae3219231a59,Campaign 5,Email,False,False,2023-10-24T12:33:51
988c8114-2572-4151-bc39-be007325c7a6,6d0a5e82-e8d6-4c5b-aed0-f9ae016dd504,Campaign 8,SMS,True,True,2025-04-12T12:33:51
797c18d4-74f4-4a42-95c5-30fb7ae959cd,6d0a5e82-e8d6-4c5b-aed0-f9ae016dd504,Campaign 10,Social,True,False,2024-02-11T12:33:51
ed8bcc9e-4dc1-4403-b7d0-ac580ce123f9,6d0a5e82-e8d6-4c5b-aed0-f9ae016dd504,Campaign 2,Email,True,True,2023-12-21T12:33:51
f30b1a60-3fb8-4437-bafa-365d2f22311c,6d0a5e82-e8d6-4c5b-aed0-f9ae016dd504,Campaign 9,Email,False,False,2024-02-18T12:33:51
41e8f100-892c-45e4-8146-bac632b6e627,6d25fd17-1aef-4d94-aebf-586602b63986,Campaign 1,Phone,False,False,2024-12-30T12:33:51
7069b1a1-c9e1-4a57-b314-eab5d125c138,6d25fd17-1aef-4d94-aebf-586602b63986,Campaign 3,Phone,True,True,2023-09-23T12:33:51
ece9b600-269f-44d3-b7a2-8b94e7e3bbfe,6d25fd17-1aef-4d94-aebf-586602b63986,Campaign 7,Email,True,False,2023-11-03T12:33:51
d8be8913-6487-4bdd-9642-5c8504fd9645,6d25fd17-1aef-4d94-aebf-586602b63986,Campaign 10,Email,True,False,2024-12-21T12:33:51
5a4d516f-9371-4746-9ffe-95cc71e6c798,6d25fd17-1aef-4d94-aebf-586602b63986,Campaign 7,Social,True,True,2024-05-12T12:33:51
5c3691e2-0099-48a6-8b28-daf58763d0b6,6d589897-d4fa-4604-898e-f5d1d110b927,Campaign 4,Social,True,False,2024-11-23T12:33:51
b5684d84-8602-4d22-a4f7-afc89e0ec9df,6d589897-d4fa-4604-898e-f5d1d110b927,Campaign 8,SMS,False,True,2025-05-28T12:33:51
8879738e-5b89-44a3-a46a-a5f9acfae30d,6d8ddc47-9cb4-4e5b-9050-8080dcf910de,Campaign 3,SMS,False,False,2024-04-25T12:33:51
6b8c1b31-c0a1-408f-862d-f5aa55e48228,6d8ddc47-9cb4-4e5b-9050-8080dcf910de,Campaign 5,Phone,False,True,2024-02-03T12:33:51
e7ceb7cc-482d-4f10-859b-60a331570c5f,6d8ddc47-9cb4-4e5b-9050-8080dcf910de,Campaign 6,SMS,False,True,2025-03-13T12:33:51
90414481-ef9f-4abb-ae84-739a94fb616d,6d8ddc47-9cb4-4e5b-9050-8080dcf910de,Campaign 2,SMS,True,False,2024-01-24T12:33:51
bd589fdd-d540-4004-b900-5bc293fc4139,6d8ddc47-9cb4-4e5b-9050-8080dcf910de,Campaign 8,Social,True,False,2024-09-23T12:33:51
47c3a1f9-abf8-4c82-bf95-70cc71f62bb7,6d9bd032-4e70-4427-ba2c-c04aa0c9dc58,Campaign 10,Social,False,False,2023-10-15T12:33:51
9e278744-02fa-4e9e-8c6a-ccd88bd02ef3,6dadfd7b-0ff1-4d47-8750-17b4fbcbbc87,Campaign 7,Email,True,True,2025-07-30T12:33:51
e8f38df3-cd1c-481f-8025-305b0551caae,6dadfd7b-0ff1-4d47-8750-17b4fbcbbc87,Campaign 6,Phone,False,True,2024-07-08T12:33:51
2a782c15-5d02-4e3a-8618-8d58276b18af,6dadfd7b-0ff1-4d47-8750-17b4fbcbbc87,Campaign 5,Email,False,True,2025-05-06T12:33:51
4bb2cd5b-28a0-4a24-b691-137cab0cf33d,6ddf2a4a-3385-40a9-9e75-3daf8273ab09,Campaign 10,Phone,True,False,2025-04-24T12:33:51
b2df0e71-3076-4f4c-86aa-2cfee8542939,6de69601-efe5-48d8-bb80-ed5bd67d90d0,Campaign 9,SMS,True,False,2024-02-06T12:33:51
88480fa9-26c3-465a-9515-d9921296ab1c,6de69601-efe5-48d8-bb80-ed5bd67d90d0,Campaign 9,SMS,False,False,2024-05-14T12:33:51
56cb62f7-f6be-4bad-b38d-205b23426c87,6de69601-efe5-48d8-bb80-ed5bd67d90d0,Campaign 4,Phone,False,True,2025-01-29T12:33:51
9c185a3e-a3e7-4083-95a6-9c4b20686bba,6df91c5d-d64b-44aa-9cd4-3cea7a81c626,Campaign 2,Phone,False,True,2024-09-16T12:33:51
a10aca34-2ab7-4543-bba3-10f7ecc43bd6,6df91c5d-d64b-44aa-9cd4-3cea7a81c626,Campaign 1,Email,True,False,2024-06-21T12:33:51
7b752c60-df2b-4d30-a313-627b139036e2,6df91c5d-d64b-44aa-9cd4-3cea7a81c626,Campaign 1,SMS,False,True,2023-10-03T12:33:51
a20ea8bc-155d-466b-ac1c-49077d8e4760,6df91c5d-d64b-44aa-9cd4-3cea7a81c626,Campaign 2,Social,False,False,2023-12-29T12:33:51
33f5b1f4-cd89-4ff6-bff8-968566202379,6e0a2da3-f49c-4be0-ab34-5320a3cc74b1,Campaign 8,Social,True,False,2024-12-30T12:33:51
35586c07-1f51-42d6-91cb-9552c52dc467,6e0a2da3-f49c-4be0-ab34-5320a3cc74b1,Campaign 2,SMS,True,False,2024-08-24T12:33:51
3879a1e5-b66d-42a4-8087-ccdd0005b4c7,6e3be9f0-50bb-4eb9-afc7-8f626737eda7,Campaign 1,Email,True,False,2025-08-08T12:33:51
65566431-056c-4ba8-8bb4-1ed748bfc1a2,6e3be9f0-50bb-4eb9-afc7-8f626737eda7,Campaign 9,Phone,True,False,2025-04-17T12:33:51
d4baf6ee-c535-4601-b906-18db5fc78405,6e3be9f0-50bb-4eb9-afc7-8f626737eda7,Campaign 6,Phone,True,True,2024-08-24T12:33:51
230d4097-6c3a-4ca3-8a06-914308072ee7,6e3be9f0-50bb-4eb9-afc7-8f626737eda7,Campaign 9,Phone,True,False,2023-10-20T12:33:51
f0a1d367-f2ff-4fd1-a7cc-96ab0d1f52f5,6e454e1f-2bd0-49ca-a062-7679329d7257,Campaign 8,Phone,True,True,2024-06-19T12:33:51
d108179b-e38a-431a-ac61-be45920b8ff0,6e454e1f-2bd0-49ca-a062-7679329d7257,Campaign 6,Email,True,True,2024-08-14T12:33:51
6fd00f38-a9a7-4428-8c17-0604b06b9004,6e454e1f-2bd0-49ca-a062-7679329d7257,Campaign 10,Email,True,True,2024-04-17T12:33:51
edca5ad6-4654-4f5b-b407-56c9f877e9bc,6e777950-54d2-436c-a069-57dd6731d473,Campaign 5,Email,True,False,2024-02-27T12:33:51
a4334bf8-5472-4875-b608-0643bc68c3b3,6e777950-54d2-436c-a069-57dd6731d473,Campaign 1,Phone,True,False,2024-03-01T12:33:51
c0a08bff-df52-4812-83c4-505d00c2cb9b,6e777950-54d2-436c-a069-57dd6731d473,Campaign 7,Social,False,False,2024-10-26T12:33:51
7eb050a5-b93c-4d02-b245-e342882a97ed,6e777950-54d2-436c-a069-57dd6731d473,Campaign 8,Phone,True,False,2025-04-21T12:33:51
b78c2b6d-ebf5-440b-903d-e33e820fff22,6e777950-54d2-436c-a069-57dd6731d473,Campaign 5,Phone,False,False,2023-12-31T12:33:51
9a65b7cf-1931-4ad8-a78b-f8d51f18384b,6edc3769-e348-4edd-9443-f238212e2952,Campaign 6,Social,False,False,2023-10-20T12:33:51
73fb9920-3b3b-41e0-b3c3-d2b1bdf91657,6edc3769-e348-4edd-9443-f238212e2952,Campaign 3,Social,True,True,2025-03-23T12:33:51
798d9de4-f756-4404-8463-041b1ad87794,6ef5a269-c956-4957-89b3-5712c17a14eb,Campaign 6,Social,True,False,2024-07-17T12:33:51
857d0e14-a8f0-4cf9-a917-55e25573bfc5,6f1b4cd3-b9d7-43e7-92ff-5667b28da6f3,Campaign 3,Phone,False,True,2024-05-12T12:33:51
2e5ad9e6-e228-42f0-84c4-caeec7017b05,6f1b4cd3-b9d7-43e7-92ff-5667b28da6f3,Campaign 4,Social,True,False,2024-02-20T12:33:51
839c05ab-f3b5-4831-a696-68777e8ec9ba,6f1b4cd3-b9d7-43e7-92ff-5667b28da6f3,Campaign 9,Phone,True,False,2023-09-29T12:33:51
e2e741be-2c88-441d-95ab-21d8e8da9830,6f1b4cd3-b9d7-43e7-92ff-5667b28da6f3,Campaign 1,Email,False,False,2025-03-07T12:33:51
dd2eb969-3a50-491d-9087-a60c7cbf42f7,6f1c9da4-81d9-4cca-9a8d-8720938c9b80,Campaign 2,Social,True,False,2025-03-06T12:33:51
39203985-5581-4312-8d8d-a2655012bfcc,6f1fc422-e7fa-48c5-a643-3bf16adb6756,Campaign 7,SMS,True,False,2025-07-05T12:33:51
9533894a-f8cf-49dd-a8ef-73d5cf3a1b07,6f1fc422-e7fa-48c5-a643-3bf16adb6756,Campaign 9,Email,True,False,2023-12-30T12:33:51
24a15a41-bb24-44d0-82c3-7ad703729f4e,6f1fc422-e7fa-48c5-a643-3bf16adb6756,Campaign 8,SMS,True,True,2024-02-25T12:33:51
f8c90b30-493b-4772-aee6-171c797d3271,6f48996e-6c94-4ac3-98d6-bfbc2e6791e4,Campaign 6,Social,False,True,2024-12-28T12:33:51
b1c0d595-14c8-4a1b-9787-5f57f8f09db6,6f564ada-3438-4c9a-a0f1-d5cff4a880eb,Campaign 7,Social,True,True,2025-05-07T12:33:51
881f7985-5bf7-4b98-8969-f2c621328a5b,6f564ada-3438-4c9a-a0f1-d5cff4a880eb,Campaign 6,Social,True,False,2025-08-12T12:33:51
55aa0ffc-7620-4d68-9d62-faf1188dae2e,6f564ada-3438-4c9a-a0f1-d5cff4a880eb,Campaign 4,SMS,False,False,2024-01-03T12:33:51
e99105ba-850a-421b-aa7d-b2fbcf756557,6f564ada-3438-4c9a-a0f1-d5cff4a880eb,Campaign 10,Email,True,False,2024-10-31T12:33:51
d70ee60c-8d6d-4ef0-ae8d-ba432102289d,6f564ada-3438-4c9a-a0f1-d5cff4a880eb,Campaign 6,SMS,True,False,2024-03-27T12:33:51
578991d1-dcc9-495e-89d4-d147f37f7356,6f6d7147-4993-4601-9888-7465137cef8f,Campaign 5,Social,False,True,2024-04-28T12:33:51
18dbe916-6c9b-48ca-a024-adc4e5a14e69,6f6d7147-4993-4601-9888-7465137cef8f,Campaign 10,Phone,False,False,2024-02-04T12:33:51
be83f6a0-a74e-4a13-88a2-cdfabfef57f7,6f6d7147-4993-4601-9888-7465137cef8f,Campaign 8,SMS,False,True,2024-05-10T12:33:51
c31e7e42-6162-440f-a87c-655cb3cb370a,6f6d7147-4993-4601-9888-7465137cef8f,Campaign 1,Phone,False,False,2024-09-20T12:33:51
564199dd-e44c-4bc1-b6c5-4d3393aa5f99,6f765bdf-87c5-4b9b-8860-2fa65259d927,Campaign 1,Social,True,True,2024-12-14T12:33:51
4b82629f-d3fa-440a-a6c3-28ce9d9b011e,6f765bdf-87c5-4b9b-8860-2fa65259d927,Campaign 3,Social,True,False,2024-05-23T12:33:51
0e3507d5-b123-47ff-9a4b-ee4cb81cc0ab,6f765bdf-87c5-4b9b-8860-2fa65259d927,Campaign 10,Email,True,True,2025-02-24T12:33:51
5780aa02-8d74-488d-b493-2175c729f9e5,6f765bdf-87c5-4b9b-8860-2fa65259d927,Campaign 6,SMS,True,True,2024-02-05T12:33:51
bf0e8862-d3cd-41bf-85fd-4f953e507a5a,6f765bdf-87c5-4b9b-8860-2fa65259d927,Campaign 6,Phone,True,True,2024-09-23T12:33:51
cdc65b35-bc87-412b-879e-b47599c59af8,6f787969-9846-4090-85e3-9951c3ae4e34,Campaign 2,Social,False,True,2025-03-13T12:33:51
732c97e9-d358-487b-8cd8-9d5e91b2982f,6f787969-9846-4090-85e3-9951c3ae4e34,Campaign 7,SMS,False,False,2024-08-14T12:33:51
2a959142-bb92-4e6f-b976-1a59a5025c45,6f787969-9846-4090-85e3-9951c3ae4e34,Campaign 9,SMS,False,True,2024-03-21T12:33:51
cb75a864-72c2-4ed3-aebe-628a144e63b9,6faa814a-e5c5-4a3d-9e93-91b3fa954586,Campaign 3,Phone,False,True,2024-05-18T12:33:51
bb22abca-1000-4651-a853-81a9e6bb891b,6faa814a-e5c5-4a3d-9e93-91b3fa954586,Campaign 5,Email,True,False,2024-04-27T12:33:51
3eab404d-ca16-4c63-a796-2aec525fc4e6,6faa814a-e5c5-4a3d-9e93-91b3fa954586,Campaign 8,SMS,True,False,2024-03-15T12:33:51
5baebe87-d078-4934-9f8a-fa7bbe618d39,6faa814a-e5c5-4a3d-9e93-91b3fa954586,Campaign 5,Phone,True,True,2023-11-14T12:33:51
17573381-1baf-4a43-a094-801175c22ccb,6faa814a-e5c5-4a3d-9e93-91b3fa954586,Campaign 5,Social,True,True,2024-07-01T12:33:51
9da2e5d1-ec66-40a6-aff3-5573df644e50,6fbd2461-da38-4274-9625-22efb63951d9,Campaign 9,Email,True,False,2024-10-17T12:33:51
e108129d-d23c-43d3-9bfd-7ed885dbe6b2,6fbd2461-da38-4274-9625-22efb63951d9,Campaign 4,SMS,False,False,2025-06-15T12:33:51
83bb0aa6-25cc-4efb-a955-8b2e40258e9e,6fbd2461-da38-4274-9625-22efb63951d9,Campaign 1,Phone,False,True,2024-05-01T12:33:51
88cad063-a8ad-49aa-afd6-37cdaf3aa3df,6fbd2461-da38-4274-9625-22efb63951d9,Campaign 8,Social,False,True,2024-02-27T12:33:51
edc5ba8c-f842-4fc6-b7e3-0aec5399cc1d,6fbd2461-da38-4274-9625-22efb63951d9,Campaign 4,Social,False,True,2024-07-30T12:33:51
e270f842-eba5-4316-8009-d2c912c03cda,700024fc-f148-4200-8b14-d80fef2701f6,Campaign 1,SMS,True,False,2024-11-05T12:33:51
66067848-7bb3-46d8-b473-1d98a04fa337,700024fc-f148-4200-8b14-d80fef2701f6,Campaign 10,Social,False,True,2024-05-16T12:33:51
93d5393f-5fd9-4ff8-9955-ca5476e5d402,700024fc-f148-4200-8b14-d80fef2701f6,Campaign 9,SMS,False,True,2025-03-02T12:33:51
193db53d-6d3c-4a2a-9e71-bac9847aa266,700024fc-f148-4200-8b14-d80fef2701f6,Campaign 9,Phone,False,True,2025-07-18T12:33:51
cc36ff86-e332-4650-833f-e363b540a46b,700024fc-f148-4200-8b14-d80fef2701f6,Campaign 7,SMS,False,False,2025-02-14T12:33:51
72679bb1-83ad-4045-9c0f-ff0b15f38fe0,702fd453-3f19-4d07-9511-2fd39eda8654,Campaign 9,Phone,False,True,2024-04-15T12:33:51
51e57c2f-80c2-407a-b286-74229d945bc6,702fd453-3f19-4d07-9511-2fd39eda8654,Campaign 4,Social,False,False,2023-09-23T12:33:51
9cc6299e-17e9-4c9f-b2b6-354cf9a85f14,702fd453-3f19-4d07-9511-2fd39eda8654,Campaign 2,SMS,False,True,2023-12-19T12:33:51
de9c72d5-9cbb-4b76-96ab-eceb33cd78d1,702fd453-3f19-4d07-9511-2fd39eda8654,Campaign 5,SMS,False,False,2024-03-10T12:33:51
40b511aa-f97b-425c-ae86-fdf7f0c2edb9,702fd453-3f19-4d07-9511-2fd39eda8654,Campaign 2,Social,True,True,2023-12-27T12:33:51
a411c7af-a447-4a74-b622-7849bce63f61,70415692-1554-4dfe-9446-aa68827a8b6e,Campaign 1,Social,True,True,2025-05-17T12:33:51
9a36d35f-d398-498a-82c3-4534d2ebe1af,7042f8c9-51b9-43e0-a794-8ed73b6f3f4a,Campaign 5,Social,True,True,2023-09-07T12:33:51
49f0f6c4-165a-4113-87b5-ebbe5a0972b3,70605461-68fe-46da-a8cd-a9be58563b12,Campaign 3,Email,False,False,2023-10-29T12:33:51
50c2dff2-971e-4926-805e-66a2f8c7e89a,70605461-68fe-46da-a8cd-a9be58563b12,Campaign 5,SMS,True,True,2024-08-21T12:33:51
90e89a13-28cd-49ae-ae2f-c6ff77faad6a,70605461-68fe-46da-a8cd-a9be58563b12,Campaign 1,Social,True,False,2023-10-07T12:33:51
f4332b65-4b1e-441f-bb2b-7d2d895bcd41,70605461-68fe-46da-a8cd-a9be58563b12,Campaign 10,Social,False,False,2024-10-06T12:33:51
dc8f6d9c-7d0a-4e9b-99c1-e23cb7a858d8,706ef961-3093-441e-9580-a7a3a2d8fd83,Campaign 9,Phone,False,True,2025-05-17T12:33:51
953bebd9-720e-4ef1-8afb-0e82f7a5082e,706ef961-3093-441e-9580-a7a3a2d8fd83,Campaign 8,SMS,False,False,2023-12-22T12:33:51
a624a664-8129-4b62-983a-7933765d4488,706ef961-3093-441e-9580-a7a3a2d8fd83,Campaign 7,SMS,True,True,2024-10-20T12:33:51
7241c54f-748c-4cca-a19e-a83a12da9aef,706ef961-3093-441e-9580-a7a3a2d8fd83,Campaign 3,Email,False,False,2024-05-01T12:33:51
0b2c56ce-8ba5-4443-bcc4-eec74755c36e,709352a6-1fef-4e08-bdfe-deb08f3bae35,Campaign 10,Social,True,True,2023-10-14T12:33:51
38368361-0089-4f9b-a0a6-8d1a89b9e7a4,709352a6-1fef-4e08-bdfe-deb08f3bae35,Campaign 5,SMS,True,False,2025-05-15T12:33:51
bfabbf65-7c2d-4f35-a425-6edd62911bd5,709352a6-1fef-4e08-bdfe-deb08f3bae35,Campaign 9,Social,True,False,2024-02-13T12:33:51
17f91161-4adf-4ae4-a939-a30a897c5742,709352a6-1fef-4e08-bdfe-deb08f3bae35,Campaign 2,Phone,True,True,2025-01-11T12:33:51
0a6baed9-3937-46f0-8e83-c17dd0b61192,70aea8c8-9a14-42ce-a6c8-e249b8dd281a,Campaign 6,Social,False,False,2024-05-10T12:33:51
078d7639-41a9-4d1d-b230-99c0a5b9f818,70aea8c8-9a14-42ce-a6c8-e249b8dd281a,Campaign 1,Email,False,True,2023-12-20T12:33:51
94814729-46ab-400b-99e8-36e11d6a0f61,70aea8c8-9a14-42ce-a6c8-e249b8dd281a,Campaign 3,Social,False,True,2023-11-14T12:33:51
3ea292fa-0cd7-4fdb-b500-0f7ce4033e8f,70e4a70d-9c73-4cd1-8bb9-88217c4b214e,Campaign 10,Social,False,True,2025-01-18T12:33:51
7b2402e4-53fd-4570-bd2c-01e52bdcb2ff,70e4a70d-9c73-4cd1-8bb9-88217c4b214e,Campaign 5,Phone,True,True,2024-06-15T12:33:51
06a55e52-81b7-4edc-af41-14ed02bdd347,70e4a70d-9c73-4cd1-8bb9-88217c4b214e,Campaign 1,Email,False,True,2023-09-19T12:33:51
938f2711-641e-4441-a80e-4082411747e8,70e4afbe-e0fb-4e0d-9739-8f87aa81d4d8,Campaign 10,Phone,True,True,2025-07-17T12:33:51
53f5ec29-9add-42a8-998a-3aa567c471a5,7144194b-bd30-4e4b-ba73-b86abe656b43,Campaign 10,Phone,False,False,2025-01-16T12:33:51
b23e5ae7-4b1e-4c71-8501-070905a0bd33,7144194b-bd30-4e4b-ba73-b86abe656b43,Campaign 2,SMS,True,False,2024-06-08T12:33:51
9213b774-aa85-48ed-80fe-a367b5ba53f4,7144194b-bd30-4e4b-ba73-b86abe656b43,Campaign 4,Social,False,False,2025-05-13T12:33:51
8f71a627-97ce-4b8d-8640-ff7be847f9cb,71774d31-5012-49e0-a968-230c56573c5b,Campaign 3,Social,False,True,2025-02-24T12:33:51
a50b814d-462c-4c85-bddc-0a0a808a63e7,71774d31-5012-49e0-a968-230c56573c5b,Campaign 5,Phone,True,False,2024-03-26T12:33:51
a329a996-8ed7-48f8-a12e-27f0ddc40767,71896438-d12a-4722-aceb-5bd712a4cc1e,Campaign 6,SMS,True,True,2024-03-13T12:33:51
ac305908-f02c-4804-b914-0872b8b55c2e,71896438-d12a-4722-aceb-5bd712a4cc1e,Campaign 2,Email,True,False,2025-08-04T12:33:51
c9693474-a7ca-4b2d-82c3-03910fd0540f,71896438-d12a-4722-aceb-5bd712a4cc1e,Campaign 10,Social,False,True,2024-10-12T12:33:51
b7df4225-ee33-4467-baed-7a3388d730ff,71a195b8-952b-4668-aec2-b25046f88a55,Campaign 7,Social,False,True,2024-01-22T12:33:51
6ff8600b-11a3-4d19-985b-d9e2ab0595a7,71a195b8-952b-4668-aec2-b25046f88a55,Campaign 3,Phone,True,False,2025-04-05T12:33:51
0361e40b-775d-40e5-840a-a476d2b38467,71a195b8-952b-4668-aec2-b25046f88a55,Campaign 5,Social,False,True,2024-10-01T12:33:51
9b6c6ebd-ec6a-4ecf-9fa7-ff172422d278,71d0f278-a5ac-4d10-ad46-809ca9e48d3a,Campaign 1,Email,False,False,2024-05-20T12:33:51
9912aad4-5b00-4595-968a-009fe65a8c27,71d0f278-a5ac-4d10-ad46-809ca9e48d3a,Campaign 4,Email,False,True,2025-05-21T12:33:51
0cdd5f76-7718-477a-8f05-df5cd7a87af2,71d0f278-a5ac-4d10-ad46-809ca9e48d3a,Campaign 7,Email,True,False,2023-10-18T12:33:51
9df5470a-002e-4085-9ee7-8c1a5865ea7d,71e79106-87b1-49b9-8735-78e565a3520f,Campaign 2,Social,False,False,2024-09-22T12:33:51
3676af62-6ef0-46a8-a859-dc13eef7361e,71fda347-4547-4c77-a264-6ee2bdced115,Campaign 10,Social,True,False,2023-09-18T12:33:51
63cef090-7509-4ee3-b29d-f0508da3d6b5,721d044b-385b-4fd3-badb-14b4d016aaf9,Campaign 3,SMS,False,True,2024-01-10T12:33:51
d9285faa-db99-4895-a088-b6830e9f9365,721d044b-385b-4fd3-badb-14b4d016aaf9,Campaign 6,SMS,True,False,2025-05-14T12:33:51
c26db017-a8af-4d53-bcac-7905b6e2f253,721d044b-385b-4fd3-badb-14b4d016aaf9,Campaign 5,SMS,True,False,2024-09-29T12:33:51
37c92b70-3b18-41ca-9eef-84102c8006cc,721d044b-385b-4fd3-badb-14b4d016aaf9,Campaign 6,Email,True,False,2023-12-26T12:33:51
8ceb05de-2c76-46e1-9d98-4a52b8a0c6ac,721ec9de-ae48-4a3d-bb34-adec030666e6,Campaign 2,Email,False,True,2024-03-03T12:33:51
5195ac0c-0b24-473b-b06f-5a5acf79d179,721ec9de-ae48-4a3d-bb34-adec030666e6,Campaign 5,Phone,True,False,2024-11-17T12:33:51
a272ee23-3675-46ba-8069-337f96ac068e,722fa3c2-b613-43e8-a0db-ff0030cfba64,Campaign 3,SMS,True,False,2023-11-05T12:33:51
c7f0cb1b-caf2-4976-82b0-385890d0e0db,722fa3c2-b613-43e8-a0db-ff0030cfba64,Campaign 8,Email,False,True,2025-08-17T12:33:51
82d0fe24-9a4e-4164-874c-cf71ed8966b1,722fa3c2-b613-43e8-a0db-ff0030cfba64,Campaign 8,Email,False,False,2024-06-08T12:33:51
013804eb-fd9e-478e-b6b7-d4d84378c229,722fa3c2-b613-43e8-a0db-ff0030cfba64,Campaign 4,Phone,True,True,2024-01-18T12:33:51
d135f4d0-e8b5-4e2f-bc7b-87ec5f9bd876,7243bad5-051a-4173-8fca-9e2aaedf5302,Campaign 2,SMS,True,False,2025-08-17T12:33:51
376f7406-beec-4ae8-8e4b-3f72d2bd4a4e,7243bad5-051a-4173-8fca-9e2aaedf5302,Campaign 5,Social,False,True,2024-03-13T12:33:51
3f2539c6-db38-47c8-816f-5df6efeeb223,7243bad5-051a-4173-8fca-9e2aaedf5302,Campaign 2,SMS,True,False,2024-04-12T12:33:51
59fe1e74-1fd5-4582-8205-b28a9edea438,7243bad5-051a-4173-8fca-9e2aaedf5302,Campaign 4,Phone,True,True,2024-01-29T12:33:51
8078d0ed-5d09-4516-b272-64c5f962f41d,72498ce6-c681-411c-b246-af1b88dc448e,Campaign 3,Email,False,True,2024-04-15T12:33:51
0ade2088-3439-4719-adbc-5eee411c645f,724b0662-be32-4adf-b63e-6d0a69fa3e3b,Campaign 6,Email,True,False,2023-12-25T12:33:51
c01b0dcf-1d07-473a-92be-a1196166428c,7256c0e5-06c8-4c8b-85af-e0175599789b,Campaign 6,Phone,True,True,2025-01-20T12:33:51
22ebf10a-80c3-4cf1-81d3-e122e26b49d4,72640ec6-a58a-4646-b46c-e2e72a162e7a,Campaign 9,Phone,False,True,2023-11-07T12:33:51
bc5a233a-4338-4906-9a37-215f8c39d566,72640ec6-a58a-4646-b46c-e2e72a162e7a,Campaign 5,SMS,True,True,2024-01-11T12:33:51
f5845f93-616b-48d8-bfcd-c2a9d28b0719,72640ec6-a58a-4646-b46c-e2e72a162e7a,Campaign 9,SMS,True,True,2024-05-08T12:33:51
c5e7363c-0713-474b-94ca-876518aafc2d,72640ec6-a58a-4646-b46c-e2e72a162e7a,Campaign 7,Social,False,False,2024-03-24T12:33:51
ada83102-8c6e-4f9c-a5b7-d0e40a9a92d7,72640ec6-a58a-4646-b46c-e2e72a162e7a,Campaign 7,Email,True,False,2024-12-12T12:33:51
7dca0469-3509-4b82-8ec7-736b78f3c0a3,72cb67ff-562a-49bd-9c31-b8d802b27789,Campaign 8,Email,False,True,2025-01-20T12:33:51
104a67cb-3a57-495b-b6bb-e560e8f4c72a,72d55689-400b-4576-9815-44f78a139166,Campaign 4,Email,True,True,2024-03-07T12:33:51
b16243c0-d8b9-4367-92b0-b57943c4841d,72d55689-400b-4576-9815-44f78a139166,Campaign 3,Social,False,True,2023-12-10T12:33:51
098dfd60-a75c-4a0b-8098-c928e795d165,72d55689-400b-4576-9815-44f78a139166,Campaign 10,Social,True,True,2025-02-25T12:33:51
9636aa63-2ce5-4d78-a9bd-f108108ab7e8,72d55689-400b-4576-9815-44f78a139166,Campaign 5,Phone,True,False,2025-01-18T12:33:51
73244db6-5e41-4fca-817f-457ab6a9e92b,72d98ef2-1157-4ac4-b160-3c251f8af2a9,Campaign 4,Phone,False,False,2024-05-19T12:33:51
217ef717-df16-4a67-9e11-d902792a4605,72d98ef2-1157-4ac4-b160-3c251f8af2a9,Campaign 2,SMS,False,True,2025-01-21T12:33:51
dac3ed21-9b1d-4ae9-8173-385b567fd505,72d98ef2-1157-4ac4-b160-3c251f8af2a9,Campaign 3,Phone,False,False,2024-08-31T12:33:51
fdbbdbb1-83c3-4dcd-b8ae-594e9d29065e,72d98ef2-1157-4ac4-b160-3c251f8af2a9,Campaign 7,Email,False,False,2024-05-31T12:33:51
3bcbe28d-6f0e-4683-a52d-d41568a70cf9,72dcbaa9-2f99-4ecd-bdb6-c1729a27f9ef,Campaign 6,Email,True,True,2025-07-27T12:33:51
cec335af-d5bd-4aac-86ea-39c6458d36e6,72dcbaa9-2f99-4ecd-bdb6-c1729a27f9ef,Campaign 7,Phone,True,True,2024-01-18T12:33:51
8ba2d43a-eed4-46e5-a2e5-4118d9e93319,72dcbaa9-2f99-4ecd-bdb6-c1729a27f9ef,Campaign 1,SMS,False,False,2024-07-06T12:33:51
c57d7801-0a2d-44be-843d-dbe54e813fe8,72dcbaa9-2f99-4ecd-bdb6-c1729a27f9ef,Campaign 7,Phone,False,True,2024-07-03T12:33:51
841503c2-de0a-4956-8d65-033c35d429c1,72ea8d86-176c-4b42-b9fe-17aa98fc794d,Campaign 8,Email,False,False,2025-01-26T12:33:51
9e1853cb-8fd3-481e-8d0e-cf082b3a8357,72ea8d86-176c-4b42-b9fe-17aa98fc794d,Campaign 8,Social,False,False,2024-10-04T12:33:51
fe1bd811-3aa7-4de7-a7c6-473ad4e8056a,72ea8d86-176c-4b42-b9fe-17aa98fc794d,Campaign 6,Phone,True,True,2024-06-21T12:33:51
fea5b2c1-dd6a-4356-9a00-52f0a529a247,72ea8d86-176c-4b42-b9fe-17aa98fc794d,Campaign 8,Social,False,False,2024-11-29T12:33:51
d61940e8-a9de-4ebc-b563-4211c291042f,72ea8d86-176c-4b42-b9fe-17aa98fc794d,Campaign 7,Phone,True,True,2024-08-22T12:33:51
5123924a-e493-4c92-a8ad-322a8bb015ce,72f246cf-48f3-4013-aeb2-e3636ccebf6a,Campaign 1,SMS,False,True,2024-07-08T12:33:51
d8174d4f-3aa7-4840-8754-593b96e37bf3,72f246cf-48f3-4013-aeb2-e3636ccebf6a,Campaign 4,Email,True,True,2023-09-24T12:33:51
87a6f94a-bcc1-40f8-905c-ff8d8bf29276,72f246cf-48f3-4013-aeb2-e3636ccebf6a,Campaign 4,Email,True,True,2023-10-18T12:33:51
987c7256-7995-4f13-a4ad-29e1fa0d4de8,72f246cf-48f3-4013-aeb2-e3636ccebf6a,Campaign 2,Email,True,False,2023-11-08T12:33:51
486f3753-2193-40e6-90ac-2857cec4287b,72f246cf-48f3-4013-aeb2-e3636ccebf6a,Campaign 10,SMS,True,False,2025-08-17T12:33:51
e450adcc-be02-492f-8be0-677f13a24047,731bd10c-0ea8-4d1b-8e1b-dc7d3a6aa4db,Campaign 9,Phone,False,False,2025-07-15T12:33:51
141cdab7-adb8-4683-bc0a-bffd65f91155,7327de32-1fb3-477b-867b-85df579bdb79,Campaign 3,Social,False,False,2024-01-02T12:33:51
f78e47ad-067d-4601-bca6-39fe301f275b,7327de32-1fb3-477b-867b-85df579bdb79,Campaign 7,Social,False,False,2025-07-15T12:33:51
9ae53098-1764-4c59-b97b-37a7a23c8eea,7327de32-1fb3-477b-867b-85df579bdb79,Campaign 6,Phone,False,True,2024-03-22T12:33:51
9ee3eace-932c-4b39-a595-0edbfee3220e,7327de32-1fb3-477b-867b-85df579bdb79,Campaign 5,Social,False,True,2025-08-02T12:33:51
63e742ca-b14e-49e3-a877-b96e95aac7e4,7327de32-1fb3-477b-867b-85df579bdb79,Campaign 7,Email,True,True,2024-10-01T12:33:51
8d4e1071-4b3a-4727-99dc-2ac767809c1d,73320fcd-d6ec-4938-b84c-6546e5e1353e,Campaign 2,SMS,True,True,2024-12-23T12:33:51
d33ba11c-2ed4-4988-a9bd-86c962796652,73320fcd-d6ec-4938-b84c-6546e5e1353e,Campaign 10,Social,True,True,2023-11-16T12:33:51
7a1a1f70-7eba-4505-94fd-a25abc193481,73320fcd-d6ec-4938-b84c-6546e5e1353e,Campaign 1,SMS,False,True,2025-05-25T12:33:51
503e6c38-ff6e-4887-892a-08af84910c71,73320fcd-d6ec-4938-b84c-6546e5e1353e,Campaign 10,Phone,False,False,2023-12-19T12:33:51
363e1631-db68-469c-a60b-e14e46293f7c,733893d4-6668-4b7b-8b53-915f3d577ead,Campaign 4,Phone,False,False,2024-05-09T12:33:51
a12e5536-f7d3-40f5-87c2-d7d0cbc445d2,735c8f0a-f4c8-47b0-9554-5c4ea7ffe79f,Campaign 8,Phone,False,True,2024-03-27T12:33:51
c9f5149e-4483-43a6-81eb-a059cacb7f59,735c8f0a-f4c8-47b0-9554-5c4ea7ffe79f,Campaign 9,Phone,False,True,2024-01-09T12:33:51
559ff05e-f269-4478-8704-78faa23284fb,735cf305-cc16-4e2a-8886-246f57a833ed,Campaign 7,Phone,True,False,2023-11-16T12:33:51
c96673bd-324d-49c1-bb84-cd012f45d8b5,735cf305-cc16-4e2a-8886-246f57a833ed,Campaign 4,Phone,False,True,2024-02-17T12:33:51
c9a51065-092d-4798-814f-cccb1289a03d,735cf305-cc16-4e2a-8886-246f57a833ed,Campaign 8,Phone,True,False,2024-11-21T12:33:51
d01eaade-033e-4e05-a061-a13101162c32,735cf305-cc16-4e2a-8886-246f57a833ed,Campaign 2,Email,True,False,2024-06-16T12:33:51
8924e4b7-ea32-4dc4-8d95-10e844fe1f77,735cf305-cc16-4e2a-8886-246f57a833ed,Campaign 6,Email,False,False,2025-05-27T12:33:51
60966196-84f5-4f23-9e20-70757e8d483a,736e4593-5806-4745-b109-9a65677529b6,Campaign 9,SMS,False,False,2025-01-01T12:33:51
353f279f-eb41-4c7b-8cd6-a30fc17b3ef9,738e5d65-3984-4111-a233-9a5a5876f387,Campaign 3,Phone,False,True,2025-05-27T12:33:51
4cf0bff8-1ca4-40c6-8fba-343727702ed0,738e5d65-3984-4111-a233-9a5a5876f387,Campaign 5,SMS,False,True,2025-03-17T12:33:51
6e004170-d3e8-4836-b6c8-b6cc7e34a5fd,738e5d65-3984-4111-a233-9a5a5876f387,Campaign 1,Email,True,False,2023-11-23T12:33:51
07010c47-cf15-421d-8b9d-8d30f738ee09,738e5d65-3984-4111-a233-9a5a5876f387,Campaign 9,Social,False,False,2024-04-26T12:33:51
98f86704-be03-46ab-be10-3264346de0bf,738e5d65-3984-4111-a233-9a5a5876f387,Campaign 4,Social,False,False,2024-02-02T12:33:51
56cf0f8a-9fbf-4f58-9626-17b64ccb402e,73a7bafa-320d-49fc-924d-2974054e7bf0,Campaign 4,Phone,False,True,2024-03-28T12:33:51
7d59a5e5-5823-4345-becb-9ab279d3dfbb,73a7bafa-320d-49fc-924d-2974054e7bf0,Campaign 8,SMS,False,False,2024-05-24T12:33:51
7206096e-06c2-4f2f-8478-262c453a2c45,7425af47-5edd-47d1-9095-54bbd02be9da,Campaign 9,Social,False,False,2024-09-21T12:33:51
6060cc33-c78b-49f0-a2a3-c6ece455d77d,7425af47-5edd-47d1-9095-54bbd02be9da,Campaign 8,SMS,True,True,2024-01-10T12:33:51
fc81bc12-2027-4ec7-a2f6-1ddf2e39ac53,7425af47-5edd-47d1-9095-54bbd02be9da,Campaign 5,Social,True,False,2024-04-11T12:33:51
e4a394da-7be2-494d-a93a-b99c809f104e,7425af47-5edd-47d1-9095-54bbd02be9da,Campaign 4,SMS,False,False,2024-09-21T12:33:51
90235785-962d-4724-b2f0-7f3a0c8c1b5d,743429e5-3c4f-4700-b377-cf7e54efe4fd,Campaign 7,Email,True,True,2024-01-28T12:33:51
edad73db-6838-4fce-a2f5-1e94162ad8a4,743429e5-3c4f-4700-b377-cf7e54efe4fd,Campaign 2,Email,False,True,2024-06-08T12:33:51
b03d50a3-0172-4d1a-a3ba-c446822acf2e,747f3cfe-add0-4b87-ad78-2a5b57264694,Campaign 10,Social,False,False,2024-03-21T12:33:51
a9a5d219-ef67-4e66-bde1-30404b3300ee,747f3cfe-add0-4b87-ad78-2a5b57264694,Campaign 9,Social,False,True,2024-07-17T12:33:51
079960e0-5b16-450c-a41b-dd4609361e2f,74a5b0af-0c1c-49b2-827c-33b0388858b1,Campaign 1,SMS,True,True,2024-04-21T12:33:51
e01a953a-ca54-4c58-bf6c-5c4f25bb50ba,74bcb8f5-9631-48f6-9837-e94b83c90594,Campaign 7,SMS,False,True,2024-10-13T12:33:51
bf9d5234-4c92-4ffc-8cf2-dea036d7d386,74bcb8f5-9631-48f6-9837-e94b83c90594,Campaign 6,Email,True,False,2024-11-14T12:33:51
94604b75-419b-46e7-a7f4-1c1cf4fdd3e2,74bcb8f5-9631-48f6-9837-e94b83c90594,Campaign 9,Phone,False,False,2025-06-14T12:33:51
fcecfea8-503c-4482-bea2-b7d316361415,74dc02ef-56ca-4a05-a5a8-e5477bef7392,Campaign 9,SMS,False,False,2024-01-22T12:33:51
9bd9177d-3fc6-4f2f-90c1-df990b2ff927,74dc02ef-56ca-4a05-a5a8-e5477bef7392,Campaign 3,Phone,False,False,2024-08-22T12:33:51
c770452f-e99a-473e-8007-32e8e273dc42,74dc02ef-56ca-4a05-a5a8-e5477bef7392,Campaign 1,Social,True,True,2023-10-09T12:33:51
166bb0ed-9c20-4217-85d0-77d1c0101299,74dc02ef-56ca-4a05-a5a8-e5477bef7392,Campaign 4,Social,False,False,2024-10-15T12:33:51
f2136f48-d7de-4022-a73c-f196347e1201,753dd4eb-cd0e-48eb-9ab1-9694f36d1fe1,Campaign 5,SMS,True,True,2025-03-15T12:33:51
68f69ea4-b858-484d-a890-55d05f499c28,753dd4eb-cd0e-48eb-9ab1-9694f36d1fe1,Campaign 4,Email,False,True,2024-01-17T12:33:51
17633735-1fac-4fdf-b4b9-f447b172c499,753dd4eb-cd0e-48eb-9ab1-9694f36d1fe1,Campaign 1,SMS,True,False,2024-01-26T12:33:51
598f0060-63d9-471a-b5a4-a36118fa3e86,753dd4eb-cd0e-48eb-9ab1-9694f36d1fe1,Campaign 1,Phone,True,True,2024-03-16T12:33:51
c897c987-177d-42f4-a792-ee3b4417b348,756663aa-9f90-41c7-acb8-d4e132100277,Campaign 5,Social,True,False,2023-09-12T12:33:51
1fb61f12-5514-48c6-9043-f874dcb4c2c5,756e8866-cb0a-44a8-81bc-f9ed445d29f2,Campaign 9,Social,True,True,2024-12-04T12:33:51
74b2e7c0-f87a-4e39-92a0-3542cb7327f6,75ae0f86-3fa2-4ff6-a144-327ec3029b59,Campaign 6,Social,False,True,2024-09-14T12:33:51
b567c637-e74c-494c-b7fb-d32e63f82d90,75ae0f86-3fa2-4ff6-a144-327ec3029b59,Campaign 3,Social,False,True,2024-07-23T12:33:51
3730b112-9684-4951-ac2d-2ab8aa6a94da,75ae0f86-3fa2-4ff6-a144-327ec3029b59,Campaign 3,Phone,True,False,2024-01-12T12:33:51
3b539c40-8e46-4f0a-b68c-4a041c732019,760c8c98-997c-4b79-9db0-82c8eb3efb37,Campaign 10,Social,True,False,2025-02-15T12:33:51
1987f7b2-81b4-42e9-b0ff-dee735d42994,760c8c98-997c-4b79-9db0-82c8eb3efb37,Campaign 8,Email,False,True,2025-05-10T12:33:51
166f5d1b-0651-4ff8-8f83-87f337269e04,760c8c98-997c-4b79-9db0-82c8eb3efb37,Campaign 7,Email,False,False,2024-07-16T12:33:51
db02dfd2-a4d8-4b55-91da-e09f0501b40e,7610d3ae-7730-456e-bb12-37af3a444062,Campaign 9,SMS,False,False,2024-05-23T12:33:51
9ee9d5b1-b5d7-4472-b6bc-b4e1963e8bce,7610d3ae-7730-456e-bb12-37af3a444062,Campaign 6,SMS,False,True,2024-07-30T12:33:51
aa9b7597-4a74-437d-be1e-45e166470786,7610d3ae-7730-456e-bb12-37af3a444062,Campaign 10,SMS,False,False,2024-12-09T12:33:51
e4c4fe54-4ee6-4e45-a418-eb7937908ace,7628f5d1-ef0b-4b75-a7bd-dec5ae88850d,Campaign 6,Email,False,False,2025-03-11T12:33:51
c69136ca-2658-4dde-a9b7-89a625d4d1e3,7628f5d1-ef0b-4b75-a7bd-dec5ae88850d,Campaign 9,Social,False,False,2024-05-18T12:33:51
7e62ae71-4b07-44ee-ba0b-dd7ecdffa12f,7628f5d1-ef0b-4b75-a7bd-dec5ae88850d,Campaign 4,Email,False,False,2025-04-14T12:33:51
9e88f6ed-d2c0-4716-9e7a-93c0bdfa720e,7628f5d1-ef0b-4b75-a7bd-dec5ae88850d,Campaign 7,Social,False,False,2024-05-25T12:33:51
0291023c-3ec2-4974-aae0-ad964eb1ca4b,7628f5d1-ef0b-4b75-a7bd-dec5ae88850d,Campaign 8,Social,True,True,2024-07-19T12:33:51
b88f8b15-cd9d-4e6f-b3cf-f5187c77bbde,764c8faf-fd21-438e-91e4-a991a5f166a7,Campaign 7,Social,True,False,2023-09-26T12:33:51
8d3dfbef-5b64-4fff-822e-3420b04f1925,764c8faf-fd21-438e-91e4-a991a5f166a7,Campaign 8,Social,False,False,2024-04-15T12:33:51
bf1827c3-af5d-4030-920e-ec34ed064777,764c8faf-fd21-438e-91e4-a991a5f166a7,Campaign 9,Social,False,True,2024-05-12T12:33:51
48a8273b-d154-4c7f-9b40-9a899ba4b12b,7661e9e7-415f-4e74-9c25-98fcf23531fc,Campaign 5,Social,False,True,2023-11-05T12:33:51
dbd762c5-b1e0-4c8a-a608-d8650c7912de,7661e9e7-415f-4e74-9c25-98fcf23531fc,Campaign 7,Email,False,False,2025-04-01T12:33:51
d7d0dc5f-0796-4621-b6bf-344bbaa2e0ea,7661e9e7-415f-4e74-9c25-98fcf23531fc,Campaign 1,SMS,True,True,2024-09-06T12:33:51
fd96320f-7704-4550-8bd3-a21f180c938c,7661e9e7-415f-4e74-9c25-98fcf23531fc,Campaign 2,Social,True,True,2024-08-06T12:33:51
aecfd4a3-0a40-461d-8b3a-5a43b7f27d18,7661e9e7-415f-4e74-9c25-98fcf23531fc,Campaign 9,SMS,False,True,2024-06-12T12:33:51
9ceae909-fb6f-4dfd-97e6-d7b0ed1f86f3,7667da40-5c39-41f1-9697-07b379e1a049,Campaign 5,Phone,False,False,2023-11-11T12:33:51
0e676486-d01a-4cb1-ba21-a5c9162f5c68,7667da40-5c39-41f1-9697-07b379e1a049,Campaign 5,Email,False,False,2024-09-04T12:33:51
afc43386-28f8-47d0-b3c7-69a4e6e6efb2,7667da40-5c39-41f1-9697-07b379e1a049,Campaign 5,SMS,False,False,2025-07-04T12:33:51
292fb43a-5c2b-4d38-b312-06090971d680,769606be-a02d-44f5-a557-6884d2fa1729,Campaign 7,Email,False,False,2025-05-02T12:33:51
72552541-4966-422b-bbf8-5c18e1e05227,769606be-a02d-44f5-a557-6884d2fa1729,Campaign 6,Phone,True,True,2025-03-16T12:33:51
58c445fb-a0fc-4da9-a3b4-b18c972f9144,769606be-a02d-44f5-a557-6884d2fa1729,Campaign 10,Social,False,False,2024-04-03T12:33:51
c653fb4d-0a04-44a0-92b9-d9b365e0eabe,769f1f98-185a-4d47-b69e-4b033e4d2b3b,Campaign 1,Email,True,True,2023-12-18T12:33:51
afade3db-b5e5-495d-b430-6212e0e9206e,76d05281-0f52-4027-829f-74dfe9ddd5d8,Campaign 7,Email,True,False,2023-12-24T12:33:51
2fd769fd-e336-4e86-b995-3082e3fe045b,76d05281-0f52-4027-829f-74dfe9ddd5d8,Campaign 3,Phone,True,True,2025-06-29T12:33:51
f34f73aa-0757-4071-abc3-106f8e118db9,76d05281-0f52-4027-829f-74dfe9ddd5d8,Campaign 3,Social,False,True,2023-12-19T12:33:51
a62197ed-1ae4-483d-a95c-361482ee9789,76d05281-0f52-4027-829f-74dfe9ddd5d8,Campaign 2,SMS,False,False,2024-08-26T12:33:51
36b661fd-c2c0-476e-bf20-b6abf7546fd9,771dc2ea-86d9-4c6a-852f-f6757880da11,Campaign 1,Email,True,True,2025-04-14T12:33:51
f7b37cf4-4900-4070-9552-5412806878e8,771dc2ea-86d9-4c6a-852f-f6757880da11,Campaign 10,Phone,True,False,2023-09-09T12:33:51
ac4ae103-16be-46bc-bd00-5c191e38e5c1,771dc2ea-86d9-4c6a-852f-f6757880da11,Campaign 1,Phone,True,False,2024-06-26T12:33:51
5b26bade-1e63-4b37-836f-cae822febf38,771dc2ea-86d9-4c6a-852f-f6757880da11,Campaign 4,Email,False,False,2025-05-25T12:33:51
e38496ae-e049-4bd0-8c2d-1b0471b2eb49,771dc2ea-86d9-4c6a-852f-f6757880da11,Campaign 10,Social,False,False,2024-11-18T12:33:51
efca8fcc-68c4-4bd3-b33f-ef18f1e8f9b0,772ba019-7c0c-4c76-baaf-01fc34f3d4c9,Campaign 2,Phone,False,False,2024-01-27T12:33:51
e2a67961-f13a-484e-aa33-93f9915d6cfd,772ba019-7c0c-4c76-baaf-01fc34f3d4c9,Campaign 10,Email,True,False,2025-05-20T12:33:51
529cc713-fbe1-4171-9e7d-a2ea245b5475,772ba019-7c0c-4c76-baaf-01fc34f3d4c9,Campaign 3,Phone,True,False,2025-01-13T12:33:51
5f5f4da7-bc25-4cad-a165-79bb5501cd5e,7743f1e2-785c-459a-b882-78f5dc9e7979,Campaign 2,Email,True,True,2025-01-06T12:33:51
ed4bce2e-3297-46a9-9554-afb0afcbc55b,7743f1e2-785c-459a-b882-78f5dc9e7979,Campaign 2,Email,False,True,2025-06-23T12:33:51
7c9bee1b-eda0-4e93-8a15-1ab10dd4387a,7743f1e2-785c-459a-b882-78f5dc9e7979,Campaign 10,Social,True,True,2025-04-28T12:33:51
cc2efaf8-cf34-4591-9696-0d2027049be6,7743f1e2-785c-459a-b882-78f5dc9e7979,Campaign 5,Email,True,False,2024-07-24T12:33:51
845f3f81-4275-481c-96c2-5169d6701795,7743f1e2-785c-459a-b882-78f5dc9e7979,Campaign 3,Email,False,True,2023-09-30T12:33:51
30fbc1b5-fc36-4677-b173-9832d9bcf454,775eba9e-765c-4ac8-948f-e949945ba7a4,Campaign 10,SMS,True,True,2024-10-06T12:33:51
3de156f8-6a39-4818-8554-e2f09d1dc7af,775eba9e-765c-4ac8-948f-e949945ba7a4,Campaign 1,SMS,True,False,2023-11-22T12:33:51
3241f743-e30c-4c63-bb66-7244d68018bc,775eba9e-765c-4ac8-948f-e949945ba7a4,Campaign 5,Phone,False,False,2024-04-26T12:33:51
d6d54ba0-ecc3-41ee-aeee-ea6fa65818ba,777776ff-ba1d-48a6-b706-9bbc05c22efd,Campaign 5,Phone,True,True,2023-08-31T12:33:51
d85b1392-bb49-4f85-b384-62e40be4569b,77d08491-a608-4a20-b1a5-41170b28e51b,Campaign 8,SMS,False,True,2025-02-18T12:33:51
41d9190d-6b22-4bfd-a5cf-e2823845048c,77d08491-a608-4a20-b1a5-41170b28e51b,Campaign 9,Social,True,False,2023-11-03T12:33:51
7e789dbc-d8b1-4be9-a60b-84bdce97cb22,77d08491-a608-4a20-b1a5-41170b28e51b,Campaign 1,Phone,False,True,2024-10-16T12:33:51
34389ac3-94de-41b9-9bd7-603bacc78bc6,78170828-ae3b-48aa-a0d8-b055488bc14e,Campaign 5,SMS,True,True,2025-06-02T12:33:51
e4e65e94-55f3-4cef-bd40-fc4d7904887e,78170828-ae3b-48aa-a0d8-b055488bc14e,Campaign 4,Phone,True,False,2024-03-26T12:33:51
fe18aeb8-077c-4c65-ab71-2aa1db01472a,78170828-ae3b-48aa-a0d8-b055488bc14e,Campaign 9,Email,False,True,2024-12-25T12:33:51
76607bea-658f-4c57-b041-08a2d6d56418,7840ea91-526f-4c49-9f51-b8d575593ace,Campaign 4,Phone,True,False,2024-01-22T12:33:51
1f894bf8-de27-481e-9936-23af680683e6,7840ea91-526f-4c49-9f51-b8d575593ace,Campaign 7,Phone,False,False,2023-12-15T12:33:51
acf6d3ad-54da-41e2-972d-4730374c27c8,7840ea91-526f-4c49-9f51-b8d575593ace,Campaign 3,SMS,True,False,2024-08-25T12:33:51
b5fc1adb-dc64-466d-be3b-30e9b87fd2f2,7840ea91-526f-4c49-9f51-b8d575593ace,Campaign 3,Email,False,True,2024-05-27T12:33:51
871e2408-2118-4154-a4df-9843ca4440ac,784976b4-a654-4f49-8337-4c8d4115eb10,Campaign 10,SMS,True,True,2024-09-09T12:33:51
7df7c28e-5a30-4ef6-82c5-3c456f46c392,784976b4-a654-4f49-8337-4c8d4115eb10,Campaign 3,Phone,True,False,2024-03-12T12:33:51
28cfd6ec-0e86-4556-b380-ea2df8218a79,784976b4-a654-4f49-8337-4c8d4115eb10,Campaign 3,Social,False,False,2023-12-18T12:33:51
794a4190-26fe-4307-8e1c-84f5c265ac77,784976b4-a654-4f49-8337-4c8d4115eb10,Campaign 10,Social,False,True,2023-09-13T12:33:51
8e423769-d955-4906-81b4-825504f9a93b,784976b4-a654-4f49-8337-4c8d4115eb10,Campaign 8,Phone,False,True,2023-11-10T12:33:51
151ccf58-34be-4c44-b685-c185c63b65ec,786ffa59-f8e2-4497-aecc-0a520daf30fb,Campaign 6,Phone,False,True,2024-07-17T12:33:51
af2badd5-04b8-4369-b564-10866902e042,786ffa59-f8e2-4497-aecc-0a520daf30fb,Campaign 10,Social,True,False,2025-03-27T12:33:51
8efb66f3-a9a4-4633-9732-3cf1371aec1f,786ffa59-f8e2-4497-aecc-0a520daf30fb,Campaign 7,Phone,True,False,2024-05-15T12:33:51
94d0d69e-ac34-46c8-ba3f-37d304ac88d9,78c163fd-54c0-48b0-a9c8-53003106c2b2,Campaign 8,Email,False,True,2024-08-15T12:33:51
9b473f7f-8b9a-4ef7-a19d-3aaf92ce6e4b,78c163fd-54c0-48b0-a9c8-53003106c2b2,Campaign 5,Phone,False,False,2025-08-17T12:33:51
d44e9468-d4fe-4fcc-9f65-362f8e7e79f4,78c163fd-54c0-48b0-a9c8-53003106c2b2,Campaign 6,Social,True,False,2024-07-14T12:33:51
114a493d-9c77-40d7-9cd2-e7f77adf321e,78d4e9ff-bd52-4c83-bc8d-fdc6c9136e39,Campaign 2,Social,False,True,2025-05-12T12:33:51
589d00ce-7b4b-453c-a0fc-179d363d8d31,78d4e9ff-bd52-4c83-bc8d-fdc6c9136e39,Campaign 5,SMS,False,True,2024-09-17T12:33:51
00905c3e-99db-413b-a6d9-70731bbaad6f,78d4e9ff-bd52-4c83-bc8d-fdc6c9136e39,Campaign 8,Phone,False,True,2024-05-08T12:33:51
29efcc4e-9392-4667-844b-4b6c293d3c33,78d4e9ff-bd52-4c83-bc8d-fdc6c9136e39,Campaign 3,Email,False,False,2024-01-13T12:33:51
6ecc8104-a010-440a-a052-83dd32d41286,78d4e9ff-bd52-4c83-bc8d-fdc6c9136e39,Campaign 9,Phone,False,False,2025-01-27T12:33:51
9625a500-6fbe-48e2-bc37-5860b5d5e132,78d798ae-5fc8-4bad-a4a1-80e47835ec09,Campaign 3,Email,True,False,2025-04-24T12:33:51
4b66a16e-c08b-411e-aa14-bb8535f608ec,78d798ae-5fc8-4bad-a4a1-80e47835ec09,Campaign 3,Social,False,True,2024-10-09T12:33:51
24b83961-37ee-49d5-9223-1463fcdc7546,78d798ae-5fc8-4bad-a4a1-80e47835ec09,Campaign 10,Email,False,False,2024-01-24T12:33:51
e70b8f1a-f967-4e4a-b5b3-fd2649b2f21e,78d798ae-5fc8-4bad-a4a1-80e47835ec09,Campaign 5,Social,True,False,2024-06-17T12:33:51
2b0999ef-3bbe-460d-9bf3-c2b13e1528af,78d798ae-5fc8-4bad-a4a1-80e47835ec09,Campaign 5,Phone,True,False,2024-02-17T12:33:51
971ebde3-5407-4959-aef1-db3b936cb08b,78e30c1f-3001-4a92-afff-6d2f029829e0,Campaign 4,Email,False,True,2024-05-03T12:33:51
156cf38c-1e5b-424e-8315-dc6d3d2b3cb1,78e7527f-d85a-4433-87e1-59448d3f1c44,Campaign 9,Phone,False,True,2025-07-25T12:33:51
41c8be56-9816-4f61-a1f8-6fd2ce3ae9da,78e7527f-d85a-4433-87e1-59448d3f1c44,Campaign 4,Phone,False,False,2024-12-18T12:33:51
db014790-88ff-4a17-991c-98be0192b92b,78e7527f-d85a-4433-87e1-59448d3f1c44,Campaign 4,Email,True,True,2025-03-09T12:33:51
706a6db6-4327-4937-be68-0b8d693e8ab2,78e7527f-d85a-4433-87e1-59448d3f1c44,Campaign 2,SMS,True,False,2024-04-15T12:33:51
fd84da3a-4c65-4fd8-9284-9d4252505ccc,78e7527f-d85a-4433-87e1-59448d3f1c44,Campaign 9,SMS,True,False,2025-06-24T12:33:51
e49e92a6-de19-4fcd-9b2e-64eca129d12e,78f11e9e-afc1-4a1c-9266-f3ee5e2d2933,Campaign 4,SMS,False,True,2025-03-24T12:33:51
a73f5744-ac04-45ce-b8ad-6a09bf4ab770,78f11e9e-afc1-4a1c-9266-f3ee5e2d2933,Campaign 5,Social,True,False,2024-12-25T12:33:51
cf57e9d1-99c9-4026-89ce-9faca6d5da63,78f11e9e-afc1-4a1c-9266-f3ee5e2d2933,Campaign 5,Email,False,False,2024-11-21T12:33:51
b26718ce-4c6b-4011-b8cb-685e62be0bc4,78f11e9e-afc1-4a1c-9266-f3ee5e2d2933,Campaign 2,Phone,False,True,2024-12-10T12:33:51
ac5a8863-1dfd-47f5-9f89-01853b3f758f,79ce593e-4858-4ec1-b3c9-05661e25d4eb,Campaign 4,Phone,True,False,2023-12-31T12:33:51
335c9fd1-7ccf-4591-bb21-9d100349a72d,79ce593e-4858-4ec1-b3c9-05661e25d4eb,Campaign 1,SMS,False,False,2023-10-07T12:33:51
6061c304-7e6e-4700-9c56-cffb440c40df,79ce593e-4858-4ec1-b3c9-05661e25d4eb,Campaign 8,Social,True,False,2024-06-13T12:33:51
a7443a79-89e2-4037-9b53-d5a5d26042e9,79d0c8a5-cccb-4e2b-9b7f-5c1754b5a664,Campaign 4,Email,True,False,2024-12-01T12:33:51
a6fba97e-0fd1-4465-aae1-425a3638165b,79d0c8a5-cccb-4e2b-9b7f-5c1754b5a664,Campaign 2,SMS,False,True,2025-01-23T12:33:51
2b6b351f-8843-4493-9324-cf88f99a802b,79d0c8a5-cccb-4e2b-9b7f-5c1754b5a664,Campaign 6,SMS,False,False,2025-05-07T12:33:51
e1a6486b-ad31-472f-91dd-b027a9084127,79d0c8a5-cccb-4e2b-9b7f-5c1754b5a664,Campaign 7,Email,False,False,2025-02-04T12:33:51
76b5a465-4f02-46a0-aaf1-031c7766535b,79d0c8a5-cccb-4e2b-9b7f-5c1754b5a664,Campaign 1,Social,True,True,2023-11-29T12:33:51
45af4c8b-d14a-44ae-8e20-35a24bd479dc,79d37ebf-dfe7-43a1-96ab-fb99154550c7,Campaign 5,SMS,True,False,2024-06-12T12:33:51
34bc7640-9ba7-4609-8f0e-eeed1e2aacb4,79d665d3-26ec-4608-8441-9c01986bc12f,Campaign 6,Email,False,False,2024-06-29T12:33:51
689fd8e9-237e-4a82-957f-74cad7da1ecf,79d665d3-26ec-4608-8441-9c01986bc12f,Campaign 4,Phone,True,True,2024-01-07T12:33:51
2fed75b8-af09-4d37-a579-d50b776ce473,79d665d3-26ec-4608-8441-9c01986bc12f,Campaign 9,Phone,True,False,2023-10-12T12:33:51
217ff655-9998-4259-8149-5a4eceb8af4d,79d665d3-26ec-4608-8441-9c01986bc12f,Campaign 4,Phone,True,True,2025-03-02T12:33:51
fd19d16d-f362-4e26-9f18-fbdaab77663f,79d665d3-26ec-4608-8441-9c01986bc12f,Campaign 6,Phone,True,False,2024-05-28T12:33:51
1aeaa8e7-7877-4f60-b4d7-55818e6ae685,79f53e17-ca5a-4213-baaa-4ec70100faa0,Campaign 8,Social,True,True,2025-03-27T12:33:51
3fa6ef66-490a-4474-ac32-b0e19ca2ece8,79f53e17-ca5a-4213-baaa-4ec70100faa0,Campaign 5,Email,True,False,2023-10-01T12:33:51
4fdad410-f00a-4d8c-bdc5-2dd25b012363,7a2eaa46-8a10-4586-a17d-e9b94530250a,Campaign 6,Phone,False,True,2023-09-07T12:33:51
8bc0bd10-5162-420f-9109-06b9399bfbfe,7a2eaa46-8a10-4586-a17d-e9b94530250a,Campaign 9,Email,True,False,2024-03-12T12:33:51
cfccacff-4226-4a56-956a-6582f2f25ccb,7a2eaa46-8a10-4586-a17d-e9b94530250a,Campaign 3,Email,True,False,2024-02-12T12:33:51
b7c2e525-4962-42dc-9822-4ad57e277234,7a2eaa46-8a10-4586-a17d-e9b94530250a,Campaign 10,Phone,False,False,2024-02-26T12:33:51
f0837ae7-d6aa-45bf-8230-4ac467050f3c,7a34d9e3-cd63-4987-951e-a903a25a25c3,Campaign 8,SMS,False,False,2024-11-21T12:33:51
80ba9669-e603-4b3d-8258-61825b110e71,7a34d9e3-cd63-4987-951e-a903a25a25c3,Campaign 3,Email,True,False,2025-07-12T12:33:51
19972f50-32f6-46c7-b7e2-816544ed3fe4,7a38a96f-33d0-4605-8fa0-5f3bd817c466,Campaign 9,Social,True,True,2023-09-19T12:33:51
e9faef9c-ff20-4747-8629-5a769598b5ec,7a38a96f-33d0-4605-8fa0-5f3bd817c466,Campaign 10,Social,False,True,2023-09-18T12:33:51
9fc1ed27-ed69-4403-bedc-c68e0a06ce71,7a38a96f-33d0-4605-8fa0-5f3bd817c466,Campaign 3,SMS,False,False,2025-01-29T12:33:51
4f7cad00-f9b8-401b-9e42-0453fc88d94c,7a6cc43f-f920-4a1d-9e6f-eb4bdd354a9d,Campaign 5,Social,True,True,2024-01-05T12:33:51
7deefbf3-22ce-497d-b9f2-138d3368a18d,7a6cc43f-f920-4a1d-9e6f-eb4bdd354a9d,Campaign 8,Email,True,True,2023-12-01T12:33:51
b6364cba-8a9d-451c-ba91-2e2daab297cf,7a6cc43f-f920-4a1d-9e6f-eb4bdd354a9d,Campaign 6,SMS,False,False,2023-11-06T12:33:51
0e85aebc-d650-4de6-92d6-7164bb63ba6f,7a6cc43f-f920-4a1d-9e6f-eb4bdd354a9d,Campaign 3,Email,True,True,2023-09-27T12:33:51
efddd572-26be-44a8-b608-2a25271cdae1,7a6cc43f-f920-4a1d-9e6f-eb4bdd354a9d,Campaign 1,Social,False,True,2024-05-17T12:33:51
f380d2fa-4b5a-426b-8dc8-d456c54f2b6a,7a848901-156d-4441-9762-03cbe822c97b,Campaign 5,Phone,True,True,2025-01-12T12:33:51
777a67b8-ea38-4721-a4d0-8a1c9f04b9b6,7ae3254e-4697-446f-a696-1e4820cef49b,Campaign 9,Email,True,False,2024-02-16T12:33:51
c4d3fb6e-ba56-4438-be7f-e4b05b3a8da0,7ae3254e-4697-446f-a696-1e4820cef49b,Campaign 10,Social,True,False,2024-05-10T12:33:51
dd3621ef-3c4b-48d9-a626-a19322046b9b,7ae3254e-4697-446f-a696-1e4820cef49b,Campaign 3,Email,False,False,2024-09-06T12:33:51
eef9d50e-123c-433a-92f6-e9d5d4dc8bf3,7ae3254e-4697-446f-a696-1e4820cef49b,Campaign 6,SMS,True,True,2024-10-22T12:33:51
95fc7e6e-aa3c-4aa2-86b3-baa878e070a3,7b1611a8-fac3-47e1-8a59-d329d58504f1,Campaign 1,SMS,False,True,2024-10-18T12:33:51
0201ce65-893a-4064-ac5a-d33b502550a7,7b1611a8-fac3-47e1-8a59-d329d58504f1,Campaign 5,Phone,False,False,2024-11-27T12:33:51
2d4616e5-72f4-4a70-bd85-c087640468bd,7b38833b-4cf3-4cbc-a4b2-7728f7fdc852,Campaign 5,Email,False,True,2024-06-29T12:33:51
5a7c441a-80f6-4c74-8efe-7a417293a2be,7b38833b-4cf3-4cbc-a4b2-7728f7fdc852,Campaign 9,SMS,True,False,2023-09-09T12:33:51
3300f2d4-f588-4ae9-b0e5-3e8e0e23f54d,7b940cbe-a309-4bb0-9060-356255b4607f,Campaign 6,SMS,False,False,2024-08-21T12:33:51
a61bdc14-f318-499e-86c9-f6e520ecba1b,7b940cbe-a309-4bb0-9060-356255b4607f,Campaign 6,Phone,False,False,2025-08-24T12:33:51
868f4bbf-5f5d-40ab-ae1a-f964687f7e5f,7b940cbe-a309-4bb0-9060-356255b4607f,Campaign 2,Social,False,False,2024-11-24T12:33:51
61ef4b34-75ba-4c31-bfe5-4d6f565e5031,7b940cbe-a309-4bb0-9060-356255b4607f,Campaign 4,SMS,True,False,2023-12-22T12:33:51
41358fe5-7030-4173-b485-f986815ffbdb,7b940cbe-a309-4bb0-9060-356255b4607f,Campaign 10,Email,True,False,2025-03-03T12:33:51
3440f815-9a03-47fa-860e-ffa66ba72b32,7ba1befc-e4d6-4cc9-ba5a-178a50afefd6,Campaign 4,Phone,False,False,2025-04-02T12:33:51
852aca73-ee46-41c2-b503-a6badb41c86a,7ba78894-c1f2-4a33-aa1e-3bf8fcba70f2,Campaign 8,Phone,True,False,2024-12-07T12:33:51
9d0cd369-22da-4175-8ce4-0e5022f45351,7ba78894-c1f2-4a33-aa1e-3bf8fcba70f2,Campaign 9,Social,True,True,2024-01-15T12:33:51
76413196-5490-4dcd-aaf9-c944728c0f59,7ba78894-c1f2-4a33-aa1e-3bf8fcba70f2,Campaign 1,Social,False,False,2024-05-13T12:33:51
86b9e5dc-b7a4-463f-b4c3-40f90b9cd4c7,7bb08404-e6a2-445f-831f-8d4dd2aec50b,Campaign 4,SMS,False,False,2025-04-20T12:33:51
60806f4e-a969-4433-8683-3c803ec5bb96,7bb08404-e6a2-445f-831f-8d4dd2aec50b,Campaign 1,SMS,False,True,2024-11-02T12:33:51
0b749221-0fc5-4844-996d-0036aee1745d,7bb08404-e6a2-445f-831f-8d4dd2aec50b,Campaign 4,SMS,True,True,2024-03-13T12:33:51
69984d77-0fd0-4808-8740-73084239db10,7bb08404-e6a2-445f-831f-8d4dd2aec50b,Campaign 6,SMS,False,False,2024-06-10T12:33:51
fd10a79a-a66b-45b9-9db8-4d2087b9454b,7bb08404-e6a2-445f-831f-8d4dd2aec50b,Campaign 1,Social,False,False,2025-05-15T12:33:51
3b9a1385-ab16-4a56-895f-34f5dc757c65,7bbb6837-e9d8-4460-8d72-d54a504895e2,Campaign 7,Social,True,True,2024-09-26T12:33:51
27228d50-dd3b-4a60-a37f-c3cc763e77d6,7bbb6837-e9d8-4460-8d72-d54a504895e2,Campaign 10,Social,True,False,2024-05-11T12:33:51
4ee26e8a-30d4-40c6-b214-18ffc4a60b6f,7bbb6837-e9d8-4460-8d72-d54a504895e2,Campaign 10,SMS,True,False,2025-03-20T12:33:51
c798de82-6877-4756-8f76-cb24f071a457,7bbb6837-e9d8-4460-8d72-d54a504895e2,Campaign 6,Social,True,True,2025-02-12T12:33:51
91fd38a1-a3da-4821-8a6b-e3ce42da5490,7bbb6837-e9d8-4460-8d72-d54a504895e2,Campaign 4,Phone,True,False,2024-04-06T12:33:51
9bc2419e-7fd2-4c42-828a-c02ef7c9afce,7bcdf655-f4cc-459e-9296-f4873b6b6c95,Campaign 8,Social,True,True,2025-08-24T12:33:51
346da6e7-fa84-4e82-9b42-a6b59068576f,7bcdf655-f4cc-459e-9296-f4873b6b6c95,Campaign 5,SMS,True,False,2024-08-09T12:33:51
8e55bedc-bacf-479a-891b-99545949207a,7bcdf655-f4cc-459e-9296-f4873b6b6c95,Campaign 7,Email,True,False,2024-01-14T12:33:51
5da71fb4-2059-485d-8f2f-d4fb2b5b43b1,7bcdf655-f4cc-459e-9296-f4873b6b6c95,Campaign 6,Phone,False,False,2025-02-02T12:33:51
11fcd245-1d88-4b8f-9b95-653175677f69,7bfe650c-c833-4b83-8f58-e7cc56f62046,Campaign 6,Social,True,False,2024-06-22T12:33:51
03dd7e43-c393-46aa-a90e-5c26a1c3a265,7bfe650c-c833-4b83-8f58-e7cc56f62046,Campaign 1,Email,True,True,2023-10-17T12:33:51
cef19362-739c-4fb8-9021-094f3d2abed7,7bfe650c-c833-4b83-8f58-e7cc56f62046,Campaign 2,Social,True,True,2024-06-11T12:33:51
34952401-5143-4e63-954e-8c5c011930ce,7bfe650c-c833-4b83-8f58-e7cc56f62046,Campaign 4,Email,True,False,2024-05-22T12:33:51
2c85a219-a28c-40d7-9e4c-de1494fe1180,7bfe650c-c833-4b83-8f58-e7cc56f62046,Campaign 6,Email,False,False,2024-06-28T12:33:51
a6749ff1-d7a6-46ef-82de-0c184f64e0ab,7c12c518-6ee5-408a-971a-11487f1d3245,Campaign 6,SMS,False,False,2024-01-19T12:33:51
c7c5bc36-15b8-447a-addb-41b0c27481c9,7c12c518-6ee5-408a-971a-11487f1d3245,Campaign 2,SMS,True,True,2025-07-03T12:33:51
c5730cb1-8adf-4011-909d-0bf8655997c4,7c12c518-6ee5-408a-971a-11487f1d3245,Campaign 4,SMS,True,True,2025-06-16T12:33:51
b502bd57-7ca2-4937-a25d-ad6d0426d91e,7c1b3fe6-ea6a-4359-aed7-4ffbfe8fab81,Campaign 3,Social,True,False,2024-10-30T12:33:51
1b29ad49-ba1f-4c7f-96d9-962008a30f10,7c1ebb0e-d020-4d85-af43-df1016ef525a,Campaign 3,Phone,False,True,2024-08-20T12:33:51
efbbf010-dd61-403c-8a20-5d696ea147b4,7c1ebb0e-d020-4d85-af43-df1016ef525a,Campaign 2,Phone,True,True,2025-01-27T12:33:51
3b969138-0501-44bd-b197-daa9f4dbafdf,7c1ebb0e-d020-4d85-af43-df1016ef525a,Campaign 7,Email,False,False,2024-03-17T12:33:51
d57c9266-97a9-4675-ba1c-5be2a3b01345,7c5a5884-27ac-496f-bd5a-cb7de74cc7ea,Campaign 3,Social,False,False,2024-08-13T12:33:51
2682f050-e003-4fdd-afaf-cd941a28f2e5,7c6b2713-98e3-4cca-a8ff-2af6f7e0e37b,Campaign 5,SMS,True,False,2024-05-19T12:33:51
2700e274-f807-4000-aec6-42dcfb5da5aa,7c6b2713-98e3-4cca-a8ff-2af6f7e0e37b,Campaign 10,SMS,False,True,2024-10-20T12:33:51
dc73f9a9-992b-40e4-9856-a56cc1d6e32a,7c71e6b2-2fc4-4398-aacc-d794eb50578f,Campaign 8,SMS,True,False,2023-11-08T12:33:51
187a0999-50fc-4861-a1e6-5038a4999f0e,7c71e6b2-2fc4-4398-aacc-d794eb50578f,Campaign 10,SMS,False,False,2024-09-08T12:33:51
fc7b0449-adec-4502-ac02-6a1fc4c4444b,7c71e6b2-2fc4-4398-aacc-d794eb50578f,Campaign 8,SMS,True,True,2025-05-08T12:33:51
5b2ac9b1-0bc6-4a63-a83e-96c619adf5ca,7c71e6b2-2fc4-4398-aacc-d794eb50578f,Campaign 1,Social,True,False,2025-06-26T12:33:51
d254f15e-58cc-4ce1-aa38-aad1805d0756,7c80e266-0847-4d6e-bb09-dbed0d9e2d42,Campaign 6,Email,False,False,2025-02-02T12:33:51
9d604c8c-ee6f-4f17-89dc-8888af55392d,7c80e266-0847-4d6e-bb09-dbed0d9e2d42,Campaign 10,Social,False,False,2024-01-11T12:33:51
10008e79-30e0-4870-9304-147a07110020,7c80e266-0847-4d6e-bb09-dbed0d9e2d42,Campaign 6,Social,True,True,2025-01-29T12:33:51
7294c56f-45ca-4011-8c02-394a99bdea4c,7c80e266-0847-4d6e-bb09-dbed0d9e2d42,Campaign 2,Email,False,False,2024-01-08T12:33:51
db0b0e56-c51c-48d6-90d2-3c5f2e6e243e,7cc12922-61e0-4678-8f50-b7dcd02ba022,Campaign 6,Phone,False,False,2024-02-25T12:33:51
c8805e65-9b14-4dc6-9b5b-1253d15f7944,7cc12922-61e0-4678-8f50-b7dcd02ba022,Campaign 10,Email,False,False,2024-08-27T12:33:51
4e3bec0c-025a-4a87-9b9e-e9842e87bdfd,7cc12922-61e0-4678-8f50-b7dcd02ba022,Campaign 2,SMS,False,True,2023-09-03T12:33:51
4abcc501-b19d-42d1-8b3e-f0a2736465dd,7ccb45c1-0263-4057-856d-605ee6cc6bc9,Campaign 5,Email,False,False,2023-12-20T12:33:51
7bf941ed-f97e-4c90-8980-2c3bc738a6e6,7ccb45c1-0263-4057-856d-605ee6cc6bc9,Campaign 9,Phone,True,False,2023-12-09T12:33:51
80c8fc43-8060-45b5-9adf-34caf45c65c0,7cd00e9d-9a07-4920-8f8a-70d82f25006f,Campaign 7,SMS,True,True,2024-02-14T12:33:51
c376da03-536a-41c8-8ddc-5d061472f222,7cd00e9d-9a07-4920-8f8a-70d82f25006f,Campaign 4,Email,True,False,2025-08-22T12:33:51
4d5d60bb-711b-43b8-9f30-f7172b49afbc,7d6eb8e1-f8cb-43e2-b6ee-c5f2fb5a27c9,Campaign 8,SMS,False,True,2023-12-20T12:33:51
04497c43-e45f-4371-bb24-7d9d0dfa90d4,7db846e1-dc74-42a8-939f-659f03572ef9,Campaign 1,Email,True,True,2025-06-29T12:33:51
58654bc3-ba48-45fc-8ef8-e8257836035e,7db846e1-dc74-42a8-939f-659f03572ef9,Campaign 6,Email,True,False,2024-02-26T12:33:51
99e29bc1-c71d-4c82-832c-283c306c8a05,7db846e1-dc74-42a8-939f-659f03572ef9,Campaign 5,Email,True,True,2023-10-12T12:33:51
2a0da63e-f662-4a07-83cd-8080b44fd17b,7e02fa63-f7b6-4dda-806f-31c36408b74f,Campaign 5,Social,False,True,2023-10-12T12:33:51
d7a1a98e-c7ed-4e4a-8900-ca59dc81f14c,7e10f7e5-da7f-48f5-8126-aec6b0490c72,Campaign 4,SMS,False,True,2025-06-27T12:33:51
b871c157-60c7-4d93-962e-b7c95249d34e,7e9af4a6-f30b-4bd6-ae2d-27db3b567488,Campaign 2,Social,False,True,2024-02-20T12:33:51
0101b5c7-87c8-4016-8adf-397ea931a7e5,7e9af4a6-f30b-4bd6-ae2d-27db3b567488,Campaign 7,Email,True,True,2024-12-14T12:33:51
0ca9ac14-0c31-4c72-bcc7-f9c274828be6,7e9af4a6-f30b-4bd6-ae2d-27db3b567488,Campaign 6,SMS,False,True,2025-03-05T12:33:51
606e5802-05cd-4e76-9472-dd67f6fd7cb1,7e9af4a6-f30b-4bd6-ae2d-27db3b567488,Campaign 3,Phone,False,True,2024-11-07T12:33:51
183b54ef-45bd-4f95-b54d-048b9aeb1398,7e9af4a6-f30b-4bd6-ae2d-27db3b567488,Campaign 10,Email,False,True,2025-02-17T12:33:51
28c22766-9014-4558-94e3-7dfe0ce1d6aa,7e9df94b-0af1-4f66-91f9-f9a2bcc82b90,Campaign 7,Phone,True,True,2025-08-01T12:33:51
ddce4b72-7877-4bb2-b88f-64b296bccb66,7e9df94b-0af1-4f66-91f9-f9a2bcc82b90,Campaign 7,SMS,True,True,2024-09-11T12:33:51
7e00af69-d376-4279-8b0a-8165c3143dd9,7e9df94b-0af1-4f66-91f9-f9a2bcc82b90,Campaign 8,Phone,False,False,2024-03-26T12:33:51
b9581c0d-87bd-411f-a5e9-4a5eaa7b784f,7e9df94b-0af1-4f66-91f9-f9a2bcc82b90,Campaign 5,Phone,False,True,2024-11-08T12:33:51
7d79e479-69f0-4e02-af48-a94a71aa3339,7e9df94b-0af1-4f66-91f9-f9a2bcc82b90,Campaign 10,Social,False,False,2025-08-09T12:33:51
091dff55-2beb-4dba-afb3-9fe8ab92b67b,7eb4361a-0346-4266-b3f4-2743e267cd25,Campaign 10,Phone,True,True,2025-01-09T12:33:51
00ab4e8b-3ffb-4cc0-a4cb-5f48521ba4ea,7ec1068d-cae3-42ef-9fb2-f48291f7eab0,Campaign 10,SMS,False,True,2024-05-17T12:33:51
62693707-1963-4d5a-9eb7-0a77af89b7cb,7ee83718-5df5-4611-bbdb-b91c9437b9e6,Campaign 3,Social,False,True,2024-01-13T12:33:51
3fa38f64-3085-4799-8431-c9625105a5d3,7ee83718-5df5-4611-bbdb-b91c9437b9e6,Campaign 10,Email,True,False,2024-08-19T12:33:51
e7d44390-9c33-45e2-a2b4-da1e1d47be56,7ee83718-5df5-4611-bbdb-b91c9437b9e6,Campaign 2,Social,False,False,2025-06-20T12:33:51
4c9cf9ba-ca81-410b-b496-4e4cba57850f,7ee83718-5df5-4611-bbdb-b91c9437b9e6,Campaign 4,Email,True,True,2024-07-29T12:33:51
698b7798-61c0-408d-b0e5-2e1add56f24c,7ee83718-5df5-4611-bbdb-b91c9437b9e6,Campaign 1,Phone,True,False,2024-11-27T12:33:51
34a4e4ef-37b0-49ef-8e5c-055f84b466f0,7f077b11-b852-4830-9953-316816dfd2c5,Campaign 3,Email,False,False,2025-01-18T12:33:51
4c3e2646-b9f3-473f-9c98-bfba3eb3f954,7f077b11-b852-4830-9953-316816dfd2c5,Campaign 3,SMS,False,False,2025-01-01T12:33:51
5967635c-ead8-415f-a3c5-e110adc9c8cd,7f077b11-b852-4830-9953-316816dfd2c5,Campaign 3,Email,True,True,2024-06-25T12:33:51
54148c85-1a68-42c4-9007-d5cc9735fabc,7f077b11-b852-4830-9953-316816dfd2c5,Campaign 2,Email,True,False,2025-08-27T12:33:51
7696588e-0ca2-47e3-8fc3-4880b6925acf,7f1069e1-c3a0-46ce-8ea3-ac4b212d4f7e,Campaign 8,Phone,False,True,2024-04-22T12:33:51
90cdd301-6098-41f9-9ab3-e50a0d329ebc,7f1069e1-c3a0-46ce-8ea3-ac4b212d4f7e,Campaign 1,Social,True,False,2025-07-09T12:33:51
33638d48-f897-4d5c-be2e-39812e873145,7f1069e1-c3a0-46ce-8ea3-ac4b212d4f7e,Campaign 8,Social,True,True,2025-04-10T12:33:51
253f0262-4d59-46ce-b4dd-1d46ce23f131,7f3bb756-9849-4c9f-be33-d41c882ca9e7,Campaign 1,Email,False,False,2024-02-04T12:33:51
e13a1155-1ffd-401d-a49a-8c488583addc,7f3bb756-9849-4c9f-be33-d41c882ca9e7,Campaign 2,Email,True,True,2023-11-29T12:33:51
973728fb-9ccc-44a8-9891-c8c43907495d,7f3bb756-9849-4c9f-be33-d41c882ca9e7,Campaign 8,Email,True,False,2025-08-24T12:33:51
9272c07b-b08d-40c5-b09a-0005a2ddb37e,7f3bb756-9849-4c9f-be33-d41c882ca9e7,Campaign 5,Social,False,True,2024-09-08T12:33:51
60bfaab3-bf27-470b-ab54-671a0a3d1fb1,7f496b71-eee9-4d34-900d-3ff2495f22b5,Campaign 10,Email,False,True,2023-12-17T12:33:51
68c05834-5226-4220-befb-18447c9fa3e5,7f86f7d3-1a3c-4ec2-8e1f-376aa5e11395,Campaign 10,Phone,False,False,2024-03-10T12:33:51
36e8056a-07af-48d2-9b57-92a244784bab,7f86f7d3-1a3c-4ec2-8e1f-376aa5e11395,Campaign 6,Phone,False,False,2025-06-16T12:33:51
11d8b65d-ff71-424e-af12-d2e7eadb4324,7f86f7d3-1a3c-4ec2-8e1f-376aa5e11395,Campaign 3,Social,False,False,2024-11-28T12:33:51
1da8d389-a993-4fee-8b3b-8870d23c4ee8,7f86f7d3-1a3c-4ec2-8e1f-376aa5e11395,Campaign 2,Phone,True,True,2024-05-02T12:33:51
85a3d8ca-490a-4797-bb05-41b60d34ddfc,7f86f7d3-1a3c-4ec2-8e1f-376aa5e11395,Campaign 9,Social,True,False,2024-01-24T12:33:51
28f8ef8f-2169-4509-8fe3-a79e87a1c8ac,7f8735b9-bfff-4c72-be7a-6f49088d8aea,Campaign 9,SMS,False,True,2024-11-05T12:33:51
e3f54539-bab1-4007-a288-9ce19b6b0976,7f8735b9-bfff-4c72-be7a-6f49088d8aea,Campaign 6,Email,True,True,2023-09-13T12:33:51
3c3054de-c6a8-403e-af03-b8803ec1fe4f,7f8735b9-bfff-4c72-be7a-6f49088d8aea,Campaign 9,Social,False,True,2024-12-31T12:33:51
7ec34e16-3e9e-4d4d-aef3-fff68539322a,7f8735b9-bfff-4c72-be7a-6f49088d8aea,Campaign 4,Email,True,False,2024-02-21T12:33:51
4ffb0b8a-c763-4085-a7ab-c1e01f54dd88,7f91ada6-c58d-47bf-9f45-940282f6a292,Campaign 4,Email,False,True,2024-05-29T12:33:51
ba20b360-d137-459e-91cb-047d8f905a17,7f91ada6-c58d-47bf-9f45-940282f6a292,Campaign 1,SMS,False,True,2025-02-10T12:33:51
7db15911-d095-4b07-9acc-bf04618f533f,7f91ada6-c58d-47bf-9f45-940282f6a292,Campaign 7,SMS,False,True,2024-02-24T12:33:51
a6e52337-171e-45d3-aa0f-c22823a5521a,7fb68c77-cb7b-4656-a97b-907f068a16be,Campaign 8,Social,False,False,2023-10-07T12:33:51
9e6b57a8-cef3-4072-b273-c469933a81b7,7fb68c77-cb7b-4656-a97b-907f068a16be,Campaign 4,Social,True,False,2024-04-19T12:33:51
fa9f06c0-99a0-4ed6-a6fe-1e6636c1b46b,7fbfc2db-7784-43b3-9d25-127cf8974382,Campaign 2,SMS,True,True,2023-12-07T12:33:51
7abc24ad-1d06-437b-8818-f828def754df,7fc9b593-1856-45ba-9057-e58b0c301926,Campaign 7,Social,False,False,2024-07-28T12:33:51
1c7f2b1a-de7a-4aa1-bb6c-e324452623fb,7fc9b593-1856-45ba-9057-e58b0c301926,Campaign 7,Phone,True,False,2025-02-02T12:33:51
ed71c800-3477-4c0d-98e2-bbf1d540dccd,7fc9b593-1856-45ba-9057-e58b0c301926,Campaign 5,Phone,True,False,2025-05-13T12:33:51
5b0f94e4-5630-4bdf-9b16-d580afb2e624,7ffe4761-7a61-44b5-97c1-766fd90dcb7b,Campaign 2,Phone,True,False,2024-08-22T12:33:51
812b3f81-f88a-4f05-9a56-8080b825b440,80247eda-f93e-44d1-8627-37839835db21,Campaign 8,Phone,True,True,2023-11-20T12:33:51
83eaacc6-e087-4847-ad20-10db26e5cf51,80247eda-f93e-44d1-8627-37839835db21,Campaign 4,SMS,False,False,2024-03-04T12:33:51
758856ed-83cc-4bdd-93f2-75372d80b033,80247eda-f93e-44d1-8627-37839835db21,Campaign 9,Email,False,False,2024-10-18T12:33:51
e4d6c23f-a710-4a61-96ef-249cfec36ff8,802831c4-73b8-4cda-be99-2db4dc5ce0dc,Campaign 9,SMS,True,True,2023-10-24T12:33:51
36539baf-16a3-4ef7-b21d-c6aecc6c1d80,8046811b-9f14-4968-8045-96cd82cf7138,Campaign 9,Email,False,False,2023-12-13T12:33:51
589a1d75-4a94-48a5-b9df-646e006eeb05,80501fd9-87bd-4725-a83d-b0e9739f8cb6,Campaign 4,SMS,False,True,2023-11-22T12:33:51
af498839-0146-4887-86c4-5c659b1d87a9,8057511f-90a8-435a-bd6f-71ca429a1396,Campaign 4,Email,True,True,2024-04-13T12:33:51
a843161f-c070-41bc-b4cc-06ed2eb8e82b,8057511f-90a8-435a-bd6f-71ca429a1396,Campaign 2,Phone,False,True,2023-11-29T12:33:51
44d2058e-bd26-46ad-803c-2bed404c33ae,805c1ee8-d582-4aff-af64-35e837af444d,Campaign 5,Social,True,False,2023-11-04T12:33:51
184fd332-ef5b-40e2-823d-c9f346d8837c,805c1ee8-d582-4aff-af64-35e837af444d,Campaign 3,Email,False,False,2025-01-14T12:33:51
86d13562-c591-43c6-aa9f-c08fe0678481,808e685e-b337-49ea-ba06-fc4960515bc3,Campaign 10,SMS,False,False,2024-12-01T12:33:51
92513d14-6252-4dd2-b88d-d8787378b276,808e685e-b337-49ea-ba06-fc4960515bc3,Campaign 3,SMS,False,True,2024-03-18T12:33:51
d0a57f83-5fb4-4fb5-9784-61cd9f7142c6,808e685e-b337-49ea-ba06-fc4960515bc3,Campaign 10,Phone,True,False,2025-07-05T12:33:51
8d1cee4c-2d84-4e85-8372-32c7e3ca4061,808e685e-b337-49ea-ba06-fc4960515bc3,Campaign 7,Phone,True,True,2023-12-21T12:33:51
967ef5af-20b5-4ec8-9ec8-f728ef69549f,808e685e-b337-49ea-ba06-fc4960515bc3,Campaign 6,SMS,False,False,2024-12-04T12:33:51
bf67ff05-75a7-4b9b-a329-293e50c6342d,80fa98e4-cc39-45dc-b441-530db0b5b105,Campaign 7,SMS,False,False,2025-07-29T12:33:51
16a2944a-937a-4402-b6dc-fee38eacc8b5,8107af39-d3ec-482d-bc27-bbcac070e249,Campaign 10,Email,False,False,2024-04-16T12:33:51
bb66c0fb-8411-486d-82f6-47c2db3a6351,8107af39-d3ec-482d-bc27-bbcac070e249,Campaign 1,SMS,True,True,2023-11-29T12:33:51
bff0fdad-1be0-42d3-9701-982285a68f63,8107af39-d3ec-482d-bc27-bbcac070e249,Campaign 7,Social,True,False,2025-06-20T12:33:51
fa1fc2a4-a77e-493b-b465-3ee64d6194a9,816d11d7-1a47-4037-a48d-f625d931e058,Campaign 6,Email,True,False,2025-06-20T12:33:51
57a2b427-c04a-4290-9d78-82657f35e1b7,81853109-44b3-46e7-915b-933e9b7f39ea,Campaign 2,Phone,True,True,2023-12-08T12:33:51
326068a7-3c3a-4f35-bfcd-fc078ea6bb25,81853109-44b3-46e7-915b-933e9b7f39ea,Campaign 6,SMS,True,True,2024-12-29T12:33:51
f3d50144-30ea-47a9-94e4-a4876b4b79b9,81853109-44b3-46e7-915b-933e9b7f39ea,Campaign 10,Email,True,True,2025-07-24T12:33:51
167c636f-c76d-42b8-90a6-444c57e94e0d,81853109-44b3-46e7-915b-933e9b7f39ea,Campaign 5,Phone,True,True,2024-07-29T12:33:51
9f262238-732c-4bd5-ae92-5d4ad008c2d7,81853109-44b3-46e7-915b-933e9b7f39ea,Campaign 8,Social,False,False,2024-03-18T12:33:51
d199c909-da2e-4ba1-8075-e1dbb747d5a2,8194e0d0-2d32-4c4f-8e51-b660c5102687,Campaign 3,Email,False,False,2023-09-24T12:33:51
e8b305e7-9945-48a7-b140-8183f34b27ba,8194f57a-0884-4f34-89e8-a285644d8cf9,Campaign 7,SMS,False,False,2024-05-28T12:33:51
ce65646f-7bf4-40d1-ada1-9d57154e30d1,8194f57a-0884-4f34-89e8-a285644d8cf9,Campaign 1,Phone,False,False,2024-05-22T12:33:51
f90f4e30-c7c0-4cd9-9538-e1010067edcb,8194f57a-0884-4f34-89e8-a285644d8cf9,Campaign 8,Email,False,True,2023-09-04T12:33:51
afd79a4e-bf79-4ed2-a09e-8d9550f47661,8194f57a-0884-4f34-89e8-a285644d8cf9,Campaign 5,Phone,False,True,2024-01-16T12:33:51
97f192d8-67c6-4e09-a6f4-dd7bb728de3d,81ceeebb-77ef-4f6e-a9a3-957bbbd463d6,Campaign 10,Social,False,True,2025-06-28T12:33:51
09e8fbcb-ba9c-4d79-8e70-cd91ca8843af,81ceeebb-77ef-4f6e-a9a3-957bbbd463d6,Campaign 7,Phone,True,False,2024-09-30T12:33:51
2ac7a909-764d-40d1-8647-b8e81149c42e,81ceeebb-77ef-4f6e-a9a3-957bbbd463d6,Campaign 8,Email,True,False,2024-05-21T12:33:51
92c065e3-667b-4c1e-8728-2336d25f5f0f,81ceeebb-77ef-4f6e-a9a3-957bbbd463d6,Campaign 4,Phone,True,False,2024-03-08T12:33:51
1a80c195-54c7-4134-bed0-ab6c4dbf909d,81ceeebb-77ef-4f6e-a9a3-957bbbd463d6,Campaign 9,SMS,True,False,2025-08-21T12:33:51
ded5c2fe-a7d5-420a-a670-abf2925a332b,81e7ea78-d24a-4a28-9a03-4d3aaa986b53,Campaign 5,Email,True,False,2024-02-08T12:33:51
f13ec572-bbf9-446f-abe5-ed6324ae10e2,81e7ea78-d24a-4a28-9a03-4d3aaa986b53,Campaign 6,Phone,False,False,2024-01-12T12:33:51
fdd59f5c-0b3b-4f70-9fdb-e3b80b79595a,81e7ea78-d24a-4a28-9a03-4d3aaa986b53,Campaign 8,Social,True,False,2023-10-22T12:33:51
bb1c17d5-968c-4041-998b-f400edfeed50,82058d0f-2731-46e5-8511-184878437f8e,Campaign 9,Email,False,False,2024-03-14T12:33:51
28a0f765-ae3f-4333-b0a4-cf59e8cb8a77,82058d0f-2731-46e5-8511-184878437f8e,Campaign 1,Phone,True,True,2024-08-25T12:33:51
04996a5d-aa7c-4e19-9643-e9cf04a28cb6,82058d0f-2731-46e5-8511-184878437f8e,Campaign 5,SMS,False,True,2024-12-20T12:33:51
07b5d029-21c4-41bc-b1cd-e56a74979250,82093f81-342e-41aa-a6ec-578a2864a82e,Campaign 10,Social,True,False,2023-11-01T12:33:51
b3f6922b-30b4-465b-bda0-386e2a39d756,821c1d20-8cf1-497e-924e-e859106c9fa2,Campaign 1,SMS,False,True,2024-07-06T12:33:51
2e6b8da5-42a6-4c9c-b0ff-4ce1e870f034,821c1d20-8cf1-497e-924e-e859106c9fa2,Campaign 1,SMS,True,False,2023-09-08T12:33:51
fc163e12-89f0-4de3-a21b-c902b4e93765,82381eee-2931-4ab0-83f9-23b0a2847b60,Campaign 7,Social,False,False,2024-05-14T12:33:51
ac861e74-b27e-4150-9a6a-c1ce64830fcf,82381eee-2931-4ab0-83f9-23b0a2847b60,Campaign 7,Phone,True,False,2024-09-27T12:33:51
94edea7d-393f-4c9a-83a6-bb9ab60095a3,82381eee-2931-4ab0-83f9-23b0a2847b60,Campaign 8,Phone,False,True,2024-09-29T12:33:51
4f446d34-7753-426b-a985-0a48aef4d2b8,82381eee-2931-4ab0-83f9-23b0a2847b60,Campaign 8,SMS,False,False,2025-07-27T12:33:51
7be8f072-b318-4709-9aa9-696fa1183ea4,8239549a-2ba6-4532-8ef2-3b6a0278204c,Campaign 2,Email,True,True,2025-05-28T12:33:51
b3ccad35-47c8-4281-823e-fe97aa4f3d7c,8239549a-2ba6-4532-8ef2-3b6a0278204c,Campaign 10,Social,True,False,2024-01-04T12:33:51
e2535847-8847-42de-a157-27ec65222ba1,8239549a-2ba6-4532-8ef2-3b6a0278204c,Campaign 8,Phone,True,False,2025-02-09T12:33:51
5594f82b-43a4-47d1-afd3-d7cf9c02de46,8239549a-2ba6-4532-8ef2-3b6a0278204c,Campaign 7,SMS,True,False,2023-09-07T12:33:51
ff0f80f5-1a1e-4ef4-b9f8-52cad378294a,824fc3ba-f6dc-430b-82d2-c92eef22bccb,Campaign 2,SMS,True,False,2025-06-25T12:33:51
9674ab71-00da-4156-a604-79f8843476ad,824fc3ba-f6dc-430b-82d2-c92eef22bccb,Campaign 8,Email,False,False,2023-12-10T12:33:51
d97d335f-f52f-40cc-a78a-d02ac17c71e4,824fc3ba-f6dc-430b-82d2-c92eef22bccb,Campaign 2,Social,False,True,2023-12-13T12:33:51
139ed31f-091c-4681-814d-a6e2d0d43d43,824fc3ba-f6dc-430b-82d2-c92eef22bccb,Campaign 10,Social,True,False,2025-08-15T12:33:51
aed120ab-2211-4b87-8fdd-d0a113a7fa3c,824fc3ba-f6dc-430b-82d2-c92eef22bccb,Campaign 7,SMS,True,True,2024-09-10T12:33:51
051465a6-1644-4afa-8d88-f8f51a4805f4,826b176c-4bff-4cea-a78a-eeceb8347257,Campaign 2,SMS,False,True,2024-05-16T12:33:51
e0b6848b-d87c-4722-a2f5-2651edb7862a,826b176c-4bff-4cea-a78a-eeceb8347257,Campaign 3,Phone,False,False,2024-07-03T12:33:51
0bfd4239-d22c-4743-bab7-2546354c454a,826b176c-4bff-4cea-a78a-eeceb8347257,Campaign 6,Social,True,True,2024-08-21T12:33:51
f8188bb4-0b86-415c-90e9-bf92ca2bcf84,82b83843-625d-4c91-878e-3f3ea584339a,Campaign 7,SMS,True,False,2023-11-12T12:33:51
415f9d75-eea2-434b-bede-772734bdeb55,82b83843-625d-4c91-878e-3f3ea584339a,Campaign 10,Social,True,False,2025-08-16T12:33:51
cc94cafc-d129-4a73-9135-54cfbdf8f026,82b83843-625d-4c91-878e-3f3ea584339a,Campaign 8,SMS,False,True,2024-05-02T12:33:51
40d235d7-607f-40d4-a5a5-e54e1a879e80,82ba8901-eed5-4abd-93da-aafc04d4c93f,Campaign 8,Social,True,False,2024-02-29T12:33:51
74db520b-1283-475a-ad74-fd8506e75358,82ba8901-eed5-4abd-93da-aafc04d4c93f,Campaign 2,SMS,False,False,2023-12-04T12:33:51
229d0a89-1403-40e3-8304-214de2246bc5,82ba8901-eed5-4abd-93da-aafc04d4c93f,Campaign 3,Social,False,True,2023-12-25T12:33:51
11eb6ec6-3d02-4d40-88aa-8498636eb461,82ba8901-eed5-4abd-93da-aafc04d4c93f,Campaign 1,Social,False,False,2024-02-17T12:33:51
ce4b41a6-34eb-4eec-befa-147a98b2f803,82ba8901-eed5-4abd-93da-aafc04d4c93f,Campaign 9,Social,False,False,2024-05-22T12:33:51
4c50fc13-f37a-415e-a729-94d4adcce730,82c0f34c-6750-4512-9b29-377cd817a500,Campaign 2,Social,True,True,2025-05-02T12:33:51
b2f6c810-3373-47e5-859b-38c351d0ac19,82c0f34c-6750-4512-9b29-377cd817a500,Campaign 6,Phone,False,True,2025-08-09T12:33:51
5439ba23-32b9-43ab-8185-89e5242b8c30,82c0f34c-6750-4512-9b29-377cd817a500,Campaign 10,Email,True,False,2025-08-22T12:33:51
56e735c2-ae40-408b-94d2-38e10224ae76,82c32a70-0be2-4d07-93a8-c61199a8d0c8,Campaign 8,Social,False,True,2024-04-06T12:33:51
fa309cb3-9386-4ea5-a4a0-5c79847d8704,82c32a70-0be2-4d07-93a8-c61199a8d0c8,Campaign 9,SMS,True,False,2025-01-23T12:33:51
b9ba74dd-7bd5-4741-a8c3-2e0a4f80eb57,82c32a70-0be2-4d07-93a8-c61199a8d0c8,Campaign 6,Phone,True,True,2023-12-18T12:33:51
7a16e18a-eaef-40e5-8e45-a949874aca97,82c32a70-0be2-4d07-93a8-c61199a8d0c8,Campaign 1,Email,False,True,2025-05-15T12:33:51
ee8b4bf8-db8c-418c-a7c2-e7d4789661b9,82da3585-1817-4a13-a54d-fe4f471f2a49,Campaign 1,Phone,False,True,2025-08-22T12:33:51
6dc47772-064c-4a36-a8e9-1ce296048048,82da3585-1817-4a13-a54d-fe4f471f2a49,Campaign 6,SMS,True,False,2024-10-13T12:33:51
c2f3d4f5-c981-400e-87ab-c5cf7458e494,82da3585-1817-4a13-a54d-fe4f471f2a49,Campaign 3,Email,False,True,2024-10-06T12:33:51
52b3ef8e-4fc0-4a52-a6c2-ebb4cceb59ea,82da3585-1817-4a13-a54d-fe4f471f2a49,Campaign 8,SMS,True,True,2024-10-27T12:33:51
4f172a1b-ad3e-45bd-8d9b-d1189d4db0a8,82da3585-1817-4a13-a54d-fe4f471f2a49,Campaign 4,SMS,False,True,2024-05-19T12:33:51
709f06aa-7afd-4a51-b3eb-489ffdc9179c,82fac26d-2be3-4624-842f-73b74c7f6d98,Campaign 5,Social,True,False,2025-03-31T12:33:51
d61fe16f-4164-4e2f-b595-9b22b9d82e13,82fac26d-2be3-4624-842f-73b74c7f6d98,Campaign 4,Email,False,True,2023-12-01T12:33:51
ddcfc678-936e-4aef-82d4-b5601a455264,82fac26d-2be3-4624-842f-73b74c7f6d98,Campaign 6,Email,True,True,2024-08-06T12:33:51
683d111a-80f8-4cbe-8434-54837676556a,83001ffc-8384-426a-bbd0-0a70d63e2bba,Campaign 2,Phone,True,True,2024-10-28T12:33:51
a57013d9-9d60-459a-808b-393dd97878e0,8314ba31-8490-4871-89d9-c19273850f2d,Campaign 6,Phone,True,False,2024-01-30T12:33:51
144cb433-cfc3-4447-a789-dc76e9034b8e,8314ba31-8490-4871-89d9-c19273850f2d,Campaign 3,Social,True,True,2024-06-27T12:33:51
e5795623-57e4-4c4e-bb27-f1cafc4c7786,8314ba31-8490-4871-89d9-c19273850f2d,Campaign 5,Email,False,False,2025-08-16T12:33:51
cb403f14-18a4-4646-be95-7eef44751388,8343fb23-b137-4f10-8431-f112916914b2,Campaign 6,Social,True,True,2023-10-26T12:33:51
3c0a7d8f-99e2-4872-a620-ce15a2cf9e31,8343fb23-b137-4f10-8431-f112916914b2,Campaign 7,Social,True,True,2024-12-15T12:33:51
e976f59d-8a5b-4d07-812e-c216db9b44f0,8343fb23-b137-4f10-8431-f112916914b2,Campaign 10,Phone,True,False,2025-08-06T12:33:51
bb6fa14a-c052-4ee2-886c-c6bba9ca70ff,8343fb23-b137-4f10-8431-f112916914b2,Campaign 6,Email,False,False,2025-06-10T12:33:51
efaa756b-646d-4561-8c21-182047d9a629,836e51e5-2668-4cda-974f-1d89d2dc782b,Campaign 4,Social,False,True,2025-02-03T12:33:51
048fef36-710c-43f6-9c44-9ac51a755c02,836e51e5-2668-4cda-974f-1d89d2dc782b,Campaign 8,Social,False,False,2025-04-28T12:33:51
e3ab6e4c-1394-42a5-8dcd-f8bb6e07312a,83c1369f-4cc0-4d6b-9ec5-85520c4b2229,Campaign 9,Social,False,False,2025-05-25T12:33:51
6ae7cf07-0799-44ad-9f96-0c32d6016faf,83c1369f-4cc0-4d6b-9ec5-85520c4b2229,Campaign 10,Social,True,True,2024-02-16T12:33:51
eefb906a-7e1e-476c-95af-7285962672ea,83c1369f-4cc0-4d6b-9ec5-85520c4b2229,Campaign 4,SMS,False,False,2024-03-13T12:33:51
8a362721-8504-4b1c-9d48-56704468f2b9,83c1369f-4cc0-4d6b-9ec5-85520c4b2229,Campaign 2,Phone,True,True,2024-10-21T12:33:51
a763f7cc-6f6b-4c4a-b705-13022168d836,83d64120-d5e7-4b26-b83d-b2219024beac,Campaign 6,Social,False,True,2025-05-17T12:33:51
1db120fa-79a3-42b2-bc16-cae70576ebeb,83d64120-d5e7-4b26-b83d-b2219024beac,Campaign 3,Social,False,True,2024-02-19T12:33:51
e65b8f7d-525b-400f-8d53-7169910ccb2f,83d64120-d5e7-4b26-b83d-b2219024beac,Campaign 1,SMS,True,False,2025-08-15T12:33:51
882575da-e0d7-4914-844d-4b106661c0b1,83d64120-d5e7-4b26-b83d-b2219024beac,Campaign 9,Email,False,True,2025-01-01T12:33:51
b660e670-f6b3-4ef3-9d23-bbccad35c11e,841aa32c-db5b-46ee-af0e-be32f31dbf66,Campaign 6,Social,False,True,2024-07-02T12:33:51
45707f40-aa63-4916-add0-95c816f189e3,841aa32c-db5b-46ee-af0e-be32f31dbf66,Campaign 2,SMS,False,True,2024-09-01T12:33:51
d5b34249-9806-4868-b6fe-c07dfb41e4ff,8444675b-b852-4a2a-b0a0-97a4b7af9991,Campaign 8,Email,False,False,2025-01-12T12:33:51
969b6b8f-5c20-40bb-86c8-86900cb90cb3,8444675b-b852-4a2a-b0a0-97a4b7af9991,Campaign 9,Phone,False,True,2023-09-08T12:33:51
bbd4a6f8-5b9c-469d-9717-e50f41c312a6,8444675b-b852-4a2a-b0a0-97a4b7af9991,Campaign 8,SMS,True,False,2025-07-20T12:33:51
e6b23030-deba-4b54-b3ce-764313337ff9,8444675b-b852-4a2a-b0a0-97a4b7af9991,Campaign 4,Phone,False,True,2025-06-07T12:33:51
1f1002ad-35a2-4826-8f07-3fffaa1b6400,8444675b-b852-4a2a-b0a0-97a4b7af9991,Campaign 8,Social,False,True,2024-06-18T12:33:51
ab44238f-a974-429c-99ca-4e8916e47836,848232f1-1cd2-4111-878a-45f7de8c8d5e,Campaign 4,Email,False,False,2023-10-10T12:33:51
f65f1377-53cf-4625-9207-16cb4b9c2e05,848232f1-1cd2-4111-878a-45f7de8c8d5e,Campaign 8,SMS,False,False,2024-11-26T12:33:51
6055e6f3-4fe1-44b8-bed3-eb059651576a,848232f1-1cd2-4111-878a-45f7de8c8d5e,Campaign 2,Social,True,True,2024-06-24T12:33:51
65283f85-ea20-4a0a-9406-a6e29dc1c58e,848232f1-1cd2-4111-878a-45f7de8c8d5e,Campaign 4,Phone,False,False,2024-05-18T12:33:51
6d4ae958-8dc6-4c0b-97b8-a5c5add73514,848232f1-1cd2-4111-878a-45f7de8c8d5e,Campaign 6,Phone,True,True,2025-02-10T12:33:51
d4bc630f-0a4f-4658-8504-1f3a73e30a8f,84b17d6e-3bea-4497-9dda-7c3215689184,Campaign 3,Phone,True,True,2024-05-21T12:33:51
4cd0115b-7ccb-462c-be3f-5ec8bf5cb383,84d8063b-ebde-43ad-a92e-9d1bde15ab93,Campaign 3,Phone,False,True,2025-03-06T12:33:51
cd37bb56-ba32-4f82-96a3-0328505bade8,84d8063b-ebde-43ad-a92e-9d1bde15ab93,Campaign 4,Social,True,False,2024-02-01T12:33:51
c8cbde3c-096e-4809-a362-ea8f9792d683,84d8063b-ebde-43ad-a92e-9d1bde15ab93,Campaign 8,Email,True,False,2024-05-30T12:33:51
199e2715-9512-4b25-9995-ac610c987f6b,84d8063b-ebde-43ad-a92e-9d1bde15ab93,Campaign 6,Email,True,True,2024-06-19T12:33:51
c68345ab-402d-4735-9376-f04d1e5e19f3,84d92b1c-752c-4656-aff1-72bb2f683c01,Campaign 7,Email,True,False,2023-10-20T12:33:51
498dc950-0080-44f1-8c6c-0c0ed0b930ef,84d92b1c-752c-4656-aff1-72bb2f683c01,Campaign 2,Social,False,True,2024-05-29T12:33:51
756523c6-1a33-4295-b947-add2ef275fbb,85296b27-7956-4dec-84d7-b2674913a3e6,Campaign 1,Social,False,False,2025-07-22T12:33:51
95fd522c-717d-4ec3-a615-22068b9119df,85296b27-7956-4dec-84d7-b2674913a3e6,Campaign 4,Social,True,True,2025-07-25T12:33:51
19ecbeb8-ef83-4054-a145-76379bcabdc5,85296b27-7956-4dec-84d7-b2674913a3e6,Campaign 9,SMS,True,False,2024-08-27T12:33:51
25c227ba-c30e-44e7-bab9-7a89bf2cec4c,85296b27-7956-4dec-84d7-b2674913a3e6,Campaign 1,Phone,False,False,2024-02-22T12:33:51
5122fe6f-b484-49cd-8470-f19575bae639,85b7760a-80b1-413d-a55b-54425c9a47e1,Campaign 5,SMS,True,True,2024-03-13T12:33:51
bf0d5a67-e5ef-4e54-b6b5-873a318534dc,85b7760a-80b1-413d-a55b-54425c9a47e1,Campaign 3,Email,True,True,2025-05-23T12:33:51
613328e1-1936-4ad6-a575-aa1224a9bf81,85b7760a-80b1-413d-a55b-54425c9a47e1,Campaign 8,Phone,True,False,2025-05-10T12:33:51
fff1fa2f-0bae-4efd-84e2-eb92a1e4183c,85b7760a-80b1-413d-a55b-54425c9a47e1,Campaign 5,Phone,True,False,2025-04-13T12:33:51
030a7a0c-dab5-4bb1-bac5-77fdfded4887,85cec75e-6d78-41b8-9ffd-de0be4afd8fa,Campaign 5,Phone,True,True,2024-07-04T12:33:51
6058a5be-0631-4037-bdc5-774da1ceeec3,85cec75e-6d78-41b8-9ffd-de0be4afd8fa,Campaign 8,Social,False,False,2025-06-14T12:33:51
a06f8c6d-0982-49a7-913f-faa7b79e9506,85cec75e-6d78-41b8-9ffd-de0be4afd8fa,Campaign 7,SMS,False,True,2025-03-22T12:33:51
50f388c1-218d-4785-aa4a-62152060ec28,85cec75e-6d78-41b8-9ffd-de0be4afd8fa,Campaign 2,Social,True,False,2025-04-21T12:33:51
676af5e1-02a2-420c-9dee-41df14c6d25a,85cec75e-6d78-41b8-9ffd-de0be4afd8fa,Campaign 5,Phone,True,True,2025-08-28T12:33:51
cc5a82a4-ca82-419a-a883-85119c99c306,864df466-8d4a-47ff-a494-328e4138f200,Campaign 1,Social,False,True,2025-05-14T12:33:51
d6287015-93bd-4648-844b-a6b6d15144a2,865ca8bb-c29c-40ad-893d-3949ca517306,Campaign 4,SMS,True,False,2025-03-08T12:33:51
1d29175f-bb0a-4297-9793-5f7d0d6bc404,865ca8bb-c29c-40ad-893d-3949ca517306,Campaign 3,Email,False,True,2024-06-28T12:33:51
2b53c07e-2211-45de-9025-24daf85ba3af,865ca8bb-c29c-40ad-893d-3949ca517306,Campaign 3,SMS,False,False,2025-06-26T12:33:51
0e889b15-6fb3-4497-9efa-a07f306bff61,865ca8bb-c29c-40ad-893d-3949ca517306,Campaign 9,Social,True,False,2023-12-21T12:33:51
7c35419e-4797-41fd-8949-c754f0d3f88c,865f3f40-e7ed-4ba6-8bb2-bb69377f58db,Campaign 4,Social,False,True,2025-03-24T12:33:51
8d299477-ddf3-47ea-b8a0-ac237087a96a,865f3f40-e7ed-4ba6-8bb2-bb69377f58db,Campaign 9,Phone,False,True,2025-03-28T12:33:51
d562936d-8ff6-4c89-a25a-072836232fc9,865f3f40-e7ed-4ba6-8bb2-bb69377f58db,Campaign 9,Phone,False,False,2024-01-11T12:33:51
6146e958-e426-4514-b79b-a4f82d2c9dad,865f3f40-e7ed-4ba6-8bb2-bb69377f58db,Campaign 1,Phone,True,False,2024-09-02T12:33:51
4a8a5840-57d3-4b42-b7df-1e1fcef7c1c2,865f3f40-e7ed-4ba6-8bb2-bb69377f58db,Campaign 2,Phone,True,False,2024-10-22T12:33:51
c954a5d5-ea6d-415b-8019-e7c38605e84a,86bf0181-b1de-457b-b993-4f9060017735,Campaign 7,Social,True,False,2024-03-23T12:33:51
b28430c4-ec45-47f4-8ae5-72e78a665ae8,86bf0181-b1de-457b-b993-4f9060017735,Campaign 7,Phone,True,True,2024-10-13T12:33:51
12f7b668-230d-4125-b4f2-fc79f9a7c225,86bf0181-b1de-457b-b993-4f9060017735,Campaign 6,Phone,True,False,2023-09-27T12:33:51
01d5adfb-d8b2-4e60-be91-fd546fb748c3,86d8d992-3849-46c2-86be-e7ad3bc5d228,Campaign 9,Email,False,False,2024-06-10T12:33:51
08ef694f-8aee-4e15-b7ae-8d9cae72f072,86d8d992-3849-46c2-86be-e7ad3bc5d228,Campaign 10,Social,True,False,2023-11-24T12:33:51
43f4b620-8938-4a62-916e-0a6556bf54b0,86d8d992-3849-46c2-86be-e7ad3bc5d228,Campaign 9,Social,False,False,2024-05-12T12:33:51
92642faf-6f75-4c32-828d-54c53590d2db,86d8d992-3849-46c2-86be-e7ad3bc5d228,Campaign 4,SMS,False,True,2024-04-04T12:33:51
14f0f216-b50b-44fa-9bb4-0dc786ccd6bc,86d8d992-3849-46c2-86be-e7ad3bc5d228,Campaign 6,Phone,False,False,2024-02-07T12:33:51
c3d1cfa3-1cc5-4485-b7e4-0e8e342f4b9f,86ecc685-b5e5-4708-8b41-717a89ee32f7,Campaign 10,Phone,True,True,2025-01-25T12:33:51
04e9ccb7-b75f-4baf-89e4-077d853c0a9c,87007af7-2a80-4969-9104-451cd543e2b1,Campaign 6,Social,False,False,2023-09-12T12:33:51
8a7c49c4-519f-4f1a-9ae8-7abb33c66a46,87007af7-2a80-4969-9104-451cd543e2b1,Campaign 6,Social,True,True,2023-11-23T12:33:51
acc66f2f-c11a-4381-affb-2d2e44a200cf,87007af7-2a80-4969-9104-451cd543e2b1,Campaign 6,Email,True,True,2024-12-26T12:33:51
75fbf1e0-fe55-438f-be42-2dd31b21b88a,87007af7-2a80-4969-9104-451cd543e2b1,Campaign 4,SMS,False,False,2024-07-20T12:33:51
82d99d4b-5b83-4fd9-bc1f-e23a9a02a5ae,87007af7-2a80-4969-9104-451cd543e2b1,Campaign 6,Social,True,False,2023-11-18T12:33:51
e8b8a7ed-8be1-4608-b5d0-fca838efcc97,8704d5c9-45c8-4c26-bb80-d27b816690de,Campaign 6,Email,False,True,2024-01-18T12:33:51
e955f23c-f674-4045-8573-fc87a58af994,8704d5c9-45c8-4c26-bb80-d27b816690de,Campaign 9,Email,True,False,2024-09-13T12:33:51
833d1177-8a88-49a7-ab7a-19d969b72254,8704d5c9-45c8-4c26-bb80-d27b816690de,Campaign 10,Phone,False,False,2025-08-21T12:33:51
55a47581-19bb-4cc3-a28d-ccf661bc3f67,871dba56-c9f0-49e0-a996-e23908c168ce,Campaign 5,Phone,True,True,2024-06-16T12:33:51
ccbaae1d-4e30-4b07-91e0-373dd1eae933,8750c819-345b-48a2-a2c3-93afd17269eb,Campaign 8,Email,False,False,2024-12-28T12:33:51
f4063ca8-bdc6-4fa7-a81e-68e5bba41d46,8750c819-345b-48a2-a2c3-93afd17269eb,Campaign 1,Social,True,False,2025-07-12T12:33:51
aa61877f-27cd-4781-91f6-340844779d89,8750c819-345b-48a2-a2c3-93afd17269eb,Campaign 1,Email,False,False,2024-09-05T12:33:51
8c66595d-dfd4-4ef9-9879-c7702dd01515,8829f885-6129-4c0f-8526-9cb4652de097,Campaign 10,SMS,False,True,2024-05-24T12:33:51
da3a0603-eaec-4304-aa37-2f5a149b9877,8829f885-6129-4c0f-8526-9cb4652de097,Campaign 4,SMS,False,False,2023-11-16T12:33:51
2f7e352c-1a4a-4bcf-9253-739c3320ae01,8858b229-f760-4d8a-9eb4-7ebe943d5a48,Campaign 3,Social,False,True,2025-07-11T12:33:51
b4f5192a-b2ee-4e7b-a110-844ca3649aa8,8858b229-f760-4d8a-9eb4-7ebe943d5a48,Campaign 6,Phone,False,True,2023-10-30T12:33:51
1f87624a-b627-4700-be2e-e613104438f0,887d628b-af3a-4f0b-9509-ea82444bcab8,Campaign 9,Email,True,False,2025-03-19T12:33:51
0a832731-4754-42d0-b62e-43f34843d333,887d628b-af3a-4f0b-9509-ea82444bcab8,Campaign 1,Email,False,False,2025-06-13T12:33:51
432c62c2-5e3f-4775-b65b-9b461c28836c,88bfd87e-b40c-4911-90bb-5848217feaa1,Campaign 8,Email,True,False,2025-06-23T12:33:51
3bd11b7b-1484-4fbb-ad81-ea8ec02d52c1,88bfd87e-b40c-4911-90bb-5848217feaa1,Campaign 1,Social,False,True,2025-03-15T12:33:51
b9ce5180-21fb-4e16-9194-855530152f76,88c85b3a-39ff-4cbc-a7bb-457ac7a778a4,Campaign 9,Social,True,False,2024-07-04T12:33:51
fccdae24-03ad-440f-af8d-053629d6f70f,88fe6610-12d2-48df-9172-0a27972789b0,Campaign 7,Email,False,False,2024-11-12T12:33:51
cb7b6c21-8c4f-416e-95a4-f6ea7c9d5302,88fe6610-12d2-48df-9172-0a27972789b0,Campaign 8,SMS,True,False,2025-07-23T12:33:51
2da34e29-9c56-4cdf-b0e4-31fe3a05bde5,88fe6610-12d2-48df-9172-0a27972789b0,Campaign 10,SMS,False,False,2023-12-27T12:33:51
33ee521a-1c60-4d1a-b179-07745dda4655,88fe6610-12d2-48df-9172-0a27972789b0,Campaign 6,Phone,False,True,2025-05-30T12:33:51
e2e41499-b8d9-4ce9-8cfe-a66f0dbd4df3,8918abdb-551c-46a9-a286-6eb0be062f06,Campaign 6,SMS,True,True,2023-12-19T12:33:51
8cde2c80-1417-41fc-a8b1-1248ecd6cd77,8951923d-1bb7-4de5-b797-9c2e69934e4d,Campaign 3,Email,False,True,2023-11-03T12:33:51
45eca290-1096-4855-b4b4-d419a560bec0,8951923d-1bb7-4de5-b797-9c2e69934e4d,Campaign 3,Phone,False,True,2024-03-26T12:33:51
32610b9c-9dd0-455b-a439-279e34810316,8951923d-1bb7-4de5-b797-9c2e69934e4d,Campaign 6,SMS,True,True,2025-08-15T12:33:51
989e074f-47c8-41bc-a280-14728844edcf,89588a8a-0afe-43b2-ae7b-861a7e99fff1,Campaign 5,SMS,True,False,2023-10-16T12:33:51
4985e73c-646d-46fa-8f72-2b453c9aa95b,89588a8a-0afe-43b2-ae7b-861a7e99fff1,Campaign 7,SMS,True,True,2024-07-24T12:33:51
61c7a3a8-85ee-49ef-b209-bb84cb53790e,89588a8a-0afe-43b2-ae7b-861a7e99fff1,Campaign 5,Phone,False,False,2025-01-16T12:33:51
2235a1c6-0568-493f-9ed9-f1636bcd6329,8993350b-dd5f-4dbc-bfe3-fc3c8ae1596d,Campaign 3,SMS,True,False,2025-03-31T12:33:51
b3f7f97b-fa70-4fa5-8a97-4cd99de2a39c,8993350b-dd5f-4dbc-bfe3-fc3c8ae1596d,Campaign 8,Phone,False,True,2024-02-27T12:33:51
2dd191c3-4d75-4b19-a14a-523087bf1a57,899e8b18-1f43-4ac1-98c5-93932d92f53f,Campaign 9,Phone,True,True,2025-01-01T12:33:51
d4654e54-53cc-4c1f-ae2a-4ffb9393b201,899e8b18-1f43-4ac1-98c5-93932d92f53f,Campaign 2,Social,True,False,2025-08-07T12:33:51
0a80bd71-5ad9-486e-9adf-a3b6f4f7e626,899e8b18-1f43-4ac1-98c5-93932d92f53f,Campaign 6,Social,False,False,2024-10-31T12:33:51
965aae09-bdde-4cef-af64-e38171db6cd6,899e8b18-1f43-4ac1-98c5-93932d92f53f,Campaign 9,Social,True,False,2024-05-26T12:33:51
47f8a089-5a37-4b8d-b118-6677bb07dba7,89a337cc-0cc7-4e98-86f8-93110c411e9f,Campaign 1,Phone,False,False,2025-07-25T12:33:51
86e8eeac-5e3f-4500-b84c-213879d9dd7c,89a337cc-0cc7-4e98-86f8-93110c411e9f,Campaign 2,Phone,False,True,2023-09-11T12:33:51
7e096f4a-5349-4833-a1a4-687b55e7c90d,89a337cc-0cc7-4e98-86f8-93110c411e9f,Campaign 4,Social,False,True,2024-09-05T12:33:51
aa99d900-82f7-4a3d-a742-a15ac722420a,89a337cc-0cc7-4e98-86f8-93110c411e9f,Campaign 6,Social,False,False,2024-09-14T12:33:51
b7509c4c-bcb5-426b-923a-fd050dde869a,89a337cc-0cc7-4e98-86f8-93110c411e9f,Campaign 5,SMS,False,False,2024-04-17T12:33:51
61e120e8-3be3-4697-bcdf-ecbfa4ceed6e,89ac739c-0249-40ff-a3f8-209f78a681b1,Campaign 7,Email,False,True,2025-06-23T12:33:51
7139fdc7-4e6e-44eb-8581-be8622219dc4,89ac739c-0249-40ff-a3f8-209f78a681b1,Campaign 4,Social,True,False,2025-03-30T12:33:51
417e0f73-7f87-4304-a92c-0f95cd1b0458,89ac739c-0249-40ff-a3f8-209f78a681b1,Campaign 2,Email,False,False,2024-06-13T12:33:51
76e63183-f48e-43c7-af54-50747c8bc67f,89f503ec-bec6-4f7e-9653-dfa77098f90c,Campaign 4,Social,True,False,2023-12-05T12:33:51
a74bd4cb-4e2e-49c2-8657-6f47878dfb88,89f503ec-bec6-4f7e-9653-dfa77098f90c,Campaign 6,Social,False,False,2024-09-10T12:33:51
430447fe-8b46-4b40-a432-a7af7cfe4edc,8a25dcc9-325b-4a95-951a-8ea653808be2,Campaign 7,Social,True,False,2024-06-26T12:33:51
f048dca2-72fa-4e04-8c76-15d81bdd6abc,8a25dcc9-325b-4a95-951a-8ea653808be2,Campaign 9,Social,True,False,2025-04-06T12:33:51
0c2fb72b-42f1-415d-aa0f-d3f9f98227be,8a25dcc9-325b-4a95-951a-8ea653808be2,Campaign 7,Social,True,True,2024-09-19T12:33:51
ff651112-d77f-4c8a-8d56-d271777dd1da,8a26a9e4-7864-4f1a-afed-af0a20b08a19,Campaign 10,Email,False,True,2024-07-13T12:33:51
3143ab01-9552-443c-b480-9c1443f0d938,8a26a9e4-7864-4f1a-afed-af0a20b08a19,Campaign 6,SMS,True,True,2025-02-20T12:33:51
3cb82342-6336-4819-a8d8-a9c952df7705,8a2c1ea1-5ed2-4584-8949-409e4f6c61f5,Campaign 5,Email,True,True,2025-03-16T12:33:51
6721ea6e-2e43-4ade-a814-4214da66b1a9,8a2c1ea1-5ed2-4584-8949-409e4f6c61f5,Campaign 8,Email,True,True,2025-05-11T12:33:51
65b69455-a09b-4494-9e42-5d859894f711,8a2c1ea1-5ed2-4584-8949-409e4f6c61f5,Campaign 8,SMS,False,True,2024-03-17T12:33:51
5c22927c-4d3d-4f3a-8eb7-e84eca35605e,8a2c1ea1-5ed2-4584-8949-409e4f6c61f5,Campaign 2,Email,False,False,2025-03-08T12:33:51
946606d5-b34b-4084-ac2a-27d3a516d423,8a2c1ea1-5ed2-4584-8949-409e4f6c61f5,Campaign 8,SMS,True,False,2024-10-24T12:33:51
fb31cd19-47dc-4c0e-afd8-f7df65bf2ad9,8a3b698c-2952-4b72-ad0f-49e7b72a3d95,Campaign 10,SMS,False,False,2024-06-24T12:33:51
1a394480-5315-4109-9edd-83b1ca4917e1,8a3b698c-2952-4b72-ad0f-49e7b72a3d95,Campaign 4,SMS,True,True,2024-06-21T12:33:51
ebefdfd0-ef86-4105-a4b1-7b62ff9342dc,8a3b698c-2952-4b72-ad0f-49e7b72a3d95,Campaign 7,SMS,True,True,2025-06-22T12:33:51
63c9aadb-9a66-4a7b-8bdf-9c3d775211fa,8a3c4bf8-c292-4711-9331-b35221ad3629,Campaign 8,Email,False,False,2025-02-07T12:33:51
ae4c44aa-90a6-4b46-ae9d-8e3c64c9a09b,8a475abd-cdd3-4c26-861a-3f068314c867,Campaign 10,Email,False,True,2024-04-17T12:33:51
81f77cbc-41fa-497c-ae02-d91c04e4954a,8a475abd-cdd3-4c26-861a-3f068314c867,Campaign 1,Phone,False,True,2025-08-27T12:33:51
51008820-b8c1-46b8-bfad-d9b8fa0adaa3,8a4d83b3-6455-4e5f-90de-f145d81d0378,Campaign 10,Phone,False,True,2025-04-02T12:33:51
ac7d6930-e0f8-4ef9-93dc-4ae153759a19,8a4d83b3-6455-4e5f-90de-f145d81d0378,Campaign 8,Social,True,False,2025-05-09T12:33:51
8a0dc788-d14b-47bc-a212-53bce97f8071,8a4d83b3-6455-4e5f-90de-f145d81d0378,Campaign 4,Social,False,True,2024-04-28T12:33:51
94d68606-8cce-404a-a316-76f448180a4e,8a54bd0b-54e1-41ff-8e15-d7b7b38b8a97,Campaign 9,Phone,True,True,2024-02-10T12:33:51
3cf918bc-5749-47a7-bb64-a9c17bf34509,8a54bd0b-54e1-41ff-8e15-d7b7b38b8a97,Campaign 5,Phone,True,False,2024-10-23T12:33:51
e634c3dd-d3b7-4043-ac15-de801d6e95cf,8a54bd0b-54e1-41ff-8e15-d7b7b38b8a97,Campaign 9,Email,True,True,2024-06-27T12:33:51
6b0f5545-e294-4a04-9846-15cce20c1859,8a54bd0b-54e1-41ff-8e15-d7b7b38b8a97,Campaign 9,Social,True,True,2024-01-31T12:33:51
b52e06f8-5a48-487f-9eb6-11b7ea5a18ef,8ab67aa1-c341-41eb-9c01-c4dfe300856e,Campaign 8,SMS,False,False,2023-10-15T12:33:51
d9ee4179-c0e9-4f14-956d-420af2f1c63d,8ab67aa1-c341-41eb-9c01-c4dfe300856e,Campaign 10,Phone,False,True,2023-11-23T12:33:51
cc3786a7-8694-4935-92c2-1d052a2808fa,8ab67aa1-c341-41eb-9c01-c4dfe300856e,Campaign 6,Phone,True,True,2025-07-31T12:33:51
adf443b0-d3ee-4caf-aa4a-958c9b110999,8ab67aa1-c341-41eb-9c01-c4dfe300856e,Campaign 2,Social,True,False,2025-08-18T12:33:51
ca185a42-280a-4d77-ae69-2f35d1bf5bac,8ab67aa1-c341-41eb-9c01-c4dfe300856e,Campaign 5,Email,True,False,2024-02-05T12:33:51
61db91c5-e1b1-4928-93b7-09cdb9c0488f,8acb0c3b-3f1d-4cf0-a8c7-317439539b2d,Campaign 4,SMS,False,False,2024-06-12T12:33:51
11b634c7-28a1-4ba6-bf33-fe41c84d1a88,8acb0c3b-3f1d-4cf0-a8c7-317439539b2d,Campaign 5,SMS,True,True,2025-04-06T12:33:51
79fa3de1-0a3d-44fa-98ba-1d8f4830a418,8b261ea0-c361-4193-8541-0b50268d2136,Campaign 7,SMS,False,False,2023-11-17T12:33:51
3b70849a-0188-45de-9062-21f6da93c27f,8b301228-bd1f-4ebb-9b47-2e85a7acfb25,Campaign 4,SMS,False,True,2024-08-10T12:33:51
8d4c1427-c804-496a-a2ca-0ff83ee0ef69,8b301228-bd1f-4ebb-9b47-2e85a7acfb25,Campaign 10,Social,True,True,2025-08-07T12:33:51
808d4ea2-9867-4792-8808-3827cffc0f70,8b301228-bd1f-4ebb-9b47-2e85a7acfb25,Campaign 9,Email,True,True,2024-04-06T12:33:51
ee8db2e5-2657-4062-b2ef-4c8d18a08711,8b46c6f2-19e2-430c-8b16-402437c43d55,Campaign 3,Email,True,True,2024-05-12T12:33:51
fd770671-a368-4f66-a51d-b695a5423ada,8b46c6f2-19e2-430c-8b16-402437c43d55,Campaign 7,Phone,False,True,2025-08-03T12:33:51
48b8b8c9-de2c-4749-aa2c-37368c81d8b2,8b46c6f2-19e2-430c-8b16-402437c43d55,Campaign 2,SMS,False,True,2023-10-10T12:33:51
ef8b6c83-5d01-4dcb-8364-110485f8e2d7,8b46c6f2-19e2-430c-8b16-402437c43d55,Campaign 4,Phone,True,True,2025-02-25T12:33:51
b5c99496-d6b0-4e35-ad86-af9f7e9db3cb,8b82192d-a8ac-47b0-8255-94461330dc44,Campaign 9,SMS,False,True,2023-09-27T12:33:51
b2187364-7c5a-4e7d-8681-bc63396fa95e,8b82192d-a8ac-47b0-8255-94461330dc44,Campaign 6,Phone,False,False,2024-05-13T12:33:51
fab4eefc-c1bd-44cd-bb07-d497a210fb5b,8b82192d-a8ac-47b0-8255-94461330dc44,Campaign 6,Email,False,False,2024-10-22T12:33:51
8355e2f1-dfce-4b89-b737-c44b1b464c9b,8b82192d-a8ac-47b0-8255-94461330dc44,Campaign 8,Phone,False,False,2025-07-13T12:33:51
5020d29c-6812-488e-8805-21fab572c7b1,8b82192d-a8ac-47b0-8255-94461330dc44,Campaign 6,Phone,True,True,2024-06-28T12:33:51
29ebdb70-998d-4a2a-8c92-22ab87608e31,8b8d9716-7635-48b3-ad79-25f8dfee94eb,Campaign 2,SMS,False,True,2024-11-10T12:33:51
4cc0d1d2-13af-4ef2-be15-dcd78a0eba1a,8b904a9e-b01c-4d0a-baec-3d6e626c3622,Campaign 1,SMS,False,True,2024-08-15T12:33:51
f7e0c446-1b53-4cd6-9f01-c89c26e684d9,8b904a9e-b01c-4d0a-baec-3d6e626c3622,Campaign 7,Email,False,False,2025-03-04T12:33:51
f46d1deb-b650-4858-8540-f61a11028165,8bb50e64-319d-4ba4-a083-1ab8ab321e1a,Campaign 3,Email,True,True,2025-08-17T12:33:51
e1ea3c54-b753-43ca-a6ec-eb9fcae3737c,8bb50e64-319d-4ba4-a083-1ab8ab321e1a,Campaign 6,Phone,False,False,2024-12-15T12:33:51
bb36f67e-f3b8-41c2-aa78-e329f93d0922,8bb50e64-319d-4ba4-a083-1ab8ab321e1a,Campaign 10,Phone,False,True,2024-04-27T12:33:51
6ac99354-38e0-4ee6-a362-254a6b1f7f77,8bb50e64-319d-4ba4-a083-1ab8ab321e1a,Campaign 2,SMS,False,True,2024-10-01T12:33:51
767e1df5-2a13-4ec9-90bb-515153acfe43,8bb50e64-319d-4ba4-a083-1ab8ab321e1a,Campaign 2,Social,False,False,2025-07-18T12:33:51
dbebdfee-2a9c-4562-8903-dcd8b506d5d6,8bc4c9ed-e807-41f1-b937-d7f0f8a1d191,Campaign 6,Social,False,False,2024-07-13T12:33:51
7d2dca4f-0f3e-4cf3-8145-83abbb402681,8bc4c9ed-e807-41f1-b937-d7f0f8a1d191,Campaign 3,Social,True,True,2025-07-24T12:33:51
67745fde-3636-4933-806a-7eda67766298,8bc4c9ed-e807-41f1-b937-d7f0f8a1d191,Campaign 4,SMS,False,False,2024-02-29T12:33:51
eb1fbc09-9db1-460c-b1f2-2d2543ffd9ab,8bc4c9ed-e807-41f1-b937-d7f0f8a1d191,Campaign 4,Phone,False,True,2024-07-07T12:33:51
be6493a7-1540-489c-8256-03086cbc7cea,8bc4c9ed-e807-41f1-b937-d7f0f8a1d191,Campaign 4,Email,True,False,2024-12-09T12:33:51
d2637583-0f12-4e22-8de5-cb3a9803e0ee,8c21d16f-fbf7-4bee-b350-5cf98e98049e,Campaign 7,Email,True,False,2023-09-04T12:33:51
b6f946bf-7608-4445-b0c5-ec874678b4f2,8c21d16f-fbf7-4bee-b350-5cf98e98049e,Campaign 6,Phone,False,False,2024-10-22T12:33:51
a987dad1-eef1-40b8-ae39-917c4585eaef,8c21d16f-fbf7-4bee-b350-5cf98e98049e,Campaign 5,Phone,True,False,2024-12-29T12:33:51
aefb8de5-8def-40fc-8106-8df53588bb40,8c21d16f-fbf7-4bee-b350-5cf98e98049e,Campaign 9,SMS,False,True,2024-11-16T12:33:51
478ac9c2-fd35-414f-b2ed-a4cca6147685,8c2a39ba-c546-4520-8415-2d58ced519e5,Campaign 4,Social,True,True,2025-01-21T12:33:51
59e4f133-6766-4e75-8fd0-efdd361fa0f4,8c3de9bf-e3a6-4c18-9cd3-63d8b1b49735,Campaign 8,SMS,False,False,2025-08-02T12:33:51
6f17ec27-65d2-4516-aced-f37834b524f8,8c3e0e24-4116-4ce4-8ddc-6152baa5db40,Campaign 6,SMS,False,True,2023-10-10T12:33:51
ceab2376-073b-4b8a-b877-6276171c6acc,8c3e0e24-4116-4ce4-8ddc-6152baa5db40,Campaign 5,Social,False,True,2023-12-04T12:33:51
a5c575bd-450c-40dd-bede-55bd41a0ffa4,8c5bc334-a70f-44c7-81e2-c12e6d9b2ae0,Campaign 9,Social,False,True,2025-05-11T12:33:51
a312796e-a20f-41e0-b618-bb98417c8672,8c5bc334-a70f-44c7-81e2-c12e6d9b2ae0,Campaign 4,Phone,False,True,2025-01-08T12:33:51
790739af-4b9c-4812-99ab-451f716338ef,8c5f87d8-6de7-49ba-a93a-ddec2903c65a,Campaign 10,Email,False,False,2024-03-26T12:33:51
24eee500-45c3-45ac-bdfe-7541f0c0b06b,8c5f87d8-6de7-49ba-a93a-ddec2903c65a,Campaign 1,SMS,False,False,2023-12-15T12:33:51
1000494b-6091-4061-8b29-5fe174e23390,8c652811-fed3-48d6-bd44-c11c55a83ffc,Campaign 9,Social,False,False,2024-12-25T12:33:51
8e41951e-5de0-49d3-8829-0970de785e82,8c652811-fed3-48d6-bd44-c11c55a83ffc,Campaign 6,SMS,False,True,2025-01-02T12:33:51
b52ced78-7493-4a71-b47f-69a0b9c557d1,8c652811-fed3-48d6-bd44-c11c55a83ffc,Campaign 9,Social,False,True,2025-06-10T12:33:51
d090be15-a075-4e18-9695-4d13d30d0bbc,8c652811-fed3-48d6-bd44-c11c55a83ffc,Campaign 4,Social,True,False,2025-05-30T12:33:51
f0bd0325-a612-414a-838e-e1617607a770,8c652811-fed3-48d6-bd44-c11c55a83ffc,Campaign 3,Social,False,False,2024-11-07T12:33:51
b079f993-fa72-46e8-9843-bfa9171ccbb4,8c82f2ae-adb7-4b27-b903-ea536729f5a0,Campaign 9,Social,True,True,2024-09-22T12:33:51
4eb8d77c-8644-4391-bf74-d9fe4fe22889,8d0b1e25-41a2-4cc9-b3f1-1244d8ad409c,Campaign 1,Phone,False,False,2025-06-29T12:33:51
648ed476-76b8-4775-8cca-dd8b11347344,8d40631b-f87c-43bf-8d31-514d708c7bcd,Campaign 2,Phone,False,False,2023-09-24T12:33:51
15fcd949-5ba4-4e39-94f3-aff157fdbbb5,8d4f646c-da4e-4efa-9f89-7260168d77d7,Campaign 7,SMS,True,False,2024-07-14T12:33:51
11c86b82-8d9c-4834-9ab1-02cf4686b7c2,8d4f646c-da4e-4efa-9f89-7260168d77d7,Campaign 9,Phone,False,False,2025-03-05T12:33:51
a2d2a96b-6ec6-40ca-9f3a-2a41727c91da,8d4f646c-da4e-4efa-9f89-7260168d77d7,Campaign 3,SMS,True,True,2025-07-13T12:33:51
774605d1-ba71-4014-8e7c-13b9cc0e0ecb,8d65c830-d49b-4775-9e0c-8d5a147d319d,Campaign 3,Social,False,False,2024-04-29T12:33:51
4eddd20d-6f47-40c8-980a-cb8f0df4d2b3,8d65c830-d49b-4775-9e0c-8d5a147d319d,Campaign 2,Social,True,True,2024-04-28T12:33:51
bb4d4016-ddff-443f-870b-07db801a6513,8d65c830-d49b-4775-9e0c-8d5a147d319d,Campaign 6,Email,False,True,2024-07-16T12:33:51
de144bbe-96ec-44b2-aa3a-6b671535bbc5,8d65c830-d49b-4775-9e0c-8d5a147d319d,Campaign 8,Email,False,False,2025-06-09T12:33:51
4de20a45-9989-4269-bb4f-8213939b09ff,8d65c830-d49b-4775-9e0c-8d5a147d319d,Campaign 10,SMS,False,True,2024-11-27T12:33:51
8df40fa8-3db9-4b92-a098-ec6378fc73e7,8dc57871-d89e-405e-8ca3-5219b8ebe60a,Campaign 10,Social,False,False,2024-06-11T12:33:51
a560829b-0bc2-4b48-8061-cd1d5a042748,8dc57871-d89e-405e-8ca3-5219b8ebe60a,Campaign 8,SMS,True,True,2024-01-25T12:33:51
8854c5a4-3597-4a82-b6be-ce1fc0b521fb,8de4d78c-0be0-4f3d-992b-cb843c0791a3,Campaign 5,Email,False,True,2024-08-25T12:33:51
a16649b8-9201-4e52-a999-9727be7c3469,8df637b6-4373-4373-b284-9610cbd59550,Campaign 9,Social,True,False,2023-11-18T12:33:51
16ebedb9-8d13-4e76-a1c6-e16d3a4b897e,8e1211cf-8afb-4f56-9748-66d9b1d343ce,Campaign 3,SMS,True,True,2023-09-28T12:33:51
81aa6e7d-3a8f-4373-9ce8-e40dbd38f32a,8e1211cf-8afb-4f56-9748-66d9b1d343ce,Campaign 4,SMS,False,False,2024-10-22T12:33:51
3354666a-711a-4365-bf8a-a64180001c67,8e1211cf-8afb-4f56-9748-66d9b1d343ce,Campaign 8,Social,False,False,2024-06-12T12:33:51
39619400-b578-49d9-ba8b-b0e2d7316afc,8e1211cf-8afb-4f56-9748-66d9b1d343ce,Campaign 7,Phone,True,True,2025-07-19T12:33:51
bc2ad8f2-5bcf-4309-9d78-646a100a132d,8e477cf9-508b-4b37-ad9f-dbd5a590edb8,Campaign 10,Phone,True,False,2024-06-07T12:33:51
1bbec07c-fef5-4c16-9a38-6809e79abe25,8e477cf9-508b-4b37-ad9f-dbd5a590edb8,Campaign 1,Email,False,True,2024-03-17T12:33:51
a97a7bab-ea4b-4bfd-9f9b-d35f523eaca6,8e4da1bc-5b6d-4e27-b867-6405bafa1a6a,Campaign 5,SMS,False,False,2025-01-29T12:33:51
635ea8c6-d3d9-4c42-8ece-1f7aa54a6903,8e4da1bc-5b6d-4e27-b867-6405bafa1a6a,Campaign 5,SMS,False,False,2023-10-11T12:33:51
307d9d38-9268-4d5c-a070-3a30d69205ef,8e4da1bc-5b6d-4e27-b867-6405bafa1a6a,Campaign 3,Phone,True,True,2023-09-25T12:33:51
6e61cf32-82a4-43fd-8d17-c46c094470f2,8e4da1bc-5b6d-4e27-b867-6405bafa1a6a,Campaign 5,SMS,False,False,2023-11-27T12:33:51
45b79ddf-a05f-4625-abb0-ce787244cad3,8e4da1bc-5b6d-4e27-b867-6405bafa1a6a,Campaign 9,Phone,False,True,2025-02-07T12:33:51
4eaed712-6425-486d-a40d-c6c25f57cc4a,8e5db93d-c20d-4a44-b7fb-f88f99349202,Campaign 6,Social,True,True,2024-12-01T12:33:51
d35c5388-cf24-4b37-a27e-a0659d512c34,8e5db93d-c20d-4a44-b7fb-f88f99349202,Campaign 4,SMS,False,False,2025-07-15T12:33:51
7885cced-8510-4209-9718-045518301cce,8e5db93d-c20d-4a44-b7fb-f88f99349202,Campaign 2,Phone,True,True,2025-08-21T12:33:51
19dcf3fc-d88d-47ff-8c65-360e6844b50b,8e64804f-0676-4f63-8f4f-a7345c585314,Campaign 9,Email,False,False,2023-10-14T12:33:51
9648155f-a583-44d6-8d77-a4f835783a46,8e64804f-0676-4f63-8f4f-a7345c585314,Campaign 9,Phone,True,True,2024-05-29T12:33:51
293297a1-7157-4b7e-a815-6ab9240d751d,8e64804f-0676-4f63-8f4f-a7345c585314,Campaign 6,SMS,True,True,2024-02-04T12:33:51
acf47cf0-19b7-4616-be9d-19c1f790758a,8e8a87d1-c3b8-44e7-8867-e2692e02f190,Campaign 8,Social,True,True,2025-05-16T12:33:51
1cadbeda-d358-4130-8c30-385593903595,8e8a87d1-c3b8-44e7-8867-e2692e02f190,Campaign 1,Email,False,False,2023-12-24T12:33:51
ed6cdb9b-d4ff-4935-ba5f-246a5ed46ffb,8e8a87d1-c3b8-44e7-8867-e2692e02f190,Campaign 5,SMS,False,False,2025-06-21T12:33:51
cd5100ba-e20d-41da-b5a6-ee263f22f944,8e8a87d1-c3b8-44e7-8867-e2692e02f190,Campaign 10,Social,True,True,2024-03-05T12:33:51
61ec135b-2193-45e3-bf4e-5e857a1fbb20,8e8a87d1-c3b8-44e7-8867-e2692e02f190,Campaign 3,Phone,False,False,2025-02-17T12:33:51
c3fb5ed3-ed09-46d7-9114-63cb5d168592,8ef9e2f1-7683-4600-9479-5631b5df573d,Campaign 5,Social,False,True,2023-10-25T12:33:51
7ef9c893-5973-44d3-a5cc-b61ea865a192,8ef9e2f1-7683-4600-9479-5631b5df573d,Campaign 6,SMS,False,True,2023-09-15T12:33:51
99b32374-d9f4-4950-9871-f033a6290073,8ef9e2f1-7683-4600-9479-5631b5df573d,Campaign 3,Social,True,True,2025-02-19T12:33:51
48f639b3-5930-4f3b-a674-69974d68ce33,8ef9e2f1-7683-4600-9479-5631b5df573d,Campaign 4,Email,False,False,2024-03-18T12:33:51
0411ed7f-cf97-4e9a-ac60-da08dc2fc241,8f04dc00-46df-4c2a-a801-d3060f7a275b,Campaign 4,Phone,False,True,2024-01-16T12:33:51
8f4dcf85-d3e0-4f6d-bd23-1bb2aead683b,8f04dc00-46df-4c2a-a801-d3060f7a275b,Campaign 10,Email,True,False,2025-03-14T12:33:51
bc7ba54a-528a-4240-8acd-b52e95e1dfed,8f04dc00-46df-4c2a-a801-d3060f7a275b,Campaign 9,Email,True,True,2025-04-25T12:33:51
3f4d93b8-a40a-4b91-aa00-5194badbded2,8f2df7e0-0708-4073-ae61-327d5c4e951a,Campaign 3,SMS,True,False,2024-03-20T12:33:51
9c03d512-99be-470e-b63a-9481b91c9f2d,8f2df7e0-0708-4073-ae61-327d5c4e951a,Campaign 9,Social,True,False,2023-11-23T12:33:51
d3b482c5-b8bb-4226-909e-ff31b610379d,8f2df7e0-0708-4073-ae61-327d5c4e951a,Campaign 5,Social,False,False,2024-09-04T12:33:51
bf82eed4-0f23-4c81-9b6b-e4ab690aeedb,8f2df7e0-0708-4073-ae61-327d5c4e951a,Campaign 1,Phone,False,True,2023-12-12T12:33:51
80e68099-7b43-4ff8-8ac5-363a9d058786,8f2df7e0-0708-4073-ae61-327d5c4e951a,Campaign 5,Email,False,False,2024-01-16T12:33:51
b6176544-be78-4dbe-88de-0c6ee6a5b3d0,8f4012e0-5a0f-4ef6-887f-c348acf10f1c,Campaign 2,Email,True,False,2024-11-16T12:33:51
6cd7527e-2434-4e6f-9ac6-d2a1587ac79a,8f4012e0-5a0f-4ef6-887f-c348acf10f1c,Campaign 2,SMS,True,False,2024-08-06T12:33:51
ff97533f-0a2a-4adc-b59a-2ea257d0eb03,8f5ec432-5429-4c19-94de-b2319982c7d4,Campaign 8,SMS,False,True,2023-09-15T12:33:51
a3b77c68-47b5-46bc-892a-0997deba7ef7,8f5ec432-5429-4c19-94de-b2319982c7d4,Campaign 5,SMS,False,False,2025-07-25T12:33:51
c79a40b5-8572-48e1-b617-1668f8db2c34,8f5ec432-5429-4c19-94de-b2319982c7d4,Campaign 3,Phone,False,False,2024-10-22T12:33:51
f02c3680-4d61-4808-81d9-c768b0156601,8fa7df59-5f98-4cb4-8552-5f7ec3c70f13,Campaign 9,Phone,True,False,2024-05-11T12:33:51
0ecb3e58-467b-408f-9ab6-1595cbd6e658,8fdb7f6d-4d49-43a7-86b3-8b417d9c0cbc,Campaign 2,Social,False,True,2025-06-13T12:33:51
46128c77-ea4b-40e7-9e19-af7292835aec,9065c54b-e305-413b-add6-31a4e78292e4,Campaign 10,Email,False,True,2025-04-17T12:33:51
3c2f122a-e228-4986-90a6-b34eff0c7a78,9065c54b-e305-413b-add6-31a4e78292e4,Campaign 2,Email,True,True,2025-06-08T12:33:51
51ae0b13-8777-4c54-9d98-fe1a4176a039,907689da-f0c0-4781-bb20-f958f730d4fe,Campaign 3,Email,False,False,2024-04-24T12:33:51
d746274a-89ce-413c-af9e-b442811857a5,907689da-f0c0-4781-bb20-f958f730d4fe,Campaign 3,Email,True,True,2024-11-09T12:33:51
fdd0917a-9229-4334-8ae0-34dbf25d3cb9,907689da-f0c0-4781-bb20-f958f730d4fe,Campaign 4,Phone,True,False,2024-02-14T12:33:51
7fbe14da-5dc0-494e-b8af-1aeec876377c,907689da-f0c0-4781-bb20-f958f730d4fe,Campaign 3,Phone,False,True,2025-06-25T12:33:51
1b6256fa-09cf-46d0-ab94-f418f7c90348,907689da-f0c0-4781-bb20-f958f730d4fe,Campaign 10,SMS,True,False,2023-12-29T12:33:51
75c335be-4611-471e-8062-6dbb208d6872,90a64857-98bb-41df-afd5-e01a2b0501d2,Campaign 6,Phone,False,False,2025-07-28T12:33:51
e3e014f0-fa2a-4437-ade0-19ebb4c8b3dd,90a64857-98bb-41df-afd5-e01a2b0501d2,Campaign 9,SMS,False,False,2025-06-20T12:33:51
65e46ede-1b4b-42a1-9685-23f5aa1a5882,90a64857-98bb-41df-afd5-e01a2b0501d2,Campaign 9,Social,False,True,2025-03-14T12:33:51
4e2e7852-ab44-45df-b06e-853fd386d06c,90bf88f2-60fe-4741-96f2-8cd728291276,Campaign 7,Phone,False,False,2024-05-01T12:33:51
2abcde0b-54b3-4dfd-8833-d511a4b9c544,90bf88f2-60fe-4741-96f2-8cd728291276,Campaign 4,SMS,True,False,2024-09-04T12:33:51
2f300f31-64d3-4ae3-be1f-b6795e899064,90c9c816-8ab2-4dce-82bd-ba5f6f06bede,Campaign 5,SMS,True,True,2024-10-03T12:33:51
f2b67f03-e749-4c9c-a45b-8815f196eb59,90c9c816-8ab2-4dce-82bd-ba5f6f06bede,Campaign 8,SMS,True,False,2024-05-21T12:33:51
eab2a15d-48e6-422c-a7a7-02a93c1c6f94,90c9c816-8ab2-4dce-82bd-ba5f6f06bede,Campaign 3,Phone,False,False,2024-03-26T12:33:51
2517338f-259b-4ebc-a479-03f551d4392d,90c9c816-8ab2-4dce-82bd-ba5f6f06bede,Campaign 7,Phone,False,False,2025-04-10T12:33:51
ca9d6b85-2e49-42b9-b982-aeed732a7670,90c9c816-8ab2-4dce-82bd-ba5f6f06bede,Campaign 2,Email,False,False,2025-07-30T12:33:51
fa3e6449-3dc7-44f2-84a3-cf8a60086c33,9121bd2b-1d91-47df-9e61-d42d3589f7e3,Campaign 4,SMS,False,True,2024-03-13T12:33:51
9fdbf3ca-b3f9-45d1-b608-1905086d84f8,9121bd2b-1d91-47df-9e61-d42d3589f7e3,Campaign 10,SMS,False,True,2024-08-24T12:33:51
5b1c9b8d-0e82-43f3-b4bc-86f4d714b3dc,9121bd2b-1d91-47df-9e61-d42d3589f7e3,Campaign 4,SMS,False,True,2025-02-16T12:33:51
96d499e4-ac52-48bb-8455-3e6e502987e7,9121bd2b-1d91-47df-9e61-d42d3589f7e3,Campaign 8,Phone,True,False,2025-07-29T12:33:51
40ec8f56-3fbe-4163-b181-4be1b74a7870,919194b4-960f-49e0-8e93-95b5683d9c0b,Campaign 7,Email,True,False,2025-01-22T12:33:51
13846515-6a24-4cc4-a75b-384a6e91be2e,919194b4-960f-49e0-8e93-95b5683d9c0b,Campaign 10,Phone,False,True,2024-10-25T12:33:51
60e221cd-9387-428e-9698-324fb6c91fcf,919194b4-960f-49e0-8e93-95b5683d9c0b,Campaign 9,Social,True,False,2024-10-03T12:33:51
0e4ed550-5907-4fc3-ad8c-e62bc323aecd,919194b4-960f-49e0-8e93-95b5683d9c0b,Campaign 1,Email,True,True,2024-04-10T12:33:51
07b9c699-7b45-444f-9872-16a4410b0398,919194b4-960f-49e0-8e93-95b5683d9c0b,Campaign 3,Email,True,True,2024-10-03T12:33:51
1678b3c7-0c4e-4264-aa4e-f07b80ec7a72,91ea5d72-1d40-45c6-a4cb-892ed1484ebe,Campaign 9,Phone,False,True,2024-10-03T12:33:51
938ee48a-dc4f-41a8-a601-380741180be8,91ea5d72-1d40-45c6-a4cb-892ed1484ebe,Campaign 3,Phone,True,True,2023-09-21T12:33:51
8196b04d-fcf5-4ae3-b869-5e9e1074030c,91ea5d72-1d40-45c6-a4cb-892ed1484ebe,Campaign 10,Email,False,False,2025-01-14T12:33:51
545efd86-f064-4607-9bd4-4459b633b7a3,91ea5d72-1d40-45c6-a4cb-892ed1484ebe,Campaign 2,Email,True,True,2024-08-06T12:33:51
af6e3936-93c4-487c-937d-15a1526c2ae1,923bd22b-12f5-4630-ab02-29c386695647,Campaign 2,Social,True,False,2024-05-09T12:33:51
831c3e64-5ddd-4793-b244-5ab1f7eee7d3,923bd22b-12f5-4630-ab02-29c386695647,Campaign 10,Email,False,False,2023-10-05T12:33:51
0e91234f-cb14-4e67-977a-cd2c7d105f6e,923bd22b-12f5-4630-ab02-29c386695647,Campaign 10,Email,True,True,2024-03-14T12:33:51
e46a6689-332d-4d51-8af6-6b2eae4416e3,923bd22b-12f5-4630-ab02-29c386695647,Campaign 3,SMS,False,False,2023-12-31T12:33:51
a03f05be-d7e4-4564-aaa9-e31ec0816375,927a2ea3-ad46-4c7e-bc05-5e13c9c6d353,Campaign 8,Email,False,True,2024-10-26T12:33:51
52e8be68-9c75-456e-adbc-d0cdcc0d5237,927a2ea3-ad46-4c7e-bc05-5e13c9c6d353,Campaign 4,Phone,False,False,2024-07-06T12:33:51
6962f89b-130c-4edf-930c-34bb1826df2e,92a42e42-8ed9-4e46-9ef4-09f9d7059faa,Campaign 5,Phone,False,True,2024-12-23T12:33:51
bbe9d287-8a24-499b-89a7-95a617cca737,92cf1336-cd2e-4592-8c03-7c820cc41148,Campaign 10,SMS,True,True,2023-12-12T12:33:51
5255aca5-1808-4643-996f-412a443b8fd4,92cf1336-cd2e-4592-8c03-7c820cc41148,Campaign 8,SMS,True,False,2023-12-22T12:33:51
3aa8ffdd-f579-4fb6-a383-694dbc9cde44,92cf1336-cd2e-4592-8c03-7c820cc41148,Campaign 7,Phone,False,True,2024-08-24T12:33:51
295a540c-d3dc-4726-a831-4f62f5185653,92cf1336-cd2e-4592-8c03-7c820cc41148,Campaign 5,Social,True,False,2025-01-31T12:33:51
87363631-749c-4832-85f7-446349d304c1,92d5f1c9-9210-4769-ad2d-f83da37e378c,Campaign 1,Email,True,True,2025-02-20T12:33:51
ebe485ed-a9a6-411a-ae31-6b1a30c29f26,931e3614-5fb3-42a9-a893-79900f5a6828,Campaign 10,Social,True,True,2025-06-29T12:33:51
68c00783-419e-444f-8ae5-6710ac081306,931e3614-5fb3-42a9-a893-79900f5a6828,Campaign 3,Email,True,True,2023-11-09T12:33:51
3195f0d8-1f40-49c6-96bd-9dc0d11088c4,931e3614-5fb3-42a9-a893-79900f5a6828,Campaign 10,SMS,False,False,2024-04-30T12:33:51
fe511756-5469-40a3-89a9-d47c0c4994e5,932be56f-c6d8-4d25-ab52-cb1b1900fc55,Campaign 5,Social,False,False,2024-03-07T12:33:51
2af4a07d-ee89-4fdc-b084-c5e6f04cc96c,932be56f-c6d8-4d25-ab52-cb1b1900fc55,Campaign 10,SMS,True,True,2025-07-11T12:33:51
a904f7c7-7b76-4305-91a0-3bede85acbd6,934aa4c3-dcb3-4fae-a0a2-9e0546f840ee,Campaign 4,SMS,False,True,2024-09-23T12:33:51
8e434db8-2587-4ba0-ae56-71f5cd8f1f6f,934aa4c3-dcb3-4fae-a0a2-9e0546f840ee,Campaign 5,Email,False,True,2024-01-17T12:33:51
457d22c8-4c5c-4673-b418-ca63a762406a,934aa4c3-dcb3-4fae-a0a2-9e0546f840ee,Campaign 9,SMS,False,True,2025-04-05T12:33:51
fd703d54-339c-4640-be31-6cb53f5bf37a,934aa4c3-dcb3-4fae-a0a2-9e0546f840ee,Campaign 1,Social,True,True,2023-10-16T12:33:51
35bf9791-e612-4df7-bf94-ffa83a5b44b3,9369b71e-36ec-493a-a42e-41534de83cbf,Campaign 6,SMS,False,False,2024-09-22T12:33:51
d64898a4-25f0-4d2a-890f-63f41e5becc4,9369b71e-36ec-493a-a42e-41534de83cbf,Campaign 4,Phone,True,False,2023-10-01T12:33:51
2b9f7d28-f5cd-4d4a-8a6f-c9739e246637,9369b71e-36ec-493a-a42e-41534de83cbf,Campaign 10,Phone,False,True,2025-02-22T12:33:51
94a6731c-a98a-491d-a5b9-c31f1b742619,9369b71e-36ec-493a-a42e-41534de83cbf,Campaign 8,SMS,False,True,2025-07-20T12:33:51
3f6b1ecd-ec69-4bbb-9561-a02eacdabde4,93792167-a15f-4674-ad0d-383ec3e2e196,Campaign 5,SMS,False,True,2025-03-23T12:33:51
35ef77ed-ea38-4dc1-9788-6130139de0ad,93a0a9ef-70d6-43b8-bd43-15d1e06ab8ae,Campaign 2,SMS,True,False,2024-03-03T12:33:51
699d009f-6e1d-4afb-9fda-355be2b75a92,93ace85f-3e3a-4534-a611-970a3f707ced,Campaign 2,Phone,True,False,2024-08-13T12:33:51
d36b5697-dda6-43c1-9ec2-aeae5ae0a964,93ace85f-3e3a-4534-a611-970a3f707ced,Campaign 4,SMS,True,False,2025-08-25T12:33:51
8bca40af-1096-4b94-9d19-5933bb283a10,93ace85f-3e3a-4534-a611-970a3f707ced,Campaign 2,Phone,True,True,2024-01-25T12:33:51
a3371400-90c4-4c91-936c-9e7d582a24f8,93ace85f-3e3a-4534-a611-970a3f707ced,Campaign 1,Phone,False,True,2024-12-02T12:33:51
42158ea0-f88b-4b35-b5ff-e8c0b1e50ae1,93ace85f-3e3a-4534-a611-970a3f707ced,Campaign 5,Social,False,False,2025-03-30T12:33:51
11777046-7be4-4949-b3af-57920418f4f8,93d40395-9017-4711-8566-793a92496b83,Campaign 5,Social,False,False,2025-01-23T12:33:51
662bacfc-aa35-44f8-8d25-883c7bfc3579,93d40395-9017-4711-8566-793a92496b83,Campaign 1,Phone,True,False,2024-06-28T12:33:51
9f6218c1-c3a4-44c1-97ed-4cf7a1635230,93d40395-9017-4711-8566-793a92496b83,Campaign 3,Email,False,False,2024-03-21T12:33:51
5a5f96d3-9348-486b-ac5d-a42ae614b8ab,93d40395-9017-4711-8566-793a92496b83,Campaign 4,Email,False,True,2023-09-19T12:33:51
4c987517-f797-4683-8690-a5acb56be257,93d40395-9017-4711-8566-793a92496b83,Campaign 3,SMS,True,False,2023-10-04T12:33:51
d1d25e1b-b6fb-44e7-ba3a-bb361329dfda,93e87cef-4d3e-4901-b6a8-4c29842becd1,Campaign 7,Email,False,True,2024-04-29T12:33:51
8f75978f-18be-4df5-b1f8-b0cd95b1a729,93f1f1e0-f9a9-4155-9d64-282dbc9fef15,Campaign 2,Social,False,True,2025-05-18T12:33:51
c87e6a2a-4840-4cf4-a975-c417e4698839,93f1f1e0-f9a9-4155-9d64-282dbc9fef15,Campaign 1,SMS,True,True,2023-09-14T12:33:51
cfcd5d85-069d-408e-97b2-23eb78fb8d69,93f1f1e0-f9a9-4155-9d64-282dbc9fef15,Campaign 3,Social,True,False,2024-04-17T12:33:51
620c9c87-ed04-4ad7-8554-3e8a79d4685f,942aa537-2320-4860-973d-5173d79278dd,Campaign 3,Social,False,False,2024-07-18T12:33:51
c89d10cf-6cda-4185-bab6-fbb56e904d0e,942aa537-2320-4860-973d-5173d79278dd,Campaign 6,Social,True,True,2024-03-30T12:33:51
36c21c39-bc59-4576-b58a-74d7b27289d4,942aa537-2320-4860-973d-5173d79278dd,Campaign 3,Social,True,True,2024-08-08T12:33:51
0a06df83-397e-4190-8cd5-58585033d145,942aa537-2320-4860-973d-5173d79278dd,Campaign 10,Email,True,False,2024-09-28T12:33:51
abfa1a0e-cf56-44b2-8730-db25045fbd48,942aa537-2320-4860-973d-5173d79278dd,Campaign 10,SMS,False,True,2025-04-12T12:33:51
64de3dea-3edc-464e-a40c-f716b7eec3d2,943c953a-9774-4e9d-9f1f-2a4ad560c7ab,Campaign 8,Phone,True,False,2024-07-26T12:33:51
486d2d00-2e22-4165-bb0a-4f81308b42ac,94b4db52-82f3-4638-86f4-19b28cee8315,Campaign 5,Phone,False,True,2023-09-14T12:33:51
5f1a63ed-e9cb-4449-b9cf-ffae86c8325f,94b4db52-82f3-4638-86f4-19b28cee8315,Campaign 3,SMS,False,True,2025-08-09T12:33:51
9ed69e10-456e-46c1-ab70-49c5540164a9,94b4db52-82f3-4638-86f4-19b28cee8315,Campaign 5,Email,True,True,2025-06-15T12:33:51
b6a3f581-27b5-4ae6-a8cf-b0fb6bc09c49,94b4db52-82f3-4638-86f4-19b28cee8315,Campaign 10,Email,False,True,2024-09-22T12:33:51
7e01e3ec-fc00-42e8-9210-8dc756100947,94b4db52-82f3-4638-86f4-19b28cee8315,Campaign 2,Phone,True,True,2024-06-30T12:33:51
c5ed6ceb-9003-41aa-b78a-c011fb2b518f,94c97915-363d-4db2-8cf9-f7ed59047192,Campaign 5,Email,False,True,2025-06-01T12:33:51
5ab50d8a-c3e0-4c57-9c45-be3f7cbb55c1,94c97915-363d-4db2-8cf9-f7ed59047192,Campaign 8,Phone,False,True,2025-04-01T12:33:51
2de1a68c-d6c0-411e-8cd0-a8f6859922d9,94c97915-363d-4db2-8cf9-f7ed59047192,Campaign 1,Email,False,False,2024-07-05T12:33:51
d8a4c216-9149-45eb-9ac3-58825d3f60fc,94c97915-363d-4db2-8cf9-f7ed59047192,Campaign 7,Phone,True,False,2025-05-17T12:33:51
9f1f9a6f-2fc8-4308-b10c-8386fd23baf1,94d05938-44cd-4d19-8e5f-a913422e3cca,Campaign 3,Email,True,True,2023-12-22T12:33:51
4d93a6fb-7d43-47af-b6e5-8aeec2ada1ed,94d05938-44cd-4d19-8e5f-a913422e3cca,Campaign 5,Phone,False,True,2025-03-11T12:33:51
b5c6985c-91fd-4504-86e9-2d59d4bd225a,94d05938-44cd-4d19-8e5f-a913422e3cca,Campaign 2,Social,False,False,2025-02-04T12:33:51
fe70cbc8-b0d8-4cd7-9066-39063f24d932,94d05938-44cd-4d19-8e5f-a913422e3cca,Campaign 5,Social,True,True,2024-11-02T12:33:51
930836c0-4a7e-4c29-81e3-9da94c49b669,9521d878-2d9f-48c7-ab65-6884567b59c5,Campaign 1,Phone,False,True,2025-05-12T12:33:51
01bfb933-75b2-4568-ad4f-c4b6e70a5e54,9521d878-2d9f-48c7-ab65-6884567b59c5,Campaign 3,Phone,False,False,2023-12-25T12:33:51
2df62e8d-a573-45d1-a131-1ab05efbcdbf,9521d878-2d9f-48c7-ab65-6884567b59c5,Campaign 6,Email,True,True,2023-09-05T12:33:51
1084ba00-b15b-4c60-8c34-92a0c4d1ff25,9521d878-2d9f-48c7-ab65-6884567b59c5,Campaign 3,Phone,True,False,2024-06-14T12:33:51
04f256bb-452c-4f90-8498-a49a4fedf088,95224d92-d76d-4031-a2dd-e931114cec2e,Campaign 8,Social,True,False,2025-08-20T12:33:51
7e2ab1c4-338c-4fa2-90f9-45d7f549c23d,95539da5-1742-49fd-add5-09072ff90dfc,Campaign 10,Phone,True,True,2024-12-06T12:33:51
b877bc90-8ead-4bab-8e52-149354959302,95539da5-1742-49fd-add5-09072ff90dfc,Campaign 6,Phone,True,True,2025-01-03T12:33:51
47721ed5-1337-461d-a1c8-dbb16626ea71,955f0ade-074f-4393-b25a-b570d0313e9f,Campaign 9,Phone,True,True,2024-12-27T12:33:51
a5d54ec2-9191-4ef0-b0ed-7cb47be49e80,955f0ade-074f-4393-b25a-b570d0313e9f,Campaign 10,Phone,False,False,2025-01-31T12:33:51
7e21369c-e709-41ca-afa2-fb89ecd0c8fd,955f0ade-074f-4393-b25a-b570d0313e9f,Campaign 10,Email,True,True,2023-12-05T12:33:51
fa109ae3-d1c8-4f6c-9bb3-7a17d745f09d,95688b04-5fd5-4d61-a2bd-01918914565d,Campaign 4,SMS,False,True,2025-02-13T12:33:51
efdcbb72-5a15-4bd4-afce-25300d1a5a6e,95688b04-5fd5-4d61-a2bd-01918914565d,Campaign 4,SMS,True,True,2023-10-10T12:33:51
e2392c85-d63a-4550-a2f2-60d31b22bc55,959b918c-2a29-42c2-a73d-dd5cc91ce5e9,Campaign 4,Phone,True,True,2024-11-17T12:33:51
2a9d6347-5569-412c-8377-e96d0a200080,959b918c-2a29-42c2-a73d-dd5cc91ce5e9,Campaign 1,Email,False,False,2024-01-27T12:33:51
c7bbf47b-c013-4a17-82d3-7b38d2ec60c2,95ac62dc-dd42-4669-bd4e-fd05366dbdcb,Campaign 8,SMS,True,True,2024-07-14T12:33:51
cf8aeb5f-c725-4340-84c5-161d368556fb,95ac62dc-dd42-4669-bd4e-fd05366dbdcb,Campaign 6,SMS,False,False,2024-09-26T12:33:51
d3d9d164-e3da-4f00-9685-87e0350a8282,95ac62dc-dd42-4669-bd4e-fd05366dbdcb,Campaign 2,Social,True,False,2023-11-06T12:33:51
bd85f4bd-813b-449d-acc0-f58496370107,95ada078-5f03-4edc-8904-1b6c42ae8305,Campaign 1,SMS,False,True,2025-03-05T12:33:51
40da6400-ce5f-45c4-be38-919e6853d6fa,95ada078-5f03-4edc-8904-1b6c42ae8305,Campaign 8,Email,True,True,2025-02-22T12:33:51
4b64308c-b867-4092-9008-4470053a3b31,95ada078-5f03-4edc-8904-1b6c42ae8305,Campaign 2,Email,False,True,2025-03-27T12:33:51
3c71c374-1f3a-4a81-b4c6-7dad140b34a1,95ada078-5f03-4edc-8904-1b6c42ae8305,Campaign 8,Social,False,False,2023-10-15T12:33:51
6c5cf4bd-fa14-4971-80db-c12829e4a303,95ada078-5f03-4edc-8904-1b6c42ae8305,Campaign 8,Social,False,True,2023-11-06T12:33:51
d74138af-bdae-4155-9a4c-b52f16126f51,960f3e70-f522-4d2f-bc1f-522024b2a84f,Campaign 1,SMS,True,True,2024-11-02T12:33:51
645eceaa-6209-411d-bab3-77c0e9f29d3c,960f3e70-f522-4d2f-bc1f-522024b2a84f,Campaign 3,Social,True,True,2024-12-06T12:33:51
172dd5ec-e7c3-4300-975b-4672eeb76015,96238e52-c177-4aab-9c6e-d1ca3c9afd54,Campaign 3,Email,True,False,2025-04-19T12:33:51
ea05750f-6e02-4597-af47-f315fd73d85e,96238e52-c177-4aab-9c6e-d1ca3c9afd54,Campaign 9,Phone,False,True,2023-09-13T12:33:51
379820c6-ca1c-42c6-a840-5898790d0a2d,9637909a-d2ba-4894-b215-221a07ad0de7,Campaign 6,Social,True,True,2023-09-28T12:33:51
cd48e0d9-b2a0-47c0-85ca-c4401bb58099,9637909a-d2ba-4894-b215-221a07ad0de7,Campaign 6,Email,True,True,2025-01-09T12:33:51
6766e068-30ca-462d-b587-15d0f545dc5d,9637909a-d2ba-4894-b215-221a07ad0de7,Campaign 5,SMS,False,True,2024-08-12T12:33:51
9f473c47-ce54-48d5-9d58-81bad325a6e4,9637909a-d2ba-4894-b215-221a07ad0de7,Campaign 5,SMS,True,False,2024-04-10T12:33:51
9f518c0b-dfc7-4119-ad19-938f441fa40d,9637909a-d2ba-4894-b215-221a07ad0de7,Campaign 9,Phone,True,False,2023-12-12T12:33:51
1955f138-8702-4a5f-a8a8-55b2c52d65cf,964fd378-9fd0-44a6-8be1-22fa8f0b6b26,Campaign 3,Phone,True,True,2025-07-25T12:33:51
3f898889-7260-471f-987e-8d24b515e660,9663dbe4-4d93-4258-b8ea-4dbb6128053e,Campaign 5,Email,False,False,2025-07-22T12:33:51
05e626b6-0f8b-436d-9e9f-5d8b74a2c79e,9663dbe4-4d93-4258-b8ea-4dbb6128053e,Campaign 10,Phone,False,True,2024-08-27T12:33:51
333ece71-2377-4a39-8358-b2b546641e34,9663dbe4-4d93-4258-b8ea-4dbb6128053e,Campaign 7,Social,True,True,2024-08-20T12:33:51
babcd9e8-f043-4fa7-a19c-ed5c6e3e12bf,9663dbe4-4d93-4258-b8ea-4dbb6128053e,Campaign 3,Social,False,True,2024-03-29T12:33:51
ced12b39-406d-434c-8cca-917ff9365835,96673557-d4cc-472d-8dfe-66152db70cac,Campaign 2,Social,False,False,2025-05-26T12:33:51
0f9722a9-c9d6-4bbb-a8b1-11c1d6f43bd3,96673557-d4cc-472d-8dfe-66152db70cac,Campaign 6,SMS,False,False,2025-03-29T12:33:51
d6257225-0f8c-4c38-a2ab-4946d684da47,969734ae-ea97-4cf1-a93e-292045e192b6,Campaign 7,Phone,False,False,2025-02-04T12:33:51
840e5998-03c8-483d-abbf-ce7fb0a0f666,969734ae-ea97-4cf1-a93e-292045e192b6,Campaign 4,Email,True,False,2024-02-12T12:33:51
16204812-e464-47eb-bf11-d8a195a3e937,96f82fac-1970-4c03-8339-de0c2c962ef4,Campaign 2,Phone,True,True,2023-11-06T12:33:51
85a010fb-f17c-4fec-b7ea-ff3e30a72996,96f82fac-1970-4c03-8339-de0c2c962ef4,Campaign 9,SMS,True,True,2024-02-11T12:33:51
058326ba-c3ab-458b-bfa9-f59e8833dddd,96f82fac-1970-4c03-8339-de0c2c962ef4,Campaign 1,Email,False,False,2025-07-29T12:33:51
3845e5a2-ae83-4a39-9335-36175a0d1bb5,96f82fac-1970-4c03-8339-de0c2c962ef4,Campaign 4,Email,False,False,2024-12-30T12:33:51
882a9363-7973-4e90-803a-9bded4818255,96f82fac-1970-4c03-8339-de0c2c962ef4,Campaign 4,SMS,False,True,2023-11-21T12:33:51
519b2f5e-9c46-4499-b229-cdbb29cb7d7d,971d9d2d-11ec-458c-ae0f-70dea961b5f6,Campaign 5,Social,False,False,2025-08-14T12:33:51
62273446-831d-43e4-904a-9f757e93a64c,971d9d2d-11ec-458c-ae0f-70dea961b5f6,Campaign 8,Email,True,False,2024-09-03T12:33:51
15a5f761-cac1-49d8-945d-a53fd67988e9,971d9d2d-11ec-458c-ae0f-70dea961b5f6,Campaign 2,Social,True,False,2025-07-08T12:33:51
613c403b-1ef5-4865-a436-6749de7a051a,971d9d2d-11ec-458c-ae0f-70dea961b5f6,Campaign 1,Phone,False,True,2024-12-31T12:33:51
aff8f4a3-dfc6-43ae-9707-cbf2117aaca5,971f6cdc-22fa-4964-8bc9-4648dc7824f4,Campaign 5,SMS,True,False,2025-07-27T12:33:51
ffc32d56-6416-40d0-b5cc-7108032605d2,971f6cdc-22fa-4964-8bc9-4648dc7824f4,Campaign 3,Social,True,True,2024-03-19T12:33:51
356c898c-eccc-4187-abf8-8a3f9054f156,971f6cdc-22fa-4964-8bc9-4648dc7824f4,Campaign 6,Social,True,False,2025-05-10T12:33:51
f29efed0-f7f4-4236-8745-cb778c4a496d,971f6cdc-22fa-4964-8bc9-4648dc7824f4,Campaign 4,SMS,True,True,2023-11-01T12:33:51
34aede29-911e-40a1-b851-e682d2f2a6d0,971f6cdc-22fa-4964-8bc9-4648dc7824f4,Campaign 2,Email,False,False,2025-08-12T12:33:51
a009b894-7c90-4aea-8041-db04d805e4d2,97791bae-9f7f-457b-b8fd-f955db06c263,Campaign 10,Email,False,False,2024-03-20T12:33:51
618e1838-e5e7-4bbd-8af7-172675645808,97791bae-9f7f-457b-b8fd-f955db06c263,Campaign 4,Social,True,True,2025-02-16T12:33:51
9e4a6b63-7ba4-4369-b552-985a42edc726,97791bae-9f7f-457b-b8fd-f955db06c263,Campaign 9,SMS,True,False,2023-10-23T12:33:51
d9891d55-3cb5-4517-8444-45220cde331d,97d5488f-081b-4de1-84d9-aca83df5d318,Campaign 10,SMS,False,False,2024-01-17T12:33:51
4996776f-9050-4fe7-b0d3-ec5097745a8c,97fb7aab-d3ee-4a52-b4d8-87cbd44d2da1,Campaign 8,Phone,False,True,2025-06-12T12:33:51
4e3e024d-552f-4888-8489-97e449a59e79,97fb7aab-d3ee-4a52-b4d8-87cbd44d2da1,Campaign 7,Social,False,False,2024-10-20T12:33:51
daceeca5-7783-4319-b396-e9a8dd766f5c,97fb7aab-d3ee-4a52-b4d8-87cbd44d2da1,Campaign 7,Email,False,False,2025-01-07T12:33:51
621a5473-4b22-47a9-8d32-7123402ac5b8,98120be1-cd9f-44cd-ac21-e51b43881569,Campaign 3,Social,False,True,2024-05-25T12:33:51
2e60cd6d-b416-46d9-8d83-3c57fd2df2b7,98120be1-cd9f-44cd-ac21-e51b43881569,Campaign 1,SMS,True,False,2023-11-21T12:33:51
c659b3be-af2b-4e6f-bc7e-0c03f34d7f61,98120be1-cd9f-44cd-ac21-e51b43881569,Campaign 2,Phone,False,False,2024-11-05T12:33:51
84ddb742-a0fc-4a0f-bb27-ed94fc8b07e3,982e344f-5a30-4708-86f3-90cdfc18858a,Campaign 10,Phone,False,False,2025-07-12T12:33:51
4e3185fb-f4c9-4ec9-9c12-e0ce8fbe332e,982e344f-5a30-4708-86f3-90cdfc18858a,Campaign 3,SMS,False,False,2025-06-09T12:33:51
3000c40d-62b8-4f92-ab40-56bbb31efc3c,982e344f-5a30-4708-86f3-90cdfc18858a,Campaign 2,Email,True,True,2024-08-01T12:33:51
8008eaaf-a8de-4fb6-9e93-4116f7cc9386,982e344f-5a30-4708-86f3-90cdfc18858a,Campaign 2,Email,True,False,2024-02-12T12:33:51
7efc8450-8a2a-49a9-b859-3de40fbf4f40,982e344f-5a30-4708-86f3-90cdfc18858a,Campaign 1,Phone,True,False,2024-05-14T12:33:51
500c731f-bd71-4145-a0c4-19450074ece1,9832a28e-deb4-4481-9ec3-9c0369107e37,Campaign 2,Social,True,False,2024-05-29T12:33:51
661b8196-19f0-416f-8a51-fdc811ef944d,9832a28e-deb4-4481-9ec3-9c0369107e37,Campaign 6,Social,False,True,2024-07-27T12:33:51
cf33dd2e-f2ed-4a21-b5c3-cc5f96ba5d97,9832a28e-deb4-4481-9ec3-9c0369107e37,Campaign 10,Social,True,False,2024-08-14T12:33:51
a87c6f6c-4e3f-4e4f-bae8-045875ee48e9,9832a28e-deb4-4481-9ec3-9c0369107e37,Campaign 8,SMS,True,False,2024-05-31T12:33:51
3340dc20-1561-40e9-9d0f-3427b6a0fcc4,98847d12-abc5-4ba9-b9b1-4d153d214150,Campaign 9,Email,True,False,2025-04-09T12:33:51
ef2e62af-e63e-48e1-9d7c-b1a06ddcf57b,98847d12-abc5-4ba9-b9b1-4d153d214150,Campaign 5,Email,True,True,2024-12-19T12:33:51
bb7e9d9d-5c43-400d-a303-596c66ce9bde,98c0224f-b76a-4518-ae4a-fdaf2a641dad,Campaign 7,SMS,False,False,2024-06-10T12:33:51
553b9ade-0c90-4821-884b-62469b6ee74c,98d30c9b-59c0-4434-aaa3-eb0d8ba8abce,Campaign 4,Email,False,False,2024-07-01T12:33:51
c20f4016-6ce6-430a-ba82-5941b719ac1a,98d30c9b-59c0-4434-aaa3-eb0d8ba8abce,Campaign 1,SMS,True,False,2024-12-10T12:33:51
76276816-0b86-4e5a-8445-db56d2e9be3d,98dcde77-b2fa-43d6-a613-3206ed00316a,Campaign 3,Email,False,True,2024-12-14T12:33:51
0408c59e-30e9-4d6d-90ca-2fd5ee2e3868,98fda998-a572-4252-9338-e6cc5108d6c6,Campaign 10,SMS,False,True,2024-10-26T12:33:51
f7022d68-a128-4dbb-acd2-150c3676b159,98fda998-a572-4252-9338-e6cc5108d6c6,Campaign 6,Email,True,True,2023-10-20T12:33:51
52299e98-6d7c-483e-a7e9-7ad8b11595f1,98fda998-a572-4252-9338-e6cc5108d6c6,Campaign 1,SMS,False,True,2024-10-10T12:33:51
5c6f0ba3-da74-4be5-b8f5-6c072e5328d4,98fda998-a572-4252-9338-e6cc5108d6c6,Campaign 5,Email,False,False,2024-01-12T12:33:51
4a3ad9e5-40aa-4123-bd9d-8ae23aaa8749,98fda998-a572-4252-9338-e6cc5108d6c6,Campaign 9,Social,True,False,2023-12-14T12:33:51
11e29645-4fc4-4b7c-b395-24582a32bf06,9907f1d6-c905-420d-9e2e-24110d7ee7ef,Campaign 1,Email,False,True,2024-10-15T12:33:51
beca843d-c22f-450f-b61f-703073603804,9919b0a1-e0d1-48c8-8768-36e69725424d,Campaign 4,Email,True,False,2024-09-22T12:33:51
ac2b330a-9b03-4203-8a7b-d452817f69e4,9919b0a1-e0d1-48c8-8768-36e69725424d,Campaign 3,SMS,False,True,2024-01-29T12:33:51
b7103393-1d66-4af8-9228-7421b446d7b3,996c3bf5-0985-4cf2-a122-a2cddc621774,Campaign 8,Phone,True,True,2025-02-12T12:33:51
d52aca85-f095-416a-b19a-7bd57a5c5d8d,99a410c4-7939-45da-b36e-ddc84977d52e,Campaign 8,Social,True,True,2024-06-22T12:33:51
409ae0ed-ddce-4b77-9a22-512d903071e9,99ad5b79-acff-45ce-80e9-8aea80897c95,Campaign 10,Phone,True,True,2024-08-02T12:33:51
61c8398d-6f1c-4d4e-9bc1-a02cad0cf117,99ad5b79-acff-45ce-80e9-8aea80897c95,Campaign 5,Phone,False,False,2024-01-28T12:33:51
97a4a11b-7099-42fb-a226-2ed48c810191,99ad5b79-acff-45ce-80e9-8aea80897c95,Campaign 4,Phone,False,False,2025-06-14T12:33:51
7d05d0f1-def9-4e4a-bf73-59c19ecf6911,99ad5b79-acff-45ce-80e9-8aea80897c95,Campaign 1,Phone,True,False,2023-09-26T12:33:51
ceeb6574-ae94-477a-8101-b865869ebd1f,99ad5b79-acff-45ce-80e9-8aea80897c95,Campaign 9,Phone,True,False,2024-12-23T12:33:51
d45b6ac2-20c2-4424-8318-fcc45c221c37,99c43c15-49d9-43d9-ac73-06b949567b10,Campaign 5,Social,True,True,2024-03-26T12:33:51
a74f773f-f111-4db6-a0d1-117fb4bd5184,99ce1385-6ae1-4acc-ad15-354ff8a5d6f7,Campaign 10,Phone,True,False,2024-12-20T12:33:51
e9ba6b40-1a2b-4d6e-a53c-67d9df21633a,99ce1385-6ae1-4acc-ad15-354ff8a5d6f7,Campaign 9,Social,False,True,2024-08-23T12:33:51
8f4580f1-5596-4ecb-b4df-65a668fe86f5,99ce1385-6ae1-4acc-ad15-354ff8a5d6f7,Campaign 8,SMS,True,True,2025-03-27T12:33:51
0d0a4ae9-6f47-40ae-a7c3-13c634c65a1e,99d27ff8-de63-4e35-9bc9-6b84074e871f,Campaign 1,Social,False,False,2025-08-15T12:33:51
981b3334-0ffe-48fb-a374-34525aa8db85,99d27ff8-de63-4e35-9bc9-6b84074e871f,Campaign 5,Social,False,True,2025-04-20T12:33:51
230fa173-a6b9-42d5-9d74-1da485de315f,99d27ff8-de63-4e35-9bc9-6b84074e871f,Campaign 3,Email,False,True,2025-01-20T12:33:51
2d238200-8078-4bbc-bf72-db232f205ac7,99d27ff8-de63-4e35-9bc9-6b84074e871f,Campaign 4,SMS,False,True,2025-03-26T12:33:51
4fb9a1dc-6cd8-4c54-84da-a8917da9d401,99d27ff8-de63-4e35-9bc9-6b84074e871f,Campaign 7,SMS,False,True,2025-05-10T12:33:51
bdfd25f2-b8eb-4bbe-8dbb-49c3b632aca4,99ee2f43-f622-439c-b3a9-b17c87832c15,Campaign 10,SMS,False,False,2024-10-27T12:33:51
8474b83c-b769-472a-87eb-bd392d4ad9f8,99ee2f43-f622-439c-b3a9-b17c87832c15,Campaign 1,Email,False,False,2024-10-14T12:33:51
67a0a2f3-60a7-4424-944f-7eccf77b70a1,99ee2f43-f622-439c-b3a9-b17c87832c15,Campaign 5,SMS,True,True,2024-08-23T12:33:51
9611ecb3-6a1b-4c7f-b7da-a475ef820419,9a2b2709-5da9-4e4d-95f3-7d4ae9c729bf,Campaign 4,Social,False,False,2025-07-29T12:33:51
85d7ecad-cf60-422c-a389-3ebd336aabc5,9a2b2709-5da9-4e4d-95f3-7d4ae9c729bf,Campaign 10,Email,False,True,2024-12-23T12:33:51
68329958-3071-4979-8359-b2cfc4e96f3c,9a2b2709-5da9-4e4d-95f3-7d4ae9c729bf,Campaign 9,Social,True,True,2023-10-17T12:33:51
0fb60ab8-85cf-4754-af7f-b15345c2a9f3,9a2b2709-5da9-4e4d-95f3-7d4ae9c729bf,Campaign 7,Email,False,False,2025-05-12T12:33:51
bbac488d-01c7-44db-a519-6b4cd1dcc46a,9a5577f0-1787-4235-9bda-d270b061212e,Campaign 3,Social,True,False,2024-11-18T12:33:51
9c3f1368-1e71-4bf3-a76f-adb41bdf0b5b,9a5577f0-1787-4235-9bda-d270b061212e,Campaign 7,SMS,True,False,2025-01-14T12:33:51
0831e72b-4e93-4148-85db-c71ce02eb9e9,9a5577f0-1787-4235-9bda-d270b061212e,Campaign 7,SMS,False,False,2025-07-30T12:33:51
7a5a0261-837d-4eab-b4d3-3855efa1ff39,9a5577f0-1787-4235-9bda-d270b061212e,Campaign 2,Email,True,False,2024-08-17T12:33:51
c6458893-e04c-4d95-b6ff-bba9fa56d67b,9abdd8c2-1764-49c1-afe1-f574293840fe,Campaign 8,Phone,True,False,2023-09-09T12:33:51
5d8b2d18-6ef4-428f-8ce4-532b60b9e238,9abdd8c2-1764-49c1-afe1-f574293840fe,Campaign 10,Phone,False,False,2025-07-27T12:33:51
387f90cb-e4ea-4aab-b2c0-3dbccd2bff24,9abdd8c2-1764-49c1-afe1-f574293840fe,Campaign 3,Email,False,False,2023-12-19T12:33:51
8a22df5c-ccf0-4eff-8363-c9e68eab257c,9ae9534e-9c07-4539-891c-bfcce7d4ff3b,Campaign 7,Phone,False,False,2025-07-06T12:33:51
46451981-28a2-456e-80c1-a34e7f61b7b2,9ae9534e-9c07-4539-891c-bfcce7d4ff3b,Campaign 10,SMS,False,True,2025-02-25T12:33:51
7537e2e9-d58f-4296-bdb2-12c48ae3697c,9af08dc3-4067-404b-b4a0-a3e4ea418922,Campaign 1,Phone,False,True,2025-02-03T12:33:51
20a3a7dd-7c04-483e-9a47-a741d2810858,9af08dc3-4067-404b-b4a0-a3e4ea418922,Campaign 5,Social,False,False,2024-11-21T12:33:51
0bcfdf30-7b03-4f4f-bfeb-cb7590164b24,9af08dc3-4067-404b-b4a0-a3e4ea418922,Campaign 1,Social,False,True,2024-07-03T12:33:51
f5ba066f-c68a-48ce-9117-d48aa85af8f2,9af08dc3-4067-404b-b4a0-a3e4ea418922,Campaign 9,SMS,False,False,2023-12-15T12:33:51
2daa3eb3-e962-4eb3-ab6b-f1416742efaf,9b016ead-f52c-4b53-bc93-f3bef9b2b10c,Campaign 5,Email,True,True,2025-06-19T12:33:51
9e710b82-3800-4483-a878-b42b96d0ef0b,9b4ebbe7-8143-4f3d-845a-7bed1128ea19,Campaign 9,SMS,True,True,2024-08-21T12:33:51
79633657-fb75-4d5c-bba6-21383e3deb09,9b4ebbe7-8143-4f3d-845a-7bed1128ea19,Campaign 6,Phone,True,True,2025-07-19T12:33:51
cc1c7cdd-b72b-4f4e-a6da-1aa9e4e6c180,9b4ebbe7-8143-4f3d-845a-7bed1128ea19,Campaign 3,SMS,False,True,2025-07-14T12:33:51
3a6981e0-77c0-4589-8523-e1585cad32bc,9b4ebbe7-8143-4f3d-845a-7bed1128ea19,Campaign 5,Email,False,True,2023-09-19T12:33:51
797a12b6-e5f5-41b1-a1e3-0c8274f85f15,9b4ebbe7-8143-4f3d-845a-7bed1128ea19,Campaign 1,Phone,True,True,2024-12-21T12:33:51
e27eddc1-b7d2-4076-994c-369e1eca88bd,9b7713f5-2197-4b99-9e14-56d8904377d5,Campaign 3,Email,True,True,2024-06-10T12:33:51
6b755be5-db89-420c-93c8-e1a98241c0fe,9b7713f5-2197-4b99-9e14-56d8904377d5,Campaign 4,Email,False,True,2025-03-27T12:33:51
7a64b924-ab50-4ecc-91c1-1e3736c05ce2,9b7713f5-2197-4b99-9e14-56d8904377d5,Campaign 10,Email,False,True,2023-10-21T12:33:51
cd744ab1-d90a-4865-bd86-328f71316939,9b8588d7-4185-4a9c-82db-7ffe59cf08f8,Campaign 3,Email,True,True,2025-07-09T12:33:51
83f42055-ba65-4dc0-9ee6-fadbb9f1638c,9b8588d7-4185-4a9c-82db-7ffe59cf08f8,Campaign 4,Social,False,False,2023-10-31T12:33:51
a031c75a-df8c-4d0a-b240-e7647a45fba0,9b8588d7-4185-4a9c-82db-7ffe59cf08f8,Campaign 5,SMS,False,False,2024-12-02T12:33:51
70c39a1c-ee5f-416a-b9d3-e3383443a866,9b8588d7-4185-4a9c-82db-7ffe59cf08f8,Campaign 1,SMS,False,False,2024-04-01T12:33:51
eebda92c-a563-40d4-8f91-76f01ff9112f,9b8588d7-4185-4a9c-82db-7ffe59cf08f8,Campaign 2,Email,True,False,2025-04-09T12:33:51
3608d4d5-0eb3-4902-b8f1-bb6bc7a7201b,9bba45f3-78cd-45bb-b413-66e6cbbb716f,Campaign 8,SMS,True,True,2025-03-21T12:33:51
4a1134bb-c661-450e-8ef6-efc1aeb5918a,9bba45f3-78cd-45bb-b413-66e6cbbb716f,Campaign 4,Social,True,True,2024-12-30T12:33:51
1225733f-85e9-4761-9fb5-86a25fd4b361,9bba45f3-78cd-45bb-b413-66e6cbbb716f,Campaign 6,Social,True,False,2025-04-03T12:33:51
a4531474-5dc9-4d5b-a426-23a4d15c5568,9bba45f3-78cd-45bb-b413-66e6cbbb716f,Campaign 3,Email,False,False,2024-06-30T12:33:51
b9e372a0-3b32-4f22-b673-ba3bfa22595d,9bba45f3-78cd-45bb-b413-66e6cbbb716f,Campaign 5,Email,True,False,2025-06-05T12:33:51
1f653691-162e-4ece-87f0-d449cf76c6f8,9c1eef1a-cb8e-45b0-b418-c57f0240b7e5,Campaign 7,Phone,True,True,2024-03-11T12:33:51
742b891b-9406-421e-ac0e-1f73fd833188,9c1eef1a-cb8e-45b0-b418-c57f0240b7e5,Campaign 4,Phone,True,False,2024-02-19T12:33:51
bbf8f8e9-1428-42ce-81bf-815bdf2a4bf1,9c603463-f941-4ba5-89ad-0b120fbe2a07,Campaign 10,Social,False,False,2023-10-24T12:33:51
b56e3b9f-b09b-4802-b762-4727c6d5eff2,9c603463-f941-4ba5-89ad-0b120fbe2a07,Campaign 2,Phone,False,False,2024-12-25T12:33:51
5f822aca-9971-49de-9d89-966399a48a66,9c603463-f941-4ba5-89ad-0b120fbe2a07,Campaign 6,SMS,False,True,2024-04-08T12:33:51
ff140ca6-b8b7-48e9-bf67-73aa35bb5023,9c603463-f941-4ba5-89ad-0b120fbe2a07,Campaign 9,Email,False,True,2025-07-29T12:33:51
d772c995-f992-4bec-9d54-9862ec8c752a,9c603463-f941-4ba5-89ad-0b120fbe2a07,Campaign 8,Email,False,False,2025-02-20T12:33:51
301960c0-d38f-4945-9c22-bc90172d28f1,9c725bba-b698-4cd0-82b0-e7380d9e7759,Campaign 8,Email,True,True,2024-01-22T12:33:51
c6ca4bbd-5756-49c8-a614-a50abb410206,9c725bba-b698-4cd0-82b0-e7380d9e7759,Campaign 4,SMS,False,False,2024-08-16T12:33:51
27d0a97a-6c94-4000-a077-92b3894c47ac,9c725bba-b698-4cd0-82b0-e7380d9e7759,Campaign 9,Email,True,False,2025-03-10T12:33:51
d256fcef-5e6a-418e-b3f9-3551334231f4,9c8cea12-bf89-4927-8f7e-499e48cec2a5,Campaign 4,SMS,False,True,2025-01-19T12:33:51
70150425-b18a-4626-a0b0-a4194f552994,9c8cea12-bf89-4927-8f7e-499e48cec2a5,Campaign 1,Email,True,True,2025-01-09T12:33:51
2e7ffb91-dd4e-4a71-90b6-cf68d22a8717,9c902b10-3893-42ae-89b4-da4bc5d96a6e,Campaign 5,Phone,True,False,2024-08-15T12:33:51
45a68474-d3f0-4450-9506-6ea48bfe577d,9c902b10-3893-42ae-89b4-da4bc5d96a6e,Campaign 10,Email,True,False,2025-07-09T12:33:51
70ebec7d-ed87-4270-a6a7-8a2eade157a1,9c902b10-3893-42ae-89b4-da4bc5d96a6e,Campaign 1,Social,True,True,2025-02-06T12:33:51
65bc6dca-90a3-4f61-b2ca-a8b5e1ba0191,9c902b10-3893-42ae-89b4-da4bc5d96a6e,Campaign 9,Social,True,True,2025-04-07T12:33:51
608a0f9f-2e9d-4604-a3dd-d8105940dff2,9cac4a37-d8b0-458b-8aad-b2598385d3e3,Campaign 2,Email,False,True,2025-02-24T12:33:51
e390db0f-b570-48df-be08-39ca9f2d43d1,9cac4a37-d8b0-458b-8aad-b2598385d3e3,Campaign 1,Social,False,False,2024-01-07T12:33:51
6b01452e-63d9-454c-b8e9-1fa8d8fad532,9cbc078e-ce91-43eb-bd13-c0cdced2c8df,Campaign 2,Email,False,True,2025-08-21T12:33:51
9b654691-e412-420f-9d13-46a6ccc42424,9cbc078e-ce91-43eb-bd13-c0cdced2c8df,Campaign 4,SMS,True,True,2024-09-06T12:33:51
be0f4feb-d124-45ad-8b74-073ac3c2ca04,9cbc078e-ce91-43eb-bd13-c0cdced2c8df,Campaign 10,Phone,True,True,2025-05-19T12:33:51
d50096c8-d8c9-4d27-87c6-99e216e77005,9cbc078e-ce91-43eb-bd13-c0cdced2c8df,Campaign 10,SMS,True,False,2024-10-02T12:33:51
33a904a5-03c0-4db5-a737-0ed64afb1600,9cbc078e-ce91-43eb-bd13-c0cdced2c8df,Campaign 8,Email,False,True,2025-08-01T12:33:51
b700a435-c4a7-447f-95a6-35bd86013ea1,9ce67277-b21d-46db-851e-9b510b9e30e0,Campaign 4,Social,True,True,2023-10-25T12:33:51
40ede448-9e89-425a-897e-3f3b13ba4440,9ce67277-b21d-46db-851e-9b510b9e30e0,Campaign 1,Social,False,False,2024-12-18T12:33:51
0e13e918-680e-428a-8c09-db07801b5f45,9ce67277-b21d-46db-851e-9b510b9e30e0,Campaign 7,Social,False,False,2024-04-09T12:33:51
aa48ffb1-eb6f-40bc-bfd8-26981c48e312,9cf3ed5b-f19a-48c1-b660-4a26f38ed72e,Campaign 2,Phone,True,True,2025-05-24T12:33:51
19c3c251-cf44-4594-a5af-8db6957e829a,9cf3ed5b-f19a-48c1-b660-4a26f38ed72e,Campaign 2,Phone,True,True,2025-03-27T12:33:51
e8f0d9c6-4140-4490-b543-d108380988d1,9cf3ed5b-f19a-48c1-b660-4a26f38ed72e,Campaign 2,Phone,True,True,2023-09-13T12:33:51
89192096-6a92-4511-952e-28850a911376,9cf3ed5b-f19a-48c1-b660-4a26f38ed72e,Campaign 1,SMS,True,False,2025-05-05T12:33:51
8b1f5100-c2b6-4bf1-afe3-d9c8b1493c76,9cf9d538-54e2-41f4-9b24-eedd8a8e47a8,Campaign 5,Phone,False,False,2024-04-11T12:33:51
5577f7a2-629d-4850-8f03-826d3acce1d0,9cf9d538-54e2-41f4-9b24-eedd8a8e47a8,Campaign 3,Phone,False,False,2025-03-02T12:33:51
88a663e7-6d41-43cd-9506-d3ab31829091,9cf9d538-54e2-41f4-9b24-eedd8a8e47a8,Campaign 5,SMS,True,True,2024-05-12T12:33:51
5ebf133a-4f65-4eb9-846c-717e3562672a,9cf9d538-54e2-41f4-9b24-eedd8a8e47a8,Campaign 10,SMS,False,True,2025-03-21T12:33:51
a1428f2d-8482-44df-b5c6-6f540305d072,9cf9d538-54e2-41f4-9b24-eedd8a8e47a8,Campaign 7,Phone,True,True,2023-09-05T12:33:51
8e1b9b6b-324f-4d6e-bac6-caffbb33145e,9d167ecc-900a-41b2-9dd5-1983f09ed4e2,Campaign 2,SMS,True,False,2024-10-01T12:33:51
266ff18c-dcb1-42e2-997b-c1e39c23896c,9d167ecc-900a-41b2-9dd5-1983f09ed4e2,Campaign 2,Phone,True,True,2023-09-07T12:33:51
9cbcae55-8020-4429-9a28-ef7d0e8aedad,9d167ecc-900a-41b2-9dd5-1983f09ed4e2,Campaign 1,SMS,False,True,2024-12-16T12:33:51
d048f072-ae3b-401f-bbc3-3795a17c369a,9d167ecc-900a-41b2-9dd5-1983f09ed4e2,Campaign 8,SMS,True,False,2025-08-15T12:33:51
bbbf53b5-acb0-4506-ad78-53504cd234b9,9d167ecc-900a-41b2-9dd5-1983f09ed4e2,Campaign 2,Social,False,True,2024-07-10T12:33:51
e1eb107a-b3cf-42b8-a87a-86e8b7df8181,9d1a3c93-dfae-4123-b989-8c3ac0e3ecc3,Campaign 4,Phone,True,False,2024-08-07T12:33:51
2a2ab657-267c-46d8-95f5-2741fad28563,9d2b111e-d1d1-4c25-9982-b9dea49a7382,Campaign 1,SMS,True,True,2023-09-25T12:33:51
6c9c5fb1-a09c-4b4c-9a39-7dd9bfacab9c,9d2b111e-d1d1-4c25-9982-b9dea49a7382,Campaign 2,Email,True,True,2025-04-18T12:33:51
47ea7fae-6a15-460b-8e15-cae2d77c6475,9d2b111e-d1d1-4c25-9982-b9dea49a7382,Campaign 2,SMS,False,True,2024-11-24T12:33:51
abb4086b-d1ce-4634-89a9-3ed6bcb70043,9d2b111e-d1d1-4c25-9982-b9dea49a7382,Campaign 6,Social,True,True,2025-07-10T12:33:51
775b3587-7448-48f7-a60e-241f630a195f,9d2b111e-d1d1-4c25-9982-b9dea49a7382,Campaign 8,Social,True,False,2025-04-07T12:33:51
a8291ee3-ce7a-4afc-beff-e1705829bb4b,9d538e95-f695-476f-9ab0-87aebbb5d6fb,Campaign 1,Social,True,False,2023-11-14T12:33:51
be62fac3-cda5-45a4-b7d5-694c9ed429b6,9d538e95-f695-476f-9ab0-87aebbb5d6fb,Campaign 10,Email,False,False,2024-05-20T12:33:51
cac1210f-dee5-4fea-8c0a-5354c7147d4b,9d54b98c-14e9-4117-8fc9-869d845a4fce,Campaign 5,Phone,False,True,2024-07-16T12:33:51
c7064748-0284-4bce-9008-68b79db0083a,9d54b98c-14e9-4117-8fc9-869d845a4fce,Campaign 6,Phone,True,False,2024-03-23T12:33:51
ef21d5b9-039f-48b9-872d-3a901872bce6,9d804c3d-a4a4-4dea-940f-60c0d7b74419,Campaign 1,Phone,False,False,2023-12-19T12:33:51
f6691f6e-0386-4bff-900a-26b0c8135292,9d9befad-6412-49c3-89d1-c0770bc27800,Campaign 5,Phone,False,True,2025-03-07T12:33:51
bf8fb940-643c-46c8-a8fb-63e6fed99605,9dc2282b-b259-4048-a57a-84a2c88fe46e,Campaign 9,SMS,True,True,2024-09-08T12:33:51
834d8861-8522-4503-925e-1cdc9982ad63,9dc2282b-b259-4048-a57a-84a2c88fe46e,Campaign 3,Social,True,True,2024-03-25T12:33:51
6070ae42-a4cb-4ae1-88e7-c4f9099d160b,9dc2282b-b259-4048-a57a-84a2c88fe46e,Campaign 10,Email,False,True,2025-02-15T12:33:51
f34d4029-990d-4a35-b467-4cc664e3ddd4,9dc2282b-b259-4048-a57a-84a2c88fe46e,Campaign 1,SMS,False,False,2024-07-02T12:33:51
ef537879-52f9-4c5c-85c6-e372e0b9a450,9de59691-a109-4460-8031-4b1e94babc89,Campaign 4,Email,True,True,2024-11-18T12:33:51
3cab1518-1588-42b0-99db-cec3c6683cf3,9de59691-a109-4460-8031-4b1e94babc89,Campaign 8,Phone,True,False,2025-06-21T12:33:51
877d6715-5b2a-455a-b3b7-21a1363a99c9,9de59691-a109-4460-8031-4b1e94babc89,Campaign 7,Social,False,True,2023-10-16T12:33:51
ddc68e9f-6182-4746-84f3-c07d5a9d1031,9de59691-a109-4460-8031-4b1e94babc89,Campaign 4,Phone,True,False,2023-09-13T12:33:51
bc7b1c4a-eb57-4904-8fec-109ebcddeb9d,9de59691-a109-4460-8031-4b1e94babc89,Campaign 8,SMS,True,True,2025-05-22T12:33:51
da20f596-ae08-45ed-b22d-705c7a4a38ce,9df5dd63-3be7-4712-a8f4-5e8fa62c06e5,Campaign 4,Email,True,False,2025-05-10T12:33:51
39cb4509-d82e-4633-8761-b1d25b16473b,9df5dd63-3be7-4712-a8f4-5e8fa62c06e5,Campaign 7,Social,True,True,2025-03-18T12:33:51
fefb3e86-5664-4853-810c-de00f972bba9,9df5dd63-3be7-4712-a8f4-5e8fa62c06e5,Campaign 10,Phone,True,False,2024-03-14T12:33:51
ba266942-43c6-42a1-9dcd-f3a06c29d8e3,9df5dd63-3be7-4712-a8f4-5e8fa62c06e5,Campaign 7,Social,False,False,2023-12-21T12:33:51
cfc3ab47-cef2-42c1-b858-8c46da7c549d,9df5dd63-3be7-4712-a8f4-5e8fa62c06e5,Campaign 2,Email,False,True,2023-11-03T12:33:51
4f540ab5-fece-43d7-b8aa-470ed6e86ccf,9df7a516-9b54-4461-9fb7-376f251c1cf3,Campaign 1,Email,False,True,2023-11-04T12:33:51
1675fed7-159e-4c9f-b357-a7e01dad589a,9df7a516-9b54-4461-9fb7-376f251c1cf3,Campaign 8,Phone,False,False,2023-11-12T12:33:51
e13c2129-68a0-4240-a7c9-0a88c7d6d4c2,9df7a516-9b54-4461-9fb7-376f251c1cf3,Campaign 6,Social,True,True,2023-10-12T12:33:51
46c166c1-633e-4b47-a235-7ff82cf1268c,9df7a516-9b54-4461-9fb7-376f251c1cf3,Campaign 8,Social,False,True,2025-04-18T12:33:51
bde40b71-2e7e-4664-8726-bf2f61006cbd,9df7a516-9b54-4461-9fb7-376f251c1cf3,Campaign 9,Social,False,True,2023-11-29T12:33:51
53cb6652-bcb2-4533-84e8-e4c0495382b8,9e133745-17ed-4482-86d7-215c1818413a,Campaign 10,Phone,True,False,2025-08-17T12:33:51
12573570-73e7-4023-bedd-37cd8345b124,9e133745-17ed-4482-86d7-215c1818413a,Campaign 8,Phone,False,False,2025-06-21T12:33:51
dcd04ebf-936d-47f9-ab2c-c886dce696f6,9e133745-17ed-4482-86d7-215c1818413a,Campaign 8,SMS,True,True,2025-01-25T12:33:51
3359c0ad-e967-4445-a542-985b3fa398aa,9e133745-17ed-4482-86d7-215c1818413a,Campaign 2,Email,False,True,2025-03-22T12:33:51
f5fa0626-41f6-44d0-8bac-d19002790d69,9e133745-17ed-4482-86d7-215c1818413a,Campaign 8,Phone,True,False,2023-09-02T12:33:51
719a0692-74b8-4443-8ea6-18f0323c419b,9e1bc5ba-c19c-4e80-bc29-97cb6ba09d4a,Campaign 2,SMS,False,False,2025-04-04T12:33:51
c7eb8617-920a-4a31-b519-2f276ba9f468,9e1bc5ba-c19c-4e80-bc29-97cb6ba09d4a,Campaign 3,SMS,True,False,2024-11-24T12:33:51
e6702f9a-58c4-4702-ae5c-8de1eb582650,9e1bc5ba-c19c-4e80-bc29-97cb6ba09d4a,Campaign 1,SMS,True,False,2024-09-27T12:33:51
4992908c-0a8c-4909-80e7-9f71fea50bc1,9e1bc5ba-c19c-4e80-bc29-97cb6ba09d4a,Campaign 2,SMS,False,False,2025-03-14T12:33:51
c8636446-59aa-4b8f-b5a1-033b193d45be,9e1bc5ba-c19c-4e80-bc29-97cb6ba09d4a,Campaign 4,SMS,False,True,2024-02-19T12:33:51
9fdd1821-8bb7-428c-88e3-cc5298732c59,9e313f83-24e9-4d1d-b375-c1c96dea1b8a,Campaign 9,Social,True,True,2024-09-24T12:33:51
ee8d8b55-b1c9-46cf-a841-347a9e195a9a,9e313f83-24e9-4d1d-b375-c1c96dea1b8a,Campaign 4,SMS,False,False,2024-05-12T12:33:51
3a077bba-248d-4c06-af16-70c274ec6ccf,9e313f83-24e9-4d1d-b375-c1c96dea1b8a,Campaign 5,Phone,True,True,2023-09-26T12:33:51
01614256-e515-437f-8cd7-3d27ecf579b7,9e728378-f32e-4e1b-a56e-c5104d8417f7,Campaign 7,SMS,True,True,2025-02-23T12:33:51
5fd34793-3e52-4c12-aebb-d66602fb3abe,9ea0f0cc-c8fa-4c20-b8b0-b5a0d5d33d72,Campaign 3,Phone,False,True,2024-05-11T12:33:51
70d9f735-5838-45f7-8f50-60df6cf52535,9ea0f0cc-c8fa-4c20-b8b0-b5a0d5d33d72,Campaign 7,Email,True,False,2023-12-02T12:33:51
ab5ff52d-2fd5-4db2-be93-e1f714fc6cfb,9ea0f0cc-c8fa-4c20-b8b0-b5a0d5d33d72,Campaign 10,Social,True,True,2024-11-28T12:33:51
ce07f823-b3f2-4d68-8c97-9a2b0104b4ec,9ea0f0cc-c8fa-4c20-b8b0-b5a0d5d33d72,Campaign 4,Email,True,True,2024-08-19T12:33:51
768be515-da85-463d-8a17-5900a8c8c2df,9ea0f0cc-c8fa-4c20-b8b0-b5a0d5d33d72,Campaign 5,Social,False,True,2024-10-30T12:33:51
b2530173-0a78-4b23-8533-8658c6b8bffb,9eb9950a-0bfd-4ea6-a60a-4cb469c044bd,Campaign 2,Phone,True,True,2025-01-13T12:33:51
727f9d5b-8620-4c29-92c2-2bff3501e7ed,9eb9950a-0bfd-4ea6-a60a-4cb469c044bd,Campaign 7,Email,False,True,2025-06-04T12:33:51
351c7a16-955f-453c-befe-7ca70ce88b3a,9ec5700f-941d-450f-90a0-f38a5ec11d19,Campaign 9,Email,False,False,2024-07-29T12:33:51
bbde54fe-92a6-47e8-947f-855e4a5de8df,9ec5700f-941d-450f-90a0-f38a5ec11d19,Campaign 10,Social,True,False,2024-06-16T12:33:51
cdb812e3-dacb-4e5f-b8f2-54faad4ed009,9ec5700f-941d-450f-90a0-f38a5ec11d19,Campaign 8,Social,False,False,2025-07-26T12:33:51
11082d25-7191-4813-b896-c21e5e50bfa1,9ec5700f-941d-450f-90a0-f38a5ec11d19,Campaign 9,SMS,False,False,2024-07-18T12:33:51
6e64de19-d392-40ec-b16e-bd6fe01b0fe5,9ec5700f-941d-450f-90a0-f38a5ec11d19,Campaign 7,SMS,False,True,2024-10-09T12:33:51
6bcb659d-911b-487b-acf6-86bc42c20a0f,9eee1da5-4797-4384-8af0-6968d001e995,Campaign 10,Email,True,True,2025-02-09T12:33:51
49e759ea-0176-4e04-9979-11f1dc38456e,9eee1da5-4797-4384-8af0-6968d001e995,Campaign 10,Email,False,False,2024-01-05T12:33:51
e12b3ee5-fdbb-4b4e-9820-00d27cc8e856,9eee1da5-4797-4384-8af0-6968d001e995,Campaign 1,SMS,True,False,2025-07-09T12:33:51
25c5191d-0f28-4372-8f72-3db87bd6060f,9eee1da5-4797-4384-8af0-6968d001e995,Campaign 4,Social,True,False,2023-10-01T12:33:51
38c5df01-b0df-4322-affd-a3d5e4fdc2d7,9f2df0b4-dce0-46e8-b77b-96403206cac6,Campaign 8,SMS,False,False,2024-10-30T12:33:51
7c1f8df3-6b03-42ea-8f09-42d571e18604,9f2df0b4-dce0-46e8-b77b-96403206cac6,Campaign 3,SMS,False,True,2025-06-23T12:33:51
08a0c2d0-9a9c-41fa-9162-b2a46355845b,9f2df0b4-dce0-46e8-b77b-96403206cac6,Campaign 6,SMS,False,False,2024-09-12T12:33:51
e91946aa-6084-4710-ad37-c52e00d8f093,9f2df0b4-dce0-46e8-b77b-96403206cac6,Campaign 2,Phone,True,True,2023-11-02T12:33:51
fa25240d-ac05-4446-b58e-ddbd024fcd0d,9f2df0b4-dce0-46e8-b77b-96403206cac6,Campaign 7,SMS,False,True,2025-02-19T12:33:51
f4819142-54b2-4333-987b-a516e51db4f8,9f36f66d-dad0-4f0c-bc47-646917720a2d,Campaign 8,Phone,True,False,2025-01-02T12:33:51
dfaaa453-e229-44ed-9355-7f04601a4cf7,9f36f66d-dad0-4f0c-bc47-646917720a2d,Campaign 8,SMS,True,False,2024-02-16T12:33:51
a1996c43-f592-4066-8d7a-958c7a46b112,9f36f66d-dad0-4f0c-bc47-646917720a2d,Campaign 1,Email,False,True,2024-06-09T12:33:51
fd0c6399-e3b7-42bb-8efe-029d44a24de5,9f36f66d-dad0-4f0c-bc47-646917720a2d,Campaign 9,Phone,True,True,2025-04-07T12:33:51
ac2df30e-01a4-4463-8c74-b6e35207ac2d,9f36f66d-dad0-4f0c-bc47-646917720a2d,Campaign 2,Email,True,True,2025-06-07T12:33:51
f168e2bc-f5fb-4b2f-9c38-02a43495c105,9f3d65b1-49e0-46b2-8a99-57137de7775d,Campaign 5,SMS,False,True,2025-06-19T12:33:51
297b3727-eb30-4fdf-a268-5f6b1bdc2cb5,9f3d65b1-49e0-46b2-8a99-57137de7775d,Campaign 4,Social,False,False,2024-09-23T12:33:51
97a7d15d-2098-40c2-a82d-39d65961b620,9f3d65b1-49e0-46b2-8a99-57137de7775d,Campaign 7,Email,True,True,2025-08-23T12:33:51
ba50e520-8bb8-4ceb-afbd-9aa97994a345,9f3d65b1-49e0-46b2-8a99-57137de7775d,Campaign 4,Social,True,True,2025-04-27T12:33:51
bad9b836-d523-4cc6-9d91-9f633b23c5ea,9f3d65b1-49e0-46b2-8a99-57137de7775d,Campaign 2,SMS,False,False,2024-09-04T12:33:51
3a335f6c-8939-49a7-b38d-d842f373badc,9f5e6180-2877-4c37-b062-79819fbd3fe8,Campaign 6,SMS,False,False,2023-09-25T12:33:51
feeca29b-c2a6-422f-926a-d80bf171b7d4,9f5e6180-2877-4c37-b062-79819fbd3fe8,Campaign 10,Social,False,True,2024-04-28T12:33:51
8549cf73-148b-4d6f-a448-277f0a662b5e,9f6f6be5-f551-4684-91be-734298b74cf1,Campaign 2,Phone,True,True,2024-01-19T12:33:51
cf3935ab-f0ec-4bc3-a3dc-cad6d664eeda,9f6f6be5-f551-4684-91be-734298b74cf1,Campaign 1,Email,False,True,2025-03-29T12:33:51
590b2acd-6bce-46f6-8c54-2ffcce0a164e,9fb589c8-d65f-488e-b33e-428e969b6cd6,Campaign 9,SMS,True,True,2024-07-19T12:33:51
ea22b677-cd16-40a3-bfc9-7e08fc68a55b,9fb589c8-d65f-488e-b33e-428e969b6cd6,Campaign 10,Email,False,False,2024-02-25T12:33:51
4e17d939-a654-4a31-997a-32ae99586146,9fb66deb-131e-4a50-92ec-7800774efade,Campaign 5,SMS,False,True,2025-04-18T12:33:51
c16ef911-2e54-43b5-8c13-2175515bbcce,9fb66deb-131e-4a50-92ec-7800774efade,Campaign 3,Email,False,False,2024-05-07T12:33:51
ebbb1374-7fc7-4380-8f93-e9e7b5bcd48e,9fc6b3f9-0089-4d57-9f50-90407f10ec84,Campaign 6,Social,False,True,2025-03-22T12:33:51
79f190c1-9305-4155-a72c-343f09c770de,9fc6b3f9-0089-4d57-9f50-90407f10ec84,Campaign 8,SMS,False,True,2024-02-28T12:33:51
a1974d06-ba28-4cad-ad7a-da86defb73e6,9fc6b3f9-0089-4d57-9f50-90407f10ec84,Campaign 6,Phone,True,False,2025-08-18T12:33:51
a187c9b2-cfea-461b-8b8d-ef1c1d80be3b,9fcc6925-2f88-4f02-858b-efc0744c183a,Campaign 7,Email,True,False,2024-03-04T12:33:51
4ea16abe-7486-486f-9553-718e6dc96c2a,9fcc6925-2f88-4f02-858b-efc0744c183a,Campaign 5,Social,False,True,2025-02-05T12:33:51
bd35c64e-8ab0-41c1-b55f-5a08ee51f45a,9fcc6925-2f88-4f02-858b-efc0744c183a,Campaign 3,Email,False,True,2024-05-03T12:33:51
ccab6018-d777-46ef-974e-42504bbadcf8,9fdf23e8-f053-4b67-a8e2-808673733e4d,Campaign 3,SMS,False,True,2023-09-28T12:33:51
e7bbe0f0-69f5-4305-9bfe-b41a2582d173,9fe54c1c-2904-4f31-9ad6-f24c2e1bb1f5,Campaign 4,SMS,False,True,2024-06-12T12:33:51
793765db-3009-4f22-bbc5-5b1f5ecd8230,9fe54c1c-2904-4f31-9ad6-f24c2e1bb1f5,Campaign 1,Phone,False,True,2023-10-22T12:33:51
e986756c-d9fb-414e-8b2a-eec796c28cb7,a01529a2-8a11-4e3d-9a28-f3d6a5708d5a,Campaign 6,SMS,True,False,2024-01-23T12:33:51
61047a24-311d-4346-8803-b6aa7290aa90,a01529a2-8a11-4e3d-9a28-f3d6a5708d5a,Campaign 3,Social,True,False,2023-10-17T12:33:51
e362bcb3-3ddf-4ac8-9082-91084638f3ab,a04748ac-7581-436f-9f83-74e49b93ee6b,Campaign 3,Email,False,False,2023-12-12T12:33:51
b3775585-1646-4630-a060-94eb5783502a,a04748ac-7581-436f-9f83-74e49b93ee6b,Campaign 7,Social,True,True,2023-11-06T12:33:51
6e3c7a86-ccc2-4c64-ac5e-c9d9280f21e8,a04748ac-7581-436f-9f83-74e49b93ee6b,Campaign 4,Phone,False,False,2024-09-04T12:33:51
aa0fa883-b102-41ab-a00e-4035a6ce2122,a04748ac-7581-436f-9f83-74e49b93ee6b,Campaign 9,SMS,False,False,2024-04-27T12:33:51
c308e8ca-168a-42db-a214-37bc97298dec,a0a22061-b48a-4383-83f4-540792c88a60,Campaign 7,SMS,True,False,2024-03-12T12:33:51
444ff31f-ab92-4789-a824-038c35528cd7,a0b1b591-af24-4c30-8cdd-1e31ce22962c,Campaign 3,SMS,False,True,2025-03-22T12:33:51
c633676b-889b-4b14-bf16-b03050ee9af1,a0b1b591-af24-4c30-8cdd-1e31ce22962c,Campaign 5,SMS,False,True,2025-07-16T12:33:51
74b11982-ae84-4b98-a483-4aec10ed4bf7,a0bb9600-8861-41ed-a92b-c5e83d88e1ab,Campaign 6,Email,True,True,2025-01-08T12:33:51
11a59683-848c-4f25-9259-79f599d2fc10,a0f55c8a-8e41-48aa-96e2-33ff64a5c9b3,Campaign 2,SMS,True,True,2025-08-05T12:33:51
3fa8c500-a191-43fe-b2ff-aecc8de65f37,a0f55c8a-8e41-48aa-96e2-33ff64a5c9b3,Campaign 10,SMS,False,False,2025-01-19T12:33:51
62316769-1a66-417f-bfd9-bb1df42df5c7,a0f55c8a-8e41-48aa-96e2-33ff64a5c9b3,Campaign 5,Email,False,False,2024-12-16T12:33:51
6a42b3dd-9a27-4b3b-9433-921e9a4934bd,a0ff68a0-8779-4009-b8a0-30c95cc1b347,Campaign 3,Social,False,False,2024-11-11T12:33:51
f9a3e520-c482-4304-b02f-e93807040757,a0ff68a0-8779-4009-b8a0-30c95cc1b347,Campaign 1,Social,True,False,2024-12-16T12:33:51
69db48eb-6eb3-494a-9b7d-68b57f7eb86a,a111d6f0-7c90-4bc0-9755-8175281868de,Campaign 6,Social,False,True,2024-12-10T12:33:51
847b1c00-8124-4552-bc8e-01d438f8329e,a111d6f0-7c90-4bc0-9755-8175281868de,Campaign 6,SMS,False,True,2024-10-04T12:33:51
a6a1e2aa-0eb5-4f70-9e3c-c3858b057166,a111d6f0-7c90-4bc0-9755-8175281868de,Campaign 8,Phone,True,False,2025-04-29T12:33:51
5e8d34d9-8f59-4c67-b8b6-2844dc67493f,a111d6f0-7c90-4bc0-9755-8175281868de,Campaign 4,Email,True,False,2025-08-09T12:33:51
dc51e5e6-2911-46ac-a932-372a635aee08,a11df6fd-7804-4c93-a133-245c99cacdf2,Campaign 3,Social,False,False,2025-05-23T12:33:51
e905ceb9-6118-4699-a425-cdbb854ab183,a122f941-ba43-40a5-a1fe-28bb00938fc5,Campaign 5,Social,True,False,2025-07-05T12:33:51
e32bc6dc-5820-42b7-8797-682477314c81,a122f941-ba43-40a5-a1fe-28bb00938fc5,Campaign 2,Email,False,True,2024-03-26T12:33:51
23eab3ca-18cc-42a4-91c4-c561ea30301f,a122f941-ba43-40a5-a1fe-28bb00938fc5,Campaign 2,Phone,True,True,2025-07-23T12:33:51
42a7db7b-400c-4de8-ba3d-c73ee6f075a6,a122f941-ba43-40a5-a1fe-28bb00938fc5,Campaign 10,SMS,True,False,2025-06-24T12:33:51
323c01ab-3e11-4df5-9f09-cf6d1bc86435,a129aee6-965b-468f-9f85-920f5a1dfd5b,Campaign 5,Email,False,False,2024-01-14T12:33:51
9aead9df-843c-4d5b-abd2-70ffb38bfa05,a1324167-56ea-41a4-9a19-053bdb057d12,Campaign 5,SMS,True,True,2025-06-22T12:33:51
a1901ce1-7e37-4751-850a-df87bf7c4119,a1324167-56ea-41a4-9a19-053bdb057d12,Campaign 9,Email,False,True,2024-01-24T12:33:51
0b67dbe7-f917-4bc7-b4be-9e6d39c5cae5,a1529a87-ba1f-4dd1-b2e9-68bf2e0f2c2c,Campaign 9,Phone,False,True,2024-03-15T12:33:51
017ed8e5-0be1-4045-b484-706588b78426,a1782b4f-cc13-4728-8271-b82e444c4c5f,Campaign 8,SMS,False,True,2025-02-17T12:33:51
2846864f-a2bf-4ab5-9494-685b00018bee,a1782b4f-cc13-4728-8271-b82e444c4c5f,Campaign 7,Social,False,False,2024-12-31T12:33:51
c503cf79-fba8-4392-84ed-8ba6a59f82d9,a1782b4f-cc13-4728-8271-b82e444c4c5f,Campaign 10,Email,False,True,2025-04-21T12:33:51
7305e42d-add3-4404-ada2-2068800bb0d1,a17ef7bc-5a00-4c01-be28-613b90a5e81d,Campaign 4,SMS,False,False,2025-04-19T12:33:51
fc4770dd-773b-4437-ba1f-8486dba2259d,a17ef7bc-5a00-4c01-be28-613b90a5e81d,Campaign 4,SMS,False,False,2024-06-22T12:33:51
cad742af-b0b7-4117-af8d-6448f7fbbcb4,a17ef7bc-5a00-4c01-be28-613b90a5e81d,Campaign 6,Social,False,True,2024-04-07T12:33:51
0b3a7e0d-e89c-45af-a5cd-6c73687c9f7d,a17ef7bc-5a00-4c01-be28-613b90a5e81d,Campaign 8,Phone,True,False,2025-07-02T12:33:51
ddca5c76-0f4a-4abe-9cf3-83b8b3eaef4b,a19e7679-db28-49b6-b11f-44fd4c9b6e81,Campaign 3,Email,True,True,2024-02-10T12:33:51
7a6d6b6f-5d70-42d5-b7ff-50cb59d1de5e,a19e7679-db28-49b6-b11f-44fd4c9b6e81,Campaign 1,Phone,True,False,2025-06-06T12:33:51
c05054bf-86ea-4385-a093-11d189626774,a19e7679-db28-49b6-b11f-44fd4c9b6e81,Campaign 6,Social,True,False,2024-11-10T12:33:51
55fcbf93-71de-4c91-9005-8be6c5f8fad9,a19e7679-db28-49b6-b11f-44fd4c9b6e81,Campaign 1,Social,True,True,2025-08-01T12:33:51
95a97d41-ebfb-49b3-9cd2-e9e41a520215,a19e7679-db28-49b6-b11f-44fd4c9b6e81,Campaign 7,SMS,True,False,2023-11-06T12:33:51
c0f15723-9167-4848-8ae8-409436c8a3b7,a1cae212-a29d-40f2-a6df-7e7882151a95,Campaign 7,SMS,False,False,2023-10-11T12:33:51
26913f9e-cc1c-44a6-84be-bd5a9b5a826a,a1cae212-a29d-40f2-a6df-7e7882151a95,Campaign 6,SMS,True,False,2024-04-01T12:33:51
201443f7-afa1-498c-9d12-35fca095d0cb,a1cae212-a29d-40f2-a6df-7e7882151a95,Campaign 8,Phone,True,True,2023-11-29T12:33:51
cef73d53-b4c5-453c-9efb-7c4a46d9af9a,a1cae212-a29d-40f2-a6df-7e7882151a95,Campaign 10,Social,False,False,2024-01-03T12:33:51
45ea878d-e94c-4575-86ce-fc56cff07e2b,a1cae212-a29d-40f2-a6df-7e7882151a95,Campaign 5,Phone,True,False,2025-06-10T12:33:51
b804d2be-2b17-48ce-bd17-fac6995e7c7c,a1ec5cf6-d265-41b3-a4d6-13a49c0a8f51,Campaign 9,Email,True,False,2024-10-27T12:33:51
fd58f284-2e09-469b-9c54-d27007e522ae,a1ec5cf6-d265-41b3-a4d6-13a49c0a8f51,Campaign 4,SMS,True,True,2024-04-02T12:33:51
045aab36-b81b-44d1-85f0-e9b4cd5bd79d,a1ec5cf6-d265-41b3-a4d6-13a49c0a8f51,Campaign 3,Social,False,True,2025-08-20T12:33:51
57a4e4e0-b196-4ffe-a5b5-7256914cdad6,a1ec5cf6-d265-41b3-a4d6-13a49c0a8f51,Campaign 2,Email,True,False,2024-04-04T12:33:51
b0320c94-1fd7-4b9a-bb8d-7db278a0377a,a1ec5cf6-d265-41b3-a4d6-13a49c0a8f51,Campaign 9,Email,False,True,2024-09-19T12:33:51
0985fbe7-7cf4-45ca-99ca-881f751fc36a,a21c033b-1c6b-44bd-b9ad-95727a188fb4,Campaign 1,Email,False,True,2025-08-13T12:33:51
568c5635-111b-42a0-9aa8-d18e267da1c1,a21c033b-1c6b-44bd-b9ad-95727a188fb4,Campaign 8,Phone,True,False,2023-09-09T12:33:51
96e1add6-e934-4296-8052-365bd74ec170,a21eb0d3-a335-424b-921d-923691545039,Campaign 9,Phone,True,True,2025-05-07T12:33:51
11d52106-42c0-4dcc-9d02-0a2ec3009a7a,a27350bc-8d58-4db6-bbf8-0da334d51c42,Campaign 5,Email,True,True,2025-04-13T12:33:51
62759cbf-d72c-49ce-9753-101029bbcaa7,a27350bc-8d58-4db6-bbf8-0da334d51c42,Campaign 4,Email,False,False,2024-03-19T12:33:51
b679d42d-0a16-472e-96a1-98bd3bf08932,a27350bc-8d58-4db6-bbf8-0da334d51c42,Campaign 2,Phone,False,False,2024-05-03T12:33:51
88725abd-c92c-4a7f-88c9-0a614fbd6cab,a27350bc-8d58-4db6-bbf8-0da334d51c42,Campaign 9,SMS,False,True,2025-04-25T12:33:51
2ab2eda3-ddb7-4904-8fbe-4218e1ab5e16,a27f0096-a6ec-4db7-a0b6-231e95621a95,Campaign 7,SMS,True,False,2025-02-16T12:33:51
532a2545-5d10-4687-ab9f-986c04323ae0,a2cb0ec0-3202-43db-b2fe-88bff67ceefb,Campaign 1,Social,True,True,2023-10-30T12:33:51
772a954f-ca74-4f3e-b3cd-84022f6bc3ab,a2ef46c9-4984-42d6-a223-e3134606fb57,Campaign 6,Email,False,False,2024-04-01T12:33:51
8d292840-92bc-4c80-9d5d-4f09a0a13c81,a310ee6a-1f7a-4d8a-b2bc-e266c9e14e7e,Campaign 9,Phone,True,True,2024-05-24T12:33:51
bc4953cc-ecf1-4c21-b7f3-d15815f3f0af,a310ee6a-1f7a-4d8a-b2bc-e266c9e14e7e,Campaign 10,Social,True,False,2025-05-29T12:33:51
e00b22f0-e815-4ab0-804a-eae7c0c09e38,a310ee6a-1f7a-4d8a-b2bc-e266c9e14e7e,Campaign 1,SMS,False,False,2024-10-31T12:33:51
bcc53330-759b-4653-864e-2433848815f4,a310ee6a-1f7a-4d8a-b2bc-e266c9e14e7e,Campaign 2,SMS,False,False,2024-01-10T12:33:51
47e933aa-c33b-4ea6-80eb-3ddedc1aa86a,a31b931d-5357-421e-8c7a-421ecb00cf6f,Campaign 10,SMS,True,True,2025-05-15T12:33:51
79a40922-bee2-4575-94bc-2189ce8c672b,a31b931d-5357-421e-8c7a-421ecb00cf6f,Campaign 6,Phone,False,True,2025-06-20T12:33:51
0396648e-b39d-4424-a163-cb9f1365ef72,a3269770-94c7-40e7-bd0b-9086cabbf163,Campaign 8,Social,False,True,2025-04-09T12:33:51
0c00e386-44eb-40fd-8231-36122b8bd0a3,a33a4941-cb8c-4b0c-93ee-08ed95ce6693,Campaign 4,Phone,False,False,2025-03-16T12:33:51
686df729-fa91-48f2-9e58-6cdc6aef1143,a33a4941-cb8c-4b0c-93ee-08ed95ce6693,Campaign 4,Phone,False,False,2025-02-26T12:33:51
eb3c9421-596a-440b-b9a6-0f51c1b9e787,a33a4941-cb8c-4b0c-93ee-08ed95ce6693,Campaign 6,Email,True,True,2024-04-26T12:33:51
a5bd893e-d2bd-4807-849c-d415f470c287,a3522b5b-5b7f-4f7a-98a5-740c83b8acef,Campaign 10,SMS,True,False,2024-04-27T12:33:51
2b3584e1-845e-44ea-b3a1-49ea7cc3790c,a3522b5b-5b7f-4f7a-98a5-740c83b8acef,Campaign 3,Phone,False,True,2024-11-30T12:33:51
70f15f4b-8231-469c-938b-8699eaf0d71a,a367cb43-42f5-4655-995f-681bb6eb55e9,Campaign 2,Social,True,False,2024-06-03T12:33:51
bfa9c76a-faab-4336-922c-1c3037b9bb9a,a367cb43-42f5-4655-995f-681bb6eb55e9,Campaign 8,Social,False,False,2024-03-21T12:33:51
bf3c90b8-dccf-4db9-b8ba-50f2abde7f0f,a367cb43-42f5-4655-995f-681bb6eb55e9,Campaign 6,Social,False,False,2025-06-07T12:33:51
126d9285-a3eb-41bb-a4d4-850051afab48,a3d6bbd3-14a9-4be5-b677-a015ecb68e84,Campaign 4,SMS,True,False,2025-04-16T12:33:51
bf583625-dd17-4909-8190-5b54ea42f303,a3d97332-f6ca-4aa1-a023-118bb35e74ff,Campaign 7,Email,False,False,2025-04-26T12:33:51
fede7735-7038-4ca4-be11-2f841e5894ca,a3d97332-f6ca-4aa1-a023-118bb35e74ff,Campaign 5,Phone,True,True,2024-01-29T12:33:51
03c6b67b-d82e-4c10-8466-c5656faf4653,a3e86fef-69e6-498b-b035-2ba04d12537e,Campaign 10,SMS,True,True,2025-06-09T12:33:51
ca700842-c464-4465-9b6f-945525f34ea3,a3e86fef-69e6-498b-b035-2ba04d12537e,Campaign 9,Phone,True,True,2024-04-03T12:33:51
08cd4aba-b23a-4ee2-92cb-799d06696087,a3e86fef-69e6-498b-b035-2ba04d12537e,Campaign 6,Phone,True,False,2024-01-24T12:33:51
83d41068-95f4-4e31-8e47-58c7ce0731a8,a3e86fef-69e6-498b-b035-2ba04d12537e,Campaign 4,Phone,False,True,2023-11-29T12:33:51
39c7cc1b-fe05-4a4d-8270-1457addb8726,a3e86fef-69e6-498b-b035-2ba04d12537e,Campaign 7,Email,False,True,2024-09-21T12:33:51
45803df9-7d38-438f-a2a4-39ed36cd6de9,a4049c9c-5d45-458e-ba64-c75631f4baec,Campaign 4,Social,False,False,2024-09-11T12:33:51
86a56668-605d-4ad5-b183-ac7d8e374a24,a4377ce2-d3f7-4f95-85a0-ba47640ce0e6,Campaign 1,Social,False,True,2025-01-16T12:33:51
58a13d68-c5e9-463a-b38d-4d3e26cf0977,a4377ce2-d3f7-4f95-85a0-ba47640ce0e6,Campaign 7,Social,True,True,2023-12-06T12:33:51
5e159040-5517-483b-92a7-92da75405256,a4377ce2-d3f7-4f95-85a0-ba47640ce0e6,Campaign 8,SMS,True,True,2025-03-22T12:33:51
e6ad53ef-a494-4484-a5ce-6beeb30f75fd,a45aa294-65f2-4a46-95fe-7383c8eb35a0,Campaign 2,Phone,True,False,2025-01-22T12:33:51
f0606604-3598-48e0-aff6-93e51dbd968d,a45aa294-65f2-4a46-95fe-7383c8eb35a0,Campaign 5,SMS,False,True,2024-12-31T12:33:51
ef50bda2-80c9-4c79-b9b3-872819de482d,a45aa294-65f2-4a46-95fe-7383c8eb35a0,Campaign 7,Social,True,True,2025-03-01T12:33:51
af2c0d1a-af1b-4d2c-aaa5-3a75c703c9e7,a467aa3c-59c5-461d-aee5-2ca6e11a8e3d,Campaign 10,Email,True,True,2023-10-08T12:33:51
8bf1ff4a-60e8-412a-8579-93c8e6fbc6f9,a499369c-600f-4c95-8c4f-15b27de0781d,Campaign 3,Email,False,False,2023-12-22T12:33:51
238d9092-bf1a-4e17-a9e9-32f02672e02b,a499369c-600f-4c95-8c4f-15b27de0781d,Campaign 8,Email,False,True,2023-12-22T12:33:51
08dbdadd-67fd-45fa-819e-925dc0df6811,a49f3d1d-a2cc-4d6e-9841-297a7c36781d,Campaign 4,Social,True,False,2025-08-15T12:33:51
f032b95a-9364-4c8c-ade4-02446841e4a9,a49f3d1d-a2cc-4d6e-9841-297a7c36781d,Campaign 2,Phone,True,True,2024-04-24T12:33:51
bbc54ff6-39d2-4944-a32f-9e20d531e52f,a49f3d1d-a2cc-4d6e-9841-297a7c36781d,Campaign 8,Social,True,True,2024-09-23T12:33:51
fdcd6682-4685-4273-905d-1827c0191b51,a49f3d1d-a2cc-4d6e-9841-297a7c36781d,Campaign 4,SMS,False,False,2024-05-13T12:33:51
5bb8d8ed-ddcb-404d-8c84-e12741ec9ca2,a4ac44ba-d0fd-46fc-96b7-cbb197bce11c,Campaign 3,Email,True,True,2024-04-22T12:33:51
56d5832c-4003-4f99-9a71-a5171c891896,a4ac44ba-d0fd-46fc-96b7-cbb197bce11c,Campaign 7,Email,False,True,2024-07-27T12:33:51
a5e551e6-df1a-4704-8336-6cce7cca9904,a4ac44ba-d0fd-46fc-96b7-cbb197bce11c,Campaign 6,Email,False,False,2024-02-16T12:33:51
cda8c9d9-a1fb-46ba-a8d6-5ccc114a43d9,a4ac44ba-d0fd-46fc-96b7-cbb197bce11c,Campaign 1,SMS,False,False,2023-11-09T12:33:51
614ed375-c952-40bf-9f19-1cd2a85cd7da,a4c83137-3ef5-46a8-91d1-2483bd35d93d,Campaign 10,Social,True,True,2025-06-17T12:33:51
b6189412-8273-41d6-9fbb-cd57e7361e55,a5007a50-6ff0-492c-8811-bfb2979e6944,Campaign 9,Social,False,True,2025-08-18T12:33:51
ad31a640-fe48-46ad-9c9b-efbd7e890663,a5007a50-6ff0-492c-8811-bfb2979e6944,Campaign 8,SMS,True,True,2025-07-13T12:33:51
fb4f4649-b092-4b47-98a5-fea575564aa4,a5007a50-6ff0-492c-8811-bfb2979e6944,Campaign 1,Social,True,True,2024-10-19T12:33:51
878919cc-229a-4e79-a928-0f3cf249ba96,a5007a50-6ff0-492c-8811-bfb2979e6944,Campaign 2,Email,False,True,2024-02-23T12:33:51
c32be2da-027a-42e6-935d-7a16f5356032,a520edfa-365f-4585-b36f-833d96fdc345,Campaign 3,Social,True,True,2025-03-03T12:33:51
1f8eb9f3-126f-49ad-94bd-935f30f755bf,a520edfa-365f-4585-b36f-833d96fdc345,Campaign 3,Social,False,False,2025-04-26T12:33:51
08ad2097-c5dd-4793-9c4b-39906b3cbf85,a520edfa-365f-4585-b36f-833d96fdc345,Campaign 2,SMS,True,False,2024-11-04T12:33:51
fa10feef-8025-45ca-bc26-ae8228e3aa21,a520edfa-365f-4585-b36f-833d96fdc345,Campaign 2,Phone,True,True,2023-11-11T12:33:51
0f46a2a7-d888-4c5e-b029-df44755a9fb2,a520edfa-365f-4585-b36f-833d96fdc345,Campaign 9,SMS,True,True,2025-08-06T12:33:51
5db2e8fc-ea3d-422d-9409-dc8617f3ee34,a539da1d-97db-4cd3-98f0-40e4de45dbb6,Campaign 6,SMS,False,True,2024-05-06T12:33:51
e9296a45-1419-41fe-9f6c-b3b81bbcd9cd,a539da1d-97db-4cd3-98f0-40e4de45dbb6,Campaign 7,Email,False,True,2025-06-03T12:33:51
58fba5a2-9215-47d7-b324-58c69eb48a2f,a539da1d-97db-4cd3-98f0-40e4de45dbb6,Campaign 7,Email,True,False,2023-09-01T12:33:51
6a417f04-5fa0-46d3-9d98-d16a92e3834e,a539da1d-97db-4cd3-98f0-40e4de45dbb6,Campaign 4,Phone,True,True,2024-12-31T12:33:51
ee42fed4-95a1-42bf-923c-279978229191,a539da1d-97db-4cd3-98f0-40e4de45dbb6,Campaign 6,SMS,False,False,2024-08-17T12:33:51
899a81c5-77fe-4a61-8c65-606363f31844,a5576e2e-c773-4037-acc7-f1331577a7a5,Campaign 7,SMS,True,True,2025-08-14T12:33:51
83a06cce-c158-496e-a22c-d2490f5e2d4e,a5576e2e-c773-4037-acc7-f1331577a7a5,Campaign 9,Email,False,True,2024-08-28T12:33:51
19068a07-26d9-4c2e-b54e-7c973f55ab48,a5576e2e-c773-4037-acc7-f1331577a7a5,Campaign 5,Social,False,False,2024-03-16T12:33:51
06264764-40c2-4f80-bf26-a508cc558519,a5576e2e-c773-4037-acc7-f1331577a7a5,Campaign 2,Phone,True,False,2023-12-19T12:33:51
459b8fb2-3e9f-43dc-8237-30a0b2f81d59,a579a105-a7af-4d8f-8df0-e41e2e49a8b1,Campaign 2,Phone,True,False,2023-10-24T12:33:51
e1f1653b-4830-44e8-b777-b36f05ae3575,a579a105-a7af-4d8f-8df0-e41e2e49a8b1,Campaign 1,Social,False,False,2025-01-04T12:33:51
1a6025d5-5a68-47e8-8f04-1991c2b1ad8a,a579a105-a7af-4d8f-8df0-e41e2e49a8b1,Campaign 3,SMS,True,True,2023-11-24T12:33:51
bc7848a3-617a-46eb-8697-e51b2de7bf67,a579a105-a7af-4d8f-8df0-e41e2e49a8b1,Campaign 8,Social,False,True,2023-12-09T12:33:51
de5db29c-e888-4a3a-b094-caa3aab618c7,a579a105-a7af-4d8f-8df0-e41e2e49a8b1,Campaign 7,Email,False,False,2025-08-29T12:33:51
d2f12090-eb4e-4246-9810-aa931ad88959,a58bd549-cf1b-44b5-afc1-81d961be3177,Campaign 7,Phone,False,False,2025-06-04T12:33:51
76910f16-a63e-4e7a-af55-7be6e91ec67e,a58bd549-cf1b-44b5-afc1-81d961be3177,Campaign 9,Email,True,True,2025-05-27T12:33:51
52ebd6a2-3025-40a8-a033-52a65cda6af0,a58bd549-cf1b-44b5-afc1-81d961be3177,Campaign 2,SMS,True,False,2023-11-25T12:33:51
08718e95-83ca-4599-a6d1-5f4eecf2c2a3,a596d5b0-d812-4ca3-963f-bb41db247e15,Campaign 9,Social,True,False,2023-09-26T12:33:51
e5473fe9-d60b-4035-b644-46cabdf323eb,a5a5bfad-18db-400a-953c-696823222c96,Campaign 7,Email,False,False,2025-04-22T12:33:51
833bc46e-0d57-4a8d-a3e2-764aca0b9cdf,a5a5bfad-18db-400a-953c-696823222c96,Campaign 4,Phone,False,True,2024-08-19T12:33:51
2d6e7b22-40da-4a44-9ce5-e85acca2e61a,a5a7adec-5810-4b03-9154-79e281be1071,Campaign 3,Email,True,True,2025-02-14T12:33:51
ce4e3642-f957-4030-ba13-3f0efcaef78f,a5a7adec-5810-4b03-9154-79e281be1071,Campaign 2,Social,False,False,2025-02-21T12:33:51
be4175f8-e4dc-4c4b-92d1-e62959ac2fce,a5c4b51a-cda6-4ec9-8e35-e63ba7a46741,Campaign 2,Email,False,True,2024-11-27T12:33:51
701ffb55-2f01-47e6-a3e5-b8fd685b9f46,a5c4b51a-cda6-4ec9-8e35-e63ba7a46741,Campaign 2,SMS,False,True,2024-02-12T12:33:51
56ef74da-23f2-47b6-adb3-9ffacc6fd46c,a5f80138-2d12-44ef-aa6f-f54480157696,Campaign 7,Phone,False,True,2024-12-15T12:33:51
8cf6cf6d-be14-42b9-8927-ccb6f0ab6c63,a5f80138-2d12-44ef-aa6f-f54480157696,Campaign 6,Phone,True,False,2023-10-22T12:33:51
2fede48b-7f08-4b41-b2c5-758ea5b77d30,a5f80138-2d12-44ef-aa6f-f54480157696,Campaign 3,Email,False,True,2023-10-30T12:33:51
7ff95354-aa32-4887-a3fc-9d2ee86508bf,a5f80138-2d12-44ef-aa6f-f54480157696,Campaign 5,SMS,True,True,2023-09-27T12:33:51
c2534fab-37c4-43b6-900c-f32dacd72ecb,a6003879-edaa-4a4e-a79a-d8e478a6aec0,Campaign 7,SMS,False,False,2025-06-06T12:33:51
e3c228db-d1a3-450a-8ba6-9ed4809a5926,a6003879-edaa-4a4e-a79a-d8e478a6aec0,Campaign 7,Social,False,True,2024-10-17T12:33:51
0963fcc9-ee32-43c1-8196-c7922003ec83,a6003879-edaa-4a4e-a79a-d8e478a6aec0,Campaign 3,Social,True,False,2023-10-16T12:33:51
e2af9cfe-1d20-4710-a111-8cfc5f7ca73d,a6440173-87df-4ae2-bd97-a575293b710f,Campaign 7,SMS,False,True,2024-02-24T12:33:51
36c03543-2838-4bc9-ac57-17258184d7b3,a6440173-87df-4ae2-bd97-a575293b710f,Campaign 10,Social,False,False,2025-06-06T12:33:51
73e3122c-a78c-4022-b0eb-f6661c049d39,a6440173-87df-4ae2-bd97-a575293b710f,Campaign 5,Phone,True,True,2024-09-29T12:33:51
07443289-1ed9-44c9-a2a0-6310a94bbcdb,a6440173-87df-4ae2-bd97-a575293b710f,Campaign 4,Phone,True,True,2025-04-19T12:33:51
176359b6-7a48-47dd-97e2-ff32d879b31c,a6440173-87df-4ae2-bd97-a575293b710f,Campaign 6,Email,False,False,2024-09-14T12:33:51
5b30d3ce-be07-4045-9b45-5aea33a5a667,a6b11b13-a4aa-4d35-8da3-0966a4d0c45b,Campaign 5,SMS,True,True,2024-03-11T12:33:51
86784cd6-97d6-4262-807b-89d9fea2dad5,a6b11b13-a4aa-4d35-8da3-0966a4d0c45b,Campaign 8,Social,False,True,2023-09-17T12:33:51
e7678358-afeb-41f9-a9b2-e17ebc483afd,a6f4a572-2ef3-4c2e-aefc-30640121cb89,Campaign 3,Social,True,False,2025-08-04T12:33:51
0072b2b0-791a-4861-8eb8-5ebec6ee79f1,a6f4a572-2ef3-4c2e-aefc-30640121cb89,Campaign 6,Email,True,True,2024-08-14T12:33:51
d1511648-79bb-4691-9aad-087f7e53e0bf,a6f4a572-2ef3-4c2e-aefc-30640121cb89,Campaign 3,Email,False,True,2025-06-04T12:33:51
4316dd96-f5b6-4e9b-b3fe-5ce103c02e87,a6f4a572-2ef3-4c2e-aefc-30640121cb89,Campaign 5,SMS,True,True,2023-11-01T12:33:51
cfae70cd-0df2-4fe8-a009-4642874f03dd,a6f4a572-2ef3-4c2e-aefc-30640121cb89,Campaign 4,Email,False,False,2024-08-26T12:33:51
3cc0f1b4-cf37-4005-96e7-9e8141c99c04,a6fa0b16-7669-40da-9d57-6c88b93f0b23,Campaign 1,Phone,False,False,2024-11-15T12:33:51
2fa6164d-26b7-40f1-aeb4-b4d51663a303,a703e8f3-9ffa-499b-a1e1-86c724c22606,Campaign 9,Social,True,True,2025-03-28T12:33:51
0f17768a-63e3-459f-97a0-19c2443a765b,a703e8f3-9ffa-499b-a1e1-86c724c22606,Campaign 8,Social,False,True,2025-03-04T12:33:51
3c790510-dfa1-4f06-b78d-c9c756b65dee,a703e8f3-9ffa-499b-a1e1-86c724c22606,Campaign 5,Phone,True,True,2025-03-03T12:33:51
3c0d635a-c4df-4720-a68d-070b9d640d01,a703e8f3-9ffa-499b-a1e1-86c724c22606,Campaign 6,Social,True,False,2025-02-14T12:33:51
4213da17-4411-43d8-91b3-f687f2b27972,a703e8f3-9ffa-499b-a1e1-86c724c22606,Campaign 8,Email,False,True,2024-07-18T12:33:51
f088571b-fd8a-4639-bcf9-5fc1fce5b2dd,a7077efc-0948-4424-a190-5ba160d6bdce,Campaign 8,Social,False,True,2024-04-08T12:33:51
63ca1b62-2265-48c8-9080-9f90a7ee9a8a,a7077efc-0948-4424-a190-5ba160d6bdce,Campaign 10,Email,False,False,2025-07-04T12:33:51
5261a855-58f0-4c46-b8df-ff9e566f511d,a7077efc-0948-4424-a190-5ba160d6bdce,Campaign 7,Phone,False,False,2024-01-16T12:33:51
6e258588-1caa-44bd-a383-82199d76529a,a7077efc-0948-4424-a190-5ba160d6bdce,Campaign 7,Phone,False,True,2024-04-13T12:33:51
d5cc7315-4c27-4384-96a4-dc7a6e299eeb,a7077efc-0948-4424-a190-5ba160d6bdce,Campaign 3,Phone,True,False,2024-04-01T12:33:51
8015432d-a61e-4e96-b233-6556db10ce12,a71a159d-6876-4bce-a8f8-33bc7d3cbff6,Campaign 4,Email,True,False,2023-11-12T12:33:51
785c4ab9-18a5-48b8-b5ee-817a739e9cd3,a71a159d-6876-4bce-a8f8-33bc7d3cbff6,Campaign 1,SMS,False,False,2024-06-20T12:33:51
06c5213b-858d-42a6-8125-826e304b461b,a71a159d-6876-4bce-a8f8-33bc7d3cbff6,Campaign 3,Phone,False,False,2024-01-10T12:33:51
ed918f2c-9f54-4da0-9b2d-43f5add4848a,a71a159d-6876-4bce-a8f8-33bc7d3cbff6,Campaign 9,Phone,False,True,2024-07-13T12:33:51
c30b06eb-9949-4a04-a3af-184f43896e36,a73e1650-f132-4afd-8386-236dd8820d46,Campaign 4,SMS,True,False,2024-05-30T12:33:51
20f144ca-f3f8-41f9-a504-5a54fc098bca,a74d9e92-ae80-47db-84a3-7d67b990da75,Campaign 6,Email,True,False,2025-02-27T12:33:51
b3a07853-c109-4f80-8909-00997f74b4b8,a74d9e92-ae80-47db-84a3-7d67b990da75,Campaign 3,Phone,False,False,2024-12-27T12:33:51
af57d354-3908-43f0-ad32-ba99cf605157,a74d9e92-ae80-47db-84a3-7d67b990da75,Campaign 9,Email,True,True,2025-01-12T12:33:51
15140864-4849-4404-a78b-291796e19f2b,a74d9e92-ae80-47db-84a3-7d67b990da75,Campaign 3,Phone,False,True,2023-12-31T12:33:51
c828d624-ecda-4ca3-8eb4-e37a4bbd7aa6,a7699a09-8d6f-42b0-bc81-28bb359b5357,Campaign 4,Phone,True,False,2024-11-10T12:33:51
42416e54-17c9-403f-a5c4-b80885c3d103,a7699a09-8d6f-42b0-bc81-28bb359b5357,Campaign 10,Social,True,True,2025-01-26T12:33:51
1d34f1e0-53b4-4237-961a-1c33cf311934,a7699a09-8d6f-42b0-bc81-28bb359b5357,Campaign 7,SMS,True,True,2024-06-30T12:33:51
5fa16b0d-fa38-4b7b-adf0-28dea7d05de5,a7699a09-8d6f-42b0-bc81-28bb359b5357,Campaign 10,Email,False,False,2023-12-31T12:33:51
08411167-a6c4-4256-842a-703ef5c886d9,a7699a09-8d6f-42b0-bc81-28bb359b5357,Campaign 1,SMS,True,True,2024-05-21T12:33:51
e28f661f-02b4-40fb-ab1f-a958292c1f51,a77c6909-50e7-4309-bfd6-103f5b5e7fd0,Campaign 8,Email,False,False,2024-10-21T12:33:51
cd6caab2-3c4b-4c54-b403-6309b10afbb7,a77c6909-50e7-4309-bfd6-103f5b5e7fd0,Campaign 7,Phone,True,True,2024-10-26T12:33:51
7598743f-f75b-45a2-9142-f37319b0cf5a,a77c6909-50e7-4309-bfd6-103f5b5e7fd0,Campaign 2,Social,False,True,2025-06-02T12:33:51
3a7a60ca-636b-4539-8901-7737093e7969,a77c6909-50e7-4309-bfd6-103f5b5e7fd0,Campaign 10,Social,False,False,2024-08-24T12:33:51
7417c18b-0364-4e8e-8f55-741a5a0c277f,a77c6909-50e7-4309-bfd6-103f5b5e7fd0,Campaign 3,Email,True,False,2023-12-02T12:33:51
576a4ff3-f0d7-47f1-8ce1-a521a955e8d9,a7b8f142-6b8b-4eac-bae6-5f57f113147b,Campaign 6,Phone,False,True,2025-07-18T12:33:51
f6319a72-66f4-482e-a7f8-57f9a36614ba,a7b8f142-6b8b-4eac-bae6-5f57f113147b,Campaign 1,SMS,False,False,2025-07-30T12:33:51
8d290f69-5157-4183-bb98-a78d39a27325,a7b8f142-6b8b-4eac-bae6-5f57f113147b,Campaign 5,Email,False,True,2024-11-09T12:33:51
69b639c8-8866-470a-b3e9-9d9a5b805e75,a7c749d9-a29d-4d13-b327-d13bc21e8e62,Campaign 5,Phone,False,False,2024-03-24T12:33:51
fb9e0c4e-d4bc-42c5-a66e-e59a28cb5aa0,a7e85683-6f69-42c3-95be-f323277c750e,Campaign 6,Phone,False,False,2024-07-21T12:33:51
1db8fdc4-3ca6-4a2a-af84-ff5a82a15679,a7e85683-6f69-42c3-95be-f323277c750e,Campaign 5,Email,False,True,2025-03-20T12:33:51
6a4954f1-1014-409d-8fcd-b18d25e02dd4,a7e85683-6f69-42c3-95be-f323277c750e,Campaign 7,Social,True,False,2025-01-03T12:33:51
ec5b0caf-28d3-47f7-8490-d9f72c2bea45,a7ea9c7f-91fa-4d51-a1a1-b9726a865670,Campaign 4,Email,False,True,2024-03-14T12:33:51
e2bb92cc-82df-44fd-96fd-ee189992af75,a82988f3-1072-485e-9c3a-663039bd92ed,Campaign 3,Email,False,False,2024-12-24T12:33:51
5dbe3760-958e-4f2d-a6dd-2c49738de1d0,a82988f3-1072-485e-9c3a-663039bd92ed,Campaign 9,Email,False,True,2024-07-27T12:33:51
f2a14fef-3529-4536-a6ff-8b5b3cd44a16,a82988f3-1072-485e-9c3a-663039bd92ed,Campaign 4,Phone,False,False,2024-08-24T12:33:51
883ac772-a370-4ce2-aeb4-c9056d400819,a83c52a2-f547-4fcd-aa6d-a193cb2866fb,Campaign 9,Phone,True,False,2025-04-16T12:33:51
14cc9595-5629-4c64-b7c0-4f908d89d942,a83c52a2-f547-4fcd-aa6d-a193cb2866fb,Campaign 1,Email,False,False,2025-07-18T12:33:51
890149d8-97a1-4530-b140-73c6b509310c,a83c52a2-f547-4fcd-aa6d-a193cb2866fb,Campaign 2,Social,False,True,2024-02-06T12:33:51
801b8e97-ecc0-4735-8d15-7b9572c64115,a846c488-9a3f-4ca8-9cac-edde91bf1328,Campaign 6,Social,False,True,2025-02-09T12:33:51
746581e1-01db-4ee8-9a7e-aaf26f51fa28,a846c488-9a3f-4ca8-9cac-edde91bf1328,Campaign 10,Email,True,True,2024-02-14T12:33:51
46ab26b0-a31d-4a88-b9a3-cdd8f7328e45,a846c488-9a3f-4ca8-9cac-edde91bf1328,Campaign 1,Phone,True,False,2024-09-18T12:33:51
293c3768-ee5e-4a56-b895-8dfcf6528e26,a846c488-9a3f-4ca8-9cac-edde91bf1328,Campaign 9,SMS,True,True,2024-04-01T12:33:51
d95cffea-6dc0-4589-8b9f-f164259e38c4,a87992c7-802a-4a38-9451-968124c4a5d9,Campaign 9,SMS,True,True,2023-12-10T12:33:51
332b3647-30a1-4118-ac44-b36a4102dbef,a87992c7-802a-4a38-9451-968124c4a5d9,Campaign 3,Email,False,True,2023-09-16T12:33:51
90379a5d-61b1-44b5-b773-536894dcaaca,a87992c7-802a-4a38-9451-968124c4a5d9,Campaign 2,Phone,True,False,2024-09-09T12:33:51
500125ba-53cd-472f-9e49-816abc1ba6e7,a87992c7-802a-4a38-9451-968124c4a5d9,Campaign 7,Phone,True,False,2025-05-17T12:33:51
614b645c-cc32-4554-b6f7-99512f613bed,a8879e8b-368d-4bff-9b03-d699e21d684d,Campaign 2,Phone,True,False,2024-03-21T12:33:51
bcee95f6-9e5d-451d-b176-5743d014a9e8,a8879e8b-368d-4bff-9b03-d699e21d684d,Campaign 8,SMS,True,True,2025-01-07T12:33:51
15f9b5b6-81aa-403a-a97f-8bfc6517e278,a8879e8b-368d-4bff-9b03-d699e21d684d,Campaign 8,Social,False,False,2024-11-14T12:33:51
3f2dadef-3e20-4933-ae21-13e0dc72ffd2,a912d7dd-4259-4601-a565-959acbff0953,Campaign 1,SMS,False,False,2024-09-14T12:33:51
1d2ffb4b-8d3f-4c75-b482-e9217c5a4e70,a912d7dd-4259-4601-a565-959acbff0953,Campaign 8,Phone,False,True,2024-09-29T12:33:51
8ec21477-ecb7-465c-b64b-9ca82ba0e14b,a91c7a41-981c-4ee3-ac0f-45a5e6740ed1,Campaign 1,Phone,True,True,2024-10-09T12:33:51
a90c81de-c150-41eb-b2ee-cab896c70e32,a9204726-9d4b-41c4-bdea-c0e23fbe3c5c,Campaign 4,SMS,True,False,2023-11-15T12:33:51
e9e495f3-90c0-47f4-b798-32f0eb3c0638,a9204726-9d4b-41c4-bdea-c0e23fbe3c5c,Campaign 10,SMS,False,False,2024-09-04T12:33:51
3fbc1a21-a314-4994-88af-8cff37539a54,a9204726-9d4b-41c4-bdea-c0e23fbe3c5c,Campaign 1,SMS,False,True,2025-03-18T12:33:51
36ac5b52-bfb9-47c9-a002-83d975bf26e2,a9204726-9d4b-41c4-bdea-c0e23fbe3c5c,Campaign 5,SMS,False,False,2024-09-20T12:33:51
4c60e80e-849f-4448-92f9-29702bf6cc17,a9204726-9d4b-41c4-bdea-c0e23fbe3c5c,Campaign 3,Phone,False,True,2025-04-17T12:33:51
bca6f706-515d-44eb-ab7b-637afebfe5c3,a92ca9e0-1e22-457b-b11b-008a864e050e,Campaign 2,Social,True,True,2025-02-24T12:33:51
fa027b2b-6e9d-47b3-8ea4-25fb6377db67,a92ecca8-4b68-486a-8c7a-00003753544f,Campaign 6,Email,False,True,2024-05-10T12:33:51
95999886-b86a-4791-8215-4b68c0ceaffa,a92ecca8-4b68-486a-8c7a-00003753544f,Campaign 2,Email,False,False,2023-10-30T12:33:51
5f61c9b3-434d-4a44-ae9e-e2e592d843ac,a92ecca8-4b68-486a-8c7a-00003753544f,Campaign 7,Social,True,False,2023-08-31T12:33:51
77d5eeef-d4eb-40f8-abd8-c563cf991fb2,a95cc641-46af-4be5-ae63-b3603178b982,Campaign 4,Social,False,True,2025-08-09T12:33:51
7c439eff-fe7e-4f4e-9382-929e5ff3cc36,a95cc641-46af-4be5-ae63-b3603178b982,Campaign 1,Social,True,True,2024-06-09T12:33:51
d7fc2a70-5c19-4323-8343-d24e590216be,a95cc641-46af-4be5-ae63-b3603178b982,Campaign 3,Email,False,False,2024-12-11T12:33:51
d7da1dfa-10ad-45ac-8cc2-153671945d5d,a95cc641-46af-4be5-ae63-b3603178b982,Campaign 1,Email,True,False,2024-06-03T12:33:51
76b3c0e7-a478-4584-bf3d-eea6d3633b01,a95cc641-46af-4be5-ae63-b3603178b982,Campaign 7,SMS,True,True,2023-11-28T12:33:51
5cd31a18-960f-4803-a611-f475f9af1828,a9740197-7659-4b8f-9470-80a4608c3608,Campaign 7,Phone,True,False,2025-05-25T12:33:51
bb6b07fa-1e9e-416d-941b-eb1b049220f2,a9740197-7659-4b8f-9470-80a4608c3608,Campaign 8,SMS,True,False,2023-12-26T12:33:51
8a1cabe2-33db-4f16-8e8d-2ddd5bdcd5ec,a9740197-7659-4b8f-9470-80a4608c3608,Campaign 10,Phone,False,True,2024-12-22T12:33:51
ad0f2cb0-8131-4841-b194-fee152ec7dda,a9740197-7659-4b8f-9470-80a4608c3608,Campaign 8,SMS,False,True,2025-07-07T12:33:51
4496d730-687d-4cca-a047-2b90fccd11fe,a9740197-7659-4b8f-9470-80a4608c3608,Campaign 6,SMS,False,True,2025-05-08T12:33:51
6caa78a1-2396-4698-a217-9aa134fb333b,a981eccf-4f37-4362-a091-8eae42c7c680,Campaign 1,SMS,True,True,2024-11-11T12:33:51
96da3a93-f2f5-4c80-b464-0c2cb19af810,a981eccf-4f37-4362-a091-8eae42c7c680,Campaign 7,SMS,False,True,2024-02-13T12:33:51
9c041dcd-292f-497d-a93c-9d26231977cb,a981eccf-4f37-4362-a091-8eae42c7c680,Campaign 1,Email,True,False,2025-01-18T12:33:51
4047e256-86cc-4515-8503-e9530808c21b,a981eccf-4f37-4362-a091-8eae42c7c680,Campaign 7,Phone,True,False,2023-09-06T12:33:51
30b8f85b-1f79-45e2-8be6-faa269ba9708,a98dffce-9c37-4e40-b670-90ec90880b2a,Campaign 9,Social,False,False,2023-10-02T12:33:51
f94d3cf0-d08d-4bfb-bd12-805a288a9dd5,a98dffce-9c37-4e40-b670-90ec90880b2a,Campaign 6,Email,False,False,2023-09-22T12:33:51
977a2dd2-0844-48f1-8d23-3f752a1eceb3,a98dffce-9c37-4e40-b670-90ec90880b2a,Campaign 10,Social,False,True,2024-05-20T12:33:51
c4a48bb8-35a3-4c57-a786-ccda4eefe245,a98dffce-9c37-4e40-b670-90ec90880b2a,Campaign 6,SMS,True,False,2024-02-21T12:33:51
5d9d9ddf-9819-4a81-b947-640de1085375,a9e78d99-7593-41db-bde5-35ec8df458a0,Campaign 3,Phone,True,False,2025-03-28T12:33:51
7c9fd424-27b7-4ee7-ad09-865fc2ff6c77,a9e78d99-7593-41db-bde5-35ec8df458a0,Campaign 3,SMS,False,False,2025-06-17T12:33:51
78585fe6-483b-461f-a7e1-054cf015c423,a9e78d99-7593-41db-bde5-35ec8df458a0,Campaign 1,Social,True,True,2023-09-22T12:33:51
dd7e824c-3aaa-46f6-b8c9-e53cde9a9ff1,a9e78d99-7593-41db-bde5-35ec8df458a0,Campaign 3,Phone,False,True,2025-03-24T12:33:51
c611cf70-6c44-4464-ba90-9f00980d6475,aa367e60-17de-4ac3-82d0-743333d449fd,Campaign 1,Social,True,True,2025-05-30T12:33:51
e12c1c77-45ed-425c-9af9-a1e362afde2a,aa367e60-17de-4ac3-82d0-743333d449fd,Campaign 1,Social,True,True,2024-08-05T12:33:51
48f86a0b-84d4-4d62-a2dc-644ca3688abf,aa46c674-fba6-4176-b387-6cd603b91d8b,Campaign 1,Social,False,False,2024-02-04T12:33:51
327790fb-2c8b-438a-afb1-81c18b1ae8c3,aa46c674-fba6-4176-b387-6cd603b91d8b,Campaign 8,SMS,True,False,2023-12-12T12:33:51
8c268cf7-c7a4-41cc-9754-d0ce0f83b406,aa46c674-fba6-4176-b387-6cd603b91d8b,Campaign 8,Phone,False,False,2024-11-26T12:33:51
7cd54939-c93d-4290-85c2-960c92882287,aa8592ef-7370-4c10-9caa-27f57a56238c,Campaign 5,Social,True,True,2024-07-15T12:33:51
91ce904c-8fb8-478a-92d8-68a5ac950e1e,aa8592ef-7370-4c10-9caa-27f57a56238c,Campaign 9,SMS,True,True,2024-09-18T12:33:51
77deb1b8-80dc-4cab-b6ff-2a6b42271a28,aa8592ef-7370-4c10-9caa-27f57a56238c,Campaign 5,SMS,False,False,2024-07-25T12:33:51
e2422b35-2fb4-4ff8-b53b-e8fc58bc8d47,aa8592ef-7370-4c10-9caa-27f57a56238c,Campaign 2,Email,False,False,2024-10-06T12:33:51
fdd28a13-32f7-4db2-936f-a350bd73aae6,aa8592ef-7370-4c10-9caa-27f57a56238c,Campaign 2,Email,True,True,2025-08-02T12:33:51
cf15d0cf-ce7a-4d65-9cb6-4e21d84a30d7,aaaa5064-6b5a-48c5-92d6-420bb08ed13b,Campaign 2,SMS,False,True,2025-02-09T12:33:51
7dc07990-5de7-4980-858e-0a5a05f92272,aaae9351-55c8-4644-932a-f0c454b9c1a0,Campaign 2,Phone,False,True,2024-01-15T12:33:51
0c83d5f6-eba0-4e1b-90cb-bfbe6b7fc136,aac30ea8-5174-44d3-b103-8892e8bb630d,Campaign 1,Email,False,True,2024-07-14T12:33:51
1e83122b-35e2-4d31-97c5-768b65914b03,aac30ea8-5174-44d3-b103-8892e8bb630d,Campaign 6,Phone,False,True,2024-04-19T12:33:51
146312f6-260c-4297-98b4-d0910f0b16c3,aac30ea8-5174-44d3-b103-8892e8bb630d,Campaign 4,Email,True,False,2024-04-02T12:33:51
d0d65521-781f-498a-8571-d49396c7a439,aad74700-3fde-46a4-935a-7ed20fc0c5ed,Campaign 10,SMS,True,True,2024-09-21T12:33:51
6a11f99e-44fc-4430-9780-51c847ec052b,aad74700-3fde-46a4-935a-7ed20fc0c5ed,Campaign 10,Phone,True,False,2024-08-06T12:33:51
6b76ba71-c7b4-4781-b6d2-7568465ead16,aad74700-3fde-46a4-935a-7ed20fc0c5ed,Campaign 9,Phone,False,True,2024-01-06T12:33:51
4a63a931-0e0c-4183-8499-475c9358e24f,aad74700-3fde-46a4-935a-7ed20fc0c5ed,Campaign 8,Email,False,True,2024-08-27T12:33:51
6046a1dc-8757-49db-a2bf-e47ca1bb7d11,ab21b441-6a1f-4c12-b96c-1601d6774fc2,Campaign 9,Email,False,False,2025-02-10T12:33:51
26829023-8eb1-4665-835a-307ddfd4e0f2,ab21b441-6a1f-4c12-b96c-1601d6774fc2,Campaign 10,Social,True,False,2023-11-10T12:33:51
1eea2b5b-a946-4cda-bcb2-83ab2c704bad,ab21b441-6a1f-4c12-b96c-1601d6774fc2,Campaign 6,Email,True,True,2024-04-15T12:33:51
0bc54b1b-7eed-4e00-94b0-27c5af6cd462,ab21b441-6a1f-4c12-b96c-1601d6774fc2,Campaign 5,Email,True,False,2025-06-29T12:33:51
ee29eef2-9694-4b24-92c5-1763320376d9,ab328f1e-368e-4106-a169-fc18d8930ed2,Campaign 4,Email,True,False,2025-07-14T12:33:51
a6f6fb93-7475-45d3-9d87-432e59d908e9,ab328f1e-368e-4106-a169-fc18d8930ed2,Campaign 4,Phone,True,True,2025-03-09T12:33:51
91ba729c-9ffb-48b5-84f8-66f719347c7d,ab328f1e-368e-4106-a169-fc18d8930ed2,Campaign 7,Social,False,False,2024-09-22T12:33:51
d8311ef5-67de-4c47-bf77-94e0d6e97263,ab328f1e-368e-4106-a169-fc18d8930ed2,Campaign 8,Social,True,False,2024-06-28T12:33:51
08d074ed-5dee-4bfb-bf66-1f5a061b1667,ab4fa334-9949-4f77-af06-2abe1fd4dc34,Campaign 8,SMS,False,False,2025-02-26T12:33:51
ba3744b7-089b-4a77-b2bc-0dba6cb2ac54,ab4fa334-9949-4f77-af06-2abe1fd4dc34,Campaign 9,SMS,False,False,2025-08-15T12:33:51
90f11575-8511-4a73-a46d-1e7f20fffa34,ab662f00-8190-4fb0-9f79-e1d6f5fe7afe,Campaign 9,Social,True,False,2023-12-03T12:33:51
d92ddbcb-9148-4f50-b984-5373c5632c64,ab662f00-8190-4fb0-9f79-e1d6f5fe7afe,Campaign 8,Social,True,False,2025-06-21T12:33:51
57b68ca1-4cef-49cb-8f56-4ed59c24927d,ab662f00-8190-4fb0-9f79-e1d6f5fe7afe,Campaign 6,Phone,True,False,2025-01-01T12:33:51
fd143d0b-e527-46c0-94a1-0115581e1d49,ab662f00-8190-4fb0-9f79-e1d6f5fe7afe,Campaign 7,Email,True,False,2023-10-11T12:33:51
4c1f25f8-067c-4be6-9c3a-24e42da1c2f4,ab6f336b-43a7-42d8-9bd0-f624b695ac23,Campaign 7,Phone,False,True,2023-12-15T12:33:51
b2ea92ae-e385-4177-9908-cc90a6eb736f,ab6f336b-43a7-42d8-9bd0-f624b695ac23,Campaign 5,Phone,False,False,2024-11-10T12:33:51
13b665c4-80d2-4079-b3e8-5346fa8e7af4,ab7ae623-bb49-4943-9dbd-1dd76623e9aa,Campaign 4,Email,False,True,2024-01-02T12:33:51
15c9367e-32eb-4560-b9e4-42d3dddc9bab,ab7ae623-bb49-4943-9dbd-1dd76623e9aa,Campaign 3,Email,True,True,2023-12-16T12:33:51
2df956f9-a6b3-4670-b80e-f9831ed11c5f,ab8efba9-e14f-47af-aee3-9c033bd5f70e,Campaign 1,SMS,False,True,2024-07-28T12:33:51
0f0a60fc-3872-4f53-a01c-dda34e2220f6,aba0e7a7-5ef4-41c5-8c8e-e52f055cfc7b,Campaign 5,SMS,False,False,2024-04-15T12:33:51
713fa9f4-fb42-488c-ad3e-99b3f31b0afb,aba0e7a7-5ef4-41c5-8c8e-e52f055cfc7b,Campaign 1,SMS,True,False,2025-04-21T12:33:51
6d4cb914-1593-424e-8501-ef576958cc00,aba0e7a7-5ef4-41c5-8c8e-e52f055cfc7b,Campaign 1,Email,True,False,2023-09-07T12:33:51
6e9926be-2728-4baf-b81e-11688ab646e8,aba0e7a7-5ef4-41c5-8c8e-e52f055cfc7b,Campaign 4,Social,False,True,2024-04-29T12:33:51
18ea97b5-abc0-482c-b279-0d2360b2ab02,abac5c69-7f23-49b3-bb20-f26d96d64796,Campaign 6,Social,False,False,2024-06-15T12:33:51
29f7d0c6-f8e5-4f06-996c-6477c5de9de3,abbbe018-e0c7-4ec0-8596-7e9a0ae0b293,Campaign 4,Phone,True,False,2025-08-16T12:33:51
b6fe100d-2887-42f1-bf75-d4d51ed48f32,abc347d8-5bcf-470b-b2d9-300f78ad6bbb,Campaign 6,Email,False,True,2025-07-28T12:33:51
0dacdf1f-edcf-4b45-880a-69474e83fa58,abc347d8-5bcf-470b-b2d9-300f78ad6bbb,Campaign 4,SMS,False,True,2023-11-05T12:33:51
84b5ac2d-42f7-4e81-9c75-83b0db312b5e,abc347d8-5bcf-470b-b2d9-300f78ad6bbb,Campaign 10,Phone,False,True,2024-07-10T12:33:51
1698b2eb-c1b5-4023-a885-ffa3ca1e1f11,abcbb48f-b8a3-426f-8c5f-76efbc3829c0,Campaign 7,Phone,False,True,2025-05-06T12:33:51
84867218-0c5b-4688-8934-3d9d0190dfee,abd9026d-b0a5-4584-b406-63058e451c08,Campaign 10,Phone,False,False,2024-11-25T12:33:51
86dde2eb-cbd1-4136-94cc-3765a51d123f,abd9026d-b0a5-4584-b406-63058e451c08,Campaign 3,Social,True,False,2023-10-12T12:33:51
5b6f705d-1bed-4404-80fe-d8d414583ad2,abd9026d-b0a5-4584-b406-63058e451c08,Campaign 8,SMS,True,False,2025-03-02T12:33:51
53873145-2081-4f53-b13e-48e1f7a66f64,abd9026d-b0a5-4584-b406-63058e451c08,Campaign 3,Phone,False,True,2025-01-06T12:33:51
b69658bf-3c80-4806-895b-4dbfbd343dd0,ac0539f5-924e-4cd0-8c25-d4a957f6bf9f,Campaign 9,SMS,False,True,2025-06-05T12:33:51
a023ef15-e990-45d7-9f02-a8d345866601,ac0539f5-924e-4cd0-8c25-d4a957f6bf9f,Campaign 4,Phone,True,False,2025-07-30T12:33:51
30cd97b8-5527-4e64-bee5-640774a4ae1a,ac0539f5-924e-4cd0-8c25-d4a957f6bf9f,Campaign 10,Email,True,True,2023-12-17T12:33:51
e4de1722-82e8-44f5-80b6-857110aaf122,ac0539f5-924e-4cd0-8c25-d4a957f6bf9f,Campaign 4,Email,True,False,2024-02-21T12:33:51
8ca560f2-3588-4284-b9cc-288c421abc9f,ac0539f5-924e-4cd0-8c25-d4a957f6bf9f,Campaign 2,Phone,False,False,2024-02-10T12:33:51
fb4423e8-4382-48a1-adb9-b786232b4645,ac7322df-4b47-4af3-ab37-7b304310ab48,Campaign 5,SMS,False,False,2025-01-11T12:33:51
1342387a-0375-40b1-b7b1-ddd366de21da,ac7322df-4b47-4af3-ab37-7b304310ab48,Campaign 1,SMS,True,True,2024-09-09T12:33:51
3df3399e-b18e-4c1c-921e-37f5f12015de,aca37f3b-c4c8-46ca-b827-c0c282e44451,Campaign 4,Email,False,True,2025-07-28T12:33:51
aaa10f9f-65aa-4731-8d01-45938a0b6c5c,aca37f3b-c4c8-46ca-b827-c0c282e44451,Campaign 4,Social,True,False,2024-12-08T12:33:51
82b6715d-0e18-402d-bc6d-bb48ca1337d2,aca37f3b-c4c8-46ca-b827-c0c282e44451,Campaign 8,Phone,True,False,2024-06-09T12:33:51
23dde1e2-e327-4781-bd71-615dd7549298,aca37f3b-c4c8-46ca-b827-c0c282e44451,Campaign 1,Social,True,False,2025-03-13T12:33:51
d55d25e7-a494-464f-95e6-83151b7b3a84,aca37f3b-c4c8-46ca-b827-c0c282e44451,Campaign 5,Email,True,True,2024-04-29T12:33:51
70d5abae-15e9-4520-956a-487c22ae97fb,acaa7e5e-d908-4641-8239-af6edfa02d9d,Campaign 3,Email,False,False,2025-06-08T12:33:51
3bcf0aa8-97f5-4127-83e7-03401f5af954,acaa7e5e-d908-4641-8239-af6edfa02d9d,Campaign 7,Social,False,True,2025-02-20T12:33:51
b7e42774-80d8-4745-a9e8-6df15e1e4731,acaa7e5e-d908-4641-8239-af6edfa02d9d,Campaign 4,Phone,False,True,2024-05-13T12:33:51
c65a8e5c-9143-4438-8462-21fc109a4bf5,ace75e42-e95b-4beb-9c5b-562d134c9309,Campaign 2,Social,True,False,2025-03-12T12:33:51
6a4b89ed-61a3-43d1-a230-65ab7ef2f3b1,ace75e42-e95b-4beb-9c5b-562d134c9309,Campaign 8,SMS,True,True,2024-04-12T12:33:51
224ef9bb-369f-4b89-97b0-092fa3ac16eb,ace75e42-e95b-4beb-9c5b-562d134c9309,Campaign 1,Phone,False,False,2024-06-22T12:33:51
8b967979-c7f8-41d1-8f87-24722412d6cc,ace75e42-e95b-4beb-9c5b-562d134c9309,Campaign 4,SMS,True,True,2025-07-27T12:33:51
5d0e534b-7d47-44e2-b0d5-a5c112fac734,ace75e42-e95b-4beb-9c5b-562d134c9309,Campaign 2,Email,True,False,2024-10-26T12:33:51
2b06b0e0-7dfc-4b84-8cb3-d9eef51b181e,ad0f3597-0aee-4b4d-be9b-7c5fed0398c3,Campaign 10,Social,False,False,2024-12-19T12:33:51
5ef759c8-27e7-4ee4-b788-8396ac01dd94,ad0f3597-0aee-4b4d-be9b-7c5fed0398c3,Campaign 3,Email,True,False,2024-07-19T12:33:51
88627ce6-0297-4c1a-aea2-dd008b9b7801,ad0f3597-0aee-4b4d-be9b-7c5fed0398c3,Campaign 4,SMS,True,False,2024-09-09T12:33:51
38eb2702-57fe-4510-836f-3c8e7cf8a975,ad0f3597-0aee-4b4d-be9b-7c5fed0398c3,Campaign 8,Email,True,True,2025-03-15T12:33:51
f4b82b8e-547f-447b-a358-d20168cbed0c,ad161f13-5ed0-4186-b156-f79d0fb68d9d,Campaign 3,SMS,False,False,2023-09-24T12:33:51
02b19666-2cdb-4641-8553-c9e1fd614c68,ad161f13-5ed0-4186-b156-f79d0fb68d9d,Campaign 4,Email,True,True,2025-07-12T12:33:51
8729b301-30f0-4294-922c-0640b28cb0e7,ad161f13-5ed0-4186-b156-f79d0fb68d9d,Campaign 10,SMS,True,False,2025-07-26T12:33:51
65638258-22d9-4024-bf46-8d7f17e0d580,ad161f13-5ed0-4186-b156-f79d0fb68d9d,Campaign 3,Social,True,True,2024-08-26T12:33:51
8b1925a9-db7c-4b0d-8f82-df465484b237,ad161f13-5ed0-4186-b156-f79d0fb68d9d,Campaign 1,Email,True,False,2023-11-26T12:33:51
13bdb50c-d2ef-4566-9458-d9a0b88489dc,ad2a4bef-c845-4ab3-b7ef-6409ab288513,Campaign 10,SMS,False,True,2025-04-10T12:33:51
b0743857-34c4-4d90-9b68-11bcf66f745c,ad4687b9-9465-4075-bcba-2b1162a81e6e,Campaign 10,Phone,True,True,2024-09-09T12:33:51
5196809a-801c-47f9-bf11-d39ff8831bcd,ad4687b9-9465-4075-bcba-2b1162a81e6e,Campaign 2,Social,True,True,2025-01-11T12:33:51
018d47a2-d438-41e5-ab42-7a3bdb4b7ee3,ad4687b9-9465-4075-bcba-2b1162a81e6e,Campaign 4,Email,True,False,2025-03-31T12:33:51
827f5f46-3dc9-479f-a1a8-b62956474b56,ad4687b9-9465-4075-bcba-2b1162a81e6e,Campaign 7,Phone,True,True,2024-12-19T12:33:51
21a2f476-992c-4f0f-be8b-a73bf531979d,ad5e575d-6f07-4c9e-a45e-68ba7f35be0d,Campaign 8,Email,False,False,2024-01-27T12:33:51
51db659a-efa9-4c41-b0a9-f93c98082eb5,ad5e575d-6f07-4c9e-a45e-68ba7f35be0d,Campaign 1,Email,False,False,2024-08-11T12:33:51
6fa9816e-5c8c-4ec2-96c2-1a734cb539ea,ad5f2272-be9b-467b-966f-abbf917fb623,Campaign 8,Social,True,True,2025-04-18T12:33:51
55132e18-5622-4a17-972a-0fd3b5e5bae7,ad5f2272-be9b-467b-966f-abbf917fb623,Campaign 7,Phone,False,True,2025-06-12T12:33:51
936a48b3-6dc1-43b1-b8bb-b50878c8b89a,ad5f2272-be9b-467b-966f-abbf917fb623,Campaign 4,Email,False,False,2024-12-23T12:33:51
26521670-fd6f-4896-9c73-71bde96c20b5,ad830383-f01e-4a70-aec9-f15b6569ff09,Campaign 7,Phone,True,False,2024-05-04T12:33:51
f418df1b-1ee4-43de-a4b5-e6ee2cafc52c,ad913f20-1366-41ba-a19d-53c56b7f3b43,Campaign 5,SMS,True,False,2024-08-01T12:33:51
d54e5a70-3f00-4f0d-92c8-aafc6d8f354f,ad913f20-1366-41ba-a19d-53c56b7f3b43,Campaign 6,Email,True,False,2024-08-05T12:33:51
4455a50b-a11f-409f-b46b-b76d1b9ae2f3,ad913f20-1366-41ba-a19d-53c56b7f3b43,Campaign 8,Email,False,True,2024-10-10T12:33:51
79e633af-139f-4a46-8757-f485a401b986,ad913f20-1366-41ba-a19d-53c56b7f3b43,Campaign 9,Phone,False,False,2025-08-23T12:33:51
eddd3f43-f808-41eb-857c-d215ea861f7d,ae408ba4-4e3e-47fe-808c-7f7f4123391f,Campaign 10,SMS,True,False,2024-08-30T12:33:51
b3be4917-2779-42b5-be6e-4bf292f37064,ae408ba4-4e3e-47fe-808c-7f7f4123391f,Campaign 10,Email,True,False,2024-01-04T12:33:51
df0c8fe1-762f-4259-a10c-2a7734082ac5,ae408ba4-4e3e-47fe-808c-7f7f4123391f,Campaign 10,SMS,False,False,2023-12-08T12:33:51
a522fb5a-7818-44dd-9f0e-3d42790ace08,ae500cd5-1cd6-4bb8-b33f-83aa2a837ca1,Campaign 3,SMS,False,True,2024-08-13T12:33:51
f2012415-05ff-4b9b-8d94-15926035604e,ae500cd5-1cd6-4bb8-b33f-83aa2a837ca1,Campaign 8,Email,True,True,2024-11-28T12:33:51
4e91a1bc-e6b8-49fb-8a65-b0c17f0bb1d0,ae500cd5-1cd6-4bb8-b33f-83aa2a837ca1,Campaign 7,SMS,True,False,2023-09-12T12:33:51
3041d798-fe03-438c-a8de-5444c08cbd1b,ae5a2c4e-4a02-4338-8702-f53cb2cbcaf1,Campaign 1,Phone,False,True,2024-03-31T12:33:51
940b9936-495c-43fb-bfe6-49fc759ef683,ae73882a-92c0-46af-8dc9-7f2f8bdaa74f,Campaign 6,Email,True,True,2025-01-22T12:33:51
e9ba6620-3c90-47f9-ac3f-9bf3eb11dd16,ae73882a-92c0-46af-8dc9-7f2f8bdaa74f,Campaign 6,Email,True,False,2025-02-08T12:33:51
f5efdac4-f6ba-4050-b0bb-44dbc650a31c,ae73882a-92c0-46af-8dc9-7f2f8bdaa74f,Campaign 9,Email,False,True,2023-10-16T12:33:51
5fa81893-0b42-4353-8f72-8e1d78871d37,ae73882a-92c0-46af-8dc9-7f2f8bdaa74f,Campaign 6,SMS,True,False,2024-12-29T12:33:51
4bbc83f4-203e-40b7-8e6b-0c012137563c,ae73882a-92c0-46af-8dc9-7f2f8bdaa74f,Campaign 2,SMS,True,True,2024-11-10T12:33:51
fbb149de-5975-4ff9-9671-2dc44a01d6bc,aedaa2df-395c-4d65-a622-d5ce3361a4a6,Campaign 7,SMS,True,False,2025-03-17T12:33:51
c2aff2ae-694e-4129-901b-7012e6988ce4,aee8cfca-87db-46d2-b391-e43201444ce6,Campaign 7,Email,True,True,2024-11-28T12:33:51
0a3cc452-b314-4eab-8e68-ad10b10f1c4f,aefd6b1e-55bf-4eaf-a289-daaa87706670,Campaign 6,Email,True,True,2025-08-16T12:33:51
6b175173-b989-4839-94e5-d00e714b42a6,aefd6b1e-55bf-4eaf-a289-daaa87706670,Campaign 4,Email,True,True,2025-07-20T12:33:51
9c4eb6d5-054d-4b6f-85b2-30b692467aca,aefd6b1e-55bf-4eaf-a289-daaa87706670,Campaign 10,Email,False,False,2023-10-08T12:33:51
654b9470-b8be-4391-8b79-ad595c0fc020,aefd6b1e-55bf-4eaf-a289-daaa87706670,Campaign 9,Social,False,False,2024-07-25T12:33:51
21af8d11-b9d2-4640-9df5-4fc02e1fd98b,af025a99-ec4c-489a-99c5-723840442c3f,Campaign 5,Phone,False,False,2023-09-17T12:33:51
acd31e21-f670-41d2-b1ae-056baf748b3d,af025a99-ec4c-489a-99c5-723840442c3f,Campaign 8,Social,True,False,2025-02-27T12:33:51
afd5e4ec-0b15-4e4f-b6a0-8659e62aeeff,af025a99-ec4c-489a-99c5-723840442c3f,Campaign 3,Email,False,False,2023-11-06T12:33:51
00fd608e-5cae-40c9-ad7c-c5449c398409,af025a99-ec4c-489a-99c5-723840442c3f,Campaign 4,Email,True,False,2024-03-06T12:33:51
66525208-3d7e-4ef0-a8e2-e63a9fc33814,af047bc6-7be7-41d0-a147-e2c9d453229c,Campaign 10,Email,False,False,2024-04-20T12:33:51
b783847f-8aa1-4bb2-80d7-b02d33670cb3,af0b011e-97a6-4828-8541-f7f292d725b7,Campaign 4,Email,False,True,2023-10-11T12:33:51
9f789827-6368-45c2-8f17-4f6022cdbc71,af14b345-3671-4898-801a-937e4abc77b8,Campaign 3,Email,False,False,2025-08-13T12:33:51
b0edba58-f213-4dbc-8228-74818a5514ba,af30e3c9-8591-46de-bf5e-e878ef34329e,Campaign 8,SMS,True,True,2023-12-02T12:33:51
b6ce75c6-5a5d-4826-b13c-9fd5282783ec,af30e3c9-8591-46de-bf5e-e878ef34329e,Campaign 1,Email,True,True,2024-08-03T12:33:51
19f8717e-65d6-4ae5-b5c0-6b6c470bf7a2,af561ef8-6e56-44b8-a0f2-06ddfdd5b406,Campaign 2,Email,False,False,2024-03-21T12:33:51
8671f324-c209-4474-9e6c-b463bea9e392,af561ef8-6e56-44b8-a0f2-06ddfdd5b406,Campaign 7,Email,False,False,2024-05-08T12:33:51
3c0bca6b-d133-45be-a8d7-14bbfcb41492,af561ef8-6e56-44b8-a0f2-06ddfdd5b406,Campaign 4,SMS,False,False,2024-10-27T12:33:51
d0f05d88-e8b3-48fb-a51b-97c22425b581,af98c611-ae2c-48b1-9bd9-b1106d8a4844,Campaign 9,Phone,True,False,2025-05-23T12:33:51
2b7fe837-96e0-4e65-9b68-47b2f651dd6a,af98c611-ae2c-48b1-9bd9-b1106d8a4844,Campaign 3,Social,True,False,2023-11-17T12:33:51
cc68471a-ca35-4fa8-ad01-5911d664b8e4,afaaa1d1-77dc-4602-bdc2-95c2671ede81,Campaign 2,Phone,False,True,2025-06-03T12:33:51
4826bdac-dc0c-49de-ac2f-7cc8de586aee,afaaa1d1-77dc-4602-bdc2-95c2671ede81,Campaign 10,Social,True,True,2024-01-22T12:33:51
3e8ddc78-2f70-43de-98dc-f1140f1a0455,afaaa1d1-77dc-4602-bdc2-95c2671ede81,Campaign 2,Phone,False,True,2023-12-06T12:33:51
7257c87e-d247-424d-8930-d0fbb3cd19ed,afaaa1d1-77dc-4602-bdc2-95c2671ede81,Campaign 10,Phone,True,False,2025-06-13T12:33:51
9e6fb0e6-3df4-4755-940a-70f40719bdf5,afb3bf01-3024-4db5-8c75-d9cd6e0c4ffe,Campaign 8,Phone,True,False,2025-06-12T12:33:51
feb1275e-b04f-4bcb-aa17-9d54a97116c7,afb3bf01-3024-4db5-8c75-d9cd6e0c4ffe,Campaign 3,SMS,False,False,2024-12-31T12:33:51
c589898e-04dc-4baf-8914-122535294e35,afb3bf01-3024-4db5-8c75-d9cd6e0c4ffe,Campaign 3,Phone,True,False,2024-08-20T12:33:51
1cfd97a3-64c2-418c-bca9-e3b975d9e770,afb3bf01-3024-4db5-8c75-d9cd6e0c4ffe,Campaign 10,Email,False,True,2024-08-14T12:33:51
cbb3374a-78e3-42d3-b03d-59af805e3d31,afb3bf01-3024-4db5-8c75-d9cd6e0c4ffe,Campaign 8,SMS,True,True,2023-12-07T12:33:51
7cde0478-7e88-4256-9719-6f0b0c0f5170,afc6ed18-6abc-4072-bc63-809a716a1639,Campaign 5,Email,True,True,2024-10-22T12:33:51
56df1d7a-a76e-4f26-85f9-bfb238014046,afc6ed18-6abc-4072-bc63-809a716a1639,Campaign 6,Email,True,True,2025-05-10T12:33:51
b0f2840a-3f1e-4cac-bb67-1265ae5b0845,afdaa779-7acf-4ab2-9f70-9acaab767b1a,Campaign 4,Email,False,True,2025-03-12T12:33:51
289b7f59-7a91-4bee-bc90-ba142c33b9d8,afdaa779-7acf-4ab2-9f70-9acaab767b1a,Campaign 4,SMS,True,False,2023-11-29T12:33:51
f9249f56-bbd0-4fda-b377-868dcf25cc69,afdaa779-7acf-4ab2-9f70-9acaab767b1a,Campaign 5,Phone,True,False,2025-06-26T12:33:51
557ef45d-b12c-448c-9247-b468a41c761d,afdaa779-7acf-4ab2-9f70-9acaab767b1a,Campaign 10,Phone,True,False,2025-04-15T12:33:51
ccab0c4d-92ed-4a06-92ad-48a9f6e7663c,afdc65e6-8168-47bf-a7a6-1d52b55574c3,Campaign 2,Phone,False,True,2024-02-23T12:33:51
1ad9669b-21bf-44be-9219-13d5211f92a1,b035eb8f-e5b2-4666-8920-26676d843f98,Campaign 9,Email,True,False,2025-01-14T12:33:51
ee5229ac-0670-43fe-8ebc-ed3702667446,b0459064-f7a9-41f0-a301-2a5e1609120d,Campaign 3,Email,True,True,2025-07-20T12:33:51
3cf69e70-5b4a-4336-96c5-3b18572f00fb,b0459064-f7a9-41f0-a301-2a5e1609120d,Campaign 3,Email,False,False,2024-05-31T12:33:51
e144969c-4359-41a8-bf94-a879a7b00192,b065186b-9246-4feb-8aa1-d4845adaf808,Campaign 7,Social,False,False,2024-07-25T12:33:51
2349a7b6-b6d5-4dfa-b33c-dc4b1496e824,b065186b-9246-4feb-8aa1-d4845adaf808,Campaign 1,SMS,True,False,2025-06-14T12:33:51
8f0a3f39-9d40-41c0-8465-936f6024ea1e,b065186b-9246-4feb-8aa1-d4845adaf808,Campaign 8,Phone,True,True,2023-10-18T12:33:51
457d28dc-7bb8-48e8-8f16-56e1f5196db0,b065186b-9246-4feb-8aa1-d4845adaf808,Campaign 6,SMS,False,True,2025-01-12T12:33:51
dcf6e3d0-f18e-4512-a75e-f97c52af54ac,b065186b-9246-4feb-8aa1-d4845adaf808,Campaign 8,SMS,True,False,2025-03-11T12:33:51
af007f15-65dc-4cc1-8044-262bed66cb95,b06e9c18-2542-496f-a9ff-3cd3131a766f,Campaign 8,Social,True,True,2024-09-10T12:33:51
8a07d021-b5b0-451e-b7bd-5d9e92785bdd,b06e9c18-2542-496f-a9ff-3cd3131a766f,Campaign 1,Phone,False,False,2025-03-25T12:33:51
31f521a5-0fd6-4bf2-ad11-1f63e3848f4f,b09e6260-1c31-4a39-88b1-4718a37252e8,Campaign 5,Phone,True,True,2025-05-01T12:33:51
d83ab26e-127c-4857-ac73-846e9547551a,b09e6260-1c31-4a39-88b1-4718a37252e8,Campaign 4,SMS,True,False,2024-02-09T12:33:51
7325bb9a-f347-44f3-9302-791c7e85f082,b0a8e5f3-7ca3-4084-b5b4-0aa81e6a7282,Campaign 2,Social,False,True,2024-06-27T12:33:51
65fa9c50-f5d9-47c8-9e21-99729cc08095,b0a8e5f3-7ca3-4084-b5b4-0aa81e6a7282,Campaign 2,Email,False,False,2023-11-29T12:33:51
0ef0c093-4856-4627-a26c-f8603c73dd83,b0a8e5f3-7ca3-4084-b5b4-0aa81e6a7282,Campaign 8,SMS,False,False,2024-04-11T12:33:51
bd7fb3d2-d4c1-4c69-98cf-4f189566fd0e,b0bec2b5-c107-48ed-997e-9c82562e9075,Campaign 7,SMS,False,False,2024-04-03T12:33:51
6d917b43-7d52-40c5-b45c-3b2079548a31,b0bec2b5-c107-48ed-997e-9c82562e9075,Campaign 9,Email,True,False,2025-02-25T12:33:51
e721b890-4569-4602-80bb-67ad8589b2c0,b0bec2b5-c107-48ed-997e-9c82562e9075,Campaign 9,SMS,True,False,2025-02-13T12:33:51
dd33eb27-00e5-4424-98e2-43875c3f0ba9,b0bec2b5-c107-48ed-997e-9c82562e9075,Campaign 5,SMS,False,False,2025-08-12T12:33:51
d3d46bf6-bacb-4105-ba90-9abca45bfa70,b0bec2b5-c107-48ed-997e-9c82562e9075,Campaign 10,Email,False,True,2025-08-13T12:33:51
766b3641-2d33-4ecd-baf7-2c9c4cf88352,b0c4ff7d-f7b3-40e0-8ced-779e378fd7f7,Campaign 4,Phone,False,False,2024-05-12T12:33:51
c971790d-396d-40a0-976a-f99e6d3b5909,b0c4ff7d-f7b3-40e0-8ced-779e378fd7f7,Campaign 5,Email,False,True,2024-01-09T12:33:51
081807c2-f454-4924-9726-47f92e8ee13c,b0c4ff7d-f7b3-40e0-8ced-779e378fd7f7,Campaign 7,Email,False,True,2025-04-12T12:33:51
cda4cd42-eb28-4522-938d-413c4576d5b2,b0ded163-8e2c-44f7-87c0-81c8f774da4d,Campaign 3,SMS,False,True,2025-07-11T12:33:51
61febb04-6a37-4224-86d7-3682129a317e,b0ded163-8e2c-44f7-87c0-81c8f774da4d,Campaign 8,Social,True,False,2025-08-18T12:33:51
2b3773c4-a0ac-4268-894b-028801788eaf,b0ded163-8e2c-44f7-87c0-81c8f774da4d,Campaign 4,Phone,True,True,2024-12-23T12:33:51
43ed37a1-c54e-4551-b3b8-9c24508d4615,b0ded163-8e2c-44f7-87c0-81c8f774da4d,Campaign 9,Email,True,True,2025-07-22T12:33:51
888658a9-da96-4d3c-b447-eca628a0d918,b0ded163-8e2c-44f7-87c0-81c8f774da4d,Campaign 6,Phone,True,True,2024-05-18T12:33:51
16a07306-9e5d-4a12-acad-2dcade7c7754,b1051b45-ff02-408f-bb8c-92b6611f659d,Campaign 4,SMS,True,True,2024-10-25T12:33:51
2af1ea01-7ad8-494b-8ed4-1014d5b6ca73,b1051b45-ff02-408f-bb8c-92b6611f659d,Campaign 6,SMS,False,True,2024-12-28T12:33:51
1bb1913d-853f-4746-83e6-8ab3cee0298a,b11dff27-27cc-4b5f-b628-39ac0ae923b5,Campaign 5,Email,True,True,2024-04-16T12:33:51
53f7f044-0d22-4f5f-971a-1b3c93224ed8,b11dff27-27cc-4b5f-b628-39ac0ae923b5,Campaign 5,Email,True,False,2025-07-02T12:33:51
37765ea2-da71-4845-ab6f-eeeec140ecf7,b11dff27-27cc-4b5f-b628-39ac0ae923b5,Campaign 2,SMS,False,True,2025-01-06T12:33:51
0ec63df1-79c4-43f1-a680-ca0cd5249965,b1205bef-b607-4b01-9a02-06bacdba875b,Campaign 10,Social,False,True,2023-11-19T12:33:51
79955cb7-83b2-4848-98b7-13f9df2f9ab5,b1205bef-b607-4b01-9a02-06bacdba875b,Campaign 6,Phone,True,True,2024-01-19T12:33:51
298bc63a-76e3-4bac-b8ee-8a74505f382e,b12ee20b-2b82-4b5b-9bc8-b4015a0b441a,Campaign 5,Email,False,True,2025-05-31T12:33:51
1054cec5-6d42-434e-a65c-3b77faaacaa2,b12ee20b-2b82-4b5b-9bc8-b4015a0b441a,Campaign 8,Email,False,False,2023-09-28T12:33:51
3a5f4686-707f-4d86-8cdc-55b58cdceaca,b12ee20b-2b82-4b5b-9bc8-b4015a0b441a,Campaign 9,SMS,True,False,2024-11-05T12:33:51
1c735a13-f71f-4820-896e-14618d2ea6f0,b12ee20b-2b82-4b5b-9bc8-b4015a0b441a,Campaign 5,Social,True,False,2025-07-29T12:33:51
a00b2a3c-2e4e-48f9-98a5-b1255b8d8c87,b12ee20b-2b82-4b5b-9bc8-b4015a0b441a,Campaign 8,Phone,True,True,2023-11-11T12:33:51
123be9f1-d3a0-4921-a1bc-d52ff1b60768,b1699772-2c7f-43ad-a043-9f8582432dca,Campaign 10,SMS,False,False,2025-08-02T12:33:51
b37fab3d-f62a-4cf9-be14-0f349d1e886f,b1699772-2c7f-43ad-a043-9f8582432dca,Campaign 7,Social,False,True,2025-02-04T12:33:51
6ba34842-0b90-43f7-8c33-e76185b4e765,b19577d2-7560-466d-90ce-62e6277013e8,Campaign 7,Email,True,True,2023-10-28T12:33:51
5af2d51b-e323-4876-b550-0cbe40beacb0,b19577d2-7560-466d-90ce-62e6277013e8,Campaign 8,Phone,True,False,2024-03-01T12:33:51
78c9cb8c-08a2-47b8-999e-be9d4d16ad9f,b196f8f2-a41f-450b-bef8-4831de113d09,Campaign 3,Social,False,True,2023-12-16T12:33:51
fad6820d-798b-4ec7-be58-0432afb8141d,b196f8f2-a41f-450b-bef8-4831de113d09,Campaign 8,SMS,False,False,2023-11-17T12:33:51
efa26f35-5e69-486f-a1f4-24f92ef0dbcf,b196f8f2-a41f-450b-bef8-4831de113d09,Campaign 4,SMS,False,False,2025-03-09T12:33:51
29b84ff0-faa5-4dfd-b1cb-f74b7a6a14d9,b196f8f2-a41f-450b-bef8-4831de113d09,Campaign 9,Social,False,False,2025-06-26T12:33:51
0f707140-0f3e-49f4-9689-ac05507391e2,b196f8f2-a41f-450b-bef8-4831de113d09,Campaign 5,SMS,False,False,2025-06-09T12:33:51
d6dd8b2f-1916-4c05-b9d6-456387c36ede,b19f26a9-522a-401f-b7ed-bdfe89d05eaf,Campaign 3,Email,False,True,2024-10-08T12:33:51
b811e1b5-1ba1-439e-b21a-8dc925d47a45,b19f26a9-522a-401f-b7ed-bdfe89d05eaf,Campaign 3,Phone,True,False,2024-05-09T12:33:51
c772ee8f-ac40-4508-bca7-6e066ed55963,b1a15c27-84a0-488e-88f1-b9cc4ef2c1b2,Campaign 6,Phone,True,True,2025-06-20T12:33:51
e10b8bad-08ff-443f-9174-97d3df61429e,b1a15c27-84a0-488e-88f1-b9cc4ef2c1b2,Campaign 5,Email,True,True,2024-12-28T12:33:51
5755adcf-9a2c-459f-8f15-5f3ab18e8f20,b1a15c27-84a0-488e-88f1-b9cc4ef2c1b2,Campaign 7,SMS,False,True,2025-03-06T12:33:51
f3ccbd91-8451-4be7-b99b-18ade46c2c71,b1a1a1ed-10ca-4907-93a8-9f43a5d89ed0,Campaign 6,Email,False,True,2025-04-24T12:33:51
88582e15-f626-41f9-abaf-58842841c62b,b1a1a1ed-10ca-4907-93a8-9f43a5d89ed0,Campaign 3,Email,False,True,2024-10-10T12:33:51
8df1f63e-8ede-45df-bf39-0081dd6c143f,b1a1a1ed-10ca-4907-93a8-9f43a5d89ed0,Campaign 2,Email,True,False,2024-12-19T12:33:51
7e7a3d1c-a008-4dbe-be22-9e31e09948b4,b1a1a1ed-10ca-4907-93a8-9f43a5d89ed0,Campaign 6,Social,False,False,2023-09-08T12:33:51
532b1a73-b0b5-4d2d-a333-aa5c5d98bd76,b1e1956f-70cf-469e-a4e5-a80c078f34a1,Campaign 3,Social,True,False,2025-01-25T12:33:51
a4e74168-a867-4d4c-b892-6ecaea1f4479,b1e1956f-70cf-469e-a4e5-a80c078f34a1,Campaign 2,Phone,True,True,2024-03-10T12:33:51
4720ea5d-d7c5-476b-b746-68fa61e6c7df,b1e1956f-70cf-469e-a4e5-a80c078f34a1,Campaign 4,Social,False,True,2024-05-29T12:33:51
cfc18f0f-bf3f-482a-b53d-8ab3d8a9d23b,b1e1956f-70cf-469e-a4e5-a80c078f34a1,Campaign 6,Phone,False,True,2024-05-30T12:33:51
77473785-5933-4e32-a5c7-d8fad300e617,b1f8517a-b869-4e06-8b12-2f92288a5109,Campaign 3,Email,False,True,2024-02-01T12:33:51
2b4dcb86-b969-4429-bc74-27f9857de56f,b1f8517a-b869-4e06-8b12-2f92288a5109,Campaign 3,Phone,False,True,2024-03-11T12:33:51
e4e30802-5b5e-4acd-8722-34c8befb0cd3,b1f8517a-b869-4e06-8b12-2f92288a5109,Campaign 4,SMS,False,True,2025-07-19T12:33:51
c49d496e-9672-4996-a4f1-2db8cb01c6af,b1f8517a-b869-4e06-8b12-2f92288a5109,Campaign 5,Social,False,True,2025-06-10T12:33:51
795bc22b-8362-4264-b546-39be98e69884,b2111976-8e3c-4d39-809c-b5937acdd146,Campaign 5,Email,True,False,2024-04-11T12:33:51
17dda3c0-6281-4298-89f9-7769943458c1,b2111976-8e3c-4d39-809c-b5937acdd146,Campaign 9,Email,False,False,2024-08-24T12:33:51
c6cf747c-07b1-43ff-a3d2-434379f5e83f,b223875d-ea0c-420a-8dbe-59dc42f28eb7,Campaign 9,Email,False,True,2025-03-03T12:33:51
de139d8f-bfb2-4737-a9ac-1ad4325a9b3c,b267e252-bc36-4817-ac07-e1f07ce173d4,Campaign 7,SMS,True,False,2024-06-05T12:33:51
17ec001e-3ad9-4f37-babc-75d732adf30d,b267e252-bc36-4817-ac07-e1f07ce173d4,Campaign 2,Phone,True,True,2025-05-30T12:33:51
abe4d1cd-4d36-4ff0-baa5-82b1a7ff129b,b267e252-bc36-4817-ac07-e1f07ce173d4,Campaign 2,SMS,True,False,2024-11-20T12:33:51
fbf4b11b-39d0-4d3a-b41a-e2562354ec67,b267e252-bc36-4817-ac07-e1f07ce173d4,Campaign 7,SMS,False,False,2023-11-01T12:33:51
3de0f824-1cff-4bc1-b571-6c0e8b3bb5cb,b267e252-bc36-4817-ac07-e1f07ce173d4,Campaign 8,Email,False,True,2024-05-25T12:33:51
b164eb6c-80ae-4ae4-91f7-6639a5bec28c,b2870368-ab65-4bea-bc50-052bb41cacc6,Campaign 10,Phone,True,True,2023-09-19T12:33:51
2920db24-deb0-4018-b4b0-a8c194df84b6,b2870368-ab65-4bea-bc50-052bb41cacc6,Campaign 1,Email,True,False,2023-11-09T12:33:51
86fe64f3-7be0-44e6-a97b-f1cc92e501dd,b2870368-ab65-4bea-bc50-052bb41cacc6,Campaign 6,Social,False,False,2024-12-01T12:33:51
b7a89264-44a5-42cf-8b76-81d3973d12e2,b2870368-ab65-4bea-bc50-052bb41cacc6,Campaign 3,Social,True,True,2024-01-21T12:33:51
1624bef9-3ccb-4fd4-b9e4-4a7d51272cb1,b2870368-ab65-4bea-bc50-052bb41cacc6,Campaign 7,Phone,True,False,2024-12-22T12:33:51
e51bc294-e12b-4c04-a5ef-dfafbfa7b852,b2adaae5-c362-45f7-8b67-69f870755642,Campaign 2,Phone,False,False,2023-10-08T12:33:51
42309cc3-77f8-4513-9fa1-9d8395ac539f,b2adaae5-c362-45f7-8b67-69f870755642,Campaign 8,SMS,True,False,2024-05-05T12:33:51
e48a7a79-77ac-4f16-b9e9-7696299d2d02,b2adaae5-c362-45f7-8b67-69f870755642,Campaign 4,Email,False,False,2024-04-03T12:33:51
98fe30ed-d6bf-4c2d-a7f1-9527be53038f,b2ecdfe3-1f09-4f3a-b955-14b55dfa26ea,Campaign 4,Email,True,True,2024-05-12T12:33:51
4dc2031d-18e7-4e49-ba90-f271d8d0d482,b2fb4745-c4e5-40f5-8d97-526de1d25c4b,Campaign 3,Email,False,False,2025-02-18T12:33:51
201c6ce6-5ef7-472a-924e-26e2c1147989,b2fb4745-c4e5-40f5-8d97-526de1d25c4b,Campaign 9,Phone,False,False,2024-05-04T12:33:51
c07b825b-30e1-4d73-9a5c-f458b0b12dd3,b2fb4745-c4e5-40f5-8d97-526de1d25c4b,Campaign 4,SMS,True,False,2024-02-14T12:33:51
762eb545-5280-414f-8297-0d5f2f807068,b2fb4745-c4e5-40f5-8d97-526de1d25c4b,Campaign 6,SMS,False,False,2024-12-24T12:33:51
6dd2a688-8479-4d10-83d4-f40a0f842ae0,b31f113b-afdd-4355-b447-64da974445a1,Campaign 3,Social,True,True,2025-01-05T12:33:51
fad57aec-b38e-4614-bef9-4591a8aa7647,b3201ffc-d21a-47a4-bec2-8c0ee8e4380c,Campaign 3,Email,False,True,2025-03-14T12:33:51
d7eb484d-2eac-45cf-a49a-084cd5b7fb9d,b3201ffc-d21a-47a4-bec2-8c0ee8e4380c,Campaign 8,SMS,True,True,2024-12-05T12:33:51
d1c49192-9149-4aa5-99f4-aa01ec3c4a30,b3201ffc-d21a-47a4-bec2-8c0ee8e4380c,Campaign 1,Phone,False,True,2025-08-09T12:33:51
b519b9cc-5a3a-4285-a1e6-ca1be0f2ea08,b3201ffc-d21a-47a4-bec2-8c0ee8e4380c,Campaign 4,Email,True,True,2025-04-29T12:33:51
225691d6-9c5a-4224-a738-40727ffb0193,b3201ffc-d21a-47a4-bec2-8c0ee8e4380c,Campaign 10,Phone,False,False,2023-11-22T12:33:51
c8d8e855-1ad6-456a-a4ba-25843264eaf2,b33b4dec-5054-43c4-a991-f69f32442b93,Campaign 8,Phone,False,False,2024-10-02T12:33:51
e4829512-d19d-42a3-a985-e657fe4c49e6,b33b4dec-5054-43c4-a991-f69f32442b93,Campaign 8,Email,True,True,2023-10-06T12:33:51
95d6efa0-2c02-4c47-a3e2-9e0b60971c41,b34f4a4c-0b31-4f00-bc67-19d20a92eede,Campaign 8,Phone,False,True,2024-06-09T12:33:51
ba34a526-cb42-4d21-a4f3-e7270e19793b,b34f4a4c-0b31-4f00-bc67-19d20a92eede,Campaign 10,Social,False,True,2025-04-19T12:33:51
2ccde1fe-9590-40fc-8177-1db541ed0db5,b34f4a4c-0b31-4f00-bc67-19d20a92eede,Campaign 6,Phone,True,True,2025-01-30T12:33:51
c9376029-c716-459b-9d8b-45b48e01dfa1,b34f4a4c-0b31-4f00-bc67-19d20a92eede,Campaign 2,Phone,False,False,2025-08-28T12:33:51
b20adc90-b06e-4c73-bb68-ad2591a09b44,b34f4a4c-0b31-4f00-bc67-19d20a92eede,Campaign 3,Email,True,False,2024-05-15T12:33:51
0449a807-9d2c-4b7e-b474-06130badf8d6,b3691ae6-a183-45a5-8e02-b1f4eb2006af,Campaign 5,Email,True,True,2025-03-07T12:33:51
519a6baa-2fdc-4c6d-8336-8ae93cacaa72,b3691ae6-a183-45a5-8e02-b1f4eb2006af,Campaign 9,Phone,False,False,2025-08-01T12:33:51
7dfd57c2-9779-4945-8c8a-84fd9ec75723,b3691ae6-a183-45a5-8e02-b1f4eb2006af,Campaign 10,Phone,True,True,2024-05-08T12:33:51
b4c6fb46-5cae-4e55-96c4-d885507a6453,b3691ae6-a183-45a5-8e02-b1f4eb2006af,Campaign 7,SMS,False,True,2024-10-10T12:33:51
75d66071-1989-44ba-8648-4e3f14a23999,b3ce178d-432b-467f-88a2-c5da90e3133b,Campaign 10,Email,True,False,2024-05-05T12:33:51
99e1ec71-bcf8-41be-a953-136061122690,b3ce178d-432b-467f-88a2-c5da90e3133b,Campaign 10,Social,True,True,2024-03-28T12:33:51
aab3adfb-3944-4c84-b628-cd5c549af637,b509f720-495e-40ea-a8bc-6be4eace22dc,Campaign 7,Social,True,True,2024-04-19T12:33:51
a0a9838d-d8d5-49e0-b222-2ca528c48065,b509f720-495e-40ea-a8bc-6be4eace22dc,Campaign 6,Email,False,False,2025-03-27T12:33:51
d6520a10-6999-41f5-ac6f-f9ae58839901,b509f720-495e-40ea-a8bc-6be4eace22dc,Campaign 9,Social,False,False,2025-06-10T12:33:51
9e6e2915-2a89-4808-bf98-f92945467bf5,b509f720-495e-40ea-a8bc-6be4eace22dc,Campaign 2,Social,True,False,2024-12-04T12:33:51
bb3f2194-1870-4af6-907e-3ebfd10be7c8,b509f720-495e-40ea-a8bc-6be4eace22dc,Campaign 5,Email,True,False,2024-08-19T12:33:51
26f48b82-d64e-457b-b557-a4dfcf5bb88b,b542fce5-de2a-4030-87ac-2638d5f94818,Campaign 8,Email,True,True,2025-03-27T12:33:51
ef99b677-9353-4410-b0b4-b479594d5ea7,b542fce5-de2a-4030-87ac-2638d5f94818,Campaign 1,Email,True,False,2024-09-30T12:33:51
7f28ee1d-07ec-4264-800e-97f73cda1e16,b542fce5-de2a-4030-87ac-2638d5f94818,Campaign 10,Email,True,True,2023-09-20T12:33:51
78e4bff8-dab7-4335-908f-00f5d3abfd62,b542fce5-de2a-4030-87ac-2638d5f94818,Campaign 1,SMS,True,True,2024-09-29T12:33:51
c5305ee6-77a9-453c-8d4b-e68be79e1e43,b542fce5-de2a-4030-87ac-2638d5f94818,Campaign 4,Social,True,False,2025-01-17T12:33:51
91feb16b-7f81-45f3-8423-6ce720db1553,b5b08c71-0530-48e6-908a-9dc8d605458d,Campaign 6,Social,False,True,2023-11-27T12:33:51
4c23b08e-e8cc-4f8c-b14c-809f423a29f9,b5b08c71-0530-48e6-908a-9dc8d605458d,Campaign 7,Email,True,True,2023-12-23T12:33:51
6f8751fe-be54-42df-9b48-24f01580a498,b5b08c71-0530-48e6-908a-9dc8d605458d,Campaign 4,Email,True,True,2024-10-13T12:33:51
1569fc31-d652-4e91-984d-c671ae1a9a13,b5cfafa5-38c0-4f07-b3dc-aaf4ed3898ba,Campaign 6,Phone,False,True,2024-06-20T12:33:51
beb41c70-80d5-4636-af07-7c3494e75230,b5cfafa5-38c0-4f07-b3dc-aaf4ed3898ba,Campaign 2,Social,False,False,2024-02-07T12:33:51
80d666da-8091-4862-94ac-22c806b0bc3b,b5cfafa5-38c0-4f07-b3dc-aaf4ed3898ba,Campaign 1,Phone,True,False,2024-11-02T12:33:51
09e0150d-185d-4daa-bdf1-6861331f051a,b5f0a7e7-85b7-45ae-9324-51ab1d05404b,Campaign 4,SMS,False,False,2024-07-11T12:33:51
93840613-3506-401d-9dd5-712da37d1459,b5f0a7e7-85b7-45ae-9324-51ab1d05404b,Campaign 5,Phone,False,False,2024-11-01T12:33:51
fc3cf427-0150-4959-9f8b-7d06ca851060,b5f0a7e7-85b7-45ae-9324-51ab1d05404b,Campaign 9,Phone,True,True,2025-03-04T12:33:51
daab9a30-9581-433f-9486-624105d815e9,b5f0a7e7-85b7-45ae-9324-51ab1d05404b,Campaign 3,SMS,False,False,2024-11-02T12:33:51
460ae6be-9e44-49e8-80c3-0a844ab6c399,b628f240-343f-4e34-9325-ec2a8f356a05,Campaign 8,Email,True,False,2024-10-17T12:33:51
cb16dfb5-4760-4861-b86a-37fb49d43e00,b628f240-343f-4e34-9325-ec2a8f356a05,Campaign 5,SMS,True,True,2024-12-10T12:33:51
95338d3c-6238-4633-b7ef-502cb48b5700,b628f240-343f-4e34-9325-ec2a8f356a05,Campaign 10,Email,False,False,2023-09-26T12:33:51
7620cdfb-1e63-41f5-803b-f79a1b1cca28,b628f240-343f-4e34-9325-ec2a8f356a05,Campaign 8,Phone,False,True,2025-05-24T12:33:51
de2ff818-4055-4c83-a258-8299f6a2f5cc,b69cb89c-384e-41e2-8caa-30a597f1c06e,Campaign 3,Email,True,True,2024-12-31T12:33:51
360edc1a-6935-47b3-bfea-1a5f52f7f9ec,b69cb89c-384e-41e2-8caa-30a597f1c06e,Campaign 10,Social,False,False,2025-02-23T12:33:51
6e051d72-7b39-4899-8655-ceb589a4506c,b6a78550-3642-49e9-828f-74f86c8fa6d1,Campaign 3,Phone,False,True,2025-04-27T12:33:51
befcd92b-499c-488d-b153-cc4a8773458c,b6b65202-d1e8-42bb-8762-22dfe657828d,Campaign 7,SMS,True,False,2023-11-12T12:33:51
bea2583a-0fe9-4c39-bf05-d04ca200b9cf,b6c609a5-e107-43fe-ab6a-f1a0d922d3b8,Campaign 8,Email,False,True,2023-09-21T12:33:51
792e3c85-b76e-4b20-a931-71920cc1ad49,b6dc69cf-ec03-4910-89aa-5230686eeee1,Campaign 7,SMS,True,True,2025-08-26T12:33:51
5604af21-d810-4255-8732-8a53730d80df,b6dc69cf-ec03-4910-89aa-5230686eeee1,Campaign 2,Email,True,False,2025-06-26T12:33:51
b138354c-e317-4225-b2b7-fe824d36f215,b6dc69cf-ec03-4910-89aa-5230686eeee1,Campaign 2,SMS,True,False,2024-03-04T12:33:51
9c5a9ed9-c1c0-4868-a304-086723ac2fa5,b6dc69cf-ec03-4910-89aa-5230686eeee1,Campaign 4,Social,True,False,2024-05-04T12:33:51
921b0b4f-81a2-48f7-b52d-339e405d1533,b6dc69cf-ec03-4910-89aa-5230686eeee1,Campaign 6,Email,False,False,2025-04-06T12:33:51
273a513b-5f61-4caf-bf3d-15724d88d1d1,b6e5979f-6ed6-4e33-a50f-981a7637b212,Campaign 7,SMS,True,True,2025-06-02T12:33:51
297be538-d459-4bee-a13c-0ab324feccff,b6e5979f-6ed6-4e33-a50f-981a7637b212,Campaign 5,Social,True,True,2025-01-01T12:33:51
f15e1958-0209-44e6-a089-6c83a62ef2d0,b7502587-286c-4312-9bc8-5caf8de3c8ae,Campaign 9,Phone,True,False,2024-08-20T12:33:51
9e44adb0-bc59-4518-aa1a-c7fa620897f8,b7502587-286c-4312-9bc8-5caf8de3c8ae,Campaign 2,Phone,False,False,2023-11-15T12:33:51
dc0dc939-b89b-4c9e-bb75-01ac88df4ed7,b762f48e-5f81-477e-9743-d452548ea94b,Campaign 2,Email,True,True,2024-03-11T12:33:51
2165b450-6884-4f48-b5a6-7eb01c1f4444,b762f48e-5f81-477e-9743-d452548ea94b,Campaign 6,Social,True,False,2025-04-26T12:33:51
cbf9bcea-b9c0-4a96-80ef-bfb0270c1b13,b76dfb71-8aed-4c8b-84cd-d0c005b2456c,Campaign 10,Social,False,True,2024-02-12T12:33:51
a7f67bf1-7eb8-46e3-a379-c417bc68c1fc,b78d9ecf-aeb4-482f-a9fe-4c23b881c9f5,Campaign 6,Email,False,False,2023-10-12T12:33:51
5a37d8dc-6a04-4a7e-98bc-f602de6877ad,b78d9ecf-aeb4-482f-a9fe-4c23b881c9f5,Campaign 3,Email,False,True,2023-12-22T12:33:51
42d3fa9f-cee9-4279-9714-eaade0873268,b78d9ecf-aeb4-482f-a9fe-4c23b881c9f5,Campaign 6,Email,False,False,2023-11-19T12:33:51
0a9ba7eb-2e50-41ae-95ff-f454bc72db6a,b791cc0a-b106-4871-8057-50b6be15840d,Campaign 2,Social,False,False,2025-08-21T12:33:51
0c13a806-1073-48e0-b557-a005bf5dcd59,b791cc0a-b106-4871-8057-50b6be15840d,Campaign 4,SMS,False,False,2023-11-08T12:33:51
92a63fcb-93ca-453f-939b-71a96b520401,b791cc0a-b106-4871-8057-50b6be15840d,Campaign 8,Email,False,True,2024-08-29T12:33:51
043fc038-3593-4fc7-9c5a-6a46d51cafc4,b7cbc0b1-f884-468b-aae3-40a233a4b6a0,Campaign 6,Phone,True,False,2024-12-19T12:33:51
3ceb04ab-cf5c-414b-b82d-1d8a14463d47,b7cbc0b1-f884-468b-aae3-40a233a4b6a0,Campaign 1,Social,False,True,2025-06-10T12:33:51
6deeb4dd-7d76-4f71-b438-2f039671c5d1,b7cbc0b1-f884-468b-aae3-40a233a4b6a0,Campaign 1,SMS,False,True,2024-11-20T12:33:51
c098b9ea-d52b-4423-80ad-8e9b7502d2c5,b8125e43-ee7b-45a4-a5c4-10a5ce9ecb4e,Campaign 3,Phone,True,True,2024-10-18T12:33:51
c230e820-d461-4ce3-ae03-11cf5c5dbf12,b8180c74-b691-4da9-9b25-48b3bc0ca0c3,Campaign 3,Social,True,False,2024-03-04T12:33:51
ad31a912-1e4a-4f95-967d-8771e73774c3,b8180c74-b691-4da9-9b25-48b3bc0ca0c3,Campaign 7,Social,True,False,2025-02-14T12:33:51
2d72e947-9983-4633-9883-dee2bd520c6e,b8180c74-b691-4da9-9b25-48b3bc0ca0c3,Campaign 10,Phone,True,False,2025-07-13T12:33:51
94fdd234-74e6-47e4-a738-93991482e689,b8180c74-b691-4da9-9b25-48b3bc0ca0c3,Campaign 3,SMS,True,True,2025-03-18T12:33:51
b64f81d9-0e7a-472f-af52-a7c2279f0c92,b8313ad3-93c9-4696-971f-f7e27c817318,Campaign 10,SMS,True,True,2024-04-10T12:33:51
ba56867a-2342-4a20-8bca-4e175bce6d95,b8313ad3-93c9-4696-971f-f7e27c817318,Campaign 9,SMS,False,True,2025-03-15T12:33:51
228bf088-fcc3-4660-b4c3-4786a2610484,b8313ad3-93c9-4696-971f-f7e27c817318,Campaign 3,Email,False,False,2024-06-29T12:33:51
9224883d-0596-4d47-9629-0ff286c94c31,b866a009-25d3-4a5c-8310-53465df6ddbe,Campaign 8,Email,False,True,2024-12-26T12:33:51
989cf799-6bb5-4019-ad3d-b6611bcaecb9,b866a009-25d3-4a5c-8310-53465df6ddbe,Campaign 8,SMS,True,True,2024-04-11T12:33:51
42acfaff-5ef6-4ef4-9318-a89aa7b973c8,b866a009-25d3-4a5c-8310-53465df6ddbe,Campaign 10,Social,False,False,2023-10-01T12:33:51
a8c00c14-e3b4-4d91-aaae-3c9b2d71a303,b866a009-25d3-4a5c-8310-53465df6ddbe,Campaign 6,Phone,True,True,2023-11-28T12:33:51
f2a84f16-8f62-4f11-9061-e6ff111a0a0c,b866a009-25d3-4a5c-8310-53465df6ddbe,Campaign 6,Email,True,True,2023-12-18T12:33:51
b1e426c8-a662-4d1c-b142-f13f1ea1401c,b8a751de-102f-47f8-96ea-a0c314d176b8,Campaign 4,SMS,True,False,2023-11-29T12:33:51
a0fc4558-8dba-4f44-be28-afd11084a362,b8a751de-102f-47f8-96ea-a0c314d176b8,Campaign 8,Email,True,False,2024-02-21T12:33:51
19c89454-9deb-4b70-a0e1-0d672b37b76d,b8a751de-102f-47f8-96ea-a0c314d176b8,Campaign 6,Phone,True,True,2025-08-22T12:33:51
89aaa421-554a-453f-b4c3-2be66dc2a15e,b8a751de-102f-47f8-96ea-a0c314d176b8,Campaign 5,Email,False,False,2024-11-30T12:33:51
fa96fea4-9882-488f-9f67-a814003f4ec6,b8a751de-102f-47f8-96ea-a0c314d176b8,Campaign 6,SMS,False,False,2025-06-13T12:33:51
edb70ed5-8eff-48b2-9500-0461c54b79aa,b8b814f3-858f-44ee-b943-3f13fb6b6281,Campaign 1,Email,True,True,2024-07-06T12:33:51
ad3496b5-efbc-48d6-a59f-9ec47b205e96,b8b814f3-858f-44ee-b943-3f13fb6b6281,Campaign 2,Phone,True,True,2025-01-27T12:33:51
1fb3df19-8107-4b95-88ca-6acaee86556f,b8c53187-e03d-4b49-898c-50243a201d48,Campaign 10,Phone,False,True,2024-06-28T12:33:51
1c38babb-9498-49f5-a468-720679784cb1,b8c53187-e03d-4b49-898c-50243a201d48,Campaign 2,SMS,False,True,2024-08-15T12:33:51
9efdd2fa-0658-48bf-b0a5-d17ce212106d,b8c53187-e03d-4b49-898c-50243a201d48,Campaign 10,Phone,True,False,2023-11-04T12:33:51
f955e0f0-5828-441f-bf02-0406c0378e16,b8de4927-08a5-477c-bc26-cf408883f004,Campaign 8,Email,True,True,2025-02-21T12:33:51
54056b07-fe23-4b90-93b6-4104bbce7072,b8de4927-08a5-477c-bc26-cf408883f004,Campaign 6,SMS,True,False,2023-12-11T12:33:51
7a4fc200-f684-4676-9611-a0f497e4759f,b8de4927-08a5-477c-bc26-cf408883f004,Campaign 1,Social,True,True,2024-08-07T12:33:51
5e884ddc-1e99-4ada-8b3c-611dbf8b9d05,b8f32d65-6eec-48b2-ab12-70dba39c32a4,Campaign 5,SMS,True,False,2023-10-29T12:33:51
2da95d09-aa14-4bb4-a7a3-cb3ab7016960,b91f2ee2-a407-46b8-afd9-64b0df851c77,Campaign 2,SMS,True,False,2024-04-08T12:33:51
33b5a9b5-8674-4ed0-b3dd-3ab90a659216,b91f2ee2-a407-46b8-afd9-64b0df851c77,Campaign 10,Email,False,True,2024-03-05T12:33:51
06af3c26-5055-4168-9414-b51ad2d1c0fe,b91f2ee2-a407-46b8-afd9-64b0df851c77,Campaign 5,Phone,False,True,2025-08-16T12:33:51
43f17efb-adfc-4804-9919-c074a77bb5ee,b936ee96-8632-462a-ada6-9d4d533b434d,Campaign 7,Phone,True,True,2024-10-12T12:33:51
c9767757-0f4a-4a52-ae49-d98254a05cb0,b936ee96-8632-462a-ada6-9d4d533b434d,Campaign 6,SMS,True,False,2025-07-21T12:33:51
706c405d-d164-4142-bba1-a54ea4314798,b97d760c-08e1-4e81-8335-d9a57c1ab1a7,Campaign 9,Phone,False,True,2025-06-09T12:33:51
478dd9cc-9416-4349-9170-753ffe99529f,b97d760c-08e1-4e81-8335-d9a57c1ab1a7,Campaign 5,Social,False,True,2024-04-04T12:33:51
513cef92-4800-4040-9274-f0692cfb334c,b97d760c-08e1-4e81-8335-d9a57c1ab1a7,Campaign 5,Email,False,True,2024-01-25T12:33:51
5a06e03a-6244-484b-9144-2e382c451c3d,b98f8536-1f17-4ee3-b803-345874ec9f76,Campaign 7,Phone,True,False,2025-01-07T12:33:51
9403fe6a-9f3b-4d67-a388-f292a2264efd,b98f8536-1f17-4ee3-b803-345874ec9f76,Campaign 3,Social,False,True,2024-06-19T12:33:51
7902d4cd-68e7-470d-996c-81c4663f3dc2,b9a9b600-777c-49e9-9a37-c2371bb8c4e7,Campaign 8,SMS,False,True,2024-05-18T12:33:51
f54998a9-2d33-48c5-95d1-aca194a3027a,b9a9b600-777c-49e9-9a37-c2371bb8c4e7,Campaign 9,SMS,True,False,2023-12-07T12:33:51
a151d10f-87f2-4ed3-bf1e-e70ffbf0c856,b9a9b600-777c-49e9-9a37-c2371bb8c4e7,Campaign 7,Social,True,False,2023-11-04T12:33:51
364e2333-1c24-43a5-b341-2b9ab6a98da0,b9a9b600-777c-49e9-9a37-c2371bb8c4e7,Campaign 10,Phone,False,False,2025-03-23T12:33:51
01164e38-0343-4056-8807-7b9c490e179b,b9a9b600-777c-49e9-9a37-c2371bb8c4e7,Campaign 1,Email,False,True,2025-05-31T12:33:51
5a528035-db9b-41b4-a006-f156bc5c3f45,b9b3cd17-1a6a-4cff-ba28-63cc8abeb791,Campaign 5,Email,False,True,2024-08-16T12:33:51
6a5b2a2c-a57c-49da-a560-75f13c8d8307,b9b3cd17-1a6a-4cff-ba28-63cc8abeb791,Campaign 6,Email,True,False,2025-04-06T12:33:51
6bab1be7-df7d-48b0-9300-22ad5e170248,b9b3cd17-1a6a-4cff-ba28-63cc8abeb791,Campaign 9,Social,False,False,2023-09-04T12:33:51
b68e29de-be7c-4f4a-8803-fdf00d5c5c68,b9b3cd17-1a6a-4cff-ba28-63cc8abeb791,Campaign 1,SMS,True,False,2024-04-06T12:33:51
b7fb39a1-0367-40a0-98cd-cd35d2bdeb4e,b9b3cd17-1a6a-4cff-ba28-63cc8abeb791,Campaign 10,Social,False,True,2023-09-18T12:33:51
d47bfe0a-8f43-4d82-9784-f1b231347ea1,ba0590d4-540f-498c-82a2-2585c0238075,Campaign 7,SMS,True,True,2024-08-04T12:33:51
359c279e-66f4-4c0e-92ea-90628c9742a4,ba0590d4-540f-498c-82a2-2585c0238075,Campaign 8,Email,True,True,2025-06-14T12:33:51
7ecbfb0b-7e94-496b-ac42-669cf43ad43f,ba3c1351-1299-4e46-b9cc-1c94b08ec5cd,Campaign 5,Phone,False,True,2024-07-27T12:33:51
195bd9a1-fd30-4b39-9554-376b8098a6f6,ba3c1351-1299-4e46-b9cc-1c94b08ec5cd,Campaign 4,SMS,True,True,2025-02-19T12:33:51
ff46a34c-8c2f-405f-be5c-1df87bc90398,ba3c1351-1299-4e46-b9cc-1c94b08ec5cd,Campaign 4,SMS,False,False,2024-09-19T12:33:51
164e3fa2-df44-46a5-8e8b-5f052cd7053e,ba58a0ff-6ef8-4870-8695-cfe007894213,Campaign 8,Phone,False,False,2024-02-06T12:33:51
b2623a7f-a64a-471e-ad89-a8bdca67c004,ba58a0ff-6ef8-4870-8695-cfe007894213,Campaign 3,Social,False,True,2024-11-07T12:33:51
53802736-3987-4a2d-85af-13d53cf4e3d3,ba66b7a2-8cda-4495-a021-6ebb5f4b9703,Campaign 1,Email,True,False,2025-06-04T12:33:51
b671f7ed-12a0-4682-9a7b-92fc1d6b0ddb,ba66b7a2-8cda-4495-a021-6ebb5f4b9703,Campaign 9,Phone,True,False,2023-11-08T12:33:51
7efec57a-a635-4362-9b3f-7850c0acc987,ba6b6ac4-c270-4f11-8f1e-68656367701d,Campaign 10,SMS,True,False,2024-11-06T12:33:51
d02a52b9-f187-4552-be9b-250f9af55e1b,ba6b6ac4-c270-4f11-8f1e-68656367701d,Campaign 10,Social,True,True,2024-09-30T12:33:51
398ee596-b345-4a53-b2b7-ef64e875e4f3,ba6b6ac4-c270-4f11-8f1e-68656367701d,Campaign 7,Social,False,False,2025-03-21T12:33:51
c1a0b03c-b032-4719-83e3-11bf8105561c,ba6b6ac4-c270-4f11-8f1e-68656367701d,Campaign 6,SMS,True,True,2023-09-07T12:33:51
5d7bb31a-caad-499e-958c-51a592b50fc2,ba6b6ac4-c270-4f11-8f1e-68656367701d,Campaign 3,Email,False,False,2024-02-04T12:33:51
0d85c571-0a54-40b5-9b5b-627e6b136572,ba7dc998-391b-42ef-87e8-e7baa4aaa22a,Campaign 7,Email,True,False,2025-03-22T12:33:51
f9f7ed21-b318-4b7f-b494-77e3f9079a93,ba7dc998-391b-42ef-87e8-e7baa4aaa22a,Campaign 10,Social,True,True,2025-03-13T12:33:51
fe0ff12d-806c-47c6-bca4-9a9dee73c69c,baa33748-f12a-4ef6-979c-9b18902b1c1d,Campaign 9,Phone,True,False,2025-02-10T12:33:51
8c015e7a-1264-4b44-a6fa-02a9f44e38b2,baa33748-f12a-4ef6-979c-9b18902b1c1d,Campaign 5,Social,False,False,2025-05-21T12:33:51
92146c06-861c-420a-b767-c1320f2a4498,bab4920a-9bdc-41c8-90fe-924015961032,Campaign 9,Email,True,False,2023-11-04T12:33:51
6451a8b6-c80a-4dd2-b89d-32f29785865d,bacc2424-397d-47c9-a3b7-8fae7a132895,Campaign 9,Email,True,True,2024-04-01T12:33:51
e27af488-9f9d-43b2-a8a3-465c3c4bbd78,bacc2424-397d-47c9-a3b7-8fae7a132895,Campaign 6,Phone,True,True,2024-07-05T12:33:51
f037c9c5-db40-4bc5-91f6-74bc2e61a695,bacc2424-397d-47c9-a3b7-8fae7a132895,Campaign 8,SMS,True,False,2024-11-02T12:33:51
34b91415-9291-4b17-add9-357d2abdb80c,bb312740-7110-4a53-a9db-1627e7ae05a7,Campaign 1,Social,True,False,2025-04-19T12:33:51
90341c39-1350-48dc-b9c6-6fa14ee0952d,bb474d83-e0bf-4b9d-8be1-a581e6a4b6ec,Campaign 9,SMS,False,False,2023-11-22T12:33:51
cd1f9f67-2969-45f3-bae2-d08f5a9b3218,bb474d83-e0bf-4b9d-8be1-a581e6a4b6ec,Campaign 6,Email,False,False,2023-12-02T12:33:51
2d221a92-ec4f-482f-a2de-457bf008620b,bb474d83-e0bf-4b9d-8be1-a581e6a4b6ec,Campaign 3,Phone,True,False,2023-10-15T12:33:51
b96df1b7-e358-4b39-9036-2de416a1602f,bb474d83-e0bf-4b9d-8be1-a581e6a4b6ec,Campaign 2,Phone,True,True,2024-06-07T12:33:51
2dfd0992-fa31-433a-8638-b41e1d063973,bb474d83-e0bf-4b9d-8be1-a581e6a4b6ec,Campaign 6,Phone,False,True,2025-04-22T12:33:51
328a3997-3884-4079-a37c-5e7c2501871f,bb7e0e50-79bb-48d8-b944-78966089a1d8,Campaign 8,Email,True,True,2024-04-17T12:33:51
f365a6f2-7242-4f6a-be04-fa20a880f86f,bb7e0e50-79bb-48d8-b944-78966089a1d8,Campaign 9,Social,False,True,2023-11-11T12:33:51
1644047e-e0a4-46bb-8580-f3acaa873f7e,bb7e0e50-79bb-48d8-b944-78966089a1d8,Campaign 4,Email,False,True,2025-08-06T12:33:51
34e1082f-c2af-48a8-b743-0672597d2cb6,bb7e0e50-79bb-48d8-b944-78966089a1d8,Campaign 8,Social,True,False,2024-01-06T12:33:51
b20f00c5-7a2d-4cbd-8cf7-bf99d03a8cf3,bb7e0e50-79bb-48d8-b944-78966089a1d8,Campaign 10,Phone,False,False,2024-01-19T12:33:51
2190c0cc-1a7f-45ed-9605-2cc1bf7aad9f,bb833c4f-f25c-4d3c-a564-6d194e7e0012,Campaign 1,Email,True,True,2024-01-04T12:33:51
5f56c0e6-f820-4494-aa79-07478a3cd35f,bb833c4f-f25c-4d3c-a564-6d194e7e0012,Campaign 8,SMS,False,True,2024-08-27T12:33:51
4de97353-6dc6-450b-87d6-4ee689ff0292,bb833c4f-f25c-4d3c-a564-6d194e7e0012,Campaign 8,Phone,False,True,2024-12-05T12:33:51
92a44b46-af6b-435a-996f-842f158e5b70,bb833c4f-f25c-4d3c-a564-6d194e7e0012,Campaign 8,SMS,True,False,2024-01-18T12:33:51
50413538-69d4-461e-870e-b661c797e108,bbf27be0-afe3-4eb4-98e8-d2353663cfcf,Campaign 2,Phone,False,False,2023-11-26T12:33:51
df8c0746-830e-4874-8cc7-cecf084597f8,bbf27be0-afe3-4eb4-98e8-d2353663cfcf,Campaign 4,Email,True,True,2024-08-08T12:33:51
a4d45763-22ed-423d-b553-50a2f8f9a3e7,bbf27be0-afe3-4eb4-98e8-d2353663cfcf,Campaign 10,Social,True,False,2025-04-03T12:33:51
866e9778-44a0-44d9-b66f-4a0ed6296e77,bbf27be0-afe3-4eb4-98e8-d2353663cfcf,Campaign 5,Phone,False,False,2025-03-17T12:33:51
69720952-e2fb-474d-a2d8-0b2f6ffb96f4,bbf27be0-afe3-4eb4-98e8-d2353663cfcf,Campaign 1,Email,True,True,2024-04-15T12:33:51
e8ae27a2-b4a3-405c-a15b-eb5a5c82da3b,bc06630f-c14f-40f8-b3c4-ea0cf6be52ba,Campaign 6,Email,True,True,2024-07-11T12:33:51
5c840a5b-6b73-4625-bde5-f6e58123e86a,bc06630f-c14f-40f8-b3c4-ea0cf6be52ba,Campaign 3,SMS,True,True,2025-05-22T12:33:51
6ad7fc8c-d55c-4df9-93a5-99a2bd8bb3fa,bc4112a1-243e-4cd6-afa1-931a9c2c1325,Campaign 8,Social,False,True,2025-02-02T12:33:51
b02e2628-2b35-46c5-a1a4-ca1201f7cf77,bc4112a1-243e-4cd6-afa1-931a9c2c1325,Campaign 5,SMS,False,False,2023-09-09T12:33:51
f51a8acb-65c7-4a0a-8e3d-da82b764b849,bc4112a1-243e-4cd6-afa1-931a9c2c1325,Campaign 6,SMS,False,False,2024-10-06T12:33:51
a472cb6c-d7f1-474b-ac87-ce7260a9630c,bc4112a1-243e-4cd6-afa1-931a9c2c1325,Campaign 2,Email,True,False,2024-09-28T12:33:51
2c5ae3b2-21ce-48a1-ac71-ad17a4dbc16c,bc4b2336-885d-435a-8ab1-3898b1645273,Campaign 3,Email,False,False,2024-08-05T12:33:51
c941bc7b-da45-4347-b647-93fa69685338,bc4b2336-885d-435a-8ab1-3898b1645273,Campaign 10,SMS,True,True,2024-01-21T12:33:51
27a156d6-5956-47de-a439-aa0b3055e41e,bc4b2336-885d-435a-8ab1-3898b1645273,Campaign 6,Email,False,True,2024-06-29T12:33:51
dca34c60-1d47-4d43-8839-be8021dcbbcf,bc4b2336-885d-435a-8ab1-3898b1645273,Campaign 5,Social,False,False,2024-09-03T12:33:51
0ac4ef56-cc03-4ded-b1a9-918df833e558,bc5e9a14-ab4d-4fc7-9fd6-dabafd1e167a,Campaign 9,Social,False,False,2025-06-18T12:33:51
c31b35b5-3e68-4059-8f7a-16beb1452905,bc5e9a14-ab4d-4fc7-9fd6-dabafd1e167a,Campaign 7,Phone,False,True,2025-06-18T12:33:51
d319b838-6114-4d37-a652-2071face41ce,bc5e9a14-ab4d-4fc7-9fd6-dabafd1e167a,Campaign 3,Social,True,False,2025-01-08T12:33:51
7105f443-0729-42c6-8174-ae1a82b5f2c7,bca47744-49a0-4af6-b27f-ab81366ff1dc,Campaign 1,Social,False,False,2024-11-26T12:33:51
e04cc466-b00e-4f7b-bd50-c02e94a83f62,bca47744-49a0-4af6-b27f-ab81366ff1dc,Campaign 2,Social,True,False,2025-06-10T12:33:51
e28cd2df-a810-4e73-b083-d1c714c5cd7e,bca47744-49a0-4af6-b27f-ab81366ff1dc,Campaign 2,Social,True,True,2024-10-21T12:33:51
f9bc0626-47cd-463d-b789-358be135d10c,bcdbe566-8534-400b-ae75-e56f008b1db4,Campaign 5,Phone,False,True,2025-07-05T12:33:51
d780e979-20a4-446f-9079-04bd8cdc4baf,bcdbe566-8534-400b-ae75-e56f008b1db4,Campaign 7,Phone,False,True,2024-02-10T12:33:51
5587de73-5e47-4702-85f1-0ff15b32173e,bcea157f-f45e-442b-ae81-b447e258bf2f,Campaign 9,Phone,False,True,2023-11-13T12:33:51
ab36ccb0-6ab9-497c-b908-af8ed33e57bd,bcea157f-f45e-442b-ae81-b447e258bf2f,Campaign 9,Email,True,False,2024-12-10T12:33:51
5eeb5ed1-18d3-43fd-ae07-54ef760d9b33,bcea157f-f45e-442b-ae81-b447e258bf2f,Campaign 9,Social,False,False,2024-11-04T12:33:51
37cba994-1d44-49fd-a1f0-809b72276198,bcf792e1-8985-42fe-93f3-cf64f4e6f438,Campaign 10,Email,True,True,2023-10-24T12:33:51
cbab0048-5b74-47aa-a030-46bfd0bbe8c2,bd0b9362-ca1c-4565-af1c-b574adb9b006,Campaign 8,Social,False,True,2024-11-27T12:33:51
92c76508-9e2d-412b-96d4-ba067fa3538e,bd0b9362-ca1c-4565-af1c-b574adb9b006,Campaign 1,Phone,True,True,2023-10-11T12:33:51
db893a04-5c5e-4f57-a8c2-03824c69bb4a,bd0b9362-ca1c-4565-af1c-b574adb9b006,Campaign 10,Email,False,True,2023-12-01T12:33:51
76b91ac1-6bc4-4abd-b240-4e62e1d7bd02,bd0d0386-ff02-4fb0-9394-847efa271303,Campaign 3,Phone,True,False,2024-05-25T12:33:51
79d4c63f-fd83-4634-b2cf-a71df966c757,bd0d0386-ff02-4fb0-9394-847efa271303,Campaign 1,Email,True,True,2024-01-08T12:33:51
12fcdc48-9dbf-40fe-85b5-471e21aea66a,bd0d0386-ff02-4fb0-9394-847efa271303,Campaign 1,Phone,False,False,2023-11-06T12:33:51
139422fd-2dc7-4a75-9244-1acf08c33ac8,bd0fa4bd-f1fb-47a4-ba95-a5c46309e613,Campaign 2,Phone,True,False,2023-10-09T12:33:51
79eb3126-11fc-4833-93dd-4158c6be56e4,bd0fa4bd-f1fb-47a4-ba95-a5c46309e613,Campaign 9,Email,True,False,2023-11-10T12:33:51
cbdf5244-cb4e-49f0-bca0-0c70223402d5,bd2c80cc-227c-4521-b8ab-e854ad384c42,Campaign 6,Email,True,True,2024-07-22T12:33:51
c38737f3-cb33-439a-9b40-e9e4213db6b0,bd2c80cc-227c-4521-b8ab-e854ad384c42,Campaign 9,Social,True,False,2024-05-22T12:33:51
dae74344-c6c2-4029-b541-62d9ebdd9972,bd2c80cc-227c-4521-b8ab-e854ad384c42,Campaign 1,Social,True,False,2023-10-01T12:33:51
3bb0410b-72d4-4f47-b800-52f30e46cb45,bd45bbeb-46c1-4413-ad6f-d7c3a983b38c,Campaign 3,Social,False,False,2025-05-09T12:33:51
3518c964-c3a5-4e30-9d36-71d171bf867b,bda8a225-e102-45b3-8e95-8ac1288f3d4a,Campaign 6,Email,False,True,2024-11-16T12:33:51
be3190c7-6bd5-42f2-898a-54e8b8b7b63f,bdf4dee3-f13a-42cd-aa1a-fd27fb49e2ad,Campaign 5,Email,False,True,2023-11-20T12:33:51
e6e63c0e-50b2-4ba8-98cf-39acbc794ef9,bdf4dee3-f13a-42cd-aa1a-fd27fb49e2ad,Campaign 3,Email,False,False,2024-12-07T12:33:51
a1309303-b9d1-4875-a6ce-9001125ddb56,bdf4dee3-f13a-42cd-aa1a-fd27fb49e2ad,Campaign 8,Email,True,True,2024-08-04T12:33:51
e883f939-fbe4-452c-8293-a34535bd2afa,be0951ea-ea04-40d1-8263-a716991dd859,Campaign 6,Phone,True,True,2025-02-11T12:33:51
fc1a0c34-b00c-49d8-8bc7-2a7de93630c3,be0951ea-ea04-40d1-8263-a716991dd859,Campaign 7,Phone,False,True,2024-03-17T12:33:51
5c07b52b-ab6e-401a-8f1e-df1372200c72,be0951ea-ea04-40d1-8263-a716991dd859,Campaign 7,Email,True,False,2025-01-15T12:33:51
ffcaddd5-8d91-4c00-8aa3-3512ca248f35,be0951ea-ea04-40d1-8263-a716991dd859,Campaign 10,SMS,True,False,2023-09-14T12:33:51
42745e29-5e20-4c0f-9c41-6feefa153dc5,be0d7c38-de79-41da-9608-1da42edb5943,Campaign 8,Phone,False,False,2024-12-21T12:33:51
3475cf40-21a0-449f-bb48-443f4dc9b97d,be0d7c38-de79-41da-9608-1da42edb5943,Campaign 10,Email,False,True,2024-07-17T12:33:51
d873a6cd-df76-40ef-a82a-d14580c95c1a,be0d7c38-de79-41da-9608-1da42edb5943,Campaign 7,Phone,True,False,2025-04-13T12:33:51
e13350d0-3765-4836-a5e7-f41b534a01d9,be483ed6-a35a-4be3-8770-b2e5c6e9fa28,Campaign 4,SMS,False,True,2024-09-21T12:33:51
ab7dac98-2059-4d0c-a27c-b6df8d62a9c9,be483ed6-a35a-4be3-8770-b2e5c6e9fa28,Campaign 7,Social,True,True,2025-04-07T12:33:51
020092f8-1af3-4742-b99f-f85cd805631c,be63cf09-ced1-4ba3-8441-ad7f90b68307,Campaign 9,Phone,False,True,2024-08-14T12:33:51
1214af92-9cb7-483f-914a-d7fefb0c6d7c,be63cf09-ced1-4ba3-8441-ad7f90b68307,Campaign 7,SMS,True,False,2024-07-28T12:33:51
55909a03-d5be-4cee-a2ce-ee5bd31b2ac7,be80724d-0551-46b7-9c5e-faa1124fbb6d,Campaign 8,Email,True,True,2024-04-17T12:33:51
355adbf3-fbe5-4049-97cd-0289fceb66ef,be80724d-0551-46b7-9c5e-faa1124fbb6d,Campaign 3,Social,True,True,2023-10-15T12:33:51
1725ab4e-e6fa-4f41-acd8-1387851ec7b6,be80724d-0551-46b7-9c5e-faa1124fbb6d,Campaign 8,Email,False,False,2024-04-07T12:33:51
d4bb3054-a3ba-4cb2-9561-0d8f220cb858,be93539d-00d1-459c-82ec-5f4cedffda65,Campaign 7,SMS,False,True,2023-12-28T12:33:51
66f0ac77-0790-4ed6-b3e2-5438c4fedc8d,beb5338f-997d-4081-936c-a3148fd07e5c,Campaign 1,Email,False,True,2025-06-26T12:33:51
09824ef6-c321-40ea-b2ff-53c8fb4c3912,beb5338f-997d-4081-936c-a3148fd07e5c,Campaign 5,Social,True,False,2024-10-20T12:33:51
c1ba0dbc-c8d2-4aac-94e7-9bb4dd5837ce,beba6d77-2746-44cb-9115-442af30be195,Campaign 3,Email,True,False,2024-03-18T12:33:51
94b9c3f0-6f78-40d4-8dd8-7d7cfb9beb31,beba6d77-2746-44cb-9115-442af30be195,Campaign 2,Social,True,True,2025-06-11T12:33:51
7c6684c5-9842-4307-b9ea-482a43f5ccdd,beba6d77-2746-44cb-9115-442af30be195,Campaign 8,Social,False,False,2025-02-09T12:33:51
774e9cee-1d5f-4aae-9581-8736094a56a2,beba6d77-2746-44cb-9115-442af30be195,Campaign 7,SMS,True,False,2023-11-20T12:33:51
a4c978d9-65e2-4b25-a3de-b9f00781cb72,beba6d77-2746-44cb-9115-442af30be195,Campaign 5,SMS,False,False,2024-05-09T12:33:51
b2f5dd95-6eb9-48e0-8bf4-08349b2b039b,becaf540-6bd5-4392-8976-57e1ccc2a0d3,Campaign 4,Social,False,False,2025-06-17T12:33:51
8c30eab7-c0df-4376-85d7-8e947a757f84,becaf540-6bd5-4392-8976-57e1ccc2a0d3,Campaign 8,SMS,True,False,2023-10-14T12:33:51
90d3c4a4-d133-4647-8d77-afa9a341e0ed,becaf540-6bd5-4392-8976-57e1ccc2a0d3,Campaign 5,Email,True,False,2024-01-25T12:33:51
326c510c-c190-494f-8b86-66f0a476b0c5,becf4ec6-9db3-4aa3-aa0d-cb032556c1fb,Campaign 1,Phone,True,False,2023-11-05T12:33:51
1705ce9b-d757-425c-b0d9-abe820f420a4,becf4ec6-9db3-4aa3-aa0d-cb032556c1fb,Campaign 6,Social,True,False,2024-04-19T12:33:51
0236d182-21eb-46fb-bcd5-3a63aebaef4e,becf4ec6-9db3-4aa3-aa0d-cb032556c1fb,Campaign 5,Phone,True,True,2023-12-06T12:33:51
b08b3878-dd39-4450-9e2a-e3512dd9f86f,beea4c63-dfd7-4603-b9d8-ec530af98c11,Campaign 3,Email,False,True,2024-02-27T12:33:51
e9bf4254-a52d-484e-afc9-11803c50ac3d,befa5b7f-8fa5-462b-afc3-3dba0e8000c9,Campaign 4,Email,False,False,2023-09-11T12:33:51
64292906-1332-4b3f-8180-d945ce2e299c,bf29a6b9-700c-457b-a038-5fb689a2ef2a,Campaign 7,Phone,True,True,2025-06-03T12:33:51
e8e2920c-4d20-4100-b5f2-4d61defb6119,bf29a6b9-700c-457b-a038-5fb689a2ef2a,Campaign 10,Phone,False,False,2025-03-19T12:33:51
5629d182-a16a-496f-833f-ae968f266d74,bf29a6b9-700c-457b-a038-5fb689a2ef2a,Campaign 4,Phone,True,False,2025-06-20T12:33:51
c2efa0f3-49c1-4a39-8276-bcb504bf670a,bf29a6b9-700c-457b-a038-5fb689a2ef2a,Campaign 6,Phone,True,True,2024-12-25T12:33:51
77d63716-0de0-49e0-b2c8-aa4cbfd0fd3a,bf4763a1-bc6d-4a4f-9142-ebd70ca52418,Campaign 3,SMS,False,False,2025-02-07T12:33:51
3a5d9377-74d0-4d44-9ccf-0ee68b780aa1,bf4a42d5-8e88-4728-a99e-aeefc91ea28a,Campaign 10,Social,True,True,2024-04-26T12:33:51
58741c38-520a-4b31-b4a4-c5daf3b40f69,bf4a42d5-8e88-4728-a99e-aeefc91ea28a,Campaign 1,Phone,False,False,2025-07-14T12:33:51
9ec72537-f2a9-4b22-806b-4a75b7307671,bf4a42d5-8e88-4728-a99e-aeefc91ea28a,Campaign 9,Social,False,True,2025-01-19T12:33:51
2aab2824-e829-4209-91a9-4da25cf2e03e,bf4a42d5-8e88-4728-a99e-aeefc91ea28a,Campaign 5,Social,False,False,2025-05-26T12:33:51
a683ebb2-1958-48d6-8b48-b29368b8d48e,bf4a42d5-8e88-4728-a99e-aeefc91ea28a,Campaign 8,SMS,True,False,2023-10-02T12:33:51
6b93c77e-fd9f-4715-936c-57162acf1748,bf987358-1a34-4ef5-a0f7-b6d73e27fd09,Campaign 2,Social,True,True,2024-02-28T12:33:51
648f3f39-5c79-449e-95f3-c72281246a35,bf987358-1a34-4ef5-a0f7-b6d73e27fd09,Campaign 9,Email,True,True,2023-10-20T12:33:51
130eea08-a0cf-4a3f-a52d-abb27517f222,bf987358-1a34-4ef5-a0f7-b6d73e27fd09,Campaign 7,SMS,True,False,2024-09-20T12:33:51
db219967-5d79-4243-ac68-1398dc61228d,bf987358-1a34-4ef5-a0f7-b6d73e27fd09,Campaign 9,Social,True,True,2025-08-27T12:33:51
4ecbf458-9442-4c01-908e-90546546b70c,bf987358-1a34-4ef5-a0f7-b6d73e27fd09,Campaign 6,Phone,True,False,2024-03-04T12:33:51
2c0300ee-e056-4aa2-9e2e-b943c95629c4,bfc7f96a-0536-4a55-a800-ef0234e2bf4c,Campaign 7,Phone,True,True,2024-11-12T12:33:51
40b9c0f3-02f5-485e-8819-633c7e8ebe41,bfc7f96a-0536-4a55-a800-ef0234e2bf4c,Campaign 8,Phone,True,False,2025-05-10T12:33:51
1c388598-5fff-4e88-ab76-3a608667d360,bfc7f96a-0536-4a55-a800-ef0234e2bf4c,Campaign 7,Phone,True,False,2023-09-09T12:33:51
47da2da5-ab4e-4a67-8aed-a58b9b7f9db6,bfc7f96a-0536-4a55-a800-ef0234e2bf4c,Campaign 1,Email,True,False,2023-11-23T12:33:51
560d73be-1c4e-4149-a0c6-7fcb379140b0,bff02dfe-5389-4330-bc47-5871bd618812,Campaign 10,Social,True,True,2025-02-01T12:33:51
6de51719-4475-419d-9482-067283a37d23,bff02dfe-5389-4330-bc47-5871bd618812,Campaign 8,SMS,True,False,2025-01-04T12:33:51
3f07aefa-e97e-44e0-840a-01e232531092,bff02dfe-5389-4330-bc47-5871bd618812,Campaign 9,Phone,True,True,2024-05-18T12:33:51
4186b74d-9e57-4acd-a9c0-8715f14fa063,bff02dfe-5389-4330-bc47-5871bd618812,Campaign 5,Social,False,True,2024-11-02T12:33:51
259e7d8a-d3e7-4432-a34b-e81aa0b8ac05,c004d851-2dc4-485a-baa3-9a9e44751a2c,Campaign 5,Email,True,False,2025-04-17T12:33:51
218fd9ea-d329-43fb-b780-c48277691d81,c004d851-2dc4-485a-baa3-9a9e44751a2c,Campaign 9,SMS,False,True,2024-10-01T12:33:51
3c5d9375-6ce2-4af5-b58f-b1db00124779,c00c535b-18c1-40e9-a77d-7328adedd9e9,Campaign 10,SMS,True,True,2025-06-30T12:33:51
255ab508-cafc-4113-ba53-fd4e401059b6,c00c535b-18c1-40e9-a77d-7328adedd9e9,Campaign 3,Email,False,False,2024-01-19T12:33:51
dd51109f-be7a-45d0-931d-a2eb155f9ce4,c04b6345-927e-46ac-8e34-09658f18ee34,Campaign 6,Social,False,True,2024-08-24T12:33:51
57210cbc-97dd-4c66-ad1e-884b768fde82,c04b6345-927e-46ac-8e34-09658f18ee34,Campaign 9,Email,True,False,2023-09-07T12:33:51
e92415bf-77b2-4e5f-b5e8-17bbd0fefee7,c07b6f10-0a74-4c9e-bb28-a0a69f8bd1d1,Campaign 2,Social,True,False,2024-04-19T12:33:51
8011d561-23b6-4a2f-bc96-e4f0c9e17898,c07b6f10-0a74-4c9e-bb28-a0a69f8bd1d1,Campaign 3,SMS,False,True,2024-08-11T12:33:51
3ae69329-eef2-4070-a730-c4638fe7eb0b,c07b6f10-0a74-4c9e-bb28-a0a69f8bd1d1,Campaign 10,SMS,False,True,2024-10-11T12:33:51
265400d1-c08e-45c8-bc7b-0b426ecfc6f4,c083e157-8020-4908-86a7-9b697f67ebb2,Campaign 8,Phone,True,True,2025-07-29T12:33:51
e4d8bb4a-3f8c-48ce-bd2a-4f4159bbe2b2,c083e157-8020-4908-86a7-9b697f67ebb2,Campaign 1,SMS,True,False,2025-08-03T12:33:51
d2ebe644-7a23-4448-ab53-926c2feb4e19,c0a60f87-fe47-446d-b0cc-22fc14f0f3e9,Campaign 5,Phone,False,True,2024-08-29T12:33:51
ee668006-bb81-4665-a365-cc46e49b4181,c0a60f87-fe47-446d-b0cc-22fc14f0f3e9,Campaign 2,SMS,True,False,2024-10-06T12:33:51
f4c3d59a-5d6c-4feb-a8ec-3bb9a5cfaa53,c0a60f87-fe47-446d-b0cc-22fc14f0f3e9,Campaign 2,SMS,True,False,2025-04-27T12:33:51
cb6a2cc6-3a1f-4d99-8953-90ed0905710b,c0a60f87-fe47-446d-b0cc-22fc14f0f3e9,Campaign 2,Social,False,True,2025-04-19T12:33:51
409c814f-0b8e-46ac-92f2-a0b6f1796cd1,c11de772-c0c8-46b1-a39e-e8e0f8b7317a,Campaign 5,Social,False,False,2024-01-13T12:33:51
491ec20a-3fce-4583-a937-5855ad99d664,c11de772-c0c8-46b1-a39e-e8e0f8b7317a,Campaign 3,Phone,False,False,2024-06-02T12:33:51
adcb5a88-d41e-441d-b429-c1563c734d2f,c11de772-c0c8-46b1-a39e-e8e0f8b7317a,Campaign 10,Social,False,True,2024-10-28T12:33:51
cdfab3e7-3f83-4b9c-b69d-459dcf816d2c,c11de772-c0c8-46b1-a39e-e8e0f8b7317a,Campaign 2,Social,True,True,2023-09-30T12:33:51
65b53f4f-0d2d-4e41-a97b-17129ef92ab7,c11de772-c0c8-46b1-a39e-e8e0f8b7317a,Campaign 5,Phone,True,False,2023-10-08T12:33:51
10d69476-eb81-48b1-9d7d-810ace4d3caf,c14a6db3-7da9-45de-8432-409f5dce336a,Campaign 5,Social,True,True,2025-05-25T12:33:51
221d77d1-170a-467d-a820-d73b26a0297a,c14a6db3-7da9-45de-8432-409f5dce336a,Campaign 9,Email,True,False,2024-01-11T12:33:51
a0c700b2-8a3b-4e31-a22c-90b542fb40fe,c14a6db3-7da9-45de-8432-409f5dce336a,Campaign 6,Phone,False,True,2024-08-02T12:33:51
c48d3a25-c7bc-47c6-9f50-679a8ea0236d,c175cc75-0e0d-4ed5-9b38-9b9b1bfec567,Campaign 5,SMS,False,True,2023-10-30T12:33:51
e93c99d3-c773-4db8-a80d-61dee105a70e,c175cc75-0e0d-4ed5-9b38-9b9b1bfec567,Campaign 4,Phone,False,False,2025-08-12T12:33:51
fb239f90-985f-4b45-a28c-f82e9cbfb7ac,c175cc75-0e0d-4ed5-9b38-9b9b1bfec567,Campaign 8,SMS,True,True,2025-04-21T12:33:51
3abc67dd-01c7-4896-a1d8-225643214994,c175cc75-0e0d-4ed5-9b38-9b9b1bfec567,Campaign 9,SMS,False,True,2024-10-16T12:33:51
7310cbfc-23f4-4ff5-ae22-e27b94f6e422,c175cc75-0e0d-4ed5-9b38-9b9b1bfec567,Campaign 7,Social,False,True,2023-11-18T12:33:51
512511de-13cf-44d6-b0c4-defba55a666c,c1b60a82-1a32-4da6-8139-86da295427ec,Campaign 1,Social,False,True,2024-06-10T12:33:51
5e93298b-b1ca-4cc9-be9b-34ee27a6741f,c1dc90fd-e3e7-46d3-831f-8d61f26f4cf3,Campaign 4,Email,False,False,2024-10-11T12:33:51
a5de8606-6b67-4b31-81ce-83d389ccf38e,c1dc90fd-e3e7-46d3-831f-8d61f26f4cf3,Campaign 8,SMS,False,False,2023-11-07T12:33:51
e9a435c3-1b07-47c9-a891-f7c3df32972f,c1e8d27c-5d08-4dee-999e-ba40c09d28ba,Campaign 6,SMS,True,True,2024-08-21T12:33:51
e103103e-7a08-4a80-8b31-35be4177b6f4,c1e8d27c-5d08-4dee-999e-ba40c09d28ba,Campaign 4,SMS,True,True,2025-05-30T12:33:51
9859a410-3694-4766-b868-113d1906367d,c1e8d27c-5d08-4dee-999e-ba40c09d28ba,Campaign 6,Social,True,True,2024-12-29T12:33:51
016f9a9d-17c7-4bfc-99a9-d5f83b0118f9,c1e8d27c-5d08-4dee-999e-ba40c09d28ba,Campaign 5,Social,True,False,2024-07-28T12:33:51
8990df04-6361-47f9-a3c2-d38777f573b3,c1e8d27c-5d08-4dee-999e-ba40c09d28ba,Campaign 1,Social,True,True,2024-07-08T12:33:51
8c3d05d9-b288-4710-a2ec-21726f428c66,c20542b0-a3d2-45ca-a121-f6296ef5ae6a,Campaign 5,Email,True,True,2024-05-02T12:33:51
2091b444-8ab4-46b7-9b08-ace8c6f233db,c23cc544-5659-43b7-88d4-93de261ad429,Campaign 3,SMS,False,False,2024-06-13T12:33:51
af5673c4-9ee0-4093-a717-bedf5461f5e7,c23cc544-5659-43b7-88d4-93de261ad429,Campaign 6,Phone,False,True,2025-08-26T12:33:51
d367414f-7e57-4f73-8247-5f070b02214d,c23e3d8d-7db3-4cc1-a4da-87a87209c30f,Campaign 2,SMS,True,True,2024-05-27T12:33:51
7207f708-a98e-4356-bb23-a1a30ad1332e,c24c89d1-518c-4398-a2ee-b56dc67ef2cc,Campaign 10,Email,False,False,2024-04-07T12:33:51
654cb4ad-c5eb-42a6-b630-d14143d5347c,c24c89d1-518c-4398-a2ee-b56dc67ef2cc,Campaign 7,Email,False,True,2025-03-31T12:33:51
4fc62685-97dc-4bb8-ad0b-f8acf5f97073,c2621d77-c50a-489e-8458-e08bd895e046,Campaign 8,Email,True,True,2024-09-03T12:33:51
9555abe3-8e8c-42ff-a371-cfb9493251bc,c2621d77-c50a-489e-8458-e08bd895e046,Campaign 8,Email,False,False,2024-01-25T12:33:51
415e36ac-a99b-467f-90f9-7ce109ca7dfc,c2621d77-c50a-489e-8458-e08bd895e046,Campaign 9,Phone,True,False,2024-05-23T12:33:51
746d23dd-9f4c-47b1-aa84-64b3201db703,c2621d77-c50a-489e-8458-e08bd895e046,Campaign 4,SMS,False,True,2024-05-11T12:33:51
63194f1f-5c19-43a7-9edf-73e6e8a2b9b8,c2621d77-c50a-489e-8458-e08bd895e046,Campaign 6,Social,False,True,2024-05-07T12:33:51
91abb8ee-3165-4d79-9c49-e184a6d4195e,c2832902-096d-4cc7-b00e-287be79d00fd,Campaign 2,Email,True,False,2025-04-13T12:33:51
fd03612b-ea53-4bea-9a15-3d2e50c56d65,c2929836-84e2-4733-8c65-1035d01c588a,Campaign 5,Email,False,True,2023-10-09T12:33:51
483ca9c1-90dc-4024-bc83-338ad96ddb16,c2929836-84e2-4733-8c65-1035d01c588a,Campaign 10,SMS,True,False,2025-05-08T12:33:51
096eb7d4-3894-4870-9d0e-0e13a9684b22,c2e3004c-02c6-4c4f-a4ee-ed2eba95b192,Campaign 4,Social,True,False,2024-05-29T12:33:51
e5a82e9b-ff8b-42e3-aab6-dafc0d9dc5c5,c2ec2419-cc6d-4697-a51c-9a3135086963,Campaign 3,Social,False,False,2024-06-13T12:33:51
73c5218d-190a-4d76-91e9-9a5ad9602b53,c2ec2419-cc6d-4697-a51c-9a3135086963,Campaign 5,SMS,True,False,2025-03-25T12:33:51
a3ae2339-8f5a-454a-851b-6e39882caaec,c2ec2419-cc6d-4697-a51c-9a3135086963,Campaign 8,Social,True,False,2024-06-15T12:33:51
43c192f9-c7f6-444a-99ac-ccff80bce92d,c2ec2419-cc6d-4697-a51c-9a3135086963,Campaign 9,Social,True,True,2025-06-27T12:33:51
76a2f85f-3590-4ff0-b6a4-88d38d3836bf,c2fb786b-7820-47e5-b2f6-0f8138c74ce6,Campaign 2,Phone,False,False,2024-04-17T12:33:51
360ced2f-b16d-413c-9fba-c472583708c0,c2fb786b-7820-47e5-b2f6-0f8138c74ce6,Campaign 4,SMS,True,True,2025-04-12T12:33:51
de3699bd-afb9-4384-bed5-9f79305f89c9,c32d3380-a6b3-416e-a283-8f7854443d50,Campaign 8,Phone,False,True,2025-03-20T12:33:51
cf2b6186-323d-4a0d-9d4f-917c86c3a052,c32d3380-a6b3-416e-a283-8f7854443d50,Campaign 3,SMS,False,True,2025-02-21T12:33:51
a066e5ac-9159-4805-9cb2-ee67c5458c3c,c32d3380-a6b3-416e-a283-8f7854443d50,Campaign 9,SMS,True,False,2024-04-16T12:33:51
afe56129-2057-401c-8872-6cf638b6bcc0,c32d3380-a6b3-416e-a283-8f7854443d50,Campaign 1,SMS,False,False,2023-09-11T12:33:51
ab767132-6554-4a99-a0e5-e93054139ef9,c32d3380-a6b3-416e-a283-8f7854443d50,Campaign 7,Phone,True,True,2023-10-06T12:33:51
67009a7f-c3b3-42e9-a8e9-d1730507a23d,c36f0ef4-9639-4852-a94b-849c94e30893,Campaign 7,Social,False,False,2023-12-20T12:33:51
ee738e3b-91ac-4540-ac7b-df27213c08f1,c36f0ef4-9639-4852-a94b-849c94e30893,Campaign 1,Phone,True,False,2023-09-27T12:33:51
4cb464a3-2ae4-4d23-b5ac-3e0f42afe163,c36f0ef4-9639-4852-a94b-849c94e30893,Campaign 2,Social,False,False,2023-11-19T12:33:51
45cd8b6b-d7b0-42b5-a51a-faed6eb41a41,c36f0ef4-9639-4852-a94b-849c94e30893,Campaign 6,Phone,True,True,2025-08-23T12:33:51
4b766101-93ad-4f35-b669-63d14bdc29f2,c38240bf-f5f0-4643-ba26-3ba9f62f78cc,Campaign 5,Phone,False,True,2023-09-17T12:33:51
fd7832f3-86b5-4582-b3f2-0419835147ab,c38240bf-f5f0-4643-ba26-3ba9f62f78cc,Campaign 6,Phone,True,False,2024-11-10T12:33:51
ff0d1a0d-da8f-4b4b-b359-dd50d3150627,c382a45a-acd9-497d-bfe5-1d12336590c8,Campaign 4,Social,False,True,2025-03-11T12:33:51
a11dfca7-93ad-4255-acf9-fa571118f933,c382a45a-acd9-497d-bfe5-1d12336590c8,Campaign 10,SMS,True,True,2025-07-17T12:33:51
0787714f-d8c4-4b3f-b255-22cc72fbea03,c382a45a-acd9-497d-bfe5-1d12336590c8,Campaign 4,SMS,True,False,2025-06-08T12:33:51
8f13b8e2-b240-4ad3-82f5-ccf149ec6992,c383ed1c-0bbe-4d78-a57d-caa21d3b1d16,Campaign 2,Email,False,False,2024-06-07T12:33:51
647e56dd-0f9d-42e8-941d-6239bd629b25,c383ed1c-0bbe-4d78-a57d-caa21d3b1d16,Campaign 10,Email,False,True,2024-10-20T12:33:51
0cbb3b93-cccf-49f1-8e11-f8e35d419075,c3cd7028-227d-47f8-97ed-054b534a3cdf,Campaign 4,Phone,True,True,2025-01-27T12:33:51
d658426f-e76a-4814-884d-9a30f03af1ae,c3cd7028-227d-47f8-97ed-054b534a3cdf,Campaign 10,Social,False,False,2025-06-16T12:33:51
2ba5d1e9-5e78-4990-9e0d-a1e0ad8e481d,c3d56892-a1d8-4e7e-ac22-ac8753436dd4,Campaign 7,Social,True,False,2025-01-14T12:33:51
c1c7d29e-33d0-49fe-a87e-60fc31c7e963,c3d56892-a1d8-4e7e-ac22-ac8753436dd4,Campaign 8,Email,True,True,2025-06-29T12:33:51
59d67f31-35d6-4436-bb19-66774436a372,c41955f5-9513-4e99-b07f-552300997897,Campaign 3,Social,True,True,2024-01-24T12:33:51
139f7f7c-d5c7-4242-9713-d88d52eba2a1,c41955f5-9513-4e99-b07f-552300997897,Campaign 4,Social,True,False,2024-02-19T12:33:51
629c6569-4b23-4347-b8ff-46f76af0801c,c41955f5-9513-4e99-b07f-552300997897,Campaign 8,Email,False,False,2024-04-06T12:33:51
3e786c63-d2a9-46df-be94-4485cce35dbc,c41955f5-9513-4e99-b07f-552300997897,Campaign 9,Email,False,True,2025-06-26T12:33:51
2797c3eb-2ccb-4dca-8963-4f246dedd40d,c437d10f-face-42e3-b790-fa781b90e6ba,Campaign 9,Email,False,True,2023-09-15T12:33:51
94895302-cd37-431f-89ce-eb833253df53,c4495c78-e487-465d-aa86-f3e6036910e3,Campaign 3,Email,False,True,2023-12-02T12:33:51
08d1ed49-2eac-4740-89fb-e33761c60d35,c4495c78-e487-465d-aa86-f3e6036910e3,Campaign 8,SMS,False,False,2024-11-01T12:33:51
e58472bf-46a7-41b2-8589-99485b7113a2,c46770fa-5748-4e2a-bd83-c325ed7000aa,Campaign 1,Phone,True,False,2025-02-20T12:33:51
a60a90a6-315e-48e5-8abe-5953167098c1,c46770fa-5748-4e2a-bd83-c325ed7000aa,Campaign 10,Email,False,True,2024-05-02T12:33:51
1f5f85f2-8461-46d1-8a52-9cc2ffb95ddc,c46770fa-5748-4e2a-bd83-c325ed7000aa,Campaign 8,SMS,False,False,2023-11-04T12:33:51
9879928b-f8c8-4417-bbf1-e888d7044211,c46770fa-5748-4e2a-bd83-c325ed7000aa,Campaign 10,Social,False,True,2024-01-02T12:33:51
40c5961b-984d-4eb8-998d-17c4623a605e,c46770fa-5748-4e2a-bd83-c325ed7000aa,Campaign 2,SMS,False,False,2024-08-22T12:33:51
9e99a3cc-bbf1-4acf-bff9-27a8e8f34d98,c469624a-637b-410f-b10e-629a7022cd1a,Campaign 9,Email,True,True,2023-11-22T12:33:51
d6eefefe-0212-45dd-8495-9f473e9d1bbe,c469624a-637b-410f-b10e-629a7022cd1a,Campaign 5,Phone,False,True,2024-08-21T12:33:51
c561ad14-b3a9-4178-8af5-e67ea0d511e6,c469624a-637b-410f-b10e-629a7022cd1a,Campaign 2,Email,False,False,2025-03-06T12:33:51
4374cf90-52fc-440b-9957-e6dc1bed7415,c469624a-637b-410f-b10e-629a7022cd1a,Campaign 9,SMS,False,True,2025-04-14T12:33:51
ee38eb50-6e6b-4b63-a591-d468a9eaec58,c469624a-637b-410f-b10e-629a7022cd1a,Campaign 10,Phone,False,True,2025-04-16T12:33:51
70bdee48-b8e7-4a70-9b56-2dd1991ed548,c47f2645-9cd1-40fd-9b3f-8f4000964adb,Campaign 7,Social,True,False,2025-07-10T12:33:51
1e6fcbe5-239b-43f7-b6e4-be4f50b57b7d,c47f2645-9cd1-40fd-9b3f-8f4000964adb,Campaign 9,Email,False,True,2024-06-28T12:33:51
24a4f3c9-6b59-4ec5-a309-c1799682c98c,c47f2645-9cd1-40fd-9b3f-8f4000964adb,Campaign 4,Email,False,False,2025-06-11T12:33:51
a1b4c8a1-6528-4483-be91-8cd8ab1b2b64,c47f2645-9cd1-40fd-9b3f-8f4000964adb,Campaign 10,SMS,True,True,2024-10-01T12:33:51
2598cda4-dfa3-435b-9d56-41e678ea81de,c47f2645-9cd1-40fd-9b3f-8f4000964adb,Campaign 1,SMS,False,False,2025-01-23T12:33:51
22a9e7e4-9c11-4038-8b3f-0e0e6974460b,c494576f-5cbc-4050-a27a-61e5b36b75e4,Campaign 6,SMS,True,True,2025-04-11T12:33:51
7890768b-45fc-4cf9-9d19-aa2f11a0be9b,c494576f-5cbc-4050-a27a-61e5b36b75e4,Campaign 2,Email,False,True,2023-12-26T12:33:51
bbe12e69-a63f-4cf7-82f2-b535a1722665,c494576f-5cbc-4050-a27a-61e5b36b75e4,Campaign 9,Email,True,True,2023-09-01T12:33:51
27e822ec-e986-420d-a1f5-0f3f73b176eb,c494576f-5cbc-4050-a27a-61e5b36b75e4,Campaign 9,Phone,False,True,2025-08-13T12:33:51
c4bab609-bc77-48c3-a8dc-17e92e139561,c4c2dd39-8e09-422d-b376-addf54c392bb,Campaign 4,Phone,True,False,2024-08-24T12:33:51
0bace086-d9be-48a6-89c2-47dec4f9ab59,c4c2dd39-8e09-422d-b376-addf54c392bb,Campaign 5,SMS,True,False,2023-09-18T12:33:51
ac3fc301-db75-4ecf-a98e-d214bc29dd0b,c4c2dd39-8e09-422d-b376-addf54c392bb,Campaign 3,Email,True,False,2024-05-26T12:33:51
6a28cd66-fe04-4c34-bd9f-63fdd511a2b4,c4c797d7-45c1-4b91-b1cf-845ba9e6919a,Campaign 1,Email,True,True,2024-02-06T12:33:51
c8158516-ac0a-4a77-8022-9578d57e2830,c4c797d7-45c1-4b91-b1cf-845ba9e6919a,Campaign 9,SMS,False,True,2024-11-24T12:33:51
273be9da-beb3-46c0-896c-6f52f3eef837,c4fd8158-0bb9-457e-9f57-48ae864c4b70,Campaign 7,Phone,True,True,2025-02-10T12:33:51
be09840b-b1e4-4047-867c-1723306409de,c4fd8158-0bb9-457e-9f57-48ae864c4b70,Campaign 7,Phone,True,False,2025-06-04T12:33:51
87db54bc-06ae-4ca0-a6f2-1c06f8168cac,c4fd8158-0bb9-457e-9f57-48ae864c4b70,Campaign 9,SMS,False,True,2024-04-21T12:33:51
11b7effa-5bd1-4b25-aaef-885f0fceb1b0,c5496821-6d6a-4413-9943-a7b5cd2d9d28,Campaign 2,Phone,True,True,2024-12-10T12:33:51
4cb58cb1-12a8-44b7-9bbb-1592dc7f1f2e,c5496821-6d6a-4413-9943-a7b5cd2d9d28,Campaign 5,Phone,True,False,2025-08-14T12:33:51
8b3ed686-58e7-41b2-b9d6-481a9641324e,c5496821-6d6a-4413-9943-a7b5cd2d9d28,Campaign 8,Phone,False,False,2024-07-31T12:33:51
935abaff-84a6-4e65-bd18-8045e06970c5,c5496821-6d6a-4413-9943-a7b5cd2d9d28,Campaign 3,Social,False,False,2025-05-18T12:33:51
a842f55a-d660-4049-a77c-a67f43115fc4,c57f9b60-da69-4788-ac32-f3412e486c1f,Campaign 7,Phone,False,False,2024-02-15T12:33:51
02c9ccdc-427f-43df-8a89-b953642654af,c57f9b60-da69-4788-ac32-f3412e486c1f,Campaign 3,Phone,False,False,2024-09-16T12:33:51
dca3f30c-2689-423b-b718-e52ff65b37e3,c57f9b60-da69-4788-ac32-f3412e486c1f,Campaign 9,Phone,False,False,2024-02-16T12:33:51
ae0cea48-9e4e-4da6-a72e-f55de9e7976d,c57f9b60-da69-4788-ac32-f3412e486c1f,Campaign 4,Email,False,False,2024-10-22T12:33:51
17f65405-da79-4cd0-9f42-e035b7d7c37d,c57f9b60-da69-4788-ac32-f3412e486c1f,Campaign 8,Email,False,False,2024-01-23T12:33:51
f68ad8ce-9bee-4234-8260-5c26d9c95734,c58bfeed-2f46-419f-865e-7fbf8d44525a,Campaign 1,SMS,False,False,2024-10-25T12:33:51
9c58e5a4-e7a7-4475-9546-43124ee5e2bd,c58bfeed-2f46-419f-865e-7fbf8d44525a,Campaign 7,Social,True,False,2024-05-09T12:33:51
57419493-c6bb-4ff2-9dd4-7ad5a10cecb2,c58bfeed-2f46-419f-865e-7fbf8d44525a,Campaign 10,Social,True,False,2024-04-21T12:33:51
9cb78c39-ae5d-4ff4-9957-b84ddc94421e,c58bfeed-2f46-419f-865e-7fbf8d44525a,Campaign 3,Phone,True,True,2025-07-09T12:33:51
e78b3bd7-9d5d-409e-9f0b-09957f8eecb2,c58bfeed-2f46-419f-865e-7fbf8d44525a,Campaign 7,Phone,True,False,2025-01-17T12:33:51
98b353f3-660a-47c2-ba34-429e46881f9c,c59d7218-625c-4008-b959-57665a433f6b,Campaign 5,Social,True,True,2024-10-31T12:33:51
5edc7ba8-643c-4b20-9550-259daf8d864c,c59d7218-625c-4008-b959-57665a433f6b,Campaign 9,Social,False,False,2024-05-18T12:33:51
0ea34d9c-8c71-48fe-9e67-9c969a3d1da5,c59d7218-625c-4008-b959-57665a433f6b,Campaign 9,Phone,False,True,2025-03-01T12:33:51
3b7583a7-7568-4e51-814c-773078896e39,c59d7218-625c-4008-b959-57665a433f6b,Campaign 5,SMS,True,False,2025-01-11T12:33:51
a124a188-4333-423e-aad1-ec07a02fdc6e,c59d7218-625c-4008-b959-57665a433f6b,Campaign 9,Phone,True,True,2023-10-25T12:33:51
6a915e55-ee15-48d6-9a48-3f38a9b31d41,c5c1f02c-e225-4743-9687-5711d1000211,Campaign 5,SMS,False,False,2024-05-23T12:33:51
95551786-9da8-4ef2-8228-3b1976d07324,c5c1f02c-e225-4743-9687-5711d1000211,Campaign 2,SMS,True,False,2025-08-11T12:33:51
6f33ad10-12e5-445a-828c-8d574214f603,c5c1f02c-e225-4743-9687-5711d1000211,Campaign 7,Phone,True,False,2023-09-09T12:33:51
295cd902-0922-46b4-b96c-76b8c7e22a10,c5c1f02c-e225-4743-9687-5711d1000211,Campaign 5,Email,True,False,2024-07-09T12:33:51
8fe7839f-06ac-483d-82b4-e6255cc27bbf,c5c1f02c-e225-4743-9687-5711d1000211,Campaign 8,Social,True,False,2024-03-16T12:33:51
7632ad12-0835-4e96-82bf-b97500bf3a3c,c61df8a4-9549-4b87-9830-b7914e71bf36,Campaign 8,SMS,False,True,2025-03-30T12:33:51
54e5adeb-2dee-4852-a3b1-74f81693126a,c61df8a4-9549-4b87-9830-b7914e71bf36,Campaign 5,Phone,False,True,2025-04-09T12:33:51
b5d253e1-d4aa-4444-b978-bc2dcf75ad9c,c6255c8f-5647-4158-9509-a6aa4b3a25c6,Campaign 10,Phone,True,False,2025-06-15T12:33:51
20d336dc-92d9-4ab2-91c1-ed0192fd3adf,c6255c8f-5647-4158-9509-a6aa4b3a25c6,Campaign 3,Phone,True,False,2024-09-30T12:33:51
8f6f63c1-8952-4169-88c0-209237a78fac,c63461dc-b70f-4e71-86b7-bc44b5b1c055,Campaign 8,Phone,False,True,2024-09-12T12:33:51
cc07dcee-fa1e-47c0-81fa-8dd43eea8db7,c63461dc-b70f-4e71-86b7-bc44b5b1c055,Campaign 3,Email,False,False,2025-02-09T12:33:51
f8c4e2a3-88d8-4c89-9e00-b1f04d53645c,c63461dc-b70f-4e71-86b7-bc44b5b1c055,Campaign 2,Email,True,True,2024-09-06T12:33:51
780fd65c-faa2-4595-a46a-62b317f35aff,c63461dc-b70f-4e71-86b7-bc44b5b1c055,Campaign 6,Phone,True,True,2024-10-23T12:33:51
d1c26c9b-e0f5-4578-bde0-6723d1120a85,c63461dc-b70f-4e71-86b7-bc44b5b1c055,Campaign 8,Phone,False,False,2023-10-12T12:33:51
e7a330c9-75c0-4c7e-9c17-204c28c3fbc8,c672efb2-4938-40f7-8a3d-4e3c57da2858,Campaign 4,Email,False,True,2024-04-17T12:33:51
74aedafe-d676-40d0-9e02-d8028c886d22,c69bf53d-4765-4217-9309-0fbcaccbfdca,Campaign 10,Social,True,True,2025-05-08T12:33:51
7524c0f3-3416-4d09-937a-59c202e80d20,c69bf53d-4765-4217-9309-0fbcaccbfdca,Campaign 7,Email,False,True,2023-12-30T12:33:51
9a3dc26b-5d4f-49a0-bc4a-0dfcb397f072,c69bf53d-4765-4217-9309-0fbcaccbfdca,Campaign 5,SMS,False,False,2024-10-17T12:33:51
d58263df-82b6-4a68-bced-72c7f17325c7,c69bf53d-4765-4217-9309-0fbcaccbfdca,Campaign 9,SMS,False,False,2024-12-27T12:33:51
21acaa9e-36c2-43e7-a296-62e2d7c3f723,c6a00161-86b7-44f6-b088-57742be3b16a,Campaign 7,Phone,True,False,2024-11-26T12:33:51
0a8563d3-6fe7-4676-be3f-9cbc7dd01244,c6a00161-86b7-44f6-b088-57742be3b16a,Campaign 10,Email,False,False,2024-04-09T12:33:51
486540e3-05c3-4088-aba4-66396f1d9d00,c6a00161-86b7-44f6-b088-57742be3b16a,Campaign 6,SMS,True,False,2025-04-10T12:33:51
0e73abf0-d308-40b9-b510-dd0610b7becf,c6a00161-86b7-44f6-b088-57742be3b16a,Campaign 2,Email,True,True,2023-10-30T12:33:51
2ff98fcd-a988-4a79-af52-adeb9f9b748f,c6a00161-86b7-44f6-b088-57742be3b16a,Campaign 2,Email,False,True,2024-01-13T12:33:51
9603606f-e8aa-4d21-8406-d3f24534093f,c6a440d4-ce48-476e-9ab2-41a32aa8ddcc,Campaign 4,Social,True,True,2024-02-01T12:33:51
d5e8fe61-ef04-48e9-9c67-da2e177038c8,c6a440d4-ce48-476e-9ab2-41a32aa8ddcc,Campaign 1,Phone,True,False,2024-08-21T12:33:51
679d46d4-47f9-4db2-9137-71cdc99db53a,c6a440d4-ce48-476e-9ab2-41a32aa8ddcc,Campaign 4,Phone,True,True,2025-02-14T12:33:51
ed054397-6a49-43cd-849e-d63ca6e9ad46,c6a440d4-ce48-476e-9ab2-41a32aa8ddcc,Campaign 5,Email,True,True,2024-04-25T12:33:51
bac64c3d-6122-45c6-81e2-1160d79f2316,c6a5ad51-3fb2-4b57-b672-f70d296ecddf,Campaign 9,Phone,True,True,2024-04-05T12:33:51
0032c8de-1646-4062-b9be-493573b5139c,c6a5ad51-3fb2-4b57-b672-f70d296ecddf,Campaign 5,Email,False,True,2024-01-13T12:33:51
bc54d4ca-fe4f-4e5e-9423-a9fb6d3261a3,c6a5ad51-3fb2-4b57-b672-f70d296ecddf,Campaign 6,Email,False,False,2024-06-22T12:33:51
fac8403c-3050-497c-bec0-2d4d137ccadb,c6a5ad51-3fb2-4b57-b672-f70d296ecddf,Campaign 8,Phone,True,True,2024-07-02T12:33:51
1e6114c4-2ab1-4235-98a7-a9a54b14e7a1,c6c0c2b8-8ce4-4ea7-9f10-2410eb7bd26e,Campaign 5,SMS,False,True,2024-01-29T12:33:51
951d0d24-e2b8-4220-a892-9147fa64629d,c6e12252-fd03-417e-8d02-77a7a3795b99,Campaign 1,Social,False,True,2023-09-25T12:33:51
0fee5719-1987-4a8b-a0b4-2809b5fd7717,c6e12252-fd03-417e-8d02-77a7a3795b99,Campaign 7,Social,True,True,2025-06-27T12:33:51
ddf2bf8c-d303-483a-8a3e-7d9431c126c5,c6e12252-fd03-417e-8d02-77a7a3795b99,Campaign 10,Phone,False,False,2024-05-02T12:33:51
b6c90989-9b99-434e-bad1-59e9375404cd,c6e12252-fd03-417e-8d02-77a7a3795b99,Campaign 6,SMS,True,False,2023-11-06T12:33:51
b4989fa2-9b2c-40e3-9856-819fd221dc58,c6e12252-fd03-417e-8d02-77a7a3795b99,Campaign 6,SMS,False,True,2025-03-25T12:33:51
20701209-bf3a-49ee-8de3-da23faa25dca,c6fd010e-42bf-4835-9651-d52379fc9ffe,Campaign 4,SMS,True,False,2024-10-05T12:33:51
216f2a3b-4b1e-4f25-a053-e6ff89d58bde,c6fd010e-42bf-4835-9651-d52379fc9ffe,Campaign 5,Phone,True,False,2025-01-17T12:33:51
eec5bcec-b2a1-4941-94aa-10b3dc1f4c4a,c6fd010e-42bf-4835-9651-d52379fc9ffe,Campaign 9,SMS,True,False,2024-03-08T12:33:51
42c8fec6-2410-4268-8037-894e8a9b6b99,c709e9c7-cad6-4ace-add6-416b3854f383,Campaign 1,Email,True,False,2024-12-28T12:33:51
9e2cde99-c15b-488c-854c-5453aca41e2b,c709e9c7-cad6-4ace-add6-416b3854f383,Campaign 6,Social,False,False,2025-02-09T12:33:51
a3fb0dce-1cf9-4cf9-878a-dad8074322cc,c709e9c7-cad6-4ace-add6-416b3854f383,Campaign 6,Email,False,True,2024-11-25T12:33:51
37a5687f-0715-402e-b872-d07e882370eb,c70a5850-749e-4aec-81b3-b3ecbfb9e920,Campaign 4,Phone,False,True,2024-01-09T12:33:51
0b4899a4-ed12-4c24-8450-42ced7e4e3c9,c70a5850-749e-4aec-81b3-b3ecbfb9e920,Campaign 3,Social,True,False,2023-10-03T12:33:51
f280952b-d0ff-4230-9d4e-bc504b92d55d,c70a5850-749e-4aec-81b3-b3ecbfb9e920,Campaign 1,SMS,True,True,2025-05-07T12:33:51
c7acf6ba-ec0d-4bc9-9bf2-48d4fd46f9ab,c70a5850-749e-4aec-81b3-b3ecbfb9e920,Campaign 3,Phone,True,False,2024-08-15T12:33:51
293684b7-e58d-480c-9d03-9b353ff73bca,c70a5850-749e-4aec-81b3-b3ecbfb9e920,Campaign 4,Phone,True,False,2024-03-09T12:33:51
221fc027-a174-4a3e-8a53-8f952c39b1dc,c70fd9af-a1fb-4cb5-a531-3a204e9715b5,Campaign 1,Social,True,True,2024-02-09T12:33:51
da4e1647-7ab4-4358-93c2-4b241db2cf52,c710a691-e490-4ec0-acfd-6cd9d64147b7,Campaign 1,Email,False,False,2024-06-20T12:33:51
894529b0-69e8-42f0-88d6-84bb5096d01d,c710a691-e490-4ec0-acfd-6cd9d64147b7,Campaign 8,SMS,True,False,2023-09-22T12:33:51
464a4ded-2bba-471c-8d7b-28075907701e,c710a691-e490-4ec0-acfd-6cd9d64147b7,Campaign 10,Social,True,True,2024-01-27T12:33:51
74eccb54-eb15-4e25-b9a4-44ca152a61c5,c710a691-e490-4ec0-acfd-6cd9d64147b7,Campaign 3,Social,False,False,2023-12-24T12:33:51
8b9cdd2a-41b0-40a4-826b-953387453a35,c710a691-e490-4ec0-acfd-6cd9d64147b7,Campaign 1,Social,False,False,2025-03-22T12:33:51
3dd71e6b-6af9-45a3-9499-aa33d75b27ca,c7342c85-c153-4838-a3dc-860bf7afe3e8,Campaign 3,Email,True,True,2025-01-15T12:33:51
be077342-aecc-4927-9793-7eaf10e865db,c74efb57-bd66-4095-a1c9-2c13e72ea47f,Campaign 10,SMS,True,False,2024-11-12T12:33:51
08685443-83f3-44ee-be97-565e05e2667c,c7627650-238f-468c-a4ce-be81d2e99dbd,Campaign 9,Social,False,True,2023-11-22T12:33:51
b19c70b8-64ce-4bc9-9a9c-19774d6ce4a0,c7627650-238f-468c-a4ce-be81d2e99dbd,Campaign 4,Social,True,False,2024-02-10T12:33:51
cd641c2b-b053-446a-ba79-608f19d5faa2,c7627650-238f-468c-a4ce-be81d2e99dbd,Campaign 4,Social,False,True,2024-10-27T12:33:51
adddb78e-5dc4-4ecf-8d92-6ad87eb31934,c7627650-238f-468c-a4ce-be81d2e99dbd,Campaign 3,Phone,False,False,2025-06-23T12:33:51
fc6d12c6-6ab3-402d-9273-f429ba125c4f,c7627650-238f-468c-a4ce-be81d2e99dbd,Campaign 3,Social,False,False,2024-06-14T12:33:51
295f43fe-696c-4375-8979-303eb880ad4f,c7801749-d138-40e7-8599-d921fb78655e,Campaign 6,Social,True,False,2025-02-14T12:33:51
f29421bf-87d3-4b49-ad73-64a688c394e1,c7c73f51-10f9-4b5b-a045-d8e47a0912d8,Campaign 2,Phone,False,False,2025-03-10T12:33:51
7da7c5f8-01d4-4f2f-9ea0-686abd993358,c7c73f51-10f9-4b5b-a045-d8e47a0912d8,Campaign 1,Email,True,True,2024-05-06T12:33:51
c19cd544-fccc-440d-9a3e-950ec7cf44e1,c7c73f51-10f9-4b5b-a045-d8e47a0912d8,Campaign 7,Phone,False,True,2024-10-25T12:33:51
f4d275b9-9c49-4893-826f-1115ba181825,c7c73f51-10f9-4b5b-a045-d8e47a0912d8,Campaign 7,Email,False,True,2025-07-25T12:33:51
c4dedf7b-7670-4413-a768-76dece83e32b,c7c73f51-10f9-4b5b-a045-d8e47a0912d8,Campaign 2,Phone,False,False,2024-07-05T12:33:51
969dd107-ceb4-4b88-8565-07ccfa95d8cd,c807a3f2-6396-4d88-b805-bffbca59c273,Campaign 9,Email,False,False,2024-05-19T12:33:51
6a60b78b-529c-4e1e-89c3-aafeee904ab0,c821bbf2-c10e-470f-a7aa-f1f69b2e3a7c,Campaign 2,Phone,False,False,2024-08-28T12:33:51
f0258090-a9c9-4f60-935b-78a9c70b9f31,c821bbf2-c10e-470f-a7aa-f1f69b2e3a7c,Campaign 8,Email,False,True,2025-07-26T12:33:51
2f8d2672-6877-4781-8b55-810e211eb491,c821bbf2-c10e-470f-a7aa-f1f69b2e3a7c,Campaign 6,Email,False,False,2023-09-05T12:33:51
b550d511-7cd2-4b96-8fe8-e869723982e4,c821bbf2-c10e-470f-a7aa-f1f69b2e3a7c,Campaign 8,Social,True,False,2025-04-19T12:33:51
413930e3-18c1-4102-8aaa-8cc344d6a33d,c8347acf-1aa9-4f56-b8bc-330fa57224ab,Campaign 7,SMS,True,True,2025-08-04T12:33:51
c9fb975c-393b-4d3c-abcd-691e14009ab5,c8347acf-1aa9-4f56-b8bc-330fa57224ab,Campaign 7,SMS,False,True,2024-11-18T12:33:51
51bf2bbb-7112-4066-ac66-58f629188ca4,c8347acf-1aa9-4f56-b8bc-330fa57224ab,Campaign 2,Phone,False,True,2024-07-06T12:33:51
f9338b6d-5147-410b-a08c-477e6494d09b,c8420f54-dbd9-4558-9b75-c75c1ad48bb0,Campaign 6,Social,False,False,2023-09-09T12:33:51
a5974be6-079b-49a5-a280-fba1bf1121a1,c843431a-f06e-4c15-8949-44873930894f,Campaign 2,Email,True,False,2025-07-07T12:33:51
9d570fef-ea09-4eb0-9479-9dd55770c48e,c843431a-f06e-4c15-8949-44873930894f,Campaign 5,Email,False,True,2024-12-08T12:33:51
8da77bc3-fb20-44a2-be82-6ce4752cecc0,c843431a-f06e-4c15-8949-44873930894f,Campaign 5,SMS,False,False,2025-02-08T12:33:51
73e94588-1eff-486a-9362-829f9358fae5,c852fe63-d58f-439f-86e9-59008c5b099e,Campaign 10,Email,False,False,2025-01-19T12:33:51
486981cf-edab-4766-9ca3-76c91f65676f,c852fe63-d58f-439f-86e9-59008c5b099e,Campaign 1,Phone,False,False,2024-03-01T12:33:51
2a566744-49a9-4ff8-a957-09cde4639fe6,c852fe63-d58f-439f-86e9-59008c5b099e,Campaign 7,Social,True,False,2025-03-23T12:33:51
7dbc1539-6558-4326-a190-65fd160ce1ac,c852fe63-d58f-439f-86e9-59008c5b099e,Campaign 7,SMS,False,False,2024-07-28T12:33:51
4d7cea96-de62-45c5-a644-2caead38c1ed,c85c27ac-4ee2-412c-baae-ed53f43c2de2,Campaign 8,Social,False,True,2024-01-19T12:33:51
210f8615-5519-42b9-906a-0f5b77f62d22,c85c27ac-4ee2-412c-baae-ed53f43c2de2,Campaign 6,SMS,True,False,2025-06-16T12:33:51
9a19c9bb-9c44-4cf3-862b-81f4cad16b93,c86158d9-0d4d-43c3-aa10-b4770a3bb447,Campaign 2,Email,True,False,2025-01-03T12:33:51
c3b30b68-4f0a-4891-82fd-43345ecc97f7,c86158d9-0d4d-43c3-aa10-b4770a3bb447,Campaign 1,Email,True,False,2025-05-31T12:33:51
517493f7-632b-4495-9c9d-d45118c9f218,c88b5fdd-4fa9-4821-a021-a9a305ae1056,Campaign 5,Phone,False,True,2025-04-06T12:33:51
b7212341-8dd8-4e39-bf99-33bc9350811d,c898ae70-6be9-4afc-afa3-e68e05273a2b,Campaign 5,Email,True,True,2025-03-13T12:33:51
615069f2-7619-47e3-9a4a-0a4698134be9,c898ae70-6be9-4afc-afa3-e68e05273a2b,Campaign 1,SMS,False,True,2024-05-27T12:33:51
d6697ce1-be89-45ba-bfcf-84f76cf956ac,c8bbdbe3-2ec4-4022-84d3-5ce987ea5daf,Campaign 1,SMS,True,True,2025-07-08T12:33:51
118660ce-a4ad-49a6-9c00-74d9230200fd,c8cff5a9-b882-4a19-8f8b-aadf5286496b,Campaign 8,Email,True,False,2024-02-20T12:33:51
85f3d25f-fb34-4eda-b019-1417b1451230,c8cff5a9-b882-4a19-8f8b-aadf5286496b,Campaign 2,Social,True,True,2025-02-06T12:33:51
273b9c8b-8e72-4616-bd4d-1caf188d5210,c8cff5a9-b882-4a19-8f8b-aadf5286496b,Campaign 3,Phone,True,False,2024-11-22T12:33:51
e56df351-e5e5-4716-a8b2-66981eca159f,c8cff5a9-b882-4a19-8f8b-aadf5286496b,Campaign 6,Social,True,True,2025-03-19T12:33:51
e829f05e-0cc6-4ec1-a9dd-08f4d222c6f3,c8cff5a9-b882-4a19-8f8b-aadf5286496b,Campaign 4,Phone,True,True,2023-11-29T12:33:51
7923a6da-ef98-42a1-8d29-ffda8b883636,c8ef3d83-99e6-4c96-90f0-e511691966f7,Campaign 7,Email,False,True,2024-10-30T12:33:51
2938a4d3-9d23-4c85-9367-7f25ec3c80cc,c8ef3d83-99e6-4c96-90f0-e511691966f7,Campaign 5,Social,True,False,2025-01-18T12:33:51
da5e2103-b790-4b41-9e15-8530c1d65bba,c90833c0-4806-48ff-94cc-8b429bd9bd7a,Campaign 3,Social,False,False,2025-06-25T12:33:51
fe72631c-dc5b-4aef-a9e1-dba50d6b7463,c94fe392-f599-4472-bd86-a03198364465,Campaign 2,Social,True,True,2024-08-08T12:33:51
6829c3d5-f13c-4568-a9ba-e845c042af19,c94fe392-f599-4472-bd86-a03198364465,Campaign 5,Email,False,False,2024-12-06T12:33:51
6d981946-1415-4dcb-b2b0-edd8f99369ad,c94fe392-f599-4472-bd86-a03198364465,Campaign 6,Social,True,True,2024-01-07T12:33:51
1f131bfe-803f-422c-bb9f-36d923574fa4,c94fe392-f599-4472-bd86-a03198364465,Campaign 3,Email,False,False,2024-02-29T12:33:51
4b5cf4b5-2a64-4329-8d2c-6df1d3e511e1,c94fe392-f599-4472-bd86-a03198364465,Campaign 7,Email,False,False,2023-10-06T12:33:51
dfec98b2-959d-4a7b-9ce5-b482e30e8a0d,c9a355bc-4118-4d99-853b-7e277e0e41c9,Campaign 2,Social,True,True,2024-06-13T12:33:51
4de8ab20-251a-455f-801f-cff479c13815,c9a355bc-4118-4d99-853b-7e277e0e41c9,Campaign 4,SMS,True,True,2025-05-03T12:33:51
f0a2a471-0f07-4ff4-89e0-df10b8990fb9,c9a355bc-4118-4d99-853b-7e277e0e41c9,Campaign 5,Social,True,True,2024-01-20T12:33:51
624d4a78-54a3-4064-a37f-e00b77a1bc14,c9a355bc-4118-4d99-853b-7e277e0e41c9,Campaign 4,Social,True,True,2023-11-03T12:33:51
d50e3b93-d9e6-4362-9907-96300d3a9e3d,c9e04776-af47-4fe6-8dc9-65d596100bb8,Campaign 8,Email,True,True,2024-12-07T12:33:51
460e769f-700a-40a1-a4f6-399469d16b6b,c9e04776-af47-4fe6-8dc9-65d596100bb8,Campaign 10,Phone,True,False,2025-06-29T12:33:51
cbc00852-bfd5-45d1-8aef-c67ee153d5e9,c9e04776-af47-4fe6-8dc9-65d596100bb8,Campaign 9,Social,True,True,2024-01-06T12:33:51
d2760910-e308-4400-92eb-1945fbe8cdc5,c9e04776-af47-4fe6-8dc9-65d596100bb8,Campaign 8,Phone,False,False,2024-01-18T12:33:51
cf1925f6-54f0-4602-a318-7d19bcb1794b,c9e04776-af47-4fe6-8dc9-65d596100bb8,Campaign 6,Phone,True,False,2024-05-20T12:33:51
091b34cf-7b84-440c-aea0-d4de4c2ee979,c9ec84b2-9547-410f-847b-ea0908abf47f,Campaign 7,SMS,False,True,2025-01-10T12:33:51
50d3f26d-d396-4084-b6e7-6af3d887490f,c9ec84b2-9547-410f-847b-ea0908abf47f,Campaign 4,Phone,False,True,2025-07-19T12:33:51
5c0073d2-e23b-4103-838b-26bf1cdd98a4,c9ec84b2-9547-410f-847b-ea0908abf47f,Campaign 9,Email,True,False,2025-06-22T12:33:51
93b64331-aafc-4172-b4fb-58a7d74cf142,ca0b39d8-bd83-41a0-bf9c-c83600f25c04,Campaign 3,Email,False,True,2024-05-24T12:33:51
45dec2b7-08e6-4698-8fb7-b106a49c4b5c,ca0b39d8-bd83-41a0-bf9c-c83600f25c04,Campaign 7,Social,True,False,2025-05-01T12:33:51
b8401a6c-c3bf-489d-9c1e-24655486a15e,ca0b39d8-bd83-41a0-bf9c-c83600f25c04,Campaign 10,Phone,True,True,2025-03-03T12:33:51
2a00e3b5-ea77-4132-94a8-ba17c652d735,ca0b39d8-bd83-41a0-bf9c-c83600f25c04,Campaign 3,Email,True,True,2024-01-19T12:33:51
8c92f344-d631-45de-adb9-bd2b30df29a6,ca0b39d8-bd83-41a0-bf9c-c83600f25c04,Campaign 1,SMS,True,False,2024-09-10T12:33:51
31d96b6e-eb44-4237-9bb5-e49dd1b6f5f3,ca262697-6aa1-4d73-b418-583213cdd4e1,Campaign 2,SMS,False,True,2024-02-18T12:33:51
c600127c-1ef0-4f14-881c-caf5bb6d3534,ca262697-6aa1-4d73-b418-583213cdd4e1,Campaign 5,Email,False,False,2023-11-24T12:33:51
b9a5218f-ea9b-4a24-8673-df9887e3a7b3,ca29c124-866f-4f09-b5f9-03885f5babb9,Campaign 9,Phone,True,False,2023-10-17T12:33:51
bd4307a3-3d83-466e-8e48-23769a91b8a9,ca29c124-866f-4f09-b5f9-03885f5babb9,Campaign 3,Email,False,False,2024-05-04T12:33:51
9c4cf9ca-d420-4fba-9b96-d9f1b4339d56,ca44a151-be76-4e2f-9f44-8d30b4c8fd40,Campaign 6,Email,True,False,2025-02-13T12:33:51
f0c4bde6-27bc-45c8-b89b-ec71c135606d,ca44a151-be76-4e2f-9f44-8d30b4c8fd40,Campaign 1,Phone,False,True,2025-01-14T12:33:51
228d940e-c004-40b5-bc6f-b0372ebc6996,ca44a151-be76-4e2f-9f44-8d30b4c8fd40,Campaign 7,SMS,False,True,2025-07-03T12:33:51
160f73d3-ba42-4b55-917b-0c67b0dc555f,ca743936-b8a9-4592-a351-b1b7c6578ac6,Campaign 1,Email,False,True,2024-06-10T12:33:51
b485abda-a1cc-4526-85bd-cdb9c39843a5,ca743936-b8a9-4592-a351-b1b7c6578ac6,Campaign 1,SMS,False,False,2025-06-04T12:33:51
9d357842-f6ec-41c4-abdc-1f396b483850,cae7106e-d5d3-4d7e-9254-91fd198b8933,Campaign 9,Phone,True,True,2024-06-18T12:33:51
44dbf8ad-e3da-43eb-9899-a18c4899569d,cb100999-f86f-44b6-96e5-b74ecae88737,Campaign 1,Social,False,True,2023-11-14T12:33:51
0a19ddc7-e4a4-4be2-b71e-9e57b43bc460,cb100999-f86f-44b6-96e5-b74ecae88737,Campaign 4,Phone,True,False,2023-10-14T12:33:51
7e14090c-fdca-434c-bdcb-747f9a736309,cb100999-f86f-44b6-96e5-b74ecae88737,Campaign 5,SMS,True,True,2024-05-12T12:33:51
8583ba3a-aa93-4a82-8ed9-d0c1dd790e97,cb100999-f86f-44b6-96e5-b74ecae88737,Campaign 9,Phone,False,False,2025-01-25T12:33:51
11a2b694-8a36-4e54-a66e-62ef054a31e9,cb27667e-2ebf-454d-927b-01295d0b52f9,Campaign 1,SMS,True,False,2025-01-02T12:33:51
6e7bbc3e-32b7-482c-82bf-bafbc2462896,cb474fef-8992-4bca-9874-c4ddbf18e5ba,Campaign 10,Phone,False,False,2025-02-03T12:33:51
38e90a8f-dd9e-40cf-b7db-93c7d54d4c94,cb474fef-8992-4bca-9874-c4ddbf18e5ba,Campaign 1,Phone,True,True,2024-05-22T12:33:51
854af264-f6b8-4ab0-ab5e-c84e9e64d82c,cba0f848-bbe4-482e-bfba-7a77f6bf6646,Campaign 1,Phone,True,True,2023-10-27T12:33:51
d6340159-ce02-4030-b9f0-99f5fcab187c,cba0f848-bbe4-482e-bfba-7a77f6bf6646,Campaign 8,Social,True,False,2024-03-29T12:33:51
1fd64f0b-5ab8-4e4f-9af2-278a0547cad0,cba0f848-bbe4-482e-bfba-7a77f6bf6646,Campaign 1,Phone,False,True,2025-01-19T12:33:51
301213c3-c624-4a5c-a2b5-f8afbef7d5b1,cba0f848-bbe4-482e-bfba-7a77f6bf6646,Campaign 3,Email,True,False,2024-08-04T12:33:51
c8f28c55-2d7b-4346-938a-ecca416a14a1,cba45ba3-72a6-4c86-ad93-6d225f4700aa,Campaign 9,Email,True,True,2024-03-11T12:33:51
49131f45-b2e6-407e-a65f-db729e34109d,cbb2c2e8-a23d-4c73-92d9-f4f8d2bd2319,Campaign 5,SMS,True,True,2025-08-24T12:33:51
b1307b34-631b-4027-928b-577fe2a85fe9,cbc604d8-d1cd-414f-b43c-a207b27ba22c,Campaign 6,SMS,True,False,2024-05-14T12:33:51
afd7425f-3386-41bf-a809-c10ec696a2e5,cbc604d8-d1cd-414f-b43c-a207b27ba22c,Campaign 8,Social,True,False,2025-02-28T12:33:51
a9503f0d-d373-43e7-9d3c-9c6dd1957a29,cbf5fb99-7c6d-49b3-bcc7-08b025dfa0d1,Campaign 6,Social,True,False,2024-04-27T12:33:51
d4390d68-ed7f-4064-9683-c9bdc92dedc8,cbf5fb99-7c6d-49b3-bcc7-08b025dfa0d1,Campaign 5,Phone,True,True,2023-09-19T12:33:51
5669cfca-482f-4b7d-8291-0c02af28988a,cc482931-609d-48ae-9eff-a73c58fa2e37,Campaign 3,Social,False,True,2025-02-18T12:33:51
ff8aba10-3aca-4be1-956e-2ae95c8273c6,cc482931-609d-48ae-9eff-a73c58fa2e37,Campaign 10,Email,False,True,2023-12-21T12:33:51
5aba71a9-089c-421d-a1b0-0c0d7960aafa,cc61581c-5408-4783-852c-ceb792d94461,Campaign 8,Phone,False,False,2025-07-23T12:33:51
09f19019-a6ba-4dba-94e2-d210adca971a,cc61581c-5408-4783-852c-ceb792d94461,Campaign 1,Phone,True,True,2025-06-17T12:33:51
22f90475-1b44-4678-9643-00c7d6988fc8,cc61581c-5408-4783-852c-ceb792d94461,Campaign 9,Email,True,False,2024-12-19T12:33:51
746d5ec2-ab21-4069-a055-97a25520c752,cc61581c-5408-4783-852c-ceb792d94461,Campaign 1,Phone,True,False,2024-05-22T12:33:51
c5a11059-a972-4bc8-ae6a-1faa69e4068d,cc69a3b5-489a-49de-9a36-1d9d8eeb3a71,Campaign 6,SMS,False,True,2023-12-23T12:33:51
5f838eb7-4183-4b7d-b623-c01a12368440,cc69a3b5-489a-49de-9a36-1d9d8eeb3a71,Campaign 3,Email,False,False,2025-05-05T12:33:51
1a779d16-dcbc-46ad-ad26-19388bcaf53d,cc80dd2c-7239-4612-84c8-40f9e131a70c,Campaign 1,Email,True,True,2023-10-24T12:33:51
04c99b73-dfd6-41f8-a4a5-8eeb1e2ccf1e,cc99978a-329c-4a17-bb42-7ec97b74a9cb,Campaign 9,SMS,False,False,2025-08-21T12:33:51
a87026e4-8815-4efc-9cfe-240edd2fc6a8,cc99978a-329c-4a17-bb42-7ec97b74a9cb,Campaign 6,Social,True,True,2024-08-14T12:33:51
27202c48-327f-43ac-909f-88466bfa6029,cc99978a-329c-4a17-bb42-7ec97b74a9cb,Campaign 6,Phone,False,True,2024-07-21T12:33:51
68639bdc-a6e8-4efc-9818-529f22686ddc,cc99978a-329c-4a17-bb42-7ec97b74a9cb,Campaign 1,SMS,False,True,2024-02-12T12:33:51
467e58c9-78f8-4929-be45-a337e0af7c62,ccae97b6-bc2c-455e-9236-f902353fbf5b,Campaign 2,Social,False,True,2024-06-10T12:33:51
211c6470-29ee-41eb-86c9-28fd425251a5,ccae97b6-bc2c-455e-9236-f902353fbf5b,Campaign 10,Phone,True,True,2024-07-20T12:33:51
4f72b4d1-608f-4084-b9ff-c99083848e83,ccc54d79-fa45-4eca-af0a-b54933ad9e9f,Campaign 7,Social,True,False,2024-01-21T12:33:51
7c788909-e014-4894-8a18-02dff6cac461,ccc54d79-fa45-4eca-af0a-b54933ad9e9f,Campaign 10,Social,True,False,2025-03-22T12:33:51
cbd7e891-d2bc-483f-a835-ad9d10c4d61f,ccc54d79-fa45-4eca-af0a-b54933ad9e9f,Campaign 10,Social,True,False,2023-11-29T12:33:51
9b81a3b7-9963-4e02-90d5-ad7bbfa8419a,ccd04e1e-57d4-4ebe-b194-e403e7fa4ed2,Campaign 6,Social,True,True,2025-02-09T12:33:51
2be28eed-bfce-4e92-82d7-511acde19d45,ccd04e1e-57d4-4ebe-b194-e403e7fa4ed2,Campaign 5,Social,False,False,2025-08-22T12:33:51
355db402-c2e6-42fd-9289-473721cf1367,ccd04e1e-57d4-4ebe-b194-e403e7fa4ed2,Campaign 8,Social,True,True,2024-02-29T12:33:51
e30b94c0-bd96-4efd-bd3b-9aa804ef3130,cce41020-05d5-4452-bb45-35a4203cb747,Campaign 10,Email,False,False,2025-01-12T12:33:51
ccc10c00-24d3-48b5-8a9d-1761d78dcc27,ccf11c74-e93a-4600-b665-68e5f7f9da25,Campaign 1,Email,False,True,2023-12-11T12:33:51
5b1bb9eb-cff7-44be-9e3e-453f0e6b16ed,ccf11c74-e93a-4600-b665-68e5f7f9da25,Campaign 2,Social,False,False,2023-09-02T12:33:51
5c41d6cf-b02a-4c4a-8787-a7b1b9136618,ccf11c74-e93a-4600-b665-68e5f7f9da25,Campaign 4,Phone,False,False,2024-01-15T12:33:51
c5c2f769-c7ef-4a5a-9136-bbf8e4b91077,ccf55cda-2fbf-4629-a215-31f0bbac2c9b,Campaign 3,Email,True,True,2024-11-26T12:33:51
0bacc32b-fccb-489d-9023-04734495e746,cd7d18b6-31b2-4362-81e8-fb6a08ea6745,Campaign 8,SMS,False,False,2024-12-22T12:33:51
5a5087f8-1e3e-42ff-9032-a986a5b622bb,cdaad357-34df-4a9d-8cc0-e166d2654a7a,Campaign 3,Phone,False,True,2024-08-29T12:33:51
00b2c98f-39ae-43e9-9f44-e5069d691bc2,cdaad357-34df-4a9d-8cc0-e166d2654a7a,Campaign 4,Email,False,False,2023-10-22T12:33:51
81633d04-5a42-41f5-b73c-a720ef82c3e2,cdaad357-34df-4a9d-8cc0-e166d2654a7a,Campaign 4,SMS,False,True,2023-10-19T12:33:51
da0a92a5-fd96-4c3b-9c0f-6cc3571b07a5,cdaad357-34df-4a9d-8cc0-e166d2654a7a,Campaign 2,Email,True,True,2025-06-24T12:33:51
1d229c4e-f6f3-47c5-8ded-199e7bd56717,cdb93205-62e7-434d-baba-fda00c7680e6,Campaign 4,Email,True,False,2023-10-04T12:33:51
0c60aeaf-fe07-44a6-a774-7036e01997d6,cdb93205-62e7-434d-baba-fda00c7680e6,Campaign 10,Phone,True,False,2024-07-03T12:33:51
3ab436f2-6137-46f5-a58e-6827a819a510,cdc1dd97-2cb2-40dd-a789-6e0f9adfd03a,Campaign 9,Phone,True,True,2024-02-23T12:33:51
33127f5a-f51b-4f3a-92d8-880925a5e8a1,cdc1dd97-2cb2-40dd-a789-6e0f9adfd03a,Campaign 4,Phone,False,False,2023-09-25T12:33:51
c5e4f569-1f0f-4059-8092-3cbacc12dbf3,cdcfab01-aab3-4c54-a130-019575e98add,Campaign 7,SMS,True,True,2025-04-08T12:33:51
d279c214-2778-4757-96e8-e3c2a87eccaf,cdcfab01-aab3-4c54-a130-019575e98add,Campaign 10,Social,True,False,2025-02-18T12:33:51
f6f00b2c-88d7-4464-9aa9-e9f4fa2ac13f,cdcfab01-aab3-4c54-a130-019575e98add,Campaign 1,Phone,True,True,2023-10-08T12:33:51
5e73495d-1c2d-4ec2-ae4b-1610998e311b,cdcfab01-aab3-4c54-a130-019575e98add,Campaign 5,Email,False,False,2024-02-21T12:33:51
0ce16c3a-215e-4a75-825c-5cfb39a1cea7,ce2087b2-3929-4186-aa1a-d382ea512fae,Campaign 6,SMS,False,True,2024-10-26T12:33:51
5a8fa37e-1479-41be-a97b-95e6643edddf,ce2087b2-3929-4186-aa1a-d382ea512fae,Campaign 6,Phone,False,True,2024-03-23T12:33:51
2c8b988d-944d-4731-a31e-6fa15c45eb82,ce211790-cf19-47e6-bdc0-c072b4cc9d54,Campaign 2,Phone,True,False,2024-12-24T12:33:51
1b351a5c-6b1a-4728-b1be-ed3e86dd80de,ce25e312-a345-4cd4-8b9f-c428baa270e8,Campaign 6,Email,False,False,2025-02-20T12:33:51
f4f1fe28-417d-47b2-8b48-cdb8bd131e24,ce3c2916-59c0-471b-96da-f857a648ac1a,Campaign 8,Email,True,False,2025-04-21T12:33:51
54ca48d4-cba7-48d3-b4b3-eda18effef33,ce681af8-71cf-4abf-958b-95559c3889f1,Campaign 9,Social,True,False,2024-02-03T12:33:51
4beb901a-163c-4416-89a5-e55f66517a7a,ce6b1187-f07d-4be6-8974-5f2f07292b6a,Campaign 8,Social,True,True,2024-12-18T12:33:51
3ddfc8ab-d967-4c90-b43a-26a05646906c,ce6b1187-f07d-4be6-8974-5f2f07292b6a,Campaign 5,SMS,True,True,2024-04-22T12:33:51
6662088b-cef2-471c-ac22-0dc6cd062a76,ce6b1187-f07d-4be6-8974-5f2f07292b6a,Campaign 9,Email,True,True,2025-07-15T12:33:51
f6c8f05a-a12d-4162-a99b-39305b7d6425,ce6b1187-f07d-4be6-8974-5f2f07292b6a,Campaign 10,SMS,True,False,2024-07-24T12:33:51
5910b042-70d8-4d99-8035-86102d34ef4b,ce6b1187-f07d-4be6-8974-5f2f07292b6a,Campaign 1,Social,False,True,2025-05-04T12:33:51
b2209ac3-7a03-48c9-8836-1139f38efe37,ce913d74-b744-413c-8832-facbab62256c,Campaign 7,SMS,True,True,2024-12-05T12:33:51
d7dc49c0-9ec6-4a9c-8672-c1541dd83037,ce951884-bff1-4398-867b-8145e78d25da,Campaign 1,Email,False,False,2023-09-16T12:33:51
67ba5339-ea19-4dd8-8572-6c5d75a343ac,ce951884-bff1-4398-867b-8145e78d25da,Campaign 9,Social,False,True,2025-07-11T12:33:51
bd38dd0f-e784-437f-ad08-0e05fb620094,ce951884-bff1-4398-867b-8145e78d25da,Campaign 9,SMS,False,False,2024-10-11T12:33:51
c7cca688-f3fd-4b22-9912-e1f28c27b7f0,ce99cc30-9478-4212-a40a-69c6ee336dd7,Campaign 2,Email,True,True,2024-07-14T12:33:51
82a807c0-b625-4a81-a536-2624a4e5ea41,ce99cc30-9478-4212-a40a-69c6ee336dd7,Campaign 2,Social,True,True,2025-04-28T12:33:51
d0ffc3c1-861d-49af-8123-754872268c9c,ce99cc30-9478-4212-a40a-69c6ee336dd7,Campaign 6,Email,True,True,2025-02-10T12:33:51
a457ff57-afcf-492a-9a49-971f133afac0,ce99cc30-9478-4212-a40a-69c6ee336dd7,Campaign 4,SMS,True,False,2024-06-08T12:33:51
65970e3d-33dd-4099-bd50-8d9d62eb3e20,ce99cc30-9478-4212-a40a-69c6ee336dd7,Campaign 6,Phone,False,True,2024-02-01T12:33:51
a38139ba-5b14-4884-a25c-c6f8202e9c77,cec3e791-da31-4a9e-9247-9ce26f557c38,Campaign 8,SMS,False,False,2023-09-06T12:33:51
8ad11958-eb33-41e5-ad16-f530690fc7c5,cec3e791-da31-4a9e-9247-9ce26f557c38,Campaign 7,Social,True,True,2024-12-08T12:33:51
668c0a56-a677-4c26-9389-c04dfb7a2463,ced3c56d-d218-4429-a50f-3cb41af028d6,Campaign 6,Phone,True,False,2025-01-10T12:33:51
958cf0a9-d72a-429c-bc31-4d022ca1b00b,cf145564-2f9e-4b33-af9b-b00fc0dea6c4,Campaign 6,Social,True,True,2024-07-23T12:33:51
93787d5c-dcad-482e-b5d3-69cf552b3723,cf145564-2f9e-4b33-af9b-b00fc0dea6c4,Campaign 1,Email,True,False,2024-02-22T12:33:51
b0e35fd4-fd3e-440c-8bc1-2881ebc030fe,cf4cdc7b-768c-4ae2-ac85-35c6c28148ec,Campaign 1,Phone,True,True,2024-08-04T12:33:51
59b7627f-711e-4c8f-a573-544fc225394a,cf4cdc7b-768c-4ae2-ac85-35c6c28148ec,Campaign 5,Phone,False,False,2024-12-10T12:33:51
7604452b-f998-4c25-be92-79bb7ec2545b,cf4cdc7b-768c-4ae2-ac85-35c6c28148ec,Campaign 9,Email,False,False,2024-08-01T12:33:51
5b57a8a4-5d55-4748-ad84-4f296fef6d6d,cf4cdc7b-768c-4ae2-ac85-35c6c28148ec,Campaign 4,Social,True,True,2024-09-17T12:33:51
68e9890f-9ca8-4222-800b-c75f268f13fd,cf4cdc7b-768c-4ae2-ac85-35c6c28148ec,Campaign 6,Phone,True,True,2024-04-29T12:33:51
8247496f-1796-4473-a402-3d88a14cc830,cf57dc6c-144c-4186-9239-234b73974baa,Campaign 3,Social,True,False,2024-09-20T12:33:51
e6bea1a0-33c7-492c-af1a-cd81b0dada5f,cf57dc6c-144c-4186-9239-234b73974baa,Campaign 1,Phone,False,True,2024-09-30T12:33:51
6ec0d326-4a09-4d60-80c4-0f40802c96c8,cf57dc6c-144c-4186-9239-234b73974baa,Campaign 2,Email,True,False,2023-10-27T12:33:51
4b3ae55b-8f9a-4809-ad2a-03475821f911,cf57dc6c-144c-4186-9239-234b73974baa,Campaign 5,Email,True,True,2024-10-24T12:33:51
b7da6428-02ac-41f2-9524-d01bb99340de,cf57dc6c-144c-4186-9239-234b73974baa,Campaign 7,Phone,True,True,2024-09-10T12:33:51
a388cafd-29c6-48b3-ba85-e7f01c859d03,cf5c76f5-9706-4464-b46f-4b6f853de886,Campaign 1,Email,True,False,2024-08-09T12:33:51
669e7bef-d13a-452c-8c51-d2153996a60e,cf5c76f5-9706-4464-b46f-4b6f853de886,Campaign 3,Email,True,True,2024-04-24T12:33:51
831fbd3f-6424-4b4f-9bc1-b92833e7ce1d,cf5c76f5-9706-4464-b46f-4b6f853de886,Campaign 9,Email,True,False,2024-04-04T12:33:51
a1849819-e35b-48ee-be4c-d8f5821211a9,cf5c76f5-9706-4464-b46f-4b6f853de886,Campaign 2,Phone,True,False,2024-12-23T12:33:51
84390ee6-3e4c-4906-b8e5-d7010b0b3e2e,cf73e10e-3f71-4f04-ab8d-5396dcf49a2f,Campaign 10,Social,False,False,2025-04-11T12:33:51
e41925d2-eaf0-4752-8468-1793c0227063,cf73e10e-3f71-4f04-ab8d-5396dcf49a2f,Campaign 2,Phone,False,False,2024-06-22T12:33:51
9a026484-3094-464c-a5fa-b4e8b8c42004,cf73e10e-3f71-4f04-ab8d-5396dcf49a2f,Campaign 9,Social,True,False,2024-06-17T12:33:51
54c37986-30f1-42bb-98e5-b11fe62dcdb7,d0025785-6d05-404e-8828-a939ffefa714,Campaign 2,Email,True,True,2024-01-26T12:33:51
33e17e11-0d1e-4762-9a49-1824ccadafef,d031584a-fe0e-40fb-83a6-3df2d3aaa4fb,Campaign 1,Phone,True,True,2024-03-31T12:33:51
00a17a4b-fd32-44ab-884d-a4d3b2d7103c,d031584a-fe0e-40fb-83a6-3df2d3aaa4fb,Campaign 7,Email,False,True,2025-07-04T12:33:51
e6c24888-c7c2-4689-ae7a-bd01e941401a,d0338c3a-b9e7-4bcc-b1c9-635be60053d0,Campaign 4,Email,False,True,2024-04-16T12:33:51
ef0442ad-abb8-4b54-bb18-ab87730513d3,d0338c3a-b9e7-4bcc-b1c9-635be60053d0,Campaign 3,SMS,False,False,2023-09-15T12:33:51
629d33e1-5318-455b-b427-0dcd9a34259f,d0398941-5a3e-490c-b3ed-91764f41a3c9,Campaign 3,Phone,False,False,2024-10-18T12:33:51
ac830cbb-ebf1-4dd4-af07-f0d647020f97,d0398941-5a3e-490c-b3ed-91764f41a3c9,Campaign 4,SMS,False,True,2023-09-07T12:33:51
a83c54c6-c569-454b-8a19-7bb2f7a889f3,d0673a99-d7ab-44ca-8e85-f7254cf59d3a,Campaign 5,Email,True,False,2024-04-09T12:33:51
eac9767b-7b08-44e6-a31c-37a6b0c23ca3,d0673a99-d7ab-44ca-8e85-f7254cf59d3a,Campaign 4,Phone,False,True,2025-08-29T12:33:51
bd4c216a-8fb1-4c7b-a51d-9a60a6785461,d0673a99-d7ab-44ca-8e85-f7254cf59d3a,Campaign 7,Social,False,False,2024-04-21T12:33:51
18b427c4-af26-4656-aa93-39d0e2d8b4db,d0673a99-d7ab-44ca-8e85-f7254cf59d3a,Campaign 4,SMS,False,False,2024-06-11T12:33:51
2cfc41f7-71a4-486a-aede-19759283a7a6,d0673a99-d7ab-44ca-8e85-f7254cf59d3a,Campaign 1,Social,True,True,2023-09-01T12:33:51
79f72f83-f4fc-44ec-95ad-c6d20dfefc97,d08250b4-b3d9-4846-9aef-459af3cb1135,Campaign 6,Social,True,False,2024-11-22T12:33:51
17f11bed-ecd4-44cc-963b-89e4e28d56f3,d08250b4-b3d9-4846-9aef-459af3cb1135,Campaign 3,SMS,True,True,2024-12-09T12:33:51
84bd9cc1-7e14-462b-b9ef-a21b4e7ad283,d0a73205-fd69-4997-8000-3e901219b4f2,Campaign 2,Email,True,True,2024-04-01T12:33:51
33532131-bb91-469c-8061-330608f7ef8f,d0a73205-fd69-4997-8000-3e901219b4f2,Campaign 1,Email,False,True,2025-02-18T12:33:51
931545ab-b6a1-4e38-92c6-daf6681ea4f5,d0a73205-fd69-4997-8000-3e901219b4f2,Campaign 3,Email,False,False,2024-07-17T12:33:51
0be6163b-f74d-44ea-b39e-a3cb31fc4001,d0a843ce-0179-4635-8917-963fa44ebaf1,Campaign 4,Social,False,False,2024-01-30T12:33:51
870222d5-b9c1-4346-81b4-84597007920b,d0a843ce-0179-4635-8917-963fa44ebaf1,Campaign 1,Email,True,True,2025-01-08T12:33:51
77053633-6e3b-43a2-a9bd-1dfea2a9b852,d0a843ce-0179-4635-8917-963fa44ebaf1,Campaign 3,Phone,True,True,2024-02-11T12:33:51
0c5f5911-2229-45df-b559-ff10e4fba993,d0a843ce-0179-4635-8917-963fa44ebaf1,Campaign 1,SMS,True,True,2023-09-15T12:33:51
1d77dede-64ec-4fba-841c-11bfbf7b669b,d0c3d899-de29-4074-bf7d-abb46da20767,Campaign 2,Email,True,False,2024-01-13T12:33:51
de348442-eda3-4f44-a15a-b2c661d35493,d0d5eb3f-9819-43e4-93ac-13dafa5571ed,Campaign 6,Email,False,True,2025-03-07T12:33:51
30a46a83-e389-4c73-971f-89398a2c3438,d0d5eb3f-9819-43e4-93ac-13dafa5571ed,Campaign 3,Phone,False,True,2025-02-27T12:33:51
b0ec9cdf-5a7e-42d6-987e-6f5ed1722e25,d0d5eb3f-9819-43e4-93ac-13dafa5571ed,Campaign 3,Email,True,True,2025-06-15T12:33:51
4f98b38f-df25-4def-ac78-57350968e989,d0e6fa56-051e-4576-8cf5-a19aa928773d,Campaign 8,Email,True,False,2025-07-06T12:33:51
a4c4d7cf-5ee1-4d94-9486-e6d6295a0f84,d0e6fa56-051e-4576-8cf5-a19aa928773d,Campaign 8,SMS,True,True,2024-07-08T12:33:51
adc3aa56-84b4-4af0-9733-73a8b8975112,d0f5136a-0f40-414b-99a7-5f11b9abeb49,Campaign 10,Social,False,False,2025-04-06T12:33:51
58c15e36-eae2-4bc5-b261-d35329c6d2ee,d11e0602-7e6f-4cf5-975d-1c6a4fba3bb7,Campaign 8,SMS,False,True,2024-08-24T12:33:51
aee5d62d-a33a-4a2e-ae19-f069ffc140b9,d11e0602-7e6f-4cf5-975d-1c6a4fba3bb7,Campaign 8,SMS,False,True,2024-01-11T12:33:51
f164cd62-4154-496c-99bc-b07a2a5be79f,d11e0602-7e6f-4cf5-975d-1c6a4fba3bb7,Campaign 4,Phone,False,False,2023-12-11T12:33:51
3ef3865c-ce4e-43dc-b1e8-83f19e7c79f1,d145de77-2ad2-4330-9b1e-aa31a47a4748,Campaign 1,Email,False,False,2023-10-26T12:33:51
d5fcf165-4ccf-455b-aa40-23c083697c86,d145de77-2ad2-4330-9b1e-aa31a47a4748,Campaign 10,Email,False,True,2024-07-17T12:33:51
773ac659-832d-47e6-aabc-a18c3fa4500b,d145de77-2ad2-4330-9b1e-aa31a47a4748,Campaign 9,Email,True,True,2023-12-22T12:33:51
b18dedf8-814c-4386-9fde-0195fa1858e3,d145de77-2ad2-4330-9b1e-aa31a47a4748,Campaign 7,Social,False,True,2024-12-14T12:33:51
83fdabcc-5ca8-4111-a790-5e7b60888feb,d145de77-2ad2-4330-9b1e-aa31a47a4748,Campaign 8,Phone,False,False,2024-07-08T12:33:51
f38eb78d-40a0-4147-a35a-3c199174da95,d15ec2a6-f8e0-4eb0-983e-57f3f54bd6ba,Campaign 10,SMS,False,True,2024-09-22T12:33:51
cf41689a-99ac-4465-adbe-f50babcb5e0a,d15ec2a6-f8e0-4eb0-983e-57f3f54bd6ba,Campaign 2,Phone,True,False,2024-09-13T12:33:51
fcf11429-da20-4d63-84c0-6bc33ab651bd,d15ec2a6-f8e0-4eb0-983e-57f3f54bd6ba,Campaign 10,Email,False,True,2023-12-23T12:33:51
6d5e82f0-bc58-45fc-99b8-b0ee445c094a,d1ba4a3d-3f4d-4cc1-84cb-c1a152a0cbaa,Campaign 5,SMS,False,True,2025-02-25T12:33:51
211d837f-7292-457c-903f-5d3e7fc5403c,d1ba4a3d-3f4d-4cc1-84cb-c1a152a0cbaa,Campaign 8,SMS,True,False,2024-09-08T12:33:51
d24636c5-415b-4bda-a59d-ad79a2e09d80,d1ba4a3d-3f4d-4cc1-84cb-c1a152a0cbaa,Campaign 9,Phone,True,True,2024-04-23T12:33:51
d51a5cbf-cf57-4ff7-8fd9-ef673494cd91,d1ba4a3d-3f4d-4cc1-84cb-c1a152a0cbaa,Campaign 9,Social,False,True,2023-09-30T12:33:51
81300560-234b-42a2-ad77-55d4a3fab2b7,d1ba4a3d-3f4d-4cc1-84cb-c1a152a0cbaa,Campaign 4,Social,True,False,2024-01-16T12:33:51
f4a7e110-ba6f-4ae4-b748-ded4c4e6c12a,d1c646c0-3b46-4b62-9896-b4a193e0776d,Campaign 10,Phone,True,False,2024-09-24T12:33:51
887fa55a-9b44-4b45-92e8-2a4f1fbb4dc0,d1f61c0c-edf2-49bc-9b49-6fd0681e5316,Campaign 5,SMS,False,False,2024-02-11T12:33:51
610224af-038b-4edd-a79e-e8929cbbd916,d1f61c0c-edf2-49bc-9b49-6fd0681e5316,Campaign 7,Email,True,False,2023-12-30T12:33:51
1e389c5c-c753-4843-b7de-97038cb44b5b,d1f61c0c-edf2-49bc-9b49-6fd0681e5316,Campaign 9,Social,False,False,2024-05-16T12:33:51
a2b56201-3742-462e-b183-694695c50bda,d208a03f-b78c-495c-a604-35cc3068cc53,Campaign 3,Email,False,False,2025-04-02T12:33:51
44b4b8dd-a0ca-4d71-be95-d8b8433b9541,d20c27bd-bd15-47d8-9cdb-669d2d5b8cbd,Campaign 2,Phone,False,False,2024-06-01T12:33:51
45473110-3c4b-4760-b1d1-505fa3816c8f,d20c27bd-bd15-47d8-9cdb-669d2d5b8cbd,Campaign 9,Social,True,False,2023-11-01T12:33:51
a53014ae-d783-4830-98d2-483d87a16fec,d20c27bd-bd15-47d8-9cdb-669d2d5b8cbd,Campaign 9,Social,True,False,2024-09-28T12:33:51
079b5788-7db4-4911-87aa-4c862b4134eb,d20c27bd-bd15-47d8-9cdb-669d2d5b8cbd,Campaign 10,Social,True,True,2024-12-15T12:33:51
79fac674-5b5a-4cba-a332-a11118197f57,d20c27bd-bd15-47d8-9cdb-669d2d5b8cbd,Campaign 9,Phone,False,True,2025-05-26T12:33:51
cf72fcda-708a-4710-a9e8-9e8d26d0b6df,d22e37f4-f7e6-4fdb-94a4-43662f53b188,Campaign 3,Phone,True,False,2024-08-24T12:33:51
c4319d17-849c-4ab8-afd3-e7ef04656ec5,d22e37f4-f7e6-4fdb-94a4-43662f53b188,Campaign 1,SMS,False,True,2023-11-12T12:33:51
37c9a0ba-6547-4ec9-901e-25d301a180b1,d22e37f4-f7e6-4fdb-94a4-43662f53b188,Campaign 10,SMS,False,False,2024-02-03T12:33:51
4d9c7740-42b2-42c4-9117-8e6af4d41b8d,d22e37f4-f7e6-4fdb-94a4-43662f53b188,Campaign 2,Social,False,True,2024-12-05T12:33:51
aa3de55a-21a8-473f-b247-af8e25467159,d22e37f4-f7e6-4fdb-94a4-43662f53b188,Campaign 9,Email,True,False,2024-04-16T12:33:51
5dec3471-678b-4fe1-99fc-0a54bbf4810c,d2702d94-ccea-4b91-bf97-4daf5b812493,Campaign 4,Phone,True,True,2025-01-28T12:33:51
4b8370f7-10b9-4d4e-b714-4283598c137f,d2702d94-ccea-4b91-bf97-4daf5b812493,Campaign 2,Email,False,True,2025-01-02T12:33:51
e54283ea-00d4-4015-8ed3-a38120fb3e4c,d2764fe8-5967-406c-a912-b4cd6f940c3b,Campaign 2,Phone,False,False,2024-02-11T12:33:51
892f7987-e7db-4e43-b6a9-7da5ee4e704d,d2857165-2178-473a-afec-46aa350be24d,Campaign 4,Email,False,False,2023-09-21T12:33:51
e8332f4d-5540-47ac-9086-ff48f20aa2b1,d2857165-2178-473a-afec-46aa350be24d,Campaign 7,Email,True,False,2025-01-05T12:33:51
8beb13a0-4b96-4872-af02-80c966023ddf,d2857165-2178-473a-afec-46aa350be24d,Campaign 4,Email,False,True,2024-05-18T12:33:51
fec22bcf-16eb-4b55-bc69-2ec1a76a1acd,d2857165-2178-473a-afec-46aa350be24d,Campaign 8,Social,True,True,2023-12-16T12:33:51
92d004f8-de77-4727-810b-8cb175d3b119,d2857165-2178-473a-afec-46aa350be24d,Campaign 1,SMS,True,True,2024-07-15T12:33:51
f16d2797-8083-4805-b4f1-276f4de4f51a,d298b3f8-7634-4682-a538-6c70013e1248,Campaign 4,Email,True,True,2024-06-09T12:33:51
fce50f5c-7709-44c7-9442-4233ac124c0c,d298b3f8-7634-4682-a538-6c70013e1248,Campaign 8,SMS,True,True,2023-12-01T12:33:51
9d25e271-9151-4c21-98b3-c409a6081ee5,d298b3f8-7634-4682-a538-6c70013e1248,Campaign 10,SMS,True,False,2025-02-25T12:33:51
7b81a122-8622-4bee-98e7-694885d1c2c3,d29a96f2-364d-4b9e-8ada-4fb12f6cb77b,Campaign 1,Email,False,True,2023-12-22T12:33:51
574326d0-46a9-465b-9a03-d1b6a963f22b,d29a96f2-364d-4b9e-8ada-4fb12f6cb77b,Campaign 8,Social,False,False,2023-09-07T12:33:51
05477bed-7522-4f13-8fe3-0fb84105ca3f,d29a96f2-364d-4b9e-8ada-4fb12f6cb77b,Campaign 10,SMS,True,False,2024-05-26T12:33:51
84e7e552-714d-4837-85f4-eae458ac0d0c,d29a96f2-364d-4b9e-8ada-4fb12f6cb77b,Campaign 3,SMS,False,True,2024-11-05T12:33:51
52d96c08-cf7d-49c6-93bc-637a2e83b51f,d29a96f2-364d-4b9e-8ada-4fb12f6cb77b,Campaign 8,Phone,True,False,2024-04-01T12:33:51
0a1d5456-ed1f-46a1-baea-6adea76017c9,d2be4254-7fed-4376-833a-2ca93ebcad14,Campaign 2,Social,True,False,2025-01-18T12:33:51
5b50d008-3e61-45c3-a4f1-f672080b808a,d2be4254-7fed-4376-833a-2ca93ebcad14,Campaign 6,Social,False,False,2025-04-26T12:33:51
fea72263-db03-41f1-a883-cd181ddf9d5a,d2be4254-7fed-4376-833a-2ca93ebcad14,Campaign 6,Email,False,False,2024-10-04T12:33:51
342d9acd-b9e9-4926-80a4-13216e809e5d,d2be4254-7fed-4376-833a-2ca93ebcad14,Campaign 4,Email,False,True,2023-09-09T12:33:51
230ea254-4006-4b86-9fa3-114f9b04c5cd,d2e12620-cef4-494e-af1d-b239b4f1a892,Campaign 1,Social,False,True,2023-12-04T12:33:51
cc48aa12-42f0-4252-9eb7-16a6ba259e64,d2e12620-cef4-494e-af1d-b239b4f1a892,Campaign 4,SMS,False,True,2024-12-04T12:33:51
d7e1b07e-a2b3-4ed0-87e1-bdba0bbd2bc6,d2e12620-cef4-494e-af1d-b239b4f1a892,Campaign 2,Social,True,False,2024-03-03T12:33:51
c8b04fdc-50fe-4f96-8a97-298a0f5bcbf1,d2e1e70c-1220-4fd5-b9ad-3a332285d788,Campaign 5,Social,True,False,2023-11-15T12:33:51
77350858-1763-4204-99dd-a272fbb50835,d2e1e70c-1220-4fd5-b9ad-3a332285d788,Campaign 5,SMS,True,True,2024-01-08T12:33:51
e014a4d3-32df-4ef3-bc42-d1e6624fb80c,d2e1e70c-1220-4fd5-b9ad-3a332285d788,Campaign 2,Email,True,False,2025-02-23T12:33:51
c1d23f4a-9eca-4473-bea8-6fe47f2c9e80,d2e1e70c-1220-4fd5-b9ad-3a332285d788,Campaign 8,Phone,True,True,2024-03-18T12:33:51
487e1a34-9fd2-40ab-86df-3c2c964a39be,d2e1e70c-1220-4fd5-b9ad-3a332285d788,Campaign 4,Phone,False,False,2024-12-20T12:33:51
f94abf99-6367-4806-834d-4c81cf23ed16,d2f5c7c6-e70c-4407-9fad-18007c933ca9,Campaign 1,Phone,False,True,2024-01-31T12:33:51
acb2d01c-c196-4385-bd7f-592381934939,d2f5c7c6-e70c-4407-9fad-18007c933ca9,Campaign 1,Email,False,True,2024-04-17T12:33:51
fe55f272-086b-47eb-8337-2ff978182e83,d2f5c7c6-e70c-4407-9fad-18007c933ca9,Campaign 4,SMS,True,False,2023-11-01T12:33:51
9f9e0ca5-6c9c-4c65-862d-b5a4e31fcd4d,d2f5c7c6-e70c-4407-9fad-18007c933ca9,Campaign 3,Email,True,True,2024-08-19T12:33:51
d4ce6212-1b90-4031-a5fd-3ad88617215b,d2f5c7c6-e70c-4407-9fad-18007c933ca9,Campaign 4,SMS,False,False,2024-11-10T12:33:51
06aaefe1-35f5-49d7-a090-9461424398d1,d359b2bd-c315-4561-bd00-14b7b81a70dc,Campaign 3,Phone,False,False,2024-02-02T12:33:51
d63b6077-9a2e-47b4-8daa-95119426a685,d359b2bd-c315-4561-bd00-14b7b81a70dc,Campaign 5,SMS,False,True,2024-12-07T12:33:51
304a241b-32c5-4ae4-b6c3-52c0f8f81bf0,d359b2bd-c315-4561-bd00-14b7b81a70dc,Campaign 3,Social,True,True,2025-03-10T12:33:51
91c57ee4-b25c-4c71-8bd0-c4ea50226c41,d359b2bd-c315-4561-bd00-14b7b81a70dc,Campaign 4,Email,False,True,2023-11-12T12:33:51
3577199f-02f6-4dd1-a50e-86538f5269dd,d359b2bd-c315-4561-bd00-14b7b81a70dc,Campaign 9,SMS,True,False,2023-12-22T12:33:51
738b989c-cfe4-4822-b323-c058106f242e,d366719b-120d-4a9b-8bd9-9f95a8bace87,Campaign 4,SMS,True,False,2024-08-24T12:33:51
6e7b5b61-511c-4ce9-83e8-d1398c29a8d0,d366719b-120d-4a9b-8bd9-9f95a8bace87,Campaign 3,Phone,True,True,2024-05-04T12:33:51
68c08a25-4741-4725-a96b-2c965d7b7229,d366719b-120d-4a9b-8bd9-9f95a8bace87,Campaign 10,Email,False,False,2025-07-23T12:33:51
79cdf769-0c48-43b0-b68d-9cda4a7e0360,d366719b-120d-4a9b-8bd9-9f95a8bace87,Campaign 6,Email,False,False,2023-10-06T12:33:51
22c04455-2df0-477d-9265-3515490f6463,d366719b-120d-4a9b-8bd9-9f95a8bace87,Campaign 5,Social,True,True,2024-07-30T12:33:51
c1841454-5cd8-481e-847d-87ed79234aa9,d36a21aa-57f2-4190-8e43-cb5b789d716a,Campaign 1,Phone,True,True,2023-09-08T12:33:51
d287199e-1f95-4701-b977-3c425b69d3e4,d36a21aa-57f2-4190-8e43-cb5b789d716a,Campaign 10,Email,False,False,2025-06-23T12:33:51
551ea1b1-8b25-4f87-801b-5636ef3c4099,d36a21aa-57f2-4190-8e43-cb5b789d716a,Campaign 2,Phone,False,True,2023-08-31T12:33:51
bc5da1f0-d8a1-4057-a309-38f7d317ff78,d36a21aa-57f2-4190-8e43-cb5b789d716a,Campaign 2,Email,False,False,2024-12-20T12:33:51
f62a8013-0ccf-417a-bb8d-a21e5960f528,d36a21aa-57f2-4190-8e43-cb5b789d716a,Campaign 5,Phone,True,False,2025-01-27T12:33:51
a5c0dc1a-bed7-4c67-b267-62089ee062c6,d3a06a2d-1401-46ba-aa4a-14641d2c8c6b,Campaign 2,Social,False,True,2025-01-28T12:33:51
65077d55-461e-4bb2-b662-a1dd1a0f455d,d3be13aa-6e46-4ece-9fa1-36b3425d6d65,Campaign 4,Email,False,False,2023-12-19T12:33:51
4fd9e329-e496-4c43-9295-f8cfb0da6aec,d3be13aa-6e46-4ece-9fa1-36b3425d6d65,Campaign 7,Email,True,False,2025-03-18T12:33:51
0b38cd7c-f9ad-4df8-b58f-c63d0ef855cb,d3c6532f-c6a0-4e10-b8e6-f6f5979ae7de,Campaign 6,Email,False,False,2023-11-12T12:33:51
ded8b37c-f422-467e-809a-ad279d3947ef,d3c6532f-c6a0-4e10-b8e6-f6f5979ae7de,Campaign 6,SMS,True,True,2023-10-11T12:33:51
b447d7f2-2b21-4c09-a7fe-eee8d5e02086,d3c6532f-c6a0-4e10-b8e6-f6f5979ae7de,Campaign 1,SMS,True,False,2024-08-12T12:33:51
982238b6-7686-4bee-827b-7bbf13d8fbd5,d3c6532f-c6a0-4e10-b8e6-f6f5979ae7de,Campaign 6,Social,True,False,2025-06-06T12:33:51
fe29370f-7351-4541-819c-6435e0e9710e,d4041865-1351-4ce2-bdc2-ac01a9646922,Campaign 3,SMS,True,True,2024-04-19T12:33:51
b91aa61d-fdae-4c4d-8753-672699aaef19,d4041865-1351-4ce2-bdc2-ac01a9646922,Campaign 10,Email,False,True,2024-04-02T12:33:51
ed5c975e-0172-44ba-8f0d-ba3fdf2405f3,d4041865-1351-4ce2-bdc2-ac01a9646922,Campaign 1,Social,True,True,2025-04-21T12:33:51
72fafdae-4394-44c3-be1f-57853d002215,d4041865-1351-4ce2-bdc2-ac01a9646922,Campaign 4,SMS,True,True,2024-03-05T12:33:51
1d43cd9a-94ba-4282-900c-cb325735c599,d4041865-1351-4ce2-bdc2-ac01a9646922,Campaign 2,Email,True,False,2025-07-30T12:33:51
a239bd17-0e26-4c1f-ae5c-b11e5ddc2347,d4762591-c36b-44cf-a8f6-de5f90a682b9,Campaign 2,Social,True,True,2023-09-16T12:33:51
c19edc62-17b5-44ea-b1f0-aa573e7085ab,d4762591-c36b-44cf-a8f6-de5f90a682b9,Campaign 4,Email,True,True,2025-07-15T12:33:51
c07b449d-439f-4745-8973-3aa0b5e7689a,d4762591-c36b-44cf-a8f6-de5f90a682b9,Campaign 9,Email,True,True,2024-12-27T12:33:51
4181a9eb-3782-426b-b44c-c741fc2a444a,d4762591-c36b-44cf-a8f6-de5f90a682b9,Campaign 1,Phone,True,True,2025-05-17T12:33:51
2203ad79-330e-4747-9c18-0cdc675f938b,d4762591-c36b-44cf-a8f6-de5f90a682b9,Campaign 1,Email,True,True,2024-04-06T12:33:51
0b9dd101-0c19-4a4d-945c-55d011cae0e3,d485b442-5ccb-4698-934a-6785d5ed510a,Campaign 10,Phone,False,False,2023-09-01T12:33:51
700ea29c-5584-4201-8343-111bdf0e6bee,d485b442-5ccb-4698-934a-6785d5ed510a,Campaign 3,Email,False,False,2025-01-07T12:33:51
38915d3a-9e1d-405c-bcf4-f39481c79f71,d4984361-7bae-4c1c-aa08-e32a4a3003d6,Campaign 5,Phone,False,False,2025-01-03T12:33:51
74afc838-76ca-4ca6-89d6-2d8c7c4ea5ef,d4984361-7bae-4c1c-aa08-e32a4a3003d6,Campaign 7,Phone,False,False,2024-05-11T12:33:51
b000fc70-8b83-4569-907e-5db3f045b266,d4984361-7bae-4c1c-aa08-e32a4a3003d6,Campaign 1,Email,False,False,2024-01-26T12:33:51
2a20b11d-acf0-4e0f-9e81-a7d2160c1a4d,d4a861c3-6a99-4dc8-a4c4-8b2462b73592,Campaign 7,Email,True,True,2024-09-15T12:33:51
ce9169e6-c5c4-4bc4-a995-bebb53e477a4,d4a861c3-6a99-4dc8-a4c4-8b2462b73592,Campaign 4,Email,True,True,2025-04-16T12:33:51
35b22411-0848-4c28-81d4-7bbf0ba0e79f,d5197492-3441-4323-a0bc-109529538345,Campaign 3,Social,True,False,2024-06-14T12:33:51
df36ed8e-b3ab-4692-9db9-fa09bcd4c253,d5197492-3441-4323-a0bc-109529538345,Campaign 6,SMS,False,False,2024-04-04T12:33:51
073e67ba-19d0-45b0-b1e2-93306ad6a505,d5197492-3441-4323-a0bc-109529538345,Campaign 8,SMS,True,True,2024-08-14T12:33:51
e3c770ba-0b6f-4f31-b40c-a1ac4aaf45c5,d527f42c-6f5a-48fd-b4a5-61a4d5da2471,Campaign 9,Social,False,False,2024-07-30T12:33:51
08e57403-aea5-40cf-b619-e77345264bc4,d527f42c-6f5a-48fd-b4a5-61a4d5da2471,Campaign 1,Phone,True,False,2025-01-08T12:33:51
77d749b3-42f7-47a1-9921-441af8af1a11,d527f42c-6f5a-48fd-b4a5-61a4d5da2471,Campaign 10,Email,False,True,2024-02-24T12:33:51
82bafe07-598f-4c80-9fe6-33105392a069,d527f42c-6f5a-48fd-b4a5-61a4d5da2471,Campaign 9,Email,True,False,2025-02-13T12:33:51
800e8fa3-b93e-466f-976b-57f5ed34b063,d5394ff9-076d-4f74-8a42-0755e2c4b0eb,Campaign 6,Social,False,True,2025-04-05T12:33:51
34c2705d-0668-4e8b-94d3-50076d48c5d5,d5394ff9-076d-4f74-8a42-0755e2c4b0eb,Campaign 2,Phone,False,True,2025-03-11T12:33:51
bc31bc8b-0bf1-4b65-bbea-22387caecfc2,d5394ff9-076d-4f74-8a42-0755e2c4b0eb,Campaign 5,Social,False,True,2024-08-19T12:33:51
e20be147-574f-4e85-829a-e3bbc2946ccf,d5394ff9-076d-4f74-8a42-0755e2c4b0eb,Campaign 6,SMS,True,True,2024-07-06T12:33:51
58a3848f-78b8-4110-a6f3-70041f9dbc19,d59ea746-e298-403b-8b1c-11638364dc4d,Campaign 10,Social,False,True,2025-07-28T12:33:51
6ec2e9a2-fabb-4599-9709-cae791963c03,d5a1fc01-bce8-45a1-8854-506d52f03035,Campaign 5,SMS,True,False,2024-08-05T12:33:51
00796f27-280a-4ea8-9592-07c5bd0f1076,d5a1fc01-bce8-45a1-8854-506d52f03035,Campaign 5,Email,False,False,2024-02-23T12:33:51
33079663-1b11-4f95-88e5-677b37dbd9ea,d5a1fc01-bce8-45a1-8854-506d52f03035,Campaign 8,Email,True,False,2025-03-28T12:33:51
c9670864-fbda-4c71-9159-d681e6548a8b,d5a1fc01-bce8-45a1-8854-506d52f03035,Campaign 3,SMS,True,True,2023-10-01T12:33:51
70b354fa-2ec4-4350-b15e-31de10927e26,d5a1fc01-bce8-45a1-8854-506d52f03035,Campaign 4,Social,False,True,2025-05-29T12:33:51
75f2e83e-6617-464e-96d4-3eb7dc4472a9,d5b4b31e-1a99-4af4-abd5-7303d9917246,Campaign 1,SMS,True,True,2025-07-31T12:33:51
02e18f36-e159-41fa-97b6-c9366c95a7da,d6015a2b-6ba5-46de-9db6-ce04ed5e9537,Campaign 3,Phone,True,False,2025-01-08T12:33:51
ecccab7a-e188-4fd1-87dd-2b9aa69f3857,d6015a2b-6ba5-46de-9db6-ce04ed5e9537,Campaign 7,Social,False,False,2024-10-22T12:33:51
bc94e104-90ea-4b2a-9430-c82e012e101d,d62f7d16-ee96-4751-b7d1-7a737f6d09d9,Campaign 9,Phone,True,False,2024-05-22T12:33:51
921dde15-b1c2-454c-9d9a-5d0373e2add5,d62f7d16-ee96-4751-b7d1-7a737f6d09d9,Campaign 7,SMS,False,False,2023-09-30T12:33:51
8ba1c448-0954-410a-be59-70a8ce973f7a,d62f7d16-ee96-4751-b7d1-7a737f6d09d9,Campaign 9,SMS,True,False,2023-10-08T12:33:51
3c4d1aab-1532-40c5-995a-9f7321111909,d62f7d16-ee96-4751-b7d1-7a737f6d09d9,Campaign 8,Social,False,False,2024-11-27T12:33:51
3c123891-b3a6-4b21-83bf-b350979ed015,d646f8c2-982e-4496-828f-7a20b3760272,Campaign 6,SMS,True,False,2023-11-06T12:33:51
8fafd8d5-3dcf-41e1-a11c-7305ff1d4a13,d64fdfe8-4c8a-47eb-9c94-c78593abe450,Campaign 1,Phone,True,True,2024-08-29T12:33:51
f1a78485-8c75-44c4-b192-b560af7df8b1,d64fdfe8-4c8a-47eb-9c94-c78593abe450,Campaign 10,Social,True,False,2024-03-22T12:33:51
e30cf73a-9742-453a-9d50-9cc68eae0d6f,d64fdfe8-4c8a-47eb-9c94-c78593abe450,Campaign 3,SMS,False,True,2024-07-21T12:33:51
267626b1-2069-40f1-bbaa-20023efd96e6,d697e430-024b-4afa-97b4-322772aa2537,Campaign 10,Social,False,False,2023-11-03T12:33:51
5aad96e6-2a96-4cea-89bf-99453538b7ba,d697e430-024b-4afa-97b4-322772aa2537,Campaign 9,SMS,False,True,2023-09-04T12:33:51
9a497b1d-8206-4623-92c0-98af2ad4e5c9,d697e430-024b-4afa-97b4-322772aa2537,Campaign 2,SMS,False,True,2025-03-01T12:33:51
fafc0b10-48d3-47ab-99bf-b4fbd841e859,d69b915f-fea8-448e-85f0-2786c483bff2,Campaign 5,Email,False,False,2024-04-22T12:33:51
c7b711c1-eeb8-4f06-9d23-8c84ce93e00b,d69b915f-fea8-448e-85f0-2786c483bff2,Campaign 3,SMS,False,True,2024-01-09T12:33:51
a0ab1c41-2ff5-4039-a101-d387d56f3a37,d6b929f4-2852-4d6b-b816-2cf7812b7d4f,Campaign 8,SMS,False,False,2024-02-21T12:33:51
d13ebe62-95b0-4e1f-9041-ad7ba3ce90cc,d6b929f4-2852-4d6b-b816-2cf7812b7d4f,Campaign 10,Email,True,True,2025-02-17T12:33:51
235bc1ff-76a0-4362-9be7-4c7278c6e149,d711cd5a-8762-4048-8c3e-e8ca94adbbe0,Campaign 6,Email,False,False,2024-08-11T12:33:51
22f09164-e0cd-4b32-a87b-399a17a1c2e1,d711cd5a-8762-4048-8c3e-e8ca94adbbe0,Campaign 5,SMS,False,True,2024-09-06T12:33:51
888c4b6c-11ae-4bbc-87c6-cd0156bc00d3,d711cd5a-8762-4048-8c3e-e8ca94adbbe0,Campaign 10,SMS,True,False,2025-08-24T12:33:51
ad36721f-35e5-44b8-b84c-c4714223fe99,d711cd5a-8762-4048-8c3e-e8ca94adbbe0,Campaign 7,Phone,False,False,2025-08-13T12:33:51
d0bd958b-6b40-4f66-85e2-daeb86b24020,d711cd5a-8762-4048-8c3e-e8ca94adbbe0,Campaign 9,Phone,False,True,2023-10-08T12:33:51
ee63d52e-1886-4bea-b6c9-146601bc8d82,d7147c7f-cda8-429f-970f-a336fff6d4f0,Campaign 6,Email,False,True,2025-07-09T12:33:51
b1534b82-8bcd-459a-8d32-1552885e7a35,d7147c7f-cda8-429f-970f-a336fff6d4f0,Campaign 5,SMS,True,False,2024-12-09T12:33:51
e012b6f0-c8be-4dbe-8fdb-995c3bc7a861,d79fb4ee-2c09-4936-8679-e76b5a9eba51,Campaign 9,Phone,False,True,2025-04-27T12:33:51
67cea645-0449-4003-8f22-015019662f89,d79fb4ee-2c09-4936-8679-e76b5a9eba51,Campaign 9,Email,True,True,2024-05-07T12:33:51
ee007969-d38b-494a-bb77-a1f10e0e7042,d7a6f0d0-4aec-4433-afa9-1298a6d5a4f0,Campaign 2,Social,True,True,2025-08-29T12:33:51
f61c2336-9962-4cba-ae19-34c1e09f6bd0,d7a6f0d0-4aec-4433-afa9-1298a6d5a4f0,Campaign 1,Email,True,True,2023-12-02T12:33:51
a52e754e-ff6e-4e6c-a915-f652b6f81b0d,d7a6f0d0-4aec-4433-afa9-1298a6d5a4f0,Campaign 7,Email,True,False,2023-12-11T12:33:51
91d49fc6-2e9a-46bd-a266-c2802ae41dd8,d7a6f0d0-4aec-4433-afa9-1298a6d5a4f0,Campaign 9,Social,False,False,2025-07-19T12:33:51
a7bea3b7-88d2-4309-8cbd-2275073fd14b,d7b397d3-c204-401d-bd28-fd4aa9d0a445,Campaign 3,Phone,False,True,2024-02-24T12:33:51
741676d8-0c3d-438d-90c8-fa00160531f4,d7b397d3-c204-401d-bd28-fd4aa9d0a445,Campaign 5,Phone,True,False,2024-05-31T12:33:51
25e6b90b-5442-4c4a-936f-7e91c02e3f48,d7b397d3-c204-401d-bd28-fd4aa9d0a445,Campaign 8,Phone,False,True,2024-09-21T12:33:51
f603682b-e675-4d86-923c-d796aec01026,d7de2100-d03d-4982-8e02-8a6f57b9228c,Campaign 4,Email,False,True,2025-08-25T12:33:51
bc5027e9-afd2-423e-9c72-e39ef1e690c1,d7de2100-d03d-4982-8e02-8a6f57b9228c,Campaign 5,Phone,False,True,2025-02-02T12:33:51
f15a1c35-df62-4479-b29c-fc5d91f90c2d,d7de2100-d03d-4982-8e02-8a6f57b9228c,Campaign 9,Phone,False,False,2023-09-13T12:33:51
a7f99190-1b3c-4229-8a9d-a149cdbc6ead,d7de2100-d03d-4982-8e02-8a6f57b9228c,Campaign 1,Email,False,False,2025-01-31T12:33:51
cee9c17c-9a1d-4b00-944c-73f45473fc3c,d7eeceb9-64ef-482e-8bc9-2b14bd4081f7,Campaign 3,Email,False,False,2025-04-02T12:33:51
2ad0838d-ac56-468c-a630-6f48eb0a1e8b,d7eeceb9-64ef-482e-8bc9-2b14bd4081f7,Campaign 7,Phone,True,False,2024-05-19T12:33:51
c1ab9a76-1ac5-47e9-8bec-a1d863a613cd,d7f26a55-bac2-4106-921e-53187377783d,Campaign 4,Phone,True,False,2024-11-11T12:33:51
8caf2db9-b8d5-4f3b-a9f8-212e9ceaa832,d7f939be-8652-4c15-9838-cc4a9f665f94,Campaign 5,Social,False,False,2023-10-03T12:33:51
8fa88bea-c33a-4034-8db6-d740990f51c5,d7f939be-8652-4c15-9838-cc4a9f665f94,Campaign 1,SMS,True,False,2024-01-10T12:33:51
ff25b436-25c6-4280-8df2-b49533270199,d806f6cd-c337-4326-9370-4ba1d064a6d0,Campaign 1,Social,True,True,2023-09-27T12:33:51
5b8ece81-ef75-4966-ae30-364a9c436df3,d806f6cd-c337-4326-9370-4ba1d064a6d0,Campaign 10,Phone,True,False,2023-11-08T12:33:51
7b725782-e7cf-4c06-a290-2e52d43e5a4a,d806f6cd-c337-4326-9370-4ba1d064a6d0,Campaign 10,SMS,True,False,2024-07-25T12:33:51
8db57587-672f-4d82-98ef-a88467c5b7db,d806f6cd-c337-4326-9370-4ba1d064a6d0,Campaign 4,Email,True,True,2024-02-25T12:33:51
15fe518d-bcfb-414e-9869-bdedf274fbb4,d83f274b-b3d3-4ccf-a0e2-d73e92fe06e7,Campaign 9,Social,True,True,2024-03-13T12:33:51
5d3f0220-836c-4375-b324-0da4655c36ae,d83f274b-b3d3-4ccf-a0e2-d73e92fe06e7,Campaign 4,Social,True,False,2023-12-24T12:33:51
8dabe9a5-6f68-4f0f-ac06-561e21dd922e,d83f274b-b3d3-4ccf-a0e2-d73e92fe06e7,Campaign 10,Email,True,False,2025-02-19T12:33:51
efc0d3ed-1f3f-44ef-942a-a3b42dfd67bb,d86df308-a096-4330-8203-a01b097f880f,Campaign 3,Phone,True,False,2023-12-05T12:33:51
f74583d8-84de-49c1-947d-ff27905a8f2e,d86df308-a096-4330-8203-a01b097f880f,Campaign 6,Email,False,False,2025-08-05T12:33:51
10199f39-af8a-4ef7-9d89-be55c4d5b500,d86df308-a096-4330-8203-a01b097f880f,Campaign 3,SMS,True,False,2025-05-20T12:33:51
f7433b11-744f-4579-833e-c749bea3ccfb,d86df308-a096-4330-8203-a01b097f880f,Campaign 2,Email,False,True,2025-02-08T12:33:51
38759ea1-77b4-4d23-a4ac-54f5b2961861,d86df308-a096-4330-8203-a01b097f880f,Campaign 8,Email,True,False,2025-05-18T12:33:51
6ba53a19-bac9-42c8-95b9-f700339e22a9,d898f586-4baf-408f-9d0f-ad860993e6af,Campaign 3,SMS,True,True,2023-10-20T12:33:51
8a709dc8-3252-41ed-b7af-c7546c58542e,d898f586-4baf-408f-9d0f-ad860993e6af,Campaign 5,Email,True,False,2024-05-05T12:33:51
21b2a888-8b95-4108-a9e9-92c3707d7f8e,d898f586-4baf-408f-9d0f-ad860993e6af,Campaign 4,Social,True,False,2024-04-13T12:33:51
39d9481f-7d6c-4baa-bbaf-7760f2c4a4f4,d898f586-4baf-408f-9d0f-ad860993e6af,Campaign 2,Email,True,True,2024-03-04T12:33:51
d8a88da6-c650-4a7c-899b-bc281b295233,d89e5cae-9e68-4e8b-b7f9-a41f5c4b9531,Campaign 4,Email,True,True,2025-05-15T12:33:51
d0780568-007c-40f5-94ef-743a6cb7ca3f,d8a1dc3a-af46-44a8-9e36-7b509f07c046,Campaign 2,Social,True,False,2024-08-25T12:33:51
ba6de8b5-9679-43ce-ba1f-27e26c4ece1a,d8ae0379-4d80-45dd-ab48-24821b0a24ec,Campaign 4,Social,True,True,2024-11-03T12:33:51
0f3f648b-117b-4e0a-8721-c378cae2a357,d8ae0379-4d80-45dd-ab48-24821b0a24ec,Campaign 3,Social,False,False,2023-09-03T12:33:51
778dd899-bb27-4919-9669-53c64ab23d02,d8ae0379-4d80-45dd-ab48-24821b0a24ec,Campaign 10,SMS,True,True,2023-11-01T12:33:51
ed0c3f54-25ad-41cc-9d00-6215c8fa6836,d8ae0379-4d80-45dd-ab48-24821b0a24ec,Campaign 3,SMS,False,False,2025-05-28T12:33:51
fd98447f-a018-459c-a3fe-9e408e8493e2,d8ae0379-4d80-45dd-ab48-24821b0a24ec,Campaign 5,Phone,True,False,2024-06-21T12:33:51
38ac9162-c39c-44b2-93f8-3bbc25323e8e,d8bd8f04-f8ee-4301-9b73-89f5bca7dd64,Campaign 2,Social,True,False,2025-07-25T12:33:51
a1c4b84a-7c0a-44e3-8bd0-dc1c209fddb8,d8e2e871-e098-4fce-a71e-870330696028,Campaign 1,Social,False,False,2024-10-05T12:33:51
dcc12ff8-a402-4267-867f-b69de1ff311b,d8e2e871-e098-4fce-a71e-870330696028,Campaign 8,Email,True,True,2024-02-10T12:33:51
87534eff-b8a8-4d03-9208-cd7088fbdd16,d8ec0d18-ba43-4869-a0dd-85acb40a335a,Campaign 4,Email,False,True,2024-07-20T12:33:51
f318bc79-36ec-42d2-bc4a-7e2be9b0033f,d8ec0d18-ba43-4869-a0dd-85acb40a335a,Campaign 9,Email,True,True,2024-07-16T12:33:51
3d20e40c-3b5a-4248-9d95-63c252a8dddd,d8ec0d18-ba43-4869-a0dd-85acb40a335a,Campaign 1,Phone,False,True,2024-07-01T12:33:51
d8c431a5-281c-418f-a608-48a4f9f6c7e6,d8f14861-ba51-48d2-ace9-a13fce05acd2,Campaign 2,Phone,False,True,2023-11-29T12:33:51
21bfebfd-7b6a-4522-a7bf-5c205d0ca515,d8f14861-ba51-48d2-ace9-a13fce05acd2,Campaign 8,Phone,False,True,2024-10-13T12:33:51
df579d63-ae96-4535-9ca3-da103dcd9aae,d8f14861-ba51-48d2-ace9-a13fce05acd2,Campaign 8,Phone,True,False,2025-02-01T12:33:51
5afe70d9-e43d-4e9b-976f-92ed74275d90,d8f14861-ba51-48d2-ace9-a13fce05acd2,Campaign 1,Social,False,True,2024-02-13T12:33:51
82f68980-93f6-4f03-9b76-b5706b2b8ce7,d90c395f-27df-481b-a4de-70276ea54d99,Campaign 10,Social,True,False,2023-10-11T12:33:51
62ecb93c-4ce7-4c85-be83-e9eb5bf0496e,d90c395f-27df-481b-a4de-70276ea54d99,Campaign 6,Phone,True,True,2024-10-02T12:33:51
70f0298a-c9f4-4d40-ab06-1a384c67950f,d90c395f-27df-481b-a4de-70276ea54d99,Campaign 8,Email,False,False,2024-05-19T12:33:51
a1c9cbd4-ce82-4395-8c72-31a64311ba91,d90c395f-27df-481b-a4de-70276ea54d99,Campaign 10,Social,False,False,2024-12-18T12:33:51
67d19df6-625a-4382-b2f6-6f287085cfd3,d9141ff3-1ba0-400e-b91a-0db20e82620e,Campaign 1,Email,False,True,2025-07-15T12:33:51
ece6abfe-1024-4c14-bfe2-1d0f185f441f,d9141ff3-1ba0-400e-b91a-0db20e82620e,Campaign 2,SMS,True,True,2025-01-16T12:33:51
dbd332f3-cf6e-4651-af25-20ab440f812b,d9141ff3-1ba0-400e-b91a-0db20e82620e,Campaign 6,Social,False,True,2024-01-12T12:33:51
37119dbf-a683-4adb-a835-a7413197a764,d9141ff3-1ba0-400e-b91a-0db20e82620e,Campaign 8,Social,False,True,2024-06-10T12:33:51
c7c38ffa-4e9c-4c09-9d65-2c26a9271790,d91b8ad4-527c-410a-b0a9-19c05307aea1,Campaign 10,SMS,False,True,2025-01-17T12:33:51
68120043-e567-45a0-b857-f8b231e9f701,d91b8ad4-527c-410a-b0a9-19c05307aea1,Campaign 5,SMS,True,False,2024-07-29T12:33:51
dc949967-1ea7-4801-9c06-3ec9d7d3a8d1,d91b8ad4-527c-410a-b0a9-19c05307aea1,Campaign 2,Email,True,False,2024-02-06T12:33:51
32a4b87c-6544-4338-a0d9-b4e6d17bef26,d91b8ad4-527c-410a-b0a9-19c05307aea1,Campaign 8,Email,False,False,2024-03-24T12:33:51
24cf0bba-2b2c-4dca-aae2-c10065a37bae,d91b8ad4-527c-410a-b0a9-19c05307aea1,Campaign 4,Social,True,False,2024-05-12T12:33:51
0f4a1045-e283-4d0c-91da-dec002e37d88,d934b447-bad2-4be7-beea-784568a2ab04,Campaign 6,SMS,False,True,2024-03-15T12:33:51
9dab9d40-34a3-442f-a305-7c1158ab7cd7,d934b447-bad2-4be7-beea-784568a2ab04,Campaign 6,Phone,False,False,2023-11-08T12:33:51
b798baeb-fcd6-4841-8889-d5f1e423f46e,d9582a46-e3c4-4339-9187-2f2e6b015e7b,Campaign 7,Email,False,False,2025-03-09T12:33:51
5b4e5f8d-9cd1-4c7b-b37a-e2754c753447,d9582a46-e3c4-4339-9187-2f2e6b015e7b,Campaign 4,Email,True,False,2025-07-01T12:33:51
56f367e1-041f-4a52-bd49-2f692dcee21f,d9582a46-e3c4-4339-9187-2f2e6b015e7b,Campaign 8,Social,True,True,2025-06-14T12:33:51
1f091503-b402-46ad-88ca-e1e96efffc98,d9582a46-e3c4-4339-9187-2f2e6b015e7b,Campaign 2,Email,False,True,2024-02-27T12:33:51
40028aeb-1afb-470a-8611-dd6c533c2f97,d95b3ae3-493c-43f8-b057-28f44f8c8e32,Campaign 10,Email,False,True,2023-12-30T12:33:51
cd645a70-2df1-4439-89ec-88aed915746d,d96ef0eb-e244-4ec7-a497-32b8fbe8c3af,Campaign 5,Email,True,True,2025-08-03T12:33:51
e5897fa5-ec2c-4bd0-9041-d54eea40289e,d96ef0eb-e244-4ec7-a497-32b8fbe8c3af,Campaign 4,Phone,False,True,2024-07-27T12:33:51
3cbbe6f5-451f-48c4-a58f-5a09d82ee229,d9abe70f-92c7-4bce-9522-c9547479c4d0,Campaign 1,Phone,False,False,2025-07-30T12:33:51
46b00881-5fd0-4ee5-977c-fb3205a034a2,d9bab4c0-4d22-452e-8210-e5890624c1a0,Campaign 9,Email,True,True,2023-10-17T12:33:51
afa91327-7dfa-421b-b9e1-8e2128a7d66d,d9bab4c0-4d22-452e-8210-e5890624c1a0,Campaign 1,Phone,True,True,2025-08-25T12:33:51
8829f058-9d7c-4715-b878-01fee175c740,d9bab4c0-4d22-452e-8210-e5890624c1a0,Campaign 2,SMS,True,False,2025-02-06T12:33:51
5d4cd797-e6b6-4d96-8394-e692a89a157e,d9bab4c0-4d22-452e-8210-e5890624c1a0,Campaign 8,SMS,True,False,2023-10-18T12:33:51
ae3bd1c8-e340-4b9e-b096-081e8a04f722,d9d52c4b-546c-4ae7-95d5-112d3cd0e401,Campaign 6,Social,True,True,2024-08-23T12:33:51
4f9b1540-2296-4361-b642-a978e6fddd62,d9d52c4b-546c-4ae7-95d5-112d3cd0e401,Campaign 7,Phone,False,False,2024-01-06T12:33:51
b2809b18-27b6-4231-a7b1-4d76cb549e4e,d9d52c4b-546c-4ae7-95d5-112d3cd0e401,Campaign 9,SMS,False,False,2024-07-27T12:33:51
e7492b8f-7ba9-410a-933e-70988f6039bb,d9d52c4b-546c-4ae7-95d5-112d3cd0e401,Campaign 6,Phone,False,True,2024-05-07T12:33:51
53ba8954-420f-4ef0-b566-b155767bab58,d9dfb3df-3b72-4db5-bd87-c589c08f674f,Campaign 6,SMS,False,True,2024-12-02T12:33:51
4778410f-0d0a-4247-9ba7-800edf68c1f5,d9dfb3df-3b72-4db5-bd87-c589c08f674f,Campaign 4,SMS,True,True,2024-03-19T12:33:51
60247a03-ecf8-464d-9b11-d0b93f64de44,d9dfb3df-3b72-4db5-bd87-c589c08f674f,Campaign 2,Phone,False,False,2025-05-06T12:33:51
13db22d1-84cd-4037-b8fe-8ed3767affe6,d9e81833-81b5-4147-8495-d0c579e6ea1c,Campaign 3,Phone,True,True,2024-09-04T12:33:51
7bf95ddd-2b49-4eeb-ba7f-17fa93130b7f,d9e81833-81b5-4147-8495-d0c579e6ea1c,Campaign 5,Phone,False,False,2024-05-25T12:33:51
f8a08986-fe3c-4b12-98ef-43a1715ecdcb,d9e81833-81b5-4147-8495-d0c579e6ea1c,Campaign 7,Social,False,True,2023-09-18T12:33:51
aa1bfc8a-7ee3-4ba9-b82f-1580a82da28a,da0e9a7a-85b3-46b8-9bf8-37f2b7fac69d,Campaign 3,Phone,True,False,2025-08-02T12:33:51
538d362f-5ded-499d-b051-5a98b72f568b,da0e9a7a-85b3-46b8-9bf8-37f2b7fac69d,Campaign 7,Phone,True,False,2025-06-09T12:33:51
a608ad68-c546-4de3-9b20-c3d511a7bb08,da0e9a7a-85b3-46b8-9bf8-37f2b7fac69d,Campaign 8,Email,False,True,2024-01-28T12:33:51
af5b46cb-e2ca-4228-8158-083bdafe502a,da0e9a7a-85b3-46b8-9bf8-37f2b7fac69d,Campaign 7,Social,True,False,2024-06-21T12:33:51
b62b77dd-28a7-4f86-868a-523ffad78c6a,da392664-893e-468e-a696-2cde12ab2249,Campaign 10,Email,False,False,2024-02-27T12:33:51
24ae79ec-3306-4489-9c56-1986221a2237,da392664-893e-468e-a696-2cde12ab2249,Campaign 4,SMS,False,False,2025-08-04T12:33:51
30a281ee-b910-4643-9760-9b9ae89d9e71,da392664-893e-468e-a696-2cde12ab2249,Campaign 2,Email,False,True,2024-03-24T12:33:51
f68755fa-4958-458d-8d41-8a588ad107c2,da889cb8-2fc0-46c5-823a-041505807704,Campaign 7,SMS,False,True,2023-12-05T12:33:51
89343e2b-d456-43cb-b3da-81ea973ff09c,da889cb8-2fc0-46c5-823a-041505807704,Campaign 9,Phone,True,True,2024-03-19T12:33:51
bd2b0112-cb2a-4323-9bb6-f121b221812b,da889cb8-2fc0-46c5-823a-041505807704,Campaign 10,SMS,False,True,2024-10-21T12:33:51
1da6b941-0209-4cf4-9bd5-b5e1af17cf0c,da889cb8-2fc0-46c5-823a-041505807704,Campaign 8,Email,False,True,2023-11-13T12:33:51
87b18b47-7c93-408b-b102-133dce0f3702,da9523ff-526f-4e90-8a64-6e5460ed446f,Campaign 6,Phone,True,False,2025-03-10T12:33:51
2d8f6f3d-7138-4054-af8a-4208ebc5955c,da9523ff-526f-4e90-8a64-6e5460ed446f,Campaign 4,Phone,True,False,2024-07-31T12:33:51
48da89e0-5250-4411-89a5-ac02a3d64530,daaa7116-a311-4aed-93b3-500e1302e814,Campaign 1,Phone,False,True,2024-11-03T12:33:51
2bf0bd19-8a86-43ee-9aa7-75af149b42ae,daaa7116-a311-4aed-93b3-500e1302e814,Campaign 1,Email,False,False,2025-03-08T12:33:51
c0a78017-12b8-4b83-b461-4223e4303644,dad66b35-abae-4363-b38b-b84e0bf7e086,Campaign 7,Email,True,True,2023-09-20T12:33:51
43ff83fb-bfa3-4dcd-bc1c-750f8a946554,dad66b35-abae-4363-b38b-b84e0bf7e086,Campaign 8,Phone,False,True,2024-12-23T12:33:51
2e62202a-b63f-482e-955a-68390c791e77,dad66b35-abae-4363-b38b-b84e0bf7e086,Campaign 7,Phone,True,True,2024-02-22T12:33:51
3d8fcdef-3ed5-41a3-9238-d8808ac77528,daf79a66-8e59-421f-a692-b5d392da8695,Campaign 7,Phone,False,True,2024-06-18T12:33:51
cf350357-3187-4842-a9b0-de64d0240dc8,daf79a66-8e59-421f-a692-b5d392da8695,Campaign 6,Email,True,False,2024-08-16T12:33:51
a906dc3e-0b73-44c4-b3a6-189f7825c3fc,daf79a66-8e59-421f-a692-b5d392da8695,Campaign 10,Social,False,True,2025-03-14T12:33:51
a50eed82-e5e8-4fae-bd79-e238bb9f35f7,daf79a66-8e59-421f-a692-b5d392da8695,Campaign 8,Social,False,False,2024-12-30T12:33:51
22f6397a-45e8-464d-ad8f-5ee0a0b5839f,dafbe5a4-f72d-4e5e-a39d-c594d0204109,Campaign 7,Social,False,True,2024-09-22T12:33:51
19fe63db-fbab-4873-833d-f916e765c417,dafbe5a4-f72d-4e5e-a39d-c594d0204109,Campaign 7,Email,True,False,2024-08-15T12:33:51
f3a5c09a-341c-47ac-9e46-5791dbf4afee,db30a29e-1c37-4b84-9c30-d868bb4d81da,Campaign 10,SMS,True,True,2024-10-28T12:33:51
c12bcf3f-f4be-4062-a886-86e23391a09a,db30a29e-1c37-4b84-9c30-d868bb4d81da,Campaign 9,Email,False,True,2024-10-21T12:33:51
da66a253-7f1f-4fa1-91b2-2291059fdb4a,db30a29e-1c37-4b84-9c30-d868bb4d81da,Campaign 9,Email,True,True,2025-04-19T12:33:51
c8345ca9-292e-49d7-9e2e-bfa9da4f011a,db30a29e-1c37-4b84-9c30-d868bb4d81da,Campaign 3,Email,False,False,2023-09-17T12:33:51
9b06c113-caac-445a-9a3e-ad26ae8c7e63,db55f288-8523-45a2-be49-654f7abf1358,Campaign 6,Email,True,True,2024-07-31T12:33:51
7cb15433-9452-4d64-b8a2-a00dcaa452eb,db55f288-8523-45a2-be49-654f7abf1358,Campaign 10,Social,True,False,2024-04-04T12:33:51
5ba9ec8e-5853-410f-8631-c0d9da475936,db55f288-8523-45a2-be49-654f7abf1358,Campaign 2,Phone,True,False,2024-04-02T12:33:51
04a15668-c916-4c49-9a85-9c35fe47b553,dbaf66e2-52a0-4166-b67d-cf534ec30c1d,Campaign 6,SMS,False,False,2023-11-23T12:33:51
913a6361-01b2-4b0b-80e3-dbb67545a41c,dbaf66e2-52a0-4166-b67d-cf534ec30c1d,Campaign 9,Social,True,False,2023-11-18T12:33:51
c7364c35-ad90-49e6-9749-822110a86a38,dbb2a09c-7d1c-4117-b0d7-d8451f0d4c2f,Campaign 9,Social,True,False,2023-12-04T12:33:51
eeeed69a-621a-418f-a836-224a3bd97af6,dbb2a09c-7d1c-4117-b0d7-d8451f0d4c2f,Campaign 6,Phone,True,True,2025-04-14T12:33:51
f280d2f9-bf1b-48a1-967c-9d6b112a274d,dbb2a09c-7d1c-4117-b0d7-d8451f0d4c2f,Campaign 5,Email,True,True,2025-01-16T12:33:51
c0bdc39e-f7e1-4f69-8a41-36bf18d0cbbc,dbb2a09c-7d1c-4117-b0d7-d8451f0d4c2f,Campaign 4,Social,True,True,2023-09-20T12:33:51
594e0b99-0a4c-40ab-a0f9-b132e18d6378,dbb2a09c-7d1c-4117-b0d7-d8451f0d4c2f,Campaign 1,SMS,True,False,2023-09-29T12:33:51
1549c0d5-3907-440f-a568-6c7ef6721c84,dbc40c9f-147f-4b69-9811-a550fa141b9c,Campaign 5,Social,True,False,2024-12-01T12:33:51
2293c0bc-81f3-4ccf-8ea7-7aa880279725,dbc40c9f-147f-4b69-9811-a550fa141b9c,Campaign 3,Phone,False,True,2025-01-05T12:33:51
1bd5d3b3-72cc-4880-90ab-23ac8ea34fde,dbc40c9f-147f-4b69-9811-a550fa141b9c,Campaign 3,SMS,True,True,2025-04-30T12:33:51
61f8ca09-8bc6-4ddf-8d4b-376b9d7f024e,dbc40c9f-147f-4b69-9811-a550fa141b9c,Campaign 1,Social,True,True,2024-10-08T12:33:51
ffa363e6-d8e0-451f-887b-53b6df6b8945,dbd1d3ed-44ac-43c9-b5d1-dd62d4f7368f,Campaign 3,Phone,False,True,2025-03-30T12:33:51
5717df78-764c-40cc-b144-a52d246a5b64,dbd1d3ed-44ac-43c9-b5d1-dd62d4f7368f,Campaign 1,Social,True,False,2024-05-28T12:33:51
845ca5f0-41d4-4eb3-af99-f8cf54483c0e,dbd1d3ed-44ac-43c9-b5d1-dd62d4f7368f,Campaign 10,Social,False,False,2024-01-08T12:33:51
2a750e5c-3945-45ab-bfa8-7ae28428dfea,dc222915-fcac-464c-8a37-5b7d289fec0c,Campaign 1,SMS,False,False,2024-09-09T12:33:51
89b78e51-bbf6-44a4-882b-f575d5c6e2ab,dc65e0ca-6293-4ce4-b0b7-61d22044d376,Campaign 9,Phone,False,True,2023-10-08T12:33:51
2c1a0e66-6cd3-4b5d-8b4c-15c71aabcdef,dc65e0ca-6293-4ce4-b0b7-61d22044d376,Campaign 9,Social,True,True,2024-04-14T12:33:51
ad46290b-2155-4cda-ba27-5d1d310f7250,dc6a8330-abbc-4924-ab6c-1d417e9038fd,Campaign 3,Phone,True,False,2024-06-26T12:33:51
2566b6b7-1ba2-4bf1-b815-b0aa5fe04126,dc6a8330-abbc-4924-ab6c-1d417e9038fd,Campaign 6,SMS,True,False,2025-06-10T12:33:51
9b25c173-ce52-47c0-985a-2c70f976d5c5,dc6a8330-abbc-4924-ab6c-1d417e9038fd,Campaign 6,Phone,False,True,2024-06-28T12:33:51
12c04831-2554-4bf7-b29a-82ff2ac2949c,dc8fcf95-c033-4a25-87ca-6ad0b61619ea,Campaign 2,SMS,False,True,2024-12-07T12:33:51
bafcb595-0ae2-4618-8e17-7674402ff446,dcc0b624-4a4f-46e2-88fa-4ea972e9c282,Campaign 4,Phone,False,True,2025-08-26T12:33:51
fcf2b034-6943-4718-bad7-d32770ec6d5c,dcc0b624-4a4f-46e2-88fa-4ea972e9c282,Campaign 7,Email,True,True,2025-06-02T12:33:51
21d3a67f-9660-44c4-bdc3-e6d29a8b2cc7,dcc0b624-4a4f-46e2-88fa-4ea972e9c282,Campaign 7,Phone,True,False,2025-01-08T12:33:51
7524211f-561a-4fa7-881c-241e9bc68cde,dccb0cc3-c581-4d0d-abfe-fad8d47885a4,Campaign 1,Social,True,False,2024-02-21T12:33:51
33ef3ee7-37e1-496a-827b-3d58d80adb50,dcd95f89-989c-49ec-9084-d2e31d213f38,Campaign 5,SMS,False,True,2025-07-06T12:33:51
3aeac670-feb3-43f1-a293-3a36c9cafe7f,dcd95f89-989c-49ec-9084-d2e31d213f38,Campaign 8,Social,True,False,2023-11-21T12:33:51
8b10c57f-728a-423c-a7ad-3ade6b25bcc8,dcd95f89-989c-49ec-9084-d2e31d213f38,Campaign 10,Social,False,True,2025-07-18T12:33:51
5b27bac1-2569-4056-86b7-a5bef92d1916,dcd95f89-989c-49ec-9084-d2e31d213f38,Campaign 9,Phone,True,True,2025-03-12T12:33:51
30ed810c-36bf-4f4b-93b6-90acaa82454d,dd06265c-0590-421f-b9cc-df433538adce,Campaign 10,Email,False,True,2024-02-09T12:33:51
91c8d63f-68b8-4a87-a8ff-668e1a31ce25,dd06265c-0590-421f-b9cc-df433538adce,Campaign 8,Phone,False,True,2023-11-27T12:33:51
98304ac2-cdca-4078-956b-36339112ba97,dd06265c-0590-421f-b9cc-df433538adce,Campaign 2,Email,True,True,2023-12-09T12:33:51
613b65cf-bda3-4723-a1bd-a32e4df139a4,dd11be37-f080-4c25-8156-06fce3f1af19,Campaign 1,Email,False,True,2025-02-04T12:33:51
08eea5a4-cde3-471e-b2dc-45bf8bf1c8c9,dd11be37-f080-4c25-8156-06fce3f1af19,Campaign 7,Email,False,False,2025-04-08T12:33:51
06858b3a-3db3-494b-ad5a-f62509f85b7c,dd11be37-f080-4c25-8156-06fce3f1af19,Campaign 2,Phone,False,True,2024-07-09T12:33:51
ff155dda-dfdb-42c8-9f96-3e82a584134d,dd11be37-f080-4c25-8156-06fce3f1af19,Campaign 4,Social,False,False,2024-01-25T12:33:51
5ec642bc-4919-4f26-ad12-7fc59404d74e,dd4dd762-8340-4723-aa99-89fbd89d0bcf,Campaign 4,SMS,True,True,2024-10-17T12:33:51
381fe606-7ade-4e76-8005-617a63df673f,dd4dd762-8340-4723-aa99-89fbd89d0bcf,Campaign 4,Social,True,False,2023-09-26T12:33:51
cdca227c-635c-4458-be29-e308cd687ee6,dd5661c5-c91c-4fd0-8a29-eced81279e83,Campaign 2,Email,False,False,2024-09-02T12:33:51
6afcfa48-267a-4b6e-8ea5-96222e58c818,dd578375-7537-4b20-a939-ece4714c1d28,Campaign 3,Phone,True,False,2024-08-18T12:33:51
55d9c5a1-9a91-4e0a-9d49-3b7748db0a5b,dd578375-7537-4b20-a939-ece4714c1d28,Campaign 8,Email,True,False,2024-02-01T12:33:51
8651e571-bac9-4b24-9168-34f40000f072,dd578375-7537-4b20-a939-ece4714c1d28,Campaign 1,SMS,False,True,2025-05-22T12:33:51
5f72f94a-e5b6-4787-b5a0-5b838f08a6a7,dd578375-7537-4b20-a939-ece4714c1d28,Campaign 9,Social,True,True,2024-06-18T12:33:51
fdd47e4a-8718-4dd8-b69f-f1c98ff80a08,dd601c90-61fb-419a-b070-bd0c79ee5895,Campaign 1,Email,False,False,2024-05-27T12:33:51
405f3363-5e62-4281-b879-db4a189205e7,dd601c90-61fb-419a-b070-bd0c79ee5895,Campaign 10,Email,False,False,2024-06-26T12:33:51
4dc015a7-98a6-4954-b06e-fa35ad41850d,dd601c90-61fb-419a-b070-bd0c79ee5895,Campaign 2,Phone,False,True,2024-05-30T12:33:51
d749a91f-b405-418c-a471-517e36719213,dd70c18e-7036-4b1c-99d4-6ac28fe3c24d,Campaign 3,Social,False,False,2025-05-07T12:33:51
5da02b31-1174-4bce-b982-b02a75cb3f76,dd70c18e-7036-4b1c-99d4-6ac28fe3c24d,Campaign 1,Phone,False,True,2023-11-07T12:33:51
32d5bfc2-1ebe-46f1-a08d-07ce59d1a6cf,dd983f93-297c-4d18-b507-92a08d1eb5e2,Campaign 2,Social,True,False,2024-04-08T12:33:51
8374cf42-1672-4359-86b3-a0734c4fa2e9,dd983f93-297c-4d18-b507-92a08d1eb5e2,Campaign 5,Email,False,False,2025-08-05T12:33:51
fec46465-06de-4f7a-9eeb-acf69dbd02d5,dd983f93-297c-4d18-b507-92a08d1eb5e2,Campaign 2,Phone,False,True,2024-01-12T12:33:51
ac43e4a7-8a30-47a2-b5cf-ee7f8f0a45d5,dd983f93-297c-4d18-b507-92a08d1eb5e2,Campaign 6,Social,True,True,2025-07-09T12:33:51
c4900eef-25d1-45f8-9c71-314ddae3f114,de09a56a-c65a-4b4b-9982-6b100650e488,Campaign 10,Social,True,False,2023-12-20T12:33:51
5db2867f-fbab-41d1-9618-f0cbf4e12184,de09a56a-c65a-4b4b-9982-6b100650e488,Campaign 4,Social,False,True,2025-06-02T12:33:51
6752f11c-b0cf-4a20-8f3d-a78ea395d83f,de09a56a-c65a-4b4b-9982-6b100650e488,Campaign 2,Phone,False,False,2025-08-17T12:33:51
76820a26-ef6d-4876-8b82-2b5b004785d4,de09a56a-c65a-4b4b-9982-6b100650e488,Campaign 9,Social,True,True,2025-02-13T12:33:51
6775ab66-9665-47de-b4df-39cb6bce48ab,de09a56a-c65a-4b4b-9982-6b100650e488,Campaign 3,Social,True,False,2024-01-17T12:33:51
f166580c-653d-43ec-8675-6b0d1bf8fd61,de0f2413-52c1-4a2e-bbed-2111cedab261,Campaign 7,Phone,True,False,2023-11-13T12:33:51
750d185e-7ad7-4685-b809-e03f801930a2,de0f2413-52c1-4a2e-bbed-2111cedab261,Campaign 3,SMS,True,False,2025-01-10T12:33:51
633dd9db-3cb6-4c46-9bd4-22c42264583e,de0f2413-52c1-4a2e-bbed-2111cedab261,Campaign 8,Email,True,True,2024-01-10T12:33:51
194a98fc-4ba4-42dd-9ee7-473dd11dce66,de0f2413-52c1-4a2e-bbed-2111cedab261,Campaign 7,SMS,False,False,2025-06-14T12:33:51
4db54db9-a069-4ee9-99d0-ba43f3e92e79,de0f2413-52c1-4a2e-bbed-2111cedab261,Campaign 2,Email,True,True,2024-06-22T12:33:51
f82948fc-1763-4717-a7f3-dda029d65de0,de37fe36-8637-4173-825e-fc983a0d1dc2,Campaign 2,Social,False,True,2024-06-05T12:33:51
ae728cc7-a53f-4e15-b72b-b398e1b0bd1d,de37fe36-8637-4173-825e-fc983a0d1dc2,Campaign 9,Email,False,False,2024-11-08T12:33:51
d73ba6a6-012d-4ab6-9ebc-3b66fc32acbb,de37fe36-8637-4173-825e-fc983a0d1dc2,Campaign 3,Email,False,False,2023-12-17T12:33:51
2cc73a42-0075-4852-a70c-372a1160fb91,de451338-83d6-4ac6-ba42-c64c69efe4c9,Campaign 9,Social,True,True,2023-11-12T12:33:51
5576efbd-fb69-48a9-936b-dcc7b6fbed6b,de451338-83d6-4ac6-ba42-c64c69efe4c9,Campaign 7,Email,True,False,2024-12-21T12:33:51
0a132b65-fefc-4b99-a87a-54afadc50e92,de451338-83d6-4ac6-ba42-c64c69efe4c9,Campaign 6,Social,True,True,2025-03-20T12:33:51
4a58c1e1-cf9d-47d7-9e17-efdf49895ffe,de451338-83d6-4ac6-ba42-c64c69efe4c9,Campaign 1,Phone,False,True,2023-12-27T12:33:51
87ccab22-b5c1-4356-b03b-b8abbb3a7d2b,de5b0fee-1a2b-402a-8568-807708453d22,Campaign 8,Email,False,False,2024-03-06T12:33:51
1c3b4bc8-5cfb-452a-9290-19fa3e6a82bf,de5b0fee-1a2b-402a-8568-807708453d22,Campaign 7,Email,False,True,2025-07-06T12:33:51
7dbca5ab-a654-40f7-9f59-786f329a128e,de5b0fee-1a2b-402a-8568-807708453d22,Campaign 2,SMS,False,False,2025-02-02T12:33:51
3bf10e8d-0f94-49cf-b6c5-03201a63631a,de5b0fee-1a2b-402a-8568-807708453d22,Campaign 1,SMS,False,False,2024-02-19T12:33:51
bb3166c0-2fe9-4d1b-bea1-2196cd247f5b,de8b37f5-5829-444d-9f3f-53a893f1481f,Campaign 9,SMS,False,False,2024-12-14T12:33:51
51a70d0a-6b04-44ce-97cb-cff280bbe0e0,de8b37f5-5829-444d-9f3f-53a893f1481f,Campaign 3,Phone,False,False,2023-10-01T12:33:51
9a290f9c-7813-4773-b716-85277d843bb9,de8b37f5-5829-444d-9f3f-53a893f1481f,Campaign 4,SMS,False,False,2024-01-03T12:33:51
dd95e202-4e88-4032-89dd-80d0787a5d84,de8b37f5-5829-444d-9f3f-53a893f1481f,Campaign 5,Phone,True,True,2024-10-29T12:33:51
27c60b58-9086-4758-b599-f1da8d7cb5a5,de8f9777-11ef-4e3e-b47b-220069351143,Campaign 1,Email,False,False,2024-07-07T12:33:51
d7e3e5f2-1988-40dd-a54b-2ac5c27cab5f,de8f9777-11ef-4e3e-b47b-220069351143,Campaign 1,Email,False,True,2024-03-24T12:33:51
51e90af9-7dcc-4beb-a610-04edee1ec242,de8f9777-11ef-4e3e-b47b-220069351143,Campaign 8,Email,False,False,2024-07-21T12:33:51
8f45a860-ee18-49d1-bb0c-f20f87177970,decd134d-3dcc-4947-a3fb-8d0aca66dbba,Campaign 10,Phone,True,False,2024-04-06T12:33:51
6fc3a662-d565-4aac-8e70-2b55f580c06d,decd134d-3dcc-4947-a3fb-8d0aca66dbba,Campaign 4,Phone,False,True,2024-04-06T12:33:51
fab11889-6ef5-4bcf-959c-fbfb5dff9be7,decd134d-3dcc-4947-a3fb-8d0aca66dbba,Campaign 6,Phone,True,True,2023-12-28T12:33:51
d6916daf-64aa-4dd4-891c-1ba535dd2c2f,decd134d-3dcc-4947-a3fb-8d0aca66dbba,Campaign 7,Phone,True,True,2025-04-15T12:33:51
736cc797-e598-41d5-bd9f-047842f7c9f0,decece81-bba0-4910-a795-e6cad31e6d8d,Campaign 3,Email,True,False,2024-06-24T12:33:51
1f453b7a-c03b-4c09-807a-6996029dd780,decece81-bba0-4910-a795-e6cad31e6d8d,Campaign 5,Email,False,True,2024-03-22T12:33:51
9c7845f0-cc14-4e4f-83f5-59f5bda358ce,ded02442-a6b2-4184-9e7d-e1629abca6e1,Campaign 8,Phone,False,True,2025-03-25T12:33:51
0bed9a5c-e3ed-424b-a25e-87feda287abe,ded02442-a6b2-4184-9e7d-e1629abca6e1,Campaign 1,Social,True,True,2025-07-03T12:33:51
81958a31-ab56-423c-b113-0e3437d117f5,ded02442-a6b2-4184-9e7d-e1629abca6e1,Campaign 8,Phone,True,True,2023-11-27T12:33:51
527cf0d1-7e38-4e11-a4e7-cfe490b71f67,ded02442-a6b2-4184-9e7d-e1629abca6e1,Campaign 9,Email,True,True,2024-12-30T12:33:51
4b07a2c4-282b-47d7-859b-d60b64d12ead,ded02442-a6b2-4184-9e7d-e1629abca6e1,Campaign 1,SMS,True,True,2024-08-01T12:33:51
a1f35eda-10aa-4140-a2d0-967f9f582e57,dee2ce38-e75a-40c7-acad-94db96f87e84,Campaign 6,SMS,False,False,2023-10-26T12:33:51
753fb5fa-9515-4787-8fc4-4d0bcf61ae8c,df230bf4-dc6c-46e4-a62d-e895e3a1da6d,Campaign 8,Social,True,False,2024-09-17T12:33:51
4a259102-ea22-4132-8b55-86e364f23eb2,df230bf4-dc6c-46e4-a62d-e895e3a1da6d,Campaign 10,Social,True,True,2024-03-17T12:33:51
65b9d9ca-425a-4ae7-b2ee-653468140461,df32676b-ef3d-44dd-8366-fc3671b3baaf,Campaign 2,Social,True,False,2023-11-29T12:33:51
e641ad65-aaa8-4170-8d68-9f8140e2d363,df32676b-ef3d-44dd-8366-fc3671b3baaf,Campaign 9,Email,True,False,2025-05-25T12:33:51
88ef073b-657a-4ef8-b8b5-479775ae120a,df32676b-ef3d-44dd-8366-fc3671b3baaf,Campaign 7,Social,True,False,2024-04-26T12:33:51
e688cfaf-9de9-4e9b-a6f4-36593f88dbbb,df32676b-ef3d-44dd-8366-fc3671b3baaf,Campaign 1,Social,False,True,2024-10-18T12:33:51
eead4257-04fb-47e1-8a3a-778367033f17,dfe5303c-955a-431d-b964-7c134aac2c45,Campaign 7,Email,False,False,2025-06-17T12:33:51
e1a9b2da-c05c-42fc-a846-2b3da38beb7b,dfe5303c-955a-431d-b964-7c134aac2c45,Campaign 5,Social,False,False,2025-07-30T12:33:51
67a5e298-3b7e-4741-9dd6-e41f78f34cfd,e0292b72-2c00-419f-bfce-b6d0eef2f703,Campaign 4,Phone,True,False,2024-09-10T12:33:51
bbb0cf04-fd8b-4ff3-9631-14950e1924ef,e02a2f03-333a-478e-bf3a-d49c53530f9f,Campaign 7,Email,True,False,2024-01-19T12:33:51
6eadd22a-a0d6-46be-8347-aacd7fa95fad,e036cc5b-c0e2-4d81-9b6e-360a3a7811e4,Campaign 8,Social,True,True,2024-02-15T12:33:51
86523bc9-5a14-4cc1-bfe5-e2f9df9e9338,e036cc5b-c0e2-4d81-9b6e-360a3a7811e4,Campaign 9,SMS,False,True,2024-06-11T12:33:51
c859fa51-e8b0-4007-9323-be19944a2cf4,e036cc5b-c0e2-4d81-9b6e-360a3a7811e4,Campaign 3,Social,True,True,2023-09-19T12:33:51
66897e63-0359-4aa9-9093-5fb9762474d1,e036cc5b-c0e2-4d81-9b6e-360a3a7811e4,Campaign 4,Phone,False,True,2024-05-07T12:33:51
f313c724-0d27-4334-8c9e-33a7034d8d4b,e036cc5b-c0e2-4d81-9b6e-360a3a7811e4,Campaign 10,Social,False,False,2023-11-29T12:33:51
22decd89-79d8-4c69-be73-78f89d8bcb99,e0433c78-4d32-46af-9436-c2668a0ac104,Campaign 6,Social,False,True,2025-03-13T12:33:51
b8052613-b9de-408e-8a23-ebfa9144ee37,e0433c78-4d32-46af-9436-c2668a0ac104,Campaign 7,Social,False,False,2024-09-27T12:33:51
afd753a5-cded-4f8f-a202-2457f8897d91,e0433c78-4d32-46af-9436-c2668a0ac104,Campaign 10,Email,False,False,2025-08-27T12:33:51
25825338-7ac6-42c4-81d6-3be1c637ebae,e0433c78-4d32-46af-9436-c2668a0ac104,Campaign 4,Phone,True,False,2024-05-04T12:33:51
12906b95-861b-4b26-a61a-a65a35006f8c,e0433c78-4d32-46af-9436-c2668a0ac104,Campaign 1,SMS,False,False,2023-12-29T12:33:51
aafd2a51-1884-4d33-b418-3ca0999ef0e7,e0461e2f-7efc-471b-875c-4ea9e7b9ce1f,Campaign 9,Email,False,True,2023-11-27T12:33:51
be8df394-3795-45ea-a96d-4a3d95497987,e0461e2f-7efc-471b-875c-4ea9e7b9ce1f,Campaign 5,Email,True,True,2024-06-01T12:33:51
17b279c2-98dd-4bdd-aa81-04d358ebe9dc,e0461e2f-7efc-471b-875c-4ea9e7b9ce1f,Campaign 6,Phone,False,False,2024-11-24T12:33:51
3d18d7e1-1b2d-4a37-ba2b-a1e334768042,e0461e2f-7efc-471b-875c-4ea9e7b9ce1f,Campaign 10,SMS,True,True,2023-12-15T12:33:51
ecb9b5a3-1989-45a8-a2d7-e4259929a1e8,e068b776-b700-4080-986d-1f25efed62c8,Campaign 5,Social,True,False,2024-01-25T12:33:51
6a3d8360-4fe1-4f9a-9d21-c90544650445,e074ce82-4286-48db-9a11-4631348facf2,Campaign 5,Email,False,False,2024-05-24T12:33:51
dc3ea5ff-be5d-4b85-a72a-ff3364c5f5ef,e074ce82-4286-48db-9a11-4631348facf2,Campaign 1,Email,False,True,2025-07-22T12:33:51
9eb60d31-1592-43b3-8e25-763035995dff,e074ce82-4286-48db-9a11-4631348facf2,Campaign 6,Email,True,True,2023-11-24T12:33:51
5ee6fcee-e5fa-484e-bf30-5dbc475cc36c,e074ce82-4286-48db-9a11-4631348facf2,Campaign 4,Social,True,True,2024-07-07T12:33:51
f735686b-2264-4fb2-9866-1b1d02fd9b2b,e08407a9-1d00-4e9b-a3ae-ebd28cc9bf36,Campaign 10,Social,False,False,2024-02-05T12:33:51
d7d3b03e-bd67-40f4-9b14-a4f1af8df3ee,e08407a9-1d00-4e9b-a3ae-ebd28cc9bf36,Campaign 8,Phone,False,False,2025-07-29T12:33:51
222e9e9d-f53e-4959-b22d-f8d5649165b0,e08407a9-1d00-4e9b-a3ae-ebd28cc9bf36,Campaign 3,Social,True,True,2024-04-05T12:33:51
d16fb359-9d0d-4c14-a303-4179563ae726,e08407a9-1d00-4e9b-a3ae-ebd28cc9bf36,Campaign 6,Phone,False,False,2024-02-06T12:33:51
bd5431ae-5e32-431f-9093-04b783d8c065,e08407a9-1d00-4e9b-a3ae-ebd28cc9bf36,Campaign 9,SMS,True,True,2024-12-03T12:33:51
ce75f91b-18a9-4749-b7e6-c23ab3e2dcb6,e09a13af-7fc5-4fa5-8524-f978fdc22f1a,Campaign 10,Phone,False,False,2025-02-25T12:33:51
deb9d5e3-c324-43d1-ad4e-1aa374e29c10,e09a13af-7fc5-4fa5-8524-f978fdc22f1a,Campaign 2,SMS,False,False,2024-02-12T12:33:51
b0628f4b-6cc2-4ea0-b0df-507129c1288f,e09a13af-7fc5-4fa5-8524-f978fdc22f1a,Campaign 2,Email,False,True,2025-05-24T12:33:51
6cb161e8-596e-4b4d-b2b4-249caaedcdf6,e09dd95d-1732-48a0-9aad-2e617a24b111,Campaign 7,SMS,True,False,2025-05-08T12:33:51
c3816bf6-f59d-4445-8e73-b2ca7a7d5b61,e0b6c0d9-6993-43d2-b291-9d0a1bcc61e6,Campaign 1,Phone,False,False,2024-01-16T12:33:51
7852125a-f31e-4478-aa5c-9f20257d0a97,e0b6c0d9-6993-43d2-b291-9d0a1bcc61e6,Campaign 8,Email,True,False,2024-06-20T12:33:51
fd2584f8-ec09-4106-bdbb-09f0ac0253d2,e0b6c0d9-6993-43d2-b291-9d0a1bcc61e6,Campaign 2,Social,False,True,2024-11-04T12:33:51
989c0aab-d33f-40a8-9888-f0ca452c8194,e0b6c0d9-6993-43d2-b291-9d0a1bcc61e6,Campaign 2,Email,False,True,2025-06-29T12:33:51
9ea14b92-2b81-40d6-ba26-0b1af0e447ce,e0b6c0d9-6993-43d2-b291-9d0a1bcc61e6,Campaign 7,Social,False,False,2025-07-30T12:33:51
f801b9ec-5eb6-4f02-8fed-fcd4e36120e2,e0dbaaf1-dd2a-4196-aece-07fa798e361b,Campaign 5,Email,True,False,2024-10-26T12:33:51
b47d32ae-6565-4175-aec2-422ad60fb2f9,e0dbaaf1-dd2a-4196-aece-07fa798e361b,Campaign 9,Email,True,True,2023-10-27T12:33:51
f06c2c16-7c53-43f8-b91e-a93ecc162051,e100e16d-8092-4960-8a41-ee2bb2ccbb60,Campaign 7,Phone,False,False,2024-09-29T12:33:51
c77f04d9-4e9e-4008-a9b2-16a98cd57732,e100e16d-8092-4960-8a41-ee2bb2ccbb60,Campaign 6,Phone,False,False,2025-05-03T12:33:51
8faf2535-af41-4a98-b369-8549ede34e67,e100e16d-8092-4960-8a41-ee2bb2ccbb60,Campaign 4,Social,False,False,2024-04-24T12:33:51
9d147276-d273-4c6b-b4c8-a0d74f47bc8a,e100e16d-8092-4960-8a41-ee2bb2ccbb60,Campaign 2,Phone,False,False,2023-10-06T12:33:51
69a8b6f4-497a-4446-b291-7f9d2b3881b2,e1270a63-46e8-4e6c-89d0-b0658a875af5,Campaign 8,Email,True,True,2025-08-25T12:33:51
8318197a-c252-4d17-8880-e54f7e6fbdbd,e13680fd-0548-4a90-bc2f-506ec5ae7c18,Campaign 10,Phone,False,True,2025-04-12T12:33:51
50a350e9-58fb-4010-90df-969379fa88ef,e13680fd-0548-4a90-bc2f-506ec5ae7c18,Campaign 9,Phone,True,True,2023-10-13T12:33:51
b16be21c-9d9b-4d25-bb25-5eb7650f825a,e13680fd-0548-4a90-bc2f-506ec5ae7c18,Campaign 1,Email,False,False,2024-03-09T12:33:51
b485c319-7053-4f88-8435-2f876df73541,e13680fd-0548-4a90-bc2f-506ec5ae7c18,Campaign 8,Email,True,True,2023-12-05T12:33:51
aa290cb1-ee46-4dab-8c60-d86c62563591,e13680fd-0548-4a90-bc2f-506ec5ae7c18,Campaign 9,Email,True,True,2023-11-07T12:33:51
f51dfc5c-12c7-4efd-ab50-fda7f953cc80,e142d90a-f7f1-4930-a795-29f67c58c6d8,Campaign 5,Email,False,False,2023-12-18T12:33:51
7afca95b-a64a-4431-824b-637099071138,e142d90a-f7f1-4930-a795-29f67c58c6d8,Campaign 1,SMS,False,False,2023-10-19T12:33:51
b890268a-0c99-4372-8a0c-464e27aece3c,e142d90a-f7f1-4930-a795-29f67c58c6d8,Campaign 8,Phone,False,True,2025-07-31T12:33:51
f4f15d4c-fc49-4734-bb7b-d9241d7e9483,e15a678f-dc7b-4755-8c1c-fe8c102efe32,Campaign 9,Phone,False,True,2024-05-05T12:33:51
a3829e92-e6ad-4d2b-b93a-b4512a29e712,e15a678f-dc7b-4755-8c1c-fe8c102efe32,Campaign 1,SMS,True,False,2025-03-15T12:33:51
dbcbcf4a-41d4-4f8b-9e1b-9dfb745a81c5,e15a678f-dc7b-4755-8c1c-fe8c102efe32,Campaign 7,Email,True,False,2024-06-28T12:33:51
0744c10a-e81d-4ca7-9a08-c047bfdbbf5d,e15a678f-dc7b-4755-8c1c-fe8c102efe32,Campaign 1,Email,True,False,2024-02-17T12:33:51
ab5818db-c396-4c73-a92b-129f116c8578,e15ba398-ce86-4c1c-b550-4ed3d256f8ee,Campaign 9,Social,False,True,2023-09-29T12:33:51
6f5c65d9-748c-4472-8994-616b4acabfae,e15ba398-ce86-4c1c-b550-4ed3d256f8ee,Campaign 6,Phone,True,False,2024-09-24T12:33:51
562c0ced-7caf-4eaf-99f6-b133395db380,e1665060-8238-415b-8637-6f0a8ee0fdf4,Campaign 9,Social,True,True,2023-12-11T12:33:51
5ce362c2-e9c1-42f0-ad7d-7ecc19fd6684,e174d44e-4cc5-4a14-bef8-245d3155ecf9,Campaign 5,Phone,True,True,2024-05-19T12:33:51
07aacba0-cece-4eaf-a72e-6da769760dcb,e174d44e-4cc5-4a14-bef8-245d3155ecf9,Campaign 5,Phone,True,False,2025-07-31T12:33:51
506268f3-f2af-4e9c-957a-fa2cc01ff07e,e174d44e-4cc5-4a14-bef8-245d3155ecf9,Campaign 9,Email,True,False,2024-10-30T12:33:51
3b8b83c0-3c5b-4c54-a908-517c70fd8f63,e174d44e-4cc5-4a14-bef8-245d3155ecf9,Campaign 4,SMS,False,True,2024-11-01T12:33:51
1861e164-4efd-4b89-96a9-4e772bd368fe,e1834296-55ee-4ca1-b52a-821fe749239c,Campaign 5,SMS,True,True,2024-02-28T12:33:51
d89145f3-4965-474f-b829-015f02660939,e195d64d-856c-4651-a687-41a3651517c6,Campaign 3,SMS,False,False,2024-01-09T12:33:51
549bab97-ef67-479d-9225-ef7a298e12bb,e195d64d-856c-4651-a687-41a3651517c6,Campaign 8,Email,True,True,2024-02-23T12:33:51
80e3e7f7-6226-4b91-b10d-2055b135bdfe,e195d64d-856c-4651-a687-41a3651517c6,Campaign 2,Phone,True,True,2023-12-07T12:33:51
26f9a40b-6164-49b7-b65d-2afce4bf603a,e19658e5-b81b-441f-a613-dc3ec6507184,Campaign 4,Social,False,False,2025-01-02T12:33:51
a1c7b063-1b0a-4acc-a8fc-f4f240973edf,e19658e5-b81b-441f-a613-dc3ec6507184,Campaign 3,Phone,False,False,2024-03-22T12:33:51
c124e6b2-b871-4598-93e3-612ff89abc57,e19658e5-b81b-441f-a613-dc3ec6507184,Campaign 10,Phone,False,True,2025-02-01T12:33:51
a02d4036-5114-4212-984c-ff2662344d02,e19658e5-b81b-441f-a613-dc3ec6507184,Campaign 9,Social,False,True,2023-12-21T12:33:51
9e60e2ab-f9c3-404e-b46a-263441e78126,e19658e5-b81b-441f-a613-dc3ec6507184,Campaign 10,Social,True,True,2024-10-22T12:33:51
bb34dcbd-945f-4b45-b786-0e26e5eb8b34,e197d2ce-b409-4f7d-a30b-ac64189c5e5e,Campaign 6,Phone,True,False,2024-11-23T12:33:51
a9c1881e-a056-4bed-b864-6bd7c56e047a,e197d2ce-b409-4f7d-a30b-ac64189c5e5e,Campaign 6,Email,True,False,2025-04-17T12:33:51
1430b34f-db75-41ff-bf7c-9e7a0794ee33,e197d2ce-b409-4f7d-a30b-ac64189c5e5e,Campaign 4,Phone,True,False,2025-02-20T12:33:51
380c853a-8dc4-4e44-b0ea-f3d645b74e35,e197d2ce-b409-4f7d-a30b-ac64189c5e5e,Campaign 5,Phone,False,False,2024-08-27T12:33:51
0ef8631b-14ff-454b-ab6c-ecf4714a42fb,e197d2ce-b409-4f7d-a30b-ac64189c5e5e,Campaign 5,SMS,False,False,2023-11-07T12:33:51
050a2f8b-c8cb-4f28-9ee9-7167f59c9e6b,e19b0f5b-b2a5-4fff-8062-41c8f44f4afa,Campaign 10,SMS,True,True,2024-12-27T12:33:51
375e5338-c21b-4941-85b0-b7c5c6093ec4,e1cdeef0-92de-4616-958d-d59eb5a2e1c1,Campaign 6,Social,False,False,2024-10-18T12:33:51
acefc862-dd06-4984-b374-e86b2695cb00,e1cdeef0-92de-4616-958d-d59eb5a2e1c1,Campaign 6,Phone,False,False,2024-07-15T12:33:51
26f570b6-73b0-429f-880d-73038b899c27,e1cdeef0-92de-4616-958d-d59eb5a2e1c1,Campaign 5,Social,True,True,2024-09-06T12:33:51
4201ef29-3421-4ac6-b73e-11303cc01079,e1d3536e-2db5-42e1-922f-c6b4ad8484d6,Campaign 4,Social,True,False,2024-02-25T12:33:51
b04cacc7-a0a4-477d-943d-3ff05d74080f,e1d3536e-2db5-42e1-922f-c6b4ad8484d6,Campaign 7,Social,False,True,2024-09-29T12:33:51
50cde41d-34a1-4d6a-82ee-cb8a97b2387a,e1d3536e-2db5-42e1-922f-c6b4ad8484d6,Campaign 7,SMS,False,True,2023-11-19T12:33:51
dd4a477c-63ff-406e-8560-afd3c3431935,e215ac32-7add-4115-a8c9-b9f6d5a3abf3,Campaign 2,Email,False,True,2024-10-04T12:33:51
e8ad0aa4-0512-4cdd-9542-894d196fe05a,e215ac32-7add-4115-a8c9-b9f6d5a3abf3,Campaign 2,Email,False,True,2025-05-21T12:33:51
815aaa30-2587-483b-9dd0-5bcb32dc5ef1,e215ac32-7add-4115-a8c9-b9f6d5a3abf3,Campaign 7,Social,True,False,2024-09-11T12:33:51
cd60ec40-013a-4752-8aa8-35a34f8de72e,e256ce94-293a-497b-8e0b-a702a89e44d0,Campaign 7,Social,False,False,2024-10-01T12:33:51
95144d03-c71f-4194-9432-8eb90f10345e,e256ce94-293a-497b-8e0b-a702a89e44d0,Campaign 2,Social,True,True,2023-11-10T12:33:51
f4de1db3-b3cd-4826-926c-dae1e5a8ae9b,e256ce94-293a-497b-8e0b-a702a89e44d0,Campaign 2,SMS,False,False,2025-07-10T12:33:51
50d54fbe-0265-4006-94f0-235478ba9d66,e27841c1-9aca-40ac-a1bd-6510b0a1e7dd,Campaign 6,Phone,True,False,2024-07-27T12:33:51
f453ce03-c6ed-4be4-9402-d3ad7b73fa52,e27841c1-9aca-40ac-a1bd-6510b0a1e7dd,Campaign 6,Phone,True,True,2023-11-21T12:33:51
b30ff9cd-a6c0-409c-88bc-d7975efbb628,e27c5da5-556b-4c6b-a52c-5996a66dcdd0,Campaign 6,Email,True,True,2024-04-18T12:33:51
63a63b6c-a93e-4f1f-a29b-815140122b50,e29ab3f5-defc-4a34-933a-055f3f4e3841,Campaign 1,Social,False,True,2025-06-22T12:33:51
00394a74-4891-446f-8184-f97ade5a5b6d,e29ab3f5-defc-4a34-933a-055f3f4e3841,Campaign 10,Social,True,False,2024-08-05T12:33:51
7850e1dd-9dbd-494c-bc0f-35a3dabfe799,e29ab3f5-defc-4a34-933a-055f3f4e3841,Campaign 10,Phone,False,True,2024-05-08T12:33:51
519473fa-fe5d-4ba9-ae79-f094af0ad7c3,e29ab3f5-defc-4a34-933a-055f3f4e3841,Campaign 2,Email,True,False,2023-11-11T12:33:51
d1ce092e-bc37-409b-8891-4716d1098661,e29ab3f5-defc-4a34-933a-055f3f4e3841,Campaign 1,SMS,False,False,2024-01-10T12:33:51
9016ba6c-1f81-4241-9103-43e7d3def484,e2d50936-917e-40fd-a5b3-796d4aa4b96e,Campaign 5,SMS,True,False,2024-02-07T12:33:51
1731d1cc-0671-4b01-9737-722e1b7e864e,e32aa34e-f7c7-4f72-9d7f-85421b5c8614,Campaign 1,Phone,True,True,2025-07-10T12:33:51
a429ea1c-f20c-49ac-a2b0-fc98b293db18,e34360b4-28cd-4daa-a38f-3093fb550439,Campaign 2,Email,True,False,2024-10-16T12:33:51
8e3a0dd3-1cb6-4c57-b99f-5f120d1c8c4d,e34360b4-28cd-4daa-a38f-3093fb550439,Campaign 10,Social,False,True,2025-03-27T12:33:51
9860f1f2-ba6a-411e-aa8f-b6903c22a631,e34360b4-28cd-4daa-a38f-3093fb550439,Campaign 1,Email,True,False,2024-10-12T12:33:51
b916b991-72d9-483e-bb0c-c76a668de55b,e353bc53-160e-4c68-89ab-e00b4b55d2dd,Campaign 3,Email,True,False,2025-06-16T12:33:51
0fa44661-a4b4-4267-b738-fceba23fd8cb,e353bc53-160e-4c68-89ab-e00b4b55d2dd,Campaign 2,SMS,True,False,2025-07-21T12:33:51
a7107f41-4885-45c9-b539-f4b206354ff2,e353bc53-160e-4c68-89ab-e00b4b55d2dd,Campaign 1,Social,True,True,2024-04-18T12:33:51
1e43e956-5714-446a-83df-195086e5fc98,e353bc53-160e-4c68-89ab-e00b4b55d2dd,Campaign 7,Email,True,False,2025-07-18T12:33:51
bd71da80-083c-434e-ba18-148412292000,e353bc53-160e-4c68-89ab-e00b4b55d2dd,Campaign 2,Email,False,True,2024-09-14T12:33:51
f8c9855b-5105-4ea3-a583-ba659b95d5b1,e358257b-4c64-4189-978a-867e6df10a9b,Campaign 9,Email,False,True,2023-12-28T12:33:51
c6bc131c-3325-4bbd-83a6-bd16c2a096b9,e358257b-4c64-4189-978a-867e6df10a9b,Campaign 2,Email,True,True,2024-02-28T12:33:51
f93b1bb3-c452-46d0-87a0-50001c3a749d,e358257b-4c64-4189-978a-867e6df10a9b,Campaign 3,SMS,False,True,2025-01-28T12:33:51
b7886238-67fa-4c8f-8386-f2aca2681c7e,e358257b-4c64-4189-978a-867e6df10a9b,Campaign 6,Email,False,True,2023-10-06T12:33:51
9d4a1c47-62c1-4cde-8e61-5c12ec22206f,e358257b-4c64-4189-978a-867e6df10a9b,Campaign 2,Phone,True,True,2024-08-08T12:33:51
bd09176f-4bd2-48e0-96f9-1bd71efc5f3c,e35bf3c0-b9f6-4b8a-ba5f-e3dce291b983,Campaign 8,Email,False,True,2024-06-09T12:33:51
3fc0862f-817a-4fad-b152-4a46b8dd2408,e36495f1-e268-44ef-9d3d-69a55bf34773,Campaign 4,Phone,False,False,2025-03-05T12:33:51
c3f745c4-de8c-433e-9862-3ff613bff920,e38b3e51-b215-431d-a6ae-7dd14c91717e,Campaign 3,Social,True,True,2024-03-14T12:33:51
067920d1-4a75-4a95-997e-282cd3b95eb9,e38b3e51-b215-431d-a6ae-7dd14c91717e,Campaign 4,Social,False,False,2024-05-23T12:33:51
e1d1d64b-1ba7-465f-b7a5-d86ca630db65,e38b3e51-b215-431d-a6ae-7dd14c91717e,Campaign 8,Social,False,True,2023-11-27T12:33:51
d4876179-60da-4ec0-b63d-68c8563e25e8,e38b3e51-b215-431d-a6ae-7dd14c91717e,Campaign 7,Social,False,False,2025-08-03T12:33:51
7b1e711e-22bb-4df3-8af7-a491e6fb66f9,e38b3e51-b215-431d-a6ae-7dd14c91717e,Campaign 7,SMS,True,False,2024-09-03T12:33:51
35b509c5-3940-432a-9f81-521f50ceface,e3b1ff1e-e31f-4ca6-99e8-68ee8c313d73,Campaign 7,Phone,False,False,2024-02-11T12:33:51
7abb62be-f863-4845-9546-4f476aa259fc,e3b55b93-7372-4b04-a39e-87beab4ab37a,Campaign 4,Social,True,False,2025-01-20T12:33:51
7c7e44e6-32b8-46c3-b4ec-f290168c66de,e3b55b93-7372-4b04-a39e-87beab4ab37a,Campaign 8,Email,False,False,2024-10-28T12:33:51
ab598f73-8970-408b-a013-59fa822d466f,e3b55b93-7372-4b04-a39e-87beab4ab37a,Campaign 2,Email,False,False,2023-10-29T12:33:51
97c4010b-039c-40c1-aaf9-de1c31574da7,e3ca4e21-7acc-4620-9158-a6a8699bdb72,Campaign 4,Social,False,False,2025-02-02T12:33:51
72fce467-cc52-4a75-b46b-720cb832f10e,e3ca4e21-7acc-4620-9158-a6a8699bdb72,Campaign 1,Email,True,True,2023-12-03T12:33:51
e0775a45-3f55-4849-91e3-bdbda42d1ecc,e3ca4e21-7acc-4620-9158-a6a8699bdb72,Campaign 10,Phone,False,False,2024-02-20T12:33:51
913c16e2-cb96-44eb-af82-143008f1eeb6,e3ca4e21-7acc-4620-9158-a6a8699bdb72,Campaign 3,Email,False,False,2024-05-28T12:33:51
c87fb9d5-e320-49e5-8988-ac64b308cc2c,e3ca4e21-7acc-4620-9158-a6a8699bdb72,Campaign 6,SMS,False,False,2024-09-07T12:33:51
bcb80c0b-2680-4f25-9851-ba269fce94bd,e435b5cd-085e-401e-85f4-a967bcaedc9f,Campaign 7,Email,False,True,2025-06-29T12:33:51
7b9e98a9-8f25-4cc6-903d-4066727386b3,e435b5cd-085e-401e-85f4-a967bcaedc9f,Campaign 7,SMS,False,False,2023-11-22T12:33:51
4fd8a46f-db37-4502-96b4-0cc5dac792c8,e435b5cd-085e-401e-85f4-a967bcaedc9f,Campaign 3,Email,True,True,2023-11-19T12:33:51
1216a959-df8c-49d5-b800-56841292d3ee,e435b5cd-085e-401e-85f4-a967bcaedc9f,Campaign 5,Social,False,False,2024-05-25T12:33:51
7057cfbf-eec4-4b3e-bb9c-d7a4bd5c2fd0,e45038f7-784f-4e04-a167-9755f22dd960,Campaign 8,SMS,False,True,2025-05-08T12:33:51
f40b8cbc-6f4b-40fb-8c1d-d4212f3690c0,e46e3a05-911f-4d33-a78c-7cd9c8d40973,Campaign 4,Social,False,True,2023-11-13T12:33:51
96ede511-c5ce-4381-8540-8ca3fd982034,e46e3a05-911f-4d33-a78c-7cd9c8d40973,Campaign 8,Phone,True,False,2024-03-06T12:33:51
aa11e807-bd43-4c33-b1da-7efdb33569d9,e4cd9cf3-b717-4fcb-9390-172fbffc2ab1,Campaign 1,Social,False,True,2023-11-30T12:33:51
0cb724da-6955-4459-be3d-9b71aab0d985,e4cd9cf3-b717-4fcb-9390-172fbffc2ab1,Campaign 9,SMS,True,False,2024-02-15T12:33:51
61cd1a5b-9a97-46be-8720-6c87d1884b06,e4cd9cf3-b717-4fcb-9390-172fbffc2ab1,Campaign 5,Email,True,False,2024-02-13T12:33:51
306f2893-5f37-4a45-9e3e-6508a8e722af,e4cd9cf3-b717-4fcb-9390-172fbffc2ab1,Campaign 9,Social,True,False,2025-08-20T12:33:51
f629aff3-a8fa-4a6c-806f-49fe6fca487a,e4cd9cf3-b717-4fcb-9390-172fbffc2ab1,Campaign 7,Phone,False,True,2025-07-09T12:33:51
1f290043-cc19-42be-aae2-8939e276581a,e4ec6c8c-22bd-4b84-acf0-91723b9a3ba2,Campaign 1,SMS,False,False,2024-09-07T12:33:51
d0427437-ef9e-49fc-88aa-970b7953ae4d,e4ec6c8c-22bd-4b84-acf0-91723b9a3ba2,Campaign 1,SMS,False,False,2024-08-22T12:33:51
46c82c30-52e1-4a36-ab68-801efad09d16,e4ec6c8c-22bd-4b84-acf0-91723b9a3ba2,Campaign 1,Email,True,False,2025-06-10T12:33:51
f9c1cdc4-eba2-4e90-bbaf-21d19d098c8e,e4eeca33-6c0e-446b-930e-fbac67251baf,Campaign 3,Phone,True,False,2024-09-15T12:33:51
d3e03997-fb50-4a32-9516-5b1f313b11ae,e4eeca33-6c0e-446b-930e-fbac67251baf,Campaign 1,Phone,False,True,2025-02-18T12:33:51
109d3b45-372d-4617-b2f0-d0e39f0f7229,e4eeca33-6c0e-446b-930e-fbac67251baf,Campaign 10,SMS,True,False,2024-08-07T12:33:51
4d0b6819-c140-4b68-8b46-10545c842e8f,e50c537a-a003-451b-ab4d-ca47db4efc55,Campaign 2,SMS,True,False,2024-05-23T12:33:51
e18f1487-ef18-4812-bd91-458264ac62f8,e50c537a-a003-451b-ab4d-ca47db4efc55,Campaign 6,Email,False,False,2024-08-20T12:33:51
7aacc2c3-bc56-42f8-8652-1008760c8a96,e54149ed-208b-4da8-b85c-37d0685ec9a4,Campaign 10,Email,True,True,2024-05-22T12:33:51
38319d0b-17fb-41b6-bcb5-f33ed6ec0d79,e549621f-3d78-41a6-b788-2cc4e3e2b0ca,Campaign 4,Phone,False,True,2024-05-07T12:33:51
1556b39a-1083-4082-a444-c20cb12311b4,e549621f-3d78-41a6-b788-2cc4e3e2b0ca,Campaign 1,Social,False,True,2024-03-09T12:33:51
4bdad7e5-85f8-41eb-b2ab-c969ffa28222,e549621f-3d78-41a6-b788-2cc4e3e2b0ca,Campaign 2,SMS,False,False,2024-12-30T12:33:51
4caaebdd-198a-48ae-9499-59be06e15f27,e57c544a-160a-4db0-9ef7-8c409f45d525,Campaign 6,SMS,False,True,2025-06-08T12:33:51
9cdb4726-9021-4623-b924-49c271a74311,e57c544a-160a-4db0-9ef7-8c409f45d525,Campaign 8,Phone,False,False,2023-12-01T12:33:51
1758ef3f-cf73-4603-87b8-86f85b29b7f1,e57c544a-160a-4db0-9ef7-8c409f45d525,Campaign 7,Email,True,False,2024-07-10T12:33:51
d38d64f4-5ad7-447a-bf19-21318ff01f3a,e57c544a-160a-4db0-9ef7-8c409f45d525,Campaign 3,Phone,False,True,2025-06-02T12:33:51
5658ac30-21ba-471c-8c9f-799d622a5207,e57c544a-160a-4db0-9ef7-8c409f45d525,Campaign 3,SMS,False,False,2024-03-10T12:33:51
2864e895-9dd3-48d4-96e0-b92dd13a868d,e58267b4-95c5-4914-9b71-fb3749f8ad75,Campaign 8,SMS,True,False,2024-05-04T12:33:51
f5a2d751-eccb-4c14-abc0-fdbfe0817c77,e58267b4-95c5-4914-9b71-fb3749f8ad75,Campaign 7,SMS,False,False,2025-04-05T12:33:51
78bd9168-016a-498b-993c-1a6ee3e3a511,e58267b4-95c5-4914-9b71-fb3749f8ad75,Campaign 5,Social,False,True,2025-03-23T12:33:51
9c9e1401-29ff-433f-8ad9-897c51665997,e58267b4-95c5-4914-9b71-fb3749f8ad75,Campaign 4,Email,False,False,2025-08-12T12:33:51
f1ec17bf-033a-4db4-82aa-bff69e7b08a7,e58910f5-4b38-475b-b689-ae7b3bab459f,Campaign 3,Phone,True,False,2024-06-17T12:33:51
86dd19be-1c04-4af0-94e6-4a4027cccd53,e58910f5-4b38-475b-b689-ae7b3bab459f,Campaign 6,Email,False,True,2024-12-20T12:33:51
7fc4381f-7ac6-4725-b6d9-2c51abacebae,e58910f5-4b38-475b-b689-ae7b3bab459f,Campaign 5,Email,True,True,2024-02-26T12:33:51
6777bdfe-1f6e-4587-b6b2-30746a580e13,e58910f5-4b38-475b-b689-ae7b3bab459f,Campaign 10,SMS,True,False,2024-06-26T12:33:51
31fe0320-b00e-4843-9e96-f3384ca2e152,e590afd9-51a5-449c-96a3-b9b4cd405814,Campaign 4,Email,False,False,2024-03-04T12:33:51
255ecf4c-d433-4f44-b790-6a73f3ebcb0b,e590afd9-51a5-449c-96a3-b9b4cd405814,Campaign 3,Phone,False,False,2023-09-09T12:33:51
ca44c5e5-7d3c-4354-84a3-1cdc104d0cd4,e590afd9-51a5-449c-96a3-b9b4cd405814,Campaign 8,Phone,False,False,2024-11-06T12:33:51
5c2064b0-afe2-457b-a20a-e9f5f4901cd5,e59b3347-c2d5-4419-a24a-ebd2344e68df,Campaign 4,Social,False,True,2024-03-03T12:33:51
4437af1f-968a-47c0-bb07-2c326da2ed20,e59b3347-c2d5-4419-a24a-ebd2344e68df,Campaign 8,SMS,True,True,2025-06-07T12:33:51
6b73e717-eac5-4743-9f69-6c25b0c90efa,e6026991-342a-4a96-8aa2-18f1088190d1,Campaign 8,Email,True,False,2025-06-17T12:33:51
e681a01b-c9d5-4700-9f7c-b876ded80951,e6047c44-ae02-4005-b197-3bc46e03d15c,Campaign 5,SMS,False,True,2024-06-11T12:33:51
af498d2b-426f-4602-a568-2a1556aadde9,e61a672e-5a6e-4971-a8a7-a0b7e4c10a38,Campaign 3,SMS,True,False,2025-06-18T12:33:51
f8206737-7115-4f1c-9d0c-e63db679fd7d,e61a672e-5a6e-4971-a8a7-a0b7e4c10a38,Campaign 4,Phone,False,True,2025-03-15T12:33:51
8f640538-109c-464c-a9eb-7d00c9224909,e6fb5a7b-29d1-4c42-9116-9d7e3903ff1a,Campaign 5,Email,True,True,2024-04-23T12:33:51
c4ef70f0-27b5-4934-9fb0-b526c37a0ce9,e6fb5a7b-29d1-4c42-9116-9d7e3903ff1a,Campaign 6,SMS,False,False,2024-04-05T12:33:51
66794853-975b-4ec5-b6ca-67a7362f6900,e6fb5a7b-29d1-4c42-9116-9d7e3903ff1a,Campaign 9,Social,False,False,2024-12-14T12:33:51
c8ace5c7-c1c1-444b-8fe9-a28761cf88dc,e716d28f-b1d9-4e54-9107-6618a13ab5ca,Campaign 5,Email,False,True,2023-10-07T12:33:51
237888c8-9a9c-4e0e-aa49-078f3cbfffb1,e716d28f-b1d9-4e54-9107-6618a13ab5ca,Campaign 6,Social,True,True,2024-07-27T12:33:51
50b534f0-d6f0-4280-9833-7c49affc150b,e7204b75-204d-4432-abd6-34e47cada052,Campaign 6,Email,False,True,2024-12-14T12:33:51
72130258-c2bc-4eb8-bfd4-22a9571d645a,e7204b75-204d-4432-abd6-34e47cada052,Campaign 2,Phone,False,False,2024-03-03T12:33:51
2b2b0838-e4cf-4402-8e9a-325a1af84361,e7204b75-204d-4432-abd6-34e47cada052,Campaign 9,SMS,False,False,2025-02-01T12:33:51
85639070-944a-4e7b-b978-f59089029bd1,e7204b75-204d-4432-abd6-34e47cada052,Campaign 8,Social,False,False,2023-10-24T12:33:51
badf7063-1277-4c4d-b20f-9505430cec3e,e736afea-97e2-4f65-b042-2f0f2b22407c,Campaign 6,Social,True,True,2023-09-08T12:33:51
30f2f5a0-a651-43a5-a5bd-a9e4a9893bef,e736afea-97e2-4f65-b042-2f0f2b22407c,Campaign 7,Social,True,False,2023-10-15T12:33:51
74ed022a-edae-46d8-afeb-ed7c4b31e818,e736afea-97e2-4f65-b042-2f0f2b22407c,Campaign 1,Email,False,False,2025-02-26T12:33:51
a6a44503-a612-4ddf-b2fa-762d847aff08,e749da40-c3b6-426e-9ec6-0060639e0cc6,Campaign 8,Social,False,False,2024-03-28T12:33:51
0c011a7c-c67b-4ba8-899b-721dac8d54f8,e749da40-c3b6-426e-9ec6-0060639e0cc6,Campaign 9,Email,False,False,2024-12-25T12:33:51
e12ee959-c00d-442e-b1c1-6ab69afd3be6,e76b4ef0-d1b7-450e-814f-62c64f55e10d,Campaign 5,SMS,False,False,2023-12-10T12:33:51
1f4e33ae-7462-4580-a3bb-b5963c7f3fba,e76b4ef0-d1b7-450e-814f-62c64f55e10d,Campaign 2,Email,True,True,2025-04-11T12:33:51
e98e3870-a493-48a5-b84b-04c2381afeef,e76b4ef0-d1b7-450e-814f-62c64f55e10d,Campaign 3,SMS,True,False,2024-12-03T12:33:51
d4a39bc9-0dbd-411b-b24d-f7afa180ad08,e76b4ef0-d1b7-450e-814f-62c64f55e10d,Campaign 10,Email,False,False,2024-11-13T12:33:51
8ca41b4c-b654-499a-85de-fd7b71004864,e76b4ef0-d1b7-450e-814f-62c64f55e10d,Campaign 7,Social,False,False,2024-05-24T12:33:51
95ab360e-692f-4d10-87e5-cfa625d96644,e7736a73-d986-4894-a75d-d7610b8c8e93,Campaign 2,Social,True,True,2024-06-22T12:33:51
bce2bbad-33d2-42f7-aa7d-8894c6668e4c,e7996cf1-c793-4bed-ad82-79f2ef3aa123,Campaign 4,SMS,True,False,2025-01-01T12:33:51
e0ee65d0-3417-4b4f-8664-838469bfc64d,e7b814c8-7ff9-42d4-bcc2-e212144d67cd,Campaign 9,Phone,True,True,2024-11-28T12:33:51
eb0e1a66-c1c6-4bd4-be8d-7155aa753448,e7b814c8-7ff9-42d4-bcc2-e212144d67cd,Campaign 9,Social,True,True,2025-02-03T12:33:51
7ebae9e7-ab56-46e7-aec4-63c5b81ef3fa,e7b814c8-7ff9-42d4-bcc2-e212144d67cd,Campaign 6,Social,False,True,2024-04-17T12:33:51
8764f71f-8dc0-475f-9be3-1822ffe1259e,e7b814c8-7ff9-42d4-bcc2-e212144d67cd,Campaign 1,SMS,True,True,2023-12-30T12:33:51
157feb0e-7cc0-479c-9ab4-0f7a7de1060e,e7cca297-3b7c-4d9e-a27b-331c7d58a6b8,Campaign 5,SMS,True,False,2024-11-29T12:33:51
7ea6d7c8-8e2d-49be-b590-4f2fe79925d1,e7cca297-3b7c-4d9e-a27b-331c7d58a6b8,Campaign 6,Email,True,True,2024-11-05T12:33:51
ac5e9714-7e5a-4055-9b27-13dd49ffcefa,e7cca297-3b7c-4d9e-a27b-331c7d58a6b8,Campaign 5,Phone,True,False,2025-04-03T12:33:51
1bfac07c-0f20-4dd2-9a8f-bb94bf40835c,e7dd93c2-d6df-4bb8-8e58-f6586f426d9c,Campaign 8,Phone,False,True,2025-04-04T12:33:51
7961a1ba-bfce-46f2-9a82-c3c930a9cb50,e7dd93c2-d6df-4bb8-8e58-f6586f426d9c,Campaign 1,Phone,True,False,2025-08-25T12:33:51
a6669f50-c3b0-4613-abcc-0e38774514ea,e7df0516-b3d4-45a3-afea-7a8741edd1fe,Campaign 4,Phone,False,False,2023-10-13T12:33:51
b27873a7-ac10-43ab-a1af-cdc15846be23,e7df0516-b3d4-45a3-afea-7a8741edd1fe,Campaign 9,Social,True,True,2023-12-27T12:33:51
22b505e4-595f-4693-afea-9f419e94c552,e7df0516-b3d4-45a3-afea-7a8741edd1fe,Campaign 3,Phone,False,True,2024-05-06T12:33:51
7f7af8e2-8488-489a-a2ae-1e97dbd9a6de,e7e7552d-12a6-4d62-b65a-fa09e27940e3,Campaign 4,Social,True,False,2023-11-17T12:33:51
e94b7d91-ffcc-4115-929d-46b300baa23b,e7e7e064-a702-40e2-8ac2-a82ce555d1a3,Campaign 10,Email,False,False,2025-01-20T12:33:51
59fe7387-0b67-4036-b309-20e952ea2c3e,e7e7e064-a702-40e2-8ac2-a82ce555d1a3,Campaign 8,Email,True,False,2025-01-29T12:33:51
14609f35-66a9-4f03-bb7d-631ea04ede46,e7ebbb5e-7594-41cc-9e97-bfcbfcf37a1e,Campaign 6,Phone,True,False,2025-04-17T12:33:51
6df3da81-717a-434b-959b-3b34ae17bdda,e7ebbb5e-7594-41cc-9e97-bfcbfcf37a1e,Campaign 9,Email,False,True,2025-07-17T12:33:51
f35bdf5d-1d43-47b5-9dd4-ef54a653ac1e,e7ebbb5e-7594-41cc-9e97-bfcbfcf37a1e,Campaign 10,SMS,True,True,2024-03-03T12:33:51
a64315cb-fb13-48f3-bb11-f7f3deb91972,e7ebbb5e-7594-41cc-9e97-bfcbfcf37a1e,Campaign 4,Phone,False,False,2025-08-14T12:33:51
f9d533cb-7ab7-45d3-9233-9e095104a2d5,e7ebbb5e-7594-41cc-9e97-bfcbfcf37a1e,Campaign 5,Email,False,False,2025-02-25T12:33:51
beed70c4-9c1c-46ca-8f41-222dd11e9e7e,e7f3cfca-eda1-48a6-9d2f-f614bc5dbd21,Campaign 9,Phone,True,True,2025-08-12T12:33:51
c44a151b-82ca-4f02-93bf-8f170a3bc756,e7f3cfca-eda1-48a6-9d2f-f614bc5dbd21,Campaign 2,Email,True,False,2024-02-08T12:33:51
1643a660-5f46-4ab3-84d6-371c22479921,e7f3cfca-eda1-48a6-9d2f-f614bc5dbd21,Campaign 1,Social,True,False,2025-08-19T12:33:51
241cff75-0e0d-453b-aa3c-d38fc567a19c,e804ac8e-2a5b-40f7-af5b-005b1a62d22a,Campaign 3,Social,True,False,2025-01-01T12:33:51
12d8f7dd-6fde-45b8-bf4f-81ac4bde3648,e804ac8e-2a5b-40f7-af5b-005b1a62d22a,Campaign 9,SMS,False,True,2024-12-18T12:33:51
d1b19e4d-7aea-4a94-b8d0-85fa224c069c,e804ac8e-2a5b-40f7-af5b-005b1a62d22a,Campaign 3,SMS,False,False,2024-01-05T12:33:51
1747af41-ef65-4b68-b942-bd5a708baeb0,e804ac8e-2a5b-40f7-af5b-005b1a62d22a,Campaign 10,Phone,False,False,2024-08-11T12:33:51
e934cf1e-af65-4fbc-8329-15c4372463d6,e804ac8e-2a5b-40f7-af5b-005b1a62d22a,Campaign 10,Email,False,True,2025-07-22T12:33:51
9dd360ad-2a54-4416-9e72-e6da99179f08,e8526a19-3508-44ad-9762-c37ae3c63d77,Campaign 9,Phone,False,False,2025-06-07T12:33:51
5b87f86f-f8ad-4966-8c60-0464b2c26704,e8526a19-3508-44ad-9762-c37ae3c63d77,Campaign 10,SMS,False,True,2024-05-10T12:33:51
7c13a148-6156-4bc6-aa4d-a8d429f2dfcc,e8526a19-3508-44ad-9762-c37ae3c63d77,Campaign 6,SMS,False,True,2025-03-18T12:33:51
957e0423-763b-41ab-ba04-18570b9e1ecf,e8693f7e-c9f3-47eb-918b-cb7bdb711aec,Campaign 7,Phone,False,True,2024-08-09T12:33:51
e0236e74-4f7a-4540-bfda-d9381a557651,e8693f7e-c9f3-47eb-918b-cb7bdb711aec,Campaign 10,Email,False,False,2023-09-08T12:33:51
3b954aa1-4053-41bf-988a-2287cb5e11f6,e8693f7e-c9f3-47eb-918b-cb7bdb711aec,Campaign 3,Email,True,True,2024-05-25T12:33:51
6f3222c0-ad56-4660-83b2-b4ba22187038,e8693f7e-c9f3-47eb-918b-cb7bdb711aec,Campaign 5,Email,False,False,2025-06-08T12:33:51
f680f80f-d962-49ca-8af8-d1af53a9a4c8,e8693f7e-c9f3-47eb-918b-cb7bdb711aec,Campaign 7,Social,True,True,2023-12-15T12:33:51
4a3f445d-702e-4c4d-b396-f3d5d3b7bc83,e87707f4-b803-4227-937f-ee62350fc8d0,Campaign 6,Email,True,True,2024-11-22T12:33:51
c26a3b45-248f-42d5-a495-5ae173c9d5ef,e8da460a-e6b9-48c2-b231-c1e0463c76fe,Campaign 2,Email,True,True,2024-09-04T12:33:51
b8840f2d-3f49-4453-880f-220cce1b14a7,e8da460a-e6b9-48c2-b231-c1e0463c76fe,Campaign 6,Social,True,True,2023-09-11T12:33:51
570e3bae-2634-47e2-a302-c0eb2cda2f02,e8da460a-e6b9-48c2-b231-c1e0463c76fe,Campaign 9,Phone,True,False,2025-02-08T12:33:51
3dc73cd5-d676-471b-a76a-8f362d6ec89f,e8da460a-e6b9-48c2-b231-c1e0463c76fe,Campaign 9,Phone,False,True,2023-10-18T12:33:51
ea4a2ea1-e95b-400d-b724-33f05fe93ac7,e904f5d0-cab0-4980-af78-863258dff87d,Campaign 1,Social,True,True,2024-06-20T12:33:51
2d41ac03-fa08-4760-b5af-ed60431f7527,e904f5d0-cab0-4980-af78-863258dff87d,Campaign 5,Email,True,True,2024-05-05T12:33:51
e1c1a1b9-6b7c-4432-801f-e5f5b371a0ad,e904f5d0-cab0-4980-af78-863258dff87d,Campaign 6,Social,True,True,2023-10-02T12:33:51
1ce598a9-070f-4a39-8505-0042404d86f6,e904f5d0-cab0-4980-af78-863258dff87d,Campaign 1,Social,True,True,2024-04-19T12:33:51
8dc8ec07-b0ea-489f-a4ad-1d7ca280d444,e904f5d0-cab0-4980-af78-863258dff87d,Campaign 2,Social,False,False,2023-09-26T12:33:51
c008c416-abd3-495f-b7ce-4e0f20ba3bbd,e916d909-40f6-403d-bc9c-d4f9b8443f54,Campaign 7,SMS,True,False,2025-01-22T12:33:51
eca753d5-fb1c-4e49-bd2c-9d74622911f7,e916d909-40f6-403d-bc9c-d4f9b8443f54,Campaign 10,Phone,True,False,2025-08-01T12:33:51
143f45b4-1447-4e02-a7ae-5446da3918c6,e916d909-40f6-403d-bc9c-d4f9b8443f54,Campaign 6,Phone,False,False,2025-01-11T12:33:51
707779a0-d834-454d-9e86-5e682cd5638d,e916d909-40f6-403d-bc9c-d4f9b8443f54,Campaign 6,Social,True,True,2025-01-10T12:33:51
d0d0c69d-f0d9-48d5-a778-9070e89a17db,e917b350-36ea-4995-aab6-a3f6f33b1a5a,Campaign 10,SMS,False,False,2025-04-17T12:33:51
cd2fd9ec-dc66-4086-8a07-5345ca6ef189,e917b350-36ea-4995-aab6-a3f6f33b1a5a,Campaign 5,Social,True,False,2024-12-14T12:33:51
56a517bd-c264-48d1-82e8-4321acdb4db0,e917b350-36ea-4995-aab6-a3f6f33b1a5a,Campaign 8,Social,False,True,2024-04-04T12:33:51
6a29539a-496a-4b60-a4cc-bc46c3d24ac1,e917b350-36ea-4995-aab6-a3f6f33b1a5a,Campaign 6,Email,True,True,2024-06-09T12:33:51
4da87eb5-b10f-4454-a794-fac6f3b3d7d9,e930062f-252d-48d2-b693-f2e3b7fd64bf,Campaign 3,Email,False,False,2025-05-06T12:33:51
f5e78649-4dbc-4d9e-a604-f29866349554,e946e521-be03-47f0-b78d-63196f2d3d1c,Campaign 4,Social,True,True,2024-05-08T12:33:51
1dc0a21c-9f0c-4fb6-90ea-5545a8694c23,e946e521-be03-47f0-b78d-63196f2d3d1c,Campaign 8,Email,False,False,2025-01-02T12:33:51
503f1d45-35f1-4e40-9f83-48ac8e2a5dee,e946e521-be03-47f0-b78d-63196f2d3d1c,Campaign 9,Phone,False,False,2023-10-21T12:33:51
ff6954b6-8369-447d-aeb0-21d41181f841,e946e521-be03-47f0-b78d-63196f2d3d1c,Campaign 5,Social,True,True,2025-05-30T12:33:51
e282a0aa-74b0-4fd2-9c2c-cae1f65353b2,e9646556-1728-4b6b-aeb9-4174c9fea8c2,Campaign 1,SMS,True,True,2024-01-29T12:33:51
b14db0b2-246c-4b83-a720-0b0bcf8d9039,e9ad1911-62f8-4c6d-b8d6-c135e8f1d75a,Campaign 9,Email,True,True,2025-04-28T12:33:51
90e355e8-3178-4247-a2ca-0ba04a0fcd04,e9ad1911-62f8-4c6d-b8d6-c135e8f1d75a,Campaign 6,Phone,False,False,2025-07-25T12:33:51
4b664a2a-3010-4196-b8ea-fe70af90db74,e9ce3f86-3a6d-445b-b65f-3e711a8b98e6,Campaign 4,Email,True,False,2023-10-10T12:33:51
50466dfe-a573-4f0a-8a99-89b9acc3ab4c,e9ce3f86-3a6d-445b-b65f-3e711a8b98e6,Campaign 6,Email,False,True,2024-06-18T12:33:51
593847b5-d4bd-4a80-aaac-059e3b84b540,e9ce3f86-3a6d-445b-b65f-3e711a8b98e6,Campaign 7,Email,False,True,2024-04-29T12:33:51
9166f662-05c7-44c3-be57-458dd6d22f49,e9ce3f86-3a6d-445b-b65f-3e711a8b98e6,Campaign 5,SMS,False,False,2025-03-02T12:33:51
f1587547-b3eb-415d-bb44-25068b3013a0,ea091fac-75ca-478d-8cdf-abf2ac79854b,Campaign 9,Social,False,True,2024-05-03T12:33:51
789ae1a6-457f-4289-8e78-251caf3f999d,ea258b45-fd22-40dc-b984-b4adac3dcd31,Campaign 3,Phone,False,False,2024-03-20T12:33:51
02e018bb-d5b9-4b97-b19e-9c45bf9b7bf9,ea258b45-fd22-40dc-b984-b4adac3dcd31,Campaign 8,Social,False,False,2024-08-07T12:33:51
736c5c7b-c6fb-4850-8b9f-eb9e29cf696e,ea40176a-a127-4e8d-8cb6-b3cc64924901,Campaign 5,SMS,True,True,2024-11-12T12:33:51
7e66c590-e888-4022-8a6b-b18e04b87728,ea40176a-a127-4e8d-8cb6-b3cc64924901,Campaign 10,Social,False,True,2024-07-25T12:33:51
47611217-cc8a-4965-a6dd-c074277b0214,ea40176a-a127-4e8d-8cb6-b3cc64924901,Campaign 7,Phone,True,False,2024-08-18T12:33:51
d8b24f26-b4f1-447a-94dd-2e3e6ee6abc4,ea442318-2bf4-4385-b3f0-795ef6d5d404,Campaign 2,SMS,True,True,2025-04-29T12:33:51
21df3c54-2080-4b1b-8e94-787eecefa71a,ea442318-2bf4-4385-b3f0-795ef6d5d404,Campaign 1,SMS,False,True,2024-01-13T12:33:51
125c6f76-29ca-449a-875f-2b159582b1f4,ea442318-2bf4-4385-b3f0-795ef6d5d404,Campaign 5,Phone,False,False,2023-12-23T12:33:51
2221f8eb-4497-4e48-a4f3-1d8758534c80,ea639e03-1eee-4984-9dbe-d3381977c8a9,Campaign 4,SMS,True,False,2024-01-18T12:33:51
8eb71521-c2f6-4cca-b740-fa834e8ae8a5,ea639e03-1eee-4984-9dbe-d3381977c8a9,Campaign 7,Email,True,False,2025-01-28T12:33:51
3cfc7ed8-0dd9-45e8-8494-2a4a97f79973,ea639e03-1eee-4984-9dbe-d3381977c8a9,Campaign 8,Email,True,True,2024-10-11T12:33:51
6a300d01-6568-4d46-911b-663a7e448ac4,ea682350-387b-4ae0-8b43-2a130bd135c3,Campaign 5,Social,False,True,2023-10-18T12:33:51
9fb9905c-33ff-4349-8ba0-4b54f1534271,ea682350-387b-4ae0-8b43-2a130bd135c3,Campaign 10,Email,False,True,2024-02-19T12:33:51
62e39a2e-07d9-4548-bd30-0b44738974ba,ea682350-387b-4ae0-8b43-2a130bd135c3,Campaign 2,Email,True,False,2024-02-07T12:33:51
8af60dd6-8643-46a6-9f11-fa9af269af10,ea682350-387b-4ae0-8b43-2a130bd135c3,Campaign 10,SMS,True,False,2025-06-29T12:33:51
38e7d802-0006-475c-b842-e5b814fba68e,ea7abb45-8900-4513-a098-d8f69332b4de,Campaign 1,Phone,False,True,2025-03-04T12:33:51
22e6d42e-e6dc-42b6-859c-d624bcd82fe2,ea7abb45-8900-4513-a098-d8f69332b4de,Campaign 5,Social,False,True,2024-06-23T12:33:51
83ef5831-eb8d-4b9f-ad08-23a77dc7cafc,ea7abb45-8900-4513-a098-d8f69332b4de,Campaign 1,Phone,False,False,2025-03-14T12:33:51
308de57e-734d-4a07-ba67-1f9d372716ca,ea7abb45-8900-4513-a098-d8f69332b4de,Campaign 1,Social,True,False,2023-12-15T12:33:51
2513a7e8-3069-4665-b068-2253b8669821,eaadf81e-7b37-4231-92df-1878e8658235,Campaign 2,Social,True,True,2025-05-25T12:33:51
3b9b1dd4-6433-48e6-889c-56e7867fa255,eaadf81e-7b37-4231-92df-1878e8658235,Campaign 3,Email,False,True,2024-09-05T12:33:51
10cae0f7-f5d5-44be-bb39-949b559427fd,eaadf81e-7b37-4231-92df-1878e8658235,Campaign 2,Phone,True,False,2024-09-04T12:33:51
1b91ec86-1b18-4199-84f8-3e58e2eccb65,eaadf81e-7b37-4231-92df-1878e8658235,Campaign 7,Social,False,False,2023-11-16T12:33:51
b5536b4a-d0b8-4dab-b04e-39dcfc8bd7d2,eab03506-cdaa-498a-ab15-cf3525ad6032,Campaign 6,Phone,True,True,2023-11-07T12:33:51
d3a10439-fc9a-48b9-8b13-bce5eb7bffec,eab03506-cdaa-498a-ab15-cf3525ad6032,Campaign 9,Social,False,True,2025-06-15T12:33:51
57b8e090-dfe9-4d03-a111-d6ff1978c086,eac0337c-0285-4b7b-85e2-4c0bf6db1dce,Campaign 2,Email,False,False,2024-12-14T12:33:51
beed55b6-bac4-4940-9f8c-da93b124fa5c,eac0337c-0285-4b7b-85e2-4c0bf6db1dce,Campaign 8,Phone,True,False,2023-10-28T12:33:51
63133533-a9bf-4480-b2de-b675f4c368b7,eb0c7204-7de8-4be7-978b-0a0369ebf743,Campaign 9,Phone,True,False,2025-08-14T12:33:51
3a98aaa5-d28f-4fbc-bc66-2272b1362130,eb0c7204-7de8-4be7-978b-0a0369ebf743,Campaign 1,Social,False,False,2025-06-05T12:33:51
3929cc19-abc3-4ff3-bc5a-a5e09ff0cba5,eb0c7204-7de8-4be7-978b-0a0369ebf743,Campaign 7,Email,True,False,2025-08-06T12:33:51
cb10611f-6ce0-4bcd-810e-8df58a4fcd60,eb0c7204-7de8-4be7-978b-0a0369ebf743,Campaign 8,Email,False,False,2025-01-04T12:33:51
d2fe52f0-48db-407a-8658-f3cf246c07d8,eb2666a9-6419-45a4-9797-2ff4b1cf3ccf,Campaign 2,Social,True,False,2023-08-31T12:33:51
202406d3-a533-4067-ab3c-85f4c5dfb073,eb2666a9-6419-45a4-9797-2ff4b1cf3ccf,Campaign 3,Social,True,False,2024-09-25T12:33:51
7ccdfe65-7eb7-4d25-98b4-f66e90a780db,eb2666a9-6419-45a4-9797-2ff4b1cf3ccf,Campaign 3,Phone,False,False,2025-06-30T12:33:51
7c026374-98a3-4ccc-ae7e-aa772a5ad9a4,eb2666a9-6419-45a4-9797-2ff4b1cf3ccf,Campaign 5,Social,False,True,2025-06-15T12:33:51
1e5e21a1-34b7-4ac5-a143-9a0c01b8eefb,eb7d240b-fcd8-4de1-9104-4505c85db54a,Campaign 7,SMS,False,True,2025-04-14T12:33:51
4ea7f8bc-b58d-4757-812e-b7584bd197e8,eb7d240b-fcd8-4de1-9104-4505c85db54a,Campaign 6,Phone,False,True,2025-03-20T12:33:51
ae9db707-824b-48c3-afb8-6749a07b13ea,eb7d240b-fcd8-4de1-9104-4505c85db54a,Campaign 10,SMS,True,False,2023-10-25T12:33:51
8c2371f9-1750-4a2f-aa3a-8195340f2f55,eb7d240b-fcd8-4de1-9104-4505c85db54a,Campaign 5,Phone,False,False,2025-05-02T12:33:51
1a4cf86b-dedb-4376-bcf3-a2d3556fa64c,eb7d240b-fcd8-4de1-9104-4505c85db54a,Campaign 6,Social,True,True,2023-12-20T12:33:51
1a77975b-159d-4f64-a87c-6c84f67f82a0,eb87508b-f4b7-471c-a18d-013d8779f1a9,Campaign 6,Phone,False,True,2025-04-01T12:33:51
4851d05b-3edd-4bb6-b473-0ed2106697ca,eb87508b-f4b7-471c-a18d-013d8779f1a9,Campaign 9,Phone,False,True,2023-11-01T12:33:51
9f06b8b8-9f75-4a26-b725-17fe4708d929,ebd3291d-cb94-4bb2-b07e-4869ece2440c,Campaign 1,Social,False,True,2025-03-26T12:33:51
d6331574-cbdd-49d6-9d74-328439600914,ebd3291d-cb94-4bb2-b07e-4869ece2440c,Campaign 2,Email,False,True,2024-10-04T12:33:51
fa043ed4-c9fa-473e-a8b1-c0bac0a71f15,ebebbe6e-2fd4-4972-9d08-c0c387286725,Campaign 6,Phone,False,True,2024-09-14T12:33:51
6fc6afe7-7065-40ab-ab97-939658fe1171,ebebbe6e-2fd4-4972-9d08-c0c387286725,Campaign 8,Social,False,False,2023-11-08T12:33:51
c29c5694-5825-47f8-b0f6-a5313d7e73a2,ebebbe6e-2fd4-4972-9d08-c0c387286725,Campaign 6,SMS,False,False,2024-12-16T12:33:51
f64cff52-2480-4061-8827-0b739446d785,ebefd26c-477e-480c-a167-78e5fbd6d4da,Campaign 5,SMS,False,True,2024-12-04T12:33:51
ffc27547-09ba-4a21-9a61-22435d08485d,ebefd26c-477e-480c-a167-78e5fbd6d4da,Campaign 4,Social,True,False,2025-04-04T12:33:51
100932c9-5159-4213-a862-ad0cd1801315,ebf2c94b-8c05-4f2e-bd2b-95eb54f88ced,Campaign 8,SMS,False,False,2024-07-31T12:33:51
2d2201fa-1e44-4de5-af88-1f77974b75c3,ebf2c94b-8c05-4f2e-bd2b-95eb54f88ced,Campaign 4,Phone,True,False,2025-07-05T12:33:51
27efc5f3-86ab-4180-8daa-de741bb96150,ebf2c94b-8c05-4f2e-bd2b-95eb54f88ced,Campaign 9,Social,True,True,2024-09-09T12:33:51
6a5a2a3b-4b5f-4c3a-a341-a9895d6f11df,ebf2c94b-8c05-4f2e-bd2b-95eb54f88ced,Campaign 3,SMS,True,True,2024-04-14T12:33:51
fd511cd1-145b-4ab6-94bd-fec7f4fde74e,ebfb385e-e09c-4872-9d31-7da72e3ca9f2,Campaign 7,Social,True,True,2024-08-14T12:33:51
93f8ebcf-acd6-435b-b995-6bfbad0a9bd2,ebfb385e-e09c-4872-9d31-7da72e3ca9f2,Campaign 10,Email,False,False,2024-08-14T12:33:51
e68538f8-926f-4d1c-a0e5-1f52f39d7a2e,ec0b662c-4bbb-4eb0-af18-73222ea2992d,Campaign 2,Social,False,False,2024-12-30T12:33:51
d35b8bc9-fc6e-45dd-a60b-59b79660d10d,ec0b662c-4bbb-4eb0-af18-73222ea2992d,Campaign 1,Phone,True,False,2025-06-07T12:33:51
85e47558-2336-4321-81d6-940b3cef7b8a,ec3dbd99-663d-4042-ae2e-d2a83fbb3d4e,Campaign 3,Phone,True,True,2023-12-21T12:33:51
ad10ee5b-7991-4e3b-9d3a-e531d40445e6,ec3dbd99-663d-4042-ae2e-d2a83fbb3d4e,Campaign 5,Social,False,False,2023-11-10T12:33:51
598bce1b-6b52-4761-92c3-7d0d8825669a,ec3dbd99-663d-4042-ae2e-d2a83fbb3d4e,Campaign 7,Email,True,True,2025-08-17T12:33:51
7ee1dfd5-a83b-4684-9ed8-abff6eafa463,ec3dbd99-663d-4042-ae2e-d2a83fbb3d4e,Campaign 1,Email,False,False,2024-08-30T12:33:51
16d60a5f-aab5-4a5c-93aa-86e576cc51d0,ec3dbd99-663d-4042-ae2e-d2a83fbb3d4e,Campaign 1,Phone,False,False,2024-07-26T12:33:51
61c29775-3269-4fae-9d8a-81ab6cb46cf3,ec4078b8-efa7-4346-9b4d-109843a854e4,Campaign 9,SMS,True,True,2024-11-24T12:33:51
8c723f94-9305-46f8-b857-56019977d22e,ec4078b8-efa7-4346-9b4d-109843a854e4,Campaign 4,Phone,True,False,2024-06-05T12:33:51
56a252f6-d4c8-46a1-8884-a91cba6fc206,ec4078b8-efa7-4346-9b4d-109843a854e4,Campaign 7,Email,True,True,2025-05-09T12:33:51
892c6ace-cb4c-4903-8ee8-29ab7712d089,ec4078b8-efa7-4346-9b4d-109843a854e4,Campaign 4,Phone,False,True,2024-01-06T12:33:51
aee5acd9-a9a9-4f1d-ae29-00add0cb4185,ec5710c9-bf4d-4016-934a-c4fe1700e5e7,Campaign 5,Email,True,True,2023-12-12T12:33:51
d1432c05-b62e-429c-b2b3-e7cdb38b1255,ec5710c9-bf4d-4016-934a-c4fe1700e5e7,Campaign 6,SMS,True,True,2024-01-16T12:33:51
42632df2-6767-4f6d-aaee-30c2e60cd5ce,ec5710c9-bf4d-4016-934a-c4fe1700e5e7,Campaign 7,Social,False,True,2025-07-28T12:33:51
76ea65e0-a151-4344-ad86-3d82c37d2610,ec5710c9-bf4d-4016-934a-c4fe1700e5e7,Campaign 3,SMS,False,False,2024-11-23T12:33:51
0b6771a8-b120-4d04-9ea8-54e2a8100974,ec7c6f18-5e97-4fb1-baa9-fec7bbfb696f,Campaign 8,Social,True,True,2024-03-11T12:33:51
b0df07b3-0187-425e-9b0b-d50985ea0760,ec7c6f18-5e97-4fb1-baa9-fec7bbfb696f,Campaign 4,Social,True,False,2023-11-04T12:33:51
0453b4c8-15fc-4811-8c67-4c4393f6717e,ec7e92e6-d1d4-45d5-aa8d-55515a9af2f3,Campaign 5,Phone,True,True,2024-09-01T12:33:51
8138fa4d-b92c-4162-b31b-d858d0b3d3b6,ec7e92e6-d1d4-45d5-aa8d-55515a9af2f3,Campaign 9,Phone,True,True,2023-09-15T12:33:51
d7562225-df4e-4f54-a5bb-852c054cd50b,ec7e92e6-d1d4-45d5-aa8d-55515a9af2f3,Campaign 10,Email,False,True,2024-05-16T12:33:51
2c3aea49-695d-472b-8a75-b1f31b3119c9,ec8989d6-3321-4872-b430-86054b1d6ff2,Campaign 8,SMS,True,False,2025-08-18T12:33:51
e9e8f80b-835f-4637-8c52-bbbffe265f4f,ec9997a0-8df0-47c9-80c8-ae43b12baac4,Campaign 3,SMS,False,True,2024-03-03T12:33:51
a6015869-80fd-4763-a260-18c2e1a03117,ec9997a0-8df0-47c9-80c8-ae43b12baac4,Campaign 8,Email,True,True,2024-11-06T12:33:51
3c66e18f-2f4f-4ffa-ac54-7cdfc786461d,ec9997a0-8df0-47c9-80c8-ae43b12baac4,Campaign 10,Social,False,False,2025-02-21T12:33:51
2bb998d2-e307-4ce0-8362-b1a153f218c2,ec9997a0-8df0-47c9-80c8-ae43b12baac4,Campaign 3,SMS,True,False,2025-05-28T12:33:51
9120d1c5-bd38-4736-af20-ac6b5ca552d2,ec9997a0-8df0-47c9-80c8-ae43b12baac4,Campaign 1,SMS,False,True,2023-09-09T12:33:51
8f6372b7-fd4b-4b19-858a-8d84d9b135c9,eca83ec7-cad3-47c9-82a9-01dca8cc6cfe,Campaign 6,Social,False,True,2023-11-02T12:33:51
37174152-dff1-469d-91dc-686f5c3eca6f,eca83ec7-cad3-47c9-82a9-01dca8cc6cfe,Campaign 3,Email,True,True,2023-11-18T12:33:51
f86b50d3-bd10-47d4-a2d3-12de803eb5bf,eca83ec7-cad3-47c9-82a9-01dca8cc6cfe,Campaign 7,Social,False,True,2024-06-02T12:33:51
9c3c4c54-6000-447d-a610-ff6ac6a84d69,eca83ec7-cad3-47c9-82a9-01dca8cc6cfe,Campaign 4,Phone,False,True,2024-02-05T12:33:51
93a19e53-73e9-4b98-a713-688eacde5d80,ecd9df79-22a9-416c-a3b7-5a207ccb2e4f,Campaign 6,Phone,False,True,2025-05-12T12:33:51
fa286f58-d525-4240-a406-a29219662a30,ecd9df79-22a9-416c-a3b7-5a207ccb2e4f,Campaign 10,Phone,True,False,2024-02-07T12:33:51
65c08a47-5e50-416a-9bfa-3986bf6615cc,ecd9df79-22a9-416c-a3b7-5a207ccb2e4f,Campaign 3,Phone,True,False,2024-09-04T12:33:51
ce6d18a0-8463-410d-82fb-14e36dff3389,ecd9df79-22a9-416c-a3b7-5a207ccb2e4f,Campaign 6,Phone,True,False,2025-03-11T12:33:51
faeeab15-43d7-4336-8601-ace65b5a182c,ecdeac58-8c82-4bfd-9d68-758ee79b8ad1,Campaign 6,Social,True,True,2025-08-20T12:33:51
fecae62a-90e0-4a9b-bf63-9b580132fcac,ecdeac58-8c82-4bfd-9d68-758ee79b8ad1,Campaign 8,Phone,True,False,2023-11-30T12:33:51
1398825d-4292-4093-ad7d-95fc12872443,ecdeac58-8c82-4bfd-9d68-758ee79b8ad1,Campaign 4,Phone,True,False,2024-06-05T12:33:51
2890421c-54f2-451f-9d7c-b7e3cae0c172,ecdeac58-8c82-4bfd-9d68-758ee79b8ad1,Campaign 8,SMS,True,False,2024-10-03T12:33:51
7376e0fa-6788-4897-8842-b5c1a68d4803,ed00ad05-a679-4a2e-8e56-44a1a01b9363,Campaign 1,Email,True,False,2025-07-21T12:33:51
3545d560-ba84-488a-90e5-fc778ec7dddf,ed00ad05-a679-4a2e-8e56-44a1a01b9363,Campaign 8,Phone,True,False,2024-01-18T12:33:51
9ab90777-ef0b-46b7-8b7b-79c24d9a5eb2,ed00ad05-a679-4a2e-8e56-44a1a01b9363,Campaign 5,Phone,True,True,2024-05-03T12:33:51
94502648-b60c-4ab5-965d-9636a8ef1d38,ed00ad05-a679-4a2e-8e56-44a1a01b9363,Campaign 1,SMS,True,False,2023-11-14T12:33:51
0bc580bb-2f0f-4d31-89fc-2ff0b30cbb18,ed7b7c70-2505-4ed8-a730-c1b23784087d,Campaign 4,Social,False,True,2025-08-11T12:33:51
7d30938b-d53e-457b-8993-a947d3be5a1f,ed7b7c70-2505-4ed8-a730-c1b23784087d,Campaign 8,Email,False,True,2023-10-23T12:33:51
53ec5350-1a4b-41e8-a155-890f8cd237e2,ed7b7c70-2505-4ed8-a730-c1b23784087d,Campaign 2,Social,True,True,2023-12-14T12:33:51
e29cbf9c-ae4b-4ecc-a185-504bff43df5e,ed7b7c70-2505-4ed8-a730-c1b23784087d,Campaign 2,SMS,False,True,2024-10-15T12:33:51
0c45f9d7-5e8f-4416-ad18-49215015c7bf,ed8a81f3-1f2a-4b7a-b804-6a3af48f4f29,Campaign 6,Phone,False,True,2024-10-11T12:33:51
24fc0cc7-54a2-4211-82de-37da0eef7041,edc9a9c9-b425-4d8c-a450-6f870707f0e5,Campaign 1,Phone,True,True,2024-10-14T12:33:51
c39c4fbf-7bc5-4fc6-b452-9b9be97d04cf,edc9a9c9-b425-4d8c-a450-6f870707f0e5,Campaign 5,Phone,True,False,2024-06-24T12:33:51
d9735666-f885-4895-a733-de7a02e2d83e,edc9a9c9-b425-4d8c-a450-6f870707f0e5,Campaign 8,Phone,True,False,2024-05-08T12:33:51
8176e884-7029-4abf-b4d0-37b4bc90b965,eddf214e-60bb-475a-aaaf-f3e75d517f0a,Campaign 1,SMS,True,True,2024-07-18T12:33:51
d61a808c-c653-4359-aa7c-86cf1a40293b,ede7e57a-a435-4906-8881-4003c2270200,Campaign 3,SMS,True,True,2024-10-28T12:33:51
acdd8d50-bae0-4fab-82fd-e5a8bdbc2c46,edfc244d-2764-407d-9779-0351eae344a0,Campaign 2,Phone,True,False,2024-08-15T12:33:51
39103be4-1278-426c-9374-0092bd721cbd,edfc244d-2764-407d-9779-0351eae344a0,Campaign 8,SMS,True,True,2025-03-29T12:33:51
c124d171-c63e-47c0-b8f0-6fb4eebfbe55,edfc244d-2764-407d-9779-0351eae344a0,Campaign 1,SMS,True,True,2023-12-29T12:33:51
168ceb5c-88e0-4cca-8881-046cd0f22a1e,edfc244d-2764-407d-9779-0351eae344a0,Campaign 3,Email,False,False,2024-11-29T12:33:51
c6ca9989-135d-4673-a8df-c710776d2293,ee3b4bad-11db-4c5a-9611-bfc2cb6cf173,Campaign 6,Social,False,True,2024-12-11T12:33:51
7ca85cdd-e5dc-4f55-affa-eedc8e0b1409,ee3b4bad-11db-4c5a-9611-bfc2cb6cf173,Campaign 9,Phone,False,False,2024-06-18T12:33:51
018ed46b-32c0-4e1e-80ea-befecce30720,ee9b6c05-9376-4f00-8ab2-ac02b89a65fe,Campaign 9,Phone,False,True,2025-01-12T12:33:51
49d8ce15-573f-41bf-a38a-38bf26ad7e59,ee9b6c05-9376-4f00-8ab2-ac02b89a65fe,Campaign 7,Phone,False,True,2024-03-29T12:33:51
c24db609-569e-4334-b0b3-2c8d5acf9e80,ee9b6c05-9376-4f00-8ab2-ac02b89a65fe,Campaign 2,SMS,False,True,2024-11-29T12:33:51
1e65f100-7f1f-4d9e-becc-a694e9a0dba3,ee9b6c05-9376-4f00-8ab2-ac02b89a65fe,Campaign 10,Phone,True,True,2025-07-26T12:33:51
d96dd3a0-759d-46ce-8c20-c387c92067d4,ee9b6c05-9376-4f00-8ab2-ac02b89a65fe,Campaign 1,Social,True,False,2023-10-10T12:33:51
4c4089e8-c752-47a8-aea1-1ec741378fb5,ee9d1a72-c62c-40a8-b512-f79f005cd98f,Campaign 8,Phone,False,False,2024-03-01T12:33:51
42696af0-e0e6-4215-a8c6-f066b25955e7,ee9d1a72-c62c-40a8-b512-f79f005cd98f,Campaign 2,Email,False,False,2024-11-10T12:33:51
07ff52d5-8df2-4afd-9558-efcacc5ca3e7,ee9d1a72-c62c-40a8-b512-f79f005cd98f,Campaign 5,SMS,True,True,2024-03-07T12:33:51
65386a57-2770-4eaf-a75c-ce0aee0c8ab0,ee9d1a72-c62c-40a8-b512-f79f005cd98f,Campaign 9,Phone,False,False,2023-11-17T12:33:51
16106ce2-e8a6-4a6c-90d8-07f8e70e0c45,eeaf82e5-7d1f-4cee-b919-dd39f529c42a,Campaign 3,Email,False,False,2024-01-27T12:33:51
d3df7678-41bc-4791-bd36-350fba64ecbe,eeaf82e5-7d1f-4cee-b919-dd39f529c42a,Campaign 7,Email,False,False,2024-07-11T12:33:51
2418026c-c8de-4ebc-aed1-f2ddfcdca9f0,eecf58ab-27a5-4cda-a068-d13130ba3c2d,Campaign 8,SMS,False,True,2025-03-06T12:33:51
baa2a28c-63ce-4d3b-8011-95c524519037,eecf58ab-27a5-4cda-a068-d13130ba3c2d,Campaign 3,Email,True,False,2025-03-17T12:33:51
96a8f199-8838-42ca-b3da-20c56016681b,eecf58ab-27a5-4cda-a068-d13130ba3c2d,Campaign 6,SMS,True,True,2025-03-09T12:33:51
33f43fc1-fda9-4d5e-887b-0f8c142314e8,eecf58ab-27a5-4cda-a068-d13130ba3c2d,Campaign 7,SMS,False,False,2024-01-28T12:33:51
af6e0678-b727-4e65-afdb-a7fcd7626ae6,eecf58ab-27a5-4cda-a068-d13130ba3c2d,Campaign 1,Social,False,True,2025-01-05T12:33:51
27256aff-d777-43ff-8b74-977475479652,eefa7484-8e27-49e6-861f-d77777c080a8,Campaign 3,Phone,False,False,2024-08-28T12:33:51
48ff9b06-9776-4135-8a2b-eec9837dae76,eefa7484-8e27-49e6-861f-d77777c080a8,Campaign 4,Email,False,False,2025-01-28T12:33:51
00dcbf06-f511-4458-be69-131df872eb26,eefa7484-8e27-49e6-861f-d77777c080a8,Campaign 6,Email,False,True,2025-08-14T12:33:51
ee015b4c-98c8-433e-9a52-5ce666f402ee,eefa7484-8e27-49e6-861f-d77777c080a8,Campaign 7,Email,True,False,2024-11-29T12:33:51
494b12f6-c676-49ae-8b11-17da611baa1e,ef19487a-400e-4886-91b7-885bbeb264b7,Campaign 6,Social,False,True,2024-04-04T12:33:51
38a43ffe-d09e-4164-b255-4130e559cec3,ef19487a-400e-4886-91b7-885bbeb264b7,Campaign 5,SMS,True,True,2024-07-30T12:33:51
03f17a94-5a84-4051-bfe2-3d89bbf571f5,ef19487a-400e-4886-91b7-885bbeb264b7,Campaign 7,SMS,True,False,2023-10-29T12:33:51
ce769235-6605-4b14-908a-2d7a8dfc90f9,ef19487a-400e-4886-91b7-885bbeb264b7,Campaign 10,SMS,True,False,2025-01-03T12:33:51
369fc9b4-9971-446a-9e40-875952fa9ed4,ef1f9aa9-7c1d-49e6-a231-654095cf0f89,Campaign 9,Social,True,True,2024-08-31T12:33:51
eea9632e-af84-448c-831b-38b93335f472,ef1f9aa9-7c1d-49e6-a231-654095cf0f89,Campaign 6,Social,False,False,2024-06-04T12:33:51
5f28f6ec-5d56-4dd7-8c3f-9a612435b15e,ef1f9aa9-7c1d-49e6-a231-654095cf0f89,Campaign 3,Email,False,True,2025-05-15T12:33:51
0e86a656-0448-45a2-8fc9-b7354276f3d3,ef3f7d85-b2db-4966-9582-4acc95f72719,Campaign 9,Social,True,True,2024-01-20T12:33:51
29426d7d-6b1e-42f6-a7c2-f09ed5febe3c,ef4a5283-c71a-4937-9056-65c6cca2d956,Campaign 4,SMS,True,False,2025-07-11T12:33:51
bef341e3-69a2-4374-b74b-80c494d8ffe7,ef4a5283-c71a-4937-9056-65c6cca2d956,Campaign 4,Email,False,False,2024-10-06T12:33:51
6ef2178e-f145-43d1-be10-0ce6d2cb82f4,ef4a5283-c71a-4937-9056-65c6cca2d956,Campaign 9,Social,True,True,2023-12-06T12:33:51
aedcbc99-83c4-402b-ae28-dc55f85f4144,ef55715e-9346-4ae0-a5be-96849a0ec020,Campaign 5,Email,True,True,2024-06-21T12:33:51
91efc6d7-4a25-4a9b-893d-63ad7d1f85eb,ef55715e-9346-4ae0-a5be-96849a0ec020,Campaign 9,Phone,True,True,2024-05-15T12:33:51
f5e4532a-15dc-4ff3-9c64-5486cde87d6c,ef55715e-9346-4ae0-a5be-96849a0ec020,Campaign 2,SMS,True,True,2023-12-08T12:33:51
142bc771-6846-4796-b0cd-91dc3e685b70,ef55715e-9346-4ae0-a5be-96849a0ec020,Campaign 5,SMS,False,False,2023-11-07T12:33:51
ee927326-bab0-43bf-adfd-ffee027d6913,ef5ad8f8-1eca-4386-8c17-2cd29d8dacb8,Campaign 7,SMS,False,True,2024-12-17T12:33:51
c78c81ff-11d4-44c6-bc37-47faa9bb5f90,ef5ad8f8-1eca-4386-8c17-2cd29d8dacb8,Campaign 4,SMS,False,True,2025-03-21T12:33:51
d9f0a88c-aef3-4fd1-b531-74a57092ec32,ef5ad8f8-1eca-4386-8c17-2cd29d8dacb8,Campaign 9,Social,True,True,2024-06-18T12:33:51
d14b5d6b-2b5a-41c9-85f3-dbfc5cfa479f,ef5ad8f8-1eca-4386-8c17-2cd29d8dacb8,Campaign 2,SMS,False,True,2025-04-06T12:33:51
03bbf660-983d-4b3c-a2f6-f2b84cde0594,ef5e4699-7dcb-479e-8c2d-2de5d8cfecb5,Campaign 8,Social,False,True,2023-10-01T12:33:51
f0a220ed-f068-475d-a5da-1b0ac1b2cf3e,ef5e4699-7dcb-479e-8c2d-2de5d8cfecb5,Campaign 9,Phone,False,True,2024-09-27T12:33:51
ceb64b79-1ff4-4fa3-80b8-98b866ecac88,ef5e4699-7dcb-479e-8c2d-2de5d8cfecb5,Campaign 2,Social,True,False,2023-11-03T12:33:51
32395ede-80e2-4d4d-aa1a-abc6f6971fe9,ef914cbb-52d6-43b3-aa9f-b6e772b62903,Campaign 9,Social,True,False,2025-02-12T12:33:51
76b2be22-2f45-49bb-b877-84f6416f6ff9,ef914cbb-52d6-43b3-aa9f-b6e772b62903,Campaign 1,Phone,True,True,2025-01-21T12:33:51
98553040-8f25-4a1b-9d60-d1f42a321901,ef914cbb-52d6-43b3-aa9f-b6e772b62903,Campaign 5,Email,True,True,2025-03-23T12:33:51
e99a8344-8647-4abb-bba7-3511527c8ac1,ef914cbb-52d6-43b3-aa9f-b6e772b62903,Campaign 8,Phone,False,True,2024-02-23T12:33:51
56156aef-aac4-4688-b9b2-a85a150985d0,efd7ba16-f102-4a6a-a788-78520e8e5405,Campaign 5,Social,True,False,2024-04-15T12:33:51
6356e493-5b84-4c83-88cc-493ac252808d,efd7ba16-f102-4a6a-a788-78520e8e5405,Campaign 6,Social,True,True,2023-12-28T12:33:51
cfb1d159-da0f-4d28-b440-557d475f67db,f02ed6a7-04dc-45fe-8348-e5452a206816,Campaign 3,Social,True,False,2025-08-20T12:33:51
88b9ffbc-fdb3-4ca8-a8ec-d2149154fec6,f03fc0cc-3f18-4131-b619-06ca78670be5,Campaign 4,SMS,False,True,2024-06-26T12:33:51
71498e1a-8c7b-4477-a245-0d17b8a1417f,f03fc0cc-3f18-4131-b619-06ca78670be5,Campaign 2,Email,True,True,2023-12-27T12:33:51
4c3666fa-87dc-4b5f-96f5-ba6f74400f1c,f052624c-43e0-4088-b84d-a3b7ec01dc54,Campaign 3,Social,True,False,2024-04-26T12:33:51
936d9d57-06c1-431b-88c8-685cbf3a3af1,f052624c-43e0-4088-b84d-a3b7ec01dc54,Campaign 4,Email,True,True,2023-09-05T12:33:51
c39eceb6-e8bd-4992-97fb-ab646a0c0335,f052624c-43e0-4088-b84d-a3b7ec01dc54,Campaign 9,Phone,False,True,2024-07-02T12:33:51
da8a7401-b36c-4df3-8cdd-4b7bdf265fb3,f052624c-43e0-4088-b84d-a3b7ec01dc54,Campaign 5,Phone,False,False,2025-08-23T12:33:51
9789506c-cfa0-4b98-b32d-88fb010b460e,f052624c-43e0-4088-b84d-a3b7ec01dc54,Campaign 1,Phone,True,True,2023-11-10T12:33:51
dfa91634-2623-46d7-afc5-bb61753ce0d2,f067eb17-1a91-489f-a87a-7faf4c015b28,Campaign 8,Email,False,False,2024-12-30T12:33:51
85a1d187-346c-4320-94af-282aa864460e,f06a84ef-14a5-498b-8981-64c372698332,Campaign 6,Email,True,True,2025-06-25T12:33:51
86b877f7-05e9-4095-b15f-71b0e756761a,f06a84ef-14a5-498b-8981-64c372698332,Campaign 10,Email,False,True,2025-01-28T12:33:51
2f6f61a8-7a6a-43ca-bd75-d53738a42d24,f06a84ef-14a5-498b-8981-64c372698332,Campaign 4,Social,False,True,2025-07-11T12:33:51
99142ed6-0e9a-4945-84a2-f038554cc259,f071da9a-2d5b-4dff-a6a7-603b04805b62,Campaign 5,Email,False,False,2025-04-28T12:33:51
f72c4044-9263-4d11-8ccc-2f5591af7b16,f0a30a5c-f646-4e88-a53f-58d0087f105c,Campaign 8,SMS,False,False,2024-05-14T12:33:51
91b3392b-eacc-4e29-994a-a6bd0bf21d13,f0a30a5c-f646-4e88-a53f-58d0087f105c,Campaign 5,Phone,True,False,2024-03-07T12:33:51
b017123b-9404-4b1a-9b9c-5776ecd800d2,f0a30a5c-f646-4e88-a53f-58d0087f105c,Campaign 6,Social,True,False,2024-06-27T12:33:51
33e48551-1fd1-4e86-a990-deea9a74b372,f0a30a5c-f646-4e88-a53f-58d0087f105c,Campaign 1,Phone,True,True,2024-11-03T12:33:51
9b679ba9-c016-46e8-b860-9b1b9a50cfef,f0d9bed1-8942-4f68-8ecd-3dd0fcf75882,Campaign 4,Phone,True,True,2023-12-10T12:33:51
95cca9d1-dba8-4a36-b0c8-37026c2d211b,f0d9bed1-8942-4f68-8ecd-3dd0fcf75882,Campaign 3,SMS,False,False,2025-04-07T12:33:51
421ea1af-42e8-4c20-b0d6-5464ad7dc32c,f0e70f75-05b8-4d51-a524-5391e78d8445,Campaign 1,Social,True,False,2025-07-22T12:33:51
f8894eed-8d61-4f19-8e35-188804e245ce,f0e70f75-05b8-4d51-a524-5391e78d8445,Campaign 2,Social,False,False,2025-07-16T12:33:51
db1c8ce2-7709-432b-80e8-30ea2b2b4926,f0e70f75-05b8-4d51-a524-5391e78d8445,Campaign 8,Phone,False,True,2023-10-11T12:33:51
f0210d53-1dc6-4fb5-be66-18cda92f4a20,f0ecbee4-58b9-416c-bad3-7d699e4f9b65,Campaign 9,Social,False,True,2024-08-14T12:33:51
23ec417b-df24-4d09-bcb6-9e3c5d5df735,f0ecbee4-58b9-416c-bad3-7d699e4f9b65,Campaign 9,Social,False,False,2024-09-09T12:33:51
ae7aa126-8051-452e-b3d7-6ccdad37e22f,f0ecbee4-58b9-416c-bad3-7d699e4f9b65,Campaign 1,Social,False,False,2025-06-08T12:33:51
961bdff7-136f-4353-8c7e-b52234579a3e,f0eefcdd-0350-4561-af7e-3a383f23ccdf,Campaign 7,SMS,False,False,2025-08-24T12:33:51
3204f306-0568-432e-ad4e-1bc9355ea6a4,f0eefcdd-0350-4561-af7e-3a383f23ccdf,Campaign 3,SMS,True,True,2025-02-06T12:33:51
44adf794-08b2-4846-ab03-ca94bb27e38c,f0eefcdd-0350-4561-af7e-3a383f23ccdf,Campaign 1,SMS,False,True,2025-07-30T12:33:51
95834659-015f-4617-b9f5-732eb91a55de,f0eefcdd-0350-4561-af7e-3a383f23ccdf,Campaign 4,SMS,True,True,2023-10-23T12:33:51
f4c0fd47-6ea9-437e-9a10-fee9ec970b8b,f0eefcdd-0350-4561-af7e-3a383f23ccdf,Campaign 9,Social,False,False,2024-01-08T12:33:51
400a8b51-24a9-4973-9ad4-c4a10584b90d,f0efc164-22cc-4aa3-a456-9fa10d70011e,Campaign 4,Email,False,True,2024-06-28T12:33:51
93c53f84-b3d7-4a9f-b26a-dad7dcf214ac,f1060f59-ac23-4a12-a6a1-ea40c7d0b0f8,Campaign 3,Social,False,False,2023-12-16T12:33:51
cece9e6a-c33d-429d-bd0b-d18fd6e0fb5a,f167f4bb-71bc-49bf-9a92-5c6becf67f52,Campaign 1,Social,True,True,2023-11-22T12:33:51
6bf3a1f9-d7ce-451f-bae6-70122cada55f,f167f4bb-71bc-49bf-9a92-5c6becf67f52,Campaign 4,SMS,False,False,2025-02-16T12:33:51
afcab5bb-28c3-44da-9123-84dcad840176,f169e676-dfa2-4bb2-8988-1b6de6c86faf,Campaign 10,SMS,False,False,2023-10-15T12:33:51
ca13ca0a-19f1-4cd7-8a08-932deec8ad3f,f169e676-dfa2-4bb2-8988-1b6de6c86faf,Campaign 3,SMS,True,True,2025-07-07T12:33:51
38d7ece8-8784-4575-9f6a-8c578e6fa8a4,f18742c4-db8b-4efa-8cf1-469e1d6e356a,Campaign 1,SMS,True,False,2024-08-27T12:33:51
3d590d76-41f5-4afb-b227-c4f868a977f8,f18742c4-db8b-4efa-8cf1-469e1d6e356a,Campaign 6,Social,False,True,2025-01-19T12:33:51
c360bb1c-716d-4af4-85fe-8dbd7a3acac8,f192c0b6-d402-42e9-8b1f-186f993864a1,Campaign 4,Email,False,False,2024-10-08T12:33:51
b7984f0f-9366-4bdc-9a79-bbad5f802851,f192c0b6-d402-42e9-8b1f-186f993864a1,Campaign 3,Social,False,True,2025-07-17T12:33:51
0140edbb-7ff3-42da-9fc1-8677c232b3bd,f192c0b6-d402-42e9-8b1f-186f993864a1,Campaign 3,Phone,False,False,2025-05-23T12:33:51
67a07651-90a0-4f19-9ade-1077fb8adf3d,f192c0b6-d402-42e9-8b1f-186f993864a1,Campaign 4,Social,False,True,2025-04-22T12:33:51
13fa3da2-1298-4271-b687-c854a2d7afb5,f20cb430-3f58-4a77-9a60-a01433f4ebd9,Campaign 9,Phone,False,False,2023-11-12T12:33:51
4a0229b3-3716-443c-9764-e95200efc2f2,f20cb430-3f58-4a77-9a60-a01433f4ebd9,Campaign 1,SMS,False,True,2025-05-04T12:33:51
895c841e-7ee1-4c56-9d57-31e9f9cc3b6f,f20cb430-3f58-4a77-9a60-a01433f4ebd9,Campaign 6,Phone,False,True,2025-02-25T12:33:51
03b70af6-2f55-4898-b793-05a5e908db42,f20cb430-3f58-4a77-9a60-a01433f4ebd9,Campaign 6,SMS,False,False,2025-03-31T12:33:51
a738fa02-01bb-468a-9290-e0a76a4f85a9,f25f18f1-a5c7-427c-8702-32177dca8682,Campaign 3,SMS,True,False,2024-06-20T12:33:51
b87f851d-d40e-4c44-b99d-6b91dc326d1d,f25f18f1-a5c7-427c-8702-32177dca8682,Campaign 1,SMS,True,False,2025-07-01T12:33:51
7ee0ab5a-ca30-403d-882f-7d5c01c1759b,f25f18f1-a5c7-427c-8702-32177dca8682,Campaign 2,Social,True,False,2023-10-07T12:33:51
9e1611c8-c7f2-4865-b40c-19b0c8f6df2a,f25f18f1-a5c7-427c-8702-32177dca8682,Campaign 2,Social,True,False,2024-02-08T12:33:51
11002e6d-908b-42e5-9982-abed46fe8aad,f268cfe0-5c55-4c0b-b63e-5bd4c014f2c2,Campaign 1,Phone,False,True,2024-01-10T12:33:51
037f5c63-90b5-4815-9d37-8082f3e377cd,f268cfe0-5c55-4c0b-b63e-5bd4c014f2c2,Campaign 8,Social,True,False,2025-05-24T12:33:51
59bbbb3c-e1f4-442d-833c-d3ae5074f8d9,f268cfe0-5c55-4c0b-b63e-5bd4c014f2c2,Campaign 9,Phone,True,True,2025-08-07T12:33:51
91cecf2c-16f6-4c22-a472-bcf9a750a95b,f268cfe0-5c55-4c0b-b63e-5bd4c014f2c2,Campaign 5,SMS,True,False,2024-12-04T12:33:51
fa1caf54-279d-4f80-a6ba-3b6818250b76,f268cfe0-5c55-4c0b-b63e-5bd4c014f2c2,Campaign 2,Email,False,False,2023-09-22T12:33:51
197bea0d-d898-47c7-897c-a719fecaf83f,f2853c94-35a5-411f-add6-238008ad0671,Campaign 7,Email,False,False,2024-11-26T12:33:51
f44fa9bf-6866-4c4a-a9cb-8fa1b0e87958,f2853c94-35a5-411f-add6-238008ad0671,Campaign 3,Social,False,True,2024-04-16T12:33:51
c819deb8-08cc-47e1-acfd-8cf89dbf457c,f2853c94-35a5-411f-add6-238008ad0671,Campaign 2,Email,False,False,2024-03-16T12:33:51
7d6438b7-280e-4177-a019-dadddff842ba,f2853c94-35a5-411f-add6-238008ad0671,Campaign 4,Phone,True,False,2024-09-25T12:33:51
05bdedcf-49fc-4dab-92a1-4da3e9eee3a8,f2853c94-35a5-411f-add6-238008ad0671,Campaign 5,Phone,True,True,2025-08-26T12:33:51
e012a753-a107-4e49-8d5a-1e830538b7be,f287783b-90e5-410f-8b3a-3a122129b7b8,Campaign 9,Email,True,True,2023-11-16T12:33:51
e1a621ae-10dd-40f4-9c6b-1c2f2bbe7b00,f2b8a4e7-6ae4-40ea-a9e1-274a328de346,Campaign 4,Email,True,True,2024-04-12T12:33:51
02c39877-e398-41cc-ba07-50445acd9f4f,f2daeb27-c7d2-4042-b138-8ef0652d1427,Campaign 4,SMS,False,True,2024-03-29T12:33:51
815b054a-9056-4444-8a63-7baab7f17a4a,f2daeb27-c7d2-4042-b138-8ef0652d1427,Campaign 10,SMS,False,True,2025-04-10T12:33:51
19e7fdef-7a6d-408f-99fa-92f90a50741c,f2daeb27-c7d2-4042-b138-8ef0652d1427,Campaign 2,SMS,False,True,2025-07-16T12:33:51
4581f75d-6dd6-45af-b510-69d90d3e9683,f2efb22a-0ef8-4da1-bebb-dfccca4ea79d,Campaign 5,SMS,False,False,2024-12-04T12:33:51
d46da9be-d879-4dd8-9ee9-a6e08f9305af,f2efb22a-0ef8-4da1-bebb-dfccca4ea79d,Campaign 4,Social,False,False,2024-01-27T12:33:51
b10c895c-5abb-40b9-bf0a-666c0cd5d58b,f2efb22a-0ef8-4da1-bebb-dfccca4ea79d,Campaign 2,Phone,False,False,2024-09-10T12:33:51
cfd7f7cf-34cf-4ebd-a182-df7470de37d1,f2efb22a-0ef8-4da1-bebb-dfccca4ea79d,Campaign 8,Phone,True,True,2024-07-13T12:33:51
578e17ce-2562-4d64-94bd-4be7afa74c56,f32895e1-360d-4ab9-b2bb-92d39b7a42d4,Campaign 7,Phone,True,True,2024-03-19T12:33:51
35092b5f-9abc-42dc-b7bb-1558938fefbc,f32895e1-360d-4ab9-b2bb-92d39b7a42d4,Campaign 1,Social,False,False,2024-02-19T12:33:51
d383ca82-0bf6-4659-bdd0-b70d81c86804,f32895e1-360d-4ab9-b2bb-92d39b7a42d4,Campaign 9,SMS,False,True,2025-08-13T12:33:51
d7477a4f-5beb-4d1e-af85-a7d5289d098d,f32895e1-360d-4ab9-b2bb-92d39b7a42d4,Campaign 2,Social,False,False,2025-01-30T12:33:51
0b91a740-1d75-4a12-b03b-ff7cadcb54a0,f32a9ed9-4aee-4f0a-a797-f9d7df2ad6a6,Campaign 10,Email,True,False,2024-11-19T12:33:51
c09eb52f-44e4-4a92-8c7d-0dd0322fbbf9,f32a9ed9-4aee-4f0a-a797-f9d7df2ad6a6,Campaign 9,Email,True,True,2025-05-04T12:33:51
e1237f74-6627-4880-961a-717606d551bc,f32a9ed9-4aee-4f0a-a797-f9d7df2ad6a6,Campaign 4,Social,False,True,2024-11-22T12:33:51
a0ce46ee-e8b2-4378-94e8-e4fd4bdae1d6,f37706f7-420d-46bb-b005-b225d33c3f27,Campaign 3,Social,True,False,2025-04-10T12:33:51
89375363-fdb5-4761-a58e-e288420b98da,f37706f7-420d-46bb-b005-b225d33c3f27,Campaign 1,Email,False,True,2024-08-22T12:33:51
42d63765-3bb9-4f0b-b646-3b0c8b50c86f,f37706f7-420d-46bb-b005-b225d33c3f27,Campaign 4,Phone,True,False,2023-09-10T12:33:51
76368c10-161b-429a-a80e-cee8a115b256,f37706f7-420d-46bb-b005-b225d33c3f27,Campaign 8,Phone,False,False,2025-01-20T12:33:51
69c3f432-f98d-422b-97ed-056ef127d531,f3809729-a159-43f7-bae4-98db5ee4b5ec,Campaign 2,Phone,False,True,2025-02-23T12:33:51
5b56ae67-e927-4f7c-ab26-08afa4721d4c,f3a39504-8527-4542-a22c-fef10550dcb4,Campaign 5,Social,False,False,2024-01-10T12:33:51
6dd18e10-ff86-417e-a354-87cb8a979637,f3c0dd6b-99de-4903-9ad0-66f487e89354,Campaign 10,Social,True,True,2025-08-20T12:33:51
9d921f35-d1ce-4dd2-9e14-5120dc3740fd,f3c0dd6b-99de-4903-9ad0-66f487e89354,Campaign 3,Email,False,False,2025-06-24T12:33:51
ffd0bd55-c594-4521-8f06-dc38a7ec2583,f3c0dd6b-99de-4903-9ad0-66f487e89354,Campaign 1,SMS,True,False,2024-10-16T12:33:51
2492341b-fde3-4b36-9338-352290fae154,f3c0dd6b-99de-4903-9ad0-66f487e89354,Campaign 2,SMS,True,True,2025-06-03T12:33:51
d5059979-ab27-42f5-bbda-b0439ead84a3,f3c0dd6b-99de-4903-9ad0-66f487e89354,Campaign 3,Social,False,True,2023-09-06T12:33:51
edb0a14e-dd62-46ba-89a0-4c371548a399,f411cb08-5b3c-430f-b616-72f4bf1766a5,Campaign 7,SMS,False,False,2023-12-18T12:33:51
72d555a8-02a6-4e07-a80f-818116e55cab,f41f4c35-8d4b-4ad8-8687-880fca1933e6,Campaign 7,Social,True,False,2024-01-03T12:33:51
04c8fb81-fd64-4851-91eb-685d982baaec,f41f4c35-8d4b-4ad8-8687-880fca1933e6,Campaign 6,Phone,True,True,2024-02-24T12:33:51
8575d04d-7ccf-4f31-8d67-22c58186ddfd,f425f27f-eff7-40d8-94cb-f93c422344c2,Campaign 9,SMS,True,True,2024-09-03T12:33:51
22c3aee9-467a-4c21-ba63-5db6c04bd707,f425f27f-eff7-40d8-94cb-f93c422344c2,Campaign 2,SMS,True,False,2024-05-22T12:33:51
58c88536-92ae-4061-8587-912505371f83,f425f27f-eff7-40d8-94cb-f93c422344c2,Campaign 7,Phone,True,False,2025-02-24T12:33:51
08195497-3021-4d43-af6b-fb7c17efc76a,f43c1241-a458-4077-9bb0-8871514d0ac3,Campaign 8,Phone,False,True,2024-07-30T12:33:51
5e1f7e6c-285a-43bd-a084-06607b90fde1,f43c1241-a458-4077-9bb0-8871514d0ac3,Campaign 5,Phone,True,False,2023-09-11T12:33:51
5ba737e6-7e25-4461-a3c9-7c8795ec5f66,f4686e78-cc16-4208-b09d-a41524ece694,Campaign 7,Social,True,True,2024-10-02T12:33:51
e345f646-4bea-4cca-bda7-61a5207b128e,f4686e78-cc16-4208-b09d-a41524ece694,Campaign 8,SMS,True,False,2024-06-22T12:33:51
4e252c47-73bd-44cd-8bdb-3f0d71750e66,f4686e78-cc16-4208-b09d-a41524ece694,Campaign 3,Phone,True,True,2024-05-18T12:33:51
657b07f6-0b57-4e0c-8bd1-bffd392c7a16,f4686e78-cc16-4208-b09d-a41524ece694,Campaign 10,Social,False,False,2024-08-29T12:33:51
013cd809-ae92-4ce8-b186-d00508dc5079,f4686e78-cc16-4208-b09d-a41524ece694,Campaign 4,SMS,True,False,2024-01-27T12:33:51
e6dfaf86-9999-46e5-8459-49480aa641af,f47b43ec-14a5-47b4-a60d-1fcd2af40e60,Campaign 7,Social,True,True,2024-07-30T12:33:51
e32aa9b4-5b94-4f5d-afcd-be83cd32c69b,f4857e78-ad41-427f-ac62-e03e90988960,Campaign 3,Social,False,True,2023-12-16T12:33:51
5904c290-b01e-44f3-97a0-6edfc7dbcc1f,f4857e78-ad41-427f-ac62-e03e90988960,Campaign 5,Email,True,False,2024-10-25T12:33:51
2b6804a5-42a2-4810-8499-3bd9695e3516,f4857e78-ad41-427f-ac62-e03e90988960,Campaign 5,Phone,False,True,2023-12-21T12:33:51
82dfbbbc-d352-42f8-9d42-9b167570fab5,f4a0c584-4f58-4b80-ac4d-0821e3acd404,Campaign 4,SMS,False,False,2024-06-01T12:33:51
5e1e977f-a2d5-4f0f-ae8b-d8cbb94c4c61,f4a0c584-4f58-4b80-ac4d-0821e3acd404,Campaign 9,SMS,False,True,2025-06-10T12:33:51
c8570ee7-c927-4e41-91f3-9d602b5bf90b,f4a7f28c-f1b0-4b43-87e2-8cf02360c838,Campaign 8,Social,False,False,2024-07-27T12:33:51
7d817fed-d69a-4495-bdec-09fc6eb6e6ee,f4b983ed-f7ef-4a0a-8806-85c22427952f,Campaign 7,Social,True,False,2025-04-09T12:33:51
f060ba32-e3ae-4f65-bf76-6ed0cb0f15ac,f4b983ed-f7ef-4a0a-8806-85c22427952f,Campaign 10,Social,True,False,2023-09-23T12:33:51
3d2a3c7d-5775-4b63-8b4b-f9e767dc1003,f4fae78e-c1da-45eb-9dbb-b82747ab2ed2,Campaign 10,SMS,False,True,2024-11-07T12:33:51
1415a2c1-50e4-45f5-bc37-1a6e573cb802,f4fae78e-c1da-45eb-9dbb-b82747ab2ed2,Campaign 10,SMS,False,False,2023-12-20T12:33:51
abd53e86-92a0-4ea7-881d-3d756f5e2c44,f4fae78e-c1da-45eb-9dbb-b82747ab2ed2,Campaign 10,Email,False,False,2023-10-10T12:33:51
e9be3711-0e93-4bd8-aba3-d83b45de14bd,f4fae78e-c1da-45eb-9dbb-b82747ab2ed2,Campaign 8,Social,False,True,2024-10-13T12:33:51
afacbd2e-bdea-479d-a229-d7f39b87ba4f,f5158446-e232-4ed7-b400-deaa65e3f049,Campaign 3,SMS,True,True,2024-03-15T12:33:51
f29d443a-6c8b-4c77-ad57-ccb9e46cdd3d,f5158446-e232-4ed7-b400-deaa65e3f049,Campaign 3,Phone,False,True,2025-04-11T12:33:51
67d83463-343b-49c5-a192-e46e371cdc60,f5158446-e232-4ed7-b400-deaa65e3f049,Campaign 3,Phone,True,False,2024-01-29T12:33:51
d9e7c319-1b85-4dda-88fa-7689f55a4c1e,f5158446-e232-4ed7-b400-deaa65e3f049,Campaign 10,Phone,False,False,2024-03-11T12:33:51
c5cf10bb-591f-45f0-b66a-6c06f5c383a7,f5158446-e232-4ed7-b400-deaa65e3f049,Campaign 1,Phone,True,False,2024-08-01T12:33:51
53328e15-c956-4b09-953c-0560cd6b6e79,f5356944-e5fe-4c30-8c7b-5fafae4ebd50,Campaign 3,Email,True,False,2024-06-19T12:33:51
0de47b10-0359-43da-a4fa-ca67c3ccd9bc,f598296f-5282-4087-bc59-9858ea4452f8,Campaign 2,Phone,False,True,2024-12-18T12:33:51
ac8dfc08-be11-48f1-af96-c081044ff8a7,f5b2338e-2190-423f-a20e-ad45877da53e,Campaign 6,Social,True,True,2024-01-10T12:33:51
0c36885a-e108-4e4b-9a7f-29d9fff42036,f5bf843a-bb35-49f9-9bb0-ed1e4ae6bb7d,Campaign 7,SMS,True,True,2024-09-14T12:33:51
59671e67-e63b-45ae-8458-4f98451e7a27,f5bf843a-bb35-49f9-9bb0-ed1e4ae6bb7d,Campaign 3,Social,True,True,2024-11-01T12:33:51
8ffbfff7-9984-47a3-85f4-908381ba68b1,f5bf843a-bb35-49f9-9bb0-ed1e4ae6bb7d,Campaign 3,Social,True,False,2024-09-08T12:33:51
0e634747-30a0-4b0d-8d05-e1ad0989145f,f5d91fc1-a419-43d2-a59e-6708ca78e113,Campaign 7,SMS,True,True,2023-11-29T12:33:51
74afa9d5-c637-4a3b-b31f-71be277caa35,f5d91fc1-a419-43d2-a59e-6708ca78e113,Campaign 8,Social,True,True,2024-04-17T12:33:51
93dff46a-1db3-4f11-b23a-4fdfc13523d9,f5d91fc1-a419-43d2-a59e-6708ca78e113,Campaign 6,Email,True,True,2025-04-25T12:33:51
7a877bbe-7d0c-42e3-be5f-7bdeaf6d6429,f5d91fc1-a419-43d2-a59e-6708ca78e113,Campaign 4,Phone,True,False,2024-01-05T12:33:51
ed79234b-df5c-494e-915a-430d16fd5b59,f5d91fc1-a419-43d2-a59e-6708ca78e113,Campaign 2,SMS,True,False,2023-12-17T12:33:51
f728ec6c-8751-428f-a88f-7afcb26fcfae,f5fa0f0d-8a02-45da-bc60-472b10c4acf2,Campaign 5,SMS,False,True,2024-01-21T12:33:51
ce0c9370-a19b-45f5-bba9-79a0460aae2c,f5fa0f0d-8a02-45da-bc60-472b10c4acf2,Campaign 7,Phone,True,True,2024-09-03T12:33:51
82bcb9ec-a1e2-4f78-8a95-2de02fc24085,f5fa0f0d-8a02-45da-bc60-472b10c4acf2,Campaign 6,Social,True,True,2024-10-20T12:33:51
a78f07e9-72e7-4eb9-8005-7b486a5645fd,f5fa0f0d-8a02-45da-bc60-472b10c4acf2,Campaign 2,Social,True,False,2024-02-01T12:33:51
7e095925-b430-459c-8d64-480cb9168b3e,f610a8ca-0775-40d0-8b5c-f3494ca94f75,Campaign 3,Phone,True,True,2024-01-18T12:33:51
14a6c55f-4129-4fd7-8967-dfaa8580b6f4,f6284d8d-14e4-4906-a6ec-5dfcdd62675c,Campaign 5,Social,True,True,2023-09-28T12:33:51
5cdd0c76-7236-486a-91ad-a8b8da064e0f,f6284d8d-14e4-4906-a6ec-5dfcdd62675c,Campaign 8,Social,True,False,2024-05-28T12:33:51
dd4fc6df-ba14-47a2-8ceb-23c9a3a5527e,f6665e77-194c-49aa-8f75-35ba4a94b23b,Campaign 1,Email,True,True,2024-06-21T12:33:51
3aba245e-0df1-4e1f-b6ac-045bf5b8a09a,f6665e77-194c-49aa-8f75-35ba4a94b23b,Campaign 5,SMS,False,False,2024-04-12T12:33:51
bbc6c562-30a3-4bd9-b9c9-3fc6d47f03fa,f6ccd5df-76a0-4786-8d8f-426e0297d713,Campaign 2,Email,False,True,2024-06-10T12:33:51
1aa977f6-6fe9-4963-b580-f93a510c993d,f6ccd5df-76a0-4786-8d8f-426e0297d713,Campaign 4,Phone,False,True,2024-08-21T12:33:51
605e6086-8e78-4cdf-8d5a-2e94e24b494a,f6ccd5df-76a0-4786-8d8f-426e0297d713,Campaign 6,Social,True,True,2023-10-26T12:33:51
1de95522-6fcf-4264-b4bd-7690624cb5c3,f6ccd5df-76a0-4786-8d8f-426e0297d713,Campaign 2,Phone,True,False,2024-07-22T12:33:51
3af5a8a4-fb36-48cb-b266-9b7cc9bc5394,f709a7dc-bcba-4745-9d4f-e22245837843,Campaign 4,Phone,True,True,2025-06-08T12:33:51
a88b020f-b0bc-4e96-b5e6-da29d1d1cdf9,f70b88bf-14ab-4d03-968a-4461fa37fd0e,Campaign 5,Email,False,True,2023-10-11T12:33:51
38075d41-e808-4e3e-bb26-e81c28d5c5b0,f70b88bf-14ab-4d03-968a-4461fa37fd0e,Campaign 10,Phone,False,True,2024-04-19T12:33:51
62ba2e37-248f-4780-992a-22bd648e9811,f70b88bf-14ab-4d03-968a-4461fa37fd0e,Campaign 3,Email,False,False,2025-02-04T12:33:51
589a5d4c-afe7-4a6c-8683-8d765043d58e,f71e5cb6-333a-40d6-8fac-696000d93a44,Campaign 6,Phone,False,True,2023-10-13T12:33:51
795a845e-5c26-4b86-bcfa-1894128d8164,f73b0132-b812-4a0a-b779-baaeee1fd2ef,Campaign 3,SMS,False,False,2024-09-20T12:33:51
704af2a4-66d7-4e70-b192-ea324818972a,f73b0132-b812-4a0a-b779-baaeee1fd2ef,Campaign 1,Email,False,True,2024-03-19T12:33:51
fd903695-c4a7-4c8c-95bf-fcedbb6ee41d,f73b0132-b812-4a0a-b779-baaeee1fd2ef,Campaign 6,SMS,True,True,2023-10-07T12:33:51
cb750258-cffe-42a7-8c74-6ba4bfb6ae29,f73b0132-b812-4a0a-b779-baaeee1fd2ef,Campaign 1,Social,True,True,2025-01-17T12:33:51
23c41d3a-d591-47b4-a181-3f919c86f6c0,f73b0132-b812-4a0a-b779-baaeee1fd2ef,Campaign 7,Email,False,False,2025-06-23T12:33:51
9bfddce1-d637-4045-8c06-2568569b2290,f757f405-4b35-4c6f-a61c-1052b802a37d,Campaign 8,Social,False,True,2024-06-09T12:33:51
8060afb9-9337-48ef-ba3c-43d18fc34b45,f757f405-4b35-4c6f-a61c-1052b802a37d,Campaign 4,Social,False,True,2024-11-26T12:33:51
e496ae01-0a50-46ee-ab6e-6ba19743cafc,f757f405-4b35-4c6f-a61c-1052b802a37d,Campaign 3,SMS,True,True,2025-05-27T12:33:51
07c8ba43-5245-4bcf-a5bd-1e2675092ffc,f7625cd9-200b-4ef5-85ee-6326b9502d5a,Campaign 10,Email,False,True,2025-04-24T12:33:51
96e33e82-dd96-4639-b284-48bc07d60334,f7625cd9-200b-4ef5-85ee-6326b9502d5a,Campaign 8,SMS,False,True,2023-11-13T12:33:51
d2735461-5e02-40b5-b605-951405d69ded,f7625cd9-200b-4ef5-85ee-6326b9502d5a,Campaign 4,Email,False,True,2024-02-09T12:33:51
ce606f9c-a713-4eb2-9373-cdb7e317d7c5,f76fa3bf-3f66-43e9-a10a-b3b3e3f609ab,Campaign 4,SMS,False,False,2024-01-12T12:33:51
af0b374d-25bd-4f9d-819a-ea2b9afa9c9e,f784b742-4c95-4ddb-b1ce-87c13426e94a,Campaign 9,Email,False,True,2024-04-03T12:33:51
a04365f0-7337-46a1-82e9-b8496cf4827e,f784b742-4c95-4ddb-b1ce-87c13426e94a,Campaign 10,Phone,True,False,2023-09-15T12:33:51
a2d2c864-c73a-466b-9572-bf0d8a85e644,f7a71c46-6add-433c-b9a3-990b75f54cb3,Campaign 8,Social,False,False,2025-01-11T12:33:51
3121482e-de53-458d-ae5d-335f49467089,f7a71c46-6add-433c-b9a3-990b75f54cb3,Campaign 8,Email,False,True,2024-04-11T12:33:51
195da639-016c-44c3-8887-8247573ba824,f7b53c95-8860-41c7-9311-f82c3ca9a3db,Campaign 5,SMS,True,False,2024-01-28T12:33:51
1bd0c066-bf23-45a1-a1da-5ee47e9a9ee4,f7b53c95-8860-41c7-9311-f82c3ca9a3db,Campaign 6,SMS,False,True,2024-06-10T12:33:51
5c2178b7-4256-4eba-85c2-5d2867a9aa66,f7c440ab-eb9a-41f4-a0ef-8504fae968ad,Campaign 9,Email,False,False,2024-08-10T12:33:51
ffbba2c7-84de-47a2-b2e9-2fac192301af,f7c440ab-eb9a-41f4-a0ef-8504fae968ad,Campaign 8,SMS,False,False,2025-05-07T12:33:51
9c3645c2-fb2b-4e96-bf0a-83aaedbff076,f7c440ab-eb9a-41f4-a0ef-8504fae968ad,Campaign 4,Email,True,True,2024-03-27T12:33:51
aeb1a3f4-2d3a-4bda-b1ac-9048a953534c,f7c440ab-eb9a-41f4-a0ef-8504fae968ad,Campaign 9,Email,True,True,2025-04-07T12:33:51
3626ebbd-1d7d-4e3c-89ed-7f5c29a55f10,f7c440ab-eb9a-41f4-a0ef-8504fae968ad,Campaign 9,Phone,False,True,2025-04-21T12:33:51
f69656eb-9446-4612-a179-b5a8d74fd65c,f7cc4e1d-4b37-468d-aebe-e96507630ecb,Campaign 9,SMS,False,False,2024-04-04T12:33:51
5bbc9e5f-0822-411b-8178-3cff1a6e1d64,f7cc4e1d-4b37-468d-aebe-e96507630ecb,Campaign 1,SMS,False,False,2024-08-04T12:33:51
587c5e12-ce0a-4b8c-a4dd-3890c273e213,f7cc4e1d-4b37-468d-aebe-e96507630ecb,Campaign 10,Social,False,False,2024-07-31T12:33:51
22912d1f-e62b-4b6d-88b6-5d1365eb1ba3,f7cc4e1d-4b37-468d-aebe-e96507630ecb,Campaign 8,Email,True,True,2025-04-11T12:33:51
1d8cb3a6-77fb-414e-a201-e0774ddf3d1d,f7cc4e1d-4b37-468d-aebe-e96507630ecb,Campaign 9,SMS,False,True,2024-12-30T12:33:51
626ee3f0-aa94-42b5-9103-d51061064ba3,f7f3997f-dd96-4f4c-9c8e-7e8895b313ef,Campaign 5,Phone,False,True,2025-08-22T12:33:51
f861b678-b3b2-417a-8984-c3bacbe9339d,f7f3997f-dd96-4f4c-9c8e-7e8895b313ef,Campaign 8,Social,True,True,2023-11-14T12:33:51
95248e49-215b-40cd-ac47-a6cd74bb42f9,f7f3997f-dd96-4f4c-9c8e-7e8895b313ef,Campaign 4,SMS,False,True,2025-07-24T12:33:51
f8dbb4a8-2ff2-467f-9880-4b87fd00d20a,f7f3997f-dd96-4f4c-9c8e-7e8895b313ef,Campaign 3,Social,False,False,2024-06-01T12:33:51
e518ecb1-dca1-4a9d-acec-f433b3d4916b,f7f3997f-dd96-4f4c-9c8e-7e8895b313ef,Campaign 4,SMS,False,False,2023-12-31T12:33:51
f034f4a8-c2de-48da-80a8-146320b2de8f,f8289c1d-18c1-415e-b488-d3a7b33bc80d,Campaign 6,SMS,False,False,2025-03-31T12:33:51
7b16068b-5e12-4ec0-9e59-cb20effbfb55,f8289c1d-18c1-415e-b488-d3a7b33bc80d,Campaign 2,Social,False,False,2024-11-04T12:33:51
50103b54-3d03-4686-8800-32a7bd84293c,f8668ca0-7feb-43f8-9d87-5b3ec975cd2c,Campaign 8,Social,False,False,2023-10-05T12:33:51
64605de3-a75d-416b-8d6d-6c8b14900206,f8674325-0325-4d58-b81e-7dfe6ec64dfb,Campaign 1,Email,False,True,2024-05-03T12:33:51
14eeff67-0475-44a4-8852-3f41e2f501da,f8674325-0325-4d58-b81e-7dfe6ec64dfb,Campaign 9,Social,False,False,2024-05-21T12:33:51
cc5b9a18-809f-4064-88ed-b0772da840c0,f88ab902-9836-41d1-be5b-97af09f95c75,Campaign 6,Email,True,False,2024-12-10T12:33:51
6d108b22-b364-4c25-b3f7-4c0f615681c2,f88ab902-9836-41d1-be5b-97af09f95c75,Campaign 7,Social,False,True,2024-01-25T12:33:51
f366c4e7-0827-47fe-8d9f-f43e1c479103,f8908a15-5495-4876-8d0d-f152bf0237b0,Campaign 8,Phone,False,False,2024-12-12T12:33:51
df19edac-1fcc-457b-9fe5-775085b7359e,f8908a15-5495-4876-8d0d-f152bf0237b0,Campaign 6,SMS,False,False,2025-08-08T12:33:51
8671dde6-5091-41d9-874f-16c1e7e41db0,f90667aa-0466-4777-ace5-28970ae29ab0,Campaign 10,Social,False,True,2025-01-08T12:33:51
f3d85abd-6181-4b8b-9ca9-f226290120c0,f90667aa-0466-4777-ace5-28970ae29ab0,Campaign 7,SMS,True,False,2024-01-01T12:33:51
119151b1-1504-4da9-b17b-b6981eea43a3,f912bf08-f713-48d8-8baf-db0b838c1a4a,Campaign 2,Social,False,True,2024-10-16T12:33:51
d753b3e3-d5e3-49da-b7fa-d6fa08d2c226,f912bf08-f713-48d8-8baf-db0b838c1a4a,Campaign 7,Email,False,True,2023-12-02T12:33:51
c5f5a204-a447-4d57-8ce4-5d3cf9e8d7b0,f912bf08-f713-48d8-8baf-db0b838c1a4a,Campaign 2,Social,True,True,2024-06-07T12:33:51
72d8aab2-739c-4d3f-8baf-8465a1e609dd,f912bf08-f713-48d8-8baf-db0b838c1a4a,Campaign 9,Email,True,True,2025-02-20T12:33:51
39776691-45d1-4ade-aa9c-19a56d9ede5d,f9393eab-3e53-4fdb-b583-37524b0c6004,Campaign 10,Email,True,True,2024-12-23T12:33:51
5fd61fe4-dd0f-431f-a07f-960f9afc4710,f9393eab-3e53-4fdb-b583-37524b0c6004,Campaign 6,SMS,False,True,2025-03-18T12:33:51
1a970694-01b2-4ecc-9a32-cc254599790c,f9393eab-3e53-4fdb-b583-37524b0c6004,Campaign 3,Email,True,True,2025-07-03T12:33:51
4051170a-0fc9-43c9-a96d-05982fcf64c4,f9393eab-3e53-4fdb-b583-37524b0c6004,Campaign 7,Phone,False,True,2024-12-30T12:33:51
e088d58a-b4c7-4fa2-956b-2a16107b9ee9,f94c137f-1226-4dcc-9836-1b85de7f922f,Campaign 7,Social,True,False,2025-08-17T12:33:51
3d3aeb29-5e91-48d1-a953-3ac1d29303d2,f94c137f-1226-4dcc-9836-1b85de7f922f,Campaign 7,Social,False,True,2023-10-10T12:33:51
98625583-77f8-4fa7-be7d-e906b5b9b482,f970f5fa-d246-4a4a-9ea2-8f106a77a3b4,Campaign 9,SMS,True,True,2025-02-27T12:33:51
3e2700e3-ddf9-4e1f-b909-451daff9ead3,f970f5fa-d246-4a4a-9ea2-8f106a77a3b4,Campaign 2,Social,True,True,2024-03-18T12:33:51
af52a879-90ab-409c-bf1a-5a9fa52d23f7,f970f5fa-d246-4a4a-9ea2-8f106a77a3b4,Campaign 3,Phone,True,False,2025-01-04T12:33:51
029fa5b6-ab2f-454b-85a1-c83136759bf5,f98271d1-0a1b-4c0f-afa1-befda3ca347f,Campaign 4,Email,True,False,2025-07-23T12:33:51
3ccf2f83-4b6d-4bdd-9436-206d39c9ac72,fa10f759-b498-4b2a-80e6-52b1e2dee109,Campaign 3,SMS,False,True,2024-11-11T12:33:51
75f81b6d-99b7-4c01-b2d3-b26eeeee3368,fa10f759-b498-4b2a-80e6-52b1e2dee109,Campaign 6,Email,True,False,2025-04-14T12:33:51
57b501ff-7669-443c-aa58-2fb89045c830,fa10f759-b498-4b2a-80e6-52b1e2dee109,Campaign 6,Phone,True,True,2024-01-03T12:33:51
82db6ac6-da1b-466b-8c8e-ba0cbfda042a,fa10f759-b498-4b2a-80e6-52b1e2dee109,Campaign 6,Email,False,True,2024-07-27T12:33:51
00036c72-59dd-4ae9-ae52-2c1fdd9f18d1,fa222611-5f65-494c-bbde-f2519c6b13ba,Campaign 2,Email,True,True,2025-07-02T12:33:51
235edcef-a864-4ecd-bb7e-33a71a7f1d57,fa222611-5f65-494c-bbde-f2519c6b13ba,Campaign 8,Social,False,True,2025-05-18T12:33:51
5b16637a-be43-4c3d-9ea0-63086e7363cb,fa4a6c50-18f2-4264-a13f-5ea4669b7242,Campaign 4,SMS,False,False,2024-12-14T12:33:51
8550b312-eb36-4c68-870c-2dcda8e8992a,fa4a6c50-18f2-4264-a13f-5ea4669b7242,Campaign 8,Social,False,True,2024-09-21T12:33:51
bf9fc6d0-c414-4ed0-bea6-b73bbf906b60,fa4a6c50-18f2-4264-a13f-5ea4669b7242,Campaign 3,SMS,False,True,2025-04-16T12:33:51
ebc25640-e6d2-45ae-924e-b4795548a860,fa4a6c50-18f2-4264-a13f-5ea4669b7242,Campaign 8,Social,False,False,2024-05-01T12:33:51
d3a6b5ff-028a-434b-b197-09fb2f95d8cb,fa4a6c50-18f2-4264-a13f-5ea4669b7242,Campaign 2,Phone,False,True,2024-06-08T12:33:51
9d773603-9bcb-403c-a7c3-42c50a80e29d,fa8d9ea3-f1fe-437b-8592-ea7c61931a9b,Campaign 5,Phone,False,True,2025-05-11T12:33:51
6b41d845-cf9f-4233-9bd3-7e7fbfe16e31,fa8d9ea3-f1fe-437b-8592-ea7c61931a9b,Campaign 2,Social,True,True,2025-08-07T12:33:51
5e566460-a87c-41bc-96cf-0b530e496eb1,facb40a6-0715-4ad5-9c0d-28391a979abe,Campaign 8,Email,True,True,2025-03-18T12:33:51
a6564191-639d-4479-bf59-4bc7e4b96d5b,fad2d7d8-6105-4b5b-85f2-41de6653d39f,Campaign 5,Social,False,True,2024-08-12T12:33:51
1d044031-035e-4b23-970b-ac11753aabd8,fad2d7d8-6105-4b5b-85f2-41de6653d39f,Campaign 5,Phone,False,True,2024-09-30T12:33:51
1e7db420-0905-488a-a000-79cf196f716e,fad2e532-2541-452e-b5f1-83c43ccad175,Campaign 10,Email,True,True,2024-02-16T12:33:51
d9230345-7bb4-49a1-89ab-3a6c06fb2a10,fae9a331-1996-4654-a254-33b24245f93c,Campaign 3,Email,False,False,2024-07-10T12:33:51
8cc5bef3-9239-448d-ba43-aac8db5f3c5a,fae9a331-1996-4654-a254-33b24245f93c,Campaign 4,SMS,True,True,2024-11-08T12:33:51
bc892abb-0157-45cc-b07e-216ada5b4814,fae9a331-1996-4654-a254-33b24245f93c,Campaign 5,Phone,False,True,2024-03-13T12:33:51
cce43a04-0999-4e5e-8c2f-cbd0d1177294,faef25b4-bbb3-4e53-8fe7-9b2395a9fee7,Campaign 2,Email,False,False,2025-08-03T12:33:51
7885fb2e-a2dc-4290-a2a5-e00610735c5f,faef25b4-bbb3-4e53-8fe7-9b2395a9fee7,Campaign 8,SMS,True,False,2023-11-11T12:33:51
c2d68ea5-6169-4164-94d1-c9ea1d5c3aba,faef25b4-bbb3-4e53-8fe7-9b2395a9fee7,Campaign 5,Phone,True,False,2025-01-06T12:33:51
40f08fcd-9b8a-4986-9638-6666a0869e31,faef25b4-bbb3-4e53-8fe7-9b2395a9fee7,Campaign 8,Email,False,False,2023-10-09T12:33:51
76315976-53bf-475f-a5bc-bfc7db1d4244,faef25b4-bbb3-4e53-8fe7-9b2395a9fee7,Campaign 4,Phone,True,True,2024-05-14T12:33:51
18205db2-bcc7-4b68-91a8-cef8b6702871,fb02ada2-e615-472a-ac15-654e4c78ffbf,Campaign 10,Social,True,False,2025-01-14T12:33:51
fc584d28-ad06-40b0-86ab-20c47f5b08a6,fb02ada2-e615-472a-ac15-654e4c78ffbf,Campaign 6,Social,False,True,2024-04-01T12:33:51
940d2833-bdd4-47fe-aacf-56d8c37fe1b7,fb02ada2-e615-472a-ac15-654e4c78ffbf,Campaign 5,Email,True,False,2025-07-19T12:33:51
a9adc8f0-718a-4f02-a8c7-3023e96f75a6,fb02ada2-e615-472a-ac15-654e4c78ffbf,Campaign 5,Social,True,False,2024-07-10T12:33:51
bad55db6-1c9a-4b77-b120-2d53ce249b4d,fb2f20ed-7071-4d38-a52b-bffb7517e382,Campaign 7,Phone,True,True,2024-06-26T12:33:51
83fd9404-de62-4a4b-87b8-756e1515ad08,fb2f20ed-7071-4d38-a52b-bffb7517e382,Campaign 5,Email,True,False,2025-07-31T12:33:51
02d502cf-5640-4074-9fa2-82f5a0b92114,fb2f20ed-7071-4d38-a52b-bffb7517e382,Campaign 7,SMS,True,True,2024-01-14T12:33:51
55bf90ff-bcd2-40d0-b74c-fb1f33576a4c,fb2f20ed-7071-4d38-a52b-bffb7517e382,Campaign 2,SMS,False,True,2025-07-22T12:33:51
835c6865-89d0-45ee-94f1-33ce4df8ff73,fb898339-208e-486c-aa32-5974b47b3f6e,Campaign 1,Social,False,True,2024-07-15T12:33:51
aa366443-b8bb-43e8-9154-9b06a029ad8d,fb898339-208e-486c-aa32-5974b47b3f6e,Campaign 6,Social,True,True,2025-06-19T12:33:51
ab89ed25-a189-40bf-9809-ba4887f44719,fb898339-208e-486c-aa32-5974b47b3f6e,Campaign 6,Phone,False,False,2024-11-13T12:33:51
ee987fce-bd53-4f1d-90a4-1998bc985b63,fb898339-208e-486c-aa32-5974b47b3f6e,Campaign 6,Phone,True,True,2025-06-11T12:33:51
4504580a-6e2d-4ff6-bfd5-99866a4b9e01,fb898339-208e-486c-aa32-5974b47b3f6e,Campaign 2,Phone,True,True,2024-09-17T12:33:51
6d5d577f-4ce0-4d6b-85d5-b419a9be455d,fbaf0402-c9c4-4e1d-b5c9-e4d0efea5665,Campaign 10,Social,False,False,2025-01-05T12:33:51
de553f21-c498-43b5-be51-28006f3a3890,fc2976d6-4ed8-4f3c-973f-ca00b2794b52,Campaign 3,Phone,False,True,2024-05-25T12:33:51
7250e3b3-5b66-4900-aea1-d71b4a64dd2d,fc2976d6-4ed8-4f3c-973f-ca00b2794b52,Campaign 2,Email,False,True,2024-04-17T12:33:51
a268bbe5-ec4a-4ae7-b25c-15f520623a31,fc2976d6-4ed8-4f3c-973f-ca00b2794b52,Campaign 6,Email,False,False,2025-05-30T12:33:51
1b7df500-4384-49d2-b78f-5c84eacd44d9,fc2976d6-4ed8-4f3c-973f-ca00b2794b52,Campaign 7,SMS,True,True,2023-09-23T12:33:51
f60de72e-2fd8-4b48-b20a-75bbf4c539a4,fc568017-35d5-4e6a-a842-e4343d1cf008,Campaign 2,SMS,False,False,2025-04-11T12:33:51
817f6937-d033-48c6-9b94-d30b3cf825f8,fc96e975-d058-4613-9b38-b9b36cad8b80,Campaign 4,Phone,False,True,2024-10-31T12:33:51
798124cf-151d-4f15-9f88-b8d31aab9357,fc96e975-d058-4613-9b38-b9b36cad8b80,Campaign 4,Email,False,False,2023-12-15T12:33:51
d3e82a9b-ecb9-42a7-a661-e98ac3d632a0,fc96e975-d058-4613-9b38-b9b36cad8b80,Campaign 9,Phone,False,True,2023-09-04T12:33:51
4f0e7ae2-1433-4ae6-a2fc-a92ab796369c,fc96e975-d058-4613-9b38-b9b36cad8b80,Campaign 4,Email,False,True,2023-10-22T12:33:51
d373f051-042b-41f9-b29a-9b0211a27ba4,fcb8cac4-fce3-4226-b368-9cab03167b86,Campaign 7,Phone,False,True,2024-11-08T12:33:51
d489b467-b78d-403a-a793-3fc7f320882c,fcb8cac4-fce3-4226-b368-9cab03167b86,Campaign 8,Social,True,True,2024-12-15T12:33:51
976d2e68-5c2d-435a-a761-9b245e8ffcf1,fcb8cac4-fce3-4226-b368-9cab03167b86,Campaign 5,Email,False,True,2024-11-05T12:33:51
ba6f8304-adc8-48b7-950c-c260ad7cf413,fcb8cac4-fce3-4226-b368-9cab03167b86,Campaign 6,Phone,False,False,2025-04-24T12:33:51
58ee8939-473e-45b9-818e-8c4cfc5a7d1c,fccf92cb-e227-485e-a399-d01d3dcc14e8,Campaign 1,Email,False,True,2024-09-07T12:33:51
d1c6e9f1-3b38-4784-82f9-72c9d190c377,fccf92cb-e227-485e-a399-d01d3dcc14e8,Campaign 9,SMS,False,False,2024-05-20T12:33:51
a5c8aee6-db73-4ee0-92b9-bc683a6bcc77,fcec3883-61a4-49b8-918d-4e82c9365d0f,Campaign 8,SMS,False,True,2024-12-29T12:33:51
54636e28-d73b-4f54-98e1-38382b3a7aca,fcec3883-61a4-49b8-918d-4e82c9365d0f,Campaign 9,Social,False,True,2025-01-13T12:33:51
0f10c4de-bc47-4388-b01e-0d1db630b7ca,fcec3883-61a4-49b8-918d-4e82c9365d0f,Campaign 10,SMS,True,False,2025-07-13T12:33:51
9ddb0ff9-a3f0-4c90-bda6-de760d66e18c,fd103237-eee6-47e2-af79-0220cfbf6c4b,Campaign 1,Phone,True,True,2025-05-19T12:33:51
2f6c3704-7b20-4d6c-801b-62f5c28af485,fd103237-eee6-47e2-af79-0220cfbf6c4b,Campaign 2,Social,True,False,2024-07-27T12:33:51
a5a458ec-21d6-4846-9148-fc72aba4eac3,fd3e0ae4-9422-4be7-bef6-4f17e68dccb6,Campaign 4,Social,True,False,2024-01-02T12:33:51
be84260b-c3d9-4aa2-b961-c56b2dc1eb13,fd3e0ae4-9422-4be7-bef6-4f17e68dccb6,Campaign 10,Social,True,True,2024-09-21T12:33:51
52cfc52e-051f-492d-ae92-d993c8de4c67,fd3e0ae4-9422-4be7-bef6-4f17e68dccb6,Campaign 2,Phone,True,False,2025-07-02T12:33:51
092e3785-edc9-46e1-9885-6182f712bac6,fd3e0ae4-9422-4be7-bef6-4f17e68dccb6,Campaign 2,Phone,True,True,2023-09-04T12:33:51
efb05866-7171-4a3b-95bf-3accf7adb251,fd3e0ae4-9422-4be7-bef6-4f17e68dccb6,Campaign 1,SMS,False,True,2025-01-11T12:33:51
f42222e7-5004-4d42-bd16-a23ba1d1ff51,fd5d4e43-68a0-44ca-8e29-db2f47bed9dc,Campaign 9,Phone,False,True,2024-11-23T12:33:51
af7ae57c-5ef5-4def-99df-00e34fff6d4b,fd5d4e43-68a0-44ca-8e29-db2f47bed9dc,Campaign 9,SMS,False,True,2025-03-09T12:33:51
88d276a2-921b-4593-a9fc-6c483d620720,fd5d4e43-68a0-44ca-8e29-db2f47bed9dc,Campaign 4,Email,True,False,2023-11-22T12:33:51
6fee3669-3531-46a3-9b0d-6e7350459409,fd9f18be-ebde-4b56-8e47-e692f93c65c3,Campaign 6,SMS,True,False,2024-07-05T12:33:51
eacf2ea6-4a6e-414f-a92e-1def6fc290da,fd9f18be-ebde-4b56-8e47-e692f93c65c3,Campaign 4,Phone,True,False,2024-12-19T12:33:51
55e19a20-4fcb-4591-9741-a490c5aa5b82,fd9f18be-ebde-4b56-8e47-e692f93c65c3,Campaign 8,Social,True,True,2025-07-03T12:33:51
9b6252fd-e48a-4130-b6cb-28dc9546f6f2,fd9f18be-ebde-4b56-8e47-e692f93c65c3,Campaign 1,Email,False,False,2025-06-07T12:33:51
eb40a924-8813-403c-9738-5afda8cc4f63,fdb1a245-2915-41f2-937f-ed8cf093c359,Campaign 8,Email,True,False,2025-05-20T12:33:51
75c839b7-89fd-4376-a323-90003c5b1368,fdb1a245-2915-41f2-937f-ed8cf093c359,Campaign 1,Phone,True,True,2024-03-22T12:33:51
1ccdf5a4-9958-4fee-a362-3f2773c8470f,fdb1a245-2915-41f2-937f-ed8cf093c359,Campaign 10,Social,True,True,2024-07-20T12:33:51
271b1174-c17c-4c18-a0a4-9497df15d713,fdb1a245-2915-41f2-937f-ed8cf093c359,Campaign 5,Social,False,True,2025-03-12T12:33:51
b5a176af-d134-49d5-ba1a-61b8cd47c7b6,fdb1a245-2915-41f2-937f-ed8cf093c359,Campaign 3,SMS,False,False,2024-11-12T12:33:51
2512ac25-5784-4ace-9abe-172abdac6b9a,fe091807-d498-403d-a821-8b4b1ab5211c,Campaign 7,SMS,False,False,2023-10-13T12:33:51
3cec52ce-9a5a-42e3-86bf-1f038becf474,fe091807-d498-403d-a821-8b4b1ab5211c,Campaign 6,Social,False,False,2025-03-28T12:33:51
4fa3ba67-31eb-47e5-bf37-1ffcff1b5b25,fe091807-d498-403d-a821-8b4b1ab5211c,Campaign 5,Phone,True,True,2025-07-17T12:33:51
f43853a9-c29c-42be-941f-510ff4fc2d5a,fe091807-d498-403d-a821-8b4b1ab5211c,Campaign 3,Email,False,False,2024-11-18T12:33:51
1bef0c7e-108f-4310-adfb-44ffae67afed,fe1ca8d4-4e93-4a01-b19a-050c99915b6d,Campaign 3,Phone,True,True,2024-02-09T12:33:51
1952b408-a127-4218-825e-541092c72b68,fe1ca8d4-4e93-4a01-b19a-050c99915b6d,Campaign 6,Phone,True,False,2025-02-06T12:33:51
cc3f22b5-c11f-43b6-93df-1b4e620d616a,fe1e0266-1567-4f01-ad5a-304e907199e2,Campaign 9,Email,True,False,2025-04-18T12:33:51
e6c3a137-15b8-4ae3-8603-8c99ded50059,fe1e0266-1567-4f01-ad5a-304e907199e2,Campaign 9,Phone,False,True,2025-07-27T12:33:51
ff89eb0b-5c9c-4bed-91a8-0328c6f63884,fe1e0266-1567-4f01-ad5a-304e907199e2,Campaign 3,SMS,False,False,2025-02-07T12:33:51
7a5c0d59-4f89-4c6a-a193-20b4c7d2ae27,fe4a117e-8e0f-4e72-a8bb-cc6c331bb856,Campaign 1,Email,False,False,2024-11-11T12:33:51
2591bf61-f189-4b70-8ad8-d6afd6e8c98b,fe4a117e-8e0f-4e72-a8bb-cc6c331bb856,Campaign 6,SMS,False,True,2025-03-08T12:33:51
81cef217-513c-4b78-86dc-477548a7744d,fe61ad2d-1e45-4257-b8a2-82f3c064fd4f,Campaign 5,Email,False,True,2024-10-29T12:33:51
a5c2502f-9321-41af-a3b7-317fe337e01c,fe61ad2d-1e45-4257-b8a2-82f3c064fd4f,Campaign 8,Email,True,True,2025-03-14T12:33:51
4f7ef1f4-289a-4aae-9afc-ddd2378edf25,fe61ad2d-1e45-4257-b8a2-82f3c064fd4f,Campaign 10,Phone,False,True,2024-01-20T12:33:51
3a7f3e3f-d34b-4868-819c-4f17c467f4d5,fe61ad2d-1e45-4257-b8a2-82f3c064fd4f,Campaign 5,SMS,True,True,2024-01-23T12:33:51
3fdc3c10-b810-417d-b073-42ffeefd6a42,fe6a80eb-7747-41f2-9494-461250dfa1f0,Campaign 10,SMS,False,False,2024-07-27T12:33:51
f3e1b718-6709-4750-bff2-32ea7108665d,fe91fbf5-5af3-402b-a36d-1b3c6ded1ab8,Campaign 7,SMS,True,True,2025-01-20T12:33:51
7baa739a-541c-43f2-a9a2-7a7017ff54ac,fea77886-b50b-438e-b24a-8be62172d203,Campaign 4,Social,True,True,2024-05-07T12:33:51
da65233f-2db9-4ab7-a1cc-bf44778fcde2,fea8b1b5-5a8e-49ba-a575-7f25e75961d3,Campaign 9,Phone,True,False,2025-01-14T12:33:51
7f5cd189-ad0b-47fd-8450-9217736998ba,fea8b1b5-5a8e-49ba-a575-7f25e75961d3,Campaign 10,Social,False,True,2024-08-27T12:33:51
83029536-7f99-4155-b9c8-61b869b17493,fea8b1b5-5a8e-49ba-a575-7f25e75961d3,Campaign 3,Social,True,False,2023-09-04T12:33:51
1eb4f092-7a2d-4ec7-b459-7c8fe4b95a1d,fea8b1b5-5a8e-49ba-a575-7f25e75961d3,Campaign 3,SMS,False,False,2024-06-16T12:33:51
e9796150-f2a2-4b77-a9b8-7b04c1bfd400,ff178aeb-2b27-48a2-8702-26bfb37f008e,Campaign 5,SMS,False,False,2024-11-16T12:33:51
375bb1a4-d4b7-47f9-a9ee-9270546c6a2c,ff178aeb-2b27-48a2-8702-26bfb37f008e,Campaign 4,Email,True,True,2024-02-16T12:33:51
e80bf601-9878-4884-850b-c4272a66f799,ff178aeb-2b27-48a2-8702-26bfb37f008e,Campaign 8,Phone,True,True,2024-10-31T12:33:51
e9b3451e-2136-40c3-a2fa-a24a2ad3a05c,ff178aeb-2b27-48a2-8702-26bfb37f008e,Campaign 4,Phone,True,True,2024-11-20T12:33:51
659dfd32-71f3-4cc1-beb0-37fe58d59cea,ff178aeb-2b27-48a2-8702-26bfb37f008e,Campaign 6,Social,True,True,2023-10-30T12:33:51
c7e8644e-5da2-4824-b658-dfb042061a95,ff2a4bb0-799b-4bb9-a71d-809ba9519cbe,Campaign 7,Social,True,True,2025-04-07T12:33:51
2fcc4820-2bc5-4962-a0a4-1424466a7eaf,ff2a4bb0-799b-4bb9-a71d-809ba9519cbe,Campaign 10,SMS,True,False,2023-10-23T12:33:51
eadc02dd-e7ab-4a5f-9bd6-cdce36fa4aac,ff853704-6db1-42ff-86d9-f010f7716886,Campaign 7,Email,True,True,2024-11-06T12:33:51
256c58bd-3bb4-4e58-9f56-b4530bb2c190,ff867839-4277-4dc8-a5b1-ea7867ea2243,Campaign 7,Social,False,False,2025-03-12T12:33:51
e275e3b2-0621-4695-9b5a-7bda3f74b79d,ff867839-4277-4dc8-a5b1-ea7867ea2243,Campaign 9,Email,False,True,2024-03-22T12:33:51
9a085f24-4fda-499e-b6d0-f5389bfd907c,ff867839-4277-4dc8-a5b1-ea7867ea2243,Campaign 5,SMS,True,True,2024-09-17T12:33:51
4906ee70-e79c-4692-98a8-8b4d02df5e48,ff867839-4277-4dc8-a5b1-ea7867ea2243,Campaign 10,Social,False,True,2023-10-18T12:33:51
37ac0f4f-f038-4579-9f36-e2e8a0113983,ffa95ec2-5546-4bef-b196-cb9cd63820c7,Campaign 10,Social,False,False,2024-03-04T12:33:51
32b90b1c-354d-473a-840a-c45c109f5bc2,ffa95ec2-5546-4bef-b196-cb9cd63820c7,Campaign 8,Email,False,False,2024-12-29T12:33:51
43cabaf8-4241-466b-bccb-b56da211bae6,ffa95ec2-5546-4bef-b196-cb9cd63820c7,Campaign 3,Social,True,False,2024-12-10T12:33:51
ce4cc036-76df-4750-8792-2cbb24a0fbea,ffa95ec2-5546-4bef-b196-cb9cd63820c7,Campaign 1,SMS,False,True,2024-07-11T12:33:51
e7a66176-ff1d-4a44-b7ff-14f83cc6418b,ffcb3c1d-46d1-46c8-bbaa-fbeb9710cb18,Campaign 1,Phone,True,True,2023-10-20T12:33:51
