id,donor_id,influencer_id,relationship_type,relationship_weight,interest_category,created_at,last_interaction_date,is_active
002cd4c0-00b7-43d8-accc-dfc48e329c80,660f161d-b84c-4b32-a0ba-357aac82ed3a,4406f8c8-b5a1-475d-a01d-eff07eefcede,Reported to,9,Travel and Exploration: Backpacking and adventure travel,2025-08-30 16:04:19,2025-11-27 10:31:13.240475,true
00acb203-1d7a-43b6-a3ac-bc7fdb153d5f,d7eeceb9-64ef-482e-8bc9-2b14bd4081f7,42b9a85e-17a1-480a-9821-6ab8f0d9ee99,Fellow Committee Member,5,"Outdoor Activities: Camping (tent camping, RV camping)",2025-08-30 16:04:19,2025-11-27 10:31:13.240475,true
00fa3b98-967f-436e-b5cf-373d53993028,9521d878-2d9f-48c7-ab65-6884567b59c5,c7c73f51-10f9-4b5b-a045-d8e47a0912d8,Collaborated with,8,Travel and Exploration: Visiting new countries and cultures,2025-08-30 16:04:19,2025-11-27 10:31:13.240475,true
01a263a8-6e3f-48e1-8b15-0c879848e618,7327de32-1fb3-477b-867b-85df579bdb79,8de4d78c-0be0-4f3d-992b-cb843c0791a3,Family - extended,5,"Reading and Literature: Poetry and poetic forms (haiku, sonnets, free verse)",2025-08-30 16:04:19,2025-11-27 10:31:13.240475,true
025812f4-3cb7-45ff-a31e-8923e19cfe95,dc6a8330-abbc-4924-ab6c-1d417e9038fd,ab8efba9-e14f-47af-aee3-9c033bd5f70e,Co-founder,9,Travel and Exploration: Backpacking and adventure travel,2025-08-30 16:04:19,2025-11-27 10:31:13.240475,true
02c47116-31f3-49ae-905a-c4b5142d2a34,94d05938-44cd-4d19-8e5f-a913422e3cca,7fbfc2db-7784-43b3-9d25-127cf8974382,Fellow Speaker,3,Travel and Exploration: Visiting new countries and cultures,2025-08-30 16:04:19,2025-11-27 10:31:13.240475,true
034b139c-2105-4351-8d2c-4f72f0921f06,07c08a95-b20e-4c0c-a920-c478180d67f3,c710a691-e490-4ec0-acfd-6cd9d64147b7,Family - extended,5,"Outdoor Activities: Camping (tent camping, RV camping)",2025-08-30 16:04:19,2025-11-27 10:31:13.240475,true
0363410e-add4-4185-83fd-fafb92bb814f,0a7a7de1-80d3-43b8-9168-c7e595aae3f7,8e8a87d1-c3b8-44e7-8867-e2692e02f190,Fellow Board Member,8,Travel and Exploration: Backpacking and adventure travel,2025-08-30 16:04:19,2025-11-27 10:31:13.240475,true
039930dd-b290-477d-8d02-8c9ad80b3ac5,0859aa9f-b527-4dda-ab22-2b9f935444e5,a58bd549-cf1b-44b5-afc1-81d961be3177,Mentor/Mentee,8,"Technology and Gaming: Video gaming (console gaming, PC gaming)",2025-08-30 16:04:19,2025-11-27 10:31:13.240475,true
03c55bee-26d1-4e9c-983e-79d4fae3764f,e8da460a-e6b9-48c2-b231-c1e0463c76fe,7f91ada6-c58d-47bf-9f45-940282f6a292,Fellow Committee Member,5,Travel and Exploration: Backpacking and adventure travel,2025-08-30 16:04:19,2025-11-27 10:31:13.240475,true
03d8f334-5960-436d-a674-b635c1b34082,1457ac4a-c875-4110-8f6d-fc0f14d78473,49032342-3eaf-4285-bf1e-69a4aeb4322a,Friends with,6,"Technology and Gaming: Video gaming (console gaming, PC gaming)",2025-08-30 16:04:19,2025-11-27 10:31:13.240475,true
0417f21c-cf84-4090-bc4f-f22bde7ed268,9c1eef1a-cb8e-45b0-b418-c57f0240b7e5,784976b4-a654-4f49-8337-4c8d4115eb10,Co-worker/Colleague,6,"Outdoor Activities: Camping (tent camping, RV camping)",2025-08-30 16:04:19,2025-11-27 10:31:13.240475,true
0533abb5-2b54-45ea-8062-b0f50e1852fb,4b1ece72-bae2-4eb6-bf97-44a82181ea1b,826b176c-4bff-4cea-a78a-eeceb8347257,Co-author,7,Cooking and Baking: Culinary arts and gourmet cooking,2025-08-30 16:04:19,2025-11-27 10:31:13.240475,true
0554ca1a-8477-4f3c-b92d-6344bafbba66,79d0c8a5-cccb-4e2b-9b7f-5c1754b5a664,4406f8c8-b5a1-475d-a01d-eff07eefcede,Collaborated with,8,"Creative Arts: Painting (oil painting, watercolor, acrylics)",2025-08-30 16:04:19,2025-11-27 10:31:13.240475,true
06b83a60-821d-4cf3-9b7c-b72e6d19ca18,0213e574-1095-49cc-9c3d-388db5cce7f9,c2929836-84e2-4733-8c65-1035d01c588a,Advisor/Advisee,7,"Outdoor Activities: Camping (tent camping, RV camping)",2025-08-30 16:04:19,2025-11-27 10:31:13.240475,true
074fda16-a361-41f9-9baa-68a7cfebe8aa,e58910f5-4b38-475b-b689-ae7b3bab459f,0496be7b-16fc-4c98-b744-4158eab6da46,Reported to,9,Cooking and Baking: Culinary arts and gourmet cooking,2025-08-30 16:04:19,2025-11-27 10:31:13.240475,true
0760aa3d-a7af-4723-b435-967b568ecd2c,a4377ce2-d3f7-4f95-85a0-ba47640ce0e6,a1324167-56ea-41a4-9a19-053bdb057d12,Family - extended,5,Health and Wellness: Yoga retreats and wellness tourism,2025-08-30 16:04:19,2025-11-27 10:31:13.240475,true
07679df4-3da9-4181-82b0-5319d6a9e993,df230bf4-dc6c-46e4-a62d-e895e3a1da6d,29c2749a-66d4-4d16-9961-cdb8bb8fcb6e,Co-founder,9,"Reading and Literature: Poetry and poetic forms (haiku, sonnets, free verse)",2025-08-30 16:04:19,2025-11-27 10:31:13.240475,true
0788bb7e-2716-437d-9cf9-610d15f0cdc3,d5a1fc01-bce8-45a1-8854-506d52f03035,c36f0ef4-9639-4852-a94b-849c94e30893,Fellow Committee Member,5,Health and Wellness: Yoga retreats and wellness tourism,2025-08-30 16:04:19,2025-11-27 10:31:13.240475,true
07b76031-7d6d-4de8-9310-e46d6b3acdc8,13bcb143-f1e9-4495-aefe-6f998dd031e4,42078308-3e2e-4291-8f20-f8816b41fbdb,Family - first level,9,"Reading and Literature: Poetry and poetic forms (haiku, sonnets, free verse)",2025-08-30 16:04:19,2025-11-27 10:31:13.240475,true
07b9f48f-2b52-4bc6-b92c-d95fa050dee7,95224d92-d76d-4031-a2dd-e931114cec2e,ef3f7d85-b2db-4966-9582-4acc95f72719,Collaborated with,8,Health and Wellness: Yoga retreats and wellness tourism,2025-08-30 16:04:19,2025-11-27 10:31:13.240475,true
081aba7d-3ac9-405e-8747-8c99da7ec6f0,6606d037-6e8a-4f31-9aa3-15420358c0a6,177d7144-f619-4b7f-a4ee-0ba709093065,Advisor/Advisee,7,Travel and Exploration: Backpacking and adventure travel,2025-08-30 16:04:19,2025-11-27 10:31:13.240475,true
09bcaaa2-4f87-4407-ae4e-29181658d64c,32de2a7c-66c9-499b-a9ff-67f6b22fde69,5f8a6ea4-f0a2-4b98-bbbc-3503bb1d120f,Fellow Committee Member,5,Health and Wellness: Yoga retreats and wellness tourism,2025-08-30 16:04:19,2025-11-27 10:31:13.240475,true
09dde6e8-aa8c-4264-b800-46c68d452d96,524f2e0b-2bf3-4f93-9d7b-c8084b317610,de8b37f5-5829-444d-9f3f-53a893f1481f,Co-founder,9,Travel and Exploration: Visiting new countries and cultures,2025-08-30 16:04:19,2025-11-27 10:31:13.240475,true
09f89ffd-73de-41e7-a84f-7f7b845ed600,52902dfb-c5a6-4a76-8260-4fe657d2fbda,16e43025-10f1-42e6-9793-e0e2f333d79c,Fellow Speaker,3,"Technology and Gaming: Video gaming (console gaming, PC gaming)",2025-08-30 16:04:19,2025-11-27 10:31:13.240475,true
0b1c5341-7bff-41f6-a3bb-79ad4b494c3d,17efca01-b251-4116-af78-e8b0f105c5d6,55127d3c-0e51-4a93-aabc-6efe62d285d8,Reported to,9,"Technology and Gaming: Video gaming (console gaming, PC gaming)",2025-08-30 16:04:19,2025-11-27 10:31:13.240475,true
0b6bdee3-3883-4993-b109-184dc79ff286,5e360f2c-7b62-4891-b23a-7ca2a1cfceff,6994e448-67f5-4eae-8eaf-ad58dc3400d5,Mentor/Mentee,8,Travel and Exploration: Visiting new countries and cultures,2025-08-30 16:04:19,2025-11-27 10:31:13.240475,true
0c07687d-aae6-43e4-9af3-d7fe2e5cfdd7,d5b4b31e-1a99-4af4-abd5-7303d9917246,4dd1701c-060e-446c-815d-bb496dbac2cf,Fellow Alumni,3,Travel and Exploration: Visiting new countries and cultures,2025-08-30 16:04:19,2025-11-27 10:31:13.240475,true
0ca6ab63-b9e9-4d20-a9e6-3670fcf92542,404da108-b23e-49d4-b688-ef6cd27efdb1,bd0fa4bd-f1fb-47a4-ba95-a5c46309e613,Reported to,9,Cooking and Baking: Culinary arts and gourmet cooking,2025-08-30 16:04:19,2025-11-27 10:31:13.240475,true
0d14ec96-8911-4dab-a022-e754dc58539d,85b7760a-80b1-413d-a55b-54425c9a47e1,805c1ee8-d582-4aff-af64-35e837af444d,Co-author,7,"Technology and Gaming: Video gaming (console gaming, PC gaming)",2025-08-30 16:04:19,2025-11-27 10:31:13.240475,true
0d71727b-2ff7-475d-876e-791c7f1166b2,fb898339-208e-486c-aa32-5974b47b3f6e,8e5db93d-c20d-4a44-b7fb-f88f99349202,Co-worker/Colleague,6,"Technology and Gaming: Video gaming (console gaming, PC gaming)",2025-08-30 16:04:19,2025-11-27 10:31:13.240475,true
0da11721-9ed6-4855-8707-91fa5587d3d4,3b4b90a9-6c32-4336-a943-131527569ef5,a58bd549-cf1b-44b5-afc1-81d961be3177,Fellow Speaker,3,"Creative Arts: Painting (oil painting, watercolor, acrylics)",2025-08-30 16:04:19,2025-11-27 10:31:13.240475,true
0dccf9c9-9a07-4ef9-9cb8-932208e0f4c5,87007af7-2a80-4969-9104-451cd543e2b1,fe6a80eb-7747-41f2-9494-461250dfa1f0,Friends with,6,"Reading and Literature: Poetry and poetic forms (haiku, sonnets, free verse)",2025-08-30 16:04:19,2025-11-27 10:31:13.240475,true
0f36f3df-656d-4e8a-9054-4ef8ded18064,11cfd38d-41bb-4c28-ab9a-01de42032155,8a3b698c-2952-4b72-ad0f-49e7b72a3d95,Fellow Alumni,3,"Outdoor Activities: Camping (tent camping, RV camping)",2025-08-30 16:04:19,2025-11-27 10:31:13.240475,true
0f60448d-1825-441a-9b8e-5b6c4c20b4f9,42b9a85e-17a1-480a-9821-6ab8f0d9ee99,e59b3347-c2d5-4419-a24a-ebd2344e68df,Co-worker/Colleague,6,Cooking and Baking: Culinary arts and gourmet cooking,2025-08-30 16:04:19,2025-11-27 10:31:13.240475,true
0faae4da-3dd9-474f-b4a3-35b7579271a6,a21eb0d3-a335-424b-921d-923691545039,fc2976d6-4ed8-4f3c-973f-ca00b2794b52,Family - extended,5,Cooking and Baking: Culinary arts and gourmet cooking,2025-08-30 16:04:19,2025-11-27 10:31:13.240475,true
100f016e-f2c7-4e3a-b358-9344117ceed0,98fda998-a572-4252-9338-e6cc5108d6c6,d0a73205-fd69-4997-8000-3e901219b4f2,Family - extended,5,Cooking and Baking: Culinary arts and gourmet cooking,2025-08-30 16:04:19,2025-11-27 10:31:13.240475,true
1066859c-f290-4d9c-9d6a-895b3794e62b,e6047c44-ae02-4005-b197-3bc46e03d15c,2df1fde1-8e0b-40d7-911a-5f2703edbd07,Fellow Speaker,3,"Reading and Literature: Poetry and poetic forms (haiku, sonnets, free verse)",2025-08-30 16:04:19,2025-11-27 10:31:13.240475,true
107ca182-84b2-425f-b774-15028e55a0bc,af047bc6-7be7-41d0-a147-e2c9d453229c,4406f8c8-b5a1-475d-a01d-eff07eefcede,Family - first level,9,Travel and Exploration: Backpacking and adventure travel,2025-08-30 16:04:19,2025-11-27 10:31:13.240475,true
10a8888f-e4b6-4920-84bc-cafd9a99b922,3adf7f85-695e-4ad1-ad9f-d4189829e16f,a0bb9600-8861-41ed-a92b-c5e83d88e1ab,Advisor/Advisee,7,Cooking and Baking: Culinary arts and gourmet cooking,2025-08-30 16:04:19,2025-11-27 10:31:13.240475,true
10e04834-fb9a-453a-9555-3b4ada258a1f,93a0a9ef-70d6-43b8-bd43-15d1e06ab8ae,ca743936-b8a9-4592-a351-b1b7c6578ac6,Advisor/Advisee,7,Health and Wellness: Yoga retreats and wellness tourism,2025-08-30 16:04:19,2025-11-27 10:31:13.240475,true
10fe0b32-1546-4ab5-b41e-e9d4587f4938,0eee9534-51d0-4ca3-af3c-50a8c90586ca,d4984361-7bae-4c1c-aa08-e32a4a3003d6,Reported to,9,Health and Wellness: Yoga retreats and wellness tourism,2025-08-30 16:04:19,2025-11-27 10:31:13.240475,true
1127f682-4ef0-469f-afcd-11bc1a439c74,69bb3e09-4f84-44a3-94f0-4c64ebd8e70f,498e29e4-8ff9-455e-9d07-cafab0c11403,Friends with,6,"Reading and Literature: Poetry and poetic forms (haiku, sonnets, free verse)",2025-08-30 16:04:19,2025-11-27 10:31:13.240475,true
1202a91d-07d5-4c4c-98ce-9ed04b7758ea,3c6d6df4-fd43-41f7-a2c1-ce517a65cb3b,e4cd9cf3-b717-4fcb-9390-172fbffc2ab1,Friends with,6,Health and Wellness: Yoga retreats and wellness tourism,2025-08-30 16:04:19,2025-11-27 10:31:13.240475,true
131c55d4-5065-48cf-a914-621bcfff4b46,d64fdfe8-4c8a-47eb-9c94-c78593abe450,55127d3c-0e51-4a93-aabc-6efe62d285d8,Co-author,7,Cooking and Baking: Culinary arts and gourmet cooking,2025-08-30 16:04:19,2025-11-27 10:31:13.240475,true
1350a939-82c8-4d75-ae68-79e6241f03a9,a310ee6a-1f7a-4d8a-b2bc-e266c9e14e7e,27ca132e-76a8-4dc5-ace2-31ed889c0dfb,Reported to,9,Travel and Exploration: Backpacking and adventure travel,2025-08-30 16:04:19,2025-11-27 10:31:13.240475,true
14077033-8bbd-4b8f-8ea3-f8445fab5002,57d12c08-e268-4923-a4d0-34d5939a18e0,8858b229-f760-4d8a-9eb4-7ebe943d5a48,Fellow Alumni,3,"Technology and Gaming: Video gaming (console gaming, PC gaming)",2025-08-30 16:04:19,2025-11-27 10:31:13.240475,true
142194f2-3b57-4a69-b816-c0c807631d1c,ba7dc998-391b-42ef-87e8-e7baa4aaa22a,fea77886-b50b-438e-b24a-8be62172d203,Advisor/Advisee,7,"Creative Arts: Painting (oil painting, watercolor, acrylics)",2025-08-30 16:04:19,2025-11-27 10:31:13.240475,true
149d7cfe-1200-4ff4-a7d6-f7bc891b4595,210c134c-b1d6-4987-89a1-8bc60511a383,a58bd549-cf1b-44b5-afc1-81d961be3177,Fellow Committee Member,5,"Reading and Literature: Poetry and poetic forms (haiku, sonnets, free verse)",2025-08-30 16:04:19,2025-11-27 10:31:13.240475,true
14ff84d3-2f8c-4f15-a2f4-cb245de5c533,4eaf318a-2cc3-4035-97ef-5fc2dd10d5d3,2af29d54-cb95-484d-a9ed-328441274a6c,Advisor/Advisee,7,Cooking and Baking: Culinary arts and gourmet cooking,2025-08-30 16:04:19,2025-11-27 10:31:13.240475,true
1570e7c0-5961-44a0-bb33-6a8117c384f0,1457ac4a-c875-4110-8f6d-fc0f14d78473,d0a73205-fd69-4997-8000-3e901219b4f2,Reported to,9,Travel and Exploration: Visiting new countries and cultures,2025-08-30 16:04:19,2025-11-27 10:31:13.240475,true
15ba0e5a-e798-440c-858a-430c87ad1309,d208a03f-b78c-495c-a604-35cc3068cc53,3b024fb9-9c8b-47fb-b2bf-b0b21071c8b2,Co-founder,9,"Reading and Literature: Poetry and poetic forms (haiku, sonnets, free verse)",2025-08-30 16:04:19,2025-11-27 10:31:13.240475,true
16c6d31f-7fda-4639-8242-52eee829682e,4b0be842-63b2-415b-8762-9407c5bc44ce,f70b88bf-14ab-4d03-968a-4461fa37fd0e,Co-founder,9,"Technology and Gaming: Video gaming (console gaming, PC gaming)",2025-08-30 16:04:19,2025-11-27 10:31:13.240475,true
1773556e-3e9f-437b-a7f4-66f93fede062,1d9bf402-6cff-43ad-86a5-e9df913d4f74,405975b3-353c-48f0-aa5e-78c05664b514,Student/teacher,8,"Technology and Gaming: Video gaming (console gaming, PC gaming)",2025-08-30 16:04:19,2025-11-27 10:31:13.240475,true
17d7e0dd-6c56-40cc-afc1-b153229f3a79,7628f5d1-ef0b-4b75-a7bd-dec5ae88850d,91ea5d72-1d40-45c6-a4cb-892ed1484ebe,Mentor/Mentee,8,"Creative Arts: Painting (oil painting, watercolor, acrylics)",2025-08-30 16:04:19,2025-11-27 10:31:13.240475,true
1a3df521-13cc-49a6-9591-ddf69d481c89,68ece8ca-4d44-462c-ad1e-489b9b983d08,78e7527f-d85a-4433-87e1-59448d3f1c44,Advisor/Advisee,7,Travel and Exploration: Visiting new countries and cultures,2025-08-30 16:04:19,2025-11-27 10:31:13.240475,true
1b7e9579-6903-4bb0-94aa-61dfe2b11582,61bf640d-ef78-49cc-bb4f-c9d045902a58,4ce63fb4-0066-4789-882c-cca3a4c6cfbc,Fellow Board Member,8,"Reading and Literature: Poetry and poetic forms (haiku, sonnets, free verse)",2025-08-30 16:04:19,2025-11-27 10:31:13.240475,true
1d1752d3-25c7-48f5-a3bc-207681516067,fad2e532-2541-452e-b5f1-83c43ccad175,69cc3dfc-35ac-41bd-9cde-c9eb3f27d8a6,Fellow Committee Member,5,Travel and Exploration: Visiting new countries and cultures,2025-08-30 16:04:19,2025-11-27 10:31:13.240475,true
1d389b29-401f-4220-b05a-54f7fce909a0,09f6f90b-e8c9-4f8c-81e8-bec7f1f010e7,84d8063b-ebde-43ad-a92e-9d1bde15ab93,Fellow Committee Member,5,"Outdoor Activities: Camping (tent camping, RV camping)",2025-08-30 16:04:19,2025-11-27 10:31:13.240475,true
1d52bac2-7aaa-4fb0-aeb8-eede6a4ed1e2,e27c5da5-556b-4c6b-a52c-5996a66dcdd0,98c0224f-b76a-4518-ae4a-fdaf2a641dad,Mentor/Mentee,8,Health and Wellness: Yoga retreats and wellness tourism,2025-08-30 16:04:19,2025-11-27 10:31:13.240475,true
1d5b3b54-3c6e-4bdf-b98c-352062b13275,2852573c-f4bc-4907-8202-b5be8a0ccedc,3a9f0539-da30-4630-8247-b158b442c57f,Friends with,6,"Reading and Literature: Poetry and poetic forms (haiku, sonnets, free verse)",2025-08-30 16:04:19,2025-11-27 10:31:13.240475,true
1ee6d188-3f56-4b93-89f5-cd0d6e56336b,c6fd010e-42bf-4835-9651-d52379fc9ffe,8fa7df59-5f98-4cb4-8552-5f7ec3c70f13,Family - first level,9,Health and Wellness: Yoga retreats and wellness tourism,2025-08-30 16:04:19,2025-11-27 10:31:13.240475,true
1ee78aa1-a6bd-4d38-8f7a-fdae9fe5bc59,2d07d31a-e76b-40c7-8aac-69d0f66b5312,c382a45a-acd9-497d-bfe5-1d12336590c8,Family - first level,9,"Creative Arts: Painting (oil painting, watercolor, acrylics)",2025-08-30 16:04:19,2025-11-27 10:31:13.240475,true
1fd9af06-1ced-4a12-b89a-0c070e413cc2,f7cc4e1d-4b37-468d-aebe-e96507630ecb,9d1a3c93-dfae-4123-b989-8c3ac0e3ecc3,Reported to,9,Health and Wellness: Yoga retreats and wellness tourism,2025-08-30 16:04:19,2025-11-27 10:31:13.240475,true
213ae2cb-5bb3-4e62-a27a-51e276c9fcdb,8a2c1ea1-5ed2-4584-8949-409e4f6c61f5,69cc3dfc-35ac-41bd-9cde-c9eb3f27d8a6,Fellow Board Member,8,"Technology and Gaming: Video gaming (console gaming, PC gaming)",2025-08-30 16:04:19,2025-11-27 10:31:13.240475,true
21b0b5e0-86c7-4de2-a55d-08fd4fcabf23,7a34d9e3-cd63-4987-951e-a903a25a25c3,a5576e2e-c773-4037-acc7-f1331577a7a5,Business Partner,9,Cooking and Baking: Culinary arts and gourmet cooking,2025-08-30 16:04:19,2025-11-27 10:31:13.240475,true
22200696-063c-4f1a-b684-6a96af1dec54,d20c27bd-bd15-47d8-9cdb-669d2d5b8cbd,d8ae0379-4d80-45dd-ab48-24821b0a24ec,Co-worker/Colleague,6,"Outdoor Activities: Camping (tent camping, RV camping)",2025-08-30 16:04:19,2025-11-27 10:31:13.240475,true
223e699d-2bc9-4cbd-b086-27001c3b53b8,ca0b39d8-bd83-41a0-bf9c-c83600f25c04,16c300e7-5b18-4759-b3a6-e9cd6fc6c7ed,Fellow Committee Member,5,"Outdoor Activities: Camping (tent camping, RV camping)",2025-08-30 16:04:19,2025-11-27 10:31:13.240475,true
227fd856-6685-4afc-a112-47f3bda86904,376052f6-ff79-4123-b74e-209234a0b213,11c7509f-1571-4298-af6f-c1bc99c68ee9,Mentor/Mentee,8,Health and Wellness: Yoga retreats and wellness tourism,2025-08-30 16:04:19,2025-11-27 10:31:13.240475,true
22877162-ea14-41da-9d87-cde5d02f8953,30f6c0e7-913b-4e0f-9330-408e30e46a0f,20cca08e-6c35-4eb8-a7e5-913a7219df31,Family - first level,9,"Reading and Literature: Poetry and poetic forms (haiku, sonnets, free verse)",2025-08-30 16:04:19,2025-11-27 10:31:13.240475,true
22aafc9b-d9e2-4602-9ac8-deab15f3a0c8,dc65e0ca-6293-4ce4-b0b7-61d22044d376,4a6f5289-8477-491c-beec-92c5c1b5c79d,Family - extended,5,Travel and Exploration: Visiting new countries and cultures,2025-08-30 16:04:19,2025-11-27 10:31:13.240475,true
22e25567-9695-468c-a7a2-74f4c4274616,65885ed0-ea50-4ad4-95e6-3240fd6625e6,c710a691-e490-4ec0-acfd-6cd9d64147b7,Family - first level,9,Travel and Exploration: Backpacking and adventure travel,2025-08-30 16:04:19,2025-11-27 10:31:13.240475,true
231f319d-9982-4660-8e31-fe1fa96d85bf,ebfb385e-e09c-4872-9d31-7da72e3ca9f2,31ef152b-e2b7-4c0d-b244-34f0d2ab2c7c,Co-founder,9,Travel and Exploration: Backpacking and adventure travel,2025-08-30 16:04:19,2025-11-27 10:31:13.240475,true
23da6e54-2784-4bc5-bec3-24e68047b9a0,a6003879-edaa-4a4e-a79a-d8e478a6aec0,784976b4-a654-4f49-8337-4c8d4115eb10,Fellow Alumni,3,"Technology and Gaming: Video gaming (console gaming, PC gaming)",2025-08-30 16:04:19,2025-11-27 10:31:13.240475,true
23db8f9a-64e4-471d-bd0a-19ec787e46db,700024fc-f148-4200-8b14-d80fef2701f6,6de69601-efe5-48d8-bb80-ed5bd67d90d0,Student/teacher,8,"Outdoor Activities: Camping (tent camping, RV camping)",2025-08-30 16:04:19,2025-11-27 10:31:13.240475,true
23def0b0-39d9-4ce2-be60-6ac57d58b2e4,518a0c42-1771-42d5-81a2-df1c8691bd6b,2df1fde1-8e0b-40d7-911a-5f2703edbd07,Mentor/Mentee,8,"Reading and Literature: Poetry and poetic forms (haiku, sonnets, free verse)",2025-08-30 16:04:19,2025-11-27 10:31:13.240475,true
244d0157-d6e4-4ffb-957c-717de12bdcee,ffa95ec2-5546-4bef-b196-cb9cd63820c7,c382a45a-acd9-497d-bfe5-1d12336590c8,Co-author,7,Travel and Exploration: Backpacking and adventure travel,2025-08-30 16:04:19,2025-11-27 10:31:13.240475,true
24cd7af5-4f75-4571-aee3-3add062163d9,5bffdb65-9ad8-4439-b35c-f9ededfcac60,dc6a8330-abbc-4924-ab6c-1d417e9038fd,Business Partner,9,Travel and Exploration: Backpacking and adventure travel,2025-08-30 16:04:19,2025-11-27 10:31:13.240475,true
24e02169-516b-4cf1-ac08-4ca16df51f3c,93792167-a15f-4674-ad0d-383ec3e2e196,ec7c6f18-5e97-4fb1-baa9-fec7bbfb696f,Friends with,6,Health and Wellness: Yoga retreats and wellness tourism,2025-08-30 16:04:19,2025-11-27 10:31:13.240475,true
24e3f17e-93c9-4aba-ab78-440589308b41,f25f18f1-a5c7-427c-8702-32177dca8682,b267e252-bc36-4817-ac07-e1f07ce173d4,Advisor/Advisee,7,Cooking and Baking: Culinary arts and gourmet cooking,2025-08-30 16:04:19,2025-11-27 10:31:13.240475,true
251e0861-3c23-4bc4-bf45-677c0e568e14,1df81b8d-32ee-4c9c-9120-2c842688ff43,4f3bfcce-c376-4bcb-a8d2-be5c1f7742d7,Fellow Speaker,3,"Reading and Literature: Poetry and poetic forms (haiku, sonnets, free verse)",2025-08-30 16:04:19,2025-11-27 10:31:13.240475,true
258544ea-e04f-40f0-91f3-9c25b7803cdc,82da3585-1817-4a13-a54d-fe4f471f2a49,20cca08e-6c35-4eb8-a7e5-913a7219df31,Fellow Speaker,3,Health and Wellness: Yoga retreats and wellness tourism,2025-08-30 16:04:19,2025-11-27 10:31:13.240475,true
25e3dee3-11eb-4c13-bb08-407dcde0308b,d527f42c-6f5a-48fd-b4a5-61a4d5da2471,5087d838-7069-4676-80de-9914fee3eb7f,Fellow Alumni,3,Health and Wellness: Yoga retreats and wellness tourism,2025-08-30 16:04:19,2025-11-27 10:31:13.240475,true
26452995-ef0a-4fee-bd3e-f061de7fea28,d22e37f4-f7e6-4fdb-94a4-43662f53b188,f06a84ef-14a5-498b-8981-64c372698332,Co-author,7,"Outdoor Activities: Camping (tent camping, RV camping)",2025-08-30 16:04:19,2025-11-27 10:31:13.240475,true
264ccab5-4130-49d2-9a20-34f7ae6fa12d,be0d7c38-de79-41da-9608-1da42edb5943,95ac62dc-dd42-4669-bd4e-fd05366dbdcb,Fellow Board Member,8,Health and Wellness: Yoga retreats and wellness tourism,2025-08-30 16:04:19,2025-11-27 10:31:13.240475,true
264ec954-f28c-4666-aace-5d4b265f3a49,24897e18-6ec4-475d-8193-38d46577b2a5,f4686e78-cc16-4208-b09d-a41524ece694,Co-worker/Colleague,6,"Outdoor Activities: Camping (tent camping, RV camping)",2025-08-30 16:04:19,2025-11-27 10:31:13.240475,true
27448246-188d-47ac-b590-0c769a64cc99,abbbe018-e0c7-4ec0-8596-7e9a0ae0b293,a520edfa-365f-4585-b36f-833d96fdc345,Collaborated with,8,Cooking and Baking: Culinary arts and gourmet cooking,2025-08-30 16:04:19,2025-11-27 10:31:13.240475,true
28091cc7-9dd7-4168-a645-326890f26be6,83001ffc-8384-426a-bbd0-0a70d63e2bba,37ada321-4743-473d-9885-ea8ee205fa0d,Family - first level,9,"Creative Arts: Painting (oil painting, watercolor, acrylics)",2025-08-30 16:04:19,2025-11-27 10:31:13.240475,true
289221fb-e76c-401e-896f-a62c4b9a1c40,31f96637-9136-4932-ab57-8bc686e7b327,4037c715-6506-4bde-91c8-d85fd5dd6093,Fellow Speaker,3,Health and Wellness: Yoga retreats and wellness tourism,2025-08-30 16:04:19,2025-11-27 10:31:13.240475,true
28a69cbe-3f05-4494-9117-47829e58e64a,51bc23c5-e2f2-45ee-8541-33023c9c6b93,032be5bb-852d-4ace-a3b4-ec7e72c75126,Family - first level,9,"Outdoor Activities: Camping (tent camping, RV camping)",2025-08-30 16:04:19,2025-11-27 10:31:13.240475,true
28d9914f-c78f-442c-bec7-d052f086c18d,f4fae78e-c1da-45eb-9dbb-b82747ab2ed2,3292cb01-0f37-45fa-87c5-c4077a323754,Fellow Committee Member,5,Cooking and Baking: Culinary arts and gourmet cooking,2025-08-30 16:04:19,2025-11-27 10:31:13.240475,true
291ab935-cda1-423c-a30a-5e5b660c1316,8057511f-90a8-435a-bd6f-71ca429a1396,30f6c0e7-913b-4e0f-9330-408e30e46a0f,Fellow Committee Member,5,"Outdoor Activities: Camping (tent camping, RV camping)",2025-08-30 16:04:19,2025-11-27 10:31:13.240475,true
293148d8-3ce3-4cef-adcc-09ee87e0314a,cc69a3b5-489a-49de-9a36-1d9d8eeb3a71,6402defd-144b-45fb-a5cc-8ff168b4db9a,Co-worker/Colleague,6,Cooking and Baking: Culinary arts and gourmet cooking,2025-08-30 16:04:19,2025-11-27 10:31:13.240475,true
293a5f48-e458-4098-8174-8734a63a1c1e,9f36f66d-dad0-4f0c-bc47-646917720a2d,a1324167-56ea-41a4-9a19-053bdb057d12,Collaborated with,8,Travel and Exploration: Visiting new countries and cultures,2025-08-30 16:04:19,2025-11-27 10:31:13.240475,true
2998dc56-f9b7-4fe0-aaa3-06aef1da4bd3,e215ac32-7add-4115-a8c9-b9f6d5a3abf3,919194b4-960f-49e0-8e93-95b5683d9c0b,Collaborated with,8,"Reading and Literature: Poetry and poetic forms (haiku, sonnets, free verse)",2025-08-30 16:04:19,2025-11-27 10:31:13.240475,true
299ba59e-56d9-4639-8252-e369baa4e541,f268cfe0-5c55-4c0b-b63e-5bd4c014f2c2,cae7106e-d5d3-4d7e-9254-91fd198b8933,Friends with,6,"Outdoor Activities: Camping (tent camping, RV camping)",2025-08-30 16:04:19,2025-11-27 10:31:13.240475,true
2a9b5cd1-f622-4358-b4ab-7a3f27de23f2,fcec3883-61a4-49b8-918d-4e82c9365d0f,b2111976-8e3c-4d39-809c-b5937acdd146,Family - extended,5,"Creative Arts: Painting (oil painting, watercolor, acrylics)",2025-08-30 16:04:19,2025-11-27 10:31:13.240475,true
2ad10c6b-40be-4110-b8a7-3987fdd75396,51badf6d-e3f4-4516-b1e1-650c1487e93a,78e30c1f-3001-4a92-afff-6d2f029829e0,Fellow Board Member,8,Health and Wellness: Yoga retreats and wellness tourism,2025-08-30 16:04:19,2025-11-27 10:31:13.240475,true
2c11787f-7b2b-4198-b402-d84643028264,f41f4c35-8d4b-4ad8-8687-880fca1933e6,ca743936-b8a9-4592-a351-b1b7c6578ac6,Reported to,9,Health and Wellness: Yoga retreats and wellness tourism,2025-08-30 16:04:19,2025-11-27 10:31:13.240475,true
2c2d0f6a-ce1d-4868-80a4-41a1b2e148e8,af14b345-3671-4898-801a-937e4abc77b8,d4762591-c36b-44cf-a8f6-de5f90a682b9,Co-founder,9,Travel and Exploration: Visiting new countries and cultures,2025-08-30 16:04:19,2025-11-27 10:31:13.240475,true
2c640f20-f28e-49d6-9afa-acb415fcdd33,d8bd8f04-f8ee-4301-9b73-89f5bca7dd64,565628d3-5892-4f3e-bcd3-61600d3181e9,Fellow Speaker,3,"Outdoor Activities: Camping (tent camping, RV camping)",2025-08-30 16:04:19,2025-11-27 10:31:13.240475,true
2c6fd7b7-382e-4b6c-8906-03e8b6bd6e9a,ded02442-a6b2-4184-9e7d-e1629abca6e1,c36f0ef4-9639-4852-a94b-849c94e30893,Co-worker/Colleague,6,Cooking and Baking: Culinary arts and gourmet cooking,2025-08-30 16:04:19,2025-11-27 10:31:13.240475,true
2d0eeed4-4f80-4244-abb5-f348ac684466,be80724d-0551-46b7-9c5e-faa1124fbb6d,95ac62dc-dd42-4669-bd4e-fd05366dbdcb,Co-author,7,Health and Wellness: Yoga retreats and wellness tourism,2025-08-30 16:04:19,2025-11-27 10:31:13.240475,true
2dbcc603-6d3a-4448-aca7-cef4a5bd708f,f709a7dc-bcba-4745-9d4f-e22245837843,1e312448-db61-4f83-8dd8-88ba89650197,Co-worker/Colleague,6,"Reading and Literature: Poetry and poetic forms (haiku, sonnets, free verse)",2025-08-30 16:04:19,2025-11-27 10:31:13.240475,true
2e4d5635-5287-497c-beba-171490a21e65,34301b6e-a517-4484-9730-0a61551f4f4c,4ce63fb4-0066-4789-882c-cca3a4c6cfbc,Reported to,9,Cooking and Baking: Culinary arts and gourmet cooking,2025-08-30 16:04:19,2025-11-27 10:31:13.240475,true
2e8f90ce-c48b-4f1c-a26d-3e34dc87c6d7,be483ed6-a35a-4be3-8770-b2e5c6e9fa28,80247eda-f93e-44d1-8627-37839835db21,Reported to,9,Travel and Exploration: Visiting new countries and cultures,2025-08-30 16:04:19,2025-11-27 10:31:13.240475,true
2f9e6e4d-849c-4954-9a52-06837604b5a8,34220f8f-3c17-45d1-8c72-88ae381a6de8,ca743936-b8a9-4592-a351-b1b7c6578ac6,Fellow Speaker,3,Travel and Exploration: Visiting new countries and cultures,2025-08-30 16:04:19,2025-11-27 10:31:13.240475,true
2fbbb77b-027f-43b2-a2d4-e97cc2b23de4,1ccabb0d-8398-49e3-a404-2cf0bdd071af,f06a84ef-14a5-498b-8981-64c372698332,Friends with,6,Travel and Exploration: Backpacking and adventure travel,2025-08-30 16:04:19,2025-11-27 10:31:13.240475,true
2fd08833-8ada-4203-8c58-b8caa6a2e074,e6047c44-ae02-4005-b197-3bc46e03d15c,e1834296-55ee-4ca1-b52a-821fe749239c,Mentor/Mentee,8,"Technology and Gaming: Video gaming (console gaming, PC gaming)",2025-08-30 16:04:19,2025-11-27 10:31:13.240475,true
2ff3c4c7-927e-41ad-99df-7001fce846ea,0bbffdb0-b3e5-452a-891d-43bc7501f262,6994e448-67f5-4eae-8eaf-ad58dc3400d5,Reported to,9,"Technology and Gaming: Video gaming (console gaming, PC gaming)",2025-08-30 16:04:19,2025-11-27 10:31:13.240475,true
301a7705-2ed0-4d2d-8607-dc24acb201a2,152a6f74-5620-4800-a46e-01aa845065b5,37ada321-4743-473d-9885-ea8ee205fa0d,Reported to,9,Health and Wellness: Yoga retreats and wellness tourism,2025-08-30 16:04:19,2025-11-27 10:31:13.240475,true
3041df0f-c6e5-418f-8f7d-09802382e0be,dad66b35-abae-4363-b38b-b84e0bf7e086,943c953a-9774-4e9d-9f1f-2a4ad560c7ab,Advisor/Advisee,7,Cooking and Baking: Culinary arts and gourmet cooking,2025-08-30 16:04:19,2025-11-27 10:31:13.240475,true
315049ba-bf1f-40d5-84b5-5e7e09542b7a,b3ce178d-432b-467f-88a2-c5da90e3133b,96238e52-c177-4aab-9c6e-d1ca3c9afd54,Family - extended,5,Travel and Exploration: Visiting new countries and cultures,2025-08-30 16:04:19,2025-11-27 10:31:13.240475,true
31e6488f-0805-4ff4-a749-8104b4ea642a,0fbca3ed-44d3-44eb-92ea-afee99477576,80fa98e4-cc39-45dc-b441-530db0b5b105,Reported to,9,"Outdoor Activities: Camping (tent camping, RV camping)",2025-08-30 16:04:19,2025-11-27 10:31:13.240475,true
31f4618a-7f7c-43f8-ab7f-1270e7b4b411,8de4d78c-0be0-4f3d-992b-cb843c0791a3,72d98ef2-1157-4ac4-b160-3c251f8af2a9,Fellow Alumni,3,"Technology and Gaming: Video gaming (console gaming, PC gaming)",2025-08-30 16:04:19,2025-11-27 10:31:13.240475,true
330c6f93-0ba1-4821-8280-25bd578e072d,1c3f17f6-ac30-469f-9367-c99c428bf6d7,3bc42d1e-d7a7-467b-9657-4ba80a9435c8,Family - first level,9,"Creative Arts: Painting (oil painting, watercolor, acrylics)",2025-08-30 16:04:19,2025-11-27 10:31:13.240475,true
331457ea-f8ed-4c13-8d6f-e78a62f1f42f,90bf88f2-60fe-4741-96f2-8cd728291276,c5496821-6d6a-4413-9943-a7b5cd2d9d28,Fellow Speaker,3,"Creative Arts: Painting (oil painting, watercolor, acrylics)",2025-08-30 16:04:19,2025-11-27 10:31:13.240475,true
33b77693-a1f8-4bed-a134-02d78bfb60bd,304ef720-bd8d-4b8a-885d-a2b4fe8b1fed,982e344f-5a30-4708-86f3-90cdfc18858a,Student/teacher,8,"Reading and Literature: Poetry and poetic forms (haiku, sonnets, free verse)",2025-08-30 16:04:19,2025-11-27 10:31:13.240475,true
33e25ce5-2fe0-4271-ae6a-4ffe864b1c23,ef3f7d85-b2db-4966-9582-4acc95f72719,2dda8be8-0ac6-4ff2-ad09-fcbc3fbf92f2,Fellow Committee Member,5,"Creative Arts: Painting (oil painting, watercolor, acrylics)",2025-08-30 16:04:19,2025-11-27 10:31:13.240475,true
33f712e7-9539-465e-9a41-338a2a46d7fb,e58267b4-95c5-4914-9b71-fb3749f8ad75,8e477cf9-508b-4b37-ad9f-dbd5a590edb8,Friends with,6,Health and Wellness: Yoga retreats and wellness tourism,2025-08-30 16:04:19,2025-11-27 10:31:13.240475,true
34708d76-0f75-435c-8e54-9da6db947622,f0ecbee4-58b9-416c-bad3-7d699e4f9b65,a1324167-56ea-41a4-9a19-053bdb057d12,Business Partner,9,"Reading and Literature: Poetry and poetic forms (haiku, sonnets, free verse)",2025-08-30 16:04:19,2025-11-27 10:31:13.240475,true
348ec4b5-7690-4245-a197-0835e4c38c9b,cbf5fb99-7c6d-49b3-bcc7-08b025dfa0d1,784976b4-a654-4f49-8337-4c8d4115eb10,Reported to,9,Cooking and Baking: Culinary arts and gourmet cooking,2025-08-30 16:04:19,2025-11-27 10:31:13.240475,true
34a06c6f-c63e-4b9f-bdfb-2ded4d479de3,8a3c4bf8-c292-4711-9331-b35221ad3629,05d13956-e1a5-4ff8-9204-2af2f626d2e7,Collaborated with,8,"Creative Arts: Painting (oil painting, watercolor, acrylics)",2025-08-30 16:04:19,2025-11-27 10:31:13.240475,true
34fef51c-2862-4fe5-9669-a0cb7d58c071,887d628b-af3a-4f0b-9509-ea82444bcab8,e50c537a-a003-451b-ab4d-ca47db4efc55,Co-worker/Colleague,6,Cooking and Baking: Culinary arts and gourmet cooking,2025-08-30 16:04:19,2025-11-27 10:31:13.240475,true
35e3c5dd-fa33-4a47-8aa8-2d0465582e33,36275826-41cf-44cb-a0a5-ad501e31e781,de8b37f5-5829-444d-9f3f-53a893f1481f,Fellow Speaker,3,Travel and Exploration: Visiting new countries and cultures,2025-08-30 16:04:19,2025-11-27 10:31:13.240475,true
36c984e7-76aa-46ab-8753-176f266d1756,5a54bd5e-bc08-4852-befc-cff0f7c2d3f9,49032342-3eaf-4285-bf1e-69a4aeb4322a,Family - extended,5,"Technology and Gaming: Video gaming (console gaming, PC gaming)",2025-08-30 16:04:19,2025-11-27 10:31:13.240475,true
36dd7aa7-ac13-4292-853d-21158e67310e,73320fcd-d6ec-4938-b84c-6546e5e1353e,8858b229-f760-4d8a-9eb4-7ebe943d5a48,Family - first level,9,"Reading and Literature: Poetry and poetic forms (haiku, sonnets, free verse)",2025-08-30 16:04:19,2025-11-27 10:31:13.240475,true
374b635b-7321-4e3c-982c-65acea0ad117,045eb9b0-29b3-4ba5-988a-6b04237c9875,bd0fa4bd-f1fb-47a4-ba95-a5c46309e613,Fellow Alumni,3,"Technology and Gaming: Video gaming (console gaming, PC gaming)",2025-08-30 16:04:19,2025-11-27 10:31:13.240475,true
382d60ed-f879-41e5-ad62-53a75df190f3,f4fae78e-c1da-45eb-9dbb-b82747ab2ed2,3da61d27-cea9-4a4c-9c46-ba96abaa926e,Fellow Speaker,3,Travel and Exploration: Backpacking and adventure travel,2025-08-30 16:04:19,2025-11-27 10:31:13.240475,true
39193c4e-ee58-439d-abe2-4725ab6b6cc7,1c3f17f6-ac30-469f-9367-c99c428bf6d7,c7c73f51-10f9-4b5b-a045-d8e47a0912d8,Business Partner,9,Travel and Exploration: Backpacking and adventure travel,2025-08-30 16:04:19,2025-11-27 10:31:13.240475,true
3a01a05f-9bfc-4158-b485-e0cc58a66294,7d6eb8e1-f8cb-43e2-b6ee-c5f2fb5a27c9,34220f8f-3c17-45d1-8c72-88ae381a6de8,Student/teacher,8,"Reading and Literature: Poetry and poetic forms (haiku, sonnets, free verse)",2025-08-30 16:04:19,2025-11-27 10:31:13.240475,true
3aa121c4-3e84-44d8-bdae-e504d7e921e1,a04748ac-7581-436f-9f83-74e49b93ee6b,acaa7e5e-d908-4641-8239-af6edfa02d9d,Fellow Board Member,8,"Outdoor Activities: Camping (tent camping, RV camping)",2025-08-30 16:04:19,2025-11-27 10:31:13.240475,true
3b0dcce1-8635-4684-934f-fa41a77fbe09,c88b5fdd-4fa9-4821-a021-a9a305ae1056,23b0d32b-f83d-474b-8315-2f9935e246df,Advisor/Advisee,7,"Outdoor Activities: Camping (tent camping, RV camping)",2025-08-30 16:04:19,2025-11-27 10:31:13.240475,true
3b786a9f-deba-4a67-8ce8-883c3c9e9a48,7e10f7e5-da7f-48f5-8126-aec6b0490c72,7e02fa63-f7b6-4dda-806f-31c36408b74f,Friends with,6,"Outdoor Activities: Camping (tent camping, RV camping)",2025-08-30 16:04:19,2025-11-27 10:31:13.240475,true
3bda764c-156c-4208-a1d2-bc03b7dc58a5,6483b977-3196-4078-b5e0-d231fd771360,e59b3347-c2d5-4419-a24a-ebd2344e68df,Fellow Committee Member,5,"Creative Arts: Painting (oil painting, watercolor, acrylics)",2025-08-30 16:04:19,2025-11-27 10:31:13.240475,true
3be3322c-9049-4f8e-b501-dd6c8d0036f3,f6665e77-194c-49aa-8f75-35ba4a94b23b,49032342-3eaf-4285-bf1e-69a4aeb4322a,Co-worker/Colleague,6,Health and Wellness: Yoga retreats and wellness tourism,2025-08-30 16:04:19,2025-11-27 10:31:13.240475,true
3bfb4faa-cddf-493f-9b12-50784c644954,17fcb4d5-de08-45fa-89ce-306ea8a52b47,fea77886-b50b-438e-b24a-8be62172d203,Co-founder,9,Travel and Exploration: Backpacking and adventure travel,2025-08-30 16:04:19,2025-11-27 10:31:13.240475,true
3caa6779-3c84-4046-9477-fdd669f2bfa8,0c1def4f-0e4a-4e55-9f28-1d92864f3588,a5576e2e-c773-4037-acc7-f1331577a7a5,Co-worker/Colleague,6,Cooking and Baking: Culinary arts and gourmet cooking,2025-08-30 16:04:19,2025-11-27 10:31:13.240475,true
3d000801-6112-4a8e-9650-f94cc1f5a5da,2728c27d-cbf1-44ca-bf92-b64c1d18f4fa,ecd9df79-22a9-416c-a3b7-5a207ccb2e4f,Student/teacher,8,Travel and Exploration: Visiting new countries and cultures,2025-08-30 16:04:19,2025-11-27 10:31:13.240475,true
3e135488-9627-4bc6-9bad-587020669527,beba6d77-2746-44cb-9115-442af30be195,8a3b698c-2952-4b72-ad0f-49e7b72a3d95,Student/teacher,8,Health and Wellness: Yoga retreats and wellness tourism,2025-08-30 16:04:19,2025-11-27 10:31:13.240475,true
3e1a9494-db10-453d-9d04-6f9079a14205,55d8a61e-b644-4f40-87a5-d227b95c8e8b,f7b53c95-8860-41c7-9311-f82c3ca9a3db,Fellow Board Member,8,Cooking and Baking: Culinary arts and gourmet cooking,2025-08-30 16:04:19,2025-11-27 10:31:13.240475,true
3e2a583b-2a3e-48aa-a4ca-e0bbeee6a29e,83c1369f-4cc0-4d6b-9ec5-85520c4b2229,8a54bd0b-54e1-41ff-8e15-d7b7b38b8a97,Friends with,6,"Outdoor Activities: Camping (tent camping, RV camping)",2025-08-30 16:04:19,2025-11-27 10:31:13.240475,true
3e4b467d-5f78-406d-907c-258c636bbc2d,0f2f6fd3-e4c0-4fab-baf3-2ea6f019c464,5087d838-7069-4676-80de-9914fee3eb7f,Reported to,9,Travel and Exploration: Visiting new countries and cultures,2025-08-30 16:04:19,2025-11-27 10:31:13.240475,true
3e5259cf-84f7-4377-b3cf-8dbfbf0868c7,49805db7-1eb3-428c-8892-a7e70d6bc9c4,1a9c2063-77e6-4681-b33b-dc32fed47752,Fellow Alumni,3,"Reading and Literature: Poetry and poetic forms (haiku, sonnets, free verse)",2025-08-30 16:04:19,2025-11-27 10:31:13.240475,true
3f383144-0a5d-4bfe-9e01-bdc54de4c898,687e95e6-db48-4bab-b82f-db95f54f9500,3292cb01-0f37-45fa-87c5-c4077a323754,Friends with,6,"Technology and Gaming: Video gaming (console gaming, PC gaming)",2025-08-30 16:04:19,2025-11-27 10:31:13.240475,true
3f7325d6-b2cd-49c4-9e7b-825ea32c728b,92a42e42-8ed9-4e46-9ef4-09f9d7059faa,d0a73205-fd69-4997-8000-3e901219b4f2,Collaborated with,8,"Technology and Gaming: Video gaming (console gaming, PC gaming)",2025-08-30 16:04:19,2025-11-27 10:31:13.240475,true
40a98983-9e0c-46f0-86a9-1963e5f2dd76,4a881899-37f1-430c-93fb-b40ad86c5965,beb5338f-997d-4081-936c-a3148fd07e5c,Business Partner,9,Travel and Exploration: Visiting new countries and cultures,2025-08-30 16:04:19,2025-11-27 10:31:13.240475,true
40e5d810-c777-4541-a41d-4c9dde298ea8,1200df2c-d983-4f3c-869c-b1968f83bf72,5ab17456-cc3d-456c-85a4-012e9d2ed334,Fellow Board Member,8,"Technology and Gaming: Video gaming (console gaming, PC gaming)",2025-08-30 16:04:19,2025-11-27 10:31:13.240475,true
416d7c4e-9110-41e2-b713-09c2944d9cd9,f709a7dc-bcba-4745-9d4f-e22245837843,d3c6532f-c6a0-4e10-b8e6-f6f5979ae7de,Student/teacher,8,"Creative Arts: Painting (oil painting, watercolor, acrylics)",2025-08-30 16:04:19,2025-11-27 10:31:13.240475,true
41742acd-6020-4a41-8c81-be68cec47307,a27f0096-a6ec-4db7-a0b6-231e95621a95,c5496821-6d6a-4413-9943-a7b5cd2d9d28,Co-worker/Colleague,6,Cooking and Baking: Culinary arts and gourmet cooking,2025-08-30 16:04:19,2025-11-27 10:31:13.240475,true
418b1f61-f1ea-4615-89b7-e44d00c98c99,34f80897-2080-46d9-a7a3-2bcdcaa37d89,b2111976-8e3c-4d39-809c-b5937acdd146,Advisor/Advisee,7,"Reading and Literature: Poetry and poetic forms (haiku, sonnets, free verse)",2025-08-30 16:04:19,2025-11-27 10:31:13.240475,true
4212462c-b272-4944-bac0-1b7d47955b96,2dd1b902-b67e-4c39-8890-535aa0f412d6,f3a39504-8527-4542-a22c-fef10550dcb4,Co-founder,9,Cooking and Baking: Culinary arts and gourmet cooking,2025-08-30 16:04:19,2025-11-27 10:31:13.240475,true
4288d225-5b0e-4a39-a474-8836a1e83f74,05d13956-e1a5-4ff8-9204-2af2f626d2e7,450e5816-4a0c-49b2-a8d5-ffeabe1ac073,Student/teacher,8,"Reading and Literature: Poetry and poetic forms (haiku, sonnets, free verse)",2025-08-30 16:04:19,2025-11-27 10:31:13.240475,true
428facf2-0dd3-4c02-84a6-00b3e2f5e1b1,189d3a9d-4aef-43b3-b840-7e6f23e3cdd2,6600e210-ea7b-4568-b135-4ccb8403d3ac,Family - first level,9,"Outdoor Activities: Camping (tent camping, RV camping)",2025-08-30 16:04:19,2025-11-27 10:31:13.240475,true
42bdccf0-551e-4915-be6f-a7b5d2f35e98,0b309f63-fa38-40af-a7df-3c4200a4aaa7,6f1c9da4-81d9-4cca-9a8d-8720938c9b80,Fellow Alumni,3,"Creative Arts: Painting (oil painting, watercolor, acrylics)",2025-08-30 16:04:19,2025-11-27 10:31:13.240475,true
439befae-6532-496c-93eb-f68d53b4a47f,510a83d0-c7ae-437f-a9bb-4f4ced75ab2b,ccc54d79-fa45-4eca-af0a-b54933ad9e9f,Fellow Board Member,8,"Creative Arts: Painting (oil painting, watercolor, acrylics)",2025-08-30 16:04:19,2025-11-27 10:31:13.240475,true
43f3ec77-e33d-4259-b2d7-e358fdafc8fe,05620726-05e5-446e-b6f7-2ab3ba04c8af,f4857e78-ad41-427f-ac62-e03e90988960,Co-worker/Colleague,6,"Technology and Gaming: Video gaming (console gaming, PC gaming)",2025-08-30 16:04:19,2025-11-27 10:31:13.240475,true
43f6c895-80ee-4049-858f-fb03e829d8bf,a91c7a41-981c-4ee3-ac0f-45a5e6740ed1,b06e9c18-2542-496f-a9ff-3cd3131a766f,Family - first level,9,Travel and Exploration: Visiting new countries and cultures,2025-08-30 16:04:19,2025-11-27 10:31:13.240475,true
44b09b16-ef54-4d3b-ab98-4344ec92cdaf,211c5f89-4b95-4b07-8f1b-1abfffbe992d,b06e9c18-2542-496f-a9ff-3cd3131a766f,Collaborated with,8,Health and Wellness: Yoga retreats and wellness tourism,2025-08-30 16:04:19,2025-11-27 10:31:13.240475,true
457bf509-af1b-44e7-9054-b84d93f28c54,99d27ff8-de63-4e35-9bc9-6b84074e871f,6402defd-144b-45fb-a5cc-8ff168b4db9a,Friends with,6,"Reading and Literature: Poetry and poetic forms (haiku, sonnets, free verse)",2025-08-30 16:04:19,2025-11-27 10:31:13.240475,true
45e48c81-a1a2-4af1-a181-a7d73e27006a,5bf1d4e8-8915-43ad-b403-43b982f7a0de,70e4a70d-9c73-4cd1-8bb9-88217c4b214e,Fellow Board Member,8,"Reading and Literature: Poetry and poetic forms (haiku, sonnets, free verse)",2025-08-30 16:04:19,2025-11-27 10:31:13.240475,true
4604f4f9-2f3d-4fd5-8c50-b0f37fe79143,6d8ddc47-9cb4-4e5b-9050-8080dcf910de,4f3bfcce-c376-4bcb-a8d2-be5c1f7742d7,Business Partner,9,"Creative Arts: Painting (oil painting, watercolor, acrylics)",2025-08-30 16:04:19,2025-11-27 10:31:13.240475,true
4613695b-fd64-4df4-a90f-45e88b72372c,e068b776-b700-4080-986d-1f25efed62c8,f4686e78-cc16-4208-b09d-a41524ece694,Fellow Speaker,3,Travel and Exploration: Backpacking and adventure travel,2025-08-30 16:04:19,2025-11-27 10:31:13.240475,true
463fe036-c644-434e-b069-1c435d320c57,a310ee6a-1f7a-4d8a-b2bc-e266c9e14e7e,d0e6fa56-051e-4576-8cf5-a19aa928773d,Collaborated with,8,Travel and Exploration: Backpacking and adventure travel,2025-08-30 16:04:19,2025-11-27 10:31:13.240475,true
465b0049-86eb-420a-95fc-53a19cc9e82a,461b829a-5f6d-4b51-bbd4-2f2cd68ff9a7,6de69601-efe5-48d8-bb80-ed5bd67d90d0,Family - extended,5,"Creative Arts: Painting (oil painting, watercolor, acrylics)",2025-08-30 16:04:19,2025-11-27 10:31:13.240475,true
4699c27c-b223-4f93-8e98-80c8c97bcbfb,4c17b6f5-d033-4b76-9cc2-77ac4c0f7b3c,8bb50e64-319d-4ba4-a083-1ab8ab321e1a,Business Partner,9,"Reading and Literature: Poetry and poetic forms (haiku, sonnets, free verse)",2025-08-30 16:04:19,2025-11-27 10:31:13.240475,true
47180cc9-a2d4-43d8-baf8-c053339bc0e4,b34f4a4c-0b31-4f00-bc67-19d20a92eede,8bb50e64-319d-4ba4-a083-1ab8ab321e1a,Business Partner,9,Cooking and Baking: Culinary arts and gourmet cooking,2025-08-30 16:04:19,2025-11-27 10:31:13.240475,true
47572bb8-91b7-40bf-b6a8-3fd1cb8463ec,f167f4bb-71bc-49bf-9a92-5c6becf67f52,5842e994-9a95-4b66-94e1-02fac0214bfa,Co-founder,9,Health and Wellness: Yoga retreats and wellness tourism,2025-08-30 16:04:19,2025-11-27 10:31:13.240475,true
482309d2-c99a-450a-8953-f4bf69a31304,59f5c052-5630-48f4-9622-ccbf22bcb00d,a04748ac-7581-436f-9f83-74e49b93ee6b,Fellow Speaker,3,"Creative Arts: Painting (oil painting, watercolor, acrylics)",2025-08-30 16:04:19,2025-11-27 10:31:13.240475,true
486e8fc4-fc85-4d0c-90b8-a0f122714560,3a5943b0-df83-430f-a8eb-0bf14a45091d,a5576e2e-c773-4037-acc7-f1331577a7a5,Advisor/Advisee,7,"Outdoor Activities: Camping (tent camping, RV camping)",2025-08-30 16:04:19,2025-11-27 10:31:13.240475,true
487429cb-84ff-4c2b-82b4-17da1131cde1,d15ec2a6-f8e0-4eb0-983e-57f3f54bd6ba,7b1611a8-fac3-47e1-8a59-d329d58504f1,Fellow Board Member,8,"Technology and Gaming: Video gaming (console gaming, PC gaming)",2025-08-30 16:04:19,2025-11-27 10:31:13.240475,true
487bd341-e702-4377-94ae-30bc348159ea,befa5b7f-8fa5-462b-afc3-3dba0e8000c9,f06a84ef-14a5-498b-8981-64c372698332,Fellow Committee Member,5,"Creative Arts: Painting (oil painting, watercolor, acrylics)",2025-08-30 16:04:19,2025-11-27 10:31:13.240475,true
4902691e-d0b6-4f54-8c9c-6950156eccee,f0ecbee4-58b9-416c-bad3-7d699e4f9b65,7f91ada6-c58d-47bf-9f45-940282f6a292,Advisor/Advisee,7,Travel and Exploration: Visiting new countries and cultures,2025-08-30 16:04:19,2025-11-27 10:31:13.240475,true
4935d145-c19c-49da-98c5-96a313f6ef5e,4bede622-30f7-4617-87e9-7aba51a7748d,d2764fe8-5967-406c-a912-b4cd6f940c3b,Mentor/Mentee,8,"Creative Arts: Painting (oil painting, watercolor, acrylics)",2025-08-30 16:04:19,2025-11-27 10:31:13.240475,true
4af7e042-a207-414e-b071-9e87aa08a284,b31f113b-afdd-4355-b447-64da974445a1,177d7144-f619-4b7f-a4ee-0ba709093065,Advisor/Advisee,7,Cooking and Baking: Culinary arts and gourmet cooking,2025-08-30 16:04:19,2025-11-27 10:31:13.240475,true
4b0ce84d-579c-46a4-b08e-1596580b90d9,19b5b86e-e459-4ee5-9be3-1e07fd2ff7b6,3b024fb9-9c8b-47fb-b2bf-b0b21071c8b2,Reported to,9,Cooking and Baking: Culinary arts and gourmet cooking,2025-08-30 16:04:19,2025-11-27 10:31:13.240475,true
4b4ad1eb-60ed-48bd-aa88-6e3e80da0f06,8acb0c3b-3f1d-4cf0-a8c7-317439539b2d,b6e5979f-6ed6-4e33-a50f-981a7637b212,Co-worker/Colleague,6,"Reading and Literature: Poetry and poetic forms (haiku, sonnets, free verse)",2025-08-30 16:04:19,2025-11-27 10:31:13.240475,true
4b974dee-c6f4-478a-912f-f8f70503fb6a,cc482931-609d-48ae-9eff-a73c58fa2e37,b2111976-8e3c-4d39-809c-b5937acdd146,Fellow Speaker,3,"Creative Arts: Painting (oil painting, watercolor, acrylics)",2025-08-30 16:04:19,2025-11-27 10:31:13.240475,true
4ba10ad0-20b8-4c08-9c9e-bb6cf307a85c,d898f586-4baf-408f-9d0f-ad860993e6af,96238e52-c177-4aab-9c6e-d1ca3c9afd54,Reported to,9,"Creative Arts: Painting (oil painting, watercolor, acrylics)",2025-08-30 16:04:19,2025-11-27 10:31:13.240475,true
4c1eec1e-0762-4efd-92a6-b085613f3c1c,dad66b35-abae-4363-b38b-b84e0bf7e086,80247eda-f93e-44d1-8627-37839835db21,Fellow Speaker,3,Health and Wellness: Yoga retreats and wellness tourism,2025-08-30 16:04:19,2025-11-27 10:31:13.240475,true
4c25d50d-a054-4964-967c-6ca2d35c965a,934aa4c3-dcb3-4fae-a0a2-9e0546f840ee,c36f0ef4-9639-4852-a94b-849c94e30893,Business Partner,9,"Technology and Gaming: Video gaming (console gaming, PC gaming)",2025-08-30 16:04:19,2025-11-27 10:31:13.240475,true
4d123a42-7fb6-4271-9379-d2e49800512a,696fb37e-34c1-499c-8113-aca8f90dd352,4037c715-6506-4bde-91c8-d85fd5dd6093,Co-author,7,Travel and Exploration: Visiting new countries and cultures,2025-08-30 16:04:19,2025-11-27 10:31:13.240475,true
4d3b8138-e4a3-4b28-a9f1-1ce36ef6074a,26df100c-4551-4ba1-8bc3-6011a43d5880,dd601c90-61fb-419a-b070-bd0c79ee5895,Fellow Alumni,3,Cooking and Baking: Culinary arts and gourmet cooking,2025-08-30 16:04:19,2025-11-27 10:31:13.240475,true
4e99464d-7081-4099-962b-c4351082fc6e,79ce593e-4858-4ec1-b3c9-05661e25d4eb,d8ae0379-4d80-45dd-ab48-24821b0a24ec,Family - extended,5,Health and Wellness: Yoga retreats and wellness tourism,2025-08-30 16:04:19,2025-11-27 10:31:13.240475,true
4fa34cbd-b12a-4720-9a17-b37b5a93a5d7,83001ffc-8384-426a-bbd0-0a70d63e2bba,dd4dd762-8340-4723-aa99-89fbd89d0bcf,Friends with,6,Travel and Exploration: Backpacking and adventure travel,2025-08-30 16:04:19,2025-11-27 10:31:13.240475,true
4fa8e8cd-dc3e-4884-9d6c-fc2eb8410fba,1ddf3108-4cbb-47d6-bd6c-eba7931a856d,57b62f77-e1e4-47d5-b41e-bf776ff8b59c,Fellow Committee Member,5,"Outdoor Activities: Camping (tent camping, RV camping)",2025-08-30 16:04:19,2025-11-27 10:31:13.240475,true
4fac88af-651a-4362-a451-7806785765d3,fb898339-208e-486c-aa32-5974b47b3f6e,1b034431-e502-4c31-ba6a-1df051e09b3c,Student/teacher,8,"Reading and Literature: Poetry and poetic forms (haiku, sonnets, free verse)",2025-08-30 16:04:19,2025-11-27 10:31:13.240475,true
5027649f-b815-485c-8078-fe482117e568,0fc55c9f-d71c-4922-8adc-3fd2854bc142,ccc54d79-fa45-4eca-af0a-b54933ad9e9f,Mentor/Mentee,8,"Reading and Literature: Poetry and poetic forms (haiku, sonnets, free verse)",2025-08-30 16:04:19,2025-11-27 10:31:13.240475,true
50a8526e-d858-4609-a983-348891b516ad,2df1ebef-9b9d-4b82-bfd9-aa7ee83e84e0,498e29e4-8ff9-455e-9d07-cafab0c11403,Family - first level,9,"Creative Arts: Painting (oil painting, watercolor, acrylics)",2025-08-30 16:04:19,2025-11-27 10:31:13.240475,true
51c8aa9a-92d0-4691-a756-49f69fe8cf4a,f5356944-e5fe-4c30-8c7b-5fafae4ebd50,fc2976d6-4ed8-4f3c-973f-ca00b2794b52,Student/teacher,8,Cooking and Baking: Culinary arts and gourmet cooking,2025-08-30 16:04:19,2025-11-27 10:31:13.240475,true
52ab2d7d-90c6-4027-bb2f-fab494fe49ee,aca37f3b-c4c8-46ca-b827-c0c282e44451,405975b3-353c-48f0-aa5e-78c05664b514,Co-worker/Colleague,6,"Creative Arts: Painting (oil painting, watercolor, acrylics)",2025-08-30 16:04:19,2025-11-27 10:31:13.240475,true
52c159b8-12c4-49b3-9ee2-e1547694b4a7,aaaa5064-6b5a-48c5-92d6-420bb08ed13b,60ad3b01-6542-4e4e-b715-36d7cc9539ae,Fellow Speaker,3,Travel and Exploration: Backpacking and adventure travel,2025-08-30 16:04:19,2025-11-27 10:31:13.240475,true
52e8f20f-a441-4059-86f3-ccdf0e01df2a,c20542b0-a3d2-45ca-a121-f6296ef5ae6a,ecd9df79-22a9-416c-a3b7-5a207ccb2e4f,Family - extended,5,Travel and Exploration: Visiting new countries and cultures,2025-08-30 16:04:19,2025-11-27 10:31:13.240475,true
531a98ad-cdcd-4504-8d3e-c96c53c3b2d1,19b5c6a3-a4b3-4719-9e86-ce8247452e4e,3fd5da33-92af-46c6-a4e8-4d9b76079863,Mentor/Mentee,8,"Outdoor Activities: Camping (tent camping, RV camping)",2025-08-30 16:04:19,2025-11-27 10:31:13.240475,true
539aaa40-a156-4791-b89a-5b5f23b04b3b,eb87508b-f4b7-471c-a18d-013d8779f1a9,60ad3b01-6542-4e4e-b715-36d7cc9539ae,Fellow Board Member,8,Health and Wellness: Yoga retreats and wellness tourism,2025-08-30 16:04:19,2025-11-27 10:31:13.240475,true
539db844-5de8-4ca4-8eaf-f4b1bf11171a,528f83b2-0449-4474-bfb9-8e193c4383f0,e45038f7-784f-4e04-a167-9755f22dd960,Business Partner,9,Cooking and Baking: Culinary arts and gourmet cooking,2025-08-30 16:04:19,2025-11-27 10:31:13.240475,true
53b327a0-40ca-4655-9147-ee1949430a04,d0a73205-fd69-4997-8000-3e901219b4f2,f4857e78-ad41-427f-ac62-e03e90988960,Co-author,7,"Creative Arts: Painting (oil painting, watercolor, acrylics)",2025-08-30 16:04:19,2025-11-27 10:31:13.240475,true
53b8a4b4-abc3-40f9-85b0-2458c98a0593,7610d3ae-7730-456e-bb12-37af3a444062,29c2749a-66d4-4d16-9961-cdb8bb8fcb6e,Fellow Committee Member,5,"Technology and Gaming: Video gaming (console gaming, PC gaming)",2025-08-30 16:04:19,2025-11-27 10:31:13.240475,true
540d8d38-5258-4f55-8976-2dd589e2d594,0be5c044-3228-4950-aeeb-275ac2ccba31,1207e494-171a-43c8-ab47-25e2a7c147b8,Advisor/Advisee,7,Health and Wellness: Yoga retreats and wellness tourism,2025-08-30 16:04:19,2025-11-27 10:31:13.240475,true
5456209e-8c65-41d0-854c-d684df550e77,ec7c6f18-5e97-4fb1-baa9-fec7bbfb696f,fe6a80eb-7747-41f2-9494-461250dfa1f0,Friends with,6,Travel and Exploration: Visiting new countries and cultures,2025-08-30 16:04:19,2025-11-27 10:31:13.240475,true
55eb85ed-be3f-4f9e-983f-e8b0ee02739f,ad830383-f01e-4a70-aec9-f15b6569ff09,960f3e70-f522-4d2f-bc1f-522024b2a84f,Business Partner,9,Health and Wellness: Yoga retreats and wellness tourism,2025-08-30 16:04:19,2025-11-27 10:31:13.240475,true
55fceb5d-935c-4530-9ac3-8ac17005126a,777776ff-ba1d-48a6-b706-9bbc05c22efd,8f04dc00-46df-4c2a-a801-d3060f7a275b,Fellow Board Member,8,"Technology and Gaming: Video gaming (console gaming, PC gaming)",2025-08-30 16:04:19,2025-11-27 10:31:13.240475,true
5612114c-13cd-4092-ad11-90bc6cd1e723,ee9b6c05-9376-4f00-8ab2-ac02b89a65fe,6402defd-144b-45fb-a5cc-8ff168b4db9a,Fellow Alumni,3,"Creative Arts: Painting (oil painting, watercolor, acrylics)",2025-08-30 16:04:19,2025-11-27 10:31:13.240475,true
567926c6-ccae-4ef8-a004-771c231becd4,239fb45d-d42a-4bf3-8e86-79d3e552684f,fd9f18be-ebde-4b56-8e47-e692f93c65c3,Friends with,6,Travel and Exploration: Backpacking and adventure travel,2025-08-30 16:04:19,2025-11-27 10:31:13.240475,true
5679d3e2-3459-41de-bbdd-8fa103d99c3b,d29a96f2-364d-4b9e-8ada-4fb12f6cb77b,a58bd549-cf1b-44b5-afc1-81d961be3177,Fellow Speaker,3,"Reading and Literature: Poetry and poetic forms (haiku, sonnets, free verse)",2025-08-30 16:04:19,2025-11-27 10:31:13.240475,true
56dcc5db-3c77-4b5d-b996-69fe2da24ad0,d5a1fc01-bce8-45a1-8854-506d52f03035,a04748ac-7581-436f-9f83-74e49b93ee6b,Collaborated with,8,"Technology and Gaming: Video gaming (console gaming, PC gaming)",2025-08-30 16:04:19,2025-11-27 10:31:13.240475,true
57492b06-b044-46bd-9e20-291658f4cda7,a6b11b13-a4aa-4d35-8da3-0966a4d0c45b,1e312448-db61-4f83-8dd8-88ba89650197,Co-worker/Colleague,6,Travel and Exploration: Backpacking and adventure travel,2025-08-30 16:04:19,2025-11-27 10:31:13.240475,true
5772df59-ca0c-4355-9856-3f8a82a02216,e6026991-342a-4a96-8aa2-18f1088190d1,ab21b441-6a1f-4c12-b96c-1601d6774fc2,Fellow Board Member,8,"Creative Arts: Painting (oil painting, watercolor, acrylics)",2025-08-30 16:04:19,2025-11-27 10:31:13.240475,true
57a9829d-a236-468f-ae31-28d51bb15300,ef4a5283-c71a-4937-9056-65c6cca2d956,2dda8be8-0ac6-4ff2-ad09-fcbc3fbf92f2,Fellow Board Member,8,"Creative Arts: Painting (oil painting, watercolor, acrylics)",2025-08-30 16:04:19,2025-11-27 10:31:13.240475,true
57f4c48b-72c8-46a2-82cd-a0c97499bb43,3d499e2f-dbdb-4a38-baf2-5d911d0adb2a,57b62f77-e1e4-47d5-b41e-bf776ff8b59c,Student/teacher,8,Health and Wellness: Yoga retreats and wellness tourism,2025-08-30 16:04:19,2025-11-27 10:31:13.240475,true
58f9f10f-7a5d-4678-8081-aeffd21b1d4e,583ff1e7-c07b-44f2-acb5-d23266975d81,c382a45a-acd9-497d-bfe5-1d12336590c8,Family - extended,5,Travel and Exploration: Backpacking and adventure travel,2025-08-30 16:04:19,2025-11-27 10:31:13.240475,true
5949d195-4943-4295-b5ed-6c216789b905,9c725bba-b698-4cd0-82b0-e7380d9e7759,65d3d040-2a09-4e55-907d-f4e05106e7ac,Advisor/Advisee,7,Cooking and Baking: Culinary arts and gourmet cooking,2025-08-30 16:04:19,2025-11-27 10:31:13.240475,true
5957973e-7411-4824-8292-030268a5757d,9fc6b3f9-0089-4d57-9f50-90407f10ec84,4dd1701c-060e-446c-815d-bb496dbac2cf,Fellow Alumni,3,Travel and Exploration: Visiting new countries and cultures,2025-08-30 16:04:19,2025-11-27 10:31:13.240475,true
597f70c8-c452-4e5e-9e81-bc19adcd8fee,661affd1-8a31-40e0-af92-24e9ea75dbd3,78e7527f-d85a-4433-87e1-59448d3f1c44,Co-founder,9,"Reading and Literature: Poetry and poetic forms (haiku, sonnets, free verse)",2025-08-30 16:04:19,2025-11-27 10:31:13.240475,true
5a664146-f247-4007-8287-b4214fb2750a,b69cb89c-384e-41e2-8caa-30a597f1c06e,8858b229-f760-4d8a-9eb4-7ebe943d5a48,Family - first level,9,"Reading and Literature: Poetry and poetic forms (haiku, sonnets, free verse)",2025-08-30 16:04:19,2025-11-27 10:31:13.240475,true
5a982bd6-b549-4712-9008-da13d090996a,17efca01-b251-4116-af78-e8b0f105c5d6,960f3e70-f522-4d2f-bc1f-522024b2a84f,Advisor/Advisee,7,Health and Wellness: Yoga retreats and wellness tourism,2025-08-30 16:04:19,2025-11-27 10:31:13.240475,true
5a9fc656-a5a4-489c-ba6a-f94ebb9b89d6,cbc604d8-d1cd-414f-b43c-a207b27ba22c,044b5b1b-62da-4416-aafe-25ea04e084d8,Family - first level,9,Travel and Exploration: Visiting new countries and cultures,2025-08-30 16:04:19,2025-11-27 10:31:13.240475,true
5ae9a470-697b-488f-a430-f7c75ae22280,38fe4ce3-ed76-4a64-9653-af4c4923316f,4dd1701c-060e-446c-815d-bb496dbac2cf,Family - extended,5,Travel and Exploration: Visiting new countries and cultures,2025-08-30 16:04:19,2025-11-27 10:31:13.240475,true
5b0ad822-130f-4731-b74a-943b27a44c81,38084d37-2d0d-4acd-9da9-d371f32c6b1b,72d98ef2-1157-4ac4-b160-3c251f8af2a9,Fellow Board Member,8,"Creative Arts: Painting (oil painting, watercolor, acrylics)",2025-08-30 16:04:19,2025-11-27 10:31:13.240475,true
5b1fd9ad-dce2-49f3-a7f9-db8fa9b5b546,672893de-206f-4505-b474-4362911ef257,6f1c9da4-81d9-4cca-9a8d-8720938c9b80,Student/teacher,8,"Reading and Literature: Poetry and poetic forms (haiku, sonnets, free verse)",2025-08-30 16:04:19,2025-11-27 10:31:13.240475,true
5c0bab1e-3de3-42c7-8368-c2568e2fcc0e,a27f0096-a6ec-4db7-a0b6-231e95621a95,e59b3347-c2d5-4419-a24a-ebd2344e68df,Student/teacher,8,Health and Wellness: Yoga retreats and wellness tourism,2025-08-30 16:04:19,2025-11-27 10:31:13.240475,true
5c72c905-006b-4afc-8516-eff5e9895f6c,769f1f98-185a-4d47-b69e-4b033e4d2b3b,91ea5d72-1d40-45c6-a4cb-892ed1484ebe,Advisor/Advisee,7,Health and Wellness: Yoga retreats and wellness tourism,2025-08-30 16:04:19,2025-11-27 10:31:13.240475,true
5e0dffc8-e91a-4959-8d7c-0ffc46922fca,4037c715-6506-4bde-91c8-d85fd5dd6093,498e29e4-8ff9-455e-9d07-cafab0c11403,Fellow Committee Member,5,"Reading and Literature: Poetry and poetic forms (haiku, sonnets, free verse)",2025-08-30 16:04:19,2025-11-27 10:31:13.240475,true
5e187bc5-18e0-41b6-a2ac-2f002079d9ec,9d1a3c93-dfae-4123-b989-8c3ac0e3ecc3,d4984361-7bae-4c1c-aa08-e32a4a3003d6,Fellow Alumni,3,Cooking and Baking: Culinary arts and gourmet cooking,2025-08-30 16:04:19,2025-11-27 10:31:13.240475,true
5e4ce6d8-23ac-433c-babc-636c0518efae,0b2d4489-0c42-4a0c-8861-a46c9a6a0555,735c8f0a-f4c8-47b0-9554-5c4ea7ffe79f,Fellow Alumni,3,Travel and Exploration: Visiting new countries and cultures,2025-08-30 16:04:19,2025-11-27 10:31:13.240475,true
5e5b1495-249e-4517-b3d4-d480f4a51dd6,eecf58ab-27a5-4cda-a068-d13130ba3c2d,7ccb45c1-0263-4057-856d-605ee6cc6bc9,Co-author,7,"Technology and Gaming: Video gaming (console gaming, PC gaming)",2025-08-30 16:04:19,2025-11-27 10:31:13.240475,true
5e6fd01f-82ea-42e2-b171-f1b6ef9bcd6b,6f787969-9846-4090-85e3-9951c3ae4e34,a77c6909-50e7-4309-bfd6-103f5b5e7fd0,Co-author,7,Travel and Exploration: Visiting new countries and cultures,2025-08-30 16:04:19,2025-11-27 10:31:13.240475,true
5e723f30-9b69-4af8-9ffb-03fedd2142ba,d11e0602-7e6f-4cf5-975d-1c6a4fba3bb7,e7736a73-d986-4894-a75d-d7610b8c8e93,Mentor/Mentee,8,Health and Wellness: Yoga retreats and wellness tourism,2025-08-30 16:04:19,2025-11-27 10:31:13.240475,true
5ea37639-62c4-4b9b-a270-a6beb03d7cac,3b92171d-dae9-4b13-8567-c8439b929e43,d934b447-bad2-4be7-beea-784568a2ab04,Fellow Alumni,3,"Technology and Gaming: Video gaming (console gaming, PC gaming)",2025-08-30 16:04:19,2025-11-27 10:31:13.240475,true
5eae2ad8-8933-4d3f-8a6c-35accac1e4c0,b3ce178d-432b-467f-88a2-c5da90e3133b,032be5bb-852d-4ace-a3b4-ec7e72c75126,Family - extended,5,"Creative Arts: Painting (oil painting, watercolor, acrylics)",2025-08-30 16:04:19,2025-11-27 10:31:13.240475,true
608dde41-c287-42f5-8847-600a1afe5854,a5a5bfad-18db-400a-953c-696823222c96,12b56280-ef2d-4753-807c-a9f958c77a2a,Collaborated with,8,"Technology and Gaming: Video gaming (console gaming, PC gaming)",2025-08-30 16:04:19,2025-11-27 10:31:13.240475,true
60f9b778-8743-4d54-9f33-4ec2202e6207,10858d49-8760-4f06-92d3-0238fcb4db53,6994e448-67f5-4eae-8eaf-ad58dc3400d5,Family - first level,9,Health and Wellness: Yoga retreats and wellness tourism,2025-08-30 16:04:19,2025-11-27 10:31:13.240475,true
61b4237d-d1d9-4a58-b629-dbda13ba9573,bcea157f-f45e-442b-ae81-b447e258bf2f,b6e5979f-6ed6-4e33-a50f-981a7637b212,Co-worker/Colleague,6,"Reading and Literature: Poetry and poetic forms (haiku, sonnets, free verse)",2025-08-30 16:04:19,2025-11-27 10:31:13.240475,true
620f0c3f-5c19-451e-a4e6-6f2803eac6fe,ffa95ec2-5546-4bef-b196-cb9cd63820c7,c2929836-84e2-4733-8c65-1035d01c588a,Family - first level,9,"Outdoor Activities: Camping (tent camping, RV camping)",2025-08-30 16:04:19,2025-11-27 10:31:13.240475,true
624bb5db-ace8-4f61-86c0-0ba117556bdc,4d887c2a-ad0c-4840-8cb4-51e7fb1c0dbc,2b4d1634-1bb7-4d56-981b-16b714732f0c,Fellow Board Member,8,"Creative Arts: Painting (oil painting, watercolor, acrylics)",2025-08-30 16:04:19,2025-11-27 10:31:13.240475,true
62cd7a29-c8d1-4962-b0bd-493f0b8c2ee8,2fa75d45-d967-443b-8671-15d8d6d1b658,ab8efba9-e14f-47af-aee3-9c033bd5f70e,Reported to,9,Cooking and Baking: Culinary arts and gourmet cooking,2025-08-30 16:04:19,2025-11-27 10:31:13.240475,true
638178da-16ce-41ab-beee-d6ae0540451f,9d804c3d-a4a4-4dea-940f-60c0d7b74419,f70b88bf-14ab-4d03-968a-4461fa37fd0e,Fellow Board Member,8,"Technology and Gaming: Video gaming (console gaming, PC gaming)",2025-08-30 16:04:19,2025-11-27 10:31:13.240475,true
63897a41-0d28-403f-9b63-935ef45de9e6,6c1b7af1-d7c8-480e-9e0d-7a7c4e37c62e,f4857e78-ad41-427f-ac62-e03e90988960,Fellow Alumni,3,"Technology and Gaming: Video gaming (console gaming, PC gaming)",2025-08-30 16:04:19,2025-11-27 10:31:13.240475,true
63d0e149-7b2b-4ef2-a92c-96476a617441,e0433c78-4d32-46af-9436-c2668a0ac104,b267e252-bc36-4817-ac07-e1f07ce173d4,Family - extended,5,Travel and Exploration: Backpacking and adventure travel,2025-08-30 16:04:19,2025-11-27 10:31:13.240475,true
6467cff2-0cec-4b3a-810a-c16e45d49093,5fb9a25a-eb75-4b6c-a18e-c24256c3cb98,d3c6532f-c6a0-4e10-b8e6-f6f5979ae7de,Fellow Alumni,3,Travel and Exploration: Backpacking and adventure travel,2025-08-30 16:04:19,2025-11-27 10:31:13.240475,true
64b0c6f7-d5ea-4790-a347-abcc0e6bea93,ed00ad05-a679-4a2e-8e56-44a1a01b9363,d4762591-c36b-44cf-a8f6-de5f90a682b9,Business Partner,9,"Creative Arts: Painting (oil painting, watercolor, acrylics)",2025-08-30 16:04:19,2025-11-27 10:31:13.240475,true
64c67dda-9e15-4786-ac26-5047474175da,c7801749-d138-40e7-8599-d921fb78655e,d0e6fa56-051e-4576-8cf5-a19aa928773d,Fellow Speaker,3,Travel and Exploration: Visiting new countries and cultures,2025-08-30 16:04:19,2025-11-27 10:31:13.240475,true
65230ba8-aa20-4e19-9514-dc44fbfa1c1c,8e8a87d1-c3b8-44e7-8867-e2692e02f190,daaa7116-a311-4aed-93b3-500e1302e814,Fellow Board Member,8,"Creative Arts: Painting (oil painting, watercolor, acrylics)",2025-08-30 16:04:19,2025-11-27 10:31:13.240475,true
653a103b-7012-40e0-b13d-be3f45e0f1f3,6522c11f-1206-4ee3-827e-1e0484aa132c,a0bb9600-8861-41ed-a92b-c5e83d88e1ab,Co-worker/Colleague,6,Travel and Exploration: Backpacking and adventure travel,2025-08-30 16:04:19,2025-11-27 10:31:13.240475,true
6542de9b-5998-4bb6-b922-127bab2f9c66,349a2673-773e-4f72-9bf0-5d12812b83c3,e50c537a-a003-451b-ab4d-ca47db4efc55,Co-founder,9,"Reading and Literature: Poetry and poetic forms (haiku, sonnets, free verse)",2025-08-30 16:04:19,2025-11-27 10:31:13.240475,true
65a94a14-4c3e-4a79-a50b-2117e2db1d63,8b8d9716-7635-48b3-ad79-25f8dfee94eb,6402defd-144b-45fb-a5cc-8ff168b4db9a,Mentor/Mentee,8,"Technology and Gaming: Video gaming (console gaming, PC gaming)",2025-08-30 16:04:19,2025-11-27 10:31:13.240475,true
65dacf76-9cc3-4c7c-94ed-3e1b6cab115c,df32676b-ef3d-44dd-8366-fc3671b3baaf,69db4a94-2f02-4689-999c-5300dacf8d61,Business Partner,9,"Creative Arts: Painting (oil painting, watercolor, acrylics)",2025-08-30 16:04:19,2025-11-27 10:31:13.240475,true
664116fa-eeb9-409e-a9cf-b50e073439fa,ef4a5283-c71a-4937-9056-65c6cca2d956,5f8a6ea4-f0a2-4b98-bbbc-3503bb1d120f,Student/teacher,8,Travel and Exploration: Visiting new countries and cultures,2025-08-30 16:04:19,2025-11-27 10:31:13.240475,true
6706c4a2-20ea-496b-8ddf-5fc8704971ce,a6b11b13-a4aa-4d35-8da3-0966a4d0c45b,4f3bfcce-c376-4bcb-a8d2-be5c1f7742d7,Fellow Speaker,3,"Technology and Gaming: Video gaming (console gaming, PC gaming)",2025-08-30 16:04:19,2025-11-27 10:31:13.240475,true
6725cbcb-3492-4888-bce7-f000283323e9,f709a7dc-bcba-4745-9d4f-e22245837843,57b62f77-e1e4-47d5-b41e-bf776ff8b59c,Co-founder,9,"Creative Arts: Painting (oil painting, watercolor, acrylics)",2025-08-30 16:04:19,2025-11-27 10:31:13.240475,true
673b9006-caf9-4a33-acc3-b3c17e6676bb,139e3c4b-7159-4d2f-9249-cc6462fdef03,032be5bb-852d-4ace-a3b4-ec7e72c75126,Collaborated with,8,"Technology and Gaming: Video gaming (console gaming, PC gaming)",2025-08-30 16:04:19,2025-11-27 10:31:13.240475,true
6740b967-b5cb-4779-a5b1-ded7c2d195a4,10e1ef02-03fe-4e56-b660-62229ce21722,613675aa-9e33-4d93-89a2-22f0d4207036,Fellow Board Member,8,Health and Wellness: Yoga retreats and wellness tourism,2025-08-30 16:04:19,2025-11-27 10:31:13.240475,true
67e6b006-aa9f-422d-8a65-f82b057afff4,7628f5d1-ef0b-4b75-a7bd-dec5ae88850d,6de69601-efe5-48d8-bb80-ed5bd67d90d0,Co-founder,9,Health and Wellness: Yoga retreats and wellness tourism,2025-08-30 16:04:19,2025-11-27 10:31:13.240475,true
6896a727-c61a-474e-b80a-e0220fefb6c1,22a95572-8268-405c-ab4b-a9019a947a66,16e43025-10f1-42e6-9793-e0e2f333d79c,Fellow Board Member,8,"Technology and Gaming: Video gaming (console gaming, PC gaming)",2025-08-30 16:04:19,2025-11-27 10:31:13.240475,true
68b9a398-5d5c-407c-8482-877c4f02c81f,9f2df0b4-dce0-46e8-b77b-96403206cac6,5087d838-7069-4676-80de-9914fee3eb7f,Co-worker/Colleague,6,Travel and Exploration: Backpacking and adventure travel,2025-08-30 16:04:19,2025-11-27 10:31:13.240475,true
694343bf-7f36-4317-9271-a31576ac666d,955f0ade-074f-4393-b25a-b570d0313e9f,8a2c1ea1-5ed2-4584-8949-409e4f6c61f5,Collaborated with,8,Travel and Exploration: Visiting new countries and cultures,2025-08-30 16:04:19,2025-11-27 10:31:13.240475,true
6ab96d1e-0ef3-4984-9be1-55becf76b21c,c6a00161-86b7-44f6-b088-57742be3b16a,dd601c90-61fb-419a-b070-bd0c79ee5895,Business Partner,9,"Technology and Gaming: Video gaming (console gaming, PC gaming)",2025-08-30 16:04:19,2025-11-27 10:31:13.240475,true
6b6940f8-0960-4d51-930d-ea8a0ead5265,65f81cdc-25e1-46cc-8b49-d6fce989a1e7,c710a691-e490-4ec0-acfd-6cd9d64147b7,Advisor/Advisee,7,Travel and Exploration: Backpacking and adventure travel,2025-08-30 16:04:19,2025-11-27 10:31:13.240475,true
6bd10b73-6410-41ef-be08-946d52486188,2d9a78c4-6526-4d43-b065-62614cdd999f,3fd5da33-92af-46c6-a4e8-4d9b76079863,Family - extended,5,Health and Wellness: Yoga retreats and wellness tourism,2025-08-30 16:04:19,2025-11-27 10:31:13.240475,true
6c5a3499-aca1-48ae-b404-1f6b97b88bd4,1207e494-171a-43c8-ab47-25e2a7c147b8,7f91ada6-c58d-47bf-9f45-940282f6a292,Family - first level,9,Cooking and Baking: Culinary arts and gourmet cooking,2025-08-30 16:04:19,2025-11-27 10:31:13.240475,true
6c6d0cc9-a7e4-496b-9c36-a06958222eb5,2340712b-6ff2-419f-8a99-01f4057ee136,d4762591-c36b-44cf-a8f6-de5f90a682b9,Business Partner,9,"Reading and Literature: Poetry and poetic forms (haiku, sonnets, free verse)",2025-08-30 16:04:19,2025-11-27 10:31:13.240475,true
6daceddf-3299-4501-a2c9-257972f4d159,8704d5c9-45c8-4c26-bb80-d27b816690de,bd0fa4bd-f1fb-47a4-ba95-a5c46309e613,Fellow Committee Member,5,Cooking and Baking: Culinary arts and gourmet cooking,2025-08-30 16:04:19,2025-11-27 10:31:13.240475,true
6e270b2e-c082-4006-a6e4-8ea5a7d6e6fe,67361d60-6e28-47b1-898f-8121f4a432dc,c710a691-e490-4ec0-acfd-6cd9d64147b7,Fellow Board Member,8,Cooking and Baking: Culinary arts and gourmet cooking,2025-08-30 16:04:19,2025-11-27 10:31:13.240475,true
6e31db20-665b-4657-9a54-40e855b24e47,4f438c77-8520-494f-92e1-e425e68a534f,7b1611a8-fac3-47e1-8a59-d329d58504f1,Advisor/Advisee,7,"Creative Arts: Painting (oil painting, watercolor, acrylics)",2025-08-30 16:04:19,2025-11-27 10:31:13.240475,true
6efde20e-12fd-4026-ac1b-ba2a5ac3e850,28b1a9f3-fa88-4856-83e5-08e32984df79,a0bb9600-8861-41ed-a92b-c5e83d88e1ab,Advisor/Advisee,7,"Reading and Literature: Poetry and poetic forms (haiku, sonnets, free verse)",2025-08-30 16:04:19,2025-11-27 10:31:13.240475,true
6f40d8e9-fe09-48e1-b2c5-574841cc8634,1ddf3108-4cbb-47d6-bd6c-eba7931a856d,e45038f7-784f-4e04-a167-9755f22dd960,Student/teacher,8,Cooking and Baking: Culinary arts and gourmet cooking,2025-08-30 16:04:19,2025-11-27 10:31:13.240475,true
6fa75aa9-8b26-4975-8286-2b6a88beee98,ba3c1351-1299-4e46-b9cc-1c94b08ec5cd,5ab17456-cc3d-456c-85a4-012e9d2ed334,Co-author,7,"Outdoor Activities: Camping (tent camping, RV camping)",2025-08-30 16:04:19,2025-11-27 10:31:13.240475,true
71c65f40-1b47-4198-8584-518116ea40a4,9d54b98c-14e9-4117-8fc9-869d845a4fce,2862a95b-ef8b-4645-b623-103fd42b7e80,Collaborated with,8,"Technology and Gaming: Video gaming (console gaming, PC gaming)",2025-08-30 16:04:19,2025-11-27 10:31:13.240475,true
72928003-5dc4-4b89-a8d5-9fa91c709b3b,17efca01-b251-4116-af78-e8b0f105c5d6,943c953a-9774-4e9d-9f1f-2a4ad560c7ab,Student/teacher,8,"Outdoor Activities: Camping (tent camping, RV camping)",2025-08-30 16:04:19,2025-11-27 10:31:13.240475,true
738186f0-74e9-4833-98c6-92720fb4d20c,f8289c1d-18c1-415e-b488-d3a7b33bc80d,30f6c0e7-913b-4e0f-9330-408e30e46a0f,Fellow Board Member,8,"Creative Arts: Painting (oil painting, watercolor, acrylics)",2025-08-30 16:04:19,2025-11-27 10:31:13.240475,true
74a968bf-4dc8-4d1f-a033-fa0034f3391d,ea682350-387b-4ae0-8b43-2a130bd135c3,3bc42d1e-d7a7-467b-9657-4ba80a9435c8,Advisor/Advisee,7,"Technology and Gaming: Video gaming (console gaming, PC gaming)",2025-08-30 16:04:19,2025-11-27 10:31:13.240475,true
74e725ab-2d58-44ad-9e3c-4630976632f5,ae5a2c4e-4a02-4338-8702-f53cb2cbcaf1,42b9a85e-17a1-480a-9821-6ab8f0d9ee99,Fellow Board Member,8,"Reading and Literature: Poetry and poetic forms (haiku, sonnets, free verse)",2025-08-30 16:04:19,2025-11-27 10:31:13.240475,true
7594880a-f087-45fc-ba7d-73eb7277abf9,4b5f52f1-9647-4b96-89ac-08676aab1999,d7f939be-8652-4c15-9838-cc4a9f665f94,Co-worker/Colleague,6,Health and Wellness: Yoga retreats and wellness tourism,2025-08-30 16:04:19,2025-11-27 10:31:13.240475,true
75d8ca1e-bd8a-4cd4-894a-6f034ac69ea1,4b1ece72-bae2-4eb6-bf97-44a82181ea1b,b2111976-8e3c-4d39-809c-b5937acdd146,Co-author,7,"Reading and Literature: Poetry and poetic forms (haiku, sonnets, free verse)",2025-08-30 16:04:19,2025-11-27 10:31:13.240475,true
77372e10-5b31-4ec6-8006-d425a7e93bf5,0178e78b-ca2b-4c1d-8478-c54d654da361,044b5b1b-62da-4416-aafe-25ea04e084d8,Business Partner,9,"Outdoor Activities: Camping (tent camping, RV camping)",2025-08-30 16:04:19,2025-11-27 10:31:13.240475,true
77b2ec82-14eb-4a8b-97ee-4bbee6447b98,04346619-f18e-42eb-9374-d60fc94bf18d,c38240bf-f5f0-4643-ba26-3ba9f62f78cc,Reported to,9,"Technology and Gaming: Video gaming (console gaming, PC gaming)",2025-08-30 16:04:19,2025-11-27 10:31:13.240475,true
7929cb10-d1bc-4b01-b125-a66e1959c585,177d7144-f619-4b7f-a4ee-0ba709093065,11e3a800-8996-45a3-856f-a73d49ddaa84,Fellow Alumni,3,Health and Wellness: Yoga retreats and wellness tourism,2025-08-30 16:04:19,2025-11-27 10:31:13.240475,true
79965653-ae84-4125-a820-d9036da461c3,d0d5eb3f-9819-43e4-93ac-13dafa5571ed,7b1611a8-fac3-47e1-8a59-d329d58504f1,Fellow Alumni,3,"Technology and Gaming: Video gaming (console gaming, PC gaming)",2025-08-30 16:04:19,2025-11-27 10:31:13.240475,true
7a01ba75-5144-4cbe-8bfd-f1a3d7843f07,a91c7a41-981c-4ee3-ac0f-45a5e6740ed1,69db4a94-2f02-4689-999c-5300dacf8d61,Co-author,7,"Outdoor Activities: Camping (tent camping, RV camping)",2025-08-30 16:04:19,2025-11-27 10:31:13.240475,true
7aa5ce8f-d8df-4a2c-b0c9-37b9b1ecaf70,406e2628-55da-41c9-bdd8-e64c31ff7614,d0a73205-fd69-4997-8000-3e901219b4f2,Friends with,6,Cooking and Baking: Culinary arts and gourmet cooking,2025-08-30 16:04:19,2025-11-27 10:31:13.240475,true
7ae09e1d-d679-42a4-aff1-993d6284e62e,18da29d0-0334-4a61-b49f-8e2c644063ae,8e8a87d1-c3b8-44e7-8867-e2692e02f190,Family - extended,5,Travel and Exploration: Backpacking and adventure travel,2025-08-30 16:04:19,2025-11-27 10:31:13.240475,true
7b923197-c5ee-4940-8ca6-0a3fe2ac2b28,bd0fa4bd-f1fb-47a4-ba95-a5c46309e613,34220f8f-3c17-45d1-8c72-88ae381a6de8,Student/teacher,8,"Creative Arts: Painting (oil painting, watercolor, acrylics)",2025-08-30 16:04:19,2025-11-27 10:31:13.240475,true
7dadbd94-cd05-4519-9c93-541a7eee034a,eaadf81e-7b37-4231-92df-1878e8658235,f06a84ef-14a5-498b-8981-64c372698332,Co-founder,9,"Outdoor Activities: Camping (tent camping, RV camping)",2025-08-30 16:04:19,2025-11-27 10:31:13.240475,true
7dea2df3-8959-4923-8ed5-253b751cd44d,22aa7ff0-91cd-42aa-8a8f-66d4ed7544c6,70e4a70d-9c73-4cd1-8bb9-88217c4b214e,Co-worker/Colleague,6,"Technology and Gaming: Video gaming (console gaming, PC gaming)",2025-08-30 16:04:19,2025-11-27 10:31:13.240475,true
7e1fc9e0-2fcd-4784-b7c9-e92461184cc2,f06a84ef-14a5-498b-8981-64c372698332,69db4a94-2f02-4689-999c-5300dacf8d61,Family - extended,5,Travel and Exploration: Backpacking and adventure travel,2025-08-30 16:04:19,2025-11-27 10:31:13.240475,true
7e644762-a0a3-4369-9fd1-49bce0d1fd40,58bae4d9-f397-4afd-98ce-42a47d4c586a,c382a45a-acd9-497d-bfe5-1d12336590c8,Mentor/Mentee,8,Cooking and Baking: Culinary arts and gourmet cooking,2025-08-30 16:04:19,2025-11-27 10:31:13.240475,true
7f0a5aa1-f10b-4a19-9fe6-769a10217593,81853109-44b3-46e7-915b-933e9b7f39ea,11c7509f-1571-4298-af6f-c1bc99c68ee9,Family - first level,9,Travel and Exploration: Visiting new countries and cultures,2025-08-30 16:04:19,2025-11-27 10:31:13.240475,true
7f1b1c4e-a85b-4385-84b5-b15264dc2c9e,38084d37-2d0d-4acd-9da9-d371f32c6b1b,7c5a5884-27ac-496f-bd5a-cb7de74cc7ea,Reported to,9,Travel and Exploration: Visiting new countries and cultures,2025-08-30 16:04:19,2025-11-27 10:31:13.240475,true
7f834932-c117-4013-981b-7fe4f3ce1bb5,07ba2820-2d0b-411c-9bc8-b02a8f3cbbf5,f9393eab-3e53-4fdb-b583-37524b0c6004,Fellow Committee Member,5,Travel and Exploration: Backpacking and adventure travel,2025-08-30 16:04:19,2025-11-27 10:31:13.240475,true
7faf7b82-84cd-4b19-a6c5-de5d7807b8c8,211d1bb7-9ca0-4b9d-bf17-4e2223fc2cb5,dbaf66e2-52a0-4166-b67d-cf534ec30c1d,Fellow Speaker,3,"Technology and Gaming: Video gaming (console gaming, PC gaming)",2025-08-30 16:04:19,2025-11-27 10:31:13.240475,true
8031f4c1-abfa-4934-974e-29f622b7fd8d,df230bf4-dc6c-46e4-a62d-e895e3a1da6d,4a062f89-386c-4e4a-ae63-c3b47c060db5,Fellow Speaker,3,"Reading and Literature: Poetry and poetic forms (haiku, sonnets, free verse)",2025-08-30 16:04:19,2025-11-27 10:31:13.240475,true
803ed969-01d3-4930-a7b3-7bdb5bc910fd,2cfaa98c-7ba8-4a70-8523-a5513af1b5a3,b762f48e-5f81-477e-9743-d452548ea94b,Friends with,6,Cooking and Baking: Culinary arts and gourmet cooking,2025-08-30 16:04:19,2025-11-27 10:31:13.240475,true
8058336e-15ad-4fe1-8661-16bd05c8945b,facb40a6-0715-4ad5-9c0d-28391a979abe,dbb2a09c-7d1c-4117-b0d7-d8451f0d4c2f,Fellow Alumni,3,"Creative Arts: Painting (oil painting, watercolor, acrylics)",2025-08-30 16:04:19,2025-11-27 10:31:13.240475,true
80755cae-4730-4e43-9fc4-676ddd3a465c,1e6b210c-03f1-4d7d-9689-4ad4ae658f41,ab8efba9-e14f-47af-aee3-9c033bd5f70e,Fellow Alumni,3,Cooking and Baking: Culinary arts and gourmet cooking,2025-08-30 16:04:19,2025-11-27 10:31:13.240475,true
815507e1-5819-4aa9-8298-a77016b24050,72f246cf-48f3-4013-aeb2-e3636ccebf6a,1e312448-db61-4f83-8dd8-88ba89650197,Fellow Alumni,3,Health and Wellness: Yoga retreats and wellness tourism,2025-08-30 16:04:19,2025-11-27 10:31:13.240475,true
817f4f1e-b2eb-4b33-8d04-e744e69a21f0,79ce593e-4858-4ec1-b3c9-05661e25d4eb,d0e6fa56-051e-4576-8cf5-a19aa928773d,Co-author,7,"Reading and Literature: Poetry and poetic forms (haiku, sonnets, free verse)",2025-08-30 16:04:19,2025-11-27 10:31:13.240475,true
83fc2c6f-70ee-43ec-a161-158bfa945de4,49ea7e79-f1e1-42dc-a8de-75ac8fe5528c,29c2749a-66d4-4d16-9961-cdb8bb8fcb6e,Student/teacher,8,Cooking and Baking: Culinary arts and gourmet cooking,2025-08-30 16:04:19,2025-11-27 10:31:13.240475,true
84a504a8-52c3-4f98-8782-cfcb7a96d4f6,dad66b35-abae-4363-b38b-b84e0bf7e086,a111d6f0-7c90-4bc0-9755-8175281868de,Fellow Board Member,8,"Creative Arts: Painting (oil painting, watercolor, acrylics)",2025-08-30 16:04:19,2025-11-27 10:31:13.240475,true
85051795-0ec9-4ee6-8e93-069595046090,b1a1a1ed-10ca-4907-93a8-9f43a5d89ed0,826b176c-4bff-4cea-a78a-eeceb8347257,Fellow Board Member,8,"Reading and Literature: Poetry and poetic forms (haiku, sonnets, free verse)",2025-08-30 16:04:19,2025-11-27 10:31:13.240475,true
8511dd6a-d958-426f-9a2d-dc76feee7589,c2621d77-c50a-489e-8458-e08bd895e046,8e5db93d-c20d-4a44-b7fb-f88f99349202,Business Partner,9,Health and Wellness: Yoga retreats and wellness tourism,2025-08-30 16:04:19,2025-11-27 10:31:13.240475,true
8565e44c-9792-49b6-af17-3c88d6328bbd,63b1ff75-692f-4101-af16-96c02d92a449,8a54bd0b-54e1-41ff-8e15-d7b7b38b8a97,Fellow Alumni,3,"Outdoor Activities: Camping (tent camping, RV camping)",2025-08-30 16:04:19,2025-11-27 10:31:13.240475,true
858651ad-b520-42e7-a9b2-a39bc89a7bb5,660bdff8-438a-4dbb-9767-1d99f1d165d5,16e43025-10f1-42e6-9793-e0e2f333d79c,Advisor/Advisee,7,Travel and Exploration: Backpacking and adventure travel,2025-08-30 16:04:19,2025-11-27 10:31:13.240475,true
85ae5029-9c33-4860-8333-643aafa16759,f71e5cb6-333a-40d6-8fac-696000d93a44,72d98ef2-1157-4ac4-b160-3c251f8af2a9,Advisor/Advisee,7,Health and Wellness: Yoga retreats and wellness tourism,2025-08-30 16:04:19,2025-11-27 10:31:13.240475,true
85e98aa6-6bf3-45a2-a6be-c7bcb4b21946,2f9b8cac-07a4-418a-97be-02e2693884e3,6402defd-144b-45fb-a5cc-8ff168b4db9a,Family - first level,9,"Outdoor Activities: Camping (tent camping, RV camping)",2025-08-30 16:04:19,2025-11-27 10:31:13.240475,true
860c522b-cf79-4971-b7a1-9d77296f8eb9,c7801749-d138-40e7-8599-d921fb78655e,4ac05beb-094a-4bce-b53a-9fee9d87022e,Family - extended,5,"Outdoor Activities: Camping (tent camping, RV camping)",2025-08-30 16:04:19,2025-11-27 10:31:13.240475,true
86615643-370a-43b1-9250-c9e2d483a5d0,97fb7aab-d3ee-4a52-b4d8-87cbd44d2da1,982e344f-5a30-4708-86f3-90cdfc18858a,Mentor/Mentee,8,Travel and Exploration: Backpacking and adventure travel,2025-08-30 16:04:19,2025-11-27 10:31:13.240475,true
86ce35c8-93f1-4693-ba57-af25ed13a367,f73b0132-b812-4a0a-b779-baaeee1fd2ef,27ca132e-76a8-4dc5-ace2-31ed889c0dfb,Reported to,9,Cooking and Baking: Culinary arts and gourmet cooking,2025-08-30 16:04:19,2025-11-27 10:31:13.240475,true
874ac264-b4a2-4ae4-9d5e-96f631105321,2b3b89a4-1f0d-4ffb-9728-993b36d01245,8bb50e64-319d-4ba4-a083-1ab8ab321e1a,Fellow Speaker,3,"Reading and Literature: Poetry and poetic forms (haiku, sonnets, free verse)",2025-08-30 16:04:19,2025-11-27 10:31:13.240475,true
880a3c10-dc78-4cd8-b5f7-02d10c95e139,71a195b8-952b-4668-aec2-b25046f88a55,8a3b698c-2952-4b72-ad0f-49e7b72a3d95,Fellow Board Member,8,Travel and Exploration: Backpacking and adventure travel,2025-08-30 16:04:19,2025-11-27 10:31:13.240475,true
888b402d-2f25-42a4-b1fe-ba2fc6a4371e,0093fcb3-b524-416f-b6fe-b8cae32d411a,95ac62dc-dd42-4669-bd4e-fd05366dbdcb,Co-worker/Colleague,6,Travel and Exploration: Visiting new countries and cultures,2025-08-30 16:04:19,2025-11-27 10:31:13.240475,true
88b8d57d-22d9-4c47-8a60-e244948ccb65,70e4afbe-e0fb-4e0d-9739-8f87aa81d4d8,d3c6532f-c6a0-4e10-b8e6-f6f5979ae7de,Business Partner,9,Cooking and Baking: Culinary arts and gourmet cooking,2025-08-30 16:04:19,2025-11-27 10:31:13.240475,true
8908f6a0-6c3d-4992-a4ed-8059bf4a93fc,fd103237-eee6-47e2-af79-0220cfbf6c4b,8e5db93d-c20d-4a44-b7fb-f88f99349202,Reported to,9,Travel and Exploration: Visiting new countries and cultures,2025-08-30 16:04:19,2025-11-27 10:31:13.240475,true
8944e67a-be61-44e7-b9d7-dfe3ffba5f9f,9fe54c1c-2904-4f31-9ad6-f24c2e1bb1f5,42078308-3e2e-4291-8f20-f8816b41fbdb,Family - first level,9,"Technology and Gaming: Video gaming (console gaming, PC gaming)",2025-08-30 16:04:19,2025-11-27 10:31:13.240475,true
89738248-ea8a-4116-b76c-abd7af3eb552,7e10f7e5-da7f-48f5-8126-aec6b0490c72,27ca132e-76a8-4dc5-ace2-31ed889c0dfb,Co-author,7,"Reading and Literature: Poetry and poetic forms (haiku, sonnets, free verse)",2025-08-30 16:04:19,2025-11-27 10:31:13.240475,true
897990b7-7212-429a-83ae-b3b42ae1631c,2e9aba02-cb84-46f1-96fe-13d75bbc9f25,fea77886-b50b-438e-b24a-8be62172d203,Advisor/Advisee,7,"Outdoor Activities: Camping (tent camping, RV camping)",2025-08-30 16:04:19,2025-11-27 10:31:13.240475,true
89a1c24c-7dfa-43b7-a367-dbb88faba29c,836e51e5-2668-4cda-974f-1d89d2dc782b,09bd34ec-e321-441d-b6c6-8b630adab478,Fellow Board Member,8,Cooking and Baking: Culinary arts and gourmet cooking,2025-08-30 16:04:19,2025-11-27 10:31:13.240475,true
89d21173-02ff-43f7-b828-2d9556d0d57a,c2fb786b-7820-47e5-b2f6-0f8138c74ce6,27ca132e-76a8-4dc5-ace2-31ed889c0dfb,Student/teacher,8,"Creative Arts: Painting (oil painting, watercolor, acrylics)",2025-08-30 16:04:19,2025-11-27 10:31:13.240475,true
89fcacf6-0a27-47ab-a3b6-b407595c0b04,02ab02f6-2bac-4a0d-bdc2-f84b166e3154,d8ae0379-4d80-45dd-ab48-24821b0a24ec,Mentor/Mentee,8,"Technology and Gaming: Video gaming (console gaming, PC gaming)",2025-08-30 16:04:19,2025-11-27 10:31:13.240475,true
8b4943c4-44a3-451b-920d-ecf180982b0b,f425f27f-eff7-40d8-94cb-f93c422344c2,d934b447-bad2-4be7-beea-784568a2ab04,Co-founder,9,"Reading and Literature: Poetry and poetic forms (haiku, sonnets, free verse)",2025-08-30 16:04:19,2025-11-27 10:31:13.240475,true
8c36607f-a801-4820-8f06-8909efcc9289,90c9c816-8ab2-4dce-82bd-ba5f6f06bede,8858b229-f760-4d8a-9eb4-7ebe943d5a48,Mentor/Mentee,8,Cooking and Baking: Culinary arts and gourmet cooking,2025-08-30 16:04:19,2025-11-27 10:31:13.240475,true
8ccda479-2391-4148-8d60-d2178dc6f46a,7bfe650c-c833-4b83-8f58-e7cc56f62046,032be5bb-852d-4ace-a3b4-ec7e72c75126,Co-author,7,Health and Wellness: Yoga retreats and wellness tourism,2025-08-30 16:04:19,2025-11-27 10:31:13.240475,true
8d4aebf6-7d91-4e77-95be-079b9f76b251,9c902b10-3893-42ae-89b4-da4bc5d96a6e,20cca08e-6c35-4eb8-a7e5-913a7219df31,Business Partner,9,Travel and Exploration: Backpacking and adventure travel,2025-08-30 16:04:19,2025-11-27 10:31:13.240475,true
8d8fa3c4-dab7-4847-9461-c3cf7b3253dd,54dc4f21-5f3c-4192-a4fb-933719df5a54,72dcbaa9-2f99-4ecd-bdb6-c1729a27f9ef,Family - first level,9,"Creative Arts: Painting (oil painting, watercolor, acrylics)",2025-08-30 16:04:19,2025-11-27 10:31:13.240475,true
8db681e9-1549-4086-9fd5-5c7fcda7c9a1,51536b25-5a6d-4c09-8cba-3f6b43c4c9aa,e068b776-b700-4080-986d-1f25efed62c8,Collaborated with,8,Cooking and Baking: Culinary arts and gourmet cooking,2025-08-30 16:04:19,2025-11-27 10:31:13.240475,true
8dcec372-462d-410b-920c-0fcdbcd2ae38,1d9bf402-6cff-43ad-86a5-e9df913d4f74,96238e52-c177-4aab-9c6e-d1ca3c9afd54,Co-founder,9,"Reading and Literature: Poetry and poetic forms (haiku, sonnets, free verse)",2025-08-30 16:04:19,2025-11-27 10:31:13.240475,true
8e86fe86-902b-463f-87a8-0e81dc3bb1fd,02566141-6b8b-431a-be96-232fc318b69b,78e30c1f-3001-4a92-afff-6d2f029829e0,Co-founder,9,"Creative Arts: Painting (oil painting, watercolor, acrylics)",2025-08-30 16:04:19,2025-11-27 10:31:13.240475,true
8ec6a731-417a-4256-9c26-28baebab515c,23eb6caa-c8cd-46f3-ae56-170ed4514a4b,de8b37f5-5829-444d-9f3f-53a893f1481f,Co-worker/Colleague,6,Travel and Exploration: Visiting new countries and cultures,2025-08-30 16:04:19,2025-11-27 10:31:13.240475,true
8f38620d-5a2c-433e-b3d3-3c2a03171e51,f6284d8d-14e4-4906-a6ec-5dfcdd62675c,7ccb45c1-0263-4057-856d-605ee6cc6bc9,Co-author,7,"Technology and Gaming: Video gaming (console gaming, PC gaming)",2025-08-30 16:04:19,2025-11-27 10:31:13.240475,true
8f3d47d2-c32e-4992-8508-b9d6d85577ad,f4b983ed-f7ef-4a0a-8806-85c22427952f,daaa7116-a311-4aed-93b3-500e1302e814,Student/teacher,8,"Outdoor Activities: Camping (tent camping, RV camping)",2025-08-30 16:04:19,2025-11-27 10:31:13.240475,true
8f99863f-bf38-4bb0-8ee6-11b7335c132e,abc347d8-5bcf-470b-b2d9-300f78ad6bbb,d934b447-bad2-4be7-beea-784568a2ab04,Fellow Speaker,3,Travel and Exploration: Visiting new countries and cultures,2025-08-30 16:04:19,2025-11-27 10:31:13.240475,true
8f9dc489-e70f-46b3-a97f-61f6f6595bd1,3c1107e2-8968-4862-a6c5-1426fb0691f7,12b56280-ef2d-4753-807c-a9f958c77a2a,Co-author,7,Travel and Exploration: Backpacking and adventure travel,2025-08-30 16:04:19,2025-11-27 10:31:13.240475,true
8fcbd03d-6535-429c-afa6-4cef3035458f,afdaa779-7acf-4ab2-9f70-9acaab767b1a,bab4920a-9bdc-41c8-90fe-924015961032,Co-author,7,Health and Wellness: Yoga retreats and wellness tourism,2025-08-30 16:04:19,2025-11-27 10:31:13.240475,true
8fe391d9-949c-404d-9cb5-007175a34af3,65dc13fb-44da-4b9d-b210-da6be27c0965,b2111976-8e3c-4d39-809c-b5937acdd146,Collaborated with,8,Cooking and Baking: Culinary arts and gourmet cooking,2025-08-30 16:04:19,2025-11-27 10:31:13.240475,true
8feaa87e-33b5-4f91-a3a8-e4e0531ee178,c9e04776-af47-4fe6-8dc9-65d596100bb8,4a062f89-386c-4e4a-ae63-c3b47c060db5,Mentor/Mentee,8,"Creative Arts: Painting (oil painting, watercolor, acrylics)",2025-08-30 16:04:19,2025-11-27 10:31:13.240475,true
90c29a2a-54f1-4b48-85db-cc4581fe2c4a,e1665060-8238-415b-8637-6f0a8ee0fdf4,5ab17456-cc3d-456c-85a4-012e9d2ed334,Advisor/Advisee,7,Travel and Exploration: Backpacking and adventure travel,2025-08-30 16:04:19,2025-11-27 10:31:13.240475,true
9199c10d-32e0-48db-9a28-e8879299d59f,a45aa294-65f2-4a46-95fe-7383c8eb35a0,23b0d32b-f83d-474b-8315-2f9935e246df,Student/teacher,8,"Technology and Gaming: Video gaming (console gaming, PC gaming)",2025-08-30 16:04:19,2025-11-27 10:31:13.240475,true
920a6f67-6109-4fe6-909e-d829bfa4e691,dbb2a09c-7d1c-4117-b0d7-d8451f0d4c2f,2dda8be8-0ac6-4ff2-ad09-fcbc3fbf92f2,Fellow Board Member,8,"Reading and Literature: Poetry and poetic forms (haiku, sonnets, free verse)",2025-08-30 16:04:19,2025-11-27 10:31:13.240475,true
92915c4c-7ea7-4b56-ab02-59bf3f0af2e6,1611f746-9a5a-4544-998b-8eb48bf135df,b6e5979f-6ed6-4e33-a50f-981a7637b212,Business Partner,9,"Outdoor Activities: Camping (tent camping, RV camping)",2025-08-30 16:04:19,2025-11-27 10:31:13.240475,true
92a9970b-87b5-4558-a39a-a4bd8b9720f9,8a26a9e4-7864-4f1a-afed-af0a20b08a19,8a2c1ea1-5ed2-4584-8949-409e4f6c61f5,Reported to,9,"Outdoor Activities: Camping (tent camping, RV camping)",2025-08-30 16:04:19,2025-11-27 10:31:13.240475,true
9426dce8-cafb-4f73-882e-78c0ce4b2336,eb2666a9-6419-45a4-9797-2ff4b1cf3ccf,cae7106e-d5d3-4d7e-9254-91fd198b8933,Fellow Committee Member,5,"Creative Arts: Painting (oil painting, watercolor, acrylics)",2025-08-30 16:04:19,2025-11-27 10:31:13.240475,true
955b3fe4-aded-4a1e-9d02-a9a376826907,8c2a39ba-c546-4520-8415-2d58ced519e5,9c902b10-3893-42ae-89b4-da4bc5d96a6e,Fellow Board Member,8,"Outdoor Activities: Camping (tent camping, RV camping)",2025-08-30 16:04:19,2025-11-27 10:31:13.240475,true
964b85c1-56c0-49ac-b287-2862626c6e8d,e61a672e-5a6e-4971-a8a7-a0b7e4c10a38,a1324167-56ea-41a4-9a19-053bdb057d12,Fellow Alumni,3,Cooking and Baking: Culinary arts and gourmet cooking,2025-08-30 16:04:19,2025-11-27 10:31:13.240475,true
96619efa-53e3-4d71-b49c-fb079be503e2,8b82192d-a8ac-47b0-8255-94461330dc44,b06e9c18-2542-496f-a9ff-3cd3131a766f,Advisor/Advisee,7,Health and Wellness: Yoga retreats and wellness tourism,2025-08-30 16:04:19,2025-11-27 10:31:13.240475,true
96d4c309-cc31-49b8-8f83-75a04b0b630a,17efca01-b251-4116-af78-e8b0f105c5d6,826b176c-4bff-4cea-a78a-eeceb8347257,Co-worker/Colleague,6,Health and Wellness: Yoga retreats and wellness tourism,2025-08-30 16:04:19,2025-11-27 10:31:13.240475,true
97249376-11e5-4e7d-b0a9-df9e54752cf9,865f3f40-e7ed-4ba6-8bb2-bb69377f58db,ea682350-387b-4ae0-8b43-2a130bd135c3,Business Partner,9,"Technology and Gaming: Video gaming (console gaming, PC gaming)",2025-08-30 16:04:19,2025-11-27 10:31:13.240475,true
976c0a73-8e7a-4dd5-ab82-0908ffb3d331,9ec5700f-941d-450f-90a0-f38a5ec11d19,70e4a70d-9c73-4cd1-8bb9-88217c4b214e,Student/teacher,8,"Reading and Literature: Poetry and poetic forms (haiku, sonnets, free verse)",2025-08-30 16:04:19,2025-11-27 10:31:13.240475,true
97859def-0774-49fd-9370-c3980400aadb,c2621d77-c50a-489e-8458-e08bd895e046,7b1611a8-fac3-47e1-8a59-d329d58504f1,Mentor/Mentee,8,Travel and Exploration: Backpacking and adventure travel,2025-08-30 16:04:19,2025-11-27 10:31:13.240475,true
9867a388-69b9-48c4-ac1c-f4b3ff9f21fb,211d1bb7-9ca0-4b9d-bf17-4e2223fc2cb5,67a6f86b-f086-4eb4-a2f1-924bb39c8401,Advisor/Advisee,7,"Creative Arts: Painting (oil painting, watercolor, acrylics)",2025-08-30 16:04:19,2025-11-27 10:31:13.240475,true
9911fc3c-4e4e-42d5-a91f-ba3be65dfa56,d89e5cae-9e68-4e8b-b7f9-a41f5c4b9531,fea77886-b50b-438e-b24a-8be62172d203,Mentor/Mentee,8,"Reading and Literature: Poetry and poetic forms (haiku, sonnets, free verse)",2025-08-30 16:04:19,2025-11-27 10:31:13.240475,true
9916619f-544c-4f7e-9824-30c5ee4bb73d,1457ac4a-c875-4110-8f6d-fc0f14d78473,99a410c4-7939-45da-b36e-ddc84977d52e,Collaborated with,8,"Technology and Gaming: Video gaming (console gaming, PC gaming)",2025-08-30 16:04:19,2025-11-27 10:31:13.240475,true
998ccf0d-94d8-4ebf-b1b9-c5ff0e99453e,f9393eab-3e53-4fdb-b583-37524b0c6004,dbb2a09c-7d1c-4117-b0d7-d8451f0d4c2f,Fellow Committee Member,5,Travel and Exploration: Visiting new countries and cultures,2025-08-30 16:04:19,2025-11-27 10:31:13.240475,true
999107af-565c-45af-8c7a-19deac228a3b,d08250b4-b3d9-4846-9aef-459af3cb1135,f052624c-43e0-4088-b84d-a3b7ec01dc54,Reported to,9,"Reading and Literature: Poetry and poetic forms (haiku, sonnets, free verse)",2025-08-30 16:04:19,2025-11-27 10:31:13.240475,true
99aeb788-0f0b-44b8-b87f-1808dbf3c9b8,b91f2ee2-a407-46b8-afd9-64b0df851c77,8a2c1ea1-5ed2-4584-8949-409e4f6c61f5,Advisor/Advisee,7,Health and Wellness: Yoga retreats and wellness tourism,2025-08-30 16:04:19,2025-11-27 10:31:13.240475,true
9aaa31b6-1185-43bb-a2b3-8b14b18ff9e4,40be0fdb-1a81-4f84-bde9-532961e3f995,42078308-3e2e-4291-8f20-f8816b41fbdb,Fellow Alumni,3,"Creative Arts: Painting (oil painting, watercolor, acrylics)",2025-08-30 16:04:19,2025-11-27 10:31:13.240475,true
9ab4ff74-eff6-4e0d-8d7d-f7f9e1241630,6b20b125-d886-4680-876b-34ade4a2786b,e197d2ce-b409-4f7d-a30b-ac64189c5e5e,Co-founder,9,"Reading and Literature: Poetry and poetic forms (haiku, sonnets, free verse)",2025-08-30 16:04:19,2025-11-27 10:31:13.240475,true
9b38f965-9513-4cc3-b8dc-8a46f542c2b7,e946e521-be03-47f0-b78d-63196f2d3d1c,c2929836-84e2-4733-8c65-1035d01c588a,Friends with,6,"Outdoor Activities: Camping (tent camping, RV camping)",2025-08-30 16:04:19,2025-11-27 10:31:13.240475,true
9bc38bf7-0f2b-487d-93a9-792aac31da97,4a881899-37f1-430c-93fb-b40ad86c5965,23b0d32b-f83d-474b-8315-2f9935e246df,Fellow Speaker,3,"Reading and Literature: Poetry and poetic forms (haiku, sonnets, free verse)",2025-08-30 16:04:19,2025-11-27 10:31:13.240475,true
9c81eb0b-4447-43ce-889a-96e0d34e9aec,0e174672-fa48-4e6e-b265-96087895f4d1,98c0224f-b76a-4518-ae4a-fdaf2a641dad,Fellow Board Member,8,"Creative Arts: Painting (oil painting, watercolor, acrylics)",2025-08-30 16:04:19,2025-11-27 10:31:13.240475,true
9ccf6880-d704-40ba-8cc7-15a713b415b4,942aa537-2320-4860-973d-5173d79278dd,e45038f7-784f-4e04-a167-9755f22dd960,Fellow Board Member,8,Travel and Exploration: Backpacking and adventure travel,2025-08-30 16:04:19,2025-11-27 10:31:13.240475,true
9cf91b24-2a10-4a1b-8199-70d39892f6fe,78f11e9e-afc1-4a1c-9266-f3ee5e2d2933,2af29d54-cb95-484d-a9ed-328441274a6c,Fellow Alumni,3,"Outdoor Activities: Camping (tent camping, RV camping)",2025-08-30 16:04:19,2025-11-27 10:31:13.240475,true
9d89d364-3893-4f93-99a9-03d1e82cfa2e,a579a105-a7af-4d8f-8df0-e41e2e49a8b1,20cca08e-6c35-4eb8-a7e5-913a7219df31,Co-author,7,Travel and Exploration: Visiting new countries and cultures,2025-08-30 16:04:19,2025-11-27 10:31:13.240475,true
9d8a1cb3-ae86-4a86-9e19-0574364620b6,7bcdf655-f4cc-459e-9296-f4873b6b6c95,6994e448-67f5-4eae-8eaf-ad58dc3400d5,Co-founder,9,Health and Wellness: Yoga retreats and wellness tourism,2025-08-30 16:04:19,2025-11-27 10:31:13.240475,true
9d9e0027-6322-4a79-b886-1cf42d861974,771dc2ea-86d9-4c6a-852f-f6757880da11,1a9c2063-77e6-4681-b33b-dc32fed47752,Fellow Board Member,8,Travel and Exploration: Visiting new countries and cultures,2025-08-30 16:04:19,2025-11-27 10:31:13.240475,true
9dc4229e-5244-4854-84fd-0fe1235fb6a9,376052f6-ff79-4123-b74e-209234a0b213,6600e210-ea7b-4568-b135-4ccb8403d3ac,Family - extended,5,"Outdoor Activities: Camping (tent camping, RV camping)",2025-08-30 16:04:19,2025-11-27 10:31:13.240475,true
9edb4266-99e9-4108-99cf-0716559d4abc,71774d31-5012-49e0-a968-230c56573c5b,dd4dd762-8340-4723-aa99-89fbd89d0bcf,Co-author,7,Cooking and Baking: Culinary arts and gourmet cooking,2025-08-30 16:04:19,2025-11-27 10:31:13.240475,true
9f2a5bba-319e-4f8b-839f-36dd07dcd1b6,5561a945-e8d3-43fa-bd75-85a1590eb089,3da61d27-cea9-4a4c-9c46-ba96abaa926e,Fellow Speaker,3,Travel and Exploration: Backpacking and adventure travel,2025-08-30 16:04:19,2025-11-27 10:31:13.240475,true
9fa8423e-5e6b-4409-912a-77fe317d91be,3c6d6df4-fd43-41f7-a2c1-ce517a65cb3b,cae7106e-d5d3-4d7e-9254-91fd198b8933,Mentor/Mentee,8,Cooking and Baking: Culinary arts and gourmet cooking,2025-08-30 16:04:19,2025-11-27 10:31:13.240475,true
a01764ce-51e5-466e-9280-9621cb4df313,d11e0602-7e6f-4cf5-975d-1c6a4fba3bb7,2862a95b-ef8b-4645-b623-103fd42b7e80,Co-author,7,"Outdoor Activities: Camping (tent camping, RV camping)",2025-08-30 16:04:19,2025-11-27 10:31:13.240475,true
a0950ecd-b6a2-4d51-9dde-c3c26a1cbe8b,337f8e89-9e2f-4e33-913e-c7dfd29a83af,e57c544a-160a-4db0-9ef7-8c409f45d525,Advisor/Advisee,7,Travel and Exploration: Visiting new countries and cultures,2025-08-30 16:04:19,2025-11-27 10:31:13.240475,true
a0bda1a7-eb17-4154-8309-0f535bd10bed,b1e1956f-70cf-469e-a4e5-a80c078f34a1,1b034431-e502-4c31-ba6a-1df051e09b3c,Fellow Board Member,8,"Outdoor Activities: Camping (tent camping, RV camping)",2025-08-30 16:04:19,2025-11-27 10:31:13.240475,true
a1b5eb93-ed01-4a49-859f-1bc3e2624539,32aaa29b-5a3f-4a84-89af-566a59aa3956,d4984361-7bae-4c1c-aa08-e32a4a3003d6,Friends with,6,"Technology and Gaming: Video gaming (console gaming, PC gaming)",2025-08-30 16:04:19,2025-11-27 10:31:13.240475,true
a1c4fc84-deb0-4aa0-ae86-f71b2731dea4,de09a56a-c65a-4b4b-9982-6b100650e488,69db4a94-2f02-4689-999c-5300dacf8d61,Business Partner,9,"Outdoor Activities: Camping (tent camping, RV camping)",2025-08-30 16:04:19,2025-11-27 10:31:13.240475,true
a27d7615-78d1-4d14-ba6a-b85d54968ee7,067c7536-bbb2-4aa7-9b5f-7d50dc620a50,98c0224f-b76a-4518-ae4a-fdaf2a641dad,Co-worker/Colleague,6,"Reading and Literature: Poetry and poetic forms (haiku, sonnets, free verse)",2025-08-30 16:04:19,2025-11-27 10:31:13.240475,true
a2f10d47-72d4-4621-8409-9c178ba9a6e2,c8347acf-1aa9-4f56-b8bc-330fa57224ab,7ccb45c1-0263-4057-856d-605ee6cc6bc9,Family - extended,5,"Technology and Gaming: Video gaming (console gaming, PC gaming)",2025-08-30 16:04:19,2025-11-27 10:31:13.240475,true
a316e697-c36e-42f4-976e-0ca1760c6552,30e1ca0b-5f92-4c48-9b6f-9e50a8347461,4f3bfcce-c376-4bcb-a8d2-be5c1f7742d7,Reported to,9,"Reading and Literature: Poetry and poetic forms (haiku, sonnets, free verse)",2025-08-30 16:04:19,2025-11-27 10:31:13.240475,true
a40e6d2b-dc58-44d5-9d56-d0eaf61d230d,e215ac32-7add-4115-a8c9-b9f6d5a3abf3,4a6f5289-8477-491c-beec-92c5c1b5c79d,Fellow Speaker,3,Cooking and Baking: Culinary arts and gourmet cooking,2025-08-30 16:04:19,2025-11-27 10:31:13.240475,true
a448b668-e349-4c87-b1a7-eae363d91596,e716d28f-b1d9-4e54-9107-6618a13ab5ca,f4686e78-cc16-4208-b09d-a41524ece694,Fellow Alumni,3,Cooking and Baking: Culinary arts and gourmet cooking,2025-08-30 16:04:19,2025-11-27 10:31:13.240475,true
a4acd306-3e52-4c06-8f30-9a192ac382f8,14aa0462-7a4a-44ce-8aa8-929039c42b50,72f246cf-48f3-4013-aeb2-e3636ccebf6a,Collaborated with,8,Cooking and Baking: Culinary arts and gourmet cooking,2025-08-30 16:04:19,2025-11-27 10:31:13.240475,true
a54a5fbd-5e19-4805-9087-7fab02467479,f7cc4e1d-4b37-468d-aebe-e96507630ecb,9f3d65b1-49e0-46b2-8a99-57137de7775d,Mentor/Mentee,8,Travel and Exploration: Backpacking and adventure travel,2025-08-30 16:04:19,2025-11-27 10:31:13.240475,true
a56e4449-e931-4384-9c09-a1ec235ca61c,ded02442-a6b2-4184-9e7d-e1629abca6e1,805c1ee8-d582-4aff-af64-35e837af444d,Fellow Alumni,3,Health and Wellness: Yoga retreats and wellness tourism,2025-08-30 16:04:19,2025-11-27 10:31:13.240475,true
a594a913-ffbe-4281-a35a-e8a28ee36cb6,e9646556-1728-4b6b-aeb9-4174c9fea8c2,fc2976d6-4ed8-4f3c-973f-ca00b2794b52,Advisor/Advisee,7,"Creative Arts: Painting (oil painting, watercolor, acrylics)",2025-08-30 16:04:19,2025-11-27 10:31:13.240475,true
a5aaebfd-2032-4827-af73-7a86d22ee91e,cc80dd2c-7239-4612-84c8-40f9e131a70c,5f8a6ea4-f0a2-4b98-bbbc-3503bb1d120f,Reported to,9,"Reading and Literature: Poetry and poetic forms (haiku, sonnets, free verse)",2025-08-30 16:04:19,2025-11-27 10:31:13.240475,true
a736e1f4-ed6a-439c-ab8f-fb345b59be00,8f5ec432-5429-4c19-94de-b2319982c7d4,410fa169-fc21-4c6a-b56a-29c5d579e97d,Co-worker/Colleague,6,Cooking and Baking: Culinary arts and gourmet cooking,2025-08-30 16:04:19,2025-11-27 10:31:13.240475,true
a7445cae-7e58-4bb9-ab49-5e4f30a7ae48,a0f55c8a-8e41-48aa-96e2-33ff64a5c9b3,b6e5979f-6ed6-4e33-a50f-981a7637b212,Advisor/Advisee,7,"Creative Arts: Painting (oil painting, watercolor, acrylics)",2025-08-30 16:04:19,2025-11-27 10:31:13.240475,true
a7972388-fbd1-49bd-847a-6fe025c27a96,0093fcb3-b524-416f-b6fe-b8cae32d411a,ea682350-387b-4ae0-8b43-2a130bd135c3,Fellow Speaker,3,Travel and Exploration: Visiting new countries and cultures,2025-08-30 16:04:19,2025-11-27 10:31:13.240475,true
a7a5ef8b-049b-4370-afce-bc992d66da17,c004d851-2dc4-485a-baa3-9a9e44751a2c,69db4a94-2f02-4689-999c-5300dacf8d61,Business Partner,9,Cooking and Baking: Culinary arts and gourmet cooking,2025-08-30 16:04:19,2025-11-27 10:31:13.240475,true
a7d6829b-cc68-4390-a20d-48e423c22888,764c8faf-fd21-438e-91e4-a991a5f166a7,81853109-44b3-46e7-915b-933e9b7f39ea,Co-worker/Colleague,6,"Outdoor Activities: Camping (tent camping, RV camping)",2025-08-30 16:04:19,2025-11-27 10:31:13.240475,true
a8ab8afd-122e-4f02-ad8f-e08a6ad094d5,9eb9950a-0bfd-4ea6-a60a-4cb469c044bd,daaa7116-a311-4aed-93b3-500e1302e814,Business Partner,9,Travel and Exploration: Backpacking and adventure travel,2025-08-30 16:04:19,2025-11-27 10:31:13.240475,true
a8c33bf1-f4ec-41db-a051-63b481901cb7,110d3cfb-a2b4-4bc5-8b2d-0abf4c670fb7,8a54bd0b-54e1-41ff-8e15-d7b7b38b8a97,Co-founder,9,"Reading and Literature: Poetry and poetic forms (haiku, sonnets, free verse)",2025-08-30 16:04:19,2025-11-27 10:31:13.240475,true
a8c969aa-317b-4c68-bee7-d2be49205002,48cabd7f-0340-4676-a9f2-2a096a9cdf9a,dbb2a09c-7d1c-4117-b0d7-d8451f0d4c2f,Advisor/Advisee,7,Health and Wellness: Yoga retreats and wellness tourism,2025-08-30 16:04:19,2025-11-27 10:31:13.240475,true
a9ba61ee-5e46-40fa-a35f-b0d94f9e8214,b11dff27-27cc-4b5f-b628-39ac0ae923b5,3da61d27-cea9-4a4c-9c46-ba96abaa926e,Friends with,6,"Outdoor Activities: Camping (tent camping, RV camping)",2025-08-30 16:04:19,2025-11-27 10:31:13.240475,true
aa0232eb-b570-4020-9776-2ef900216b9b,656db031-4b53-4d6c-ab60-a008ad0e1b33,78e7527f-d85a-4433-87e1-59448d3f1c44,Fellow Board Member,8,"Technology and Gaming: Video gaming (console gaming, PC gaming)",2025-08-30 16:04:19,2025-11-27 10:31:13.240475,true
aa2be777-9760-45f5-9eb9-de5f7eaae8dd,c852fe63-d58f-439f-86e9-59008c5b099e,b267e252-bc36-4817-ac07-e1f07ce173d4,Advisor/Advisee,7,"Technology and Gaming: Video gaming (console gaming, PC gaming)",2025-08-30 16:04:19,2025-11-27 10:31:13.240475,true
aa3ec03b-a16d-4342-8c5e-3806787cf380,294d3756-5571-4a92-8bdf-94f3678d862c,27ca132e-76a8-4dc5-ace2-31ed889c0dfb,Mentor/Mentee,8,Health and Wellness: Yoga retreats and wellness tourism,2025-08-30 16:04:19,2025-11-27 10:31:13.240475,true
ac86dc8d-deef-4e94-8ee3-9bf3632502fb,36c66176-2913-4faf-80df-7e4ca59c7ec5,8a2c1ea1-5ed2-4584-8949-409e4f6c61f5,Reported to,9,Cooking and Baking: Culinary arts and gourmet cooking,2025-08-30 16:04:19,2025-11-27 10:31:13.240475,true
ad1a9225-fcc4-4251-a469-232a3e0837a6,c88b5fdd-4fa9-4821-a021-a9a305ae1056,826b176c-4bff-4cea-a78a-eeceb8347257,Family - first level,9,"Technology and Gaming: Video gaming (console gaming, PC gaming)",2025-08-30 16:04:19,2025-11-27 10:31:13.240475,true
ae4ca61e-82ed-4791-ab87-cdc9a54aa93b,d6b929f4-2852-4d6b-b816-2cf7812b7d4f,34220f8f-3c17-45d1-8c72-88ae381a6de8,Co-author,7,"Creative Arts: Painting (oil painting, watercolor, acrylics)",2025-08-30 16:04:19,2025-11-27 10:31:13.240475,true
ae6bd030-ee22-4e20-a1b0-3abd3e064c9e,2340712b-6ff2-419f-8a99-01f4057ee136,2862a95b-ef8b-4645-b623-103fd42b7e80,Co-founder,9,Health and Wellness: Yoga retreats and wellness tourism,2025-08-30 16:04:19,2025-11-27 10:31:13.240475,true
b0127aab-8821-4dff-9fca-e1129d22d9bc,eeaf82e5-7d1f-4cee-b919-dd39f529c42a,bab4920a-9bdc-41c8-90fe-924015961032,Collaborated with,8,"Technology and Gaming: Video gaming (console gaming, PC gaming)",2025-08-30 16:04:19,2025-11-27 10:31:13.240475,true
b03353db-7e33-40ce-bb0b-40ed718c27ee,93ace85f-3e3a-4534-a611-970a3f707ced,1a9c2063-77e6-4681-b33b-dc32fed47752,Fellow Board Member,8,Cooking and Baking: Culinary arts and gourmet cooking,2025-08-30 16:04:19,2025-11-27 10:31:13.240475,true
b12be70b-6c3f-49b3-bb45-6a028f917e78,b1051b45-ff02-408f-bb8c-92b6611f659d,a77c6909-50e7-4309-bfd6-103f5b5e7fd0,Family - first level,9,"Outdoor Activities: Camping (tent camping, RV camping)",2025-08-30 16:04:19,2025-11-27 10:31:13.240475,true
b17a52af-c262-472c-bc5a-3e6236fbf2ce,c11de772-c0c8-46b1-a39e-e8e0f8b7317a,daaa7116-a311-4aed-93b3-500e1302e814,Reported to,9,Travel and Exploration: Backpacking and adventure travel,2025-08-30 16:04:19,2025-11-27 10:31:13.240475,true
b1dc749d-b69d-407f-901b-ba1a3d6f5f91,346f3c8d-4239-412f-9af9-841e0e8d0163,72d98ef2-1157-4ac4-b160-3c251f8af2a9,Friends with,6,Travel and Exploration: Backpacking and adventure travel,2025-08-30 16:04:19,2025-11-27 10:31:13.240475,true
b20cc6d5-a5b0-48da-91ab-fb6822b69aac,0178e78b-ca2b-4c1d-8478-c54d654da361,67a6f86b-f086-4eb4-a2f1-924bb39c8401,Fellow Speaker,3,"Creative Arts: Painting (oil painting, watercolor, acrylics)",2025-08-30 16:04:19,2025-11-27 10:31:13.240475,true
b2658562-2d20-4d25-9b1b-b20a4a113f3f,8343fb23-b137-4f10-8431-f112916914b2,e45038f7-784f-4e04-a167-9755f22dd960,Family - first level,9,"Creative Arts: Painting (oil painting, watercolor, acrylics)",2025-08-30 16:04:19,2025-11-27 10:31:13.240475,true
b29425c0-c0dc-455f-bd07-0d6347b8fefb,5831b241-ec64-421b-aa80-4b802bfed582,fd9f18be-ebde-4b56-8e47-e692f93c65c3,Collaborated with,8,"Technology and Gaming: Video gaming (console gaming, PC gaming)",2025-08-30 16:04:19,2025-11-27 10:31:13.240475,true
b2d1f44d-140f-4d88-985d-26a130f897b9,608ac43e-ed0b-4f70-bbc4-3246df894656,410fa169-fc21-4c6a-b56a-29c5d579e97d,Advisor/Advisee,7,Cooking and Baking: Culinary arts and gourmet cooking,2025-08-30 16:04:19,2025-11-27 10:31:13.240475,true
b34114f5-eeac-4dfe-b2df-4b86c69e4c52,d1f61c0c-edf2-49bc-9b49-6fd0681e5316,a111d6f0-7c90-4bc0-9755-8175281868de,Co-founder,9,Travel and Exploration: Visiting new countries and cultures,2025-08-30 16:04:19,2025-11-27 10:31:13.240475,true
b3527910-8765-4f81-b284-1ada6d7f0d59,b9a9b600-777c-49e9-9a37-c2371bb8c4e7,2ed86b15-7378-465e-ba18-ed252848712c,Reported to,9,Health and Wellness: Yoga retreats and wellness tourism,2025-08-30 16:04:19,2025-11-27 10:31:13.240475,true
b57ec5d6-46dd-4475-99ed-6696e8ba35ba,81e7ea78-d24a-4a28-9a03-4d3aaa986b53,8f04dc00-46df-4c2a-a801-d3060f7a275b,Co-author,7,"Outdoor Activities: Camping (tent camping, RV camping)",2025-08-30 16:04:19,2025-11-27 10:31:13.240475,true
b6188ea2-2f90-43c1-b1d8-3c7b5e75d8ba,51bc23c5-e2f2-45ee-8541-33023c9c6b93,bf987358-1a34-4ef5-a0f7-b6d73e27fd09,Fellow Committee Member,5,Health and Wellness: Yoga retreats and wellness tourism,2025-08-30 16:04:19,2025-11-27 10:31:13.240475,true
b7a2a20f-a6e5-454f-bfda-46c7794f454f,060bd9f8-b730-4977-806d-03e1dfe5cd42,c36f0ef4-9639-4852-a94b-849c94e30893,Fellow Alumni,3,"Reading and Literature: Poetry and poetic forms (haiku, sonnets, free verse)",2025-08-30 16:04:19,2025-11-27 10:31:13.240475,true
b94fb247-dbc9-4cbf-9689-f01288073490,6402defd-144b-45fb-a5cc-8ff168b4db9a,8e5db93d-c20d-4a44-b7fb-f88f99349202,Business Partner,9,"Reading and Literature: Poetry and poetic forms (haiku, sonnets, free verse)",2025-08-30 16:04:19,2025-11-27 10:31:13.240475,true
ba217f40-8be8-43b4-b9bf-ec33c107f378,c672efb2-4938-40f7-8a3d-4e3c57da2858,8f04dc00-46df-4c2a-a801-d3060f7a275b,Friends with,6,"Reading and Literature: Poetry and poetic forms (haiku, sonnets, free verse)",2025-08-30 16:04:19,2025-11-27 10:31:13.240475,true
ba872715-aeb9-4086-b535-2f918108b5d6,f598296f-5282-4087-bc59-9858ea4452f8,565628d3-5892-4f3e-bcd3-61600d3181e9,Reported to,9,Travel and Exploration: Backpacking and adventure travel,2025-08-30 16:04:19,2025-11-27 10:31:13.240475,true
bab78f71-811c-45ad-b1bf-771b1273bee5,1c815e5f-1ef9-4a96-ae87-1ddfdb57650f,6f1c9da4-81d9-4cca-9a8d-8720938c9b80,Fellow Committee Member,5,"Technology and Gaming: Video gaming (console gaming, PC gaming)",2025-08-30 16:04:19,2025-11-27 10:31:13.240475,true
bae28b51-060a-4b95-b899-8994624e6568,ce681af8-71cf-4abf-958b-95559c3889f1,8a26a9e4-7864-4f1a-afed-af0a20b08a19,Fellow Committee Member,5,Cooking and Baking: Culinary arts and gourmet cooking,2025-08-30 16:04:19,2025-11-27 10:31:13.240475,true
bb10c7a3-6b16-45b8-909b-4d4946ba4be3,05772823-69a7-45c9-bd3a-beca07d3a481,b06e9c18-2542-496f-a9ff-3cd3131a766f,Fellow Committee Member,5,Health and Wellness: Yoga retreats and wellness tourism,2025-08-30 16:04:19,2025-11-27 10:31:13.240475,true
bc5dcd2e-b9ec-407a-ac90-7386f0275254,70415692-1554-4dfe-9446-aa68827a8b6e,5ab17456-cc3d-456c-85a4-012e9d2ed334,Co-founder,9,"Reading and Literature: Poetry and poetic forms (haiku, sonnets, free verse)",2025-08-30 16:04:19,2025-11-27 10:31:13.240475,true
bca7279b-7817-4fc3-baa7-7503c1d4b737,9fb589c8-d65f-488e-b33e-428e969b6cd6,bf987358-1a34-4ef5-a0f7-b6d73e27fd09,Co-author,7,"Outdoor Activities: Camping (tent camping, RV camping)",2025-08-30 16:04:19,2025-11-27 10:31:13.240475,true
bcf73175-f19b-4510-9bc6-5d541330d91b,1df81b8d-32ee-4c9c-9120-2c842688ff43,ccc54d79-fa45-4eca-af0a-b54933ad9e9f,Student/teacher,8,"Reading and Literature: Poetry and poetic forms (haiku, sonnets, free verse)",2025-08-30 16:04:19,2025-11-27 10:31:13.240475,true
bd0f52e5-25da-4d43-b007-9fc244d2ff72,0f3d3a3c-32e4-418f-a401-f27ca3a29698,8f5ec432-5429-4c19-94de-b2319982c7d4,Mentor/Mentee,8,Health and Wellness: Yoga retreats and wellness tourism,2025-08-30 16:04:19,2025-11-27 10:31:13.240475,true
be1b974a-0f99-447b-b435-fab2cd96028e,2b177450-699d-44b1-b572-0da4331c05eb,4ce63fb4-0066-4789-882c-cca3a4c6cfbc,Friends with,6,Travel and Exploration: Backpacking and adventure travel,2025-08-30 16:04:19,2025-11-27 10:31:13.240475,true
be2dc524-7755-4896-8abf-b7c8044f4eee,94d05938-44cd-4d19-8e5f-a913422e3cca,c5496821-6d6a-4413-9943-a7b5cd2d9d28,Fellow Speaker,3,"Outdoor Activities: Camping (tent camping, RV camping)",2025-08-30 16:04:19,2025-11-27 10:31:13.240475,true
be615ad6-363d-4637-90fe-b6585adc638d,01e97589-44e7-44d2-83ec-f215c6058414,9d1a3c93-dfae-4123-b989-8c3ac0e3ecc3,Family - extended,5,Cooking and Baking: Culinary arts and gourmet cooking,2025-08-30 16:04:19,2025-11-27 10:31:13.240475,true
be9582d6-acbf-4dd4-98d5-dd15e352c066,3fd5da33-92af-46c6-a4e8-4d9b76079863,60ad3b01-6542-4e4e-b715-36d7cc9539ae,Advisor/Advisee,7,Travel and Exploration: Visiting new countries and cultures,2025-08-30 16:04:19,2025-11-27 10:31:13.240475,true
bfcbd128-ce61-4655-a89f-eabaa74d5592,c70a5850-749e-4aec-81b3-b3ecbfb9e920,67a6f86b-f086-4eb4-a2f1-924bb39c8401,Fellow Speaker,3,"Technology and Gaming: Video gaming (console gaming, PC gaming)",2025-08-30 16:04:19,2025-11-27 10:31:13.240475,true
bfeaafc7-68ea-4751-8f09-88aa46e1a765,d9141ff3-1ba0-400e-b91a-0db20e82620e,5842e994-9a95-4b66-94e1-02fac0214bfa,Co-founder,9,Travel and Exploration: Visiting new countries and cultures,2025-08-30 16:04:19,2025-11-27 10:31:13.240475,true
c02add5b-7fbf-4265-a3ce-df0b8f3ece92,cc99978a-329c-4a17-bb42-7ec97b74a9cb,f7b53c95-8860-41c7-9311-f82c3ca9a3db,Business Partner,9,"Reading and Literature: Poetry and poetic forms (haiku, sonnets, free verse)",2025-08-30 16:04:19,2025-11-27 10:31:13.240475,true
c2a2a09d-145d-4922-ae91-ad96d5fb2ebe,98c0224f-b76a-4518-ae4a-fdaf2a641dad,d4984361-7bae-4c1c-aa08-e32a4a3003d6,Co-worker/Colleague,6,Travel and Exploration: Visiting new countries and cultures,2025-08-30 16:04:19,2025-11-27 10:31:13.240475,true
c318be1c-91b2-42c6-b3ec-c2433b76b0de,5db8cd02-0d7b-4130-8f5a-1956ee454186,4ac05beb-094a-4bce-b53a-9fee9d87022e,Friends with,6,Travel and Exploration: Backpacking and adventure travel,2025-08-30 16:04:19,2025-11-27 10:31:13.240475,true
c33355f2-0f9a-481f-a8bc-ff507deeddd1,e197d2ce-b409-4f7d-a30b-ac64189c5e5e,91ea5d72-1d40-45c6-a4cb-892ed1484ebe,Family - extended,5,"Creative Arts: Painting (oil painting, watercolor, acrylics)",2025-08-30 16:04:19,2025-11-27 10:31:13.240475,true
c33c1b03-ccb0-4b32-9a22-bdd8ad5cfa2b,5c2c81d8-3691-4654-b9c8-9d25c1f73b7d,12b56280-ef2d-4753-807c-a9f958c77a2a,Collaborated with,8,Cooking and Baking: Culinary arts and gourmet cooking,2025-08-30 16:04:19,2025-11-27 10:31:13.240475,true
c3f1bb35-7412-4fb2-971b-5e5c65eb4232,3ce5f49a-1a6e-4439-a0b8-badf2c3d3524,dd601c90-61fb-419a-b070-bd0c79ee5895,Family - first level,9,Travel and Exploration: Backpacking and adventure travel,2025-08-30 16:04:19,2025-11-27 10:31:13.240475,true
c44feb55-1b1a-4bcb-986a-572bab3bccee,cb27667e-2ebf-454d-927b-01295d0b52f9,34220f8f-3c17-45d1-8c72-88ae381a6de8,Friends with,6,"Creative Arts: Painting (oil painting, watercolor, acrylics)",2025-08-30 16:04:19,2025-11-27 10:31:13.240475,true
c4bb4c12-8609-404e-a071-73151b030f97,f071da9a-2d5b-4dff-a6a7-603b04805b62,177d7144-f619-4b7f-a4ee-0ba709093065,Co-author,7,Health and Wellness: Yoga retreats and wellness tourism,2025-08-30 16:04:19,2025-11-27 10:31:13.240475,true
c4ddf21d-d0a7-44d0-8821-aa1ec617fc62,cb474fef-8992-4bca-9874-c4ddbf18e5ba,fd9f18be-ebde-4b56-8e47-e692f93c65c3,Student/teacher,8,Travel and Exploration: Backpacking and adventure travel,2025-08-30 16:04:19,2025-11-27 10:31:13.240475,true
c4ed6575-3bd3-40b3-ae32-5bed7a56687b,19e8ff80-c4dc-4bbc-a310-a044cc15730c,5ab17456-cc3d-456c-85a4-012e9d2ed334,Business Partner,9,"Technology and Gaming: Video gaming (console gaming, PC gaming)",2025-08-30 16:04:19,2025-11-27 10:31:13.240475,true
c5623391-0c6c-4d0f-b307-fc50a3108317,82c0f34c-6750-4512-9b29-377cd817a500,2df1fde1-8e0b-40d7-911a-5f2703edbd07,Co-worker/Colleague,6,"Reading and Literature: Poetry and poetic forms (haiku, sonnets, free verse)",2025-08-30 16:04:19,2025-11-27 10:31:13.240475,true
c645cacc-f1a5-401a-8217-68df5f572141,e8693f7e-c9f3-47eb-918b-cb7bdb711aec,e19658e5-b81b-441f-a613-dc3ec6507184,Family - first level,9,Travel and Exploration: Backpacking and adventure travel,2025-08-30 16:04:19,2025-11-27 10:31:13.240475,true
c74ccd12-2139-4e4c-bba5-ecbb23408426,59a9c9c0-9076-46c5-ab43-ccd5c3c03cf9,96238e52-c177-4aab-9c6e-d1ca3c9afd54,Family - first level,9,Travel and Exploration: Visiting new countries and cultures,2025-08-30 16:04:19,2025-11-27 10:31:13.240475,true
c773dad8-2b09-4d81-8f5c-c3f127f0c38f,4445dd3e-ced6-4cd1-847c-0e0e75ac3258,6e0a2da3-f49c-4be0-ab34-5320a3cc74b1,Friends with,6,"Technology and Gaming: Video gaming (console gaming, PC gaming)",2025-08-30 16:04:19,2025-11-27 10:31:13.240475,true
c82b4ba5-5242-4e49-af89-a17d43af750a,f06a84ef-14a5-498b-8981-64c372698332,95ac62dc-dd42-4669-bd4e-fd05366dbdcb,Student/teacher,8,Travel and Exploration: Visiting new countries and cultures,2025-08-30 16:04:19,2025-11-27 10:31:13.240475,true
c86a6e00-d82d-46e4-9d28-0b714457b88c,72640ec6-a58a-4646-b46c-e2e72a162e7a,b06e9c18-2542-496f-a9ff-3cd3131a766f,Family - first level,9,"Technology and Gaming: Video gaming (console gaming, PC gaming)",2025-08-30 16:04:19,2025-11-27 10:31:13.240475,true
c8c70b81-5878-4927-9c61-d5dcfb16e1aa,11ccec74-5a84-48ae-b300-67bbf4d1cb8e,49032342-3eaf-4285-bf1e-69a4aeb4322a,Fellow Board Member,8,"Technology and Gaming: Video gaming (console gaming, PC gaming)",2025-08-30 16:04:19,2025-11-27 10:31:13.240475,true
c976bc23-1c88-4c2e-a77d-cfa3999f1070,18366e0a-d82e-485e-8dde-059e6463051d,0a81c4d2-4bbb-4f9d-a53a-caf49d5821ce,Advisor/Advisee,7,"Reading and Literature: Poetry and poetic forms (haiku, sonnets, free verse)",2025-08-30 16:04:19,2025-11-27 10:31:13.240475,true
c9eaea76-70ea-4cf6-bf6a-d443bb39999a,8e4da1bc-5b6d-4e27-b867-6405bafa1a6a,dd4dd762-8340-4723-aa99-89fbd89d0bcf,Fellow Board Member,8,"Creative Arts: Painting (oil painting, watercolor, acrylics)",2025-08-30 16:04:19,2025-11-27 10:31:13.240475,true
c9f69273-d1e1-4f23-8590-941d5bc3086f,f70b88bf-14ab-4d03-968a-4461fa37fd0e,0496be7b-16fc-4c98-b744-4158eab6da46,Student/teacher,8,"Outdoor Activities: Camping (tent camping, RV camping)",2025-08-30 16:04:19,2025-11-27 10:31:13.240475,true
cb6765c3-eaaf-4d54-a9e0-8c4871855a60,ad5f2272-be9b-467b-966f-abbf917fb623,2dda8be8-0ac6-4ff2-ad09-fcbc3fbf92f2,Family - first level,9,"Outdoor Activities: Camping (tent camping, RV camping)",2025-08-30 16:04:19,2025-11-27 10:31:13.240475,true
cbbd1c5e-97a3-421c-a654-4d9571ad345f,0748175f-9a12-4919-8233-33c7b187f869,98c0224f-b76a-4518-ae4a-fdaf2a641dad,Reported to,9,"Creative Arts: Painting (oil painting, watercolor, acrylics)",2025-08-30 16:04:19,2025-11-27 10:31:13.240475,true
cbc02d8d-4119-4cc0-a0c3-d02e3fedd012,36a86dfc-a4b1-4203-a96d-f2e6ba9db90a,de8b37f5-5829-444d-9f3f-53a893f1481f,Friends with,6,"Reading and Literature: Poetry and poetic forms (haiku, sonnets, free verse)",2025-08-30 16:04:19,2025-11-27 10:31:13.240475,true
cca0c9d5-1670-4ef0-ae39-8f2d49954d48,2b8ee594-8f21-4d3f-9de4-881662f13a31,74a5b0af-0c1c-49b2-827c-33b0388858b1,Fellow Speaker,3,"Creative Arts: Painting (oil painting, watercolor, acrylics)",2025-08-30 16:04:19,2025-11-27 10:31:13.240475,true
cd1b5c4e-73ac-463b-b4bc-dda232219cb7,404da108-b23e-49d4-b688-ef6cd27efdb1,e1834296-55ee-4ca1-b52a-821fe749239c,Family - extended,5,Health and Wellness: Yoga retreats and wellness tourism,2025-08-30 16:04:19,2025-11-27 10:31:13.240475,true
cd5150b8-d24b-48eb-8873-aad3730903f1,e3ca4e21-7acc-4620-9158-a6a8699bdb72,dd4dd762-8340-4723-aa99-89fbd89d0bcf,Reported to,9,"Creative Arts: Painting (oil painting, watercolor, acrylics)",2025-08-30 16:04:19,2025-11-27 10:31:13.240475,true
ce115cbb-6389-426f-9b1e-50525fc433f3,0cd47a3a-4503-45bb-802c-b111b43cb890,3da61d27-cea9-4a4c-9c46-ba96abaa926e,Mentor/Mentee,8,Cooking and Baking: Culinary arts and gourmet cooking,2025-08-30 16:04:19,2025-11-27 10:31:13.240475,true
cf08a97c-575c-4beb-94de-dbec49c4d133,50c99fc5-89e6-40af-af3b-9696ea164ec2,4dd1701c-060e-446c-815d-bb496dbac2cf,Reported to,9,"Creative Arts: Painting (oil painting, watercolor, acrylics)",2025-08-30 16:04:19,2025-11-27 10:31:13.240475,true
cf1063f4-3b3b-4bc5-aa5e-2cc9747f520e,2cbbea22-341d-4739-aad8-449aff8f7470,044b5b1b-62da-4416-aafe-25ea04e084d8,Co-founder,9,"Outdoor Activities: Camping (tent camping, RV camping)",2025-08-30 16:04:19,2025-11-27 10:31:13.240475,true
d0230871-9b4d-4cb9-bc2a-9e8ed8a8ca40,ec9997a0-8df0-47c9-80c8-ae43b12baac4,11c7509f-1571-4298-af6f-c1bc99c68ee9,Fellow Alumni,3,"Outdoor Activities: Camping (tent camping, RV camping)",2025-08-30 16:04:19,2025-11-27 10:31:13.240475,true
d07a0ddc-5d1b-4b55-9293-3acc8e150e93,6df91c5d-d64b-44aa-9cd4-3cea7a81c626,0496be7b-16fc-4c98-b744-4158eab6da46,Family - extended,5,"Creative Arts: Painting (oil painting, watercolor, acrylics)",2025-08-30 16:04:19,2025-11-27 10:31:13.240475,true
d09658b3-4b6d-443f-a175-4e9edff270cc,1632dcbc-873d-4a5a-8d48-7040bca9d63f,c710a691-e490-4ec0-acfd-6cd9d64147b7,Fellow Committee Member,5,"Reading and Literature: Poetry and poetic forms (haiku, sonnets, free verse)",2025-08-30 16:04:19,2025-11-27 10:31:13.240475,true
d09d843c-f11c-4aba-9a40-df4cb0f7ba67,f6ccd5df-76a0-4786-8d8f-426e0297d713,e50c537a-a003-451b-ab4d-ca47db4efc55,Advisor/Advisee,7,"Outdoor Activities: Camping (tent camping, RV camping)",2025-08-30 16:04:19,2025-11-27 10:31:13.240475,true
d11e60d9-139d-4a65-949e-049b97e819ea,0f672771-5dcc-4a70-830c-1e9def14bb1a,3bc42d1e-d7a7-467b-9657-4ba80a9435c8,Family - extended,5,Travel and Exploration: Backpacking and adventure travel,2025-08-30 16:04:19,2025-11-27 10:31:13.240475,true
d1691779-2a98-485e-af6a-4efcfe0d23e6,189d3a9d-4aef-43b3-b840-7e6f23e3cdd2,78e30c1f-3001-4a92-afff-6d2f029829e0,Reported to,9,"Technology and Gaming: Video gaming (console gaming, PC gaming)",2025-08-30 16:04:19,2025-11-27 10:31:13.240475,true
d1852a16-7393-47d1-964c-816a0b9a7938,a17ef7bc-5a00-4c01-be28-613b90a5e81d,a77c6909-50e7-4309-bfd6-103f5b5e7fd0,Fellow Board Member,8,"Outdoor Activities: Camping (tent camping, RV camping)",2025-08-30 16:04:19,2025-11-27 10:31:13.240475,true
d1f1cea3-1e70-417c-a5e3-39c58a83465b,aee8cfca-87db-46d2-b391-e43201444ce6,e4cd9cf3-b717-4fcb-9390-172fbffc2ab1,Fellow Speaker,3,Travel and Exploration: Backpacking and adventure travel,2025-08-30 16:04:19,2025-11-27 10:31:13.240475,true
d2a6a034-1148-465c-b607-42642b4c436f,50003772-4cf8-4853-b962-518ac259506f,3fd5da33-92af-46c6-a4e8-4d9b76079863,Fellow Committee Member,5,Travel and Exploration: Visiting new countries and cultures,2025-08-30 16:04:19,2025-11-27 10:31:13.240475,true
d2f980bc-24fa-482a-823e-a222e5cb16a4,abcbb48f-b8a3-426f-8c5f-76efbc3829c0,98c0224f-b76a-4518-ae4a-fdaf2a641dad,Friends with,6,"Outdoor Activities: Camping (tent camping, RV camping)",2025-08-30 16:04:19,2025-11-27 10:31:13.240475,true
d3192457-96d2-458e-89fb-5f7fdb114ffa,59a5a27f-6eb2-4dd1-a884-81b16b3474f6,c36f0ef4-9639-4852-a94b-849c94e30893,Co-founder,9,Travel and Exploration: Visiting new countries and cultures,2025-08-30 16:04:19,2025-11-27 10:31:13.240475,true
d31f1873-ef89-4257-a1a2-b0c77c7da7c8,2643dea1-ccbe-4dd7-ac97-a5a3d7a27e12,ea682350-387b-4ae0-8b43-2a130bd135c3,Reported to,9,"Outdoor Activities: Camping (tent camping, RV camping)",2025-08-30 16:04:19,2025-11-27 10:31:13.240475,true
d3b70f27-13a7-4ad0-9f9a-664ee255e957,556ec505-4932-416e-b7d2-f79bce6db5f0,613675aa-9e33-4d93-89a2-22f0d4207036,Business Partner,9,"Creative Arts: Painting (oil painting, watercolor, acrylics)",2025-08-30 16:04:19,2025-11-27 10:31:13.240475,true
d4845f19-b1d3-4a47-a0e7-13afea17b587,ab328f1e-368e-4106-a169-fc18d8930ed2,fd9f18be-ebde-4b56-8e47-e692f93c65c3,Mentor/Mentee,8,"Reading and Literature: Poetry and poetic forms (haiku, sonnets, free verse)",2025-08-30 16:04:19,2025-11-27 10:31:13.240475,true
d4f44ab0-817a-4f3e-8b4c-4f8b04640664,81853109-44b3-46e7-915b-933e9b7f39ea,613675aa-9e33-4d93-89a2-22f0d4207036,Business Partner,9,"Outdoor Activities: Camping (tent camping, RV camping)",2025-08-30 16:04:19,2025-11-27 10:31:13.240475,true
d57fe7e4-71a7-40d3-9966-aa61bd4122f2,99c43c15-49d9-43d9-ac73-06b949567b10,5842e994-9a95-4b66-94e1-02fac0214bfa,Student/teacher,8,"Outdoor Activities: Camping (tent camping, RV camping)",2025-08-30 16:04:19,2025-11-27 10:31:13.240475,true
d648342c-d041-4d8a-89af-72ac06d72a5e,8a54bd0b-54e1-41ff-8e15-d7b7b38b8a97,a111d6f0-7c90-4bc0-9755-8175281868de,Fellow Committee Member,5,Health and Wellness: Yoga retreats and wellness tourism,2025-08-30 16:04:19,2025-11-27 10:31:13.240475,true
d68f0a06-bbc7-4cd3-aa9d-0895df14f714,07c08a95-b20e-4c0c-a920-c478180d67f3,daaa7116-a311-4aed-93b3-500e1302e814,Co-founder,9,"Outdoor Activities: Camping (tent camping, RV camping)",2025-08-30 16:04:19,2025-11-27 10:31:13.240475,true
d74e17a7-9b6b-4f16-b00e-08e12bea44bb,7c1ebb0e-d020-4d85-af43-df1016ef525a,733893d4-6668-4b7b-8b53-915f3d577ead,Fellow Speaker,3,"Reading and Literature: Poetry and poetic forms (haiku, sonnets, free verse)",2025-08-30 16:04:19,2025-11-27 10:31:13.240475,true
d770005c-1bf0-4f17-929e-4931cbef2dcf,048326c0-b939-471c-9a6f-f80369497a2b,d8ae0379-4d80-45dd-ab48-24821b0a24ec,Family - first level,9,Travel and Exploration: Visiting new countries and cultures,2025-08-30 16:04:19,2025-11-27 10:31:13.240475,true
d7becbc5-cec0-46b9-97a4-474c8ec490f9,437e3d35-699c-42a4-a087-8b5c327ff197,7c5a5884-27ac-496f-bd5a-cb7de74cc7ea,Collaborated with,8,Cooking and Baking: Culinary arts and gourmet cooking,2025-08-30 16:04:19,2025-11-27 10:31:13.240475,true
d8d5a428-2be9-4bf7-a79e-85de488d5d6e,3c1bae20-c604-4fb5-a2a6-61dc48493676,8a2c1ea1-5ed2-4584-8949-409e4f6c61f5,Family - extended,5,Cooking and Baking: Culinary arts and gourmet cooking,2025-08-30 16:04:19,2025-11-27 10:31:13.240475,true
d9ddefa6-a82f-429b-bdf1-f4627864ccc1,e1d3536e-2db5-42e1-922f-c6b4ad8484d6,3fd5da33-92af-46c6-a4e8-4d9b76079863,Fellow Board Member,8,"Creative Arts: Painting (oil painting, watercolor, acrylics)",2025-08-30 16:04:19,2025-11-27 10:31:13.240475,true
da1ac520-e236-48f1-837d-6ce21425daaf,231b939d-8da4-4f88-931f-1414d89293ae,11c7509f-1571-4298-af6f-c1bc99c68ee9,Mentor/Mentee,8,"Outdoor Activities: Camping (tent camping, RV camping)",2025-08-30 16:04:19,2025-11-27 10:31:13.240475,true
da412810-422e-46ea-b2ef-c8d548d4a2b7,bfc7f96a-0536-4a55-a800-ef0234e2bf4c,37ada321-4743-473d-9885-ea8ee205fa0d,Fellow Alumni,3,Health and Wellness: Yoga retreats and wellness tourism,2025-08-30 16:04:19,2025-11-27 10:31:13.240475,true
daff42f4-c4a5-43f8-a6af-f2fedfc0e16d,db55f288-8523-45a2-be49-654f7abf1358,dafbe5a4-f72d-4e5e-a39d-c594d0204109,Family - extended,5,Health and Wellness: Yoga retreats and wellness tourism,2025-08-30 16:04:19,2025-11-27 10:31:13.240475,true
db90020e-316c-4051-832d-771c7f1b37ab,39586b4a-2423-411b-baf6-d5b2bd200926,26105b7f-5bec-480c-b842-12253e528c3f,Reported to,9,"Reading and Literature: Poetry and poetic forms (haiku, sonnets, free verse)",2025-08-30 16:04:19,2025-11-27 10:31:13.240475,true
dc6dcdd0-3d1d-451f-88fb-09d4ce08ae74,927a2ea3-ad46-4c7e-bc05-5e13c9c6d353,bf987358-1a34-4ef5-a0f7-b6d73e27fd09,Co-author,7,Cooking and Baking: Culinary arts and gourmet cooking,2025-08-30 16:04:19,2025-11-27 10:31:13.240475,true
dc9e4c74-b001-4fb6-af2f-df709eaacd8d,be63cf09-ced1-4ba3-8441-ad7f90b68307,8bb50e64-319d-4ba4-a083-1ab8ab321e1a,Business Partner,9,"Reading and Literature: Poetry and poetic forms (haiku, sonnets, free verse)",2025-08-30 16:04:19,2025-11-27 10:31:13.240475,true
dd020508-1700-4945-8d12-e96eb535572f,8d40631b-f87c-43bf-8d31-514d708c7bcd,de8b37f5-5829-444d-9f3f-53a893f1481f,Fellow Speaker,3,Health and Wellness: Yoga retreats and wellness tourism,2025-08-30 16:04:19,2025-11-27 10:31:13.240475,true
dd242d85-44b3-4c0f-a238-efc766636a6b,98847d12-abc5-4ba9-b9b1-4d153d214150,534b4a51-0592-4546-8887-1fc5c26f0bcc,Co-author,7,Health and Wellness: Yoga retreats and wellness tourism,2025-08-30 16:04:19,2025-11-27 10:31:13.240475,true
dd27cf36-e698-4f7c-92e9-afc2de358a2f,6a0680e3-a6e3-4b17-a2ef-201959e1d4ef,ccc54d79-fa45-4eca-af0a-b54933ad9e9f,Business Partner,9,Travel and Exploration: Visiting new countries and cultures,2025-08-30 16:04:19,2025-11-27 10:31:13.240475,true
de1ae6c0-d50d-4094-a97a-fa21b7772a8b,841aa32c-db5b-46ee-af0e-be32f31dbf66,c382a45a-acd9-497d-bfe5-1d12336590c8,Business Partner,9,"Creative Arts: Painting (oil painting, watercolor, acrylics)",2025-08-30 16:04:19,2025-11-27 10:31:13.240475,true
de373ef4-0e58-424f-9882-23022c766e35,82093f81-342e-41aa-a6ec-578a2864a82e,ec7c6f18-5e97-4fb1-baa9-fec7bbfb696f,Reported to,9,"Outdoor Activities: Camping (tent camping, RV camping)",2025-08-30 16:04:19,2025-11-27 10:31:13.240475,true
de42eae4-1168-4d36-b3ad-f67e65c7e8d5,de451338-83d6-4ac6-ba42-c64c69efe4c9,2b4d1634-1bb7-4d56-981b-16b714732f0c,Fellow Alumni,3,"Creative Arts: Painting (oil painting, watercolor, acrylics)",2025-08-30 16:04:19,2025-11-27 10:31:13.240475,true
de621fec-f3a8-4133-a6ba-78bf184e1686,82c32a70-0be2-4d07-93a8-c61199a8d0c8,91ea5d72-1d40-45c6-a4cb-892ed1484ebe,Friends with,6,"Outdoor Activities: Camping (tent camping, RV camping)",2025-08-30 16:04:19,2025-11-27 10:31:13.240475,true
de9cb75e-5202-416b-983d-84bf4e0018bf,72f246cf-48f3-4013-aeb2-e3636ccebf6a,91ea5d72-1d40-45c6-a4cb-892ed1484ebe,Mentor/Mentee,8,"Reading and Literature: Poetry and poetic forms (haiku, sonnets, free verse)",2025-08-30 16:04:19,2025-11-27 10:31:13.240475,true
df0fdcf7-5164-495d-845d-894f2d47e5b7,51bc23c5-e2f2-45ee-8541-33023c9c6b93,565628d3-5892-4f3e-bcd3-61600d3181e9,Co-author,7,"Reading and Literature: Poetry and poetic forms (haiku, sonnets, free verse)",2025-08-30 16:04:19,2025-11-27 10:31:13.240475,true
e07310ed-1144-488c-9480-66963ae590a0,2fe5c101-7d45-4d43-9760-33b83dbcd20a,69cc3dfc-35ac-41bd-9cde-c9eb3f27d8a6,Advisor/Advisee,7,Cooking and Baking: Culinary arts and gourmet cooking,2025-08-30 16:04:19,2025-11-27 10:31:13.240475,true
e122e699-c34b-454b-9ebc-e4f741e58b89,6c1b7af1-d7c8-480e-9e0d-7a7c4e37c62e,55127d3c-0e51-4a93-aabc-6efe62d285d8,Co-worker/Colleague,6,"Technology and Gaming: Video gaming (console gaming, PC gaming)",2025-08-30 16:04:19,2025-11-27 10:31:13.240475,true
e14cec14-b5df-43e1-ae11-6fbc67df22c6,a499369c-600f-4c95-8c4f-15b27de0781d,6de69601-efe5-48d8-bb80-ed5bd67d90d0,Fellow Speaker,3,Cooking and Baking: Culinary arts and gourmet cooking,2025-08-30 16:04:19,2025-11-27 10:31:13.240475,true
e184c22a-78da-4a76-aae1-70b5e616cd6d,82fac26d-2be3-4624-842f-73b74c7f6d98,ab21b441-6a1f-4c12-b96c-1601d6774fc2,Student/teacher,8,Health and Wellness: Yoga retreats and wellness tourism,2025-08-30 16:04:19,2025-11-27 10:31:13.240475,true
e23b482d-df8f-4a88-a217-a28f7cf43414,70e4afbe-e0fb-4e0d-9739-8f87aa81d4d8,613675aa-9e33-4d93-89a2-22f0d4207036,Collaborated with,8,Cooking and Baking: Culinary arts and gourmet cooking,2025-08-30 16:04:19,2025-11-27 10:31:13.240475,true
e2b15c78-8726-416b-86bd-ef05ebe1355c,3e876e2b-9513-4b74-8615-66ea985d7cf2,12b56280-ef2d-4753-807c-a9f958c77a2a,Reported to,9,"Technology and Gaming: Video gaming (console gaming, PC gaming)",2025-08-30 16:04:19,2025-11-27 10:31:13.240475,true
e2e6ae2b-9867-4ca9-9843-a0ca2162a314,1debd7bd-d621-4005-a721-8895d7dafd87,c2929836-84e2-4733-8c65-1035d01c588a,Family - extended,5,Health and Wellness: Yoga retreats and wellness tourism,2025-08-30 16:04:19,2025-11-27 10:31:13.240475,true
e3de1a0c-b521-4b3f-a548-a589f7c9e632,1c294395-ac18-4ca0-a216-b07355b3c514,f3a39504-8527-4542-a22c-fef10550dcb4,Fellow Alumni,3,Health and Wellness: Yoga retreats and wellness tourism,2025-08-30 16:04:19,2025-11-27 10:31:13.240475,true
e4135258-8972-42e7-832c-0336264df942,d934b447-bad2-4be7-beea-784568a2ab04,3da61d27-cea9-4a4c-9c46-ba96abaa926e,Mentor/Mentee,8,"Technology and Gaming: Video gaming (console gaming, PC gaming)",2025-08-30 16:04:19,2025-11-27 10:31:13.240475,true
e419856e-59b5-4ee5-811a-9ae4b9751651,0e4c7eae-8e91-4187-be4a-69f19582623d,ccc54d79-fa45-4eca-af0a-b54933ad9e9f,Collaborated with,8,"Technology and Gaming: Video gaming (console gaming, PC gaming)",2025-08-30 16:04:19,2025-11-27 10:31:13.240475,true
e4dd5529-574c-4650-91d9-66b008bd1bb0,8b904a9e-b01c-4d0a-baec-3d6e626c3622,dc6a8330-abbc-4924-ab6c-1d417e9038fd,Mentor/Mentee,8,"Outdoor Activities: Camping (tent camping, RV camping)",2025-08-30 16:04:19,2025-11-27 10:31:13.240475,true
e547ea40-aede-4b18-a4b0-15928f651a5e,4d25ae34-3926-4ef4-92ea-ff3ff06b26f5,8f04dc00-46df-4c2a-a801-d3060f7a275b,Fellow Committee Member,5,"Reading and Literature: Poetry and poetic forms (haiku, sonnets, free verse)",2025-08-30 16:04:19,2025-11-27 10:31:13.240475,true
e5af14c0-4822-496e-9c73-cc1c835be05c,abd9026d-b0a5-4584-b406-63058e451c08,31ef152b-e2b7-4c0d-b244-34f0d2ab2c7c,Fellow Alumni,3,"Reading and Literature: Poetry and poetic forms (haiku, sonnets, free verse)",2025-08-30 16:04:19,2025-11-27 10:31:13.240475,true
e5bcb352-9f78-479c-93d2-ea6c3e98f3f4,0fa00d8a-b92e-4dfd-bc82-bb3fad502ea6,044b5b1b-62da-4416-aafe-25ea04e084d8,Family - first level,9,"Technology and Gaming: Video gaming (console gaming, PC gaming)",2025-08-30 16:04:19,2025-11-27 10:31:13.240475,true
e5d20681-488b-4faa-8da4-0369fdd5b057,a71a159d-6876-4bce-a8f8-33bc7d3cbff6,72d98ef2-1157-4ac4-b160-3c251f8af2a9,Family - extended,5,"Technology and Gaming: Video gaming (console gaming, PC gaming)",2025-08-30 16:04:19,2025-11-27 10:31:13.240475,true
e69b1f29-fef2-46ff-b114-6655e118bc50,a5007a50-6ff0-492c-8811-bfb2979e6944,3292cb01-0f37-45fa-87c5-c4077a323754,Fellow Speaker,3,Cooking and Baking: Culinary arts and gourmet cooking,2025-08-30 16:04:19,2025-11-27 10:31:13.240475,true
e69c5dbe-1fef-455e-b773-e0d311f0e5d7,5151e715-226a-45f6-99cf-6ef6fe3b2dbc,99a410c4-7939-45da-b36e-ddc84977d52e,Business Partner,9,"Outdoor Activities: Camping (tent camping, RV camping)",2025-08-30 16:04:19,2025-11-27 10:31:13.240475,true
e7c359b5-017b-4e98-95f6-4bec5b7166ab,9bba45f3-78cd-45bb-b413-66e6cbbb716f,96238e52-c177-4aab-9c6e-d1ca3c9afd54,Collaborated with,8,Travel and Exploration: Visiting new countries and cultures,2025-08-30 16:04:19,2025-11-27 10:31:13.240475,true
e8263a33-33dd-4e2f-ac76-9b61dd0b8b1f,69828d9a-23e8-42d7-9a07-91a38504aa02,2b4d1634-1bb7-4d56-981b-16b714732f0c,Advisor/Advisee,7,"Outdoor Activities: Camping (tent camping, RV camping)",2025-08-30 16:04:19,2025-11-27 10:31:13.240475,true
e83b3779-8b45-42a5-8c93-f5ec180cc40d,126d7c06-4a0d-49bf-9919-0809c49d5d93,e59b3347-c2d5-4419-a24a-ebd2344e68df,Collaborated with,8,Travel and Exploration: Visiting new countries and cultures,2025-08-30 16:04:19,2025-11-27 10:31:13.240475,true
e8745097-3115-48ae-8cf2-a9d2911cf1b2,a92ecca8-4b68-486a-8c7a-00003753544f,29f0b517-7c10-4698-87ad-1881dc20ea1a,Fellow Board Member,8,Health and Wellness: Yoga retreats and wellness tourism,2025-08-30 16:04:19,2025-11-27 10:31:13.240475,true
e927728f-9811-4314-80b3-5ccccd5a7153,61965c1a-c8c8-4f22-a1a5-7f09019c8779,c2929836-84e2-4733-8c65-1035d01c588a,Reported to,9,"Outdoor Activities: Camping (tent camping, RV camping)",2025-08-30 16:04:19,2025-11-27 10:31:13.240475,true
e9308431-d79d-4b63-9ab9-ce5b7f8f1aaa,4c6fe2ef-1713-433e-adfd-82cb5d6e5db3,8bb50e64-319d-4ba4-a083-1ab8ab321e1a,Business Partner,9,Cooking and Baking: Culinary arts and gourmet cooking,2025-08-30 16:04:19,2025-11-27 10:31:13.240475,true
e9865067-e27e-4b5a-b38c-38fa5c7f3421,d5b4b31e-1a99-4af4-abd5-7303d9917246,8e5db93d-c20d-4a44-b7fb-f88f99349202,Fellow Committee Member,5,"Reading and Literature: Poetry and poetic forms (haiku, sonnets, free verse)",2025-08-30 16:04:19,2025-11-27 10:31:13.240475,true
e9e9030a-9262-4f21-8153-6a9800b5db07,cc69a3b5-489a-49de-9a36-1d9d8eeb3a71,e1834296-55ee-4ca1-b52a-821fe749239c,Friends with,6,"Outdoor Activities: Camping (tent camping, RV camping)",2025-08-30 16:04:19,2025-11-27 10:31:13.240475,true
e9f1a004-3ec6-408b-b374-363525a874f8,ccf11c74-e93a-4600-b665-68e5f7f9da25,045eb9b0-29b3-4ba5-988a-6b04237c9875,Fellow Speaker,3,"Creative Arts: Painting (oil painting, watercolor, acrylics)",2025-08-30 16:04:19,2025-11-27 10:31:13.240475,true
eb0ac356-1d4c-4a9c-8b59-e36e787d16c0,db30a29e-1c37-4b84-9c30-d868bb4d81da,8e8a87d1-c3b8-44e7-8867-e2692e02f190,Fellow Alumni,3,Travel and Exploration: Visiting new countries and cultures,2025-08-30 16:04:19,2025-11-27 10:31:13.240475,true
eb336c41-7c22-409e-b6d9-d8ae2e28a322,39c0f010-b8fb-491a-85db-78182780d6dc,60ad3b01-6542-4e4e-b715-36d7cc9539ae,Fellow Board Member,8,Cooking and Baking: Culinary arts and gourmet cooking,2025-08-30 16:04:19,2025-11-27 10:31:13.240475,true
eb88e259-3435-4f67-8724-62110373e8ce,cc61581c-5408-4783-852c-ceb792d94461,42078308-3e2e-4291-8f20-f8816b41fbdb,Family - first level,9,"Technology and Gaming: Video gaming (console gaming, PC gaming)",2025-08-30 16:04:19,2025-11-27 10:31:13.240475,true
ec393cd5-10d8-423b-978e-c19605a8d7a0,a912d7dd-4259-4601-a565-959acbff0953,6600e210-ea7b-4568-b135-4ccb8403d3ac,Family - first level,9,"Creative Arts: Painting (oil painting, watercolor, acrylics)",2025-08-30 16:04:19,2025-11-27 10:31:13.240475,true
ec5ae2e9-7e39-4b1f-85be-991a7e7af6fc,38c71011-204f-4da3-999e-956ea8791977,e57c544a-160a-4db0-9ef7-8c409f45d525,Business Partner,9,Travel and Exploration: Backpacking and adventure travel,2025-08-30 16:04:19,2025-11-27 10:31:13.240475,true
ec78547c-d25e-49f8-9607-7b684b79c970,4feb4ba5-a1ab-44fa-ac85-c034e091192a,6994e448-67f5-4eae-8eaf-ad58dc3400d5,Fellow Board Member,8,"Outdoor Activities: Camping (tent camping, RV camping)",2025-08-30 16:04:19,2025-11-27 10:31:13.240475,true
eca9b206-3aff-447c-bfa9-171dd4149f9f,3b5b26a3-da2f-4d97-8d86-0a05da881084,4ef45869-4153-4e60-85d9-f53563b14c2d,Fellow Board Member,8,"Technology and Gaming: Video gaming (console gaming, PC gaming)",2025-08-30 16:04:19,2025-11-27 10:31:13.240475,true
ecd115f5-9a8b-478f-98ea-99cc3a39c68f,d298b3f8-7634-4682-a538-6c70013e1248,8e477cf9-508b-4b37-ad9f-dbd5a590edb8,Friends with,6,"Outdoor Activities: Camping (tent camping, RV camping)",2025-08-30 16:04:19,2025-11-27 10:31:13.240475,true
ecdf0be7-b41e-4230-adf6-f7c7ad3ce16c,3698b8c9-78f7-43b1-b807-6df2b63c3802,410fa169-fc21-4c6a-b56a-29c5d579e97d,Fellow Board Member,8,"Creative Arts: Painting (oil painting, watercolor, acrylics)",2025-08-30 16:04:19,2025-11-27 10:31:13.240475,true
ed8fd456-3707-474c-82f4-73e36be38309,ec0b662c-4bbb-4eb0-af18-73222ea2992d,d0a73205-fd69-4997-8000-3e901219b4f2,Mentor/Mentee,8,"Outdoor Activities: Camping (tent camping, RV camping)",2025-08-30 16:04:19,2025-11-27 10:31:13.240475,true
ef3feedf-4402-4132-a009-4eca2ad5ae18,6df91c5d-d64b-44aa-9cd4-3cea7a81c626,e59b3347-c2d5-4419-a24a-ebd2344e68df,Family - extended,5,"Technology and Gaming: Video gaming (console gaming, PC gaming)",2025-08-30 16:04:19,2025-11-27 10:31:13.240475,true
efaaa42d-e802-4358-9313-0c0710d0f11e,fccf92cb-e227-485e-a399-d01d3dcc14e8,6f1c9da4-81d9-4cca-9a8d-8720938c9b80,Reported to,9,Travel and Exploration: Backpacking and adventure travel,2025-08-30 16:04:19,2025-11-27 10:31:13.240475,true
efb213a3-289d-4fe2-be4d-fb360bc32df4,08ec7f35-6afd-44aa-8380-b5155d710f89,49032342-3eaf-4285-bf1e-69a4aeb4322a,Business Partner,9,Cooking and Baking: Culinary arts and gourmet cooking,2025-08-30 16:04:19,2025-11-27 10:31:13.240475,true
efcf285e-519e-4e80-b9db-927ad79d87a5,c5c1f02c-e225-4743-9687-5711d1000211,b6e5979f-6ed6-4e33-a50f-981a7637b212,Advisor/Advisee,7,Travel and Exploration: Visiting new countries and cultures,2025-08-30 16:04:19,2025-11-27 10:31:13.240475,true
f013d981-fb5b-436d-a9af-b10d30ecd0f4,510a83d0-c7ae-437f-a9bb-4f4ced75ab2b,e4cd9cf3-b717-4fcb-9390-172fbffc2ab1,Fellow Alumni,3,"Reading and Literature: Poetry and poetic forms (haiku, sonnets, free verse)",2025-08-30 16:04:19,2025-11-27 10:31:13.240475,true
f05d02a7-ba31-4777-9d11-173af7530c86,23b0d32b-f83d-474b-8315-2f9935e246df,ef55715e-9346-4ae0-a5be-96849a0ec020,Friends with,6,Cooking and Baking: Culinary arts and gourmet cooking,2025-08-30 16:04:19,2025-11-27 10:31:13.240475,true
f07e19ce-3859-4037-8635-b456ebeaf67c,55127d3c-0e51-4a93-aabc-6efe62d285d8,8858b229-f760-4d8a-9eb4-7ebe943d5a48,Mentor/Mentee,8,"Outdoor Activities: Camping (tent camping, RV camping)",2025-08-30 16:04:19,2025-11-27 10:31:13.240475,true
f0aed0fe-34c4-4a4f-9e26-548a8769c539,190e60fa-50fd-4237-b948-cfb1bef2bf26,4ac05beb-094a-4bce-b53a-9fee9d87022e,Advisor/Advisee,7,Travel and Exploration: Visiting new countries and cultures,2025-08-30 16:04:19,2025-11-27 10:31:13.240475,true
f0c5e61d-c0c0-487c-a38b-91a8d712fa1f,b035eb8f-e5b2-4666-8920-26676d843f98,a04748ac-7581-436f-9f83-74e49b93ee6b,Fellow Board Member,8,Travel and Exploration: Visiting new countries and cultures,2025-08-30 16:04:19,2025-11-27 10:31:13.240475,true
f2506994-17ee-471b-a907-146dfba8957b,af98c611-ae2c-48b1-9bd9-b1106d8a4844,a111d6f0-7c90-4bc0-9755-8175281868de,Business Partner,9,Cooking and Baking: Culinary arts and gourmet cooking,2025-08-30 16:04:19,2025-11-27 10:31:13.240475,true
f264a292-495f-421b-a9bf-2e2f80700fc9,68ece8ca-4d44-462c-ad1e-489b9b983d08,2ed86b15-7378-465e-ba18-ed252848712c,Fellow Committee Member,5,"Creative Arts: Painting (oil painting, watercolor, acrylics)",2025-08-30 16:04:19,2025-11-27 10:31:13.240475,true
f26d1d10-cf83-4f9f-b9ef-4b5f530841cf,8a25dcc9-325b-4a95-951a-8ea653808be2,0496be7b-16fc-4c98-b744-4158eab6da46,Fellow Board Member,8,"Outdoor Activities: Camping (tent camping, RV camping)",2025-08-30 16:04:19,2025-11-27 10:31:13.240475,true
f39049dd-3d6a-4fc8-a956-bb8944dcfb0e,5a6af3e9-c8bf-4b65-b599-3b3f4e2791e8,e068b776-b700-4080-986d-1f25efed62c8,Reported to,9,"Outdoor Activities: Camping (tent camping, RV camping)",2025-08-30 16:04:19,2025-11-27 10:31:13.240475,true
f4209f16-2704-4452-b9d5-0054f815a8dd,61bf640d-ef78-49cc-bb4f-c9d045902a58,e1834296-55ee-4ca1-b52a-821fe749239c,Family - extended,5,Cooking and Baking: Culinary arts and gourmet cooking,2025-08-30 16:04:19,2025-11-27 10:31:13.240475,true
f4aaea76-a0d6-4f66-8a61-c861ca5ad945,91ea5d72-1d40-45c6-a4cb-892ed1484ebe,c6a440d4-ce48-476e-9ab2-41a32aa8ddcc,Business Partner,9,"Creative Arts: Painting (oil painting, watercolor, acrylics)",2025-08-30 16:04:19,2025-11-27 10:31:13.240475,true
f4c326e1-fea7-430e-b4e9-b0db0c7e0bc0,1268b2c3-f530-4844-b209-135d64acc9a9,410fa169-fc21-4c6a-b56a-29c5d579e97d,Reported to,9,Travel and Exploration: Backpacking and adventure travel,2025-08-30 16:04:19,2025-11-27 10:31:13.240475,true
f4d78a55-0069-45f5-bf76-40a6737415e3,cc61581c-5408-4783-852c-ceb792d94461,a5a7adec-5810-4b03-9154-79e281be1071,Friends with,6,"Outdoor Activities: Camping (tent camping, RV camping)",2025-08-30 16:04:19,2025-11-27 10:31:13.240475,true
f4f20674-d68c-4292-b45f-3f298a6d030e,29f0b517-7c10-4698-87ad-1881dc20ea1a,4a062f89-386c-4e4a-ae63-c3b47c060db5,Family - extended,5,Travel and Exploration: Visiting new countries and cultures,2025-08-30 16:04:19,2025-11-27 10:31:13.240475,true
f5ad7482-2ca3-48ac-8453-4782410156c8,14aa0462-7a4a-44ce-8aa8-929039c42b50,3292cb01-0f37-45fa-87c5-c4077a323754,Advisor/Advisee,7,"Technology and Gaming: Video gaming (console gaming, PC gaming)",2025-08-30 16:04:19,2025-11-27 10:31:13.240475,true
f5e00f8b-d775-4346-aa2b-cde1226900ea,3772c865-81fb-4f38-a57e-c8c001cb7303,1b034431-e502-4c31-ba6a-1df051e09b3c,Family - extended,5,Travel and Exploration: Backpacking and adventure travel,2025-08-30 16:04:19,2025-11-27 10:31:13.240475,true
f65f37e8-23d0-43c2-ad0d-8033551e9f64,529ecb1b-7a42-4cbe-a7a6-e4352355a439,2df1fde1-8e0b-40d7-911a-5f2703edbd07,Fellow Speaker,3,Travel and Exploration: Backpacking and adventure travel,2025-08-30 16:04:19,2025-11-27 10:31:13.240475,true
f682bb3d-c4be-4db5-9f4e-188a0c87ea14,a74d9e92-ae80-47db-84a3-7d67b990da75,72dcbaa9-2f99-4ecd-bdb6-c1729a27f9ef,Fellow Speaker,3,"Outdoor Activities: Camping (tent camping, RV camping)",2025-08-30 16:04:19,2025-11-27 10:31:13.240475,true
f6966516-218e-4639-8e52-b0f87f4fd10c,19b5c6a3-a4b3-4719-9e86-ce8247452e4e,57b62f77-e1e4-47d5-b41e-bf776ff8b59c,Co-founder,9,"Outdoor Activities: Camping (tent camping, RV camping)",2025-08-30 16:04:19,2025-11-27 10:31:13.240475,true
f78064aa-577d-449a-9bd0-35ad00a3e076,39586b4a-2423-411b-baf6-d5b2bd200926,753dd4eb-cd0e-48eb-9ab1-9694f36d1fe1,Mentor/Mentee,8,"Outdoor Activities: Camping (tent camping, RV camping)",2025-08-30 16:04:19,2025-11-27 10:31:13.240475,true
f79e7f44-f991-4d79-ae53-40fb0040dfc3,a7e85683-6f69-42c3-95be-f323277c750e,a5a7adec-5810-4b03-9154-79e281be1071,Fellow Board Member,8,Travel and Exploration: Backpacking and adventure travel,2025-08-30 16:04:19,2025-11-27 10:31:13.240475,true
f7b1e6ea-f099-4ef4-9703-37cc1e78e312,c58bfeed-2f46-419f-865e-7fbf8d44525a,ab8efba9-e14f-47af-aee3-9c033bd5f70e,Student/teacher,8,"Creative Arts: Painting (oil painting, watercolor, acrylics)",2025-08-30 16:04:19,2025-11-27 10:31:13.240475,true
f8120f24-c930-4ffb-af15-35d66ddd3ee2,cf4cdc7b-768c-4ae2-ac85-35c6c28148ec,8f04dc00-46df-4c2a-a801-d3060f7a275b,Fellow Alumni,3,Travel and Exploration: Visiting new countries and cultures,2025-08-30 16:04:19,2025-11-27 10:31:13.240475,true
f8f3e3e2-2095-40fc-9120-af5d5d372f05,89588a8a-0afe-43b2-ae7b-861a7e99fff1,2862a95b-ef8b-4645-b623-103fd42b7e80,Co-founder,9,"Creative Arts: Painting (oil painting, watercolor, acrylics)",2025-08-30 16:04:19,2025-11-27 10:31:13.240475,true
f96b341e-2589-4865-a5da-bacb0b82d074,e7b814c8-7ff9-42d4-bcc2-e212144d67cd,045eb9b0-29b3-4ba5-988a-6b04237c9875,Reported to,9,Travel and Exploration: Backpacking and adventure travel,2025-08-30 16:04:19,2025-11-27 10:31:13.240475,true
f99b360c-7e0f-4e52-bbed-ee6ba39171e2,ccf55cda-2fbf-4629-a215-31f0bbac2c9b,9c902b10-3893-42ae-89b4-da4bc5d96a6e,Co-founder,9,"Outdoor Activities: Camping (tent camping, RV camping)",2025-08-30 16:04:19,2025-11-27 10:31:13.240475,true
fa11866e-43c4-4027-b436-c08238858091,42695f54-7e3f-4b93-955a-e3a43ebf9573,fd9f18be-ebde-4b56-8e47-e692f93c65c3,Collaborated with,8,"Creative Arts: Painting (oil painting, watercolor, acrylics)",2025-08-30 16:04:19,2025-11-27 10:31:13.240475,true
fa9c9ae2-4c8b-4e62-a54c-346820b869cc,841aa32c-db5b-46ee-af0e-be32f31dbf66,b267e252-bc36-4817-ac07-e1f07ce173d4,Fellow Committee Member,5,"Technology and Gaming: Video gaming (console gaming, PC gaming)",2025-08-30 16:04:19,2025-11-27 10:31:13.240475,true
faead009-3d48-4e17-be24-9adeeb34b407,d0e6fa56-051e-4576-8cf5-a19aa928773d,70e4a70d-9c73-4cd1-8bb9-88217c4b214e,Fellow Board Member,8,Health and Wellness: Yoga retreats and wellness tourism,2025-08-30 16:04:19,2025-11-27 10:31:13.240475,true
faeb0f8e-be89-4985-b586-8477581a752b,304ef720-bd8d-4b8a-885d-a2b4fe8b1fed,34220f8f-3c17-45d1-8c72-88ae381a6de8,Reported to,9,Travel and Exploration: Visiting new countries and cultures,2025-08-30 16:04:19,2025-11-27 10:31:13.240475,true
fb14a1cb-eafb-4839-8ce9-42575a818083,5bf1d4e8-8915-43ad-b403-43b982f7a0de,e50c537a-a003-451b-ab4d-ca47db4efc55,Co-founder,9,Travel and Exploration: Visiting new countries and cultures,2025-08-30 16:04:19,2025-11-27 10:31:13.240475,true
fb15afca-3cbe-4db7-81d4-f6f7fc7a3fd7,69828d9a-23e8-42d7-9a07-91a38504aa02,0496be7b-16fc-4c98-b744-4158eab6da46,Business Partner,9,Health and Wellness: Yoga retreats and wellness tourism,2025-08-30 16:04:19,2025-11-27 10:31:13.240475,true
fb5b726a-28df-40f8-b9f8-01567121553c,24009d6b-1f2a-40f7-95ea-616fa6a70a4e,60ad3b01-6542-4e4e-b715-36d7cc9539ae,Business Partner,9,Health and Wellness: Yoga retreats and wellness tourism,2025-08-30 16:04:19,2025-11-27 10:31:13.240475,true
fb64dda0-5a7c-47e9-8006-38c3a2354208,38c71011-204f-4da3-999e-956ea8791977,7f91ada6-c58d-47bf-9f45-940282f6a292,Collaborated with,8,Travel and Exploration: Backpacking and adventure travel,2025-08-30 16:04:19,2025-11-27 10:31:13.240475,true
fb74a793-777a-4667-a8f3-2c86da0045a0,6faa814a-e5c5-4a3d-9e93-91b3fa954586,42078308-3e2e-4291-8f20-f8816b41fbdb,Friends with,6,"Technology and Gaming: Video gaming (console gaming, PC gaming)",2025-08-30 16:04:19,2025-11-27 10:31:13.240475,true
fb8d1fde-c5ac-4adb-92bd-5b1101648105,6c1e7e66-3574-42e8-8297-ac0b4fa243a0,e4cd9cf3-b717-4fcb-9390-172fbffc2ab1,Co-author,7,Cooking and Baking: Culinary arts and gourmet cooking,2025-08-30 16:04:19,2025-11-27 10:31:13.240475,true
fc387f5a-3f5b-44c2-a1c2-1d7f48e78536,cec3e791-da31-4a9e-9247-9ce26f557c38,7e02fa63-f7b6-4dda-806f-31c36408b74f,Fellow Speaker,3,Cooking and Baking: Culinary arts and gourmet cooking,2025-08-30 16:04:19,2025-11-27 10:31:13.240475,true
fc534065-691d-411b-939e-539995b4aa96,a7699a09-8d6f-42b0-bc81-28bb359b5357,c38240bf-f5f0-4643-ba26-3ba9f62f78cc,Collaborated with,8,Cooking and Baking: Culinary arts and gourmet cooking,2025-08-30 16:04:19,2025-11-27 10:31:13.240475,true
fc7ef4fb-a857-4817-aa4f-bf987ea545ba,d7b397d3-c204-401d-bd28-fd4aa9d0a445,805c1ee8-d582-4aff-af64-35e837af444d,Co-worker/Colleague,6,Health and Wellness: Yoga retreats and wellness tourism,2025-08-30 16:04:19,2025-11-27 10:31:13.240475,true
fc8de02f-106e-4c8b-9b5a-1ef86709eee9,4b0be842-63b2-415b-8762-9407c5bc44ce,8e8a87d1-c3b8-44e7-8867-e2692e02f190,Fellow Committee Member,5,"Outdoor Activities: Camping (tent camping, RV camping)",2025-08-30 16:04:19,2025-11-27 10:31:13.240475,true
fcdfe148-d495-4782-9d01-f8fdeaa1e719,9e313f83-24e9-4d1d-b375-c1c96dea1b8a,4ac05beb-094a-4bce-b53a-9fee9d87022e,Advisor/Advisee,7,"Creative Arts: Painting (oil painting, watercolor, acrylics)",2025-08-30 16:04:19,2025-11-27 10:31:13.240475,true
fdce081a-6282-438d-9e27-6465c5bd6b6d,270fc4ae-8d3e-4225-b912-4a16486a8dcc,4dd1701c-060e-446c-815d-bb496dbac2cf,Advisor/Advisee,7,"Outdoor Activities: Camping (tent camping, RV camping)",2025-08-30 16:04:19,2025-11-27 10:31:13.240475,true
fe20a676-8a00-4797-9746-e7b020666571,0b309f63-fa38-40af-a7df-3c4200a4aaa7,805c1ee8-d582-4aff-af64-35e837af444d,Co-founder,9,Travel and Exploration: Visiting new countries and cultures,2025-08-30 16:04:19,2025-11-27 10:31:13.240475,true
fe20d9a8-fbed-46e7-9168-f421355131bb,694986ab-fd3e-45bb-b093-7218d7c08813,69cc3dfc-35ac-41bd-9cde-c9eb3f27d8a6,Business Partner,9,Health and Wellness: Yoga retreats and wellness tourism,2025-08-30 16:04:19,2025-11-27 10:31:13.240475,true
fe2eb395-34c8-4e10-b235-257f8cb5797b,bf4a42d5-8e88-4728-a99e-aeefc91ea28a,a1324167-56ea-41a4-9a19-053bdb057d12,Family - extended,5,"Outdoor Activities: Camping (tent camping, RV camping)",2025-08-30 16:04:19,2025-11-27 10:31:13.240475,true
ff84df5a-a860-42ee-865f-f73f53516ff3,5c189619-0b00-4ad8-babf-febae683b101,0fbca3ed-44d3-44eb-92ea-afee99477576,Co-author,7,Travel and Exploration: Visiting new countries and cultures,2025-08-30 16:04:19,2025-11-27 10:31:13.240475,true
ff86b22e-7108-4dc1-b795-9d402186382b,d697e430-024b-4afa-97b4-322772aa2537,1b034431-e502-4c31-ba6a-1df051e09b3c,Mentor/Mentee,8,"Outdoor Activities: Camping (tent camping, RV camping)",2025-08-30 16:04:19,2025-11-27 10:31:13.240475,true
ffc815cb-4511-4384-b9c0-ca195e472844,3af8f95e-ad1c-48a3-ae06-29c7e56ed572,fea77886-b50b-438e-b24a-8be62172d203,Family - extended,5,"Reading and Literature: Poetry and poetic forms (haiku, sonnets, free verse)",2025-08-30 16:04:19,2025-11-27 10:31:13.240475,true