id,donor_id,interest_category,interest_name
DON001,81b4fdd4-52ce-4392-895b-d51bd022769c,Environment,Environment
DON002,81b4fdd4-52ce-4392-895b-d51bd022769c,Yoga and Pilates,Yoga and Pilates
DON003,81b4fdd4-52ce-4392-895b-d51bd022769c,Sports and Fitness,Sports and Fitness
DON004,77f516d3-cceb-4be1-b196-118533a298b8,Arts and Culture,Arts and Culture
DON005,77f516d3-cceb-4be1-b196-118533a298b8,Yoga and Pilates,Yoga and Pilates
DON006,77f516d3-cceb-4be1-b196-118533a298b8,Travel,Travel
DON007,bd2ac925-d8b7-41b6-a0da-097d219c52b9,Travel,Travel
DON008,4686d4f1-3025-4668-b373-be1863c04bda,Sports and Fitness,Sports and Fitness
DON009,4686d4f1-3025-4668-b373-be1863c04bda,Environment,Environment
DON010,4686d4f1-3025-4668-b373-be1863c04bda,Technology,Technology
DON011,a9059867-0b98-4291-a8f4-732138b566ad,Food and Cooking,Food and Cooking
DON012,a9059867-0b98-4291-a8f4-732138b566ad,Yoga and Pilates,Yoga and Pilates
DON013,aeadf14b-be42-4935-a65b-66a96193ba14,Education,Education
DON014,aeadf14b-be42-4935-a65b-66a96193ba14,Yoga and Pilates,Yoga and Pilates
DON015,aeadf14b-be42-4935-a65b-66a96193ba14,Finance,Finance
DON016,a67dccb0-1e8b-4bd0-9a55-d5688b8ca078,Education,Education
DON017,4797bbef-f5af-41b8-b0d2-7872b0f26548,Health and Wellness,Health and Wellness
DON018,05facf2b-d441-4869-b8b8-8705ae2689ed,Technology,Technology
DON019,05facf2b-d441-4869-b8b8-8705ae2689ed,Yoga and Pilates,Yoga and Pilates
DON020,05facf2b-d441-4869-b8b8-8705ae2689ed,Travel,Travel
DON021,cb866baf-0202-4855-9946-872afc2422af,Food and Cooking,Food and Cooking
DON022,21f60414-550b-495f-b6f6-fbe8617076cf,Arts and Culture,Arts and Culture
DON023,e2c16e2c-ee87-44cc-8a66-c2b886472e50,Environment,Environment
DON024,e2c16e2c-ee87-44cc-8a66-c2b886472e50,Food and Cooking,Food and Cooking
DON025,63384ddc-1805-48b3-8b0d-6bbfb92c4a53,Finance,Finance
DON026,41c9a25b-736d-4506-8957-979628f9d29e,Yoga and Pilates,Yoga and Pilates
DON027,41c9a25b-736d-4506-8957-979628f9d29e,Food and Cooking,Food and Cooking
DON028,60658dde-85c9-4d9d-aa90-2fdb1efb57f3,Environment,Environment
DON029,60658dde-85c9-4d9d-aa90-2fdb1efb57f3,Yoga and Pilates,Yoga and Pilates
DON030,60658dde-85c9-4d9d-aa90-2fdb1efb57f3,Health and Wellness,Health and Wellness
DON031,e7621516-acbe-437c-b331-941d721eda42,Sports and Fitness,Sports and Fitness
DON032,e7621516-acbe-437c-b331-941d721eda42,Finance,Finance
DON033,8d380166-1c42-4921-a5fd-430a72bb7812,Arts and Culture,Arts and Culture
DON034,8d380166-1c42-4921-a5fd-430a72bb7812,Health and Wellness,Health and Wellness
DON035,0600a11e-9508-4a0a-bdd2-ac763ce05346,Finance,Finance
DON036,0600a11e-9508-4a0a-bdd2-ac763ce05346,Sports and Fitness,Sports and Fitness
DON037,0600a11e-9508-4a0a-bdd2-ac763ce05346,Food and Cooking,Food and Cooking
DON038,dcee0dea-c0ea-494c-bf3b-e7d077f2db77,Yoga and Pilates,Yoga and Pilates
DON039,5c41d8f3-e4d5-414d-bb0e-a9d3b2994854,Technology,Technology
DON040,5c41d8f3-e4d5-414d-bb0e-a9d3b2994854,Finance,Finance
DON041,8ee650af-32e6-432d-9e93-8cda43b84dd2,Yoga and Pilates,Yoga and Pilates
DON042,8ee650af-32e6-432d-9e93-8cda43b84dd2,Technology,Technology
DON043,8ee650af-32e6-432d-9e93-8cda43b84dd2,Health and Wellness,Health and Wellness
DON044,d7dc3fc8-6c0f-4a42-b180-48bfe2169b5d,Technology,Technology
DON045,d7dc3fc8-6c0f-4a42-b180-48bfe2169b5d,Travel,Travel
DON046,d7dc3fc8-6c0f-4a42-b180-48bfe2169b5d,Food and Cooking,Food and Cooking
DON047,fabaed29-8aa1-4007-90ad-5ef10d4df600,Finance,Finance
DON048,54a2e6ba-964e-4bff-acb3-3738c9fc3e6b,Education,Education
DON049,54a2e6ba-964e-4bff-acb3-3738c9fc3e6b,Environment,Environment
DON050,60e8aa17-21b8-4a08-bf19-f3f08b228426,Finance,Finance
DON051,586c94b4-40c4-46c3-98a9-80eb321886e5,Sports and Fitness,Sports and Fitness
DON052,586c94b4-40c4-46c3-98a9-80eb321886e5,Health and Wellness,Health and Wellness
DON053,a1bc689f-8367-4266-9081-71d12ff732c5,Arts and Culture,Arts and Culture
DON054,1f32424a-b3ef-4852-8449-69cd29001b1a,Travel,Travel
DON055,1f32424a-b3ef-4852-8449-69cd29001b1a,Environment,Environment
DON056,341efc69-8432-4773-8e6f-8a7411c69ab2,Yoga and Pilates,Yoga and Pilates
DON057,341efc69-8432-4773-8e6f-8a7411c69ab2,Technology,Technology
DON058,341efc69-8432-4773-8e6f-8a7411c69ab2,Travel,Travel
DON059,7bd7910e-a85f-4d49-b3f8-b801fb8b334c,Arts and Culture,Arts and Culture
DON060,3941b43b-525f-4198-bc88-703891b7dca6,Travel,Travel
DON061,3941b43b-525f-4198-bc88-703891b7dca6,Yoga and Pilates,Yoga and Pilates
DON062,3941b43b-525f-4198-bc88-703891b7dca6,Arts and Culture,Arts and Culture
DON063,8765761d-a2f8-42ef-a819-ddf254851027,Finance,Finance
DON064,f9b54366-47b4-443c-96a0-b28147062e07,Environment,Environment
DON065,727f8019-72f2-485b-a7bd-c8a39f79779e,Health and Wellness,Health and Wellness
DON066,727f8019-72f2-485b-a7bd-c8a39f79779e,Food and Cooking,Food and Cooking
DON067,88ccf668-4271-47d2-aa62-7294a3da00e8,Education,Education
DON068,88ccf668-4271-47d2-aa62-7294a3da00e8,Food and Cooking,Food and Cooking
DON069,33dad0a2-a586-4d78-812d-a1f919df000e,Technology,Technology
DON070,a05de5b5-6533-4e2e-8c77-fef698408485,Finance,Finance
DON071,1376cfcd-e927-4ad1-b93d-1474e92f5a71,Education,Education
DON072,3581d17c-bfea-4e3a-9cbb-c9e8101087f0,Food and Cooking,Food and Cooking
DON073,3581d17c-bfea-4e3a-9cbb-c9e8101087f0,Education,Education
DON074,79da7c50-c377-4474-900c-26081daae120,Travel,Travel
DON075,79da7c50-c377-4474-900c-26081daae120,Arts and Culture,Arts and Culture
DON076,3677f5af-2b1c-489f-935f-de1075768e91,Sports and Fitness,Sports and Fitness
DON077,3677f5af-2b1c-489f-935f-de1075768e91,Travel,Travel
DON078,3677f5af-2b1c-489f-935f-de1075768e91,Health and Wellness,Health and Wellness
DON079,bb9d7d46-cf38-40e9-a9aa-0c4c9b7b2631,Food and Cooking,Food and Cooking
DON080,bb9d7d46-cf38-40e9-a9aa-0c4c9b7b2631,Travel,Travel
DON081,6a645d91-f491-4800-9efd-558337fe5f19,Finance,Finance
DON082,af2d76fe-3d2c-4123-b07a-74916ae83a5c,Health and Wellness,Health and Wellness
DON083,af2d76fe-3d2c-4123-b07a-74916ae83a5c,Travel,Travel
DON084,44779992-132f-42e3-9ccc-e6a7cc3f3d6d,Education,Education
DON085,79faf366-e91d-4ba2-8f51-6c2d284f2524,Food and Cooking,Food and Cooking
DON086,79faf366-e91d-4ba2-8f51-6c2d284f2524,Sports and Fitness,Sports and Fitness
DON087,2824ccac-9d66-4a18-9f54-578d40671f40,Environment,Environment
DON088,2824ccac-9d66-4a18-9f54-578d40671f40,Arts and Culture,Arts and Culture
DON089,2824ccac-9d66-4a18-9f54-578d40671f40,Finance,Finance
DON090,71693095-2092-4739-bf00-1933c1864c04,Arts and Culture,Arts and Culture
DON091,71693095-2092-4739-bf00-1933c1864c04,Education,Education
DON092,a62e0023-488c-494d-b99f-ab881cd14f2f,Environment,Environment
DON093,25d0f4ac-fcfe-4c90-ab1f-698da504a51a,Environment,Environment
DON094,8a312aa1-4873-4aee-9af8-9b70dc45704b,Yoga and Pilates,Yoga and Pilates
DON095,8a312aa1-4873-4aee-9af8-9b70dc45704b,Technology,Technology
DON096,8a312aa1-4873-4aee-9af8-9b70dc45704b,Education,Education
DON097,5ec90914-fae5-4ffc-80de-030f61c91c0f,Environment,Environment
DON098,5ec90914-fae5-4ffc-80de-030f61c91c0f,Education,Education
DON099,5ec90914-fae5-4ffc-80de-030f61c91c0f,Sports and Fitness,Sports and Fitness
DON100,ec06d101-b21a-44ef-a5d0-09508d39a3a9,Arts and Culture,Arts and Culture
DON101,ec06d101-b21a-44ef-a5d0-09508d39a3a9,Technology,Technology
DON102,ec06d101-b21a-44ef-a5d0-09508d39a3a9,Environment,Environment
DON103,d98d18f9-f9d6-4246-a811-975c48d598a3,Food and Cooking,Food and Cooking
DON104,d98d18f9-f9d6-4246-a811-975c48d598a3,Environment,Environment
DON105,327b3034-e311-40dc-a510-a91cbc7c5660,Travel,Travel
DON106,63874b5c-9a25-4fc4-9eaa-f1024690a61d,Technology,Technology
DON107,63874b5c-9a25-4fc4-9eaa-f1024690a61d,Arts and Culture,Arts and Culture
DON108,63874b5c-9a25-4fc4-9eaa-f1024690a61d,Sports and Fitness,Sports and Fitness
DON109,ea903efb-7fd0-477e-a79c-98a3c2cc15d4,Sports and Fitness,Sports and Fitness
DON110,ea903efb-7fd0-477e-a79c-98a3c2cc15d4,Education,Education
DON111,ea903efb-7fd0-477e-a79c-98a3c2cc15d4,Arts and Culture,Arts and Culture
DON112,bdd6f073-e1f0-4167-a0b2-70995c20890e,Education,Education
DON113,bdd6f073-e1f0-4167-a0b2-70995c20890e,Finance,Finance
DON114,98725404-b08e-4832-a03f-25d6c160241d,Yoga and Pilates,Yoga and Pilates
DON115,98725404-b08e-4832-a03f-25d6c160241d,Sports and Fitness,Sports and Fitness
DON116,98725404-b08e-4832-a03f-25d6c160241d,Arts and Culture,Arts and Culture
DON117,2ede06ef-a1f0-4dc9-b0d4-9ad3aac9458d,Food and Cooking,Food and Cooking
DON118,d6b692d8-32a5-475d-92ab-5f0f5fac12e5,Health and Wellness,Health and Wellness
DON119,d6b692d8-32a5-475d-92ab-5f0f5fac12e5,Education,Education
DON120,d6b692d8-32a5-475d-92ab-5f0f5fac12e5,Sports and Fitness,Sports and Fitness
DON121,ae225156-bb63-4cef-a9c7-c7a27a2f322d,Travel,Travel
DON122,ae225156-bb63-4cef-a9c7-c7a27a2f322d,Food and Cooking,Food and Cooking
DON123,ae225156-bb63-4cef-a9c7-c7a27a2f322d,Yoga and Pilates,Yoga and Pilates
DON124,a4c7ac39-4df2-4f59-93a4-c3127e5c0d15,Food and Cooking,Food and Cooking
DON125,aa10f57c-1f85-4b6b-ad67-c8e3ba45f64a,Environment,Environment
DON126,aa10f57c-1f85-4b6b-ad67-c8e3ba45f64a,Food and Cooking,Food and Cooking
DON127,a0fcd3fb-d0c2-44c8-a96a-7ba428295c64,Technology,Technology
DON128,a0fcd3fb-d0c2-44c8-a96a-7ba428295c64,Food and Cooking,Food and Cooking
DON129,a0fcd3fb-d0c2-44c8-a96a-7ba428295c64,Education,Education
DON130,7e52f88d-8fc1-4245-905c-22f3b3d4cd01,Yoga and Pilates,Yoga and Pilates
DON131,7e52f88d-8fc1-4245-905c-22f3b3d4cd01,Technology,Technology
DON132,7e52f88d-8fc1-4245-905c-22f3b3d4cd01,Sports and Fitness,Sports and Fitness
DON133,5fab6002-c7f3-44bc-9b4a-0849dc8942a6,Education,Education
DON134,5fab6002-c7f3-44bc-9b4a-0849dc8942a6,Environment,Environment
DON135,eec19eb9-1e8f-446c-b520-c43f056dbbb2,Arts and Culture,Arts and Culture
DON136,05117cd0-94c5-40a9-bd09-6fc600794d81,Education,Education
DON137,05117cd0-94c5-40a9-bd09-6fc600794d81,Health and Wellness,Health and Wellness
DON138,cf54820a-afaa-427c-95a5-77ad52a301cd,Yoga and Pilates,Yoga and Pilates
DON139,cf54820a-afaa-427c-95a5-77ad52a301cd,Health and Wellness,Health and Wellness
DON140,cf54820a-afaa-427c-95a5-77ad52a301cd,Food and Cooking,Food and Cooking
DON141,c24ebd45-9b50-40d2-af7b-09754e01a92c,Technology,Technology
DON142,a2f4d786-ddd8-4643-b5de-6038922240b6,Food and Cooking,Food and Cooking
DON143,a2f4d786-ddd8-4643-b5de-6038922240b6,Travel,Travel
DON144,a2f4d786-ddd8-4643-b5de-6038922240b6,Education,Education
DON145,0d72b905-ceb0-400d-a6a9-6356f436978c,Sports and Fitness,Sports and Fitness
DON146,0d72b905-ceb0-400d-a6a9-6356f436978c,Education,Education
DON147,0d72b905-ceb0-400d-a6a9-6356f436978c,Food and Cooking,Food and Cooking
DON148,c079f75e-8958-473d-a56a-775513a9ad1a,Travel,Travel
DON149,c079f75e-8958-473d-a56a-775513a9ad1a,Finance,Finance
DON150,28e31246-f704-4d0d-a740-e6cfdd564250,Health and Wellness,Health and Wellness
DON151,67c6e154-55b8-4ac2-bfe9-59602570f93e,Technology,Technology
DON152,67c6e154-55b8-4ac2-bfe9-59602570f93e,Health and Wellness,Health and Wellness
DON153,40f096eb-d3d8-48c1-8ea1-b1aada42b7e7,Yoga and Pilates,Yoga and Pilates
DON154,4faf16f1-d0fe-44e4-bf27-c261de4bd110,Food and Cooking,Food and Cooking
DON155,4faf16f1-d0fe-44e4-bf27-c261de4bd110,Yoga and Pilates,Yoga and Pilates
DON156,540d8618-0d00-40c5-884b-1c9feeb96711,Environment,Environment
DON157,540d8618-0d00-40c5-884b-1c9feeb96711,Travel,Travel
DON158,080284b9-a06f-4a4c-8649-e4921c2b0207,Yoga and Pilates,Yoga and Pilates
DON159,080284b9-a06f-4a4c-8649-e4921c2b0207,Environment,Environment
DON160,e3e7928e-b328-49c8-840a-da811360ba80,Technology,Technology
DON161,e3e7928e-b328-49c8-840a-da811360ba80,Travel,Travel
DON162,e3e7928e-b328-49c8-840a-da811360ba80,Arts and Culture,Arts and Culture
DON163,990c4873-817c-4063-96c3-28e693b3b6b4,Travel,Travel
DON164,990c4873-817c-4063-96c3-28e693b3b6b4,Sports and Fitness,Sports and Fitness
DON165,a040e18b-5ce2-47bb-bade-25b008ef5974,Food and Cooking,Food and Cooking
DON166,a040e18b-5ce2-47bb-bade-25b008ef5974,Travel,Travel
DON167,5fbffe2a-f515-4d74-9b3b-ce3c15ef2147,Environment,Environment
DON168,5fbffe2a-f515-4d74-9b3b-ce3c15ef2147,Technology,Technology
DON169,ada0632a-3641-4862-8a21-7a39e8f85c30,Education,Education
DON170,ada0632a-3641-4862-8a21-7a39e8f85c30,Sports and Fitness,Sports and Fitness
DON171,ada0632a-3641-4862-8a21-7a39e8f85c30,Travel,Travel
DON172,98c82a51-9266-451c-91c3-6edbc2187b76,Health and Wellness,Health and Wellness
DON173,98c82a51-9266-451c-91c3-6edbc2187b76,Food and Cooking,Food and Cooking
DON174,98c82a51-9266-451c-91c3-6edbc2187b76,Technology,Technology
DON175,e45fce63-d0b1-4717-99be-d8831f9b1d38,Technology,Technology
DON176,e45fce63-d0b1-4717-99be-d8831f9b1d38,Environment,Environment
DON177,e45fce63-d0b1-4717-99be-d8831f9b1d38,Education,Education
DON178,aa01fb08-4f67-44a4-9775-93fcecb6f97d,Education,Education
DON179,aa01fb08-4f67-44a4-9775-93fcecb6f97d,Yoga and Pilates,Yoga and Pilates
DON180,aa01fb08-4f67-44a4-9775-93fcecb6f97d,Sports and Fitness,Sports and Fitness
DON181,00ece26c-f953-42e7-aa87-c3568802bd09,Environment,Environment
DON182,00ece26c-f953-42e7-aa87-c3568802bd09,Education,Education
DON183,5347879a-46c5-44f4-a57c-eeb52707a8cf,Environment,Environment
DON184,5347879a-46c5-44f4-a57c-eeb52707a8cf,Sports and Fitness,Sports and Fitness
DON185,9afbd7e7-5ec5-4ba2-9ed3-8106f907e8ba,Yoga and Pilates,Yoga and Pilates
DON186,9afbd7e7-5ec5-4ba2-9ed3-8106f907e8ba,Education,Education
DON187,9afbd7e7-5ec5-4ba2-9ed3-8106f907e8ba,Arts and Culture,Arts and Culture
DON188,1d62a854-87cf-4f2d-8286-c0777e2f8f89,Food and Cooking,Food and Cooking
DON189,1d62a854-87cf-4f2d-8286-c0777e2f8f89,Health and Wellness,Health and Wellness
DON190,560042b8-f783-438f-9636-b424ea280901,Arts and Culture,Arts and Culture
DON191,560042b8-f783-438f-9636-b424ea280901,Travel,Travel
DON192,e76edbfd-b5e3-4031-86a1-8d992be82875,Food and Cooking,Food and Cooking
DON193,e76edbfd-b5e3-4031-86a1-8d992be82875,Finance,Finance
DON194,e76edbfd-b5e3-4031-86a1-8d992be82875,Environment,Environment
DON195,51b482f5-bbbf-4f9e-8200-9e231d94f10e,Food and Cooking,Food and Cooking
DON196,672d89be-f473-4a56-b742-10fbf05a5457,Education,Education
DON197,5443bfcf-de19-4eb8-87f6-7d5f26fc9c8e,Technology,Technology
DON198,5443bfcf-de19-4eb8-87f6-7d5f26fc9c8e,Arts and Culture,Arts and Culture
DON199,793884a6-1543-4c66-87fe-178e9b768bdb,Travel,Travel
DON200,793884a6-1543-4c66-87fe-178e9b768bdb,Education,Education
DON201,e5495984-0db4-4d08-a947-0bd7fc72af87,Technology,Technology
DON202,e5495984-0db4-4d08-a947-0bd7fc72af87,Yoga and Pilates,Yoga and Pilates
DON203,fb7de228-38b6-48a2-ae9b-9c35ddc13fa7,Arts and Culture,Arts and Culture
DON204,23a3384c-4b1a-491e-9d2a-aa82913e518b,Technology,Technology
DON205,0263afe7-caf8-4bfb-adb5-fc038283b6a5,Technology,Technology
DON206,0263afe7-caf8-4bfb-adb5-fc038283b6a5,Travel,Travel
DON207,58951736-0225-4f94-9891-9ed99239909a,Environment,Environment
DON208,58951736-0225-4f94-9891-9ed99239909a,Finance,Finance
DON209,e47f1b67-d3a9-4c4d-ae6d-0c244579c6e3,Food and Cooking,Food and Cooking
DON210,3fb26b14-70a4-483e-9851-9b876ab6df05,Health and Wellness,Health and Wellness
DON211,c3349219-c407-42f5-8f19-bafa21e792d8,Education,Education
DON212,c3349219-c407-42f5-8f19-bafa21e792d8,Yoga and Pilates,Yoga and Pilates
DON213,c3349219-c407-42f5-8f19-bafa21e792d8,Travel,Travel
DON214,7a78f498-bc06-49b9-a5e5-393969cd5d7a,Technology,Technology
DON215,7a78f498-bc06-49b9-a5e5-393969cd5d7a,Health and Wellness,Health and Wellness
DON216,7a78f498-bc06-49b9-a5e5-393969cd5d7a,Yoga and Pilates,Yoga and Pilates
DON217,3749e4fc-9eb3-4fa6-87ee-31024e70201c,Environment,Environment
DON218,3749e4fc-9eb3-4fa6-87ee-31024e70201c,Technology,Technology
DON219,3749e4fc-9eb3-4fa6-87ee-31024e70201c,Travel,Travel
DON220,28cd57be-ce3a-4f8d-bf10-474e0f30af7a,Finance,Finance
DON221,28cd57be-ce3a-4f8d-bf10-474e0f30af7a,Arts and Culture,Arts and Culture
DON222,6479d039-fe55-4ac8-ae11-7bbfc827fe8f,Food and Cooking,Food and Cooking
DON223,6479d039-fe55-4ac8-ae11-7bbfc827fe8f,Environment,Environment
DON224,6479d039-fe55-4ac8-ae11-7bbfc827fe8f,Education,Education
DON225,0eefa5c5-a41d-474f-9004-e1ff04341dcf,Education,Education
DON226,4198363c-5bf0-44d9-aee3-e7f9b0a933f3,Education,Education
DON227,4198363c-5bf0-44d9-aee3-e7f9b0a933f3,Food and Cooking,Food and Cooking
DON228,4198363c-5bf0-44d9-aee3-e7f9b0a933f3,Yoga and Pilates,Yoga and Pilates
DON229,e7b6f4ef-7c48-4005-ba01-82082fe87bff,Arts and Culture,Arts and Culture
DON230,e7b6f4ef-7c48-4005-ba01-82082fe87bff,Finance,Finance
DON231,e7b6f4ef-7c48-4005-ba01-82082fe87bff,Yoga and Pilates,Yoga and Pilates
DON232,238b23f0-f553-463c-8991-0402270022db,Arts and Culture,Arts and Culture
DON233,238b23f0-f553-463c-8991-0402270022db,Travel,Travel
DON234,3d84a910-2678-447c-b9ad-ec0b24453e07,Yoga and Pilates,Yoga and Pilates
DON235,3d84a910-2678-447c-b9ad-ec0b24453e07,Finance,Finance
DON236,19432f4f-8523-4fd7-955b-bd583307488c,Sports and Fitness,Sports and Fitness
DON237,19432f4f-8523-4fd7-955b-bd583307488c,Arts and Culture,Arts and Culture
DON238,19432f4f-8523-4fd7-955b-bd583307488c,Travel,Travel
DON239,6c33e820-a0d6-41ad-81b3-55b680e16896,Sports and Fitness,Sports and Fitness
DON240,6c33e820-a0d6-41ad-81b3-55b680e16896,Finance,Finance
DON241,6c33e820-a0d6-41ad-81b3-55b680e16896,Food and Cooking,Food and Cooking
DON242,c84e0496-070f-4ca2-91ce-a69110978f79,Technology,Technology
DON243,c84e0496-070f-4ca2-91ce-a69110978f79,Education,Education
DON244,c84e0496-070f-4ca2-91ce-a69110978f79,Arts and Culture,Arts and Culture
DON245,e4a727af-32b3-41ab-b1f3-4a2c03f36110,Travel,Travel
DON246,e4a727af-32b3-41ab-b1f3-4a2c03f36110,Technology,Technology
DON247,e4a727af-32b3-41ab-b1f3-4a2c03f36110,Finance,Finance
DON248,c9d3253e-c24f-42ed-89bc-2efbde0b3649,Yoga and Pilates,Yoga and Pilates
DON249,c9d3253e-c24f-42ed-89bc-2efbde0b3649,Arts and Culture,Arts and Culture
DON250,93f4b2b2-1440-4287-919f-1e3a1c27128d,Travel,Travel
DON251,93f4b2b2-1440-4287-919f-1e3a1c27128d,Technology,Technology
DON252,c66176f1-234c-4bb4-88db-56e3c138d2df,Food and Cooking,Food and Cooking
DON253,5e1179d8-2487-4620-afb8-c0e03a76d6eb,Technology,Technology
DON254,ba7eb0c2-6e81-4848-9a01-4763685ae387,Yoga and Pilates,Yoga and Pilates
DON255,ffe5c1c7-9050-49d7-9758-23cc0c0ef329,Yoga and Pilates,Yoga and Pilates
DON256,ffe5c1c7-9050-49d7-9758-23cc0c0ef329,Finance,Finance
DON257,ffe5c1c7-9050-49d7-9758-23cc0c0ef329,Sports and Fitness,Sports and Fitness
DON258,e8cd79b1-a05e-4452-aa9e-67e9dd6dda77,Education,Education
DON259,63d169e3-15ff-4b86-9f91-5e5e0e0999fc,Environment,Environment
DON260,63d169e3-15ff-4b86-9f91-5e5e0e0999fc,Technology,Technology
DON261,63d169e3-15ff-4b86-9f91-5e5e0e0999fc,Travel,Travel
DON262,5185cf6b-9ca3-4842-8e7f-634656d5a77a,Finance,Finance
DON263,5185cf6b-9ca3-4842-8e7f-634656d5a77a,Health and Wellness,Health and Wellness
DON264,5185cf6b-9ca3-4842-8e7f-634656d5a77a,Sports and Fitness,Sports and Fitness
DON265,f16d47b9-d5ad-4b41-acf2-d6066f3192e0,Sports and Fitness,Sports and Fitness
DON266,f16d47b9-d5ad-4b41-acf2-d6066f3192e0,Travel,Travel
DON267,975b3ee7-8448-40b4-8b67-ed007b76793e,Environment,Environment
DON268,975b3ee7-8448-40b4-8b67-ed007b76793e,Arts and Culture,Arts and Culture
DON269,4d0b5bc1-6fef-47b5-81dc-235f26578ef0,Sports and Fitness,Sports and Fitness
DON270,4d0b5bc1-6fef-47b5-81dc-235f26578ef0,Technology,Technology
DON271,3d71e5f7-942c-43f5-80d5-ad5171208259,Education,Education
DON272,3d71e5f7-942c-43f5-80d5-ad5171208259,Sports and Fitness,Sports and Fitness
DON273,74407f73-2f69-4287-8ace-c33e076dbe7a,Arts and Culture,Arts and Culture
DON274,74407f73-2f69-4287-8ace-c33e076dbe7a,Health and Wellness,Health and Wellness
DON275,0b85fe04-5a88-41ad-b514-126f46578b68,Health and Wellness,Health and Wellness
DON276,0b85fe04-5a88-41ad-b514-126f46578b68,Travel,Travel
DON277,0b85fe04-5a88-41ad-b514-126f46578b68,Education,Education
DON278,94d4cba9-db0a-4842-bed9-01208524be0f,Finance,Finance
DON279,94d4cba9-db0a-4842-bed9-01208524be0f,Sports and Fitness,Sports and Fitness
DON280,fd5941c3-656d-4a2f-ab97-f39537f613ad,Health and Wellness,Health and Wellness
DON281,5e35da71-bf8f-4633-a591-28ef29fd0f86,Arts and Culture,Arts and Culture
DON282,8086ec11-6aa9-41f0-8492-ac84fbf26760,Travel,Travel
DON283,6907df49-39db-4f0d-8a24-0e2f4a14760d,Sports and Fitness,Sports and Fitness
DON284,6907df49-39db-4f0d-8a24-0e2f4a14760d,Health and Wellness,Health and Wellness
DON285,3bc20079-d7b3-4a36-88c4-23727fa6b367,Technology,Technology
DON286,3bc20079-d7b3-4a36-88c4-23727fa6b367,Environment,Environment
DON287,7c6a71e2-0576-4d4c-a134-794554bd6462,Arts and Culture,Arts and Culture
DON288,0a90b175-11ef-49ac-b5c0-0f2ff90c2f16,Food and Cooking,Food and Cooking
DON289,0a90b175-11ef-49ac-b5c0-0f2ff90c2f16,Environment,Environment
DON290,a146721d-05b5-4fd9-bba9-0552f91f268f,Sports and Fitness,Sports and Fitness
DON291,a146721d-05b5-4fd9-bba9-0552f91f268f,Travel,Travel
DON292,6c87346a-ad13-4947-8d0f-d6df8631871e,Yoga and Pilates,Yoga and Pilates
DON293,6c87346a-ad13-4947-8d0f-d6df8631871e,Finance,Finance
DON294,f110f5ab-88ba-49b6-be22-26fd23323a8d,Finance,Finance
DON295,f110f5ab-88ba-49b6-be22-26fd23323a8d,Arts and Culture,Arts and Culture
DON296,f110f5ab-88ba-49b6-be22-26fd23323a8d,Technology,Technology
DON297,e1673534-fa1a-4adf-a2e2-344940d8f681,Arts and Culture,Arts and Culture
DON298,e1673534-fa1a-4adf-a2e2-344940d8f681,Environment,Environment
DON299,9f407720-ee66-4469-8e20-44909e7fd98c,Environment,Environment
DON300,9f407720-ee66-4469-8e20-44909e7fd98c,Yoga and Pilates,Yoga and Pilates
DON301,9f407720-ee66-4469-8e20-44909e7fd98c,Arts and Culture,Arts and Culture
DON302,2cbbe5c7-7d0f-4e30-89bb-35568d3291e4,Education,Education
DON303,2cbbe5c7-7d0f-4e30-89bb-35568d3291e4,Health and Wellness,Health and Wellness
DON304,2cbbe5c7-7d0f-4e30-89bb-35568d3291e4,Technology,Technology
DON305,f99a3d4f-7447-4c02-a9d1-e68767616154,Sports and Fitness,Sports and Fitness
DON306,f99a3d4f-7447-4c02-a9d1-e68767616154,Technology,Technology
DON307,141b1bf9-39c3-4f8b-9e28-024d3a8949fb,Finance,Finance
DON308,141b1bf9-39c3-4f8b-9e28-024d3a8949fb,Arts and Culture,Arts and Culture
DON309,141b1bf9-39c3-4f8b-9e28-024d3a8949fb,Environment,Environment
DON310,f29c56ed-6307-4e6a-bfd3-a6de05a7e720,Arts and Culture,Arts and Culture
DON311,af6bcd9f-e0ef-4910-a609-56b56013ee13,Environment,Environment
DON312,af6bcd9f-e0ef-4910-a609-56b56013ee13,Travel,Travel
DON313,5ff7c9ed-2e8d-4e6c-914b-3879c30b6736,Environment,Environment
DON314,5ff7c9ed-2e8d-4e6c-914b-3879c30b6736,Travel,Travel
DON315,87ac8881-9123-4093-b416-edc642a3e9b2,Environment,Environment
DON316,87ac8881-9123-4093-b416-edc642a3e9b2,Food and Cooking,Food and Cooking
DON317,ccae7605-5809-4722-bd0a-665bb72146ba,Finance,Finance
DON318,ccae7605-5809-4722-bd0a-665bb72146ba,Travel,Travel
DON319,ccae7605-5809-4722-bd0a-665bb72146ba,Health and Wellness,Health and Wellness
DON320,dff69b95-72df-4d8c-ba0c-15a791913ed4,Technology,Technology
DON321,dff69b95-72df-4d8c-ba0c-15a791913ed4,Yoga and Pilates,Yoga and Pilates
DON322,8ae38d74-b966-4539-b1ce-c721a4ab26b7,Food and Cooking,Food and Cooking
DON323,be5eeaa4-3347-4240-80bd-73e754462e4b,Technology,Technology
DON324,be5eeaa4-3347-4240-80bd-73e754462e4b,Education,Education
DON325,be5eeaa4-3347-4240-80bd-73e754462e4b,Food and Cooking,Food and Cooking
DON326,86a2ff8a-80b7-429f-8f71-001ed4443fbd,Travel,Travel
DON327,bd58eb2b-687b-487c-9b4a-b60ba243546b,Finance,Finance
DON328,bd58eb2b-687b-487c-9b4a-b60ba243546b,Travel,Travel
DON329,bd58eb2b-687b-487c-9b4a-b60ba243546b,Education,Education
DON330,208ff8ab-ed99-4512-9d92-d196e07781d2,Health and Wellness,Health and Wellness
DON331,208ff8ab-ed99-4512-9d92-d196e07781d2,Finance,Finance
DON332,f2e30eb5-067b-45d8-aad5-c5b921fe15a6,Environment,Environment
DON333,f2e30eb5-067b-45d8-aad5-c5b921fe15a6,Health and Wellness,Health and Wellness
DON334,f2e30eb5-067b-45d8-aad5-c5b921fe15a6,Sports and Fitness,Sports and Fitness
DON335,93b53640-a28f-4a67-b462-d5de256992ec,Yoga and Pilates,Yoga and Pilates
DON336,93b53640-a28f-4a67-b462-d5de256992ec,Education,Education
DON337,93b53640-a28f-4a67-b462-d5de256992ec,Sports and Fitness,Sports and Fitness
DON338,48bdd05f-b1be-4238-98e0-4ba8c231b16f,Food and Cooking,Food and Cooking
DON339,48bdd05f-b1be-4238-98e0-4ba8c231b16f,Arts and Culture,Arts and Culture
DON340,ef443a88-94dc-41b2-8f0f-ecfe4eb46bb8,Yoga and Pilates,Yoga and Pilates
DON341,ef443a88-94dc-41b2-8f0f-ecfe4eb46bb8,Finance,Finance
DON342,ef443a88-94dc-41b2-8f0f-ecfe4eb46bb8,Sports and Fitness,Sports and Fitness
DON343,99f8c5a9-2c38-4244-a853-dc434f598949,Environment,Environment
DON344,99f8c5a9-2c38-4244-a853-dc434f598949,Health and Wellness,Health and Wellness
DON345,99f8c5a9-2c38-4244-a853-dc434f598949,Yoga and Pilates,Yoga and Pilates
DON346,f4c3d7e1-a24f-459d-bb3a-c2c1336dc5c8,Environment,Environment
DON347,f4c3d7e1-a24f-459d-bb3a-c2c1336dc5c8,Sports and Fitness,Sports and Fitness
DON348,99b7f2ad-66c6-4555-80fd-0f59fca4791b,Health and Wellness,Health and Wellness
DON349,99b7f2ad-66c6-4555-80fd-0f59fca4791b,Food and Cooking,Food and Cooking
DON350,99b7f2ad-66c6-4555-80fd-0f59fca4791b,Sports and Fitness,Sports and Fitness
DON351,79c9ea92-da19-46cb-a131-1e42dc3879e7,Sports and Fitness,Sports and Fitness
DON352,68790512-136c-4d93-80c1-24324f63e88c,Travel,Travel
DON353,68790512-136c-4d93-80c1-24324f63e88c,Technology,Technology
DON354,68790512-136c-4d93-80c1-24324f63e88c,Arts and Culture,Arts and Culture
DON355,820760e5-2c9b-4e11-b01a-608f07e4b06f,Sports and Fitness,Sports and Fitness
DON356,1fa94e13-c700-4df6-bb15-fe00e7694c37,Education,Education
DON357,36ee1e33-9fb5-4e37-ad1e-4d324a9968ed,Yoga and Pilates,Yoga and Pilates
DON358,36ee1e33-9fb5-4e37-ad1e-4d324a9968ed,Health and Wellness,Health and Wellness
DON359,4eb5c9e7-6c76-4a2b-94a3-b434f5f4f9a9,Finance,Finance
DON360,4eb5c9e7-6c76-4a2b-94a3-b434f5f4f9a9,Yoga and Pilates,Yoga and Pilates
DON361,4eb5c9e7-6c76-4a2b-94a3-b434f5f4f9a9,Travel,Travel
DON362,0d8ce286-966f-4afa-9f78-fd3541b95c1b,Environment,Environment
DON363,0d8ce286-966f-4afa-9f78-fd3541b95c1b,Health and Wellness,Health and Wellness
DON364,0d8ce286-966f-4afa-9f78-fd3541b95c1b,Education,Education
DON365,11303cb6-8393-44ee-bce5-4c3be64ad155,Technology,Technology
DON366,11303cb6-8393-44ee-bce5-4c3be64ad155,Health and Wellness,Health and Wellness
DON367,a3bc7426-ad89-4dda-9035-74a0f6fa9c25,Education,Education
DON368,a3bc7426-ad89-4dda-9035-74a0f6fa9c25,Finance,Finance
DON369,3b7272e5-7998-447b-b276-998601fd1328,Travel,Travel
DON370,1e74342b-49e7-4656-bbcd-c02de4d88c17,Technology,Technology
DON371,1e74342b-49e7-4656-bbcd-c02de4d88c17,Environment,Environment
DON372,63a22c6f-3d01-4fb2-a503-6f9b40c79a6f,Education,Education
DON373,63a22c6f-3d01-4fb2-a503-6f9b40c79a6f,Travel,Travel
DON374,1537c61c-737d-492b-a7d8-248ed6b3c866,Education,Education
DON375,0b392ab8-7ed8-4a44-9780-09c5facbe476,Yoga and Pilates,Yoga and Pilates
DON376,cc46d697-15c6-4d1e-9f7a-5b18c569e644,Education,Education
DON377,cc46d697-15c6-4d1e-9f7a-5b18c569e644,Environment,Environment
DON378,cc46d697-15c6-4d1e-9f7a-5b18c569e644,Travel,Travel
DON379,4cd7466f-5a42-4319-ab21-e6227a625265,Arts and Culture,Arts and Culture
DON380,4cd7466f-5a42-4319-ab21-e6227a625265,Health and Wellness,Health and Wellness
DON381,4cd7466f-5a42-4319-ab21-e6227a625265,Finance,Finance
DON382,6b41b9e1-a408-451e-a379-00424ffde395,Finance,Finance
DON383,6b41b9e1-a408-451e-a379-00424ffde395,Education,Education
DON384,7acc5220-f815-4fca-9ac0-9fff0568246c,Environment,Environment
DON385,7acc5220-f815-4fca-9ac0-9fff0568246c,Finance,Finance
DON386,9a1c782e-7eb2-46d5-ad2d-0f481bb4364a,Food and Cooking,Food and Cooking
DON387,9a1c782e-7eb2-46d5-ad2d-0f481bb4364a,Technology,Technology
DON388,9a1c782e-7eb2-46d5-ad2d-0f481bb4364a,Health and Wellness,Health and Wellness
DON389,33d32a7b-a8f3-456b-a4cd-20518c7462cb,Environment,Environment
DON390,23b7e730-c664-48a2-b5a9-b8781429b1c3,Technology,Technology
DON391,23b7e730-c664-48a2-b5a9-b8781429b1c3,Food and Cooking,Food and Cooking
DON392,5107cd4a-9270-4207-b793-25c0432fbf7d,Arts and Culture,Arts and Culture
DON393,5107cd4a-9270-4207-b793-25c0432fbf7d,Yoga and Pilates,Yoga and Pilates
DON394,5107cd4a-9270-4207-b793-25c0432fbf7d,Food and Cooking,Food and Cooking
DON395,d4fdf966-e3bb-4334-bbea-6adea295972d,Arts and Culture,Arts and Culture
DON396,d4fdf966-e3bb-4334-bbea-6adea295972d,Technology,Technology
DON397,d4fdf966-e3bb-4334-bbea-6adea295972d,Environment,Environment
DON398,cac81bf2-6706-4491-9a9f-9e02cd86018c,Health and Wellness,Health and Wellness
DON399,fc8bf946-4a39-49cc-8a20-64998b65cde6,Food and Cooking,Food and Cooking
DON400,fc8bf946-4a39-49cc-8a20-64998b65cde6,Yoga and Pilates,Yoga and Pilates
DON401,fc8bf946-4a39-49cc-8a20-64998b65cde6,Technology,Technology
DON402,c7940932-b7cd-48f7-a92b-1da277169295,Finance,Finance
DON403,c7940932-b7cd-48f7-a92b-1da277169295,Food and Cooking,Food and Cooking
DON404,c7940932-b7cd-48f7-a92b-1da277169295,Environment,Environment
DON405,24ef368c-5ef4-4430-a523-ec0df0f84600,Health and Wellness,Health and Wellness
DON406,d6908801-0bb7-4c2c-bc38-118b88e52db8,Education,Education
DON407,d6be23c5-7cb8-44df-a679-21a3ea6223d5,Health and Wellness,Health and Wellness
DON408,248c6e13-6b51-415f-9723-87b8701af99c,Food and Cooking,Food and Cooking
DON409,41511a51-3308-4e05-8763-47600a712b45,Yoga and Pilates,Yoga and Pilates
DON410,41511a51-3308-4e05-8763-47600a712b45,Health and Wellness,Health and Wellness
DON411,41511a51-3308-4e05-8763-47600a712b45,Sports and Fitness,Sports and Fitness
DON412,20c89578-81b2-492f-9deb-b8894f37cf8b,Sports and Fitness,Sports and Fitness
DON413,20c89578-81b2-492f-9deb-b8894f37cf8b,Environment,Environment
DON414,20c89578-81b2-492f-9deb-b8894f37cf8b,Health and Wellness,Health and Wellness
DON415,81d98880-5443-43fb-b4c5-1c4d0fb6791d,Food and Cooking,Food and Cooking
DON416,81d98880-5443-43fb-b4c5-1c4d0fb6791d,Environment,Environment
DON417,2328d05c-f7b8-4e4c-b851-28e62f43deda,Sports and Fitness,Sports and Fitness
DON418,4449397b-0192-4157-bf7e-869e89437b6b,Food and Cooking,Food and Cooking
DON419,4449397b-0192-4157-bf7e-869e89437b6b,Education,Education
DON420,4449397b-0192-4157-bf7e-869e89437b6b,Travel,Travel
DON421,c208f210-3a22-4ea2-90a8-7d7ab1e0d0f7,Food and Cooking,Food and Cooking
DON422,c208f210-3a22-4ea2-90a8-7d7ab1e0d0f7,Health and Wellness,Health and Wellness
DON423,7d50f2a1-d865-4c9a-9bc8-25aa3b61a0d8,Health and Wellness,Health and Wellness
DON424,d60e72aa-9ae1-43f9-b081-b27167c62f26,Technology,Technology
DON425,d60e72aa-9ae1-43f9-b081-b27167c62f26,Health and Wellness,Health and Wellness
DON426,3a793d88-ffcc-4606-845d-3c4918f83a9c,Food and Cooking,Food and Cooking
DON427,3a793d88-ffcc-4606-845d-3c4918f83a9c,Education,Education
DON428,3a793d88-ffcc-4606-845d-3c4918f83a9c,Sports and Fitness,Sports and Fitness
DON429,b45b3986-2e8e-4492-8c17-779f0f1572ee,Sports and Fitness,Sports and Fitness
DON430,7455591f-6e2e-4229-a2af-e2c0d71b34e9,Technology,Technology
DON431,7455591f-6e2e-4229-a2af-e2c0d71b34e9,Yoga and Pilates,Yoga and Pilates
DON432,b45b3995-b03c-4d37-b7d0-51abc02cb2fd,Sports and Fitness,Sports and Fitness
DON433,1e9767fd-794c-4117-87e0-b8d86efa4116,Arts and Culture,Arts and Culture
DON434,1e9767fd-794c-4117-87e0-b8d86efa4116,Health and Wellness,Health and Wellness
DON435,1e9767fd-794c-4117-87e0-b8d86efa4116,Technology,Technology
DON436,e57ef0f6-51ab-4444-841e-30cac18269dd,Travel,Travel
DON437,fb34638d-a05c-4d70-8ab7-35920e697649,Sports and Fitness,Sports and Fitness
DON438,fb34638d-a05c-4d70-8ab7-35920e697649,Environment,Environment
DON439,fb34638d-a05c-4d70-8ab7-35920e697649,Health and Wellness,Health and Wellness
DON440,3d5368d4-cd4e-460e-9b4f-39a333d886e4,Technology,Technology
DON441,ea19c72c-3605-4270-84bf-e21bb836a972,Finance,Finance
DON442,84445014-a286-48bd-a1c3-d2a09422d5b8,Food and Cooking,Food and Cooking
DON443,84445014-a286-48bd-a1c3-d2a09422d5b8,Health and Wellness,Health and Wellness
DON444,84445014-a286-48bd-a1c3-d2a09422d5b8,Travel,Travel
DON445,756047de-5b58-411c-bc31-a53bd5094ac5,Education,Education
DON446,756047de-5b58-411c-bc31-a53bd5094ac5,Sports and Fitness,Sports and Fitness
DON447,9a26bef3-17f1-474d-9fed-60df27ab3433,Travel,Travel
DON448,9a26bef3-17f1-474d-9fed-60df27ab3433,Arts and Culture,Arts and Culture
DON449,2728818c-dcac-4673-857f-66e559311020,Education,Education
DON450,2728818c-dcac-4673-857f-66e559311020,Food and Cooking,Food and Cooking
DON451,2728818c-dcac-4673-857f-66e559311020,Travel,Travel
DON452,7a94e228-d963-4253-bde6-e1a02a745057,Technology,Technology
DON453,72c87cad-228c-422d-ad14-9a973653e722,Health and Wellness,Health and Wellness
DON454,72c87cad-228c-422d-ad14-9a973653e722,Yoga and Pilates,Yoga and Pilates
DON455,fe4d8088-8a58-467f-aa46-75ac717f7ab5,Environment,Environment
DON456,b5fdec41-c581-48d7-bbe8-d0c90e45325f,Education,Education
DON457,b5fdec41-c581-48d7-bbe8-d0c90e45325f,Yoga and Pilates,Yoga and Pilates
DON458,b5fdec41-c581-48d7-bbe8-d0c90e45325f,Arts and Culture,Arts and Culture
DON459,3b1605a5-fcd1-46af-8020-d1ae09cc3080,Education,Education
DON460,3b1605a5-fcd1-46af-8020-d1ae09cc3080,Finance,Finance
DON461,3b1605a5-fcd1-46af-8020-d1ae09cc3080,Sports and Fitness,Sports and Fitness
DON462,7239ba31-56d0-4cb5-a060-a3e1aef69800,Travel,Travel
DON463,7239ba31-56d0-4cb5-a060-a3e1aef69800,Yoga and Pilates,Yoga and Pilates
DON464,a4bdde2c-ded3-4ecd-938d-ddd3b18c8e00,Health and Wellness,Health and Wellness
DON465,9a3764e7-f677-4844-970c-536418174005,Travel,Travel
DON466,9a3764e7-f677-4844-970c-536418174005,Environment,Environment
DON467,1f83a000-3005-4879-8bbd-723fb26c4a5c,Technology,Technology
DON468,1f83a000-3005-4879-8bbd-723fb26c4a5c,Finance,Finance
DON469,1f83a000-3005-4879-8bbd-723fb26c4a5c,Education,Education
DON470,79458b9d-2da6-403d-8124-54dfc3b413f0,Sports and Fitness,Sports and Fitness
DON471,93161bbf-567b-4005-9b2c-884cf5570f20,Yoga and Pilates,Yoga and Pilates
DON472,93161bbf-567b-4005-9b2c-884cf5570f20,Environment,Environment
DON473,93161bbf-567b-4005-9b2c-884cf5570f20,Travel,Travel
DON474,d8cafff9-f275-4007-9430-f72a470d6835,Sports and Fitness,Sports and Fitness
DON475,d8cafff9-f275-4007-9430-f72a470d6835,Finance,Finance
DON476,d8cafff9-f275-4007-9430-f72a470d6835,Health and Wellness,Health and Wellness
DON477,9a1284fc-7e6d-496c-97d8-b6a7fed5eb2b,Sports and Fitness,Sports and Fitness
DON478,9a1284fc-7e6d-496c-97d8-b6a7fed5eb2b,Yoga and Pilates,Yoga and Pilates
DON479,9a1284fc-7e6d-496c-97d8-b6a7fed5eb2b,Food and Cooking,Food and Cooking
DON480,822eabe9-19cf-4dfd-8191-4b96828785d8,Yoga and Pilates,Yoga and Pilates
DON481,a83c6e34-db6f-48e2-9917-4bb3b9631e95,Finance,Finance
DON482,a83c6e34-db6f-48e2-9917-4bb3b9631e95,Yoga and Pilates,Yoga and Pilates
DON483,a137cf85-d2f4-4969-9c1e-a42edaa455e9,Education,Education
DON484,6108a0e3-175f-4241-9bd2-39c5a4062cf1,Food and Cooking,Food and Cooking
DON485,6108a0e3-175f-4241-9bd2-39c5a4062cf1,Education,Education
DON486,6108a0e3-175f-4241-9bd2-39c5a4062cf1,Finance,Finance
DON487,9e0cee7d-3071-4d00-b57d-fd124357882e,Finance,Finance
DON488,9e0cee7d-3071-4d00-b57d-fd124357882e,Arts and Culture,Arts and Culture
DON489,9e0cee7d-3071-4d00-b57d-fd124357882e,Food and Cooking,Food and Cooking
DON490,a7006dea-69e1-4620-bff7-0a21e3d1832e,Environment,Environment
DON491,a7006dea-69e1-4620-bff7-0a21e3d1832e,Health and Wellness,Health and Wellness
DON492,a7006dea-69e1-4620-bff7-0a21e3d1832e,Technology,Technology
DON493,9095cd4d-8d24-4efe-94c4-56636a0b2424,Environment,Environment
DON494,9095cd4d-8d24-4efe-94c4-56636a0b2424,Food and Cooking,Food and Cooking
DON495,9095cd4d-8d24-4efe-94c4-56636a0b2424,Arts and Culture,Arts and Culture
DON496,c2515632-a041-4db1-9bb9-3b870a5f7fe9,Yoga and Pilates,Yoga and Pilates
DON497,75225a3d-e310-4e91-8df8-d092d8f5bff0,Yoga and Pilates,Yoga and Pilates
DON498,75225a3d-e310-4e91-8df8-d092d8f5bff0,Education,Education
DON499,75225a3d-e310-4e91-8df8-d092d8f5bff0,Travel,Travel
DON500,c69272e5-1ee7-4dda-b133-ebffe0334808,Sports and Fitness,Sports and Fitness
DON501,a10d8638-3313-41f1-b171-d914587feda7,Technology,Technology
DON502,a10d8638-3313-41f1-b171-d914587feda7,Environment,Environment
DON503,e2bcb40a-4064-47b9-9caa-f7c3ef2e7eba,Sports and Fitness,Sports and Fitness
DON504,e2bcb40a-4064-47b9-9caa-f7c3ef2e7eba,Finance,Finance
DON505,6c5ba32d-45a4-4da5-beb0-b2952aa7378f,Finance,Finance
DON506,6f791345-6e98-4234-9620-1942294e9377,Yoga and Pilates,Yoga and Pilates
DON507,6f791345-6e98-4234-9620-1942294e9377,Arts and Culture,Arts and Culture
DON508,6f791345-6e98-4234-9620-1942294e9377,Food and Cooking,Food and Cooking
DON509,0b1060af-2ba8-4587-b51b-d7aac0644905,Education,Education
DON510,36351497-eef2-41e6-922f-f0bad336bfec,Environment,Environment
DON511,36351497-eef2-41e6-922f-f0bad336bfec,Sports and Fitness,Sports and Fitness
DON512,36351497-eef2-41e6-922f-f0bad336bfec,Yoga and Pilates,Yoga and Pilates
DON513,500c8be2-b959-4fba-9e91-76dd816f9dee,Education,Education
DON514,500c8be2-b959-4fba-9e91-76dd816f9dee,Technology,Technology
DON515,500c8be2-b959-4fba-9e91-76dd816f9dee,Travel,Travel
DON516,79411433-0592-4660-af1b-cfaf23440a13,Arts and Culture,Arts and Culture
DON517,79411433-0592-4660-af1b-cfaf23440a13,Sports and Fitness,Sports and Fitness
DON518,79411433-0592-4660-af1b-cfaf23440a13,Health and Wellness,Health and Wellness
DON519,2b835759-07f0-487c-a9c5-43de4d8f7b58,Education,Education
DON520,2b835759-07f0-487c-a9c5-43de4d8f7b58,Technology,Technology
DON521,2b835759-07f0-487c-a9c5-43de4d8f7b58,Yoga and Pilates,Yoga and Pilates
DON522,9a31b9ff-74f1-4b6b-840a-4ad01ba94e8f,Food and Cooking,Food and Cooking
DON523,9a31b9ff-74f1-4b6b-840a-4ad01ba94e8f,Sports and Fitness,Sports and Fitness
DON524,3592df96-94fd-4b5a-9f17-c7d5d79e8bc3,Yoga and Pilates,Yoga and Pilates
DON525,3592df96-94fd-4b5a-9f17-c7d5d79e8bc3,Health and Wellness,Health and Wellness
DON526,17bcf17f-f7d5-4232-b2bc-4cd828f94887,Technology,Technology
DON527,17bcf17f-f7d5-4232-b2bc-4cd828f94887,Food and Cooking,Food and Cooking
DON528,f52980f6-785c-45a7-a77f-d0069a82d788,Arts and Culture,Arts and Culture
DON529,2c55f4b0-a622-4573-8734-4a1b85328ec3,Environment,Environment
DON530,2c55f4b0-a622-4573-8734-4a1b85328ec3,Travel,Travel
DON531,2c55f4b0-a622-4573-8734-4a1b85328ec3,Finance,Finance
DON532,3a8d469e-c1c5-48a7-96c7-a13a86c7dcef,Yoga and Pilates,Yoga and Pilates
DON533,3a8d469e-c1c5-48a7-96c7-a13a86c7dcef,Travel,Travel
DON534,7d738627-3b14-44fb-bc75-40490737e82d,Sports and Fitness,Sports and Fitness
DON535,7d738627-3b14-44fb-bc75-40490737e82d,Health and Wellness,Health and Wellness
DON536,7d738627-3b14-44fb-bc75-40490737e82d,Education,Education
DON537,2f7a306b-d45a-454a-a83c-d6852a969445,Finance,Finance
DON538,2f7a306b-d45a-454a-a83c-d6852a969445,Sports and Fitness,Sports and Fitness
DON539,5c6f5f23-a27a-4cd1-8d2d-7743ac79766f,Food and Cooking,Food and Cooking
DON540,e003024a-91c6-4f73-a79a-c7b7f61cb3db,Technology,Technology
DON541,eb627668-168f-4e87-a52d-3ff4b71a8ae8,Environment,Environment
DON542,43397ff1-3c10-4ad9-bbda-9a9fbcf8dffa,Yoga and Pilates,Yoga and Pilates
DON543,43397ff1-3c10-4ad9-bbda-9a9fbcf8dffa,Finance,Finance
DON544,c79eab5e-7ae4-4a75-8cf1-23ec20d4cebb,Technology,Technology
DON545,c79eab5e-7ae4-4a75-8cf1-23ec20d4cebb,Sports and Fitness,Sports and Fitness
DON546,c79eab5e-7ae4-4a75-8cf1-23ec20d4cebb,Education,Education
DON547,f88c69e3-8826-4083-a2a4-500c189eb4ff,Education,Education
DON548,f88c69e3-8826-4083-a2a4-500c189eb4ff,Finance,Finance
DON549,f88c69e3-8826-4083-a2a4-500c189eb4ff,Yoga and Pilates,Yoga and Pilates
DON550,ba52a22b-b076-4981-b150-88f5bd414c02,Technology,Technology
DON551,ba52a22b-b076-4981-b150-88f5bd414c02,Sports and Fitness,Sports and Fitness
DON552,ba52a22b-b076-4981-b150-88f5bd414c02,Health and Wellness,Health and Wellness
DON553,640c91bc-4405-4aac-a765-812b3aa51064,Technology,Technology
DON554,640c91bc-4405-4aac-a765-812b3aa51064,Yoga and Pilates,Yoga and Pilates
DON555,802c1d58-4aac-4ded-a771-de6fbacbac7c,Finance,Finance
DON556,ca2fa412-de95-4404-b54a-90710c1c44f5,Yoga and Pilates,Yoga and Pilates
DON557,ca2fa412-de95-4404-b54a-90710c1c44f5,Education,Education
DON558,71056665-a403-4340-bd38-5c30b1a57b14,Technology,Technology
DON559,3fcac584-e1e4-4d37-8f9e-7514f0461f08,Yoga and Pilates,Yoga and Pilates
DON560,3fcac584-e1e4-4d37-8f9e-7514f0461f08,Health and Wellness,Health and Wellness
DON561,c0b942fd-f991-4810-a630-ca30fec71916,Food and Cooking,Food and Cooking
DON562,c0b942fd-f991-4810-a630-ca30fec71916,Sports and Fitness,Sports and Fitness
DON563,c0b942fd-f991-4810-a630-ca30fec71916,Technology,Technology
DON564,a4f8e299-85c0-4985-80d4-cb3c6793c77f,Food and Cooking,Food and Cooking
DON565,a4f8e299-85c0-4985-80d4-cb3c6793c77f,Arts and Culture,Arts and Culture
DON566,d06b2e1f-d3e2-4211-9383-17b2ad6e3633,Environment,Environment
DON567,2ccbfdc7-beaa-4a7f-a972-cf2bb85ac09d,Yoga and Pilates,Yoga and Pilates
DON568,2ccbfdc7-beaa-4a7f-a972-cf2bb85ac09d,Environment,Environment
DON569,2ccbfdc7-beaa-4a7f-a972-cf2bb85ac09d,Travel,Travel
DON570,fe668ced-3abc-4256-969c-f623f24b9027,Yoga and Pilates,Yoga and Pilates
DON571,fe668ced-3abc-4256-969c-f623f24b9027,Sports and Fitness,Sports and Fitness
DON572,ef22e7eb-cb23-40e1-8cfe-5b8632fcf7fe,Education,Education
DON573,1192bbd7-6632-4010-8d36-b937853afaf6,Health and Wellness,Health and Wellness
DON574,1192bbd7-6632-4010-8d36-b937853afaf6,Food and Cooking,Food and Cooking
DON575,764be849-5330-43ac-89b3-5814925833f5,Education,Education
DON576,764be849-5330-43ac-89b3-5814925833f5,Arts and Culture,Arts and Culture
DON577,f5d815b3-0402-411d-bdbb-b7d26e33c47d,Health and Wellness,Health and Wellness
DON578,f5d815b3-0402-411d-bdbb-b7d26e33c47d,Sports and Fitness,Sports and Fitness
DON579,f5d815b3-0402-411d-bdbb-b7d26e33c47d,Arts and Culture,Arts and Culture
DON580,3fef7bf5-8450-46d1-a16a-f7e72f174eb2,Food and Cooking,Food and Cooking
DON581,a65ba72d-ad92-4fe2-9e4a-a5145c6b33fc,Food and Cooking,Food and Cooking
DON582,a65ba72d-ad92-4fe2-9e4a-a5145c6b33fc,Health and Wellness,Health and Wellness
DON583,a65ba72d-ad92-4fe2-9e4a-a5145c6b33fc,Education,Education
DON584,3ec07f09-4ba6-4f2b-a6c2-b15c9fb03e53,Education,Education
DON585,bb927d7b-6f53-4438-9c6c-6d270725d4e9,Finance,Finance
DON586,bb927d7b-6f53-4438-9c6c-6d270725d4e9,Arts and Culture,Arts and Culture
DON587,bb927d7b-6f53-4438-9c6c-6d270725d4e9,Health and Wellness,Health and Wellness
DON588,e86f227c-2c34-4c84-96f4-b1bad6ed2289,Travel,Travel
DON589,e86f227c-2c34-4c84-96f4-b1bad6ed2289,Technology,Technology
DON590,57650ddf-383e-4737-849d-704c96bd538e,Arts and Culture,Arts and Culture
DON591,57650ddf-383e-4737-849d-704c96bd538e,Technology,Technology
DON592,57650ddf-383e-4737-849d-704c96bd538e,Environment,Environment
DON593,bd7cb0e4-af42-41ef-8c7b-7fd6c350e69d,Food and Cooking,Food and Cooking
DON594,bd7cb0e4-af42-41ef-8c7b-7fd6c350e69d,Education,Education
DON595,5462fc6a-21b7-41ae-9d5c-8593d92f25d3,Arts and Culture,Arts and Culture
DON596,d6a11b85-f53a-4109-89fd-6cad498a6400,Technology,Technology
DON597,5b37c16f-76d1-416a-987b-02cfac794620,Education,Education
DON598,53b4681a-85ed-429b-8348-7972b5f2ef99,Finance,Finance
DON599,53b4681a-85ed-429b-8348-7972b5f2ef99,Sports and Fitness,Sports and Fitness
DON600,53b4681a-85ed-429b-8348-7972b5f2ef99,Travel,Travel
DON601,35a21c01-4333-42f7-bd0d-dfcb51d0e24e,Arts and Culture,Arts and Culture
DON602,3605a18c-5952-47d7-a9f2-0978581be745,Environment,Environment
DON603,053d994b-43c9-4132-8dbb-9fd5379a638b,Health and Wellness,Health and Wellness
DON604,6b2b5132-ea98-4eb6-90c6-cf74c3172a14,Health and Wellness,Health and Wellness
DON605,6b2b5132-ea98-4eb6-90c6-cf74c3172a14,Finance,Finance
DON606,a845b229-1a64-4445-94e4-2f3f5f3903af,Health and Wellness,Health and Wellness
DON607,a845b229-1a64-4445-94e4-2f3f5f3903af,Arts and Culture,Arts and Culture
DON608,43bfe5c2-712e-4d09-ab81-75167f0554d7,Health and Wellness,Health and Wellness
DON609,43bfe5c2-712e-4d09-ab81-75167f0554d7,Sports and Fitness,Sports and Fitness
DON610,43bfe5c2-712e-4d09-ab81-75167f0554d7,Travel,Travel
DON611,0ed91c72-4e93-483b-9d36-314035130b94,Food and Cooking,Food and Cooking
DON612,0ed91c72-4e93-483b-9d36-314035130b94,Education,Education
DON613,7a48c932-3d93-4a71-ad34-9afc1f5b28cc,Travel,Travel
DON614,7a48c932-3d93-4a71-ad34-9afc1f5b28cc,Finance,Finance
DON615,015601ac-a582-4b80-a9e1-fd15c47e1aed,Yoga and Pilates,Yoga and Pilates
DON616,015601ac-a582-4b80-a9e1-fd15c47e1aed,Education,Education
DON617,015601ac-a582-4b80-a9e1-fd15c47e1aed,Food and Cooking,Food and Cooking
DON618,dd7f383c-0cb1-4b1a-af4a-aaf630441e24,Arts and Culture,Arts and Culture
DON619,887602b7-de4c-4a9d-a42c-a2233f5c4a40,Education,Education
DON620,3815c107-0366-4bb5-93d2-e68275ee6035,Technology,Technology
DON621,46822fe4-651b-4e58-941b-32994a3bf7eb,Arts and Culture,Arts and Culture
DON622,cf715471-842e-4446-90e7-2e8cbd74a32b,Technology,Technology
DON623,54f08876-e0b9-4c21-bc37-8fcc2dd7cf68,Food and Cooking,Food and Cooking
DON624,54f08876-e0b9-4c21-bc37-8fcc2dd7cf68,Technology,Technology
DON625,4ce0809d-198a-4935-93b9-46c50a8c9c1f,Yoga and Pilates,Yoga and Pilates
DON626,cf638e5f-cd6d-4b6c-bbaf-e14990a6e465,Environment,Environment
DON627,cf638e5f-cd6d-4b6c-bbaf-e14990a6e465,Travel,Travel
DON628,cf638e5f-cd6d-4b6c-bbaf-e14990a6e465,Finance,Finance
DON629,b7dd09e7-ec93-41a4-9870-5d0a3cc3dab5,Finance,Finance
DON630,b7dd09e7-ec93-41a4-9870-5d0a3cc3dab5,Education,Education
DON631,f909a103-772e-451a-bc84-ecb3bab42a7e,Arts and Culture,Arts and Culture
DON632,f909a103-772e-451a-bc84-ecb3bab42a7e,Technology,Technology
DON633,a138fa57-8af4-4d2a-bdb2-d69a5f57d29f,Arts and Culture,Arts and Culture
DON634,943b4339-7f47-47d0-969f-95109c86fb8b,Health and Wellness,Health and Wellness
DON635,943b4339-7f47-47d0-969f-95109c86fb8b,Education,Education
DON636,0cb986d4-1f0a-44a6-8ac7-9363ab2c36e4,Education,Education
DON637,0cb986d4-1f0a-44a6-8ac7-9363ab2c36e4,Yoga and Pilates,Yoga and Pilates
DON638,0cb986d4-1f0a-44a6-8ac7-9363ab2c36e4,Travel,Travel
DON639,9be17dc5-7027-417c-afc3-f9b16daaed97,Environment,Environment
DON640,9be17dc5-7027-417c-afc3-f9b16daaed97,Education,Education
DON641,843a3b9a-4d24-4a91-8638-4dd96f5bf3a4,Environment,Environment
DON642,e5e0f3b3-6308-4053-9d25-8f9c832f3be2,Sports and Fitness,Sports and Fitness
DON643,e5e0f3b3-6308-4053-9d25-8f9c832f3be2,Education,Education
DON644,61fac530-21ce-4ff7-a4d0-18900e5b693f,Health and Wellness,Health and Wellness
DON645,61fac530-21ce-4ff7-a4d0-18900e5b693f,Travel,Travel
DON646,61fac530-21ce-4ff7-a4d0-18900e5b693f,Yoga and Pilates,Yoga and Pilates
DON647,a05b56b4-bcea-487a-a0d5-0329e88f3e76,Education,Education
DON648,54deb8e8-bcb0-4fb6-8835-fcf2a15546a8,Travel,Travel
DON649,54deb8e8-bcb0-4fb6-8835-fcf2a15546a8,Arts and Culture,Arts and Culture
DON650,c98dff65-4296-421c-aa79-0f8a83b0cf53,Sports and Fitness,Sports and Fitness
DON651,c98dff65-4296-421c-aa79-0f8a83b0cf53,Technology,Technology
DON652,5084f33c-02cd-478d-9e3f-9cf8c270acd3,Finance,Finance
DON653,5084f33c-02cd-478d-9e3f-9cf8c270acd3,Sports and Fitness,Sports and Fitness
DON654,5084f33c-02cd-478d-9e3f-9cf8c270acd3,Yoga and Pilates,Yoga and Pilates
DON655,0f02fa3e-b092-4692-8915-5e205b8a8a6f,Sports and Fitness,Sports and Fitness
DON656,0f02fa3e-b092-4692-8915-5e205b8a8a6f,Education,Education
DON657,0f02fa3e-b092-4692-8915-5e205b8a8a6f,Food and Cooking,Food and Cooking
DON658,757331c9-a1b0-4896-a0e9-c1bed4b5e09b,Environment,Environment
DON659,757331c9-a1b0-4896-a0e9-c1bed4b5e09b,Education,Education
DON660,757331c9-a1b0-4896-a0e9-c1bed4b5e09b,Food and Cooking,Food and Cooking
DON661,b2203d1c-a180-4a57-9ca0-6e4ff20c9f3f,Arts and Culture,Arts and Culture
DON662,b2203d1c-a180-4a57-9ca0-6e4ff20c9f3f,Sports and Fitness,Sports and Fitness
DON663,b2203d1c-a180-4a57-9ca0-6e4ff20c9f3f,Health and Wellness,Health and Wellness
DON664,bab9d58b-3b48-4ed4-8bea-1d9904d2aaba,Education,Education
DON665,bf0e3ed3-8bf7-4900-9303-563cba1f2bf8,Health and Wellness,Health and Wellness
DON666,1d5e0923-3fe4-48ed-ac9f-6634c72b5a1b,Environment,Environment
DON667,1d5e0923-3fe4-48ed-ac9f-6634c72b5a1b,Technology,Technology
DON668,f8400cf2-4999-45ae-9875-65717e7af05d,Food and Cooking,Food and Cooking
DON669,f8400cf2-4999-45ae-9875-65717e7af05d,Arts and Culture,Arts and Culture
DON670,d6b791bf-77ee-4639-9a0e-ce356f086462,Yoga and Pilates,Yoga and Pilates
DON671,8b3e7070-53ff-4257-9f9e-ada4b6423997,Health and Wellness,Health and Wellness
DON672,8b3e7070-53ff-4257-9f9e-ada4b6423997,Yoga and Pilates,Yoga and Pilates
DON673,8b3e7070-53ff-4257-9f9e-ada4b6423997,Finance,Finance
DON674,57db5704-b283-447f-b92c-3c4f07e3ce7e,Travel,Travel
DON675,57db5704-b283-447f-b92c-3c4f07e3ce7e,Food and Cooking,Food and Cooking
DON676,57db5704-b283-447f-b92c-3c4f07e3ce7e,Health and Wellness,Health and Wellness
DON677,e6086454-94a0-47f9-baef-aa2fa24f2f3d,Arts and Culture,Arts and Culture
DON678,e6086454-94a0-47f9-baef-aa2fa24f2f3d,Yoga and Pilates,Yoga and Pilates
DON679,641fc180-b0d0-440f-be88-921cd5093ce6,Yoga and Pilates,Yoga and Pilates
DON680,641fc180-b0d0-440f-be88-921cd5093ce6,Environment,Environment
DON681,641fc180-b0d0-440f-be88-921cd5093ce6,Health and Wellness,Health and Wellness
DON682,8d5f83c9-da3b-491c-9a98-b2cbc0a2f68f,Sports and Fitness,Sports and Fitness
DON683,8d5f83c9-da3b-491c-9a98-b2cbc0a2f68f,Arts and Culture,Arts and Culture
DON684,fd26d79d-ad32-4481-8397-c37b3c37f79c,Technology,Technology
DON685,fd26d79d-ad32-4481-8397-c37b3c37f79c,Environment,Environment
DON686,68c5840a-c212-4ff4-92f7-2d950bd58f59,Yoga and Pilates,Yoga and Pilates
DON687,68c5840a-c212-4ff4-92f7-2d950bd58f59,Technology,Technology
DON688,68c5840a-c212-4ff4-92f7-2d950bd58f59,Health and Wellness,Health and Wellness
DON689,5677fb3e-6f94-4c57-8e2f-cf63afc90518,Environment,Environment
DON690,5677fb3e-6f94-4c57-8e2f-cf63afc90518,Technology,Technology
DON691,5677fb3e-6f94-4c57-8e2f-cf63afc90518,Education,Education
DON692,dcc6db46-1c3f-4481-bc27-02cf1b5a7a78,Arts and Culture,Arts and Culture
DON693,b4460134-aab6-4ef3-ad64-6c00323f4821,Travel,Travel
DON694,248452bc-8685-41b7-9a3a-d4cfe56d012d,Arts and Culture,Arts and Culture
DON695,1438888a-1cb7-4952-98aa-8b8d85982095,Arts and Culture,Arts and Culture
DON696,1438888a-1cb7-4952-98aa-8b8d85982095,Travel,Travel
DON697,1438888a-1cb7-4952-98aa-8b8d85982095,Environment,Environment
DON698,017c49d3-2c11-4955-9405-f2da589c6342,Health and Wellness,Health and Wellness
DON699,017c49d3-2c11-4955-9405-f2da589c6342,Travel,Travel
DON700,017c49d3-2c11-4955-9405-f2da589c6342,Technology,Technology
DON701,3709c4f3-b478-4488-adc8-33cb272ae257,Arts and Culture,Arts and Culture
DON702,3709c4f3-b478-4488-adc8-33cb272ae257,Food and Cooking,Food and Cooking
DON703,317799da-e1c2-427a-8a83-13539959ef15,Food and Cooking,Food and Cooking
DON704,317799da-e1c2-427a-8a83-13539959ef15,Travel,Travel
DON705,317799da-e1c2-427a-8a83-13539959ef15,Education,Education
DON706,95aac8dd-4d18-44af-91c8-b97fe0c95f3e,Yoga and Pilates,Yoga and Pilates
DON707,95aac8dd-4d18-44af-91c8-b97fe0c95f3e,Technology,Technology
DON708,94cf8810-da2c-4798-9172-be8e5eb7c971,Health and Wellness,Health and Wellness
DON709,298e521f-9834-4361-9671-0beebea2ef12,Technology,Technology
DON710,298e521f-9834-4361-9671-0beebea2ef12,Environment,Environment
DON711,9108c97a-02f2-43c9-abb6-495938e6d3f3,Environment,Environment
DON712,92bacd0c-c9cf-4984-b21a-ac1b62b8f976,Health and Wellness,Health and Wellness
DON713,92bacd0c-c9cf-4984-b21a-ac1b62b8f976,Food and Cooking,Food and Cooking
DON714,388794cd-3045-49f5-befb-cbb63c2bc009,Education,Education
DON715,388794cd-3045-49f5-befb-cbb63c2bc009,Travel,Travel
DON716,388794cd-3045-49f5-befb-cbb63c2bc009,Finance,Finance
DON717,2af63d93-5ebc-483e-91dc-20ed1489561e,Yoga and Pilates,Yoga and Pilates
DON718,2af63d93-5ebc-483e-91dc-20ed1489561e,Food and Cooking,Food and Cooking
DON719,2af63d93-5ebc-483e-91dc-20ed1489561e,Finance,Finance
DON720,deeeec01-09fc-4e14-aa60-21331f2f7312,Finance,Finance
DON721,deeeec01-09fc-4e14-aa60-21331f2f7312,Health and Wellness,Health and Wellness
DON722,deeeec01-09fc-4e14-aa60-21331f2f7312,Environment,Environment
DON723,63804133-034c-4f67-85c5-f82a88685f72,Sports and Fitness,Sports and Fitness
DON724,63804133-034c-4f67-85c5-f82a88685f72,Environment,Environment
DON725,1c21128c-9aa1-41aa-ab8d-169a37d55baa,Sports and Fitness,Sports and Fitness
DON726,5c81fa0f-f2d3-41a6-8168-414154f2367a,Arts and Culture,Arts and Culture
DON727,5c81fa0f-f2d3-41a6-8168-414154f2367a,Finance,Finance
DON728,5c81fa0f-f2d3-41a6-8168-414154f2367a,Health and Wellness,Health and Wellness
DON729,d7e0380e-47c5-42f9-aa61-686e1fb9cc85,Environment,Environment
DON730,cb5f903f-cbf7-4c5d-b4a2-4744e3ac8034,Food and Cooking,Food and Cooking
DON731,b10cc7a4-cb4f-4dd2-be0e-d1d1384ba468,Health and Wellness,Health and Wellness
DON732,015eaedd-61c2-4ade-86aa-dc137667388b,Arts and Culture,Arts and Culture
DON733,015eaedd-61c2-4ade-86aa-dc137667388b,Environment,Environment
DON734,2250be33-1b5c-4632-bcb4-656b9c9e4090,Travel,Travel
DON735,2250be33-1b5c-4632-bcb4-656b9c9e4090,Environment,Environment
DON736,2250be33-1b5c-4632-bcb4-656b9c9e4090,Education,Education
DON737,40009530-67a9-4406-b132-2c30c6ef2fc8,Yoga and Pilates,Yoga and Pilates
DON738,40009530-67a9-4406-b132-2c30c6ef2fc8,Sports and Fitness,Sports and Fitness
DON739,e7ced21b-b096-434d-afee-a598a95ac73a,Health and Wellness,Health and Wellness
DON740,e7ced21b-b096-434d-afee-a598a95ac73a,Environment,Environment
DON741,ea114017-3a64-44aa-8f6c-e838d40fa5a9,Yoga and Pilates,Yoga and Pilates
DON742,ea114017-3a64-44aa-8f6c-e838d40fa5a9,Education,Education
DON743,ea114017-3a64-44aa-8f6c-e838d40fa5a9,Travel,Travel
DON744,acfcbe9c-2a55-421a-a44f-884ede0d3bbf,Travel,Travel
DON745,acfcbe9c-2a55-421a-a44f-884ede0d3bbf,Finance,Finance
DON746,36f95a0c-4928-4a2f-8353-25920be4158c,Education,Education
DON747,36f95a0c-4928-4a2f-8353-25920be4158c,Food and Cooking,Food and Cooking
DON748,b28bb345-8272-4d19-ad2b-ebc75e5f15c9,Sports and Fitness,Sports and Fitness
DON749,b28bb345-8272-4d19-ad2b-ebc75e5f15c9,Yoga and Pilates,Yoga and Pilates
DON750,b28bb345-8272-4d19-ad2b-ebc75e5f15c9,Health and Wellness,Health and Wellness
DON751,8a268722-e617-4767-ac0a-1491f98b70db,Arts and Culture,Arts and Culture
DON752,8a268722-e617-4767-ac0a-1491f98b70db,Food and Cooking,Food and Cooking
DON753,2d6273b6-aa7a-45a8-8c7e-144393b290ed,Finance,Finance
DON754,2d6273b6-aa7a-45a8-8c7e-144393b290ed,Technology,Technology
DON755,2d6273b6-aa7a-45a8-8c7e-144393b290ed,Travel,Travel
DON756,56173f01-10e8-49ca-a5cc-d68c37d21d41,Technology,Technology
DON757,ff3e21a7-a904-4df6-bd53-03a1b6e12790,Travel,Travel
DON758,ff3e21a7-a904-4df6-bd53-03a1b6e12790,Finance,Finance
DON759,0d0f9779-aaf9-4ce3-8d0b-4632a2d5448a,Education,Education
DON760,0d0f9779-aaf9-4ce3-8d0b-4632a2d5448a,Environment,Environment
DON761,f83ab14a-70b1-4aa6-bf3a-8b0cdd49df3c,Finance,Finance
DON762,f83ab14a-70b1-4aa6-bf3a-8b0cdd49df3c,Environment,Environment
DON763,62de072c-0db4-48b7-ab4a-ece83e92c17a,Sports and Fitness,Sports and Fitness
DON764,488b93cf-ea82-4e6f-ae3a-87c61b9e3fca,Environment,Environment
DON765,7a897bb7-53d7-417b-ba92-a29076e930c4,Health and Wellness,Health and Wellness
DON766,7a897bb7-53d7-417b-ba92-a29076e930c4,Education,Education
DON767,071174b1-1183-4f3a-83f2-295f6436509d,Health and Wellness,Health and Wellness
DON768,071174b1-1183-4f3a-83f2-295f6436509d,Food and Cooking,Food and Cooking
DON769,071174b1-1183-4f3a-83f2-295f6436509d,Environment,Environment
DON770,e7978d47-1066-452b-8ac4-9efffb00b8d0,Technology,Technology
DON771,e7978d47-1066-452b-8ac4-9efffb00b8d0,Finance,Finance
DON772,e7978d47-1066-452b-8ac4-9efffb00b8d0,Yoga and Pilates,Yoga and Pilates
DON773,ae4617b8-cbaf-487d-87ce-9a3f0d2c817f,Education,Education
DON774,ae4617b8-cbaf-487d-87ce-9a3f0d2c817f,Food and Cooking,Food and Cooking
DON775,ae4617b8-cbaf-487d-87ce-9a3f0d2c817f,Environment,Environment
DON776,8bb6a1c1-4b68-490d-bc50-0591f9393e29,Environment,Environment
DON777,8bb6a1c1-4b68-490d-bc50-0591f9393e29,Travel,Travel
DON778,b21f071b-3b24-4dd0-919e-78697fa197c1,Food and Cooking,Food and Cooking
DON779,b21f071b-3b24-4dd0-919e-78697fa197c1,Travel,Travel
DON780,1ca93ab0-41dd-4b95-a312-5c69526f44e0,Food and Cooking,Food and Cooking
DON781,1ca93ab0-41dd-4b95-a312-5c69526f44e0,Technology,Technology
DON782,f63b06a0-09d8-439e-ae20-96ac4608e6c7,Environment,Environment
DON783,049745cb-261f-4475-b7b5-cbcc90071bab,Education,Education
DON784,82cf8d2c-ef3c-4bd0-9463-1cf237ae13e7,Health and Wellness,Health and Wellness
DON785,82cf8d2c-ef3c-4bd0-9463-1cf237ae13e7,Technology,Technology
DON786,14faac0a-1d94-4aa4-9f5d-48567f881388,Health and Wellness,Health and Wellness
DON787,14faac0a-1d94-4aa4-9f5d-48567f881388,Finance,Finance
DON788,14faac0a-1d94-4aa4-9f5d-48567f881388,Education,Education
DON789,506d92fb-0246-4501-9726-6a00ea839677,Sports and Fitness,Sports and Fitness
DON790,506d92fb-0246-4501-9726-6a00ea839677,Yoga and Pilates,Yoga and Pilates
DON791,14085ca8-3e7c-42d7-9d2b-383331aa4e6c,Finance,Finance
DON792,14085ca8-3e7c-42d7-9d2b-383331aa4e6c,Health and Wellness,Health and Wellness
DON793,14085ca8-3e7c-42d7-9d2b-383331aa4e6c,Sports and Fitness,Sports and Fitness
DON794,2e26765c-ee3b-468c-86ff-c4e588a03228,Food and Cooking,Food and Cooking
DON795,2e26765c-ee3b-468c-86ff-c4e588a03228,Arts and Culture,Arts and Culture
DON796,ef28e935-2ba2-49e5-81e9-c7e1bf474a37,Finance,Finance
DON797,4f546b12-e525-418e-af09-97213445b982,Education,Education
DON798,4f546b12-e525-418e-af09-97213445b982,Yoga and Pilates,Yoga and Pilates
DON799,fed21894-c65b-40e5-933a-9e019de477c6,Technology,Technology
DON800,0d900cfc-6565-4b8f-99f7-30fca5c5ace9,Education,Education
DON801,0d900cfc-6565-4b8f-99f7-30fca5c5ace9,Travel,Travel
DON802,9713acc3-9eb0-443b-bcdd-176f057eee3a,Technology,Technology
DON803,9713acc3-9eb0-443b-bcdd-176f057eee3a,Food and Cooking,Food and Cooking
DON804,9713acc3-9eb0-443b-bcdd-176f057eee3a,Finance,Finance
DON805,8ff1a9ee-f04c-43dc-87d7-649c407ec5de,Technology,Technology
DON806,8ff1a9ee-f04c-43dc-87d7-649c407ec5de,Education,Education
DON807,a7a7ca28-eb95-4aa9-ae47-cb560b102dfd,Finance,Finance
DON808,a7a7ca28-eb95-4aa9-ae47-cb560b102dfd,Health and Wellness,Health and Wellness
DON809,291d38e5-a810-48db-902d-1273cef1bdff,Technology,Technology
DON810,291d38e5-a810-48db-902d-1273cef1bdff,Travel,Travel
DON811,291d38e5-a810-48db-902d-1273cef1bdff,Sports and Fitness,Sports and Fitness
DON812,dbf0371b-a1df-49bd-952f-6367a76c68ff,Travel,Travel
DON813,db54f0a8-75d5-45c4-aa72-5be44953cdc6,Environment,Environment
DON814,db54f0a8-75d5-45c4-aa72-5be44953cdc6,Technology,Technology
DON815,db54f0a8-75d5-45c4-aa72-5be44953cdc6,Education,Education
DON816,7c454b08-bc4d-4303-9d6f-0f1f24fc572f,Education,Education
DON817,01eb22c9-dac3-4674-b2e4-e15eee7972d3,Health and Wellness,Health and Wellness
DON818,01eb22c9-dac3-4674-b2e4-e15eee7972d3,Travel,Travel
DON819,01eb22c9-dac3-4674-b2e4-e15eee7972d3,Technology,Technology
DON820,43207be9-fd1a-4bcb-b1a9-e9373ae46824,Arts and Culture,Arts and Culture
DON821,dc69e64b-5b26-40bd-81a3-716f559628a0,Travel,Travel
DON822,dc69e64b-5b26-40bd-81a3-716f559628a0,Sports and Fitness,Sports and Fitness
DON823,a1e9bccb-2fed-4d37-9f38-46df0439e111,Yoga and Pilates,Yoga and Pilates
DON824,91fe1d51-ac3e-4d33-919e-1474f53c419e,Health and Wellness,Health and Wellness
DON825,91fe1d51-ac3e-4d33-919e-1474f53c419e,Finance,Finance
DON826,6339b254-7702-488e-8468-0c0042b09d29,Education,Education
DON827,6339b254-7702-488e-8468-0c0042b09d29,Technology,Technology
DON828,388e2535-acb1-4ee6-af22-e309cfeb3737,Food and Cooking,Food and Cooking
DON829,9706789e-44b4-4c2f-8dbd-4b1691dbf5f0,Travel,Travel
DON830,9706789e-44b4-4c2f-8dbd-4b1691dbf5f0,Technology,Technology
DON831,9706789e-44b4-4c2f-8dbd-4b1691dbf5f0,Environment,Environment
DON832,6790f770-6c19-4c94-8aad-74e4c66d607c,Food and Cooking,Food and Cooking
DON833,6790f770-6c19-4c94-8aad-74e4c66d607c,Finance,Finance
DON834,8c566bc4-c200-435b-9e21-2bb150a5210d,Education,Education
DON835,12cbfdfa-018d-4f2c-afe0-e6d3f8548dd4,Education,Education
DON836,12cbfdfa-018d-4f2c-afe0-e6d3f8548dd4,Arts and Culture,Arts and Culture
DON837,12cbfdfa-018d-4f2c-afe0-e6d3f8548dd4,Environment,Environment
DON838,03c8095a-1c6e-4631-83e4-d78e7aee2843,Health and Wellness,Health and Wellness
DON839,dd30a3ba-95f5-4636-a5a0-faaf6010b209,Arts and Culture,Arts and Culture
DON840,dd30a3ba-95f5-4636-a5a0-faaf6010b209,Technology,Technology
DON841,2673776b-cde3-45dd-aeee-69f04cc6157c,Education,Education
DON842,2673776b-cde3-45dd-aeee-69f04cc6157c,Sports and Fitness,Sports and Fitness
DON843,2673776b-cde3-45dd-aeee-69f04cc6157c,Technology,Technology
DON844,5d9669fc-55f1-4564-acd6-b6181cd6a9a9,Travel,Travel
DON845,5d9669fc-55f1-4564-acd6-b6181cd6a9a9,Food and Cooking,Food and Cooking
DON846,5d9669fc-55f1-4564-acd6-b6181cd6a9a9,Yoga and Pilates,Yoga and Pilates
DON847,9fc1e079-9c76-4888-b2c2-fd28afa60981,Education,Education
DON848,9fc1e079-9c76-4888-b2c2-fd28afa60981,Yoga and Pilates,Yoga and Pilates
DON849,9fc1e079-9c76-4888-b2c2-fd28afa60981,Finance,Finance
DON850,70ccb957-9f95-4046-ac7a-ce58b3b5eb5d,Finance,Finance
DON851,70ccb957-9f95-4046-ac7a-ce58b3b5eb5d,Environment,Environment
DON852,70ccb957-9f95-4046-ac7a-ce58b3b5eb5d,Education,Education
DON853,fe22c771-fa63-4824-ba7a-bfcee68e4625,Finance,Finance
DON854,fe22c771-fa63-4824-ba7a-bfcee68e4625,Arts and Culture,Arts and Culture
DON855,cbfe3c88-8f0a-443d-8011-7bb41c719542,Education,Education
DON856,514eff83-69bd-4aef-b4a0-2fcb63dec0b7,Technology,Technology
DON857,514eff83-69bd-4aef-b4a0-2fcb63dec0b7,Food and Cooking,Food and Cooking
DON858,514eff83-69bd-4aef-b4a0-2fcb63dec0b7,Education,Education
DON859,ff58fd4d-601f-49be-9905-242a6f8ee4d3,Health and Wellness,Health and Wellness
DON860,ff58fd4d-601f-49be-9905-242a6f8ee4d3,Arts and Culture,Arts and Culture
DON861,e9bcc336-fbcf-47d6-9cf5-855f495bd42d,Sports and Fitness,Sports and Fitness
DON862,2f8493b1-5a6d-4d82-8308-8da2ce81f1cd,Environment,Environment
DON863,2f8493b1-5a6d-4d82-8308-8da2ce81f1cd,Yoga and Pilates,Yoga and Pilates
DON864,a5f52e7e-a8d1-45a1-94d5-649289b89430,Yoga and Pilates,Yoga and Pilates
DON865,a5f52e7e-a8d1-45a1-94d5-649289b89430,Finance,Finance
DON866,a5f52e7e-a8d1-45a1-94d5-649289b89430,Technology,Technology
DON867,021f58e9-1ecd-4a92-99fe-7c4300e83bc1,Arts and Culture,Arts and Culture
DON868,877f1d36-cac9-407f-8502-5278284f2011,Travel,Travel
DON869,877f1d36-cac9-407f-8502-5278284f2011,Technology,Technology
DON870,877f1d36-cac9-407f-8502-5278284f2011,Environment,Environment
DON871,dfcb8eda-e3c7-431a-85dd-19fb49171f34,Environment,Environment
DON872,dfcb8eda-e3c7-431a-85dd-19fb49171f34,Technology,Technology
DON873,3999db24-b030-473d-9b45-20f0e3aa58d3,Technology,Technology
DON874,f892978d-35a6-4724-b509-e9240df2c7e3,Finance,Finance
DON875,f892978d-35a6-4724-b509-e9240df2c7e3,Education,Education
DON876,f892978d-35a6-4724-b509-e9240df2c7e3,Technology,Technology
DON877,1d60babb-c1c8-4bef-a1e0-88a00aead0ed,Sports and Fitness,Sports and Fitness
DON878,ef76c303-8de2-4b40-b176-ed6d55f5c4f2,Technology,Technology
DON879,ef76c303-8de2-4b40-b176-ed6d55f5c4f2,Education,Education
DON880,ef76c303-8de2-4b40-b176-ed6d55f5c4f2,Food and Cooking,Food and Cooking
DON881,3bf5e38d-ba57-44ef-adce-7a657074f86a,Education,Education
DON882,3bf5e38d-ba57-44ef-adce-7a657074f86a,Travel,Travel
DON883,3bf5e38d-ba57-44ef-adce-7a657074f86a,Finance,Finance
DON884,adcac049-727e-4ba6-90e2-cfe4f833d2c7,Education,Education
DON885,77084ebd-f9cc-4734-9f4e-6da3a9425c71,Environment,Environment
DON886,f6a4e97e-b917-44a0-8d0b-b31ccb0385c6,Sports and Fitness,Sports and Fitness
DON887,f6a4e97e-b917-44a0-8d0b-b31ccb0385c6,Environment,Environment
DON888,f6a4e97e-b917-44a0-8d0b-b31ccb0385c6,Food and Cooking,Food and Cooking
DON889,99c53cfc-348a-4b26-b810-f3a4846e58ea,Technology,Technology
DON890,99c53cfc-348a-4b26-b810-f3a4846e58ea,Arts and Culture,Arts and Culture
DON891,c8fc88d9-89c9-4b9d-bb6e-092ce5437eee,Food and Cooking,Food and Cooking
DON892,c8fc88d9-89c9-4b9d-bb6e-092ce5437eee,Finance,Finance
DON893,bc81bcd6-7931-480f-b3bb-f7fa2952b0fa,Yoga and Pilates,Yoga and Pilates
DON894,bc81bcd6-7931-480f-b3bb-f7fa2952b0fa,Health and Wellness,Health and Wellness
DON895,bc81bcd6-7931-480f-b3bb-f7fa2952b0fa,Finance,Finance
DON896,ec0c0366-62fe-49bb-99c0-6256924635d3,Travel,Travel
DON897,ec0c0366-62fe-49bb-99c0-6256924635d3,Technology,Technology
DON898,31b203b4-b5c2-4d8a-b8c9-770f53225232,Environment,Environment
DON899,31b203b4-b5c2-4d8a-b8c9-770f53225232,Yoga and Pilates,Yoga and Pilates
DON900,4d3a3396-52c8-4e66-ac63-6f4a99beefd5,Arts and Culture,Arts and Culture
DON901,b6398848-8e78-43e4-8b11-b99e272d763f,Education,Education
DON902,5bcc26c1-6629-422d-ad35-573b359ad543,Environment,Environment
DON903,5bcc26c1-6629-422d-ad35-573b359ad543,Yoga and Pilates,Yoga and Pilates
DON904,5bcc26c1-6629-422d-ad35-573b359ad543,Sports and Fitness,Sports and Fitness
DON905,c4f282be-0523-4de5-89a9-dcc8c977ffb2,Finance,Finance
DON906,c4f282be-0523-4de5-89a9-dcc8c977ffb2,Travel,Travel
DON907,0b383a35-e57b-42ba-9da4-eb93c6c917b2,Arts and Culture,Arts and Culture
DON908,0b383a35-e57b-42ba-9da4-eb93c6c917b2,Yoga and Pilates,Yoga and Pilates
DON909,0b383a35-e57b-42ba-9da4-eb93c6c917b2,Technology,Technology
DON910,ede48bef-4090-4ae4-a909-1332f2a93a95,Yoga and Pilates,Yoga and Pilates
DON911,ede2a758-805c-4d95-8f3c-c96773e8bc3c,Travel,Travel
DON912,7ddafad6-b59e-483b-a250-39890a6ad3a1,Education,Education
DON913,7ddafad6-b59e-483b-a250-39890a6ad3a1,Yoga and Pilates,Yoga and Pilates
DON914,7ddafad6-b59e-483b-a250-39890a6ad3a1,Technology,Technology
DON915,d0233ddf-e442-4a1e-afe1-65c1765cfedd,Arts and Culture,Arts and Culture
DON916,0b2ab4af-55d6-40e9-980d-cf3840e972a9,Health and Wellness,Health and Wellness
DON917,63a53d6e-e883-45d5-a37b-5c553ee99c81,Food and Cooking,Food and Cooking
DON918,63a53d6e-e883-45d5-a37b-5c553ee99c81,Yoga and Pilates,Yoga and Pilates
DON919,63a53d6e-e883-45d5-a37b-5c553ee99c81,Travel,Travel
DON920,c76077a2-5f38-435c-97a8-0c49add63587,Arts and Culture,Arts and Culture
DON921,c76077a2-5f38-435c-97a8-0c49add63587,Environment,Environment
DON922,41b0188b-e1a1-41d9-a0fa-4c182cfd8d97,Arts and Culture,Arts and Culture
DON923,41b0188b-e1a1-41d9-a0fa-4c182cfd8d97,Yoga and Pilates,Yoga and Pilates
DON924,41b0188b-e1a1-41d9-a0fa-4c182cfd8d97,Education,Education
DON925,c127c384-dcfd-4c24-94f8-f0a5a49c9b15,Sports and Fitness,Sports and Fitness
DON926,c127c384-dcfd-4c24-94f8-f0a5a49c9b15,Travel,Travel
DON927,c127c384-dcfd-4c24-94f8-f0a5a49c9b15,Technology,Technology
DON928,f58d6974-1184-4cb5-be03-4c297101f159,Yoga and Pilates,Yoga and Pilates
DON929,f58d6974-1184-4cb5-be03-4c297101f159,Sports and Fitness,Sports and Fitness
DON930,f12fde83-baae-4981-acb1-a1a696ca5249,Environment,Environment
DON931,f12fde83-baae-4981-acb1-a1a696ca5249,Yoga and Pilates,Yoga and Pilates
DON932,e264e1b7-76c8-4845-998a-b644d43f389f,Sports and Fitness,Sports and Fitness
DON933,e264e1b7-76c8-4845-998a-b644d43f389f,Finance,Finance
DON934,e264e1b7-76c8-4845-998a-b644d43f389f,Food and Cooking,Food and Cooking
DON935,0b173f69-a3a3-413c-9144-5e782d10f6fa,Sports and Fitness,Sports and Fitness
DON936,0b173f69-a3a3-413c-9144-5e782d10f6fa,Finance,Finance
DON937,beafdad0-1525-4b00-a29e-76357bf5900b,Health and Wellness,Health and Wellness
DON938,beafdad0-1525-4b00-a29e-76357bf5900b,Food and Cooking,Food and Cooking
DON939,beafdad0-1525-4b00-a29e-76357bf5900b,Environment,Environment
DON940,b922b23b-71e3-46f9-bb66-02918374b8d4,Education,Education
DON941,b922b23b-71e3-46f9-bb66-02918374b8d4,Technology,Technology
DON942,d1c43cdf-2aef-47e6-b5c8-9f70cc073edc,Environment,Environment
DON943,6b8432b2-26e0-4b5c-8dd3-3f6ecf6f8b30,Technology,Technology
DON944,6b8432b2-26e0-4b5c-8dd3-3f6ecf6f8b30,Travel,Travel
DON945,185709e9-6fd9-4d7a-9033-0c3a41490882,Yoga and Pilates,Yoga and Pilates
DON946,185709e9-6fd9-4d7a-9033-0c3a41490882,Finance,Finance
DON947,d4f18f82-ddb8-4f34-b2ff-2433cd95997f,Technology,Technology
DON948,d4f18f82-ddb8-4f34-b2ff-2433cd95997f,Arts and Culture,Arts and Culture
DON949,d4f18f82-ddb8-4f34-b2ff-2433cd95997f,Finance,Finance
DON950,593f9e63-154d-4eff-8b46-266db4e1e6a8,Technology,Technology
DON951,e7529f55-6e18-4304-9626-9af1a07258eb,Finance,Finance
DON952,537fa776-f8c9-455a-af26-23004ff9b2f6,Travel,Travel
DON953,537fa776-f8c9-455a-af26-23004ff9b2f6,Technology,Technology
DON954,9e543daf-b753-4317-8385-c529d2da1d1a,Food and Cooking,Food and Cooking
DON955,0cb5e768-4b14-44fa-96c1-d708ea90963f,Food and Cooking,Food and Cooking
DON956,0cb5e768-4b14-44fa-96c1-d708ea90963f,Yoga and Pilates,Yoga and Pilates
DON957,0cb5e768-4b14-44fa-96c1-d708ea90963f,Environment,Environment
DON958,ad94980a-ebfc-4991-9323-a0e202a7fde0,Finance,Finance
DON959,1edba31a-d6b0-4217-b400-e648ed25add3,Education,Education
DON960,1edba31a-d6b0-4217-b400-e648ed25add3,Food and Cooking,Food and Cooking
DON961,1edba31a-d6b0-4217-b400-e648ed25add3,Travel,Travel
DON962,84593df2-1426-4960-bf63-7108dad0787b,Education,Education
DON963,84593df2-1426-4960-bf63-7108dad0787b,Health and Wellness,Health and Wellness
DON964,84593df2-1426-4960-bf63-7108dad0787b,Travel,Travel
DON965,718fb5df-fd4c-44fc-b052-97608022950f,Environment,Environment
DON966,718fb5df-fd4c-44fc-b052-97608022950f,Technology,Technology
DON967,5938f67e-5a7e-4582-ba68-2a01ee69d9a2,Technology,Technology
DON968,5938f67e-5a7e-4582-ba68-2a01ee69d9a2,Health and Wellness,Health and Wellness
DON969,395fcfa4-a505-4bb3-9117-c9d2d9550103,Health and Wellness,Health and Wellness
DON970,395fcfa4-a505-4bb3-9117-c9d2d9550103,Finance,Finance
DON971,b41ce644-c5d9-4ca4-8ce8-df5797854a41,Education,Education
DON972,2b310138-31ce-4df0-b76f-91424572db7d,Education,Education
DON973,2b310138-31ce-4df0-b76f-91424572db7d,Health and Wellness,Health and Wellness
DON974,ea44452d-148a-4770-b6d6-ab48a3e0ec35,Food and Cooking,Food and Cooking
DON975,ea44452d-148a-4770-b6d6-ab48a3e0ec35,Education,Education
DON976,079b7144-d04c-4f2e-8424-1e0a733a6bfc,Health and Wellness,Health and Wellness
DON977,079b7144-d04c-4f2e-8424-1e0a733a6bfc,Yoga and Pilates,Yoga and Pilates
DON978,bf22cbfb-06f4-4b3c-b43e-bb627322d27c,Finance,Finance
DON979,bf22cbfb-06f4-4b3c-b43e-bb627322d27c,Yoga and Pilates,Yoga and Pilates
DON980,8138fe16-297b-445e-8216-3dff63ede029,Yoga and Pilates,Yoga and Pilates
DON981,8138fe16-297b-445e-8216-3dff63ede029,Food and Cooking,Food and Cooking
DON982,8138fe16-297b-445e-8216-3dff63ede029,Health and Wellness,Health and Wellness
DON983,6d6ea9e9-9378-49f7-8afa-4f40e3744aed,Education,Education
DON984,15358a4c-0cbc-4f0b-a1d7-22413e730fa3,Education,Education
DON985,c2837b2c-5f6a-402a-a7a5-14c92cd0587b,Health and Wellness,Health and Wellness
DON986,c2837b2c-5f6a-402a-a7a5-14c92cd0587b,Food and Cooking,Food and Cooking
DON987,c2837b2c-5f6a-402a-a7a5-14c92cd0587b,Finance,Finance
DON988,b470c2e0-ad65-4890-b669-fe780a611e08,Yoga and Pilates,Yoga and Pilates
DON989,31bd5ae2-6d00-45dd-a283-4a9dccab9b7d,Education,Education
DON990,31bd5ae2-6d00-45dd-a283-4a9dccab9b7d,Technology,Technology
DON991,64906d7e-2a13-429b-880c-96fba67b4206,Food and Cooking,Food and Cooking
DON992,feee94e3-aa7a-4cd4-87ff-f8891456515e,Technology,Technology
DON993,feee94e3-aa7a-4cd4-87ff-f8891456515e,Health and Wellness,Health and Wellness
DON994,b1b1d967-5cb4-4606-a994-f624f43f7cc3,Yoga and Pilates,Yoga and Pilates
DON995,b1b1d967-5cb4-4606-a994-f624f43f7cc3,Environment,Environment
DON996,5b630169-54d6-4391-a7d6-ca9c148a6f0d,Yoga and Pilates,Yoga and Pilates
DON997,5b630169-54d6-4391-a7d6-ca9c148a6f0d,Education,Education
DON998,5b630169-54d6-4391-a7d6-ca9c148a6f0d,Health and Wellness,Health and Wellness
DON999,23ddd70a-483b-49b6-858f-230894680397,Environment,Environment
DON1000,23ddd70a-483b-49b6-858f-230894680397,Travel,Travel
DON1001,7400b5eb-d749-438a-8cce-9f97e4929b77,Arts and Culture,Arts and Culture
DON1002,7a12c29a-8122-4027-84df-14c5d7fff45d,Arts and Culture,Arts and Culture
DON1003,dd965733-858f-4460-a683-877c563863f1,Health and Wellness,Health and Wellness
DON1004,dd965733-858f-4460-a683-877c563863f1,Travel,Travel
DON1005,4f5c9733-19bd-4907-a873-e3dcca36d693,Sports and Fitness,Sports and Fitness
DON1006,8871cc80-afd3-48bb-b34d-e27373c57f25,Technology,Technology
DON1007,8871cc80-afd3-48bb-b34d-e27373c57f25,Sports and Fitness,Sports and Fitness
DON1008,8871cc80-afd3-48bb-b34d-e27373c57f25,Education,Education
DON1009,7d3b7640-f497-4206-b7a6-fd911412293f,Yoga and Pilates,Yoga and Pilates
DON1010,206bb7a4-333a-48f6-9239-e01e70c9ede7,Finance,Finance
DON1011,206bb7a4-333a-48f6-9239-e01e70c9ede7,Environment,Environment
DON1012,ce9e06d1-940f-45fd-846a-039699bb92d9,Technology,Technology
DON1013,ce9e06d1-940f-45fd-846a-039699bb92d9,Environment,Environment
DON1014,702ec154-2349-4b03-87e3-198b81667e29,Arts and Culture,Arts and Culture
DON1015,0be16035-6663-4b81-8e8a-e0ff12b00865,Health and Wellness,Health and Wellness
DON1016,0be16035-6663-4b81-8e8a-e0ff12b00865,Environment,Environment
DON1017,c54f0923-0653-46bc-9d4e-a675881eb89f,Environment,Environment
DON1018,c54f0923-0653-46bc-9d4e-a675881eb89f,Yoga and Pilates,Yoga and Pilates
DON1019,c54f0923-0653-46bc-9d4e-a675881eb89f,Health and Wellness,Health and Wellness
DON1020,a64b1992-93d5-4f6a-b547-40614ef1ed1c,Arts and Culture,Arts and Culture
DON1021,a64b1992-93d5-4f6a-b547-40614ef1ed1c,Environment,Environment
DON1022,a64b1992-93d5-4f6a-b547-40614ef1ed1c,Sports and Fitness,Sports and Fitness
DON1023,8304eeae-1819-4577-b3cb-599ee8ce2671,Health and Wellness,Health and Wellness
DON1024,f1805872-0cf3-454d-8ce4-c47615738b36,Education,Education
DON1025,f1805872-0cf3-454d-8ce4-c47615738b36,Technology,Technology
DON1026,f1805872-0cf3-454d-8ce4-c47615738b36,Yoga and Pilates,Yoga and Pilates
DON1027,3ca56cb4-127b-4dfa-bcf2-ca02ce00eb54,Food and Cooking,Food and Cooking
DON1028,3ca56cb4-127b-4dfa-bcf2-ca02ce00eb54,Yoga and Pilates,Yoga and Pilates
DON1029,99e3ab95-6afd-453c-bcc9-6c2cbb3f4797,Sports and Fitness,Sports and Fitness
DON1030,42f74db1-648e-4d09-8fb2-182651d52104,Arts and Culture,Arts and Culture
DON1031,42f74db1-648e-4d09-8fb2-182651d52104,Food and Cooking,Food and Cooking
DON1032,42f74db1-648e-4d09-8fb2-182651d52104,Health and Wellness,Health and Wellness
DON1033,a9ecebde-3a75-4488-9454-f2b343791900,Health and Wellness,Health and Wellness
DON1034,a48eb152-00ad-4283-83ea-4c94e82ce065,Environment,Environment
DON1035,a48eb152-00ad-4283-83ea-4c94e82ce065,Yoga and Pilates,Yoga and Pilates
DON1036,ffc91922-4b3a-420c-b760-f71c66dce196,Health and Wellness,Health and Wellness
DON1037,ffc91922-4b3a-420c-b760-f71c66dce196,Environment,Environment
DON1038,ffc91922-4b3a-420c-b760-f71c66dce196,Sports and Fitness,Sports and Fitness
DON1039,76415b0a-01f9-4130-9e27-03c11e37f232,Education,Education
DON1040,8fe92631-2227-472a-af65-c19b0679a39c,Yoga and Pilates,Yoga and Pilates
DON1041,8fe92631-2227-472a-af65-c19b0679a39c,Technology,Technology
DON1042,8fe92631-2227-472a-af65-c19b0679a39c,Arts and Culture,Arts and Culture
DON1043,1726f028-0088-4500-9120-edcf1e61c336,Sports and Fitness,Sports and Fitness
DON1044,1726f028-0088-4500-9120-edcf1e61c336,Arts and Culture,Arts and Culture
DON1045,08d80497-84ea-40d7-a46c-00693b59e007,Travel,Travel
DON1046,2c1cc42f-817a-4e86-80a3-e493bc4bc0ea,Yoga and Pilates,Yoga and Pilates
DON1047,2c1cc42f-817a-4e86-80a3-e493bc4bc0ea,Food and Cooking,Food and Cooking
DON1048,2c1cc42f-817a-4e86-80a3-e493bc4bc0ea,Finance,Finance
DON1049,95da93fe-6575-4ecb-9a0d-92c06e898ba2,Technology,Technology
DON1050,54e76156-eafb-4c9b-b78d-0f3aaf89ed99,Arts and Culture,Arts and Culture
DON1051,54e76156-eafb-4c9b-b78d-0f3aaf89ed99,Education,Education
DON1052,60fd431a-c262-415a-91e0-0fcdbabeaaf8,Finance,Finance
DON1053,60fd431a-c262-415a-91e0-0fcdbabeaaf8,Technology,Technology
DON1054,c25d0948-e8dd-411b-b932-124810426979,Yoga and Pilates,Yoga and Pilates
DON1055,6bbb345c-ed97-43f8-baf8-45bc89615bff,Sports and Fitness,Sports and Fitness
DON1056,6bbb345c-ed97-43f8-baf8-45bc89615bff,Technology,Technology
DON1057,6bbb345c-ed97-43f8-baf8-45bc89615bff,Finance,Finance
DON1058,1bba81a8-f51a-4464-9b48-be5be01095ef,Sports and Fitness,Sports and Fitness
DON1059,8cf8a947-adc1-4e71-9bf7-0c16d11315d7,Yoga and Pilates,Yoga and Pilates
DON1060,8cf8a947-adc1-4e71-9bf7-0c16d11315d7,Finance,Finance
DON1061,8cf8a947-adc1-4e71-9bf7-0c16d11315d7,Education,Education
DON1062,2956f2db-bf39-4bac-92ee-78fc98e4d5c0,Arts and Culture,Arts and Culture
DON1063,2956f2db-bf39-4bac-92ee-78fc98e4d5c0,Technology,Technology
DON1064,2956f2db-bf39-4bac-92ee-78fc98e4d5c0,Food and Cooking,Food and Cooking
DON1065,96c8a2ff-edbd-4f90-9969-7ddd73b8126e,Education,Education
DON1066,ef6b63fa-d42f-4136-a035-ac66307fa5d7,Travel,Travel
DON1067,ef6b63fa-d42f-4136-a035-ac66307fa5d7,Food and Cooking,Food and Cooking
DON1068,53f680a4-ca51-44dc-9e8a-4fbf7f3e94a7,Health and Wellness,Health and Wellness
DON1069,53a65706-f1c5-47a0-b436-0a384b58e37f,Sports and Fitness,Sports and Fitness
DON1070,53a65706-f1c5-47a0-b436-0a384b58e37f,Arts and Culture,Arts and Culture
DON1071,53a65706-f1c5-47a0-b436-0a384b58e37f,Food and Cooking,Food and Cooking
DON1072,7f40ad08-e800-4f78-8bea-4dc88725d99e,Yoga and Pilates,Yoga and Pilates
DON1073,7f40ad08-e800-4f78-8bea-4dc88725d99e,Travel,Travel
DON1074,7f40ad08-e800-4f78-8bea-4dc88725d99e,Finance,Finance
DON1075,ff59eba7-a88b-4abd-aa43-6d4129df65e5,Food and Cooking,Food and Cooking
DON1076,ff59eba7-a88b-4abd-aa43-6d4129df65e5,Environment,Environment
DON1077,ff59eba7-a88b-4abd-aa43-6d4129df65e5,Arts and Culture,Arts and Culture
DON1078,8dac4c42-3ac8-4651-ab80-1716b469489b,Arts and Culture,Arts and Culture
DON1079,8dac4c42-3ac8-4651-ab80-1716b469489b,Technology,Technology
DON1080,8dac4c42-3ac8-4651-ab80-1716b469489b,Education,Education
DON1081,0bf2a7dd-43e0-468e-80ca-dff9eea9ff75,Education,Education
DON1082,0bf2a7dd-43e0-468e-80ca-dff9eea9ff75,Technology,Technology
DON1083,0bf2a7dd-43e0-468e-80ca-dff9eea9ff75,Travel,Travel
DON1084,9c7b3244-c564-45e5-b3c4-ae0ef6d01e94,Sports and Fitness,Sports and Fitness
DON1085,9c7b3244-c564-45e5-b3c4-ae0ef6d01e94,Finance,Finance
DON1086,9c7b3244-c564-45e5-b3c4-ae0ef6d01e94,Technology,Technology
DON1087,b7f97169-8924-49b9-8352-559d1f6728e5,Finance,Finance
DON1088,b7f97169-8924-49b9-8352-559d1f6728e5,Health and Wellness,Health and Wellness
DON1089,b06427f6-4e59-4f36-9ba6-8273195fed35,Health and Wellness,Health and Wellness
DON1090,8fd483bc-4946-4355-a9ec-29e25b519bcf,Travel,Travel
DON1091,8fd483bc-4946-4355-a9ec-29e25b519bcf,Technology,Technology
DON1092,db6fe2e1-a2fc-4cce-979d-778928925a51,Sports and Fitness,Sports and Fitness
DON1093,df6dea33-8a15-42e1-8413-80df3b34dbfa,Technology,Technology
DON1094,808d29d3-d823-48ba-8ddd-c44a7a0c478e,Health and Wellness,Health and Wellness
DON1095,808d29d3-d823-48ba-8ddd-c44a7a0c478e,Yoga and Pilates,Yoga and Pilates
DON1096,808d29d3-d823-48ba-8ddd-c44a7a0c478e,Food and Cooking,Food and Cooking
DON1097,80af6a3e-3d22-40e9-be59-73872ae0e1bc,Education,Education
DON1098,80af6a3e-3d22-40e9-be59-73872ae0e1bc,Travel,Travel
DON1099,80af6a3e-3d22-40e9-be59-73872ae0e1bc,Sports and Fitness,Sports and Fitness
DON1100,45be560a-bc30-463a-aa8c-17a668f8771f,Environment,Environment
DON1101,45be560a-bc30-463a-aa8c-17a668f8771f,Travel,Travel
DON1102,2387c89f-d826-446a-8204-c9bee07a794f,Finance,Finance
DON1103,2387c89f-d826-446a-8204-c9bee07a794f,Education,Education
DON1104,2387c89f-d826-446a-8204-c9bee07a794f,Yoga and Pilates,Yoga and Pilates
DON1105,8e2bbae7-5ac5-4a2c-82f4-b4aab9020d44,Travel,Travel
DON1106,8e2bbae7-5ac5-4a2c-82f4-b4aab9020d44,Health and Wellness,Health and Wellness
DON1107,8e2bbae7-5ac5-4a2c-82f4-b4aab9020d44,Food and Cooking,Food and Cooking
DON1108,16e1d428-baaf-4f99-9c17-aa7b31c8d2ef,Technology,Technology
DON1109,92e85303-ebd4-4679-b2de-fbc57da89298,Environment,Environment
DON1110,92e85303-ebd4-4679-b2de-fbc57da89298,Technology,Technology
DON1111,92e85303-ebd4-4679-b2de-fbc57da89298,Health and Wellness,Health and Wellness
DON1112,fd95e920-3754-443b-9b7b-51ea7226e263,Health and Wellness,Health and Wellness
DON1113,fd95e920-3754-443b-9b7b-51ea7226e263,Food and Cooking,Food and Cooking
DON1114,fd95e920-3754-443b-9b7b-51ea7226e263,Technology,Technology
DON1115,901bf3f2-09e6-466e-aa90-04c6eb089d3e,Health and Wellness,Health and Wellness
DON1116,901bf3f2-09e6-466e-aa90-04c6eb089d3e,Education,Education
DON1117,2ed0f555-628b-4a3b-b822-8589ab1402fb,Technology,Technology
DON1118,2ed0f555-628b-4a3b-b822-8589ab1402fb,Education,Education
DON1119,2ed0f555-628b-4a3b-b822-8589ab1402fb,Food and Cooking,Food and Cooking
DON1120,2ddc64af-391b-4c34-91fa-d891fe0ca943,Yoga and Pilates,Yoga and Pilates
DON1121,2ddc64af-391b-4c34-91fa-d891fe0ca943,Travel,Travel
DON1122,2ddc64af-391b-4c34-91fa-d891fe0ca943,Food and Cooking,Food and Cooking
DON1123,4c757d25-bc06-43ac-8fbe-520e8560c1c3,Education,Education
DON1124,4c757d25-bc06-43ac-8fbe-520e8560c1c3,Environment,Environment
DON1125,4c757d25-bc06-43ac-8fbe-520e8560c1c3,Food and Cooking,Food and Cooking
DON1126,15756485-7681-4869-b2cd-69f6f21e6869,Environment,Environment
DON1127,15756485-7681-4869-b2cd-69f6f21e6869,Finance,Finance
DON1128,b9ad041b-33a4-434c-bc98-a804db927376,Health and Wellness,Health and Wellness
DON1129,b9ad041b-33a4-434c-bc98-a804db927376,Technology,Technology
DON1130,edb93e62-5e8b-4e3d-b272-b25fcd247453,Food and Cooking,Food and Cooking
DON1131,edb93e62-5e8b-4e3d-b272-b25fcd247453,Finance,Finance
DON1132,8a75f345-6d93-46a5-b325-7cd5cf2b8a0b,Arts and Culture,Arts and Culture
DON1133,8a75f345-6d93-46a5-b325-7cd5cf2b8a0b,Sports and Fitness,Sports and Fitness
DON1134,b6dee105-018f-4261-a0f4-1f8909b1c81d,Food and Cooking,Food and Cooking
DON1135,d6a88a8e-f40e-4d34-b6c8-20644d0f2bb5,Travel,Travel
DON1136,d6a88a8e-f40e-4d34-b6c8-20644d0f2bb5,Health and Wellness,Health and Wellness
DON1137,b4298311-aa24-42aa-9a73-b46e4a637d05,Yoga and Pilates,Yoga and Pilates
DON1138,b4298311-aa24-42aa-9a73-b46e4a637d05,Travel,Travel
DON1139,2db80b97-976a-494a-9286-856897a17fb5,Yoga and Pilates,Yoga and Pilates
DON1140,2db80b97-976a-494a-9286-856897a17fb5,Food and Cooking,Food and Cooking
DON1141,a367c6b7-e5e3-49fc-8908-98fb9a7c0faf,Travel,Travel
DON1142,a367c6b7-e5e3-49fc-8908-98fb9a7c0faf,Health and Wellness,Health and Wellness
DON1143,182a17ff-173b-4589-ab1d-6deb95b4b0b4,Food and Cooking,Food and Cooking
DON1144,182a17ff-173b-4589-ab1d-6deb95b4b0b4,Education,Education
DON1145,182a17ff-173b-4589-ab1d-6deb95b4b0b4,Arts and Culture,Arts and Culture
DON1146,f181d5fe-3a15-4a25-ad25-322e9ecc0244,Finance,Finance
DON1147,f181d5fe-3a15-4a25-ad25-322e9ecc0244,Arts and Culture,Arts and Culture
DON1148,8f357920-ce00-42d1-9521-1beb599db7f4,Food and Cooking,Food and Cooking
DON1149,2290720c-4916-4d4a-9f75-515b837e35c7,Finance,Finance
DON1150,2290720c-4916-4d4a-9f75-515b837e35c7,Sports and Fitness,Sports and Fitness
DON1151,2290720c-4916-4d4a-9f75-515b837e35c7,Health and Wellness,Health and Wellness
DON1152,83b58cb7-2afb-454e-a6ef-dba8bfc9828c,Sports and Fitness,Sports and Fitness
DON1153,82a74770-583c-4d46-9118-8847622d2780,Finance,Finance
DON1154,537ee1d0-636e-4cf8-a60c-efc640dcd8c0,Finance,Finance
DON1155,537ee1d0-636e-4cf8-a60c-efc640dcd8c0,Sports and Fitness,Sports and Fitness
DON1156,5b24ad84-0a24-4634-b8c5-da647efcaeb2,Yoga and Pilates,Yoga and Pilates
DON1157,5b24ad84-0a24-4634-b8c5-da647efcaeb2,Arts and Culture,Arts and Culture
DON1158,5b24ad84-0a24-4634-b8c5-da647efcaeb2,Sports and Fitness,Sports and Fitness
DON1159,e1bcc535-bec7-48dc-860e-8ab8f47fc2af,Yoga and Pilates,Yoga and Pilates
DON1160,e1bcc535-bec7-48dc-860e-8ab8f47fc2af,Technology,Technology
DON1161,e1bcc535-bec7-48dc-860e-8ab8f47fc2af,Health and Wellness,Health and Wellness
DON1162,1caff365-77fe-4662-81c6-a5f838e265f2,Food and Cooking,Food and Cooking
DON1163,1caff365-77fe-4662-81c6-a5f838e265f2,Sports and Fitness,Sports and Fitness
DON1164,23c94be6-dc15-427c-aa3e-f2287f77c9ff,Education,Education
DON1165,23c94be6-dc15-427c-aa3e-f2287f77c9ff,Food and Cooking,Food and Cooking
DON1166,8902b8a4-a5bc-47ac-a366-15b2b7b40c1f,Travel,Travel
DON1167,5b5419a4-f13b-4848-9345-0e0f858bd336,Arts and Culture,Arts and Culture
DON1168,5b5419a4-f13b-4848-9345-0e0f858bd336,Health and Wellness,Health and Wellness
DON1169,5b5419a4-f13b-4848-9345-0e0f858bd336,Yoga and Pilates,Yoga and Pilates
DON1170,58031da5-6a0f-4829-a7dc-7aab675f1533,Food and Cooking,Food and Cooking
DON1171,58031da5-6a0f-4829-a7dc-7aab675f1533,Technology,Technology
DON1172,58031da5-6a0f-4829-a7dc-7aab675f1533,Arts and Culture,Arts and Culture
DON1173,d20f9e6a-3330-41e9-b675-15a2aae3a74c,Environment,Environment
DON1174,db62173d-7769-44ce-a425-90cb15fd3916,Environment,Environment
DON1175,db62173d-7769-44ce-a425-90cb15fd3916,Health and Wellness,Health and Wellness
DON1176,db62173d-7769-44ce-a425-90cb15fd3916,Education,Education
DON1177,1bd2b39c-fb94-45e8-9ca8-e7aebb8c4f35,Environment,Environment
DON1178,1bd2b39c-fb94-45e8-9ca8-e7aebb8c4f35,Arts and Culture,Arts and Culture
DON1179,1bd2b39c-fb94-45e8-9ca8-e7aebb8c4f35,Finance,Finance
DON1180,8a262329-3fd1-4cdc-858d-cb3e220b0892,Yoga and Pilates,Yoga and Pilates
DON1181,8a262329-3fd1-4cdc-858d-cb3e220b0892,Environment,Environment
DON1182,e6084436-0303-4926-ba09-00024991def8,Health and Wellness,Health and Wellness
DON1183,e6084436-0303-4926-ba09-00024991def8,Environment,Environment
DON1184,e6084436-0303-4926-ba09-00024991def8,Technology,Technology
DON1185,f28526b0-ca09-45c5-a58d-660abc9fe72a,Arts and Culture,Arts and Culture
DON1186,f28526b0-ca09-45c5-a58d-660abc9fe72a,Finance,Finance
DON1187,fd52c1a6-f653-4808-bced-09f03807574e,Yoga and Pilates,Yoga and Pilates
DON1188,fd52c1a6-f653-4808-bced-09f03807574e,Food and Cooking,Food and Cooking
DON1189,fd52c1a6-f653-4808-bced-09f03807574e,Finance,Finance
DON1190,f4d7d0a3-aaa4-494b-ae3b-2db154b457e6,Yoga and Pilates,Yoga and Pilates
DON1191,f4d7d0a3-aaa4-494b-ae3b-2db154b457e6,Technology,Technology
DON1192,2ebef867-1936-4e4d-9bdf-789a78549eeb,Finance,Finance
DON1193,2ebef867-1936-4e4d-9bdf-789a78549eeb,Technology,Technology
DON1194,082a01d4-8038-46a5-b686-9432ee43c48a,Travel,Travel
DON1195,082a01d4-8038-46a5-b686-9432ee43c48a,Yoga and Pilates,Yoga and Pilates
DON1196,082a01d4-8038-46a5-b686-9432ee43c48a,Technology,Technology
DON1197,bf245f47-a615-48d1-acd0-cabb1cc369b0,Food and Cooking,Food and Cooking
DON1198,bf245f47-a615-48d1-acd0-cabb1cc369b0,Yoga and Pilates,Yoga and Pilates
DON1199,bf245f47-a615-48d1-acd0-cabb1cc369b0,Education,Education
DON1200,697965af-6d37-4aec-b39c-dbe75b96d085,Technology,Technology
DON1201,697965af-6d37-4aec-b39c-dbe75b96d085,Environment,Environment
DON1202,697965af-6d37-4aec-b39c-dbe75b96d085,Finance,Finance
DON1203,febd85b1-4cf8-4ea5-b983-73f1ca4f9be0,Health and Wellness,Health and Wellness
DON1204,febd85b1-4cf8-4ea5-b983-73f1ca4f9be0,Finance,Finance
DON1205,febd85b1-4cf8-4ea5-b983-73f1ca4f9be0,Environment,Environment
DON1206,612dfeca-164e-4110-a2b8-b96abd9256b0,Yoga and Pilates,Yoga and Pilates
DON1207,612dfeca-164e-4110-a2b8-b96abd9256b0,Finance,Finance
DON1208,612dfeca-164e-4110-a2b8-b96abd9256b0,Health and Wellness,Health and Wellness
DON1209,f8d09c3d-1150-4063-b45f-0147c51de1ed,Technology,Technology
DON1210,3056cae2-706a-4257-8f8b-4f033606d569,Arts and Culture,Arts and Culture
DON1211,3056cae2-706a-4257-8f8b-4f033606d569,Sports and Fitness,Sports and Fitness
DON1212,a7240de3-8da7-485f-b839-688420f50e49,Education,Education
DON1213,4cb7a633-0c5f-419f-be4d-6cb1193b3ea3,Education,Education
DON1214,4cb7a633-0c5f-419f-be4d-6cb1193b3ea3,Food and Cooking,Food and Cooking
DON1215,f91db161-7be3-4b2d-a687-e4b4869cdd29,Technology,Technology
DON1216,f91db161-7be3-4b2d-a687-e4b4869cdd29,Finance,Finance
DON1217,6681dd21-0160-4c6b-93df-d5268cd59cdf,Education,Education
DON1218,6681dd21-0160-4c6b-93df-d5268cd59cdf,Sports and Fitness,Sports and Fitness
DON1219,6681dd21-0160-4c6b-93df-d5268cd59cdf,Arts and Culture,Arts and Culture
DON1220,f6a8efdb-96be-4d6d-ad77-8e44581a19b2,Environment,Environment
DON1221,90d47814-2221-4723-9643-ccf822f23f27,Finance,Finance
DON1222,90d47814-2221-4723-9643-ccf822f23f27,Technology,Technology
DON1223,99f14723-eefa-4bbe-b863-4223504ca7fe,Technology,Technology
DON1224,6d52b95e-43fd-46d9-8ced-1873777013eb,Health and Wellness,Health and Wellness
DON1225,6d52b95e-43fd-46d9-8ced-1873777013eb,Finance,Finance
DON1226,6d52b95e-43fd-46d9-8ced-1873777013eb,Education,Education
DON1227,e336942c-94a9-426e-975a-f9803113e025,Health and Wellness,Health and Wellness
DON1228,3575e3ce-fbec-4bf9-b6b9-c6e2f08e755b,Sports and Fitness,Sports and Fitness
DON1229,3575e3ce-fbec-4bf9-b6b9-c6e2f08e755b,Travel,Travel
DON1230,28c22037-e413-45fe-aef6-a8d45d155943,Environment,Environment
DON1231,28c22037-e413-45fe-aef6-a8d45d155943,Health and Wellness,Health and Wellness
DON1232,28c22037-e413-45fe-aef6-a8d45d155943,Sports and Fitness,Sports and Fitness
DON1233,8873c057-be04-4138-83ab-a9b282a6b563,Yoga and Pilates,Yoga and Pilates
DON1234,8873c057-be04-4138-83ab-a9b282a6b563,Technology,Technology
DON1235,5772b5d0-4d45-4d69-8cfe-c70762c2b397,Health and Wellness,Health and Wellness
DON1236,05d53000-349b-4017-b941-20c5e7a7cfdc,Education,Education
DON1237,05d53000-349b-4017-b941-20c5e7a7cfdc,Yoga and Pilates,Yoga and Pilates
DON1238,6cc7502f-8bc9-4c58-98bf-1bb096ec1f73,Health and Wellness,Health and Wellness
DON1239,6cc7502f-8bc9-4c58-98bf-1bb096ec1f73,Yoga and Pilates,Yoga and Pilates
DON1240,6cc7502f-8bc9-4c58-98bf-1bb096ec1f73,Sports and Fitness,Sports and Fitness
DON1241,1288ec52-c4f9-41ef-b27f-6d3bf836ccfe,Arts and Culture,Arts and Culture
DON1242,1288ec52-c4f9-41ef-b27f-6d3bf836ccfe,Environment,Environment
DON1243,1288ec52-c4f9-41ef-b27f-6d3bf836ccfe,Finance,Finance
DON1244,523c0063-7b10-4f99-bcc2-c0bb043d2c4d,Environment,Environment
DON1245,2cf06c17-1990-4015-92fb-75e4d1c3b658,Yoga and Pilates,Yoga and Pilates
DON1246,c3df703b-ba9a-49a4-942d-324018120fe5,Finance,Finance
DON1247,c3df703b-ba9a-49a4-942d-324018120fe5,Food and Cooking,Food and Cooking
DON1248,eac9889e-a48f-4949-9a94-3221eff7db8e,Sports and Fitness,Sports and Fitness
DON1249,59958cef-2cbc-4a88-8ff2-dad6d745ca54,Arts and Culture,Arts and Culture
DON1250,59958cef-2cbc-4a88-8ff2-dad6d745ca54,Technology,Technology
DON1251,59958cef-2cbc-4a88-8ff2-dad6d745ca54,Environment,Environment
DON1252,c60e4b6c-c0b8-43c2-885d-905270987cf4,Sports and Fitness,Sports and Fitness
DON1253,c60e4b6c-c0b8-43c2-885d-905270987cf4,Finance,Finance
DON1254,c60e4b6c-c0b8-43c2-885d-905270987cf4,Yoga and Pilates,Yoga and Pilates
DON1255,3d275613-3eb1-4912-97fe-6ef02f8cf1c5,Health and Wellness,Health and Wellness
DON1256,3d275613-3eb1-4912-97fe-6ef02f8cf1c5,Finance,Finance
DON1257,3d275613-3eb1-4912-97fe-6ef02f8cf1c5,Travel,Travel
DON1258,6bd0cfe9-6915-482b-8c8c-04449e47c9aa,Yoga and Pilates,Yoga and Pilates
DON1259,6bd0cfe9-6915-482b-8c8c-04449e47c9aa,Education,Education
DON1260,6bd0cfe9-6915-482b-8c8c-04449e47c9aa,Travel,Travel
DON1261,6397a0d5-7f24-4c79-a32a-6cf71eb0520b,Yoga and Pilates,Yoga and Pilates
DON1262,6397a0d5-7f24-4c79-a32a-6cf71eb0520b,Health and Wellness,Health and Wellness
DON1263,737b6cb5-dfd0-4e0c-a222-80c42797d5f9,Arts and Culture,Arts and Culture
DON1264,737b6cb5-dfd0-4e0c-a222-80c42797d5f9,Food and Cooking,Food and Cooking
DON1265,737b6cb5-dfd0-4e0c-a222-80c42797d5f9,Sports and Fitness,Sports and Fitness
DON1266,61967439-7c6c-48a8-9781-0def71d4e5eb,Food and Cooking,Food and Cooking
DON1267,61967439-7c6c-48a8-9781-0def71d4e5eb,Arts and Culture,Arts and Culture
DON1268,9fcb3993-ebf9-432f-bb47-ce973fe3a1d2,Health and Wellness,Health and Wellness
DON1269,a8c346e4-3e8f-4e98-a5e8-ff78fca3906e,Finance,Finance
DON1270,a8c346e4-3e8f-4e98-a5e8-ff78fca3906e,Health and Wellness,Health and Wellness
DON1271,2f37a650-ff37-4fc5-822c-bb512df547d2,Sports and Fitness,Sports and Fitness
DON1272,8d906b76-8ce0-4f3f-bd3f-79c7c50a0a16,Sports and Fitness,Sports and Fitness
DON1273,892b69fa-6e5b-448e-b952-c2b5d5d48f03,Education,Education
DON1274,aee0f754-b8d6-449f-97ae-8e59680ac67b,Finance,Finance
DON1275,aee0f754-b8d6-449f-97ae-8e59680ac67b,Travel,Travel
DON1276,aee0f754-b8d6-449f-97ae-8e59680ac67b,Health and Wellness,Health and Wellness
DON1277,06244a72-8f8d-4007-a5b4-94c67e8c7b02,Finance,Finance
DON1278,06244a72-8f8d-4007-a5b4-94c67e8c7b02,Environment,Environment
DON1279,06244a72-8f8d-4007-a5b4-94c67e8c7b02,Technology,Technology
DON1280,47d62a51-2509-4e80-8d70-5a9b5a9d7696,Education,Education
DON1281,47d62a51-2509-4e80-8d70-5a9b5a9d7696,Arts and Culture,Arts and Culture
DON1282,47d62a51-2509-4e80-8d70-5a9b5a9d7696,Food and Cooking,Food and Cooking
DON1283,ecc1a5aa-16bf-4049-9c14-eddf805af6f0,Travel,Travel
DON1284,c2a69403-981e-42d0-8bcb-f8770f9242bc,Arts and Culture,Arts and Culture
DON1285,c2a69403-981e-42d0-8bcb-f8770f9242bc,Education,Education
DON1286,c2a69403-981e-42d0-8bcb-f8770f9242bc,Environment,Environment
DON1287,9e222135-5625-440f-b5aa-7558a9a9cb6b,Food and Cooking,Food and Cooking
DON1288,9e222135-5625-440f-b5aa-7558a9a9cb6b,Sports and Fitness,Sports and Fitness
DON1289,f27386d9-2301-425f-b806-88f757ca7dfb,Education,Education
DON1290,740a22c9-183b-478c-a31b-27e1b0a8e244,Travel,Travel
DON1291,138d827c-89ed-44d5-9a4a-067f45940ed3,Travel,Travel
DON1292,138d827c-89ed-44d5-9a4a-067f45940ed3,Arts and Culture,Arts and Culture
DON1293,c1bc6136-1bf9-4b9b-91d5-a62d3121b755,Yoga and Pilates,Yoga and Pilates
DON1294,c1bc6136-1bf9-4b9b-91d5-a62d3121b755,Technology,Technology
DON1295,c1bc6136-1bf9-4b9b-91d5-a62d3121b755,Education,Education
DON1296,23fabc46-8afd-498b-80bb-f7d289910050,Arts and Culture,Arts and Culture
DON1297,23fabc46-8afd-498b-80bb-f7d289910050,Yoga and Pilates,Yoga and Pilates
DON1298,23fabc46-8afd-498b-80bb-f7d289910050,Food and Cooking,Food and Cooking
DON1299,32e05466-5bb4-43da-8e60-c30b50369d61,Technology,Technology
DON1300,32e05466-5bb4-43da-8e60-c30b50369d61,Travel,Travel
DON1301,5af7431c-1a3f-4af6-810a-afaad7683cb7,Arts and Culture,Arts and Culture
DON1302,aea63e52-abdd-461a-9935-a1d63bd3267c,Education,Education
DON1303,aea63e52-abdd-461a-9935-a1d63bd3267c,Health and Wellness,Health and Wellness
DON1304,aea63e52-abdd-461a-9935-a1d63bd3267c,Sports and Fitness,Sports and Fitness
DON1305,a2d9bdc1-8e63-4d97-b391-4636d375bded,Travel,Travel
DON1306,728d1e3a-659a-4022-8cc7-ac68885b326d,Food and Cooking,Food and Cooking
DON1307,728d1e3a-659a-4022-8cc7-ac68885b326d,Arts and Culture,Arts and Culture
DON1308,728d1e3a-659a-4022-8cc7-ac68885b326d,Travel,Travel
DON1309,856d82f1-dd37-45ba-81ad-f0b3b44caca3,Yoga and Pilates,Yoga and Pilates
DON1310,856d82f1-dd37-45ba-81ad-f0b3b44caca3,Arts and Culture,Arts and Culture
DON1311,856d82f1-dd37-45ba-81ad-f0b3b44caca3,Sports and Fitness,Sports and Fitness
DON1312,320a90e9-5322-47c1-9b9d-66fe9d1e9d00,Environment,Environment
DON1313,34d03717-c733-4892-b9df-c0f75b7c3f05,Yoga and Pilates,Yoga and Pilates
DON1314,34d03717-c733-4892-b9df-c0f75b7c3f05,Food and Cooking,Food and Cooking
DON1315,34d03717-c733-4892-b9df-c0f75b7c3f05,Education,Education
DON1316,d0cf35fd-6065-4c1b-8a72-0252827aae6c,Food and Cooking,Food and Cooking
DON1317,d0cf35fd-6065-4c1b-8a72-0252827aae6c,Technology,Technology
DON1318,d0cf35fd-6065-4c1b-8a72-0252827aae6c,Environment,Environment
DON1319,0795174a-21b1-4a4d-ac70-4be6ca581c48,Health and Wellness,Health and Wellness
DON1320,2d4da9d1-f75d-46de-a703-32259177df3f,Finance,Finance
DON1321,0d695f1f-ccf8-45b5-a017-62c4afaa7d92,Environment,Environment
DON1322,0d695f1f-ccf8-45b5-a017-62c4afaa7d92,Travel,Travel
DON1323,0d695f1f-ccf8-45b5-a017-62c4afaa7d92,Health and Wellness,Health and Wellness
DON1324,c959b364-d039-4113-b0f3-3a48fbb6ce3d,Yoga and Pilates,Yoga and Pilates
DON1325,c959b364-d039-4113-b0f3-3a48fbb6ce3d,Arts and Culture,Arts and Culture
DON1326,c959b364-d039-4113-b0f3-3a48fbb6ce3d,Travel,Travel
DON1327,10a84e26-0e8b-4f03-8b76-807fd9c282c1,Technology,Technology
DON1328,10a84e26-0e8b-4f03-8b76-807fd9c282c1,Sports and Fitness,Sports and Fitness
DON1329,be4055fe-26de-4a64-af1b-1986588aa6c4,Health and Wellness,Health and Wellness
DON1330,557050d4-fcdb-4502-ac63-fdff859efa6e,Sports and Fitness,Sports and Fitness
DON1331,34d9fe95-583a-4bb3-a62c-8433c1ec2abe,Sports and Fitness,Sports and Fitness
DON1332,34d9fe95-583a-4bb3-a62c-8433c1ec2abe,Education,Education
DON1333,8d126f51-a1e3-4747-a7f0-b7f17617dd8d,Finance,Finance
DON1334,8d126f51-a1e3-4747-a7f0-b7f17617dd8d,Education,Education
DON1335,4c713caf-5460-461f-86da-ecd15ec030e3,Travel,Travel
DON1336,4c713caf-5460-461f-86da-ecd15ec030e3,Yoga and Pilates,Yoga and Pilates
DON1337,4c713caf-5460-461f-86da-ecd15ec030e3,Environment,Environment
DON1338,aed9c46c-f99a-4264-93ee-2a9a569c4f0f,Environment,Environment
DON1339,aed9c46c-f99a-4264-93ee-2a9a569c4f0f,Education,Education
DON1340,aed9c46c-f99a-4264-93ee-2a9a569c4f0f,Finance,Finance
DON1341,412dd411-d511-4266-988e-548fb60b1746,Finance,Finance
DON1342,2db2443c-7ee4-4bf5-9944-8a9f053f49a5,Health and Wellness,Health and Wellness
DON1343,09bc54cf-8608-49da-ac63-22c340b8a2ff,Technology,Technology
DON1344,2fe3b4af-8f84-4c9c-a609-adbcd37b8457,Arts and Culture,Arts and Culture
DON1345,2fe3b4af-8f84-4c9c-a609-adbcd37b8457,Yoga and Pilates,Yoga and Pilates
DON1346,2fe3b4af-8f84-4c9c-a609-adbcd37b8457,Finance,Finance
DON1347,b629cffd-4a5b-4a71-a886-d3444053eb4a,Travel,Travel
DON1348,b629cffd-4a5b-4a71-a886-d3444053eb4a,Technology,Technology
DON1349,b99d4817-5e1a-42b7-ab25-be5274bd5b9c,Sports and Fitness,Sports and Fitness
DON1350,b99d4817-5e1a-42b7-ab25-be5274bd5b9c,Technology,Technology
DON1351,b99d4817-5e1a-42b7-ab25-be5274bd5b9c,Finance,Finance
DON1352,2dc10b56-05f4-494c-9aea-583104a8461c,Arts and Culture,Arts and Culture
DON1353,2dc10b56-05f4-494c-9aea-583104a8461c,Environment,Environment
DON1354,2dc10b56-05f4-494c-9aea-583104a8461c,Travel,Travel
DON1355,177b983b-5945-4f84-9403-58743021f28f,Food and Cooking,Food and Cooking
DON1356,364427e6-80db-4ded-99d1-6ac3a37c4ee9,Arts and Culture,Arts and Culture
DON1357,364427e6-80db-4ded-99d1-6ac3a37c4ee9,Technology,Technology
DON1358,df035750-52a8-42bf-ada5-b780a7301a1f,Health and Wellness,Health and Wellness
DON1359,86f78c91-6156-4540-9b42-6267bf36c828,Environment,Environment
DON1360,86f78c91-6156-4540-9b42-6267bf36c828,Education,Education
DON1361,86f78c91-6156-4540-9b42-6267bf36c828,Food and Cooking,Food and Cooking
DON1362,c362ae88-e7f3-4b63-b5a5-0f4bcd2e236e,Food and Cooking,Food and Cooking
DON1363,20a17ec2-76d4-4aff-846b-7b30a8a3ce78,Environment,Environment
DON1364,20a17ec2-76d4-4aff-846b-7b30a8a3ce78,Education,Education
DON1365,0e45e8fb-7038-4dc4-92cb-c8dc44e9ea9f,Yoga and Pilates,Yoga and Pilates
DON1366,6440d86a-b696-4da9-a409-d3f782597f5c,Finance,Finance
DON1367,6440d86a-b696-4da9-a409-d3f782597f5c,Health and Wellness,Health and Wellness
DON1368,4c79f496-25ff-4e9a-8ba0-57dce8a29005,Technology,Technology
DON1369,4c79f496-25ff-4e9a-8ba0-57dce8a29005,Health and Wellness,Health and Wellness
DON1370,d5d2172d-2730-49db-92f8-6254ed85221a,Travel,Travel
DON1371,d5d2172d-2730-49db-92f8-6254ed85221a,Food and Cooking,Food and Cooking
DON1372,a2be6daf-43ec-44ea-a3f4-6b39d8cb46bd,Sports and Fitness,Sports and Fitness
DON1373,a2be6daf-43ec-44ea-a3f4-6b39d8cb46bd,Environment,Environment
DON1374,a2be6daf-43ec-44ea-a3f4-6b39d8cb46bd,Yoga and Pilates,Yoga and Pilates
DON1375,a0c199e9-3037-49d5-b726-920c8a108676,Technology,Technology
DON1376,a0c199e9-3037-49d5-b726-920c8a108676,Environment,Environment
DON1377,a0c199e9-3037-49d5-b726-920c8a108676,Health and Wellness,Health and Wellness
DON1378,956f903c-c39f-422c-a9dc-039b76f8c284,Technology,Technology
DON1379,956f903c-c39f-422c-a9dc-039b76f8c284,Environment,Environment
DON1380,956f903c-c39f-422c-a9dc-039b76f8c284,Finance,Finance
DON1381,7c915e1c-f921-4f6f-b2ac-5f4fd2435d5b,Education,Education
DON1382,bea608d6-03f2-4076-9496-0d2459c8f81d,Sports and Fitness,Sports and Fitness
DON1383,bea608d6-03f2-4076-9496-0d2459c8f81d,Environment,Environment
DON1384,3c6ecf0a-0711-4548-b6c8-9a9f994e1ba9,Education,Education
DON1385,3c6ecf0a-0711-4548-b6c8-9a9f994e1ba9,Health and Wellness,Health and Wellness
DON1386,0ec3c6a6-b801-41be-9d25-079c1a1a2787,Sports and Fitness,Sports and Fitness
DON1387,0ec3c6a6-b801-41be-9d25-079c1a1a2787,Arts and Culture,Arts and Culture
DON1388,0ec3c6a6-b801-41be-9d25-079c1a1a2787,Environment,Environment
DON1389,33f9c7ec-2b40-487e-b214-b5c1fc0d1351,Environment,Environment
DON1390,33f9c7ec-2b40-487e-b214-b5c1fc0d1351,Travel,Travel
DON1391,aea8a987-82f2-4c7d-89db-8cad9f06dde7,Environment,Environment
DON1392,aea8a987-82f2-4c7d-89db-8cad9f06dde7,Yoga and Pilates,Yoga and Pilates
DON1393,f34c66a9-888b-42e0-8629-f9caff6a6e9d,Food and Cooking,Food and Cooking
DON1394,f34c66a9-888b-42e0-8629-f9caff6a6e9d,Sports and Fitness,Sports and Fitness
DON1395,f23a2649-acd3-4c4f-a530-4f6af651ddf7,Food and Cooking,Food and Cooking
DON1396,dde2e629-2590-46b5-b777-c32309a5ac8b,Food and Cooking,Food and Cooking
DON1397,dde2e629-2590-46b5-b777-c32309a5ac8b,Environment,Environment
DON1398,dde2e629-2590-46b5-b777-c32309a5ac8b,Health and Wellness,Health and Wellness
DON1399,c2545ee9-cc48-4681-85f0-85e8dac71f50,Education,Education
DON1400,260ef5d0-cfbf-4377-9137-eb407f9e6f80,Education,Education
DON1401,260ef5d0-cfbf-4377-9137-eb407f9e6f80,Travel,Travel
DON1402,260ef5d0-cfbf-4377-9137-eb407f9e6f80,Sports and Fitness,Sports and Fitness
DON1403,6cb1e726-a332-4470-91dd-bb48d7b0dde0,Education,Education
DON1404,6cb1e726-a332-4470-91dd-bb48d7b0dde0,Health and Wellness,Health and Wellness
DON1405,1703a085-7b61-407d-ae56-0aaa9f57f879,Technology,Technology
DON1406,59ff4c42-89fc-47c7-8120-95eb9d2d1710,Technology,Technology
DON1407,59ff4c42-89fc-47c7-8120-95eb9d2d1710,Health and Wellness,Health and Wellness
DON1408,e22931b8-a359-4ec9-b306-02f1d0b48b59,Environment,Environment
DON1409,e22931b8-a359-4ec9-b306-02f1d0b48b59,Finance,Finance
DON1410,496b9c56-79b5-40b7-975f-7d512ae3fef4,Technology,Technology
DON1411,33e84fdd-a379-47ec-a9a4-49b61ede75e8,Food and Cooking,Food and Cooking
DON1412,33e84fdd-a379-47ec-a9a4-49b61ede75e8,Environment,Environment
DON1413,7ea56bb9-592f-4819-9313-111362dfc29d,Travel,Travel
DON1414,7ea56bb9-592f-4819-9313-111362dfc29d,Sports and Fitness,Sports and Fitness
DON1415,183706f0-887e-4bb3-ad9f-0dbbc63318bc,Environment,Environment
DON1416,183706f0-887e-4bb3-ad9f-0dbbc63318bc,Food and Cooking,Food and Cooking
DON1417,183706f0-887e-4bb3-ad9f-0dbbc63318bc,Finance,Finance
DON1418,8fc96b6f-f654-4135-9b9a-e0a436bbed22,Travel,Travel
DON1419,8fc96b6f-f654-4135-9b9a-e0a436bbed22,Education,Education
DON1420,5eeeea1d-e7fe-4fbf-ad21-3ce64a2b2458,Yoga and Pilates,Yoga and Pilates
DON1421,5eeeea1d-e7fe-4fbf-ad21-3ce64a2b2458,Education,Education
DON1422,a4ca3f7f-ad48-4046-96c8-0596d6dbc03a,Health and Wellness,Health and Wellness
DON1423,a4ca3f7f-ad48-4046-96c8-0596d6dbc03a,Technology,Technology
DON1424,6bb1b427-c848-4cf6-a1ad-4dc75ae1f4f7,Food and Cooking,Food and Cooking
DON1425,6bb1b427-c848-4cf6-a1ad-4dc75ae1f4f7,Travel,Travel
DON1426,e8fd9360-0a66-4ffc-8e57-82ab4b06571a,Education,Education
DON1427,e8fd9360-0a66-4ffc-8e57-82ab4b06571a,Health and Wellness,Health and Wellness
DON1428,8e9f4ebe-6ca9-4ecb-9c9e-f568058875dc,Technology,Technology
DON1429,8e9f4ebe-6ca9-4ecb-9c9e-f568058875dc,Travel,Travel
DON1430,e384e5d4-21a7-4d6f-bfd3-292e2fc6181d,Food and Cooking,Food and Cooking
DON1431,e384e5d4-21a7-4d6f-bfd3-292e2fc6181d,Environment,Environment
DON1432,666a5dd5-0aa7-4d2b-a5e3-ade1600f016a,Environment,Environment
DON1433,666a5dd5-0aa7-4d2b-a5e3-ade1600f016a,Technology,Technology
DON1434,666a5dd5-0aa7-4d2b-a5e3-ade1600f016a,Arts and Culture,Arts and Culture
DON1435,d87a20d4-1dd5-46a0-b7fd-16ecb02d9d9b,Food and Cooking,Food and Cooking
DON1436,d87a20d4-1dd5-46a0-b7fd-16ecb02d9d9b,Travel,Travel
DON1437,4382a08d-6f40-4b5b-b1a4-b3b2aa561204,Environment,Environment
DON1438,4382a08d-6f40-4b5b-b1a4-b3b2aa561204,Yoga and Pilates,Yoga and Pilates
DON1439,4382a08d-6f40-4b5b-b1a4-b3b2aa561204,Health and Wellness,Health and Wellness
DON1440,a438acf2-d1ce-4178-8b5c-da64153f6a1e,Environment,Environment
DON1441,a438acf2-d1ce-4178-8b5c-da64153f6a1e,Health and Wellness,Health and Wellness
DON1442,02b45e23-adae-4c8f-b939-6dbe2f2badf9,Food and Cooking,Food and Cooking
DON1443,a45f775a-0d41-42db-a681-a58ebaef802b,Arts and Culture,Arts and Culture
DON1444,a45f775a-0d41-42db-a681-a58ebaef802b,Travel,Travel
DON1445,a45f775a-0d41-42db-a681-a58ebaef802b,Health and Wellness,Health and Wellness
DON1446,1e1941b1-38b7-4af2-b6a1-f53a726cba07,Education,Education
DON1447,1e1941b1-38b7-4af2-b6a1-f53a726cba07,Sports and Fitness,Sports and Fitness
DON1448,c7a22363-734f-4098-8297-eb2c6813ed97,Technology,Technology
DON1449,b8551780-e22f-4a84-9148-814659b18934,Technology,Technology
DON1450,d26ec18e-4f67-497a-9cc6-cf62bb3c1023,Technology,Technology
DON1451,d26ec18e-4f67-497a-9cc6-cf62bb3c1023,Yoga and Pilates,Yoga and Pilates
DON1452,b1737d13-c515-4025-97f3-e26f4a91b108,Yoga and Pilates,Yoga and Pilates
DON1453,7abce93e-748a-4aac-b75d-11cc127ca026,Food and Cooking,Food and Cooking
DON1454,7abce93e-748a-4aac-b75d-11cc127ca026,Sports and Fitness,Sports and Fitness
DON1455,7abce93e-748a-4aac-b75d-11cc127ca026,Finance,Finance
DON1456,5c4da4f7-db36-4090-96d6-f203c5c7db5a,Environment,Environment
DON1457,5c4da4f7-db36-4090-96d6-f203c5c7db5a,Yoga and Pilates,Yoga and Pilates
DON1458,5c4da4f7-db36-4090-96d6-f203c5c7db5a,Health and Wellness,Health and Wellness
DON1459,60007029-ebc9-476c-8f07-acdfd311c718,Health and Wellness,Health and Wellness
DON1460,60007029-ebc9-476c-8f07-acdfd311c718,Finance,Finance
DON1461,60007029-ebc9-476c-8f07-acdfd311c718,Travel,Travel
DON1462,99b45ded-e3ca-4d6d-a51b-5c64dc869efc,Arts and Culture,Arts and Culture
DON1463,99b45ded-e3ca-4d6d-a51b-5c64dc869efc,Yoga and Pilates,Yoga and Pilates
DON1464,99b45ded-e3ca-4d6d-a51b-5c64dc869efc,Sports and Fitness,Sports and Fitness
DON1465,c91cfc96-e7ce-49bf-a44b-d458adbffe24,Health and Wellness,Health and Wellness
DON1466,c91cfc96-e7ce-49bf-a44b-d458adbffe24,Education,Education
DON1467,6e979db8-71d4-4b16-9c39-904d6004ceb4,Environment,Environment
DON1468,7afed108-64bf-44d6-891a-35bd67146fbd,Education,Education
DON1469,7afed108-64bf-44d6-891a-35bd67146fbd,Yoga and Pilates,Yoga and Pilates
DON1470,84940f28-44b1-4615-a509-2a68e93d8e11,Finance,Finance
DON1471,84940f28-44b1-4615-a509-2a68e93d8e11,Health and Wellness,Health and Wellness
DON1472,5061ca1c-b8bd-48d2-afd5-7d5cfe2ffe79,Environment,Environment
DON1473,62fa82e7-0813-4497-b518-6a638ac2aff3,Health and Wellness,Health and Wellness
DON1474,62fa82e7-0813-4497-b518-6a638ac2aff3,Yoga and Pilates,Yoga and Pilates
DON1475,5a3bda8f-94e1-480b-ba7e-b76e363200aa,Travel,Travel
DON1476,5a3bda8f-94e1-480b-ba7e-b76e363200aa,Environment,Environment
DON1477,e9918f42-25d6-4434-ad6e-b6c42241a7a5,Food and Cooking,Food and Cooking
DON1478,e9918f42-25d6-4434-ad6e-b6c42241a7a5,Sports and Fitness,Sports and Fitness
DON1479,e9918f42-25d6-4434-ad6e-b6c42241a7a5,Arts and Culture,Arts and Culture
DON1480,08e46f05-aec8-4618-ad90-6b9502b2c38d,Education,Education
DON1481,08e46f05-aec8-4618-ad90-6b9502b2c38d,Sports and Fitness,Sports and Fitness
DON1482,c46af43c-5b92-4fd2-820a-be1478203e81,Education,Education
DON1483,c46af43c-5b92-4fd2-820a-be1478203e81,Health and Wellness,Health and Wellness
DON1484,c46af43c-5b92-4fd2-820a-be1478203e81,Technology,Technology
DON1485,92e803ee-4d86-48c8-9154-91c637fc7929,Finance,Finance
DON1486,92e803ee-4d86-48c8-9154-91c637fc7929,Travel,Travel
DON1487,92e803ee-4d86-48c8-9154-91c637fc7929,Yoga and Pilates,Yoga and Pilates
DON1488,9f1bc7b0-5fe1-4cae-89ce-ef0cdb4e7f5d,Food and Cooking,Food and Cooking
DON1489,b50d6a75-e288-4c4a-8b69-6a6174b504b6,Yoga and Pilates,Yoga and Pilates
DON1490,b50d6a75-e288-4c4a-8b69-6a6174b504b6,Technology,Technology
DON1491,b50d6a75-e288-4c4a-8b69-6a6174b504b6,Finance,Finance
DON1492,410b94b6-b9a6-42a1-8c6f-11dbce24c16b,Yoga and Pilates,Yoga and Pilates
DON1493,410b94b6-b9a6-42a1-8c6f-11dbce24c16b,Food and Cooking,Food and Cooking
DON1494,410b94b6-b9a6-42a1-8c6f-11dbce24c16b,Sports and Fitness,Sports and Fitness
DON1495,733e2708-0b05-4b62-9c4c-915582ce77d6,Technology,Technology
DON1496,733e2708-0b05-4b62-9c4c-915582ce77d6,Travel,Travel
DON1497,733e2708-0b05-4b62-9c4c-915582ce77d6,Education,Education
DON1498,f5ac9314-949f-4388-9f43-087d8ec0dd82,Technology,Technology
DON1499,f5ac9314-949f-4388-9f43-087d8ec0dd82,Health and Wellness,Health and Wellness
DON1500,8f1943c8-6ba2-4e5e-9b32-042a37de5b8c,Food and Cooking,Food and Cooking
DON1501,8f1943c8-6ba2-4e5e-9b32-042a37de5b8c,Yoga and Pilates,Yoga and Pilates
DON1502,8f1943c8-6ba2-4e5e-9b32-042a37de5b8c,Education,Education
DON1503,cac21e41-10db-4385-8130-bdbc08808234,Food and Cooking,Food and Cooking
DON1504,cac21e41-10db-4385-8130-bdbc08808234,Environment,Environment
DON1505,abb93cd5-99d4-4d0f-a372-ebb4d37a29f3,Yoga and Pilates,Yoga and Pilates
DON1506,abb93cd5-99d4-4d0f-a372-ebb4d37a29f3,Arts and Culture,Arts and Culture
DON1507,b58c922b-ee90-45d4-ab71-53d917ee96f7,Environment,Environment
DON1508,b58c922b-ee90-45d4-ab71-53d917ee96f7,Education,Education
DON1509,b58c922b-ee90-45d4-ab71-53d917ee96f7,Arts and Culture,Arts and Culture
DON1510,fa9c1aee-8896-4298-a9f8-d5a7ebfd87d1,Finance,Finance
DON1511,fa9c1aee-8896-4298-a9f8-d5a7ebfd87d1,Yoga and Pilates,Yoga and Pilates
DON1512,fa9c1aee-8896-4298-a9f8-d5a7ebfd87d1,Sports and Fitness,Sports and Fitness
DON1513,b8424c94-2cc2-4731-a272-103f6b57ad92,Environment,Environment
DON1514,b8424c94-2cc2-4731-a272-103f6b57ad92,Food and Cooking,Food and Cooking
DON1515,b8424c94-2cc2-4731-a272-103f6b57ad92,Health and Wellness,Health and Wellness
DON1516,8380b4d9-fc9d-42f4-85aa-5abf5ef0bcf8,Food and Cooking,Food and Cooking
DON1517,98f6fc04-351f-4a11-a619-5833935167f0,Travel,Travel
DON1518,98f6fc04-351f-4a11-a619-5833935167f0,Health and Wellness,Health and Wellness
DON1519,b0c77d29-223d-4720-b0e3-ee11b2657db7,Travel,Travel
DON1520,b0c77d29-223d-4720-b0e3-ee11b2657db7,Arts and Culture,Arts and Culture
DON1521,b0c77d29-223d-4720-b0e3-ee11b2657db7,Education,Education
DON1522,43d71cd8-fe79-4318-8da1-54e5a8516cd8,Arts and Culture,Arts and Culture
DON1523,43d71cd8-fe79-4318-8da1-54e5a8516cd8,Yoga and Pilates,Yoga and Pilates
DON1524,43d71cd8-fe79-4318-8da1-54e5a8516cd8,Education,Education
DON1525,07db91d8-9dcb-4982-9cda-48d3f2543061,Food and Cooking,Food and Cooking
DON1526,07db91d8-9dcb-4982-9cda-48d3f2543061,Finance,Finance
DON1527,1f0cce7a-b4e3-44c3-a774-afd5a94d912f,Environment,Environment
DON1528,1f0cce7a-b4e3-44c3-a774-afd5a94d912f,Sports and Fitness,Sports and Fitness
DON1529,a7612162-332c-47cd-8bc6-bfbff38f3295,Environment,Environment
DON1530,a7612162-332c-47cd-8bc6-bfbff38f3295,Travel,Travel
DON1531,6dd94d05-7d9e-4462-b35f-c08975b0800b,Finance,Finance
DON1532,6dd94d05-7d9e-4462-b35f-c08975b0800b,Yoga and Pilates,Yoga and Pilates
DON1533,6dd94d05-7d9e-4462-b35f-c08975b0800b,Health and Wellness,Health and Wellness
DON1534,69f7a86b-7f51-48fa-8764-ff2b0e95292e,Sports and Fitness,Sports and Fitness
DON1535,69f7a86b-7f51-48fa-8764-ff2b0e95292e,Finance,Finance
DON1536,3e8acbe4-6169-45f1-bdad-ad7d95fb5da5,Arts and Culture,Arts and Culture
DON1537,657ff189-7eb4-49dd-92fc-c61d75b7c454,Travel,Travel
DON1538,36d35992-2070-4414-8fc3-34453a0c7282,Food and Cooking,Food and Cooking
DON1539,36d35992-2070-4414-8fc3-34453a0c7282,Environment,Environment
DON1540,36d35992-2070-4414-8fc3-34453a0c7282,Education,Education
DON1541,7af0ef99-9382-4a82-bd0c-b643002d8894,Travel,Travel
DON1542,3de1ee12-2642-4745-a791-d3dac13af2e3,Technology,Technology
DON1543,b9600415-aa2e-44e1-96d1-443da1821246,Food and Cooking,Food and Cooking
DON1544,b2be257b-3074-458c-a9ff-559ca8b3ec12,Health and Wellness,Health and Wellness
DON1545,b2be257b-3074-458c-a9ff-559ca8b3ec12,Travel,Travel
DON1546,d61f22ac-abf3-4625-b45c-9aca6d13f7ba,Sports and Fitness,Sports and Fitness
DON1547,e3edfca3-b73e-433f-809b-d38295b73335,Finance,Finance
DON1548,e3edfca3-b73e-433f-809b-d38295b73335,Sports and Fitness,Sports and Fitness
DON1549,e3edfca3-b73e-433f-809b-d38295b73335,Health and Wellness,Health and Wellness
DON1550,aa0f44b0-a19f-4452-9179-715cb08644cd,Yoga and Pilates,Yoga and Pilates
DON1551,aa0f44b0-a19f-4452-9179-715cb08644cd,Travel,Travel
DON1552,af0c01f5-71c2-4ff8-8f8e-c048f001fb81,Food and Cooking,Food and Cooking
DON1553,af0c01f5-71c2-4ff8-8f8e-c048f001fb81,Health and Wellness,Health and Wellness
DON1554,3311e480-6ecc-42ca-b0f0-f71dad967dbc,Travel,Travel
DON1555,3311e480-6ecc-42ca-b0f0-f71dad967dbc,Arts and Culture,Arts and Culture
DON1556,014252b0-022b-49a8-9d8e-ebbf33f07180,Sports and Fitness,Sports and Fitness
DON1557,014252b0-022b-49a8-9d8e-ebbf33f07180,Food and Cooking,Food and Cooking
DON1558,5c59b70d-8fac-4329-875e-a0e7f6746dbb,Education,Education
DON1559,a3964d15-6b52-4bed-a430-a7b383c30716,Health and Wellness,Health and Wellness
DON1560,a3964d15-6b52-4bed-a430-a7b383c30716,Sports and Fitness,Sports and Fitness
DON1561,b19cafb8-84da-4626-8276-978d8d6bfbf7,Sports and Fitness,Sports and Fitness
DON1562,0b12742e-88b2-4fa3-9b59-10f02ec1f2f3,Food and Cooking,Food and Cooking
DON1563,6bfdafa5-29fe-46be-8f07-ab4923846b53,Food and Cooking,Food and Cooking
DON1564,952a492e-5edc-4432-b4c4-475936aa0080,Food and Cooking,Food and Cooking
DON1565,84a72cba-6b0e-480c-b0ff-53f5b7a9ce61,Education,Education
DON1566,84a72cba-6b0e-480c-b0ff-53f5b7a9ce61,Food and Cooking,Food and Cooking
DON1567,84a72cba-6b0e-480c-b0ff-53f5b7a9ce61,Environment,Environment
DON1568,e3178942-1c46-406d-8259-2362b8a60bd7,Sports and Fitness,Sports and Fitness
DON1569,9e4e5a20-0a72-4bb8-9321-23d717886980,Food and Cooking,Food and Cooking
DON1570,f04051f4-1501-45af-a993-bd73cb86b9e6,Food and Cooking,Food and Cooking
DON1571,f04051f4-1501-45af-a993-bd73cb86b9e6,Health and Wellness,Health and Wellness
DON1572,1a17b783-321c-4aab-9270-d4f520b64e30,Education,Education
DON1573,1a17b783-321c-4aab-9270-d4f520b64e30,Sports and Fitness,Sports and Fitness
DON1574,f50928b5-7b3b-4089-a517-28f0c0c7862b,Travel,Travel
DON1575,6272e67b-1415-414d-90bb-d7aea6a58d79,Food and Cooking,Food and Cooking
DON1576,6272e67b-1415-414d-90bb-d7aea6a58d79,Sports and Fitness,Sports and Fitness
DON1577,6272e67b-1415-414d-90bb-d7aea6a58d79,Yoga and Pilates,Yoga and Pilates
DON1578,4da5cfb3-02e9-4a45-9cde-458252a730b6,Sports and Fitness,Sports and Fitness
DON1579,4da5cfb3-02e9-4a45-9cde-458252a730b6,Yoga and Pilates,Yoga and Pilates
DON1580,4da5cfb3-02e9-4a45-9cde-458252a730b6,Technology,Technology
DON1581,f82e328c-9ac4-4652-95e2-7cc85e2d86df,Travel,Travel
DON1582,f82e328c-9ac4-4652-95e2-7cc85e2d86df,Finance,Finance
DON1583,f82e328c-9ac4-4652-95e2-7cc85e2d86df,Technology,Technology
DON1584,ffe73a99-6b36-47b9-9688-ac6a2a619a83,Yoga and Pilates,Yoga and Pilates
DON1585,ffe73a99-6b36-47b9-9688-ac6a2a619a83,Health and Wellness,Health and Wellness
DON1586,ffe73a99-6b36-47b9-9688-ac6a2a619a83,Environment,Environment
DON1587,12e99360-86d6-411c-8278-dce508b4de67,Environment,Environment
DON1588,12e99360-86d6-411c-8278-dce508b4de67,Technology,Technology
DON1589,5ceaa809-6290-44d6-acca-c11210d72bf3,Arts and Culture,Arts and Culture
DON1590,5ceaa809-6290-44d6-acca-c11210d72bf3,Health and Wellness,Health and Wellness
DON1591,1accdbf5-6d42-4c75-b735-04883cf30320,Education,Education
DON1592,27c90c25-8f49-49e1-a9c3-0b9b46f9aed6,Arts and Culture,Arts and Culture
DON1593,27c90c25-8f49-49e1-a9c3-0b9b46f9aed6,Travel,Travel
DON1594,27c90c25-8f49-49e1-a9c3-0b9b46f9aed6,Health and Wellness,Health and Wellness
DON1595,ca6f44dc-8f55-46d8-8501-b53ab86bf48b,Yoga and Pilates,Yoga and Pilates
DON1596,ca6f44dc-8f55-46d8-8501-b53ab86bf48b,Sports and Fitness,Sports and Fitness
DON1597,cfd9ace9-10d9-407b-9a67-f1c3d072d595,Environment,Environment
DON1598,cfd9ace9-10d9-407b-9a67-f1c3d072d595,Education,Education
DON1599,cfd9ace9-10d9-407b-9a67-f1c3d072d595,Arts and Culture,Arts and Culture
DON1600,56d3a4eb-8d6f-4d0f-984f-b232c2946e71,Sports and Fitness,Sports and Fitness
DON1601,56d3a4eb-8d6f-4d0f-984f-b232c2946e71,Technology,Technology
DON1602,f5f07ba5-145e-4b12-a7c9-66fea7c451ab,Technology,Technology
DON1603,366d14b3-f9da-4a6a-aec9-12b8253fc251,Food and Cooking,Food and Cooking
DON1604,366d14b3-f9da-4a6a-aec9-12b8253fc251,Arts and Culture,Arts and Culture
DON1605,6506872f-85ae-4e77-ae89-93b9673bb4f1,Sports and Fitness,Sports and Fitness
DON1606,6506872f-85ae-4e77-ae89-93b9673bb4f1,Education,Education
DON1607,26bc5439-42cd-4dff-af19-1f137c7d5321,Technology,Technology
DON1608,26bc5439-42cd-4dff-af19-1f137c7d5321,Health and Wellness,Health and Wellness
DON1609,26bc5439-42cd-4dff-af19-1f137c7d5321,Sports and Fitness,Sports and Fitness
DON1610,0fab58e4-7703-4e39-ac73-ff2e9eff07fe,Food and Cooking,Food and Cooking
DON1611,0fab58e4-7703-4e39-ac73-ff2e9eff07fe,Arts and Culture,Arts and Culture
DON1612,99a33a93-182a-4f15-90ac-a5d787b776ee,Education,Education
DON1613,12fde2db-01ba-46a4-b126-8073b4ae82cf,Finance,Finance
DON1614,12fde2db-01ba-46a4-b126-8073b4ae82cf,Technology,Technology
DON1615,12fde2db-01ba-46a4-b126-8073b4ae82cf,Environment,Environment
DON1616,8ec27e13-1686-46f9-92de-277ca4d0304a,Technology,Technology
DON1617,8ec27e13-1686-46f9-92de-277ca4d0304a,Education,Education
DON1618,4add7b5f-ec80-40b7-8328-af93a32bcca9,Travel,Travel
DON1619,4add7b5f-ec80-40b7-8328-af93a32bcca9,Health and Wellness,Health and Wellness
DON1620,f85aa29f-75c8-4365-893a-797250c1a950,Finance,Finance
DON1621,f85aa29f-75c8-4365-893a-797250c1a950,Environment,Environment
DON1622,b2683437-7e89-4510-b98b-6466331faa33,Food and Cooking,Food and Cooking
DON1623,5e83d90b-9101-4202-b791-f22122c0d593,Technology,Technology
DON1624,5e83d90b-9101-4202-b791-f22122c0d593,Sports and Fitness,Sports and Fitness
DON1625,c319f4cf-59d6-44f4-916b-2e4443dcf080,Arts and Culture,Arts and Culture
DON1626,e09cc0a6-a7ea-4768-9d7c-dd9aa9ab4eee,Travel,Travel
DON1627,9c0b7598-18cd-4b24-9e3e-9a80218cb0eb,Environment,Environment
DON1628,9c0b7598-18cd-4b24-9e3e-9a80218cb0eb,Technology,Technology
DON1629,9c0b7598-18cd-4b24-9e3e-9a80218cb0eb,Yoga and Pilates,Yoga and Pilates
DON1630,f0055ac9-7306-4c52-bb23-e0c3fd7950f3,Food and Cooking,Food and Cooking
DON1631,dbb9bcae-c045-4255-bd58-5cbe69b7336d,Travel,Travel
DON1632,7af2fb7b-b072-4951-99f0-477d1a4895b0,Education,Education
DON1633,7af2fb7b-b072-4951-99f0-477d1a4895b0,Sports and Fitness,Sports and Fitness
DON1634,7af2fb7b-b072-4951-99f0-477d1a4895b0,Arts and Culture,Arts and Culture
DON1635,040116c9-1e2b-4391-8394-1e10b91f7a9f,Education,Education
DON1636,738072b4-d9a1-47a4-9d16-b9e0be78d3e9,Travel,Travel
DON1637,47919da6-4725-40e3-93e7-1850f1561071,Environment,Environment
DON1638,47919da6-4725-40e3-93e7-1850f1561071,Food and Cooking,Food and Cooking
DON1639,607a85d8-faba-4e34-b7a7-6f6a50220191,Finance,Finance
DON1640,607a85d8-faba-4e34-b7a7-6f6a50220191,Food and Cooking,Food and Cooking
DON1641,d67274b9-7d9b-46f2-82e9-06a3dfd8331e,Technology,Technology
DON1642,d67274b9-7d9b-46f2-82e9-06a3dfd8331e,Yoga and Pilates,Yoga and Pilates
DON1643,4e7cf420-60d0-4812-b584-8828f9d49d85,Technology,Technology
DON1644,4e7cf420-60d0-4812-b584-8828f9d49d85,Finance,Finance
DON1645,4e7cf420-60d0-4812-b584-8828f9d49d85,Travel,Travel
DON1646,3a8be771-57fe-438c-8df7-2edb37c35b1f,Yoga and Pilates,Yoga and Pilates
DON1647,3a8be771-57fe-438c-8df7-2edb37c35b1f,Travel,Travel
DON1648,3a8be771-57fe-438c-8df7-2edb37c35b1f,Technology,Technology
DON1649,7bc7a3f8-520f-4482-a004-dce18d5f410a,Sports and Fitness,Sports and Fitness
DON1650,07ca756d-2f12-4625-91b6-96ad773cb271,Environment,Environment
DON1651,07ca756d-2f12-4625-91b6-96ad773cb271,Travel,Travel
DON1652,07ca756d-2f12-4625-91b6-96ad773cb271,Finance,Finance
DON1653,09e7f923-24b7-4688-af4a-1afd3b3d6918,Yoga and Pilates,Yoga and Pilates
DON1654,f6845a6a-9f38-490e-935d-08d1e70a4c6d,Technology,Technology
DON1655,f6845a6a-9f38-490e-935d-08d1e70a4c6d,Environment,Environment
DON1656,f6845a6a-9f38-490e-935d-08d1e70a4c6d,Sports and Fitness,Sports and Fitness
DON1657,9f1a5eb1-ca56-4632-8041-a5e319c59e74,Arts and Culture,Arts and Culture
DON1658,9f1a5eb1-ca56-4632-8041-a5e319c59e74,Environment,Environment
DON1659,31b7649b-7b33-4a70-b416-6e26ae36649d,Yoga and Pilates,Yoga and Pilates
DON1660,7bc751e1-57ce-4745-952f-35a95ea78f8d,Arts and Culture,Arts and Culture
DON1661,7bc751e1-57ce-4745-952f-35a95ea78f8d,Travel,Travel
DON1662,7bc751e1-57ce-4745-952f-35a95ea78f8d,Education,Education
DON1663,33806349-8d87-42b9-ba0f-36acca20acee,Environment,Environment
DON1664,341296b8-fad0-4c17-afa6-23e7e005bb09,Environment,Environment
DON1665,341296b8-fad0-4c17-afa6-23e7e005bb09,Finance,Finance
DON1666,8db76579-1622-4e89-8256-93eea1bc7d9c,Environment,Environment
DON1667,91d73bfc-9204-44f2-a71b-efacf82579d4,Arts and Culture,Arts and Culture
DON1668,91d73bfc-9204-44f2-a71b-efacf82579d4,Travel,Travel
DON1669,948d5874-0abc-466f-ab53-ae4632fd7674,Arts and Culture,Arts and Culture
DON1670,948d5874-0abc-466f-ab53-ae4632fd7674,Technology,Technology
DON1671,948d5874-0abc-466f-ab53-ae4632fd7674,Sports and Fitness,Sports and Fitness
DON1672,34308498-d6bc-4241-99ef-d5e9593e2176,Food and Cooking,Food and Cooking
DON1673,34308498-d6bc-4241-99ef-d5e9593e2176,Health and Wellness,Health and Wellness
DON1674,34308498-d6bc-4241-99ef-d5e9593e2176,Technology,Technology
DON1675,50bc7715-f94d-4c39-8de6-bf9840f0db7b,Sports and Fitness,Sports and Fitness
DON1676,d225cd43-4aa4-4159-b6e0-b6fce3bad60a,Arts and Culture,Arts and Culture
DON1677,d225cd43-4aa4-4159-b6e0-b6fce3bad60a,Environment,Environment
DON1678,36240b08-6445-451f-81d4-13b2a4f97d56,Environment,Environment
DON1679,36240b08-6445-451f-81d4-13b2a4f97d56,Education,Education
DON1680,36240b08-6445-451f-81d4-13b2a4f97d56,Technology,Technology
DON1681,b891631b-5e9b-446e-a78a-b61c7b49972a,Education,Education
DON1682,ec5acbee-e691-4172-a567-6f1731ef0e4b,Technology,Technology
DON1683,ec5acbee-e691-4172-a567-6f1731ef0e4b,Arts and Culture,Arts and Culture
DON1684,ec5acbee-e691-4172-a567-6f1731ef0e4b,Education,Education
DON1685,c05befcb-24d9-4927-bf56-52293fc783cc,Travel,Travel
DON1686,d2813ca9-5256-4664-9c26-fb2e3c0465ac,Sports and Fitness,Sports and Fitness
DON1687,d2813ca9-5256-4664-9c26-fb2e3c0465ac,Yoga and Pilates,Yoga and Pilates
DON1688,d2813ca9-5256-4664-9c26-fb2e3c0465ac,Finance,Finance
DON1689,f2eafe28-e703-42e9-aed5-2f8705bcc4ec,Health and Wellness,Health and Wellness
DON1690,f2eafe28-e703-42e9-aed5-2f8705bcc4ec,Yoga and Pilates,Yoga and Pilates
DON1691,1e436ce0-5564-4ba0-b919-0f8bf71d1202,Health and Wellness,Health and Wellness
DON1692,d89d4158-a9d4-488d-b934-5bf6511e0df7,Arts and Culture,Arts and Culture
DON1693,d89d4158-a9d4-488d-b934-5bf6511e0df7,Food and Cooking,Food and Cooking
DON1694,d89d4158-a9d4-488d-b934-5bf6511e0df7,Education,Education
DON1695,9e710ec9-2973-42df-83fb-57f3e246f3e6,Yoga and Pilates,Yoga and Pilates
DON1696,9e710ec9-2973-42df-83fb-57f3e246f3e6,Technology,Technology
DON1697,9e710ec9-2973-42df-83fb-57f3e246f3e6,Arts and Culture,Arts and Culture
DON1698,bf41ae86-c7a8-4368-96fb-9aeff163e1b2,Technology,Technology
DON1699,bf41ae86-c7a8-4368-96fb-9aeff163e1b2,Finance,Finance
DON1700,8b0ea0c5-cef9-41b6-8d57-11c08761f6b6,Sports and Fitness,Sports and Fitness
DON1701,8b0ea0c5-cef9-41b6-8d57-11c08761f6b6,Education,Education
DON1702,41f75d5b-0c6a-45de-bc44-9bc47b0635c7,Education,Education
DON1703,41f75d5b-0c6a-45de-bc44-9bc47b0635c7,Environment,Environment
DON1704,02ad30fe-0d1a-4bbe-95ad-28c43ebf3294,Arts and Culture,Arts and Culture
DON1705,d55a4e3c-e1e5-4fed-9494-9694e3cedba1,Arts and Culture,Arts and Culture
DON1706,d55a4e3c-e1e5-4fed-9494-9694e3cedba1,Finance,Finance
DON1707,dad50b42-7f92-4772-97b4-dffc4601f76a,Finance,Finance
DON1708,b493d17c-b7e5-4542-a453-e8b79aff9975,Sports and Fitness,Sports and Fitness
DON1709,b493d17c-b7e5-4542-a453-e8b79aff9975,Finance,Finance
DON1710,b493d17c-b7e5-4542-a453-e8b79aff9975,Yoga and Pilates,Yoga and Pilates
DON1711,7955fad2-18b6-415b-a6ab-eeb51786960b,Education,Education
DON1712,7955fad2-18b6-415b-a6ab-eeb51786960b,Food and Cooking,Food and Cooking
DON1713,f2b1d63e-6a2b-42b4-8d61-eb8e99bdfab6,Travel,Travel
DON1714,f2b1d63e-6a2b-42b4-8d61-eb8e99bdfab6,Environment,Environment
DON1715,109cec57-995f-4ba5-90fc-1d5a26f1b7eb,Health and Wellness,Health and Wellness
DON1716,109cec57-995f-4ba5-90fc-1d5a26f1b7eb,Travel,Travel
DON1717,03a62419-9116-4d70-85d6-e4b5108f43fd,Finance,Finance
DON1718,03a62419-9116-4d70-85d6-e4b5108f43fd,Health and Wellness,Health and Wellness
DON1719,03a62419-9116-4d70-85d6-e4b5108f43fd,Travel,Travel
DON1720,6c407c0d-d4ac-4407-8f12-e0435608d555,Food and Cooking,Food and Cooking
DON1721,6c407c0d-d4ac-4407-8f12-e0435608d555,Travel,Travel
DON1722,cdaea2e2-c63e-4fb4-84fa-13d8a751b94a,Health and Wellness,Health and Wellness
DON1723,cdaea2e2-c63e-4fb4-84fa-13d8a751b94a,Food and Cooking,Food and Cooking
DON1724,cdaea2e2-c63e-4fb4-84fa-13d8a751b94a,Environment,Environment
DON1725,fb8d0ccf-0d29-467a-b1b0-fbc586f0d458,Food and Cooking,Food and Cooking
DON1726,76d1cf74-f620-43db-8cc1-143588591b6d,Arts and Culture,Arts and Culture
DON1727,76d1cf74-f620-43db-8cc1-143588591b6d,Sports and Fitness,Sports and Fitness
DON1728,76d1cf74-f620-43db-8cc1-143588591b6d,Technology,Technology
DON1729,83733caa-d5bf-4b75-8698-ec0e6c67d619,Food and Cooking,Food and Cooking
DON1730,83733caa-d5bf-4b75-8698-ec0e6c67d619,Sports and Fitness,Sports and Fitness
DON1731,b352213d-bd8c-4b17-9244-59270789a2bd,Finance,Finance
DON1732,b352213d-bd8c-4b17-9244-59270789a2bd,Sports and Fitness,Sports and Fitness
DON1733,a75ce109-c73d-47e3-b1fc-e3b05f05d749,Health and Wellness,Health and Wellness
DON1734,a75ce109-c73d-47e3-b1fc-e3b05f05d749,Education,Education
DON1735,afddc2c1-1b50-4f29-b024-f3a4b044dbf2,Food and Cooking,Food and Cooking
DON1736,afddc2c1-1b50-4f29-b024-f3a4b044dbf2,Sports and Fitness,Sports and Fitness
DON1737,dfc853a0-9017-4e98-b47a-9968c22ac551,Sports and Fitness,Sports and Fitness
DON1738,dfc853a0-9017-4e98-b47a-9968c22ac551,Finance,Finance
DON1739,b660b763-30b2-467b-9371-f55bb580777d,Technology,Technology
DON1740,b660b763-30b2-467b-9371-f55bb580777d,Education,Education
DON1741,b6262aa1-8663-4ac3-bf6b-8d9b0e17b41c,Education,Education
DON1742,b6262aa1-8663-4ac3-bf6b-8d9b0e17b41c,Sports and Fitness,Sports and Fitness
DON1743,a1cb8bcb-9f58-41ef-bcd4-b03e07dbbf6e,Travel,Travel
DON1744,ee70943a-1a23-456b-bcc2-d95571db1672,Travel,Travel
DON1745,ee70943a-1a23-456b-bcc2-d95571db1672,Sports and Fitness,Sports and Fitness
DON1746,41ac3cfb-ce54-4c08-8d9a-e313cb3ac1d7,Finance,Finance
DON1747,41ac3cfb-ce54-4c08-8d9a-e313cb3ac1d7,Food and Cooking,Food and Cooking
DON1748,41ac3cfb-ce54-4c08-8d9a-e313cb3ac1d7,Technology,Technology
DON1749,0d5d064c-dba8-46e8-8f6a-3d81ddaa50d8,Arts and Culture,Arts and Culture
DON1750,276ef524-c1ea-4f12-a105-19c490be38a5,Yoga and Pilates,Yoga and Pilates
DON1751,276ef524-c1ea-4f12-a105-19c490be38a5,Education,Education
DON1752,6994883a-17c8-4222-aa53-134b9563b674,Health and Wellness,Health and Wellness
DON1753,6994883a-17c8-4222-aa53-134b9563b674,Technology,Technology
DON1754,6994883a-17c8-4222-aa53-134b9563b674,Finance,Finance
DON1755,7993733d-a749-4632-bc8f-df06923cb2cd,Yoga and Pilates,Yoga and Pilates
DON1756,2543560c-155a-4d92-93b2-dd4e10c65837,Finance,Finance
DON1757,2543560c-155a-4d92-93b2-dd4e10c65837,Technology,Technology
DON1758,804b6347-0786-4fbe-a2ac-44f80666ef83,Food and Cooking,Food and Cooking
DON1759,804b6347-0786-4fbe-a2ac-44f80666ef83,Education,Education
DON1760,804b6347-0786-4fbe-a2ac-44f80666ef83,Arts and Culture,Arts and Culture
DON1761,a511da69-8a45-4ef5-8406-e1e520f211cd,Finance,Finance
DON1762,a511da69-8a45-4ef5-8406-e1e520f211cd,Food and Cooking,Food and Cooking
DON1763,2540f12e-7289-4700-9e46-eafebcc9021d,Technology,Technology
DON1764,2540f12e-7289-4700-9e46-eafebcc9021d,Environment,Environment
DON1765,51d4e81a-d1cf-4f3d-852d-8ad5b284a2dd,Food and Cooking,Food and Cooking
DON1766,51d4e81a-d1cf-4f3d-852d-8ad5b284a2dd,Health and Wellness,Health and Wellness
DON1767,51d4e81a-d1cf-4f3d-852d-8ad5b284a2dd,Environment,Environment
DON1768,ba591bdf-e182-4aa1-b727-d3f25b904bcb,Health and Wellness,Health and Wellness
DON1769,ba591bdf-e182-4aa1-b727-d3f25b904bcb,Food and Cooking,Food and Cooking
DON1770,ba591bdf-e182-4aa1-b727-d3f25b904bcb,Sports and Fitness,Sports and Fitness
DON1771,77d7455d-3103-4ebd-b144-0a49e14dd772,Education,Education
DON1772,4e9224d5-695d-44c4-874e-c322640c39c6,Health and Wellness,Health and Wellness
DON1773,4e9224d5-695d-44c4-874e-c322640c39c6,Technology,Technology
DON1774,4e9224d5-695d-44c4-874e-c322640c39c6,Arts and Culture,Arts and Culture
DON1775,2de53365-5371-43ee-919f-81c04305d0f0,Education,Education
DON1776,2de53365-5371-43ee-919f-81c04305d0f0,Health and Wellness,Health and Wellness
DON1777,d5ca5f78-0557-4b76-bc98-da657290f783,Travel,Travel
DON1778,d5ca5f78-0557-4b76-bc98-da657290f783,Sports and Fitness,Sports and Fitness
DON1779,16896f29-8e18-41c8-9d6c-0644c8324645,Technology,Technology
DON1780,74c1ad46-41dc-49ab-ad1f-b1f3745cf9d9,Food and Cooking,Food and Cooking
DON1781,74c1ad46-41dc-49ab-ad1f-b1f3745cf9d9,Environment,Environment
DON1782,7d66bb1f-010b-4be4-a605-ef74ecca4475,Arts and Culture,Arts and Culture
DON1783,78ad96a4-59f1-4be0-9aa9-9404568e8d3d,Health and Wellness,Health and Wellness
DON1784,78ad96a4-59f1-4be0-9aa9-9404568e8d3d,Food and Cooking,Food and Cooking
DON1785,297198bf-6e41-4572-b7ee-ee5adcbee36c,Yoga and Pilates,Yoga and Pilates
DON1786,297198bf-6e41-4572-b7ee-ee5adcbee36c,Travel,Travel
DON1787,e30069e5-f26f-4ae6-b806-2647d495dffb,Education,Education
DON1788,88aae13d-37fc-4232-81f5-ad9338a468b1,Travel,Travel
DON1789,88aae13d-37fc-4232-81f5-ad9338a468b1,Arts and Culture,Arts and Culture
DON1790,57b39a3e-f208-494a-9713-0fae9db5ecea,Travel,Travel
DON1791,69f21444-09a0-485a-a5df-833e068dfa9f,Health and Wellness,Health and Wellness
DON1792,69f21444-09a0-485a-a5df-833e068dfa9f,Yoga and Pilates,Yoga and Pilates
DON1793,69f21444-09a0-485a-a5df-833e068dfa9f,Sports and Fitness,Sports and Fitness
DON1794,7c411aa7-ad8c-4194-893f-4e195eb28555,Yoga and Pilates,Yoga and Pilates
DON1795,7c411aa7-ad8c-4194-893f-4e195eb28555,Finance,Finance
DON1796,7c411aa7-ad8c-4194-893f-4e195eb28555,Health and Wellness,Health and Wellness
DON1797,1b0a0e46-147d-4755-87de-0a7e0d5561be,Health and Wellness,Health and Wellness
DON1798,1b0a0e46-147d-4755-87de-0a7e0d5561be,Arts and Culture,Arts and Culture
DON1799,320d1bd9-706d-45c6-9f51-011e0f5cb554,Finance,Finance
DON1800,320d1bd9-706d-45c6-9f51-011e0f5cb554,Sports and Fitness,Sports and Fitness
DON1801,320d1bd9-706d-45c6-9f51-011e0f5cb554,Travel,Travel
DON1802,e7ef8827-ce16-4b03-85a1-b28065ab918a,Environment,Environment
DON1803,e7ef8827-ce16-4b03-85a1-b28065ab918a,Arts and Culture,Arts and Culture
DON1804,e7ef8827-ce16-4b03-85a1-b28065ab918a,Travel,Travel
DON1805,a45e43f0-fe50-4a4d-8c5b-fee85aa2c6e5,Travel,Travel
DON1806,a45e43f0-fe50-4a4d-8c5b-fee85aa2c6e5,Sports and Fitness,Sports and Fitness
DON1807,aaba4a3f-10bf-46bd-94f9-28ed6d9acee6,Arts and Culture,Arts and Culture
DON1808,3467970f-b408-4573-a4f6-f76d37af26b4,Technology,Technology
DON1809,3467970f-b408-4573-a4f6-f76d37af26b4,Food and Cooking,Food and Cooking
DON1810,3467970f-b408-4573-a4f6-f76d37af26b4,Finance,Finance
DON1811,943fc44e-03cf-45c0-aaec-b515dd0a713a,Sports and Fitness,Sports and Fitness
DON1812,943fc44e-03cf-45c0-aaec-b515dd0a713a,Food and Cooking,Food and Cooking
DON1813,04190b10-5d58-44da-99f5-587bd6c807bd,Sports and Fitness,Sports and Fitness
DON1814,04190b10-5d58-44da-99f5-587bd6c807bd,Finance,Finance
DON1815,04190b10-5d58-44da-99f5-587bd6c807bd,Food and Cooking,Food and Cooking
DON1816,a7290c72-12f6-4dfb-ad89-95572b92e73c,Finance,Finance
DON1817,f61f0073-d331-464c-820e-35f3948f236f,Education,Education
DON1818,cbc30fa9-eb35-435e-b315-622cb3bd02a1,Education,Education
DON1819,cbc30fa9-eb35-435e-b315-622cb3bd02a1,Environment,Environment
DON1820,f12d42ff-4dc7-4d5e-9231-c48d7d177627,Health and Wellness,Health and Wellness
DON1821,4839ebb9-d7cb-4898-9925-6e9a896736db,Arts and Culture,Arts and Culture
DON1822,448f1bb1-3282-45ba-9f13-2fff72116b6b,Education,Education
DON1823,8d2fadd1-de51-426e-b4cc-02b07c45255f,Health and Wellness,Health and Wellness
DON1824,8d2fadd1-de51-426e-b4cc-02b07c45255f,Finance,Finance
DON1825,8d2fadd1-de51-426e-b4cc-02b07c45255f,Technology,Technology
DON1826,27515476-b786-4316-ab31-99e29bacafc4,Travel,Travel
DON1827,9d2e530d-4eff-4bf3-b4cc-0ec8e7051e41,Yoga and Pilates,Yoga and Pilates
DON1828,9d2e530d-4eff-4bf3-b4cc-0ec8e7051e41,Finance,Finance
DON1829,912bad00-c119-40ca-a73f-839363a4954f,Arts and Culture,Arts and Culture
DON1830,912bad00-c119-40ca-a73f-839363a4954f,Health and Wellness,Health and Wellness
DON1831,cf305599-5886-44c6-9d15-bedf0b704652,Travel,Travel
DON1832,cf305599-5886-44c6-9d15-bedf0b704652,Health and Wellness,Health and Wellness
DON1833,287a62dd-ac77-45a5-a63a-32aef1f2fe5e,Yoga and Pilates,Yoga and Pilates
DON1834,287a62dd-ac77-45a5-a63a-32aef1f2fe5e,Food and Cooking,Food and Cooking
DON1835,287a62dd-ac77-45a5-a63a-32aef1f2fe5e,Travel,Travel
DON1836,9a66326e-ec99-465a-a0f5-289992048a43,Environment,Environment
DON1837,9a66326e-ec99-465a-a0f5-289992048a43,Yoga and Pilates,Yoga and Pilates
DON1838,84bf2826-8d6b-4068-b11c-b12c9f3deeb0,Travel,Travel
DON1839,0207b5d5-5640-43a5-926a-3a2b21a2031d,Food and Cooking,Food and Cooking
DON1840,0207b5d5-5640-43a5-926a-3a2b21a2031d,Yoga and Pilates,Yoga and Pilates
DON1841,0207b5d5-5640-43a5-926a-3a2b21a2031d,Health and Wellness,Health and Wellness
DON1842,09bf289d-6374-42ca-8142-232beb86fac4,Food and Cooking,Food and Cooking
DON1843,09bf289d-6374-42ca-8142-232beb86fac4,Yoga and Pilates,Yoga and Pilates
DON1844,41ff2110-d239-442c-a4a5-600281d003da,Arts and Culture,Arts and Culture
DON1845,41ff2110-d239-442c-a4a5-600281d003da,Health and Wellness,Health and Wellness
DON1846,37deca91-df3a-414f-8983-dce1deb32dac,Arts and Culture,Arts and Culture
DON1847,37deca91-df3a-414f-8983-dce1deb32dac,Travel,Travel
DON1848,a22d7bee-59a3-40a8-8901-fbf8eed668bf,Yoga and Pilates,Yoga and Pilates
DON1849,a22d7bee-59a3-40a8-8901-fbf8eed668bf,Sports and Fitness,Sports and Fitness
DON1850,a22d7bee-59a3-40a8-8901-fbf8eed668bf,Health and Wellness,Health and Wellness
DON1851,6a0bd589-5812-4329-b2b5-0af4abaac61d,Education,Education
DON1852,6583261c-349e-4bfa-8efb-2c0c60293dfb,Arts and Culture,Arts and Culture
DON1853,6583261c-349e-4bfa-8efb-2c0c60293dfb,Travel,Travel
DON1854,6583261c-349e-4bfa-8efb-2c0c60293dfb,Environment,Environment
DON1855,96e59cbf-551e-4ff3-ac6f-7b757df1a94f,Health and Wellness,Health and Wellness
DON1856,05913925-c406-4071-bf48-237f46916996,Yoga and Pilates,Yoga and Pilates
DON1857,05913925-c406-4071-bf48-237f46916996,Environment,Environment
DON1858,05913925-c406-4071-bf48-237f46916996,Arts and Culture,Arts and Culture
DON1859,12efc5eb-33ac-4daa-b7df-f044e394c554,Health and Wellness,Health and Wellness
DON1860,12efc5eb-33ac-4daa-b7df-f044e394c554,Travel,Travel
DON1861,41b9e6f9-ec13-4535-98d0-d240ff3d6edf,Sports and Fitness,Sports and Fitness
DON1862,41b9e6f9-ec13-4535-98d0-d240ff3d6edf,Yoga and Pilates,Yoga and Pilates
DON1863,41b9e6f9-ec13-4535-98d0-d240ff3d6edf,Travel,Travel
DON1864,8dc8f221-8a29-4ab5-b817-2ca1a45619f7,Travel,Travel
DON1865,98f6a67c-e6fc-43af-a040-15db8bae893a,Finance,Finance
DON1866,98f6a67c-e6fc-43af-a040-15db8bae893a,Sports and Fitness,Sports and Fitness
DON1867,2686b8f6-a8b6-45b5-a165-f400d321d2c3,Technology,Technology
DON1868,2686b8f6-a8b6-45b5-a165-f400d321d2c3,Yoga and Pilates,Yoga and Pilates
DON1869,2686b8f6-a8b6-45b5-a165-f400d321d2c3,Environment,Environment
DON1870,861b56b0-dbab-43a1-9070-4d7f30ebe9da,Environment,Environment
DON1871,861b56b0-dbab-43a1-9070-4d7f30ebe9da,Health and Wellness,Health and Wellness
DON1872,861b56b0-dbab-43a1-9070-4d7f30ebe9da,Arts and Culture,Arts and Culture
DON1873,b0a0d99b-1cfc-4c46-b2f2-e237fb725edd,Environment,Environment
DON1874,faef57b2-c727-429f-8e3e-cf8f612de2b4,Arts and Culture,Arts and Culture
DON1875,874cfd01-ffd5-452b-a350-5d7e9ef00d80,Education,Education
DON1876,874cfd01-ffd5-452b-a350-5d7e9ef00d80,Food and Cooking,Food and Cooking
DON1877,874cfd01-ffd5-452b-a350-5d7e9ef00d80,Health and Wellness,Health and Wellness
DON1878,ee9e25a8-2055-4378-8a97-86fa1056cecb,Health and Wellness,Health and Wellness
DON1879,ee9e25a8-2055-4378-8a97-86fa1056cecb,Technology,Technology
DON1880,c3769036-6c8a-46d4-895d-1404b782b574,Education,Education
DON1881,c3769036-6c8a-46d4-895d-1404b782b574,Health and Wellness,Health and Wellness
DON1882,c3769036-6c8a-46d4-895d-1404b782b574,Travel,Travel
DON1883,64742964-147c-4eb8-946c-52c1e7392fa4,Technology,Technology
DON1884,64742964-147c-4eb8-946c-52c1e7392fa4,Travel,Travel
DON1885,64742964-147c-4eb8-946c-52c1e7392fa4,Health and Wellness,Health and Wellness
DON1886,9a002fdc-89d0-42fa-8f8a-b43734d0bb6b,Travel,Travel
DON1887,9a002fdc-89d0-42fa-8f8a-b43734d0bb6b,Health and Wellness,Health and Wellness
DON1888,9a002fdc-89d0-42fa-8f8a-b43734d0bb6b,Education,Education
DON1889,f02b5a7b-5874-4576-a849-7389670ef2de,Travel,Travel
DON1890,bf74e640-a7a9-4797-8c5a-09f1702f98f9,Technology,Technology
DON1891,bf74e640-a7a9-4797-8c5a-09f1702f98f9,Finance,Finance
DON1892,af624df9-17c7-4eb1-a5a6-04ed476591de,Environment,Environment
DON1893,af624df9-17c7-4eb1-a5a6-04ed476591de,Education,Education
DON1894,af624df9-17c7-4eb1-a5a6-04ed476591de,Health and Wellness,Health and Wellness
DON1895,0d0bfd2a-0c9d-43ee-9128-3c73f5e541d6,Food and Cooking,Food and Cooking
DON1896,0d0bfd2a-0c9d-43ee-9128-3c73f5e541d6,Arts and Culture,Arts and Culture
DON1897,0d90d756-3dc2-4471-ba83-814a60841d3e,Finance,Finance
DON1898,0d90d756-3dc2-4471-ba83-814a60841d3e,Travel,Travel
DON1899,774ed88d-2048-4953-b70c-4e888e0d0dd4,Finance,Finance
DON1900,774ed88d-2048-4953-b70c-4e888e0d0dd4,Education,Education
DON1901,9c3d5dc7-6a23-4d73-af97-dc24e4b70acf,Travel,Travel
DON1902,9c3d5dc7-6a23-4d73-af97-dc24e4b70acf,Yoga and Pilates,Yoga and Pilates
DON1903,9c3d5dc7-6a23-4d73-af97-dc24e4b70acf,Finance,Finance
DON1904,9cefe24d-67d4-4615-b6f6-288924681102,Education,Education
DON1905,9cefe24d-67d4-4615-b6f6-288924681102,Finance,Finance
DON1906,c2375bd9-5090-4207-8f6d-dc37e1af8e7e,Education,Education
DON1907,c2375bd9-5090-4207-8f6d-dc37e1af8e7e,Health and Wellness,Health and Wellness
DON1908,c2375bd9-5090-4207-8f6d-dc37e1af8e7e,Sports and Fitness,Sports and Fitness
DON1909,e559f4bc-46ae-4bd6-a5ad-7ff955e154e3,Sports and Fitness,Sports and Fitness
DON1910,feb5b765-980a-4936-ac97-5fafee6c06a8,Arts and Culture,Arts and Culture
DON1911,67f3716c-8796-4b64-8a01-b17d7878ec03,Technology,Technology
DON1912,67f3716c-8796-4b64-8a01-b17d7878ec03,Finance,Finance
DON1913,61cfdbee-6448-4e35-9892-6cb818744541,Environment,Environment
DON1914,61cfdbee-6448-4e35-9892-6cb818744541,Yoga and Pilates,Yoga and Pilates
DON1915,61cfdbee-6448-4e35-9892-6cb818744541,Technology,Technology
DON1916,e23bd29c-8401-45f7-819d-9c2722559708,Health and Wellness,Health and Wellness
DON1917,aff29442-4195-4ce0-a0bb-b2bc866ef198,Food and Cooking,Food and Cooking
DON1918,aff29442-4195-4ce0-a0bb-b2bc866ef198,Finance,Finance
DON1919,311876df-531c-4689-85d7-4415cf308e09,Sports and Fitness,Sports and Fitness
DON1920,311876df-531c-4689-85d7-4415cf308e09,Technology,Technology
DON1921,03ed2827-fd18-4203-91e1-a3a48a3cb145,Technology,Technology
DON1922,03ed2827-fd18-4203-91e1-a3a48a3cb145,Yoga and Pilates,Yoga and Pilates
DON1923,03ed2827-fd18-4203-91e1-a3a48a3cb145,Health and Wellness,Health and Wellness
DON1924,8c041297-c928-4004-a681-cb0547e30b21,Yoga and Pilates,Yoga and Pilates
DON1925,8c041297-c928-4004-a681-cb0547e30b21,Arts and Culture,Arts and Culture
DON1926,8c041297-c928-4004-a681-cb0547e30b21,Health and Wellness,Health and Wellness
DON1927,12b86748-7314-413a-813e-0a4c1ef3372a,Arts and Culture,Arts and Culture
DON1928,12b86748-7314-413a-813e-0a4c1ef3372a,Travel,Travel
DON1929,c43baa2c-8362-4bdf-a251-3a822721bcbf,Environment,Environment
DON1930,9f9e83c3-1562-4f5a-a330-b8ea237ab5f9,Education,Education
DON1931,307756a9-9c05-4204-9714-e772dfd0af24,Sports and Fitness,Sports and Fitness
DON1932,307756a9-9c05-4204-9714-e772dfd0af24,Arts and Culture,Arts and Culture
DON1933,307756a9-9c05-4204-9714-e772dfd0af24,Food and Cooking,Food and Cooking
DON1934,e47c9111-158c-46d8-af80-d1bba4a14544,Yoga and Pilates,Yoga and Pilates
DON1935,d139843e-54e7-4fb5-bccb-3d937dcbef38,Sports and Fitness,Sports and Fitness
DON1936,d139843e-54e7-4fb5-bccb-3d937dcbef38,Food and Cooking,Food and Cooking
DON1937,65769e95-8005-434a-80cf-8fe6e47c3a77,Food and Cooking,Food and Cooking
DON1938,65769e95-8005-434a-80cf-8fe6e47c3a77,Health and Wellness,Health and Wellness
DON1939,7980e01a-488e-4e1a-aefa-09c1ea64beaf,Travel,Travel
DON1940,7980e01a-488e-4e1a-aefa-09c1ea64beaf,Food and Cooking,Food and Cooking
DON1941,406edfe1-4c51-43e5-95a1-70d398bd0d90,Environment,Environment
DON1942,406edfe1-4c51-43e5-95a1-70d398bd0d90,Finance,Finance
DON1943,1ccf3ed9-3221-4da1-a911-e2ab695e0279,Arts and Culture,Arts and Culture
DON1944,1ccf3ed9-3221-4da1-a911-e2ab695e0279,Travel,Travel
DON1945,56704cb8-c012-4618-9d47-d1ce1147a345,Yoga and Pilates,Yoga and Pilates
DON1946,56704cb8-c012-4618-9d47-d1ce1147a345,Arts and Culture,Arts and Culture
DON1947,69619472-5d47-43f6-9452-7a2b850f1675,Food and Cooking,Food and Cooking
DON1948,afb94ccb-35d3-4151-9198-38bfa1b6891c,Technology,Technology
DON1949,afb94ccb-35d3-4151-9198-38bfa1b6891c,Travel,Travel
DON1950,afb94ccb-35d3-4151-9198-38bfa1b6891c,Food and Cooking,Food and Cooking
DON1951,949a2099-3ce9-400c-aea8-fd3891608361,Food and Cooking,Food and Cooking
DON1952,949a2099-3ce9-400c-aea8-fd3891608361,Technology,Technology
DON1953,ece618c2-1539-4a25-8be3-5242925e64de,Travel,Travel
DON1954,5387b57a-83ae-46e3-9bcd-f0f083a27cbc,Arts and Culture,Arts and Culture
DON1955,5387b57a-83ae-46e3-9bcd-f0f083a27cbc,Health and Wellness,Health and Wellness
DON1956,2ff49c12-d08d-4ddb-8027-64a50450a1be,Yoga and Pilates,Yoga and Pilates
DON1957,2ff49c12-d08d-4ddb-8027-64a50450a1be,Food and Cooking,Food and Cooking
DON1958,e6f107a2-a5cd-4640-9da6-edc0dad9a40d,Technology,Technology
DON1959,531e2607-1654-4d3d-8a7c-6d599e196819,Education,Education
DON1960,531e2607-1654-4d3d-8a7c-6d599e196819,Yoga and Pilates,Yoga and Pilates
DON1961,531e2607-1654-4d3d-8a7c-6d599e196819,Food and Cooking,Food and Cooking
DON1962,890b2923-289f-4d19-a765-b6702ee516b7,Health and Wellness,Health and Wellness
DON1963,890b2923-289f-4d19-a765-b6702ee516b7,Finance,Finance
DON1964,890b2923-289f-4d19-a765-b6702ee516b7,Arts and Culture,Arts and Culture
DON1965,4dc43658-7c19-4d8d-bfb7-c24210b525cb,Food and Cooking,Food and Cooking
DON1966,4dc43658-7c19-4d8d-bfb7-c24210b525cb,Arts and Culture,Arts and Culture
DON1967,4dc43658-7c19-4d8d-bfb7-c24210b525cb,Sports and Fitness,Sports and Fitness
DON1968,d1e6411a-2e83-4554-9e47-2f45693c4961,Arts and Culture,Arts and Culture
DON1969,d1e6411a-2e83-4554-9e47-2f45693c4961,Finance,Finance
DON1970,d1e6411a-2e83-4554-9e47-2f45693c4961,Education,Education
DON1971,d84d3771-c628-4917-971d-8a76125efe56,Education,Education
DON1972,d84d3771-c628-4917-971d-8a76125efe56,Technology,Technology
DON1973,f6d5f459-6beb-4008-8f1f-489fa327b6d3,Finance,Finance
DON1974,fd3ec765-fc6c-4ec6-8345-e77fc355d4d8,Technology,Technology
DON1975,fd3ec765-fc6c-4ec6-8345-e77fc355d4d8,Arts and Culture,Arts and Culture
DON1976,fd3ec765-fc6c-4ec6-8345-e77fc355d4d8,Yoga and Pilates,Yoga and Pilates
DON1977,808cc704-2126-4ee1-adc5-f9c18116e6d7,Travel,Travel
DON1978,e1a214bb-341e-4e25-885a-39e22bc29152,Finance,Finance
DON1979,e1a214bb-341e-4e25-885a-39e22bc29152,Arts and Culture,Arts and Culture
DON1980,2562e8e0-6476-4c7c-b80f-8bb16da7598a,Sports and Fitness,Sports and Fitness
DON1981,132dba27-c2f3-426c-ada2-06862436459e,Sports and Fitness,Sports and Fitness
DON1982,132dba27-c2f3-426c-ada2-06862436459e,Travel,Travel
DON1983,ee9e7852-3e2f-48ef-b1e0-afd753738e39,Education,Education
DON1984,b9475711-7f70-476e-8b46-7c5aa453c7cf,Food and Cooking,Food and Cooking
DON1985,d8163610-12d0-405b-bdd3-9315254b6fcd,Travel,Travel
DON1986,d926e2d5-7d34-4e3c-8835-1cc318943c59,Travel,Travel
DON1987,b9f894ea-86d5-4f27-b79b-b6babf33c17d,Education,Education
DON1988,82457370-efe1-4977-a672-4720e3d46b53,Sports and Fitness,Sports and Fitness
DON1989,82457370-efe1-4977-a672-4720e3d46b53,Arts and Culture,Arts and Culture
DON1990,82457370-efe1-4977-a672-4720e3d46b53,Environment,Environment
DON1991,b969032f-8612-4179-85a5-4cb08b53ba11,Education,Education
DON1992,b969032f-8612-4179-85a5-4cb08b53ba11,Health and Wellness,Health and Wellness
DON1993,7b01d4d2-8b69-4683-a715-1f320054aa20,Food and Cooking,Food and Cooking
DON1994,7b01d4d2-8b69-4683-a715-1f320054aa20,Sports and Fitness,Sports and Fitness
DON1995,b5d8ba2d-547b-4993-a814-edb22731f100,Finance,Finance
DON1996,b3875d55-b8f6-4f70-a300-53ebce6f4bec,Arts and Culture,Arts and Culture
DON1997,b3875d55-b8f6-4f70-a300-53ebce6f4bec,Sports and Fitness,Sports and Fitness
DON1998,b3875d55-b8f6-4f70-a300-53ebce6f4bec,Education,Education
DON1999,98ca5f76-f7ab-441c-9084-0df608efa4b8,Yoga and Pilates,Yoga and Pilates
DON2000,8ff30817-a91e-4945-9c1e-b92e0db8ca9e,Education,Education
DON2001,cdfe7e6f-8a76-4cfe-9989-07d493b4af23,Environment,Environment
DON2002,cdfe7e6f-8a76-4cfe-9989-07d493b4af23,Travel,Travel
DON2003,35fc62f1-aad5-484a-9a85-ac2a8502cf25,Sports and Fitness,Sports and Fitness
DON2004,35fc62f1-aad5-484a-9a85-ac2a8502cf25,Yoga and Pilates,Yoga and Pilates
DON2005,35fc62f1-aad5-484a-9a85-ac2a8502cf25,Finance,Finance
DON2006,f87a01f5-83cd-49a2-9a6c-84df3437cd5f,Health and Wellness,Health and Wellness
DON2007,f87a01f5-83cd-49a2-9a6c-84df3437cd5f,Education,Education
DON2008,f87a01f5-83cd-49a2-9a6c-84df3437cd5f,Food and Cooking,Food and Cooking
DON2009,f7683f65-d057-498e-91cb-3e104576ca86,Education,Education
DON2010,30745262-f4af-4035-afd6-8cd463f143da,Education,Education
DON2011,8b7b3782-13c0-46b8-acc9-5ff6fc9ede48,Travel,Travel
DON2012,8b7b3782-13c0-46b8-acc9-5ff6fc9ede48,Education,Education
DON2013,8b7b3782-13c0-46b8-acc9-5ff6fc9ede48,Sports and Fitness,Sports and Fitness
DON2014,e4ee3960-1644-4774-b0da-86ac184cc973,Arts and Culture,Arts and Culture
DON2015,72d2bc19-1550-4b86-8c86-59d65539df6b,Food and Cooking,Food and Cooking
DON2016,72d2bc19-1550-4b86-8c86-59d65539df6b,Technology,Technology
DON2017,72d2bc19-1550-4b86-8c86-59d65539df6b,Environment,Environment
DON2018,1eee37be-e5d9-4b7c-bd31-15b3254ef09a,Environment,Environment
DON2019,40bbc541-0285-4964-877a-752e5a648f89,Finance,Finance
DON2020,40bbc541-0285-4964-877a-752e5a648f89,Health and Wellness,Health and Wellness
DON2021,0a0cb07a-d4ca-4373-bbb7-0257c91256b7,Environment,Environment
DON2022,0a0cb07a-d4ca-4373-bbb7-0257c91256b7,Health and Wellness,Health and Wellness
DON2023,abe5a81e-e944-4ad4-967a-d64a9d12569a,Travel,Travel
DON2024,abe5a81e-e944-4ad4-967a-d64a9d12569a,Food and Cooking,Food and Cooking
DON2025,abe5a81e-e944-4ad4-967a-d64a9d12569a,Finance,Finance
DON2026,ab24b02d-8478-4f97-b20d-ee67ac5a8785,Food and Cooking,Food and Cooking
DON2027,ab24b02d-8478-4f97-b20d-ee67ac5a8785,Technology,Technology
DON2028,e97f396b-9127-4361-8c69-048559898905,Technology,Technology
DON2029,003f2589-a4f9-46a2-95c7-6b4d4c94def0,Food and Cooking,Food and Cooking
DON2030,003f2589-a4f9-46a2-95c7-6b4d4c94def0,Education,Education
DON2031,003f2589-a4f9-46a2-95c7-6b4d4c94def0,Yoga and Pilates,Yoga and Pilates
DON2032,73418cba-a1e4-4a32-93bc-5ab5277fd2d0,Health and Wellness,Health and Wellness
DON2033,96ff3df9-a5ad-49eb-8896-d1b05839e003,Arts and Culture,Arts and Culture
DON2034,def0ce14-fd23-4619-a7fb-a812c6acf0a6,Travel,Travel
DON2035,def0ce14-fd23-4619-a7fb-a812c6acf0a6,Food and Cooking,Food and Cooking
DON2036,8ae6a9fa-e228-438a-a9a4-71a88f0e3be8,Environment,Environment
DON2037,8ae6a9fa-e228-438a-a9a4-71a88f0e3be8,Finance,Finance
DON2038,8ae6a9fa-e228-438a-a9a4-71a88f0e3be8,Yoga and Pilates,Yoga and Pilates
DON2039,359385c5-1275-40ae-b6d7-235627f427fa,Travel,Travel
DON2040,42966980-df8d-4307-ab8f-da9e98475da2,Technology,Technology
DON2041,42966980-df8d-4307-ab8f-da9e98475da2,Finance,Finance
DON2042,1d6dc114-aa3e-4bb8-971d-4bc5b707aab1,Travel,Travel
DON2043,1d6dc114-aa3e-4bb8-971d-4bc5b707aab1,Environment,Environment
DON2044,1d6dc114-aa3e-4bb8-971d-4bc5b707aab1,Health and Wellness,Health and Wellness
DON2045,1dd6e3e0-9e2e-4a63-a078-79128f542fb9,Education,Education
DON2046,1dd6e3e0-9e2e-4a63-a078-79128f542fb9,Environment,Environment
DON2047,c7f7ac71-39c5-4a63-a5bb-4cf291dd8175,Environment,Environment
DON2048,c7f7ac71-39c5-4a63-a5bb-4cf291dd8175,Technology,Technology
DON2049,c7f7ac71-39c5-4a63-a5bb-4cf291dd8175,Education,Education
DON2050,8a13cbd9-3491-4aef-a147-32a358b9ce35,Travel,Travel
DON2051,8a13cbd9-3491-4aef-a147-32a358b9ce35,Education,Education
DON2052,8a13cbd9-3491-4aef-a147-32a358b9ce35,Yoga and Pilates,Yoga and Pilates
DON2053,b18e3630-6e21-40e5-88a7-a96056da8351,Health and Wellness,Health and Wellness
DON2054,b18e3630-6e21-40e5-88a7-a96056da8351,Education,Education
DON2055,b18e3630-6e21-40e5-88a7-a96056da8351,Sports and Fitness,Sports and Fitness
DON2056,db3270f0-c1b9-4ef5-9936-6bbecb3ab011,Education,Education
DON2057,db3270f0-c1b9-4ef5-9936-6bbecb3ab011,Yoga and Pilates,Yoga and Pilates
DON2058,db3270f0-c1b9-4ef5-9936-6bbecb3ab011,Finance,Finance
DON2059,487187c0-a37b-4af6-9091-50a6de92aebc,Arts and Culture,Arts and Culture
DON2060,487187c0-a37b-4af6-9091-50a6de92aebc,Environment,Environment
DON2061,7ffd7fb6-6518-4254-ad25-1f1ac31b0c44,Finance,Finance
DON2062,7ffd7fb6-6518-4254-ad25-1f1ac31b0c44,Arts and Culture,Arts and Culture
DON2063,3480d45a-50f7-41ad-92e3-77ad7a2af954,Yoga and Pilates,Yoga and Pilates
DON2064,7d722840-3bc7-4dfa-9c9e-d94421c91759,Finance,Finance
DON2065,ea2c47dd-fd22-43ad-b3ea-7a74ea8d572c,Technology,Technology
DON2066,ea2c47dd-fd22-43ad-b3ea-7a74ea8d572c,Sports and Fitness,Sports and Fitness
DON2067,ea2c47dd-fd22-43ad-b3ea-7a74ea8d572c,Yoga and Pilates,Yoga and Pilates
DON2068,e15a5964-49a1-47fe-b475-e578b45ca8b8,Travel,Travel
DON2069,e15a5964-49a1-47fe-b475-e578b45ca8b8,Arts and Culture,Arts and Culture
DON2070,e15a5964-49a1-47fe-b475-e578b45ca8b8,Environment,Environment
DON2071,775b4176-0d05-4197-bf7b-8877f781d1c4,Food and Cooking,Food and Cooking
DON2072,75dbdb13-94ad-4e7f-be96-fe0d371c6147,Yoga and Pilates,Yoga and Pilates
DON2073,75dbdb13-94ad-4e7f-be96-fe0d371c6147,Sports and Fitness,Sports and Fitness
DON2074,1a1fe60b-73ba-4d78-b4ba-5e354d04f99f,Travel,Travel
DON2075,1a1fe60b-73ba-4d78-b4ba-5e354d04f99f,Education,Education
DON2076,7efdc85f-c141-475a-a089-92beb6fb8583,Technology,Technology
DON2077,5028217a-29e8-4507-a2c1-75a0c85ffffd,Sports and Fitness,Sports and Fitness
DON2078,04611f8a-9b12-49cc-82ed-1d2aa5922c6b,Yoga and Pilates,Yoga and Pilates
DON2079,7250a695-5b06-4108-b3bc-26b976cb1cd0,Food and Cooking,Food and Cooking
DON2080,b1ca36e2-d2ce-40ed-83d3-178b003fba43,Finance,Finance
DON2081,b1ca36e2-d2ce-40ed-83d3-178b003fba43,Education,Education
DON2082,b1ca36e2-d2ce-40ed-83d3-178b003fba43,Food and Cooking,Food and Cooking
DON2083,bf64d035-32b6-4c42-b1b5-482f392c61c2,Yoga and Pilates,Yoga and Pilates
DON2084,d0b7ce98-436e-469d-97ee-b53761a805fb,Yoga and Pilates,Yoga and Pilates
DON2085,d0b7ce98-436e-469d-97ee-b53761a805fb,Environment,Environment
DON2086,3de99524-d406-43ba-8d56-e6cb96192c68,Finance,Finance
DON2087,38a0478f-1ec1-448a-ba99-7befc48d5b1a,Travel,Travel
DON2088,38a0478f-1ec1-448a-ba99-7befc48d5b1a,Health and Wellness,Health and Wellness
DON2089,f00c2dc0-9ef9-4349-9d9b-53f73acc4354,Environment,Environment
DON2090,f00c2dc0-9ef9-4349-9d9b-53f73acc4354,Yoga and Pilates,Yoga and Pilates
DON2091,f00c2dc0-9ef9-4349-9d9b-53f73acc4354,Travel,Travel
DON2092,2edf5e1e-e747-4572-b4fc-54f3251ab11c,Finance,Finance
DON2093,2edf5e1e-e747-4572-b4fc-54f3251ab11c,Education,Education
DON2094,8fa66ec7-eb19-43a6-acbf-f3e3132d8c9f,Travel,Travel
DON2095,6f8460af-a2ef-4866-9f03-4ef3ca686fa8,Yoga and Pilates,Yoga and Pilates
DON2096,f0d26494-628a-414a-b66a-d477909e817d,Arts and Culture,Arts and Culture
DON2097,13c86107-f28b-492e-a7e6-8f51eb7b1af0,Sports and Fitness,Sports and Fitness
DON2098,13c86107-f28b-492e-a7e6-8f51eb7b1af0,Finance,Finance
DON2099,4ac5b1c9-312b-47a3-a18c-d9454b0a4771,Arts and Culture,Arts and Culture
DON2100,4ac5b1c9-312b-47a3-a18c-d9454b0a4771,Environment,Environment
DON2101,4ac5b1c9-312b-47a3-a18c-d9454b0a4771,Technology,Technology
DON2102,71bdf00d-fd37-496c-b8d8-ae1f3d3957c6,Environment,Environment
DON2103,f16aaba2-b572-4b73-ab7c-c286140fc30e,Health and Wellness,Health and Wellness
DON2104,f16aaba2-b572-4b73-ab7c-c286140fc30e,Yoga and Pilates,Yoga and Pilates
DON2105,f16aaba2-b572-4b73-ab7c-c286140fc30e,Arts and Culture,Arts and Culture
DON2106,487a6277-0b7b-4daa-94d6-81290d98aa9e,Food and Cooking,Food and Cooking
DON2107,487a6277-0b7b-4daa-94d6-81290d98aa9e,Travel,Travel
DON2108,86c81baa-6b22-41a5-89ce-b3bc88cadc3a,Finance,Finance
DON2109,86c81baa-6b22-41a5-89ce-b3bc88cadc3a,Food and Cooking,Food and Cooking
DON2110,9d5b01a0-3bb2-4498-911b-5510f3df0791,Travel,Travel
DON2111,9d5b01a0-3bb2-4498-911b-5510f3df0791,Health and Wellness,Health and Wellness
DON2112,1dea5d78-4f1d-463c-8e0f-876b7e6e27f4,Travel,Travel
DON2113,b85fc626-3070-42c2-910b-b39adf4862d6,Food and Cooking,Food and Cooking
DON2114,ac77b891-31fd-4b6a-b7bb-02633c8fcd38,Food and Cooking,Food and Cooking
DON2115,1c8024f2-00bf-433d-98cc-8d2b0c86086c,Health and Wellness,Health and Wellness
DON2116,5fa388b8-c598-4dbd-9f79-ca9988ad9921,Education,Education
DON2117,585a46ce-e65d-495c-9d90-346aecc7f383,Travel,Travel
DON2118,585a46ce-e65d-495c-9d90-346aecc7f383,Health and Wellness,Health and Wellness
DON2119,05694dea-6924-4a28-91f4-df926c675394,Arts and Culture,Arts and Culture
DON2120,05694dea-6924-4a28-91f4-df926c675394,Technology,Technology
DON2121,ce2611de-176d-435f-ad1e-d49917bd1f9e,Education,Education
DON2122,ce2611de-176d-435f-ad1e-d49917bd1f9e,Travel,Travel
DON2123,ce2611de-176d-435f-ad1e-d49917bd1f9e,Environment,Environment
DON2124,df78be48-5570-401f-84fb-e4870c7b7cb3,Food and Cooking,Food and Cooking
DON2125,df78be48-5570-401f-84fb-e4870c7b7cb3,Environment,Environment
DON2126,df78be48-5570-401f-84fb-e4870c7b7cb3,Sports and Fitness,Sports and Fitness
DON2127,65497f51-5ae7-404a-aac4-66c80d8a856e,Sports and Fitness,Sports and Fitness
DON2128,65497f51-5ae7-404a-aac4-66c80d8a856e,Travel,Travel
DON2129,65497f51-5ae7-404a-aac4-66c80d8a856e,Environment,Environment
DON2130,06a9a0d9-7fb9-4eff-b662-e86a15da6010,Sports and Fitness,Sports and Fitness
DON2131,06a9a0d9-7fb9-4eff-b662-e86a15da6010,Food and Cooking,Food and Cooking
DON2132,06a9a0d9-7fb9-4eff-b662-e86a15da6010,Arts and Culture,Arts and Culture
DON2133,7f8ca18e-7259-4efa-846f-6a7699855d9f,Arts and Culture,Arts and Culture
DON2134,7f8ca18e-7259-4efa-846f-6a7699855d9f,Travel,Travel
DON2135,50815ce3-784d-41aa-b4ec-23e17dac0db3,Technology,Technology
DON2136,50815ce3-784d-41aa-b4ec-23e17dac0db3,Food and Cooking,Food and Cooking
DON2137,50815ce3-784d-41aa-b4ec-23e17dac0db3,Sports and Fitness,Sports and Fitness
DON2138,82dde5c0-4474-4db8-8362-cb05b724d586,Travel,Travel
DON2139,82dde5c0-4474-4db8-8362-cb05b724d586,Education,Education
DON2140,e45141bc-f547-4d10-b3b4-564f5f9b6fc5,Food and Cooking,Food and Cooking
DON2141,e45141bc-f547-4d10-b3b4-564f5f9b6fc5,Arts and Culture,Arts and Culture
DON2142,e45141bc-f547-4d10-b3b4-564f5f9b6fc5,Health and Wellness,Health and Wellness
DON2143,b9f47a91-607e-4e68-8c81-2c514611cc98,Yoga and Pilates,Yoga and Pilates
DON2144,bfa7526a-3708-4bee-8448-717a32060542,Travel,Travel
DON2145,bfa7526a-3708-4bee-8448-717a32060542,Education,Education
DON2146,bfa7526a-3708-4bee-8448-717a32060542,Yoga and Pilates,Yoga and Pilates
DON2147,37c97390-5eaa-4ca4-954a-7363fc64ba0a,Food and Cooking,Food and Cooking
DON2148,37c97390-5eaa-4ca4-954a-7363fc64ba0a,Environment,Environment
DON2149,82634d94-5bfe-44e2-8165-3f2986faa378,Technology,Technology
DON2150,82634d94-5bfe-44e2-8165-3f2986faa378,Yoga and Pilates,Yoga and Pilates
DON2151,82634d94-5bfe-44e2-8165-3f2986faa378,Education,Education
DON2152,65d67209-ad56-454f-a954-08c142336756,Health and Wellness,Health and Wellness
DON2153,65d67209-ad56-454f-a954-08c142336756,Sports and Fitness,Sports and Fitness
DON2154,09b7f5ed-8d45-49c5-a8ef-2fca7dd83726,Arts and Culture,Arts and Culture
DON2155,09b7f5ed-8d45-49c5-a8ef-2fca7dd83726,Yoga and Pilates,Yoga and Pilates
DON2156,8be2c4bf-18f3-4272-b96e-a095ff4a832f,Food and Cooking,Food and Cooking
DON2157,8be2c4bf-18f3-4272-b96e-a095ff4a832f,Health and Wellness,Health and Wellness
DON2158,8be2c4bf-18f3-4272-b96e-a095ff4a832f,Finance,Finance
DON2159,1250d9ec-acd5-4bbc-ac17-b3b9515d3153,Travel,Travel
DON2160,1250d9ec-acd5-4bbc-ac17-b3b9515d3153,Technology,Technology
DON2161,defa7c3d-b4ba-43a1-8a14-44648e545d28,Technology,Technology
DON2162,defa7c3d-b4ba-43a1-8a14-44648e545d28,Education,Education
DON2163,d9ad7744-7153-431e-9acd-8f0bd225a8a3,Technology,Technology
DON2164,d9ad7744-7153-431e-9acd-8f0bd225a8a3,Travel,Travel
DON2165,d9ad7744-7153-431e-9acd-8f0bd225a8a3,Arts and Culture,Arts and Culture
DON2166,285f4bc8-5d8d-4099-8585-1628168bcb2b,Yoga and Pilates,Yoga and Pilates
DON2167,285f4bc8-5d8d-4099-8585-1628168bcb2b,Travel,Travel
DON2168,fa991a91-9aff-4279-bb1a-e07a6786a34e,Health and Wellness,Health and Wellness
DON2169,0f8a9061-7ca7-4560-9c51-dd128662fb79,Finance,Finance
DON2170,27849dd6-404c-4e12-b350-d1f3c378b1ed,Finance,Finance
DON2171,27849dd6-404c-4e12-b350-d1f3c378b1ed,Health and Wellness,Health and Wellness
DON2172,9bcbecff-da59-4d4a-aed0-2551261ad52d,Yoga and Pilates,Yoga and Pilates
DON2173,9bcbecff-da59-4d4a-aed0-2551261ad52d,Health and Wellness,Health and Wellness
DON2174,9bcbecff-da59-4d4a-aed0-2551261ad52d,Arts and Culture,Arts and Culture
DON2175,6b87e395-e31a-420c-ae47-c3704097d44c,Arts and Culture,Arts and Culture
DON2176,69a4640a-57de-41d9-8b37-df316b759866,Yoga and Pilates,Yoga and Pilates
DON2177,69a4640a-57de-41d9-8b37-df316b759866,Food and Cooking,Food and Cooking
DON2178,ff5c368c-3313-4554-b8ec-49d4df9e23fe,Arts and Culture,Arts and Culture
DON2179,7098a75a-65ee-4d91-9390-79330d05b435,Sports and Fitness,Sports and Fitness
DON2180,7098a75a-65ee-4d91-9390-79330d05b435,Arts and Culture,Arts and Culture
DON2181,7098a75a-65ee-4d91-9390-79330d05b435,Food and Cooking,Food and Cooking
DON2182,690c993a-a48a-4e4a-88b1-f7b2e0f0685d,Sports and Fitness,Sports and Fitness
DON2183,690c993a-a48a-4e4a-88b1-f7b2e0f0685d,Technology,Technology
DON2184,40fa164a-b3bb-4013-b60a-3d4f660f3c2e,Finance,Finance
DON2185,af4ba997-f3ee-45ff-8630-0e1dd5b37225,Sports and Fitness,Sports and Fitness
DON2186,0e355b97-ae24-4690-a920-4de25295d056,Sports and Fitness,Sports and Fitness
DON2187,58da58e6-73bb-4453-908d-5394e1b2744d,Health and Wellness,Health and Wellness
DON2188,58da58e6-73bb-4453-908d-5394e1b2744d,Arts and Culture,Arts and Culture
DON2189,58da58e6-73bb-4453-908d-5394e1b2744d,Sports and Fitness,Sports and Fitness
DON2190,4bc84e56-67bb-4e1a-b8d8-0675b8f28885,Food and Cooking,Food and Cooking
DON2191,911c8d7e-a9a4-422d-9447-84abc8205b10,Education,Education
DON2192,911c8d7e-a9a4-422d-9447-84abc8205b10,Environment,Environment
DON2193,911c8d7e-a9a4-422d-9447-84abc8205b10,Finance,Finance
DON2194,9bff372b-e195-4eb8-849d-973ce04b360b,Health and Wellness,Health and Wellness
DON2195,9bff372b-e195-4eb8-849d-973ce04b360b,Yoga and Pilates,Yoga and Pilates
DON2196,9bff372b-e195-4eb8-849d-973ce04b360b,Education,Education
DON2197,348ac855-404d-4a22-a4c1-2e11510b6be2,Technology,Technology
DON2198,348ac855-404d-4a22-a4c1-2e11510b6be2,Food and Cooking,Food and Cooking
DON2199,348ac855-404d-4a22-a4c1-2e11510b6be2,Education,Education
DON2200,484a8324-cc00-462f-9449-a77b1c550cdd,Finance,Finance
DON2201,484a8324-cc00-462f-9449-a77b1c550cdd,Technology,Technology
DON2202,484a8324-cc00-462f-9449-a77b1c550cdd,Yoga and Pilates,Yoga and Pilates
DON2203,83e31d50-fe55-4176-b19f-c3d5dd88df34,Arts and Culture,Arts and Culture
DON2204,83e31d50-fe55-4176-b19f-c3d5dd88df34,Sports and Fitness,Sports and Fitness
DON2205,83e31d50-fe55-4176-b19f-c3d5dd88df34,Finance,Finance
DON2206,734b95e4-4a45-4c7b-a035-9e2661681349,Education,Education
DON2207,a16f31a0-3daf-4820-88aa-629b970ba3e1,Food and Cooking,Food and Cooking
DON2208,083a3223-26f0-4d09-a6e2-6fa7230f8229,Education,Education
DON2209,083a3223-26f0-4d09-a6e2-6fa7230f8229,Sports and Fitness,Sports and Fitness
DON2210,083a3223-26f0-4d09-a6e2-6fa7230f8229,Health and Wellness,Health and Wellness
DON2211,9eb6e1f1-23ff-4388-b0d1-06a11fd2ecbe,Technology,Technology
DON2212,9eb6e1f1-23ff-4388-b0d1-06a11fd2ecbe,Finance,Finance
DON2213,9eb6e1f1-23ff-4388-b0d1-06a11fd2ecbe,Environment,Environment
DON2214,6ce899ae-f18d-4093-a490-839809945efc,Yoga and Pilates,Yoga and Pilates
DON2215,6ce899ae-f18d-4093-a490-839809945efc,Health and Wellness,Health and Wellness
DON2216,2e2888c0-6deb-4813-8ccc-aed1a51093bc,Sports and Fitness,Sports and Fitness
DON2217,994b9bfd-e0e0-417d-8a82-5c2164225418,Education,Education
DON2218,994b9bfd-e0e0-417d-8a82-5c2164225418,Yoga and Pilates,Yoga and Pilates
DON2219,994b9bfd-e0e0-417d-8a82-5c2164225418,Technology,Technology
DON2220,33f09e8d-cb8f-48a4-a54d-35d75d033805,Sports and Fitness,Sports and Fitness
DON2221,33f09e8d-cb8f-48a4-a54d-35d75d033805,Travel,Travel
DON2222,33f09e8d-cb8f-48a4-a54d-35d75d033805,Finance,Finance
DON2223,7eb08b9c-ae93-45bb-b58c-79bf428192b9,Travel,Travel
DON2224,6e527557-f094-473a-bc16-de58dbaaae0f,Arts and Culture,Arts and Culture
DON2225,6e527557-f094-473a-bc16-de58dbaaae0f,Health and Wellness,Health and Wellness
DON2226,6e527557-f094-473a-bc16-de58dbaaae0f,Travel,Travel
DON2227,20111dcd-06a9-4601-8f9c-58e980980cff,Health and Wellness,Health and Wellness
DON2228,2bf1cb74-f091-406a-8621-0b0a3696e8ef,Sports and Fitness,Sports and Fitness
DON2229,16be0ff4-a6de-4cee-9a92-9b0142171459,Health and Wellness,Health and Wellness
DON2230,16be0ff4-a6de-4cee-9a92-9b0142171459,Yoga and Pilates,Yoga and Pilates
DON2231,16be0ff4-a6de-4cee-9a92-9b0142171459,Arts and Culture,Arts and Culture
DON2232,5c0d8e45-d2d1-4faa-808f-f700173441bb,Health and Wellness,Health and Wellness
DON2233,5c0d8e45-d2d1-4faa-808f-f700173441bb,Environment,Environment
DON2234,5c0d8e45-d2d1-4faa-808f-f700173441bb,Yoga and Pilates,Yoga and Pilates
DON2235,4c4f6ed1-8ca5-4537-bc55-a8c478fe7186,Food and Cooking,Food and Cooking
DON2236,52a0a79f-8498-49e5-acf2-45993e073967,Environment,Environment
DON2237,52a0a79f-8498-49e5-acf2-45993e073967,Health and Wellness,Health and Wellness
DON2238,52a0a79f-8498-49e5-acf2-45993e073967,Arts and Culture,Arts and Culture
DON2239,631ffd49-4998-4906-9037-709b6e9cd8cc,Arts and Culture,Arts and Culture
DON2240,aa2af715-cd2b-41e5-b1f3-ce38181fbe28,Sports and Fitness,Sports and Fitness
DON2241,aa2af715-cd2b-41e5-b1f3-ce38181fbe28,Yoga and Pilates,Yoga and Pilates
DON2242,aa2af715-cd2b-41e5-b1f3-ce38181fbe28,Environment,Environment
DON2243,2ba8e372-84dc-42b0-800c-ad81df6b663c,Technology,Technology
DON2244,2ba8e372-84dc-42b0-800c-ad81df6b663c,Food and Cooking,Food and Cooking
DON2245,2ba8e372-84dc-42b0-800c-ad81df6b663c,Education,Education
DON2246,e9f23f2d-f14f-427b-b406-f089364814eb,Food and Cooking,Food and Cooking
DON2247,e9f23f2d-f14f-427b-b406-f089364814eb,Arts and Culture,Arts and Culture
DON2248,e9f23f2d-f14f-427b-b406-f089364814eb,Environment,Environment
DON2249,19fc9b1a-c94f-4845-84ac-bdeba5d1f64c,Food and Cooking,Food and Cooking
DON2250,19fc9b1a-c94f-4845-84ac-bdeba5d1f64c,Finance,Finance
DON2251,19fc9b1a-c94f-4845-84ac-bdeba5d1f64c,Sports and Fitness,Sports and Fitness
DON2252,3a488a09-b490-4211-947e-36fdbfbbf445,Education,Education
DON2253,3a488a09-b490-4211-947e-36fdbfbbf445,Finance,Finance
DON2254,3a488a09-b490-4211-947e-36fdbfbbf445,Travel,Travel
DON2255,a4b9d7b3-d5f7-404e-99dc-cd43ffd0d6a3,Arts and Culture,Arts and Culture
DON2256,a4b9d7b3-d5f7-404e-99dc-cd43ffd0d6a3,Food and Cooking,Food and Cooking
DON2257,a4b9d7b3-d5f7-404e-99dc-cd43ffd0d6a3,Education,Education
DON2258,a58a30a8-1efe-4680-8f4c-6c23e70c6c84,Travel,Travel
DON2259,7018ae69-8e63-4eb7-800c-80d08ade8992,Health and Wellness,Health and Wellness
DON2260,7018ae69-8e63-4eb7-800c-80d08ade8992,Yoga and Pilates,Yoga and Pilates
DON2261,9a8ac813-1439-48b6-b482-b6ca26924cd2,Finance,Finance
DON2262,9a8ac813-1439-48b6-b482-b6ca26924cd2,Health and Wellness,Health and Wellness
DON2263,a2c20682-5db0-46d1-a5a3-84b529b060d9,Environment,Environment
DON2264,d4ff06f0-0166-4967-9c7a-151f3dcf6af0,Finance,Finance
DON2265,d4ff06f0-0166-4967-9c7a-151f3dcf6af0,Yoga and Pilates,Yoga and Pilates
DON2266,d4ff06f0-0166-4967-9c7a-151f3dcf6af0,Technology,Technology
DON2267,fe9ed273-7840-455e-97eb-255bf4477be2,Travel,Travel
DON2268,fe9ed273-7840-455e-97eb-255bf4477be2,Arts and Culture,Arts and Culture
DON2269,fe9ed273-7840-455e-97eb-255bf4477be2,Education,Education
DON2270,97ed1be4-beec-46f1-8d6c-f7e0de106adc,Yoga and Pilates,Yoga and Pilates
DON2271,97ed1be4-beec-46f1-8d6c-f7e0de106adc,Education,Education
DON2272,7c1d91b5-3812-428f-8a20-9f558089cee8,Yoga and Pilates,Yoga and Pilates
DON2273,7c1d91b5-3812-428f-8a20-9f558089cee8,Arts and Culture,Arts and Culture
DON2274,aa0536f8-ec22-43cd-8b41-a0af7604e757,Education,Education
DON2275,992ea990-d9ab-4e54-8b55-b5c42940562a,Health and Wellness,Health and Wellness
DON2276,992ea990-d9ab-4e54-8b55-b5c42940562a,Environment,Environment
DON2277,992ea990-d9ab-4e54-8b55-b5c42940562a,Education,Education
DON2278,04f1d118-be94-4588-887d-8ebcced3c8b0,Health and Wellness,Health and Wellness
DON2279,04f1d118-be94-4588-887d-8ebcced3c8b0,Environment,Environment
DON2280,04f1d118-be94-4588-887d-8ebcced3c8b0,Finance,Finance
DON2281,9ea77bce-d88d-4692-8cd8-de128990d7bc,Arts and Culture,Arts and Culture
DON2282,d85c9314-5fe6-41f7-9fbd-cf1d743646e3,Food and Cooking,Food and Cooking
DON2283,d85c9314-5fe6-41f7-9fbd-cf1d743646e3,Education,Education
DON2284,d85c9314-5fe6-41f7-9fbd-cf1d743646e3,Arts and Culture,Arts and Culture
DON2285,5c509ea0-42d9-4f64-bf90-33d0ac69ffe0,Arts and Culture,Arts and Culture
DON2286,5c509ea0-42d9-4f64-bf90-33d0ac69ffe0,Education,Education
DON2287,5c509ea0-42d9-4f64-bf90-33d0ac69ffe0,Health and Wellness,Health and Wellness
DON2288,7778a816-116d-49de-a2c2-6a1c339a3a20,Finance,Finance
DON2289,0eeb6845-c72d-4eb7-96d2-19f2cd1ea727,Yoga and Pilates,Yoga and Pilates
DON2290,0eeb6845-c72d-4eb7-96d2-19f2cd1ea727,Finance,Finance
DON2291,273725fa-3258-406e-947e-82d46f6722a6,Environment,Environment
DON2292,273725fa-3258-406e-947e-82d46f6722a6,Finance,Finance
DON2293,273725fa-3258-406e-947e-82d46f6722a6,Technology,Technology
DON2294,a07d6b3c-f359-4047-a847-2e4622ddeb3b,Technology,Technology
DON2295,c21a7b9e-a352-43a5-93fa-a3a78e8439ca,Yoga and Pilates,Yoga and Pilates
DON2296,c21a7b9e-a352-43a5-93fa-a3a78e8439ca,Travel,Travel
DON2297,4be94a88-0919-4094-8903-ff0bd3b03a52,Food and Cooking,Food and Cooking
DON2298,cebe3535-a9d5-43a8-b176-454bfd2c2378,Education,Education
DON2299,cebe3535-a9d5-43a8-b176-454bfd2c2378,Yoga and Pilates,Yoga and Pilates
DON2300,cebe3535-a9d5-43a8-b176-454bfd2c2378,Finance,Finance
DON2301,f6bd5767-9919-4d1a-aa97-59d4f0df1b7f,Yoga and Pilates,Yoga and Pilates
DON2302,00342e6f-d342-46b3-a499-6a66bf66a825,Education,Education
DON2303,00342e6f-d342-46b3-a499-6a66bf66a825,Arts and Culture,Arts and Culture
DON2304,00342e6f-d342-46b3-a499-6a66bf66a825,Environment,Environment
DON2305,d18f4981-539f-4554-8099-04c5322189c8,Travel,Travel
DON2306,d18f4981-539f-4554-8099-04c5322189c8,Finance,Finance
DON2307,d18f4981-539f-4554-8099-04c5322189c8,Education,Education
DON2308,69e15f28-5aa5-4cef-a3a6-6320e66c36d3,Sports and Fitness,Sports and Fitness
DON2309,69e15f28-5aa5-4cef-a3a6-6320e66c36d3,Arts and Culture,Arts and Culture
DON2310,1d0a8e82-7c81-464f-bbcf-3e9253515ce1,Health and Wellness,Health and Wellness
DON2311,1d0a8e82-7c81-464f-bbcf-3e9253515ce1,Travel,Travel
DON2312,1d0a8e82-7c81-464f-bbcf-3e9253515ce1,Yoga and Pilates,Yoga and Pilates
DON2313,802711d6-a6c2-44d9-b6f4-6b95e7244275,Technology,Technology
DON2314,2784b996-6bcc-456b-8c89-6cecbdc7d644,Finance,Finance
DON2315,2784b996-6bcc-456b-8c89-6cecbdc7d644,Environment,Environment
DON2316,2784b996-6bcc-456b-8c89-6cecbdc7d644,Sports and Fitness,Sports and Fitness
DON2317,46685c8e-37b2-43b5-9c7f-bf3a20d74059,Sports and Fitness,Sports and Fitness
DON2318,46685c8e-37b2-43b5-9c7f-bf3a20d74059,Finance,Finance
DON2319,db463ee4-b094-462e-8016-fc9dc702e431,Food and Cooking,Food and Cooking
DON2320,db463ee4-b094-462e-8016-fc9dc702e431,Environment,Environment
DON2321,db463ee4-b094-462e-8016-fc9dc702e431,Arts and Culture,Arts and Culture
DON2322,166a20b2-9513-4987-800e-0e1bb2f01afe,Arts and Culture,Arts and Culture
DON2323,166a20b2-9513-4987-800e-0e1bb2f01afe,Environment,Environment
DON2324,9efeae45-7b4d-4b96-a65f-6400535f14e9,Environment,Environment
DON2325,9efeae45-7b4d-4b96-a65f-6400535f14e9,Arts and Culture,Arts and Culture
DON2326,5c374e18-ef18-4cd4-9c28-8e632e4387e4,Food and Cooking,Food and Cooking
DON2327,5c374e18-ef18-4cd4-9c28-8e632e4387e4,Technology,Technology
DON2328,ac1c32d5-973d-4317-bd70-3c586bcbcf45,Finance,Finance
DON2329,e25456c7-2730-42f6-9301-4cb088dd5f14,Arts and Culture,Arts and Culture
DON2330,c67313bc-e259-45d3-b4f3-fc4b5124940a,Education,Education
DON2331,c67313bc-e259-45d3-b4f3-fc4b5124940a,Finance,Finance
DON2332,993fa8fa-65f5-432b-bce9-6bc31029db3f,Travel,Travel
DON2333,993fa8fa-65f5-432b-bce9-6bc31029db3f,Food and Cooking,Food and Cooking
DON2334,993fa8fa-65f5-432b-bce9-6bc31029db3f,Technology,Technology
DON2335,add10283-7353-4256-8a5c-f3e1d774dc27,Finance,Finance
DON2336,9c940b75-a206-4760-9edc-73b7b9c740c8,Health and Wellness,Health and Wellness
DON2337,9c940b75-a206-4760-9edc-73b7b9c740c8,Environment,Environment
DON2338,29e095c2-4d89-4e82-9da2-0dd9e59ff350,Finance,Finance
DON2339,29e095c2-4d89-4e82-9da2-0dd9e59ff350,Yoga and Pilates,Yoga and Pilates
DON2340,78aeb1d7-ec3f-4a57-9271-1c8542633c39,Finance,Finance
DON2341,78aeb1d7-ec3f-4a57-9271-1c8542633c39,Arts and Culture,Arts and Culture
DON2342,11cac1d0-1a0b-4707-8cad-b87dd6797036,Health and Wellness,Health and Wellness
DON2343,11cac1d0-1a0b-4707-8cad-b87dd6797036,Travel,Travel
DON2344,11cac1d0-1a0b-4707-8cad-b87dd6797036,Technology,Technology
DON2345,9ec9a28e-55a0-4bb3-8707-ffd87ee36cb6,Environment,Environment
DON2346,0e098c58-6555-4558-90e4-02020467d4a4,Technology,Technology
DON2347,0e098c58-6555-4558-90e4-02020467d4a4,Sports and Fitness,Sports and Fitness
DON2348,0e098c58-6555-4558-90e4-02020467d4a4,Travel,Travel
DON2349,f21791c5-4c8b-44d9-832a-ae79348cf247,Education,Education
DON2350,f21791c5-4c8b-44d9-832a-ae79348cf247,Food and Cooking,Food and Cooking
DON2351,a80e3e63-13e0-4304-b94a-193758921ea5,Health and Wellness,Health and Wellness
DON2352,a80e3e63-13e0-4304-b94a-193758921ea5,Sports and Fitness,Sports and Fitness
DON2353,a80e3e63-13e0-4304-b94a-193758921ea5,Education,Education
DON2354,ff29048a-885e-4ec4-9955-c5e95a537d49,Technology,Technology
DON2355,ff29048a-885e-4ec4-9955-c5e95a537d49,Education,Education
DON2356,ff29048a-885e-4ec4-9955-c5e95a537d49,Environment,Environment
DON2357,b583f2d7-8afe-4d28-91a1-b82b50c46210,Environment,Environment
DON2358,b583f2d7-8afe-4d28-91a1-b82b50c46210,Food and Cooking,Food and Cooking
DON2359,b583f2d7-8afe-4d28-91a1-b82b50c46210,Travel,Travel
DON2360,c9f74c8b-91e5-4d3d-bd7c-b9d2f9879a8f,Travel,Travel
DON2361,dacf9ccc-936f-4a37-9d09-b2076e4c0ac7,Finance,Finance
DON2362,dacf9ccc-936f-4a37-9d09-b2076e4c0ac7,Education,Education
DON2363,dacf9ccc-936f-4a37-9d09-b2076e4c0ac7,Arts and Culture,Arts and Culture
DON2364,16b0f428-79b0-4f7c-8d5b-51a9d4b03e7c,Health and Wellness,Health and Wellness
DON2365,16b0f428-79b0-4f7c-8d5b-51a9d4b03e7c,Sports and Fitness,Sports and Fitness
DON2366,0c91a938-2cff-465b-8b41-d91028a89d9f,Arts and Culture,Arts and Culture
DON2367,0c91a938-2cff-465b-8b41-d91028a89d9f,Technology,Technology
DON2368,df3abd3f-0d3e-4d52-9768-72b8283640ac,Yoga and Pilates,Yoga and Pilates
DON2369,df3abd3f-0d3e-4d52-9768-72b8283640ac,Education,Education
DON2370,df3abd3f-0d3e-4d52-9768-72b8283640ac,Health and Wellness,Health and Wellness
DON2371,f48ee990-e766-4a8b-86a8-b8a137637565,Yoga and Pilates,Yoga and Pilates
DON2372,f48ee990-e766-4a8b-86a8-b8a137637565,Sports and Fitness,Sports and Fitness
DON2373,248f6175-009e-499b-b076-4497da260d1e,Technology,Technology
DON2374,9ff82d13-58e6-409e-be64-dc4ef7e07e9b,Technology,Technology
DON2375,9ff82d13-58e6-409e-be64-dc4ef7e07e9b,Finance,Finance
DON2376,9ff82d13-58e6-409e-be64-dc4ef7e07e9b,Arts and Culture,Arts and Culture
DON2377,88e90d6b-cd34-4333-888b-d07f3f3c4c1b,Sports and Fitness,Sports and Fitness
DON2378,88e90d6b-cd34-4333-888b-d07f3f3c4c1b,Education,Education
DON2379,88e90d6b-cd34-4333-888b-d07f3f3c4c1b,Finance,Finance
DON2380,4722a340-9826-456a-afd2-26e56567ae93,Sports and Fitness,Sports and Fitness
DON2381,4722a340-9826-456a-afd2-26e56567ae93,Yoga and Pilates,Yoga and Pilates
DON2382,4722a340-9826-456a-afd2-26e56567ae93,Travel,Travel
DON2383,00b7f706-a2e6-4110-9e2a-8470d3892dba,Travel,Travel
DON2384,00b7f706-a2e6-4110-9e2a-8470d3892dba,Yoga and Pilates,Yoga and Pilates
DON2385,79684b7e-8b4a-425d-b042-96927d75a677,Education,Education
DON2386,79684b7e-8b4a-425d-b042-96927d75a677,Food and Cooking,Food and Cooking
DON2387,79684b7e-8b4a-425d-b042-96927d75a677,Technology,Technology
DON2388,26c48a91-0c2f-4c17-8fe1-95c7e5dd6f13,Finance,Finance
DON2389,345634e8-4392-4d17-a822-546c79d9f07e,Sports and Fitness,Sports and Fitness
DON2390,345634e8-4392-4d17-a822-546c79d9f07e,Yoga and Pilates,Yoga and Pilates
DON2391,345634e8-4392-4d17-a822-546c79d9f07e,Technology,Technology
DON2392,1296c4bf-fa4b-494f-b476-9bca1bc41cbc,Food and Cooking,Food and Cooking
DON2393,1296c4bf-fa4b-494f-b476-9bca1bc41cbc,Technology,Technology
DON2394,1296c4bf-fa4b-494f-b476-9bca1bc41cbc,Education,Education
DON2395,61a89c73-5c60-4bf9-b827-488da450ea80,Food and Cooking,Food and Cooking
DON2396,61a89c73-5c60-4bf9-b827-488da450ea80,Travel,Travel
DON2397,61a89c73-5c60-4bf9-b827-488da450ea80,Sports and Fitness,Sports and Fitness
DON2398,e259d759-ddeb-4794-902f-cce7e0fc4718,Sports and Fitness,Sports and Fitness
DON2399,4679d2f3-f1e6-410e-8857-fcb0ca455de0,Travel,Travel
DON2400,3117d307-e422-40b8-a3dc-3e9a19a576c9,Finance,Finance
DON2401,8efb8186-2f3c-471e-9282-58cd8b26798d,Education,Education
DON2402,833d1666-aa65-465d-9f27-24b8b6caf687,Finance,Finance
DON2403,e854e573-d4cb-4303-812a-10fe43ed49c3,Food and Cooking,Food and Cooking
DON2404,d04d7018-7213-4d73-865f-8399e63c9b8d,Finance,Finance
DON2405,e9c9522c-5f2b-4edb-9303-dbb44c83f59b,Sports and Fitness,Sports and Fitness
DON2406,b43905a1-1718-4a14-bbc8-2b70fa68a97b,Education,Education
DON2407,b43905a1-1718-4a14-bbc8-2b70fa68a97b,Finance,Finance
DON2408,719ccd23-88b8-43dd-917b-be093f6e76e9,Food and Cooking,Food and Cooking
DON2409,719ccd23-88b8-43dd-917b-be093f6e76e9,Education,Education
DON2410,719ccd23-88b8-43dd-917b-be093f6e76e9,Finance,Finance
DON2411,89c049ee-d990-477b-8f28-2ea9949937f1,Finance,Finance
DON2412,89c049ee-d990-477b-8f28-2ea9949937f1,Food and Cooking,Food and Cooking
DON2413,5acb0c6f-6279-4aa5-a56e-28507ccb0618,Sports and Fitness,Sports and Fitness
DON2414,5acb0c6f-6279-4aa5-a56e-28507ccb0618,Arts and Culture,Arts and Culture
DON2415,c3649f8b-b897-43ff-ba1c-d8ad5c9c4e8c,Sports and Fitness,Sports and Fitness
DON2416,c8bbbff2-e7b8-469f-8c55-d6e06ba98a38,Health and Wellness,Health and Wellness
DON2417,c8bbbff2-e7b8-469f-8c55-d6e06ba98a38,Education,Education
DON2418,c8bbbff2-e7b8-469f-8c55-d6e06ba98a38,Sports and Fitness,Sports and Fitness
DON2419,e2e8b279-573e-4c29-b33d-c58aa6512544,Health and Wellness,Health and Wellness
DON2420,1db86b21-89ac-4da8-b261-7098b55a9c58,Technology,Technology
DON2421,1db86b21-89ac-4da8-b261-7098b55a9c58,Arts and Culture,Arts and Culture
DON2422,1db86b21-89ac-4da8-b261-7098b55a9c58,Travel,Travel
DON2423,8a7155c6-b660-480c-b587-b16336874301,Arts and Culture,Arts and Culture
DON2424,c7daf261-9c50-4304-8617-dd5d979fc178,Environment,Environment
DON2425,c7daf261-9c50-4304-8617-dd5d979fc178,Travel,Travel
DON2426,c7daf261-9c50-4304-8617-dd5d979fc178,Sports and Fitness,Sports and Fitness
DON2427,c1b59381-633b-4450-b4aa-bed7416720ea,Arts and Culture,Arts and Culture
DON2428,c1b59381-633b-4450-b4aa-bed7416720ea,Education,Education
DON2429,92af7bb1-ab8f-4d83-b044-73c432cd8ee2,Yoga and Pilates,Yoga and Pilates
DON2430,92af7bb1-ab8f-4d83-b044-73c432cd8ee2,Education,Education
DON2431,1bba9f9d-6ead-4175-a20c-f5ba1c708580,Sports and Fitness,Sports and Fitness
DON2432,1bba9f9d-6ead-4175-a20c-f5ba1c708580,Health and Wellness,Health and Wellness
DON2433,1bba9f9d-6ead-4175-a20c-f5ba1c708580,Environment,Environment
DON2434,1f0d3bce-a479-4dbc-ba9d-cab85d225172,Education,Education
DON2435,1f0d3bce-a479-4dbc-ba9d-cab85d225172,Finance,Finance
DON2436,1f0d3bce-a479-4dbc-ba9d-cab85d225172,Environment,Environment
DON2437,cfdbd832-cccb-404e-a33d-d2f347ac9991,Finance,Finance
DON2438,cfdbd832-cccb-404e-a33d-d2f347ac9991,Food and Cooking,Food and Cooking
DON2439,db56c43a-77da-4680-93b9-33bb14e619ab,Travel,Travel
DON2440,db56c43a-77da-4680-93b9-33bb14e619ab,Technology,Technology
DON2441,db56c43a-77da-4680-93b9-33bb14e619ab,Sports and Fitness,Sports and Fitness
DON2442,07b87078-7155-49f5-aa6e-f50d4039e706,Food and Cooking,Food and Cooking
DON2443,b0871a12-502d-4911-bac1-c05b027ae91f,Finance,Finance
DON2444,b0871a12-502d-4911-bac1-c05b027ae91f,Food and Cooking,Food and Cooking
DON2445,27ae5209-96c6-4669-beee-239db0aa155f,Travel,Travel
DON2446,2392d036-34ca-45b2-b435-a92c2c4bab5e,Travel,Travel
DON2447,2392d036-34ca-45b2-b435-a92c2c4bab5e,Sports and Fitness,Sports and Fitness
DON2448,dc57a253-671b-4501-a6b9-0442e3c3c643,Food and Cooking,Food and Cooking
DON2449,dc57a253-671b-4501-a6b9-0442e3c3c643,Arts and Culture,Arts and Culture
DON2450,dc57a253-671b-4501-a6b9-0442e3c3c643,Sports and Fitness,Sports and Fitness
DON2451,dae131a1-585a-488d-baf2-ad39dddeb96f,Finance,Finance
DON2452,dae131a1-585a-488d-baf2-ad39dddeb96f,Environment,Environment
DON2453,dae131a1-585a-488d-baf2-ad39dddeb96f,Health and Wellness,Health and Wellness
DON2454,5918b74d-23c3-4ff1-9182-8d5e70a460b1,Health and Wellness,Health and Wellness
DON2455,312f7ceb-9dbe-4011-81b1-a9ae9ca6242f,Yoga and Pilates,Yoga and Pilates
DON2456,4bbdd2f0-1be3-421d-9e4a-9eb2f1e133ad,Education,Education
DON2457,4bbdd2f0-1be3-421d-9e4a-9eb2f1e133ad,Health and Wellness,Health and Wellness
DON2458,4bbdd2f0-1be3-421d-9e4a-9eb2f1e133ad,Sports and Fitness,Sports and Fitness
DON2459,4b2017bd-69c0-4183-a104-45da2128dfe0,Health and Wellness,Health and Wellness
DON2460,4b2017bd-69c0-4183-a104-45da2128dfe0,Sports and Fitness,Sports and Fitness
DON2461,85df0fef-8ce4-4ce9-92bf-3f8c6005c0ec,Food and Cooking,Food and Cooking
DON2462,85df0fef-8ce4-4ce9-92bf-3f8c6005c0ec,Finance,Finance
DON2463,9cfbea9f-5adf-4696-b263-1cbae6738eb3,Yoga and Pilates,Yoga and Pilates
DON2464,9cfbea9f-5adf-4696-b263-1cbae6738eb3,Health and Wellness,Health and Wellness
DON2465,9cfbea9f-5adf-4696-b263-1cbae6738eb3,Arts and Culture,Arts and Culture
DON2466,9e4b33aa-a1b9-41f2-84ef-f8a795c1f2a4,Health and Wellness,Health and Wellness
DON2467,9e4b33aa-a1b9-41f2-84ef-f8a795c1f2a4,Education,Education
DON2468,23da159b-5b69-4325-9c76-8cbaa8d0cb85,Technology,Technology
DON2469,369462f3-9d4e-46a5-9ae2-f646466c401c,Arts and Culture,Arts and Culture
DON2470,369462f3-9d4e-46a5-9ae2-f646466c401c,Environment,Environment
DON2471,f5e1dd9c-d201-406b-85e6-0dbf0795dedf,Arts and Culture,Arts and Culture
DON2472,f5e1dd9c-d201-406b-85e6-0dbf0795dedf,Food and Cooking,Food and Cooking
DON2473,16b9158e-15d4-4ca8-a645-023252aab20a,Yoga and Pilates,Yoga and Pilates
DON2474,16b9158e-15d4-4ca8-a645-023252aab20a,Finance,Finance
DON2475,16b9158e-15d4-4ca8-a645-023252aab20a,Arts and Culture,Arts and Culture
DON2476,9d22712f-90ad-4fbc-aadf-26de0ae7c201,Food and Cooking,Food and Cooking
DON2477,9d22712f-90ad-4fbc-aadf-26de0ae7c201,Education,Education
DON2478,9d22712f-90ad-4fbc-aadf-26de0ae7c201,Sports and Fitness,Sports and Fitness
DON2479,aeb3a3aa-7d14-4156-ac2e-db170ef2ed33,Education,Education
DON2480,aeb3a3aa-7d14-4156-ac2e-db170ef2ed33,Environment,Environment
DON2481,aeb3a3aa-7d14-4156-ac2e-db170ef2ed33,Technology,Technology
DON2482,28ec5dd4-f6d3-4e63-b97d-da2785d184d2,Technology,Technology
DON2483,9c6176a4-b691-4a71-b782-8a1a24b5726f,Travel,Travel
DON2484,9c6176a4-b691-4a71-b782-8a1a24b5726f,Sports and Fitness,Sports and Fitness
DON2485,9c6176a4-b691-4a71-b782-8a1a24b5726f,Technology,Technology
DON2486,e9eb9aa1-cea0-494f-b2ea-71060b6895c4,Travel,Travel
DON2487,1f2d9ade-c1fd-478d-baff-500d96d5d1c7,Yoga and Pilates,Yoga and Pilates
DON2488,1f2d9ade-c1fd-478d-baff-500d96d5d1c7,Education,Education
DON2489,1f2d9ade-c1fd-478d-baff-500d96d5d1c7,Food and Cooking,Food and Cooking
DON2490,ce07c386-44b7-456d-8391-d3721c4548f9,Environment,Environment
DON2491,ae265e2c-5e85-4563-aa4e-900f5035f5b4,Education,Education
DON2492,ae265e2c-5e85-4563-aa4e-900f5035f5b4,Finance,Finance
DON2493,00bd58c3-6b45-4633-a434-9c34ebbd213f,Sports and Fitness,Sports and Fitness
DON2494,00bd58c3-6b45-4633-a434-9c34ebbd213f,Health and Wellness,Health and Wellness
DON2495,2420c98b-a5c3-4943-8943-ff60f7423c86,Environment,Environment
DON2496,a88b4564-016a-49d8-85d7-1b558d8a0773,Arts and Culture,Arts and Culture
DON2497,a88b4564-016a-49d8-85d7-1b558d8a0773,Environment,Environment
DON2498,a88b4564-016a-49d8-85d7-1b558d8a0773,Food and Cooking,Food and Cooking
DON2499,f2336d23-984e-4cc2-9a1a-e29d72fec239,Technology,Technology
DON2500,f2336d23-984e-4cc2-9a1a-e29d72fec239,Environment,Environment
DON2501,f2336d23-984e-4cc2-9a1a-e29d72fec239,Education,Education
DON2502,826f0f9c-0b78-44a8-ab31-434887a19d5e,Food and Cooking,Food and Cooking
DON2503,826f0f9c-0b78-44a8-ab31-434887a19d5e,Technology,Technology
DON2504,512cb00e-55a9-4851-b166-71dc313f1551,Health and Wellness,Health and Wellness
DON2505,512cb00e-55a9-4851-b166-71dc313f1551,Technology,Technology
DON2506,512cb00e-55a9-4851-b166-71dc313f1551,Sports and Fitness,Sports and Fitness
DON2507,e27c6ad7-0e41-4b83-8127-dc7e68dc52ee,Food and Cooking,Food and Cooking
DON2508,e27c6ad7-0e41-4b83-8127-dc7e68dc52ee,Arts and Culture,Arts and Culture
DON2509,e27c6ad7-0e41-4b83-8127-dc7e68dc52ee,Yoga and Pilates,Yoga and Pilates
DON2510,3586db25-a8c2-4807-8329-f501624c2fdd,Finance,Finance
DON2511,c6a8d6c4-a928-4162-9d3c-daffdfa46f02,Education,Education
DON2512,c6a8d6c4-a928-4162-9d3c-daffdfa46f02,Yoga and Pilates,Yoga and Pilates
DON2513,8ff1a19d-51d4-4545-b17b-5e0b8e7e9e57,Travel,Travel
DON2514,8ff1a19d-51d4-4545-b17b-5e0b8e7e9e57,Environment,Environment
DON2515,8ff1a19d-51d4-4545-b17b-5e0b8e7e9e57,Education,Education
DON2516,0b9f7841-a83c-4d2c-aac0-c135e121cdb8,Environment,Environment
DON2517,c55af0e6-4dfb-465e-98d5-cf9d2f157018,Yoga and Pilates,Yoga and Pilates
DON2518,c55af0e6-4dfb-465e-98d5-cf9d2f157018,Environment,Environment
DON2519,a7f7d0d0-b839-4a92-aea3-7f11dcb59ca7,Finance,Finance
DON2520,a7f7d0d0-b839-4a92-aea3-7f11dcb59ca7,Sports and Fitness,Sports and Fitness
DON2521,b393550a-0d07-4e43-be3b-10b39d61b1fb,Food and Cooking,Food and Cooking
DON2522,b393550a-0d07-4e43-be3b-10b39d61b1fb,Finance,Finance
DON2523,b393550a-0d07-4e43-be3b-10b39d61b1fb,Arts and Culture,Arts and Culture
DON2524,5bc8d0a9-5a7f-4a3e-9660-ded9a8d8faea,Technology,Technology
DON2525,5bc8d0a9-5a7f-4a3e-9660-ded9a8d8faea,Sports and Fitness,Sports and Fitness
DON2526,5bc8d0a9-5a7f-4a3e-9660-ded9a8d8faea,Finance,Finance
DON2527,a9fde684-0753-40c3-9558-ac0fec447ba2,Education,Education
DON2528,9733df4c-ef33-40b6-b2c1-ca21cdbe83c1,Yoga and Pilates,Yoga and Pilates
DON2529,9733df4c-ef33-40b6-b2c1-ca21cdbe83c1,Arts and Culture,Arts and Culture
DON2530,9733df4c-ef33-40b6-b2c1-ca21cdbe83c1,Environment,Environment
DON2531,a0f71b7b-fd28-4f09-8393-823cb90e31b8,Travel,Travel
DON2532,a0f71b7b-fd28-4f09-8393-823cb90e31b8,Sports and Fitness,Sports and Fitness
DON2533,49593118-1f0f-4c0d-a125-06e227ca3245,Health and Wellness,Health and Wellness
DON2534,49593118-1f0f-4c0d-a125-06e227ca3245,Arts and Culture,Arts and Culture
DON2535,49593118-1f0f-4c0d-a125-06e227ca3245,Technology,Technology
DON2536,371f0ec3-d801-455a-9900-68ac652daed0,Technology,Technology
DON2537,371f0ec3-d801-455a-9900-68ac652daed0,Finance,Finance
DON2538,a35ff745-52bc-4931-8cd8-021a9e2fe88e,Sports and Fitness,Sports and Fitness
DON2539,a35ff745-52bc-4931-8cd8-021a9e2fe88e,Arts and Culture,Arts and Culture
DON2540,1fa67034-bd01-414d-b59d-926b25e52532,Travel,Travel
DON2541,1fa67034-bd01-414d-b59d-926b25e52532,Technology,Technology
DON2542,1fa67034-bd01-414d-b59d-926b25e52532,Finance,Finance
DON2543,5501f0da-5193-47b1-a194-ed60b9583eb8,Yoga and Pilates,Yoga and Pilates
DON2544,5501f0da-5193-47b1-a194-ed60b9583eb8,Travel,Travel
DON2545,f69b3eca-42e8-4678-9b8d-ce4d39bfd7a0,Technology,Technology
DON2546,f69b3eca-42e8-4678-9b8d-ce4d39bfd7a0,Environment,Environment
DON2547,f69b3eca-42e8-4678-9b8d-ce4d39bfd7a0,Health and Wellness,Health and Wellness
DON2548,9db46991-8530-4b1d-9109-676373b1da4e,Yoga and Pilates,Yoga and Pilates
DON2549,9db46991-8530-4b1d-9109-676373b1da4e,Sports and Fitness,Sports and Fitness
DON2550,9db46991-8530-4b1d-9109-676373b1da4e,Food and Cooking,Food and Cooking
DON2551,4ced47b2-37f0-4882-a024-4fb97654b243,Arts and Culture,Arts and Culture
DON2552,4ced47b2-37f0-4882-a024-4fb97654b243,Education,Education
DON2553,ac0a1d31-2fb8-460f-8aa2-caf29d49bf27,Food and Cooking,Food and Cooking
DON2554,e84de8cf-e284-4ad1-b550-d42b54a20092,Food and Cooking,Food and Cooking
DON2555,62a46c10-cbcc-4173-b165-6f924121c58f,Education,Education
DON2556,62a46c10-cbcc-4173-b165-6f924121c58f,Health and Wellness,Health and Wellness
DON2557,62a46c10-cbcc-4173-b165-6f924121c58f,Finance,Finance
DON2558,67e8960c-d574-4f88-9eeb-4cba960552ad,Yoga and Pilates,Yoga and Pilates
DON2559,4261049e-a335-42f7-a74b-c64b14f809d2,Environment,Environment
DON2560,4261049e-a335-42f7-a74b-c64b14f809d2,Technology,Technology
DON2561,4261049e-a335-42f7-a74b-c64b14f809d2,Finance,Finance
DON2562,115304be-c106-4476-b647-0946b9195fce,Environment,Environment
DON2563,21a1a344-903e-4246-b081-8571ebcac1aa,Travel,Travel
DON2564,21a1a344-903e-4246-b081-8571ebcac1aa,Technology,Technology
DON2565,21a1a344-903e-4246-b081-8571ebcac1aa,Education,Education
DON2566,d4db2ef0-9422-46c8-963c-538f1e63c8f6,Environment,Environment
DON2567,a1485f42-11fa-4490-8c69-c96b8eed8e60,Finance,Finance
DON2568,2ce8c913-b96b-49bc-bb8b-3971ca16a0b3,Food and Cooking,Food and Cooking
DON2569,031541b8-6200-417a-8ce2-8f62e1b514da,Yoga and Pilates,Yoga and Pilates
DON2570,fd672d06-3595-4110-a7e1-6fcb336c410f,Health and Wellness,Health and Wellness
DON2571,f6a684c3-c7b4-44ce-ace9-72e3b4139e74,Technology,Technology
DON2572,f6a684c3-c7b4-44ce-ace9-72e3b4139e74,Sports and Fitness,Sports and Fitness
DON2573,ca0e0a38-5743-48ba-905b-43196d26910c,Environment,Environment
DON2574,76f7b7c6-6f40-462d-ade4-faaa67e6b8c7,Sports and Fitness,Sports and Fitness
DON2575,e097f9b6-38b3-4661-8956-26225b4e8799,Environment,Environment
DON2576,4e3bd320-289b-4036-aeb6-3203e0c556e8,Arts and Culture,Arts and Culture
DON2577,a0f32eef-2649-4f25-9f2c-83f0b34c682c,Arts and Culture,Arts and Culture
DON2578,a0f32eef-2649-4f25-9f2c-83f0b34c682c,Food and Cooking,Food and Cooking
DON2579,9b540d7b-df49-4109-b3a8-6cab0b161ce9,Arts and Culture,Arts and Culture
DON2580,6072beae-af26-4321-a623-78ee30c24852,Food and Cooking,Food and Cooking
DON2581,6072beae-af26-4321-a623-78ee30c24852,Yoga and Pilates,Yoga and Pilates
DON2582,18f50291-6b20-49e5-937d-8ba057b5bdca,Yoga and Pilates,Yoga and Pilates
DON2583,88106e46-ea1a-4e8c-81a9-c40777842717,Education,Education
DON2584,fcdfa02c-d101-422c-b276-61e6a065bef0,Health and Wellness,Health and Wellness
DON2585,80586395-c477-4a5a-ad1f-18c221f444cb,Finance,Finance
DON2586,b3237095-415d-4807-89af-aed5c73bb65d,Travel,Travel
DON2587,e3c2e091-b4ba-485f-9099-2e750c123376,Food and Cooking,Food and Cooking
DON2588,e3c2e091-b4ba-485f-9099-2e750c123376,Sports and Fitness,Sports and Fitness
DON2589,e3c2e091-b4ba-485f-9099-2e750c123376,Technology,Technology
DON2590,666d4540-24e8-4388-9f1e-32983be7c31c,Yoga and Pilates,Yoga and Pilates
DON2591,484c09c8-3d2d-4f87-99db-1a81a2f7cc36,Health and Wellness,Health and Wellness
DON2592,bc1c82bd-4dfe-460d-b1a2-183223fd8f53,Environment,Environment
DON2593,b06bb6af-1f75-4336-bb02-616b26d231fe,Health and Wellness,Health and Wellness
DON2594,b06bb6af-1f75-4336-bb02-616b26d231fe,Food and Cooking,Food and Cooking
DON2595,55b8a649-8f52-4420-9ec6-a8b2571c55e4,Health and Wellness,Health and Wellness
DON2596,21ddf331-4413-4ed3-a313-223b3f1d8344,Technology,Technology
DON2597,21ddf331-4413-4ed3-a313-223b3f1d8344,Sports and Fitness,Sports and Fitness
DON2598,21ddf331-4413-4ed3-a313-223b3f1d8344,Travel,Travel
DON2599,e4877e79-6804-4432-bf15-f526857b08cf,Food and Cooking,Food and Cooking
DON2600,9b2c45d7-a25c-49f2-a8df-f877e9682245,Arts and Culture,Arts and Culture
DON2601,bcc7007f-4d12-402b-81fc-e6c78b49aea2,Technology,Technology
DON2602,3f6a8689-da9a-4900-a729-d8347a892ac4,Sports and Fitness,Sports and Fitness
DON2603,a66acd3a-d30c-45f7-b7fc-6f7982ff9bda,Education,Education
DON2604,a66acd3a-d30c-45f7-b7fc-6f7982ff9bda,Sports and Fitness,Sports and Fitness
DON2605,41f5794c-7de8-412b-aed8-4265fc0c8204,Arts and Culture,Arts and Culture
DON2606,41f5794c-7de8-412b-aed8-4265fc0c8204,Technology,Technology
DON2607,201190d2-e94b-4c4a-8bf2-b139f221e22b,Yoga and Pilates,Yoga and Pilates
DON2608,57610742-cbd1-4352-abff-908990035df4,Finance,Finance
DON2609,57610742-cbd1-4352-abff-908990035df4,Health and Wellness,Health and Wellness
DON2610,f26adf3d-f20d-4bb7-a6df-d2e7720bd933,Health and Wellness,Health and Wellness
DON2611,a70aec60-0cc0-4556-9533-af2e9874a93a,Yoga and Pilates,Yoga and Pilates
DON2612,a70aec60-0cc0-4556-9533-af2e9874a93a,Arts and Culture,Arts and Culture
DON2613,a70aec60-0cc0-4556-9533-af2e9874a93a,Finance,Finance
DON2614,be21287a-21dc-4ece-85df-d0c28fd60763,Technology,Technology
DON2615,38221f27-a257-479e-a3eb-c98dd7d06246,Education,Education
DON2616,38221f27-a257-479e-a3eb-c98dd7d06246,Health and Wellness,Health and Wellness
DON2617,38221f27-a257-479e-a3eb-c98dd7d06246,Sports and Fitness,Sports and Fitness
DON2618,16d8e894-1906-47a6-8782-e5bc8ae426f6,Finance,Finance
DON2619,16d8e894-1906-47a6-8782-e5bc8ae426f6,Yoga and Pilates,Yoga and Pilates
DON2620,61266f6f-9097-42c1-b20f-02d2c5b30316,Yoga and Pilates,Yoga and Pilates
DON2621,06517394-1281-4620-bd46-b48473a321b4,Health and Wellness,Health and Wellness
DON2622,06517394-1281-4620-bd46-b48473a321b4,Sports and Fitness,Sports and Fitness
DON2623,06517394-1281-4620-bd46-b48473a321b4,Arts and Culture,Arts and Culture
DON2624,71579842-a8ef-4684-bf5a-19b549f471d3,Sports and Fitness,Sports and Fitness
DON2625,71579842-a8ef-4684-bf5a-19b549f471d3,Education,Education
DON2626,d0b9a64c-9ff8-4d72-8b75-eed8b32babd6,Yoga and Pilates,Yoga and Pilates
DON2627,d0b9a64c-9ff8-4d72-8b75-eed8b32babd6,Environment,Environment
DON2628,d0b9a64c-9ff8-4d72-8b75-eed8b32babd6,Arts and Culture,Arts and Culture
DON2629,5af652bb-7759-490a-831b-5ef96787a14e,Travel,Travel
DON2630,5af652bb-7759-490a-831b-5ef96787a14e,Technology,Technology
DON2631,5af652bb-7759-490a-831b-5ef96787a14e,Health and Wellness,Health and Wellness
DON2632,ee430b17-6617-4282-a1c4-7cf1c52fc126,Yoga and Pilates,Yoga and Pilates
DON2633,2e5e11ba-6586-4341-8cb6-febdda4a9160,Technology,Technology
DON2634,634da4b7-c4d7-4690-a21e-96edf583acdc,Yoga and Pilates,Yoga and Pilates
DON2635,634da4b7-c4d7-4690-a21e-96edf583acdc,Food and Cooking,Food and Cooking
DON2636,b594da17-8733-410e-9843-06237bcbd7b3,Yoga and Pilates,Yoga and Pilates
DON2637,b594da17-8733-410e-9843-06237bcbd7b3,Environment,Environment
DON2638,b594da17-8733-410e-9843-06237bcbd7b3,Education,Education
DON2639,af6694d9-10c2-43c6-889c-32d36d319ad1,Food and Cooking,Food and Cooking
DON2640,7840060b-2fe2-46fc-922a-084b8e381dd2,Education,Education
DON2641,e16948d8-cc8a-4fe7-b844-c68ad2c28a2e,Travel,Travel
DON2642,e16948d8-cc8a-4fe7-b844-c68ad2c28a2e,Sports and Fitness,Sports and Fitness
DON2643,e16948d8-cc8a-4fe7-b844-c68ad2c28a2e,Technology,Technology
DON2644,93c03f5b-78c2-4c80-bde1-afdfb00febe2,Environment,Environment
DON2645,93c03f5b-78c2-4c80-bde1-afdfb00febe2,Education,Education
DON2646,fec13afb-208e-44f3-94ee-de022067416a,Environment,Environment
DON2647,fec13afb-208e-44f3-94ee-de022067416a,Health and Wellness,Health and Wellness
DON2648,fec13afb-208e-44f3-94ee-de022067416a,Education,Education
DON2649,7e4ae548-d302-4621-a3a4-84eae92f49e2,Sports and Fitness,Sports and Fitness
DON2650,7e4ae548-d302-4621-a3a4-84eae92f49e2,Travel,Travel
DON2651,caaf8cc5-5501-40b1-914d-af6209fc7388,Finance,Finance
DON2652,bc466b14-91b8-46a2-bdf9-cb25bdb8015d,Arts and Culture,Arts and Culture
DON2653,bc466b14-91b8-46a2-bdf9-cb25bdb8015d,Sports and Fitness,Sports and Fitness
DON2654,ff7ec8da-a403-4cfa-a74a-4aad64afa886,Health and Wellness,Health and Wellness
DON2655,568faddc-c2eb-481c-a778-1f69d9ce57b6,Yoga and Pilates,Yoga and Pilates
DON2656,b64e34fd-91e9-47ce-9ea2-96e0a3d74208,Sports and Fitness,Sports and Fitness
DON2657,b64e34fd-91e9-47ce-9ea2-96e0a3d74208,Finance,Finance
DON2658,b64e34fd-91e9-47ce-9ea2-96e0a3d74208,Travel,Travel
DON2659,dcf17daf-caf2-492e-9bfa-3b0398dd3bfa,Travel,Travel
DON2660,dcf17daf-caf2-492e-9bfa-3b0398dd3bfa,Education,Education
DON2661,dcf17daf-caf2-492e-9bfa-3b0398dd3bfa,Health and Wellness,Health and Wellness
DON2662,4c43345b-ab78-42b9-bfba-f6a4d98c8b4b,Food and Cooking,Food and Cooking
DON2663,4c43345b-ab78-42b9-bfba-f6a4d98c8b4b,Environment,Environment
DON2664,4c43345b-ab78-42b9-bfba-f6a4d98c8b4b,Sports and Fitness,Sports and Fitness
DON2665,7b3a857c-660a-4afe-9198-fed6bfb1890a,Environment,Environment
DON2666,7b3a857c-660a-4afe-9198-fed6bfb1890a,Sports and Fitness,Sports and Fitness
DON2667,7b3a857c-660a-4afe-9198-fed6bfb1890a,Health and Wellness,Health and Wellness
DON2668,2380249a-fda6-4b07-9dd0-96c30ae4ac4d,Yoga and Pilates,Yoga and Pilates
DON2669,2380249a-fda6-4b07-9dd0-96c30ae4ac4d,Food and Cooking,Food and Cooking
DON2670,2380249a-fda6-4b07-9dd0-96c30ae4ac4d,Education,Education
DON2671,fd2207f3-e909-4ca9-8565-b718f54aa094,Sports and Fitness,Sports and Fitness
DON2672,b7c41bfc-3f7d-4832-bb92-5438327b1dba,Environment,Environment
DON2673,b7c41bfc-3f7d-4832-bb92-5438327b1dba,Yoga and Pilates,Yoga and Pilates
DON2674,cd7c82b3-59e7-45ac-bdbe-a3ee6630c732,Finance,Finance
DON2675,cd7c82b3-59e7-45ac-bdbe-a3ee6630c732,Health and Wellness,Health and Wellness
DON2676,cd7c82b3-59e7-45ac-bdbe-a3ee6630c732,Sports and Fitness,Sports and Fitness
DON2677,3a9a445a-b4a9-404d-aee5-65d124160074,Technology,Technology
DON2678,3a9a445a-b4a9-404d-aee5-65d124160074,Education,Education
DON2679,182ef48f-e25e-4ecb-82a6-27c3a3b8de2b,Food and Cooking,Food and Cooking
DON2680,182ef48f-e25e-4ecb-82a6-27c3a3b8de2b,Technology,Technology
DON2681,58cc9080-4ccf-4599-9d32-c57d31bd1671,Sports and Fitness,Sports and Fitness
DON2682,58cc9080-4ccf-4599-9d32-c57d31bd1671,Education,Education
DON2683,d694de29-18a5-4fa4-91b6-c5240c8a1b8f,Arts and Culture,Arts and Culture
DON2684,ec401a2b-6800-449b-a0fe-ce4e3812ebf1,Technology,Technology
DON2685,ec401a2b-6800-449b-a0fe-ce4e3812ebf1,Finance,Finance
DON2686,ec401a2b-6800-449b-a0fe-ce4e3812ebf1,Travel,Travel
DON2687,b4e7b80a-e77b-444b-aa81-41f12f9a8a8d,Finance,Finance
DON2688,b4e7b80a-e77b-444b-aa81-41f12f9a8a8d,Sports and Fitness,Sports and Fitness
DON2689,f7798cbe-3cd7-44a9-9b24-89c6dcb20c6e,Yoga and Pilates,Yoga and Pilates
DON2690,f7798cbe-3cd7-44a9-9b24-89c6dcb20c6e,Environment,Environment
DON2691,f1d8cd1a-0a78-424a-8e81-91adeb27ee03,Technology,Technology
DON2692,1e1a34c6-3f28-48da-8d95-738b22f3d0be,Food and Cooking,Food and Cooking
DON2693,1e1a34c6-3f28-48da-8d95-738b22f3d0be,Yoga and Pilates,Yoga and Pilates
DON2694,037e390e-086b-4423-a364-63ba2a5d1812,Education,Education
DON2695,ba9c80fc-998f-4dbc-9dea-b8b33a6ac65b,Sports and Fitness,Sports and Fitness
DON2696,ba9c80fc-998f-4dbc-9dea-b8b33a6ac65b,Arts and Culture,Arts and Culture
DON2697,ba9c80fc-998f-4dbc-9dea-b8b33a6ac65b,Education,Education
DON2698,8b70cef5-c7cb-4783-a25f-fc82921823b9,Education,Education
DON2699,8b70cef5-c7cb-4783-a25f-fc82921823b9,Arts and Culture,Arts and Culture
DON2700,26d2f2f0-ad39-4518-8b52-5f43a2e438e7,Finance,Finance
DON2701,1e42b05f-f1de-4097-a709-f1f6006bf3ee,Education,Education
DON2702,45f953ad-c254-4dff-b2c1-c88cb1ddef93,Sports and Fitness,Sports and Fitness
DON2703,45f953ad-c254-4dff-b2c1-c88cb1ddef93,Travel,Travel
DON2704,45f953ad-c254-4dff-b2c1-c88cb1ddef93,Health and Wellness,Health and Wellness
DON2705,853c2b1a-e6e7-4739-8ded-d971fcc7ee89,Arts and Culture,Arts and Culture
DON2706,853c2b1a-e6e7-4739-8ded-d971fcc7ee89,Sports and Fitness,Sports and Fitness
DON2707,853c2b1a-e6e7-4739-8ded-d971fcc7ee89,Travel,Travel
DON2708,dbf05f1e-eb67-4bdb-a45c-70a67235200c,Food and Cooking,Food and Cooking
DON2709,dbf05f1e-eb67-4bdb-a45c-70a67235200c,Environment,Environment
DON2710,dbf05f1e-eb67-4bdb-a45c-70a67235200c,Arts and Culture,Arts and Culture
DON2711,c3b0ad53-2ae1-4e03-ace7-a7f68e313a48,Travel,Travel
DON2712,c3b0ad53-2ae1-4e03-ace7-a7f68e313a48,Yoga and Pilates,Yoga and Pilates
DON2713,27c9e73d-8c7b-44ad-b366-fb1001078e18,Sports and Fitness,Sports and Fitness
DON2714,76f543b3-e11c-45bc-9a61-b5f3390a6ddc,Travel,Travel
DON2715,76f543b3-e11c-45bc-9a61-b5f3390a6ddc,Education,Education
DON2716,fee1ef7f-318c-4fcc-8de6-3801d3e74a9c,Health and Wellness,Health and Wellness
DON2717,00dc3fe4-5def-451a-9446-375adf4d9d4f,Sports and Fitness,Sports and Fitness
DON2718,00dc3fe4-5def-451a-9446-375adf4d9d4f,Health and Wellness,Health and Wellness
DON2719,00dc3fe4-5def-451a-9446-375adf4d9d4f,Food and Cooking,Food and Cooking
DON2720,c15f4247-e43b-4723-9530-0c8116271fc7,Technology,Technology
DON2721,c15f4247-e43b-4723-9530-0c8116271fc7,Finance,Finance
DON2722,c15f4247-e43b-4723-9530-0c8116271fc7,Yoga and Pilates,Yoga and Pilates
DON2723,18bb19d9-84be-4645-a4fc-f5113fa6c0fb,Arts and Culture,Arts and Culture
DON2724,18bb19d9-84be-4645-a4fc-f5113fa6c0fb,Travel,Travel
DON2725,6891cdcc-54ba-4a9b-bdbd-02a2196e37be,Travel,Travel
DON2726,16615015-0e29-4715-961f-1d9f3f1a1a89,Education,Education
DON2727,16615015-0e29-4715-961f-1d9f3f1a1a89,Food and Cooking,Food and Cooking
DON2728,16615015-0e29-4715-961f-1d9f3f1a1a89,Technology,Technology
DON2729,9c3b5ea2-d36d-4200-87bd-6826dcbbe12d,Travel,Travel
DON2730,9c3b5ea2-d36d-4200-87bd-6826dcbbe12d,Environment,Environment
DON2731,9c3b5ea2-d36d-4200-87bd-6826dcbbe12d,Health and Wellness,Health and Wellness
DON2732,bd20d768-f803-4c37-8b17-66b8dec430e1,Arts and Culture,Arts and Culture
DON2733,bd20d768-f803-4c37-8b17-66b8dec430e1,Technology,Technology
DON2734,4c0b2598-6021-4d26-92d1-a76dbc203acf,Finance,Finance
DON2735,4c0b2598-6021-4d26-92d1-a76dbc203acf,Travel,Travel
DON2736,4c0b2598-6021-4d26-92d1-a76dbc203acf,Food and Cooking,Food and Cooking
DON2737,338691ba-471b-409e-8ecd-46a9d6372212,Sports and Fitness,Sports and Fitness
DON2738,cf9d3986-a315-436a-943f-f760da9370b4,Travel,Travel
DON2739,cf9d3986-a315-436a-943f-f760da9370b4,Yoga and Pilates,Yoga and Pilates
DON2740,2b07c6d3-085e-411b-b525-3e1b3e4660eb,Finance,Finance
DON2741,2b07c6d3-085e-411b-b525-3e1b3e4660eb,Environment,Environment
DON2742,f126109e-32fc-41e9-9cbd-0dc31424ab5f,Technology,Technology
DON2743,f126109e-32fc-41e9-9cbd-0dc31424ab5f,Sports and Fitness,Sports and Fitness
DON2744,f126109e-32fc-41e9-9cbd-0dc31424ab5f,Environment,Environment
DON2745,3812f854-de20-45a4-9ab6-695ef91057aa,Environment,Environment
DON2746,3812f854-de20-45a4-9ab6-695ef91057aa,Yoga and Pilates,Yoga and Pilates
DON2747,a1f8ac1b-ea0f-4efa-be13-9f99a547e8bd,Yoga and Pilates,Yoga and Pilates
DON2748,f5ed017a-ea52-450c-b28c-5de7125b0468,Education,Education
DON2749,f5ed017a-ea52-450c-b28c-5de7125b0468,Food and Cooking,Food and Cooking
DON2750,f5ed017a-ea52-450c-b28c-5de7125b0468,Environment,Environment
DON2751,1a73a841-3c9a-47e2-b29e-631ac7849045,Technology,Technology
DON2752,1a73a841-3c9a-47e2-b29e-631ac7849045,Travel,Travel
DON2753,2ca501c2-37a7-4a25-9822-3614248e79f5,Sports and Fitness,Sports and Fitness
DON2754,d8654eef-ca4b-41e9-b31b-b98a608cd231,Technology,Technology
DON2755,d8654eef-ca4b-41e9-b31b-b98a608cd231,Sports and Fitness,Sports and Fitness
DON2756,3d31a645-f1fe-4c1c-9222-b83ead9b57a2,Technology,Technology
DON2757,3d31a645-f1fe-4c1c-9222-b83ead9b57a2,Education,Education
DON2758,3d31a645-f1fe-4c1c-9222-b83ead9b57a2,Food and Cooking,Food and Cooking
DON2759,42542655-c194-491e-9caf-94676c6804f5,Technology,Technology
DON2760,e987370c-073e-492b-b0ad-21cf073bedd1,Yoga and Pilates,Yoga and Pilates
DON2761,b5664f09-0d9e-462f-b1ee-930f8818527f,Environment,Environment
DON2762,a2746743-c976-4f64-a987-d59ea61b3867,Yoga and Pilates,Yoga and Pilates
DON2763,a2746743-c976-4f64-a987-d59ea61b3867,Arts and Culture,Arts and Culture
DON2764,a2746743-c976-4f64-a987-d59ea61b3867,Education,Education
DON2765,9bb8ea14-70d3-4429-b1c1-8730d8e233e9,Health and Wellness,Health and Wellness
DON2766,9bb8ea14-70d3-4429-b1c1-8730d8e233e9,Food and Cooking,Food and Cooking
DON2767,9bb8ea14-70d3-4429-b1c1-8730d8e233e9,Finance,Finance
DON2768,e226f845-0cef-49e9-b50a-6b6e459c80c8,Sports and Fitness,Sports and Fitness
DON2769,e226f845-0cef-49e9-b50a-6b6e459c80c8,Finance,Finance
DON2770,e226f845-0cef-49e9-b50a-6b6e459c80c8,Yoga and Pilates,Yoga and Pilates
DON2771,d935dc7b-3156-48ec-b79b-6feb27bb5e57,Sports and Fitness,Sports and Fitness
DON2772,d935dc7b-3156-48ec-b79b-6feb27bb5e57,Yoga and Pilates,Yoga and Pilates
DON2773,d935dc7b-3156-48ec-b79b-6feb27bb5e57,Education,Education
DON2774,7dfaaddc-b6ad-475a-9ece-b01c20bf0f29,Education,Education
DON2775,7dfaaddc-b6ad-475a-9ece-b01c20bf0f29,Technology,Technology
DON2776,7dfaaddc-b6ad-475a-9ece-b01c20bf0f29,Food and Cooking,Food and Cooking
DON2777,f204eb9b-be0c-43a5-9a5c-344b4a9e0bcb,Arts and Culture,Arts and Culture
DON2778,f204eb9b-be0c-43a5-9a5c-344b4a9e0bcb,Environment,Environment
DON2779,f204eb9b-be0c-43a5-9a5c-344b4a9e0bcb,Sports and Fitness,Sports and Fitness
DON2780,b78c851f-ebc3-4cc0-bec6-a3b664fbde26,Sports and Fitness,Sports and Fitness
DON2781,2797b4d6-769d-48ac-8bee-37550dd1f71f,Yoga and Pilates,Yoga and Pilates
DON2782,a84bcfab-9857-4a02-9ce5-1917c526546a,Travel,Travel
DON2783,37860865-f2dd-4565-8942-00c9e23d6a13,Environment,Environment
DON2784,37860865-f2dd-4565-8942-00c9e23d6a13,Sports and Fitness,Sports and Fitness
DON2785,d50569bf-cc16-44dd-bd21-94b2716a29ac,Finance,Finance
DON2786,d50569bf-cc16-44dd-bd21-94b2716a29ac,Travel,Travel
DON2787,e12cc06d-4d5b-4b19-85f1-52ba7badf964,Travel,Travel
DON2788,e12cc06d-4d5b-4b19-85f1-52ba7badf964,Technology,Technology
DON2789,6c353af9-8cda-4ea5-9234-f68e238aac51,Yoga and Pilates,Yoga and Pilates
DON2790,1ecd2b55-07c9-4f6d-87cb-0999f4a0654a,Environment,Environment
DON2791,1ecd2b55-07c9-4f6d-87cb-0999f4a0654a,Health and Wellness,Health and Wellness
DON2792,5993cc7d-bff6-461b-9b39-514753173cf6,Technology,Technology
DON2793,5993cc7d-bff6-461b-9b39-514753173cf6,Health and Wellness,Health and Wellness
DON2794,5993cc7d-bff6-461b-9b39-514753173cf6,Finance,Finance
DON2795,2a3c8e6b-0bc8-4232-b6a3-7d7c5b90e687,Health and Wellness,Health and Wellness
DON2796,53bc289e-e92f-4b1f-bda9-e563d4647c87,Arts and Culture,Arts and Culture
DON2797,53bc289e-e92f-4b1f-bda9-e563d4647c87,Sports and Fitness,Sports and Fitness
DON2798,1aa4f89e-7815-4519-8088-33e4693d5a2d,Food and Cooking,Food and Cooking
DON2799,1aa4f89e-7815-4519-8088-33e4693d5a2d,Environment,Environment
DON2800,a51e27bf-4af1-470b-b719-9626a05cb681,Technology,Technology
DON2801,32f95509-2354-4665-9fd0-7f3c83f72a6b,Food and Cooking,Food and Cooking
DON2802,32f95509-2354-4665-9fd0-7f3c83f72a6b,Finance,Finance
DON2803,651d435d-635c-443c-a5b3-4ac1d505e5ff,Environment,Environment
DON2804,651d435d-635c-443c-a5b3-4ac1d505e5ff,Arts and Culture,Arts and Culture
DON2805,651d435d-635c-443c-a5b3-4ac1d505e5ff,Yoga and Pilates,Yoga and Pilates
DON2806,c5ac0b5b-c824-42c4-85bc-9a57351553a5,Sports and Fitness,Sports and Fitness
DON2807,47ae379d-983a-4cb1-bf9c-e4c0668635d9,Finance,Finance
DON2808,e5150ee4-99f1-4518-b03c-84e5c581660c,Sports and Fitness,Sports and Fitness
DON2809,e5150ee4-99f1-4518-b03c-84e5c581660c,Finance,Finance
DON2810,e5150ee4-99f1-4518-b03c-84e5c581660c,Travel,Travel
DON2811,4c42f479-9f2e-40ed-b22c-bb60fe78b749,Arts and Culture,Arts and Culture
DON2812,4c42f479-9f2e-40ed-b22c-bb60fe78b749,Health and Wellness,Health and Wellness
DON2813,d0ab5d58-a6f9-4e6d-8144-5c3ed886e95e,Food and Cooking,Food and Cooking
DON2814,6c75ffe9-ea82-4d7c-9ce3-24d229437c57,Yoga and Pilates,Yoga and Pilates
DON2815,6c75ffe9-ea82-4d7c-9ce3-24d229437c57,Education,Education
DON2816,6c75ffe9-ea82-4d7c-9ce3-24d229437c57,Finance,Finance
DON2817,82d84acf-6283-415a-b247-2ed227da971b,Yoga and Pilates,Yoga and Pilates
DON2818,82d84acf-6283-415a-b247-2ed227da971b,Technology,Technology
DON2819,f488f1df-d44d-4093-9259-fcfafaf497b2,Sports and Fitness,Sports and Fitness
DON2820,f488f1df-d44d-4093-9259-fcfafaf497b2,Travel,Travel
DON2821,c9a68f57-ec31-4d1a-beef-0230168f2131,Finance,Finance
DON2822,c9a68f57-ec31-4d1a-beef-0230168f2131,Health and Wellness,Health and Wellness
DON2823,e6518edd-b611-4ac1-994f-f2ed1175f1d7,Arts and Culture,Arts and Culture
DON2824,e6518edd-b611-4ac1-994f-f2ed1175f1d7,Environment,Environment
DON2825,4cf8770a-5bd5-4398-b62c-384739da2f0e,Food and Cooking,Food and Cooking
DON2826,4cf8770a-5bd5-4398-b62c-384739da2f0e,Education,Education
DON2827,daa6503a-9e59-4619-ab4d-2c2acd20ac5e,Yoga and Pilates,Yoga and Pilates
DON2828,daa6503a-9e59-4619-ab4d-2c2acd20ac5e,Environment,Environment
DON2829,daa6503a-9e59-4619-ab4d-2c2acd20ac5e,Health and Wellness,Health and Wellness
DON2830,43d1e1d9-3ce8-43cc-a463-386627a59524,Food and Cooking,Food and Cooking
DON2831,03263ecb-6e85-44c5-9695-53523142092d,Yoga and Pilates,Yoga and Pilates
DON2832,03263ecb-6e85-44c5-9695-53523142092d,Arts and Culture,Arts and Culture
DON2833,03263ecb-6e85-44c5-9695-53523142092d,Food and Cooking,Food and Cooking
DON2834,c1321402-5300-4abd-a54e-a8aa444fd196,Yoga and Pilates,Yoga and Pilates
DON2835,c1321402-5300-4abd-a54e-a8aa444fd196,Food and Cooking,Food and Cooking
DON2836,39381aa3-9138-4301-b427-5ae3ef884b87,Travel,Travel
DON2837,39381aa3-9138-4301-b427-5ae3ef884b87,Technology,Technology
DON2838,b1d71001-0f67-4ee4-b52b-74ff70846d4c,Education,Education
DON2839,6d413956-2a9e-484d-b102-e3bf8285f3d6,Travel,Travel
DON2840,6d413956-2a9e-484d-b102-e3bf8285f3d6,Education,Education
DON2841,ae1144f3-2e7c-463e-881c-6d0c87ce1391,Yoga and Pilates,Yoga and Pilates
DON2842,ae1144f3-2e7c-463e-881c-6d0c87ce1391,Health and Wellness,Health and Wellness
DON2843,253a818d-933f-4048-ac42-bf7ef1aae7a9,Sports and Fitness,Sports and Fitness
DON2844,d626b280-3a29-4377-a8c1-d150b20e6735,Education,Education
DON2845,ea5e4630-d4dc-41dc-881a-de74448db16d,Finance,Finance
DON2846,ea5e4630-d4dc-41dc-881a-de74448db16d,Arts and Culture,Arts and Culture
DON2847,99eb8432-8435-48d2-b114-9e6acc573b4c,Health and Wellness,Health and Wellness
DON2848,99eb8432-8435-48d2-b114-9e6acc573b4c,Yoga and Pilates,Yoga and Pilates
DON2849,74fc28af-a694-4639-aa56-b382c060f5cb,Environment,Environment
DON2850,74fc28af-a694-4639-aa56-b382c060f5cb,Technology,Technology
DON2851,74fc28af-a694-4639-aa56-b382c060f5cb,Travel,Travel
DON2852,84c641ef-e8a7-437f-b4ef-69b7f346f214,Arts and Culture,Arts and Culture
DON2853,84c641ef-e8a7-437f-b4ef-69b7f346f214,Education,Education
DON2854,185847a1-81c2-444b-9f82-5a537eecd04c,Education,Education
DON2855,185847a1-81c2-444b-9f82-5a537eecd04c,Travel,Travel
DON2856,e8ec6f9c-bbbb-4d07-9f6d-fad45096ee39,Finance,Finance
DON2857,e8ec6f9c-bbbb-4d07-9f6d-fad45096ee39,Arts and Culture,Arts and Culture
DON2858,9ffd4e41-062e-4603-84a6-2fae0463b98e,Yoga and Pilates,Yoga and Pilates
DON2859,9ffd4e41-062e-4603-84a6-2fae0463b98e,Food and Cooking,Food and Cooking
DON2860,dcf7d722-9807-41a2-9c67-85c747b43154,Health and Wellness,Health and Wellness
DON2861,dcf7d722-9807-41a2-9c67-85c747b43154,Travel,Travel
DON2862,dcf7d722-9807-41a2-9c67-85c747b43154,Education,Education
DON2863,148daf4a-483b-44b4-80ba-93020bfa9c2b,Travel,Travel
DON2864,84c0c11f-ad5e-4c89-9744-ccdc2fd4ac6e,Yoga and Pilates,Yoga and Pilates
DON2865,862b8cca-6c8e-4125-85ff-d372bda68d7f,Food and Cooking,Food and Cooking
DON2866,862b8cca-6c8e-4125-85ff-d372bda68d7f,Education,Education
DON2867,c054d242-4d70-4544-978e-1ea432279f58,Travel,Travel
DON2868,5fc6c48b-903b-4e7a-b60e-104f3a44dea5,Arts and Culture,Arts and Culture
DON2869,5fc6c48b-903b-4e7a-b60e-104f3a44dea5,Education,Education
DON2870,5fc6c48b-903b-4e7a-b60e-104f3a44dea5,Environment,Environment
DON2871,756df473-a70d-442f-a3f0-171e61e5a211,Yoga and Pilates,Yoga and Pilates
DON2872,756df473-a70d-442f-a3f0-171e61e5a211,Technology,Technology
DON2873,756df473-a70d-442f-a3f0-171e61e5a211,Arts and Culture,Arts and Culture
DON2874,759a177b-20be-4f3f-a1ab-92f834255590,Environment,Environment
DON2875,759a177b-20be-4f3f-a1ab-92f834255590,Finance,Finance
DON2876,759a177b-20be-4f3f-a1ab-92f834255590,Yoga and Pilates,Yoga and Pilates
DON2877,ae1df193-c2f3-4cf2-a202-c383fa00b0d5,Arts and Culture,Arts and Culture
DON2878,ae1df193-c2f3-4cf2-a202-c383fa00b0d5,Finance,Finance
DON2879,772cc78c-87a6-4543-bfca-0db1edd52da3,Yoga and Pilates,Yoga and Pilates
DON2880,772cc78c-87a6-4543-bfca-0db1edd52da3,Arts and Culture,Arts and Culture
DON2881,d4211dd2-c282-4775-9684-c9ef67db9f5e,Technology,Technology
DON2882,fc8fd964-bd33-4a50-b4de-e9177af2b76d,Education,Education
DON2883,96e77d90-8884-40c1-977d-99fba66af94f,Finance,Finance
DON2884,96e77d90-8884-40c1-977d-99fba66af94f,Health and Wellness,Health and Wellness
DON2885,96e77d90-8884-40c1-977d-99fba66af94f,Arts and Culture,Arts and Culture
DON2886,9168ad9b-fcff-45c6-b158-5e155f87d2f6,Environment,Environment
DON2887,9168ad9b-fcff-45c6-b158-5e155f87d2f6,Travel,Travel
DON2888,613475c2-1388-4a1e-aeb5-36c6c2717e52,Sports and Fitness,Sports and Fitness
DON2889,613475c2-1388-4a1e-aeb5-36c6c2717e52,Health and Wellness,Health and Wellness
DON2890,b0e01751-ec75-4f2f-8306-7a262747892e,Yoga and Pilates,Yoga and Pilates
DON2891,b0e01751-ec75-4f2f-8306-7a262747892e,Food and Cooking,Food and Cooking
DON2892,ad1ccdae-16ad-49e9-9806-5c34dcca3287,Sports and Fitness,Sports and Fitness
DON2893,ad1ccdae-16ad-49e9-9806-5c34dcca3287,Education,Education
DON2894,ad1ccdae-16ad-49e9-9806-5c34dcca3287,Yoga and Pilates,Yoga and Pilates
DON2895,25c45be9-82e6-452c-88c4-2e2b489122f5,Finance,Finance
DON2896,dd8a1aef-9470-4f4d-b7f4-d8fead3b58e3,Education,Education
DON2897,dcfeb7cf-6e05-486c-9999-c720d40125ee,Finance,Finance
DON2898,dcfeb7cf-6e05-486c-9999-c720d40125ee,Travel,Travel
DON2899,dcfeb7cf-6e05-486c-9999-c720d40125ee,Arts and Culture,Arts and Culture
DON2900,b62226eb-2350-49be-a07c-ad17b690128b,Technology,Technology
DON2901,b62226eb-2350-49be-a07c-ad17b690128b,Yoga and Pilates,Yoga and Pilates
DON2902,b62226eb-2350-49be-a07c-ad17b690128b,Education,Education
DON2903,16ee1fcc-52fd-4fdd-943c-1c2f88ea3d6f,Yoga and Pilates,Yoga and Pilates
DON2904,16ee1fcc-52fd-4fdd-943c-1c2f88ea3d6f,Food and Cooking,Food and Cooking
DON2905,16ee1fcc-52fd-4fdd-943c-1c2f88ea3d6f,Arts and Culture,Arts and Culture
DON2906,db5d910a-afea-4ac6-9ed0-329a133f63aa,Finance,Finance
DON2907,db5d910a-afea-4ac6-9ed0-329a133f63aa,Sports and Fitness,Sports and Fitness
DON2908,db5d910a-afea-4ac6-9ed0-329a133f63aa,Education,Education
DON2909,176d7a4d-23e1-4f4d-98b7-dea0971b869e,Education,Education
DON2910,3c7f0b42-a43d-4911-a2f8-0d8927e14a7d,Finance,Finance
DON2911,3c7f0b42-a43d-4911-a2f8-0d8927e14a7d,Technology,Technology
DON2912,3c7f0b42-a43d-4911-a2f8-0d8927e14a7d,Travel,Travel
DON2913,5fb93a02-806c-4eed-adb2-8b907ce8ac17,Education,Education
DON2914,5fb93a02-806c-4eed-adb2-8b907ce8ac17,Environment,Environment
DON2915,5fb93a02-806c-4eed-adb2-8b907ce8ac17,Health and Wellness,Health and Wellness
DON2916,a5550e85-a5cf-47fd-8888-0d822e36b024,Food and Cooking,Food and Cooking
DON2917,685483b0-61dc-4007-927d-a85165ced482,Environment,Environment
DON2918,685483b0-61dc-4007-927d-a85165ced482,Yoga and Pilates,Yoga and Pilates
DON2919,74c5b7ec-e0ae-428a-90bc-5f0940675b6c,Finance,Finance
DON2920,74c5b7ec-e0ae-428a-90bc-5f0940675b6c,Environment,Environment
DON2921,23292a7e-68f5-441a-97ed-9544d844e8be,Environment,Environment
DON2922,23292a7e-68f5-441a-97ed-9544d844e8be,Sports and Fitness,Sports and Fitness
DON2923,0945d0f1-75ce-4987-bed3-09ad32ab1fd2,Travel,Travel
DON2924,49520d5d-a2b7-4f98-96fc-b9da91f8adf4,Environment,Environment
DON2925,8c74f639-f1f0-4152-b71e-2d74e87395aa,Technology,Technology
DON2926,1a7842ad-3302-4590-9b41-6094e344a1ae,Finance,Finance
DON2927,1a7842ad-3302-4590-9b41-6094e344a1ae,Environment,Environment
DON2928,e627cc00-6b5e-4359-a66a-33b3df152c3c,Finance,Finance
DON2929,e627cc00-6b5e-4359-a66a-33b3df152c3c,Travel,Travel
DON2930,e627cc00-6b5e-4359-a66a-33b3df152c3c,Food and Cooking,Food and Cooking
DON2931,6c4393d1-2bce-4e50-95b7-589278ff9ba4,Travel,Travel
DON2932,6c4393d1-2bce-4e50-95b7-589278ff9ba4,Arts and Culture,Arts and Culture
DON2933,1207469d-05c8-49cd-bf56-87982f5a90bd,Environment,Environment
DON2934,1207469d-05c8-49cd-bf56-87982f5a90bd,Health and Wellness,Health and Wellness
DON2935,1207469d-05c8-49cd-bf56-87982f5a90bd,Technology,Technology
DON2936,aa633326-79c7-46af-bb30-25373c8f5052,Food and Cooking,Food and Cooking
DON2937,aa633326-79c7-46af-bb30-25373c8f5052,Sports and Fitness,Sports and Fitness
DON2938,f5982669-2478-4e38-b255-b7bc1db83a13,Sports and Fitness,Sports and Fitness
DON2939,f5982669-2478-4e38-b255-b7bc1db83a13,Environment,Environment
DON2940,f5982669-2478-4e38-b255-b7bc1db83a13,Education,Education
DON2941,96281ed4-4b70-4091-adca-a2ca0d43a3a5,Education,Education
DON2942,ec04d68e-b1c0-4d5f-a847-6086c4ddd5e7,Arts and Culture,Arts and Culture
DON2943,6c221c92-1fb1-4b98-8d51-58d19efa87f9,Sports and Fitness,Sports and Fitness
DON2944,38b9988e-1f95-45c0-97cf-726ce34e81c4,Food and Cooking,Food and Cooking
DON2945,38b9988e-1f95-45c0-97cf-726ce34e81c4,Environment,Environment
DON2946,38b9988e-1f95-45c0-97cf-726ce34e81c4,Sports and Fitness,Sports and Fitness
DON2947,c8e491be-0e37-49e1-b01f-c317dafbe510,Travel,Travel
DON2948,c8e491be-0e37-49e1-b01f-c317dafbe510,Technology,Technology
DON2949,3ae4bf90-0ca7-43c5-bafb-a9698294d38d,Arts and Culture,Arts and Culture
DON2950,3ae4bf90-0ca7-43c5-bafb-a9698294d38d,Food and Cooking,Food and Cooking
DON2951,d4d5c320-e419-42eb-963e-e21f931c0580,Yoga and Pilates,Yoga and Pilates
DON2952,b8bc65a5-69b7-4294-92dd-77a1db86b6b2,Yoga and Pilates,Yoga and Pilates
DON2953,b8bc65a5-69b7-4294-92dd-77a1db86b6b2,Health and Wellness,Health and Wellness
DON2954,b8bc65a5-69b7-4294-92dd-77a1db86b6b2,Technology,Technology
DON2955,ee068a17-7866-4519-9e00-9be4f1f140a2,Travel,Travel
DON2956,ee068a17-7866-4519-9e00-9be4f1f140a2,Arts and Culture,Arts and Culture
DON2957,ee068a17-7866-4519-9e00-9be4f1f140a2,Environment,Environment
DON2958,ee94a0f8-f5f9-466b-b57d-d07982c6c817,Health and Wellness,Health and Wellness
DON2959,ee94a0f8-f5f9-466b-b57d-d07982c6c817,Yoga and Pilates,Yoga and Pilates
DON2960,bf9577da-17af-43e8-95ed-ceee30c5e4ff,Travel,Travel
DON2961,53d7dd28-a23d-499d-96d5-25a403a4538b,Environment,Environment
DON2962,53d7dd28-a23d-499d-96d5-25a403a4538b,Sports and Fitness,Sports and Fitness
DON2963,53d7dd28-a23d-499d-96d5-25a403a4538b,Food and Cooking,Food and Cooking
DON2964,5116fa52-e78a-4e59-9cda-2906b5e48ed1,Arts and Culture,Arts and Culture
DON2965,5116fa52-e78a-4e59-9cda-2906b5e48ed1,Sports and Fitness,Sports and Fitness
DON2966,d249f2d5-bbf1-47b2-93b1-9867ae7a033e,Finance,Finance
DON2967,d249f2d5-bbf1-47b2-93b1-9867ae7a033e,Arts and Culture,Arts and Culture
DON2968,a75fcbec-9b3a-476b-9f26-59088f0d3f7f,Finance,Finance
DON2969,a75fcbec-9b3a-476b-9f26-59088f0d3f7f,Yoga and Pilates,Yoga and Pilates
DON2970,6e27b23f-0c9b-47c2-ae0f-0d065599ba6a,Sports and Fitness,Sports and Fitness
DON2971,93ad0ca5-8620-4660-af88-649e6ffb19e1,Travel,Travel
DON2972,93ad0ca5-8620-4660-af88-649e6ffb19e1,Food and Cooking,Food and Cooking
DON2973,3bdab5ed-e36e-48d7-9fee-aa36b36e80a9,Finance,Finance
DON2974,3bdab5ed-e36e-48d7-9fee-aa36b36e80a9,Travel,Travel
DON2975,3bdab5ed-e36e-48d7-9fee-aa36b36e80a9,Education,Education
DON2976,8c1b7dbf-1aab-44cd-8141-ad7bd6bd8cdf,Health and Wellness,Health and Wellness
DON2977,8c3db5fb-c2bd-42b6-beb6-7da5bea8d2ee,Education,Education
DON2978,6846f6f9-95e7-40ec-863d-ff7ff5ef9d05,Travel,Travel
DON2979,3a2b31a8-b838-4286-a8c9-84c946fdd50c,Environment,Environment
DON2980,3a2b31a8-b838-4286-a8c9-84c946fdd50c,Technology,Technology
DON2981,3a2b31a8-b838-4286-a8c9-84c946fdd50c,Sports and Fitness,Sports and Fitness
DON2982,96a03e71-e77a-467e-b3af-b72b1b9ce512,Health and Wellness,Health and Wellness
DON2983,96a03e71-e77a-467e-b3af-b72b1b9ce512,Technology,Technology
DON2984,96a03e71-e77a-467e-b3af-b72b1b9ce512,Environment,Environment
DON2985,968e86a5-2490-453e-906b-a1be8285ea94,Finance,Finance
DON2986,968e86a5-2490-453e-906b-a1be8285ea94,Sports and Fitness,Sports and Fitness
DON2987,f66ebf90-24e3-4435-b445-0e54b648f0f5,Yoga and Pilates,Yoga and Pilates
DON2988,f66ebf90-24e3-4435-b445-0e54b648f0f5,Finance,Finance
DON2989,f66ebf90-24e3-4435-b445-0e54b648f0f5,Food and Cooking,Food and Cooking
DON2990,fb86f99a-0b38-4524-9756-414334c295ed,Environment,Environment
DON2991,fb86f99a-0b38-4524-9756-414334c295ed,Health and Wellness,Health and Wellness
DON2992,fb86f99a-0b38-4524-9756-414334c295ed,Yoga and Pilates,Yoga and Pilates
DON2993,75b71a8c-f902-470d-a19f-86dd8d0ea45a,Technology,Technology
DON2994,75b71a8c-f902-470d-a19f-86dd8d0ea45a,Education,Education
DON2995,2093e208-c10e-4bc7-ac6f-c637e0dda79a,Yoga and Pilates,Yoga and Pilates
DON2996,2093e208-c10e-4bc7-ac6f-c637e0dda79a,Arts and Culture,Arts and Culture
DON2997,2093e208-c10e-4bc7-ac6f-c637e0dda79a,Technology,Technology
DON2998,b5f39e3f-0b49-4120-b400-33674b23fe49,Environment,Environment
DON2999,b5f39e3f-0b49-4120-b400-33674b23fe49,Finance,Finance
DON3000,b5f39e3f-0b49-4120-b400-33674b23fe49,Yoga and Pilates,Yoga and Pilates
DON3001,2550e25f-6728-4156-bf54-1ef8521734db,Environment,Environment
DON3002,2550e25f-6728-4156-bf54-1ef8521734db,Technology,Technology
DON3003,2550e25f-6728-4156-bf54-1ef8521734db,Finance,Finance
DON3004,5b261337-fc27-48d4-a5de-77257fbb0e26,Food and Cooking,Food and Cooking
DON3005,23241ebc-2f80-4682-b032-c5feae1a1ed6,Arts and Culture,Arts and Culture
DON3006,23241ebc-2f80-4682-b032-c5feae1a1ed6,Education,Education
DON3007,583dadcb-f046-469a-b527-afa5eb8b0466,Arts and Culture,Arts and Culture
DON3008,583dadcb-f046-469a-b527-afa5eb8b0466,Environment,Environment
DON3009,583dadcb-f046-469a-b527-afa5eb8b0466,Education,Education
DON3010,c5bb3206-efa7-44bc-b033-d5ddaac67cf2,Travel,Travel
DON3011,7c56eaec-7bf2-462c-9a49-5d28675a797a,Arts and Culture,Arts and Culture
DON3012,621353c6-e6bd-4397-a770-3c33384cb097,Travel,Travel
DON3013,50a3eb1f-0a7c-4ac1-89fc-3cbb24ad704c,Education,Education
DON3014,17f4cc61-ea7d-4ba0-94fe-d70ed87bb329,Sports and Fitness,Sports and Fitness
DON3015,19578de9-8513-4175-9839-b1e6a1ffb8c1,Food and Cooking,Food and Cooking
DON3016,11e5e722-295e-4794-b945-a991e7e3d2f9,Sports and Fitness,Sports and Fitness
DON3017,11e5e722-295e-4794-b945-a991e7e3d2f9,Health and Wellness,Health and Wellness
DON3018,011e89cb-21b0-4de1-821a-8f46ab8cc182,Education,Education
DON3019,9c97e579-4771-4fc6-a627-6274a64a59ab,Food and Cooking,Food and Cooking
DON3020,9c97e579-4771-4fc6-a627-6274a64a59ab,Travel,Travel
DON3021,db744ccf-14a5-4c9d-807c-3dfcef8f153b,Finance,Finance
DON3022,d32cbeea-bd74-4a9e-9f8d-b2c29e76c0c3,Travel,Travel
DON3023,d32cbeea-bd74-4a9e-9f8d-b2c29e76c0c3,Yoga and Pilates,Yoga and Pilates
DON3024,d32cbeea-bd74-4a9e-9f8d-b2c29e76c0c3,Environment,Environment
DON3025,d9347d30-c497-454a-9c23-d7acee2b365b,Education,Education
DON3026,d9347d30-c497-454a-9c23-d7acee2b365b,Technology,Technology
DON3027,d9347d30-c497-454a-9c23-d7acee2b365b,Yoga and Pilates,Yoga and Pilates
DON3028,649cee2c-10f4-44cb-9fbb-1446a9adb821,Sports and Fitness,Sports and Fitness
DON3029,12cf0eae-6654-4e26-81e8-b06a70d607b1,Finance,Finance
DON3030,12cf0eae-6654-4e26-81e8-b06a70d607b1,Arts and Culture,Arts and Culture
DON3031,d2d4cde8-6163-4fa4-89cd-a949c7c56bd7,Food and Cooking,Food and Cooking
DON3032,d2d4cde8-6163-4fa4-89cd-a949c7c56bd7,Arts and Culture,Arts and Culture
DON3033,d2d4cde8-6163-4fa4-89cd-a949c7c56bd7,Technology,Technology
DON3034,e0148ac5-98ea-4588-9bd0-84cc7aae09eb,Finance,Finance
DON3035,3f47d356-8cc5-443e-b4cd-daf9b7eac8f6,Environment,Environment
DON3036,3f47d356-8cc5-443e-b4cd-daf9b7eac8f6,Finance,Finance
DON3037,3f47d356-8cc5-443e-b4cd-daf9b7eac8f6,Technology,Technology
DON3038,09dc3897-7b9f-426c-9357-b6649cb33b45,Food and Cooking,Food and Cooking
DON3039,4841fc09-6524-4707-93f8-cb9bc850bad7,Food and Cooking,Food and Cooking
DON3040,4841fc09-6524-4707-93f8-cb9bc850bad7,Travel,Travel
DON3041,de80f6f8-e3c1-40e2-8356-67f8d682cf93,Yoga and Pilates,Yoga and Pilates
DON3042,80a1685f-48ee-4453-ac00-51781f11b966,Finance,Finance
DON3043,80a1685f-48ee-4453-ac00-51781f11b966,Arts and Culture,Arts and Culture
DON3044,580bde61-313e-4bbf-a465-96894a3c4470,Sports and Fitness,Sports and Fitness
DON3045,580bde61-313e-4bbf-a465-96894a3c4470,Environment,Environment
DON3046,58df474e-75aa-4baa-841c-a280649d3f05,Travel,Travel
DON3047,d3083542-efe5-421a-8688-ee68dc22845f,Education,Education
DON3048,d3083542-efe5-421a-8688-ee68dc22845f,Technology,Technology
DON3049,e1690211-f940-49f6-9885-09b3f0f4b03a,Education,Education
DON3050,e1690211-f940-49f6-9885-09b3f0f4b03a,Finance,Finance
DON3051,e1690211-f940-49f6-9885-09b3f0f4b03a,Technology,Technology
DON3052,6671b467-79e6-4ad6-b590-d580ac74772b,Finance,Finance
DON3053,6671b467-79e6-4ad6-b590-d580ac74772b,Travel,Travel
DON3054,6671b467-79e6-4ad6-b590-d580ac74772b,Yoga and Pilates,Yoga and Pilates
DON3055,bd01bb73-beb3-4482-b813-e292874345d4,Finance,Finance
DON3056,bd01bb73-beb3-4482-b813-e292874345d4,Sports and Fitness,Sports and Fitness
DON3057,bd01bb73-beb3-4482-b813-e292874345d4,Technology,Technology
DON3058,4a3366b0-0729-46ce-a473-6e52a31e3016,Environment,Environment
DON3059,4a3366b0-0729-46ce-a473-6e52a31e3016,Sports and Fitness,Sports and Fitness
DON3060,f109bb6d-021e-41ae-af52-6fb3ad22a50c,Food and Cooking,Food and Cooking
DON3061,f109bb6d-021e-41ae-af52-6fb3ad22a50c,Sports and Fitness,Sports and Fitness
DON3062,dd4d8b6a-7df5-4d79-9bed-4b1d07067083,Sports and Fitness,Sports and Fitness
DON3063,dd4d8b6a-7df5-4d79-9bed-4b1d07067083,Health and Wellness,Health and Wellness
DON3064,6ca9f43a-96fa-4a31-b435-9c447d527f7d,Health and Wellness,Health and Wellness
DON3065,34dd9d25-50e1-4b14-88ba-1376bf9cc1af,Technology,Technology
DON3066,34dd9d25-50e1-4b14-88ba-1376bf9cc1af,Finance,Finance
DON3067,12425946-0e5a-456a-93ee-b46e14a306ce,Health and Wellness,Health and Wellness
DON3068,0ab67ccc-f248-4490-bee7-a93a662911f7,Arts and Culture,Arts and Culture
DON3069,0ab67ccc-f248-4490-bee7-a93a662911f7,Health and Wellness,Health and Wellness
DON3070,77602201-7602-4ae5-b54e-39ea04a5d9b3,Sports and Fitness,Sports and Fitness
DON3071,6869f414-d811-4d52-a8c1-6d17dcf554c7,Travel,Travel
DON3072,5ae16a1c-86da-4307-b04b-28148607b917,Sports and Fitness,Sports and Fitness
DON3073,5ae16a1c-86da-4307-b04b-28148607b917,Arts and Culture,Arts and Culture
DON3074,5ae16a1c-86da-4307-b04b-28148607b917,Travel,Travel
DON3075,44f51f3a-06ab-404b-bad5-6df2b02a978f,Technology,Technology
DON3076,8a20285f-30ac-48b2-b09a-bbac03d100c2,Food and Cooking,Food and Cooking
DON3077,8a20285f-30ac-48b2-b09a-bbac03d100c2,Health and Wellness,Health and Wellness
DON3078,8a20285f-30ac-48b2-b09a-bbac03d100c2,Environment,Environment
DON3079,3839d534-7281-4eb3-b3ae-141a9f248ae2,Food and Cooking,Food and Cooking
DON3080,3839d534-7281-4eb3-b3ae-141a9f248ae2,Sports and Fitness,Sports and Fitness
DON3081,3839d534-7281-4eb3-b3ae-141a9f248ae2,Technology,Technology
DON3082,305e72c8-df48-4eee-b923-6b4a27402fe3,Sports and Fitness,Sports and Fitness
DON3083,44e63bae-1093-4e48-b779-4ea69446dc9b,Finance,Finance
DON3084,44e63bae-1093-4e48-b779-4ea69446dc9b,Technology,Technology
DON3085,44e63bae-1093-4e48-b779-4ea69446dc9b,Environment,Environment
DON3086,a16c2bbd-d75d-4726-9424-8c48ec92ad0e,Sports and Fitness,Sports and Fitness
DON3087,a16c2bbd-d75d-4726-9424-8c48ec92ad0e,Food and Cooking,Food and Cooking
DON3088,55eeca1b-fb71-4ac6-921f-726e5b4fee3d,Health and Wellness,Health and Wellness
DON3089,55eeca1b-fb71-4ac6-921f-726e5b4fee3d,Arts and Culture,Arts and Culture
DON3090,bf565529-e7e3-49ba-93aa-5297940e5552,Finance,Finance
DON3091,7a6af4b2-6433-45c7-8bbb-427527890eb6,Education,Education
DON3092,7a6af4b2-6433-45c7-8bbb-427527890eb6,Sports and Fitness,Sports and Fitness
DON3093,7a6af4b2-6433-45c7-8bbb-427527890eb6,Food and Cooking,Food and Cooking
DON3094,dea105b6-abb6-45ce-b932-6d9eaf4e18e3,Food and Cooking,Food and Cooking
DON3095,dea105b6-abb6-45ce-b932-6d9eaf4e18e3,Education,Education
DON3096,dea105b6-abb6-45ce-b932-6d9eaf4e18e3,Health and Wellness,Health and Wellness
DON3097,4ef56ea4-e3fd-40f9-bb1e-1fab66f508d6,Environment,Environment
DON3098,4ef56ea4-e3fd-40f9-bb1e-1fab66f508d6,Finance,Finance
DON3099,2f9e6867-73e0-471b-98c7-8600be2ee982,Travel,Travel
DON3100,2f9e6867-73e0-471b-98c7-8600be2ee982,Education,Education
DON3101,0ba7ca6f-e1dd-4c05-9074-c1923fae12d9,Food and Cooking,Food and Cooking
DON3102,8a05415e-4751-4fa8-b4c3-279811922a82,Education,Education
DON3103,8a05415e-4751-4fa8-b4c3-279811922a82,Health and Wellness,Health and Wellness
DON3104,6f2fc570-8420-4734-bf4d-4e9810f815aa,Education,Education
DON3105,6f2fc570-8420-4734-bf4d-4e9810f815aa,Environment,Environment
DON3106,6f2fc570-8420-4734-bf4d-4e9810f815aa,Arts and Culture,Arts and Culture
DON3107,05ba11cb-c2fd-4ef8-b18f-5a4f5b7e9fa5,Sports and Fitness,Sports and Fitness
DON3108,ba75db99-0640-4633-9214-1adf6768ed22,Sports and Fitness,Sports and Fitness
DON3109,5272d59b-f2a3-4bc7-b4ba-ff4b0cb279d5,Education,Education
DON3110,32949ebb-5a41-4291-b573-ea142b442824,Sports and Fitness,Sports and Fitness
DON3111,32949ebb-5a41-4291-b573-ea142b442824,Finance,Finance
DON3112,32949ebb-5a41-4291-b573-ea142b442824,Technology,Technology
DON3113,11618177-0921-4a5c-860f-4fd366e04d7a,Health and Wellness,Health and Wellness
DON3114,11618177-0921-4a5c-860f-4fd366e04d7a,Arts and Culture,Arts and Culture
DON3115,11618177-0921-4a5c-860f-4fd366e04d7a,Environment,Environment
DON3116,22355c18-e0ac-45e8-b7e5-69e4f6e9f7d8,Health and Wellness,Health and Wellness
DON3117,22355c18-e0ac-45e8-b7e5-69e4f6e9f7d8,Food and Cooking,Food and Cooking
DON3118,433aab9f-edf8-497d-b68d-68bc4ff183e3,Sports and Fitness,Sports and Fitness
DON3119,433aab9f-edf8-497d-b68d-68bc4ff183e3,Food and Cooking,Food and Cooking
DON3120,5d9efc5e-1957-4204-8cf1-2e679553df6e,Yoga and Pilates,Yoga and Pilates
DON3121,5d9efc5e-1957-4204-8cf1-2e679553df6e,Finance,Finance
DON3122,ad99f127-bdd0-43d0-a563-222c77431044,Arts and Culture,Arts and Culture
DON3123,b997379d-5404-4f44-815b-8450ac64c992,Sports and Fitness,Sports and Fitness
DON3124,b997379d-5404-4f44-815b-8450ac64c992,Education,Education
DON3125,b2ec4cd5-cb73-4acc-baf3-6149712f17d9,Health and Wellness,Health and Wellness
DON3126,b2ec4cd5-cb73-4acc-baf3-6149712f17d9,Finance,Finance
DON3127,b2ec4cd5-cb73-4acc-baf3-6149712f17d9,Sports and Fitness,Sports and Fitness
DON3128,0ae1001f-eff7-49f8-8319-6f7970c08e64,Yoga and Pilates,Yoga and Pilates
DON3129,0ae1001f-eff7-49f8-8319-6f7970c08e64,Food and Cooking,Food and Cooking
DON3130,b1f63e8f-7a76-4bfc-8d35-dd7dd3281b68,Arts and Culture,Arts and Culture
DON3131,b1f63e8f-7a76-4bfc-8d35-dd7dd3281b68,Food and Cooking,Food and Cooking
DON3132,b1f63e8f-7a76-4bfc-8d35-dd7dd3281b68,Travel,Travel
DON3133,95b7e30c-d59f-4ded-953e-5b3a7e0fa989,Yoga and Pilates,Yoga and Pilates
DON3134,ec3c1abe-75b6-4340-8889-0f609832f356,Arts and Culture,Arts and Culture
DON3135,ec3c1abe-75b6-4340-8889-0f609832f356,Food and Cooking,Food and Cooking
DON3136,86740d14-0585-431a-b99f-0a3fc33d94fe,Sports and Fitness,Sports and Fitness
DON3137,86740d14-0585-431a-b99f-0a3fc33d94fe,Environment,Environment
DON3138,78779c79-c1c3-47af-99b7-6e76e6e08a3d,Arts and Culture,Arts and Culture
DON3139,78779c79-c1c3-47af-99b7-6e76e6e08a3d,Technology,Technology
DON3140,78779c79-c1c3-47af-99b7-6e76e6e08a3d,Health and Wellness,Health and Wellness
DON3141,94a36cdd-b7ab-4ca0-8035-7a12c91fd2ce,Education,Education
DON3142,94a36cdd-b7ab-4ca0-8035-7a12c91fd2ce,Technology,Technology
DON3143,330e166f-6c1f-48b0-b4ab-8b843ccd7eb6,Yoga and Pilates,Yoga and Pilates
DON3144,330e166f-6c1f-48b0-b4ab-8b843ccd7eb6,Arts and Culture,Arts and Culture
DON3145,ffd54f42-4d2d-4e97-94fe-82438882d61c,Sports and Fitness,Sports and Fitness
DON3146,a345651a-b51e-43cb-a00c-71850920888d,Food and Cooking,Food and Cooking
DON3147,ea7ec09e-3e18-4419-8cc0-9d2c6d3a21f1,Technology,Technology
DON3148,ea7ec09e-3e18-4419-8cc0-9d2c6d3a21f1,Health and Wellness,Health and Wellness
DON3149,76099657-0a3d-4eec-b8f3-16a389f46e73,Arts and Culture,Arts and Culture
DON3150,20c8324e-175b-41cc-95fd-0d97ab308fbe,Yoga and Pilates,Yoga and Pilates
DON3151,20c8324e-175b-41cc-95fd-0d97ab308fbe,Arts and Culture,Arts and Culture
DON3152,20c8324e-175b-41cc-95fd-0d97ab308fbe,Food and Cooking,Food and Cooking
DON3153,8a324711-80e1-4e50-a8b6-c0bd5171858c,Health and Wellness,Health and Wellness
DON3154,8a324711-80e1-4e50-a8b6-c0bd5171858c,Food and Cooking,Food and Cooking
DON3155,8a324711-80e1-4e50-a8b6-c0bd5171858c,Arts and Culture,Arts and Culture
DON3156,f79f32eb-8b60-45ec-a437-5ce7ea79eaa9,Finance,Finance
DON3157,f7f50ddc-e320-40f1-aacb-0f6574b4b0f3,Yoga and Pilates,Yoga and Pilates
DON3158,47fd4684-fd2e-493e-a8f9-bbab32007803,Yoga and Pilates,Yoga and Pilates
DON3159,47fd4684-fd2e-493e-a8f9-bbab32007803,Travel,Travel
DON3160,3e5fa4ec-e743-44b5-9909-056961166892,Finance,Finance
DON3161,3269a89b-eed1-409a-a181-7db7259464d4,Health and Wellness,Health and Wellness
DON3162,3269a89b-eed1-409a-a181-7db7259464d4,Education,Education
DON3163,cafb66a1-1381-4826-b562-0aa355f3c8d6,Food and Cooking,Food and Cooking
DON3164,cafb66a1-1381-4826-b562-0aa355f3c8d6,Education,Education
DON3165,a68f1abb-855e-4988-b422-45973cdeb9e1,Health and Wellness,Health and Wellness
DON3166,a68f1abb-855e-4988-b422-45973cdeb9e1,Travel,Travel
DON3167,f4f142aa-41ba-44f3-981b-7245d5d23d40,Travel,Travel
DON3168,f4f142aa-41ba-44f3-981b-7245d5d23d40,Health and Wellness,Health and Wellness
DON3169,4b0ac9f9-76e6-4b6d-80c5-2e1ed66b9c76,Finance,Finance
DON3170,4b0ac9f9-76e6-4b6d-80c5-2e1ed66b9c76,Health and Wellness,Health and Wellness
DON3171,c038868d-1022-46b9-90cb-6fb247c6b5b7,Education,Education
DON3172,73712aa7-77f8-45c5-8e3b-b650b15694d6,Travel,Travel
DON3173,c37f04e2-3798-4287-a212-e1ed01b2e036,Health and Wellness,Health and Wellness
DON3174,c37f04e2-3798-4287-a212-e1ed01b2e036,Education,Education
DON3175,c37f04e2-3798-4287-a212-e1ed01b2e036,Arts and Culture,Arts and Culture
DON3176,b2767db9-9596-43fe-a08e-b2d9be044883,Finance,Finance
DON3177,b2767db9-9596-43fe-a08e-b2d9be044883,Environment,Environment
DON3178,b2767db9-9596-43fe-a08e-b2d9be044883,Travel,Travel
DON3179,666c4b5e-ed70-44d2-82b6-f4f96ca249cc,Travel,Travel
DON3180,6b974c81-b15c-4552-84d4-9e6b1ce7f87b,Arts and Culture,Arts and Culture
DON3181,6b974c81-b15c-4552-84d4-9e6b1ce7f87b,Finance,Finance
DON3182,6b974c81-b15c-4552-84d4-9e6b1ce7f87b,Education,Education
DON3183,0dec25e3-2ff5-499f-acda-46604b261e65,Sports and Fitness,Sports and Fitness
DON3184,0dec25e3-2ff5-499f-acda-46604b261e65,Education,Education
DON3185,2ff52daa-ebc4-47d6-ac58-dc1ed72eb103,Education,Education
DON3186,2b496da9-7f03-4c0f-ac03-1fb1467507ab,Education,Education
DON3187,58ca441d-1a1c-4f33-b578-77a57908c368,Food and Cooking,Food and Cooking
DON3188,58ca441d-1a1c-4f33-b578-77a57908c368,Health and Wellness,Health and Wellness
DON3189,58ca441d-1a1c-4f33-b578-77a57908c368,Environment,Environment
DON3190,952628c6-702f-486b-8ac9-87f9831d8240,Finance,Finance
DON3191,952628c6-702f-486b-8ac9-87f9831d8240,Education,Education
DON3192,cc92ce10-3588-4061-867c-ea1ec00e91e8,Yoga and Pilates,Yoga and Pilates
DON3193,cc92ce10-3588-4061-867c-ea1ec00e91e8,Technology,Technology
DON3194,02f98b40-bdd1-49f6-847f-e2add02579fe,Arts and Culture,Arts and Culture
DON3195,02f98b40-bdd1-49f6-847f-e2add02579fe,Finance,Finance
DON3196,d1c75351-6c75-4c4e-8210-bb772823dd1e,Environment,Environment
DON3197,d1c75351-6c75-4c4e-8210-bb772823dd1e,Sports and Fitness,Sports and Fitness
DON3198,8ebc2f0e-c0bf-4c58-8f98-3ecd88b9ee0c,Sports and Fitness,Sports and Fitness
DON3199,8ebc2f0e-c0bf-4c58-8f98-3ecd88b9ee0c,Finance,Finance
DON3200,1d0eb055-5d28-4627-b305-0ccb77bffdb6,Education,Education
DON3201,1d0eb055-5d28-4627-b305-0ccb77bffdb6,Food and Cooking,Food and Cooking
DON3202,1d0eb055-5d28-4627-b305-0ccb77bffdb6,Arts and Culture,Arts and Culture
DON3203,96901c00-4c03-44e9-afbf-1641fafd6e97,Education,Education
DON3204,96901c00-4c03-44e9-afbf-1641fafd6e97,Finance,Finance
DON3205,7cd9e02e-dd76-4878-925b-dfaa269fc4cc,Finance,Finance
DON3206,9cf4e9e4-65b9-44a2-b846-29138e344e4b,Yoga and Pilates,Yoga and Pilates
DON3207,197bfb03-a5f5-47b0-b937-39ded010819e,Finance,Finance
DON3208,197bfb03-a5f5-47b0-b937-39ded010819e,Sports and Fitness,Sports and Fitness
DON3209,197bfb03-a5f5-47b0-b937-39ded010819e,Travel,Travel
DON3210,ffd97ee0-3f52-4d43-9e90-be1aadbfc223,Yoga and Pilates,Yoga and Pilates
DON3211,ffd97ee0-3f52-4d43-9e90-be1aadbfc223,Health and Wellness,Health and Wellness
DON3212,ffd97ee0-3f52-4d43-9e90-be1aadbfc223,Food and Cooking,Food and Cooking
DON3213,0257d03c-2cab-4ee6-acd1-c8c9bdca4f30,Technology,Technology
DON3214,16132c26-6719-45fc-9e99-5d2cd9cdad98,Arts and Culture,Arts and Culture
DON3215,16132c26-6719-45fc-9e99-5d2cd9cdad98,Food and Cooking,Food and Cooking
DON3216,f5950321-e3cc-4fce-93b8-f0484891052e,Arts and Culture,Arts and Culture
DON3217,f5950321-e3cc-4fce-93b8-f0484891052e,Food and Cooking,Food and Cooking
DON3218,76039b91-1df3-40d5-be3b-6bb5aa2f88f5,Travel,Travel
DON3219,76039b91-1df3-40d5-be3b-6bb5aa2f88f5,Sports and Fitness,Sports and Fitness
DON3220,b2197065-3401-4833-b44b-83a8d47e4f0d,Food and Cooking,Food and Cooking
DON3221,b2197065-3401-4833-b44b-83a8d47e4f0d,Sports and Fitness,Sports and Fitness
DON3222,b2197065-3401-4833-b44b-83a8d47e4f0d,Arts and Culture,Arts and Culture
DON3223,2128d7ea-5ab5-4db3-bcf5-9980d941c3e8,Health and Wellness,Health and Wellness
DON3224,2128d7ea-5ab5-4db3-bcf5-9980d941c3e8,Food and Cooking,Food and Cooking
DON3225,2128d7ea-5ab5-4db3-bcf5-9980d941c3e8,Technology,Technology
DON3226,0c7af352-1604-48f6-966f-8364e8a6d5e0,Environment,Environment
DON3227,0c7af352-1604-48f6-966f-8364e8a6d5e0,Finance,Finance
DON3228,32493640-4913-4d9d-aaec-7733a7c7efe6,Yoga and Pilates,Yoga and Pilates
DON3229,815429ea-cdf6-45a6-950c-39e6e3d74b03,Yoga and Pilates,Yoga and Pilates
DON3230,815429ea-cdf6-45a6-950c-39e6e3d74b03,Environment,Environment
DON3231,815429ea-cdf6-45a6-950c-39e6e3d74b03,Health and Wellness,Health and Wellness
DON3232,ca1369d0-ba11-43d8-b401-28d4c6f8b748,Finance,Finance
DON3233,ca1369d0-ba11-43d8-b401-28d4c6f8b748,Sports and Fitness,Sports and Fitness
DON3234,ca1369d0-ba11-43d8-b401-28d4c6f8b748,Education,Education
DON3235,d4ac4945-470e-4e42-b76d-935feb0f51b0,Education,Education
DON3236,d4ac4945-470e-4e42-b76d-935feb0f51b0,Food and Cooking,Food and Cooking
DON3237,d4ac4945-470e-4e42-b76d-935feb0f51b0,Health and Wellness,Health and Wellness
DON3238,1462d2a4-c6a4-4de0-81b7-918177040e24,Environment,Environment
DON3239,470ca14a-a23a-41ee-b90a-ff53e7b09cbc,Arts and Culture,Arts and Culture
DON3240,0ff33080-a817-4a8a-9c23-7d35225ac10d,Health and Wellness,Health and Wellness
DON3241,0ff33080-a817-4a8a-9c23-7d35225ac10d,Food and Cooking,Food and Cooking
DON3242,0ff33080-a817-4a8a-9c23-7d35225ac10d,Sports and Fitness,Sports and Fitness
DON3243,2c4a6262-3cf8-4918-9fdb-26b34aa11ce9,Environment,Environment
DON3244,2c4a6262-3cf8-4918-9fdb-26b34aa11ce9,Sports and Fitness,Sports and Fitness
DON3245,2c4a6262-3cf8-4918-9fdb-26b34aa11ce9,Finance,Finance
DON3246,06da43dd-a5de-4284-aa43-60596f504c33,Environment,Environment
DON3247,74d48dcf-0358-4647-acc4-1299d8b6f608,Food and Cooking,Food and Cooking
DON3248,b072d704-c4f7-4cb5-a015-3947b5708a75,Yoga and Pilates,Yoga and Pilates
DON3249,b072d704-c4f7-4cb5-a015-3947b5708a75,Arts and Culture,Arts and Culture
DON3250,b072d704-c4f7-4cb5-a015-3947b5708a75,Technology,Technology
DON3251,c2bfa2b2-3f28-4449-8330-7d356a8482c1,Health and Wellness,Health and Wellness
DON3252,c2bfa2b2-3f28-4449-8330-7d356a8482c1,Travel,Travel
DON3253,d1714403-38a5-4a4a-9477-067e8a6b4319,Environment,Environment
DON3254,c6f41823-242c-4061-a70b-d197bbe6ffb8,Yoga and Pilates,Yoga and Pilates
DON3255,35ebbf21-3121-4166-9821-4545334980e3,Education,Education
DON3256,35ebbf21-3121-4166-9821-4545334980e3,Health and Wellness,Health and Wellness
DON3257,35ebbf21-3121-4166-9821-4545334980e3,Technology,Technology
DON3258,eab491c2-c0ed-4c26-9204-0fd3d07d9922,Food and Cooking,Food and Cooking
DON3259,0889fca3-f601-4183-bc2e-bbce3e6cb249,Environment,Environment
DON3260,0889fca3-f601-4183-bc2e-bbce3e6cb249,Travel,Travel
DON3261,0889fca3-f601-4183-bc2e-bbce3e6cb249,Arts and Culture,Arts and Culture
DON3262,51102121-7f40-4e3c-9080-f657de8ecd86,Education,Education
DON3263,51102121-7f40-4e3c-9080-f657de8ecd86,Food and Cooking,Food and Cooking
DON3264,b30c4a4c-2330-4927-8f8d-78057f555c80,Sports and Fitness,Sports and Fitness
DON3265,b30c4a4c-2330-4927-8f8d-78057f555c80,Food and Cooking,Food and Cooking
DON3266,b30c4a4c-2330-4927-8f8d-78057f555c80,Finance,Finance
DON3267,545713b7-c12f-43e7-9b92-7f0f2b071fb1,Travel,Travel
DON3268,545713b7-c12f-43e7-9b92-7f0f2b071fb1,Arts and Culture,Arts and Culture
DON3269,545713b7-c12f-43e7-9b92-7f0f2b071fb1,Finance,Finance
DON3270,0ed360f9-5dc1-4c44-9580-844c18bb8848,Food and Cooking,Food and Cooking
DON3271,ffa39de0-f4c6-4026-83c5-fac9dfbabcfa,Health and Wellness,Health and Wellness
DON3272,1477275b-e123-42dc-a347-aefcace12414,Environment,Environment
DON3273,1477275b-e123-42dc-a347-aefcace12414,Technology,Technology
DON3274,9a7a47fe-cc89-495d-969d-19e88d79c37a,Sports and Fitness,Sports and Fitness
DON3275,9a7a47fe-cc89-495d-969d-19e88d79c37a,Environment,Environment
DON3276,09a8aff8-0ba9-4d4d-a97c-3109a46820e3,Environment,Environment
DON3277,09a8aff8-0ba9-4d4d-a97c-3109a46820e3,Food and Cooking,Food and Cooking
DON3278,09a8aff8-0ba9-4d4d-a97c-3109a46820e3,Arts and Culture,Arts and Culture
DON3279,23faa384-e5bc-438e-8504-8b32d9515367,Sports and Fitness,Sports and Fitness
DON3280,ebdd6fd4-8586-480e-94a7-bbc670d8f280,Finance,Finance
DON3281,1fa7f81a-8501-4f81-b65d-715fee18f18d,Food and Cooking,Food and Cooking
DON3282,1fa7f81a-8501-4f81-b65d-715fee18f18d,Education,Education
DON3283,1fa7f81a-8501-4f81-b65d-715fee18f18d,Sports and Fitness,Sports and Fitness
DON3284,3ceeb57e-6014-4f4f-a919-17a8862f8baf,Education,Education
DON3285,403c851b-f610-45c7-857c-de76024ff696,Sports and Fitness,Sports and Fitness
DON3286,403c851b-f610-45c7-857c-de76024ff696,Travel,Travel
DON3287,403c851b-f610-45c7-857c-de76024ff696,Education,Education
DON3288,62a3ee5c-4c99-4a76-af7f-29b1617bf783,Sports and Fitness,Sports and Fitness
DON3289,31d49c3a-9769-4e60-b23a-4fc3dbe481a1,Technology,Technology
DON3290,31d49c3a-9769-4e60-b23a-4fc3dbe481a1,Health and Wellness,Health and Wellness
DON3291,31d49c3a-9769-4e60-b23a-4fc3dbe481a1,Arts and Culture,Arts and Culture
DON3292,fe59119f-2415-4819-93e0-989c7b1de775,Technology,Technology
DON3293,1a61269c-5425-4717-a4bf-14121ba914aa,Travel,Travel
DON3294,1a61269c-5425-4717-a4bf-14121ba914aa,Environment,Environment
DON3295,1a61269c-5425-4717-a4bf-14121ba914aa,Technology,Technology
DON3296,f7d38f23-c207-479b-8e61-c67b406e47ed,Yoga and Pilates,Yoga and Pilates
DON3297,169f090f-ef78-4ee1-97c8-9f680721709e,Yoga and Pilates,Yoga and Pilates
DON3298,169f090f-ef78-4ee1-97c8-9f680721709e,Finance,Finance
DON3299,dc57e99e-12eb-4475-8708-2b4948892fe4,Arts and Culture,Arts and Culture
DON3300,dc57e99e-12eb-4475-8708-2b4948892fe4,Travel,Travel
DON3301,18094f7c-4aab-4fbe-92dc-a2e0b434e180,Environment,Environment
DON3302,18094f7c-4aab-4fbe-92dc-a2e0b434e180,Arts and Culture,Arts and Culture
DON3303,49beef3c-7f9b-4f5e-84e9-0b598813ef3c,Technology,Technology
DON3304,b6f39411-babb-4fb2-ad83-13d28d30460b,Food and Cooking,Food and Cooking
DON3305,e2fec115-1092-4ae2-a019-89931590baaf,Yoga and Pilates,Yoga and Pilates
DON3306,6c1ae046-55ed-4932-a134-ef248cacd7d5,Technology,Technology
DON3307,6c1ae046-55ed-4932-a134-ef248cacd7d5,Finance,Finance
DON3308,8e59ce50-a74e-4810-821e-c1d6be668e9a,Environment,Environment
DON3309,319b783c-3d14-450f-95cf-b9048e372477,Finance,Finance
DON3310,319b783c-3d14-450f-95cf-b9048e372477,Yoga and Pilates,Yoga and Pilates
DON3311,319b783c-3d14-450f-95cf-b9048e372477,Food and Cooking,Food and Cooking
DON3312,cc9b8708-469e-488d-81bd-531a1439dae2,Sports and Fitness,Sports and Fitness
DON3313,cc9b8708-469e-488d-81bd-531a1439dae2,Food and Cooking,Food and Cooking
DON3314,300996df-3bb2-4e60-b9c4-3bf0ec012438,Finance,Finance
DON3315,300996df-3bb2-4e60-b9c4-3bf0ec012438,Environment,Environment
DON3316,10ff0d1e-3a7e-4ee1-bd98-48cec43b4e7f,Travel,Travel
DON3317,10ff0d1e-3a7e-4ee1-bd98-48cec43b4e7f,Food and Cooking,Food and Cooking
DON3318,10ff0d1e-3a7e-4ee1-bd98-48cec43b4e7f,Education,Education
DON3319,abe88fa4-9b3a-491c-bf49-fa3f6a35790d,Food and Cooking,Food and Cooking
DON3320,8708a3b4-c178-4f45-a69a-4ef779a169c2,Food and Cooking,Food and Cooking
DON3321,8708a3b4-c178-4f45-a69a-4ef779a169c2,Environment,Environment
DON3322,8708a3b4-c178-4f45-a69a-4ef779a169c2,Travel,Travel
DON3323,06653ce6-fd95-49b2-acee-3be6be2a596c,Arts and Culture,Arts and Culture
DON3324,06653ce6-fd95-49b2-acee-3be6be2a596c,Technology,Technology
DON3325,076fe60c-6ae1-413a-964d-d88d9b1f453a,Education,Education
DON3326,076fe60c-6ae1-413a-964d-d88d9b1f453a,Technology,Technology
DON3327,076fe60c-6ae1-413a-964d-d88d9b1f453a,Finance,Finance
DON3328,8109bc8b-4a72-4534-9b5a-6e1ca952d9f5,Food and Cooking,Food and Cooking
DON3329,0aef5ce2-97f3-4930-acc1-0c2fe2e941b4,Travel,Travel
DON3330,0aef5ce2-97f3-4930-acc1-0c2fe2e941b4,Sports and Fitness,Sports and Fitness
DON3331,c56a2fbe-5540-46cd-82fc-70a3cc756223,Sports and Fitness,Sports and Fitness
DON3332,c56a2fbe-5540-46cd-82fc-70a3cc756223,Arts and Culture,Arts and Culture
DON3333,0e7d5a7c-3941-4292-a0b6-1b294da82af2,Finance,Finance
DON3334,0e7d5a7c-3941-4292-a0b6-1b294da82af2,Sports and Fitness,Sports and Fitness
DON3335,0e7d5a7c-3941-4292-a0b6-1b294da82af2,Arts and Culture,Arts and Culture
DON3336,712c6940-e928-45ca-a67e-cf4dbfe30536,Arts and Culture,Arts and Culture
DON3337,712c6940-e928-45ca-a67e-cf4dbfe30536,Finance,Finance
DON3338,e43cff44-0d08-410d-8b15-d91d68148bb0,Technology,Technology
DON3339,e43cff44-0d08-410d-8b15-d91d68148bb0,Education,Education
DON3340,e43cff44-0d08-410d-8b15-d91d68148bb0,Health and Wellness,Health and Wellness
DON3341,3703f495-3db2-4c54-850d-8d2805d5df33,Yoga and Pilates,Yoga and Pilates
DON3342,3703f495-3db2-4c54-850d-8d2805d5df33,Travel,Travel
DON3343,07456d94-5d11-4437-b649-fdc415f60549,Sports and Fitness,Sports and Fitness
DON3344,23c62af9-29cd-4858-b0c5-2e9965ffa1d6,Health and Wellness,Health and Wellness
DON3345,a78df5d2-33cf-47e0-b810-4974b9eba16d,Travel,Travel
DON3346,a78df5d2-33cf-47e0-b810-4974b9eba16d,Technology,Technology
DON3347,a865d89b-1df7-4d51-8d57-247058834b70,Travel,Travel
DON3348,a865d89b-1df7-4d51-8d57-247058834b70,Technology,Technology
DON3349,a865d89b-1df7-4d51-8d57-247058834b70,Health and Wellness,Health and Wellness
DON3350,cf8f3a0b-c569-43c8-9d2b-47dab32829a4,Environment,Environment
DON3351,1ae8c2ee-fa9a-4fd9-aaea-f9e54a6154fd,Education,Education
DON3352,c6b0dc46-86a3-45cb-9aa9-e17a60101b86,Education,Education
DON3353,f11b623c-6e68-49e5-af75-72bfbcf47845,Food and Cooking,Food and Cooking
DON3354,b817056b-da80-411b-88b0-9896584aa4c2,Yoga and Pilates,Yoga and Pilates
DON3355,b817056b-da80-411b-88b0-9896584aa4c2,Finance,Finance
DON3356,6167c48b-7dc3-4270-bb7f-0e80cabe5ed7,Yoga and Pilates,Yoga and Pilates
DON3357,10f80e82-9216-4105-a2d9-567313db714e,Sports and Fitness,Sports and Fitness
DON3358,10f80e82-9216-4105-a2d9-567313db714e,Environment,Environment
DON3359,6f8a5333-0814-4308-81c6-983bed5df118,Food and Cooking,Food and Cooking
DON3360,6f8a5333-0814-4308-81c6-983bed5df118,Technology,Technology
DON3361,6f8a5333-0814-4308-81c6-983bed5df118,Education,Education
DON3362,93afaff6-6a4c-4397-afb1-f3b2b9ceda1f,Arts and Culture,Arts and Culture
DON3363,8e611e90-6a7e-490f-bd44-ba0ea9c9beba,Technology,Technology
DON3364,4a69d638-eac5-4b32-b898-ae190a0a86e9,Travel,Travel
DON3365,4a69d638-eac5-4b32-b898-ae190a0a86e9,Environment,Environment
DON3366,6eceb79c-490d-4db3-9b5f-0d5d86f8537a,Environment,Environment
DON3367,6eceb79c-490d-4db3-9b5f-0d5d86f8537a,Health and Wellness,Health and Wellness
DON3368,6eceb79c-490d-4db3-9b5f-0d5d86f8537a,Education,Education
DON3369,35dcce37-0ca0-4a44-9237-83d8c4abe7e1,Finance,Finance
DON3370,29aab698-60b6-4e72-9a8b-de6d08de06cb,Finance,Finance
DON3371,29aab698-60b6-4e72-9a8b-de6d08de06cb,Sports and Fitness,Sports and Fitness
DON3372,29aab698-60b6-4e72-9a8b-de6d08de06cb,Health and Wellness,Health and Wellness
DON3373,9813e25e-15d5-4397-a784-dbee21dbe87e,Environment,Environment
DON3374,9813e25e-15d5-4397-a784-dbee21dbe87e,Finance,Finance
DON3375,ed84543a-5eb9-49ae-b740-23b7de4704a2,Technology,Technology
DON3376,ed84543a-5eb9-49ae-b740-23b7de4704a2,Environment,Environment
DON3377,e138b9b8-fa48-490c-83f9-a39f17e37f2d,Environment,Environment
DON3378,e138b9b8-fa48-490c-83f9-a39f17e37f2d,Travel,Travel
DON3379,e138b9b8-fa48-490c-83f9-a39f17e37f2d,Yoga and Pilates,Yoga and Pilates
DON3380,c646cf23-85e5-4755-b2fe-97c1695db7a7,Finance,Finance
DON3381,c646cf23-85e5-4755-b2fe-97c1695db7a7,Health and Wellness,Health and Wellness
DON3382,23d85756-4f82-43f1-a5d1-6c050aab20e4,Arts and Culture,Arts and Culture
DON3383,6d5cb3b5-6fdd-4a6e-ae54-8b8559d72f86,Technology,Technology
DON3384,2e2477eb-3537-4476-94ed-5cfb6500cbbd,Education,Education
DON3385,2e2477eb-3537-4476-94ed-5cfb6500cbbd,Arts and Culture,Arts and Culture
DON3386,2e2477eb-3537-4476-94ed-5cfb6500cbbd,Yoga and Pilates,Yoga and Pilates
DON3387,de796c12-3983-4e03-9be4-481a07108b85,Health and Wellness,Health and Wellness
DON3388,0de332bd-0e1a-4ce9-8f76-1e6e1d922731,Food and Cooking,Food and Cooking
DON3389,0de332bd-0e1a-4ce9-8f76-1e6e1d922731,Health and Wellness,Health and Wellness
DON3390,b9bb551f-0db4-4ac0-bf91-8011896b5b1a,Travel,Travel
DON3391,8e832b84-fa4c-4362-8824-84b164146bfb,Technology,Technology
DON3392,8e832b84-fa4c-4362-8824-84b164146bfb,Arts and Culture,Arts and Culture
DON3393,ad55a8ce-5329-40a3-9814-2d79c02430ac,Yoga and Pilates,Yoga and Pilates
DON3394,436ab623-030f-469c-a60e-cddbbb18f491,Food and Cooking,Food and Cooking
DON3395,436ab623-030f-469c-a60e-cddbbb18f491,Technology,Technology
DON3396,436ab623-030f-469c-a60e-cddbbb18f491,Arts and Culture,Arts and Culture
DON3397,7902a799-6f47-4644-b3f6-369d85a1a604,Arts and Culture,Arts and Culture
DON3398,7902a799-6f47-4644-b3f6-369d85a1a604,Finance,Finance
DON3399,8adf039c-d2ec-466c-ad09-5993d5441a23,Technology,Technology
DON3400,8adf039c-d2ec-466c-ad09-5993d5441a23,Arts and Culture,Arts and Culture
DON3401,8adf039c-d2ec-466c-ad09-5993d5441a23,Finance,Finance
DON3402,bbf7c01a-158e-48ef-9792-beeb92d58e33,Health and Wellness,Health and Wellness
DON3403,ce75070e-caca-4775-afb7-144018f8d868,Sports and Fitness,Sports and Fitness
DON3404,51215d30-d244-4068-a8a4-c2450be0b160,Education,Education
DON3405,51215d30-d244-4068-a8a4-c2450be0b160,Technology,Technology
DON3406,51215d30-d244-4068-a8a4-c2450be0b160,Sports and Fitness,Sports and Fitness
DON3407,d097f874-e322-458e-b99d-8a9c5326b1f8,Yoga and Pilates,Yoga and Pilates
DON3408,d097f874-e322-458e-b99d-8a9c5326b1f8,Technology,Technology
DON3409,d097f874-e322-458e-b99d-8a9c5326b1f8,Travel,Travel
DON3410,da609751-c509-4765-ba0d-ab0f21e04618,Yoga and Pilates,Yoga and Pilates
DON3411,da609751-c509-4765-ba0d-ab0f21e04618,Travel,Travel
DON3412,9b06fa42-308f-4451-9acf-00520f3f92b7,Environment,Environment
DON3413,9b06fa42-308f-4451-9acf-00520f3f92b7,Sports and Fitness,Sports and Fitness
DON3414,4769ee67-f718-4c35-82f0-c533139b18d8,Technology,Technology
DON3415,4769ee67-f718-4c35-82f0-c533139b18d8,Food and Cooking,Food and Cooking
DON3416,4769ee67-f718-4c35-82f0-c533139b18d8,Finance,Finance
DON3417,da3b27b1-88f4-40e4-a377-60dbdfaf505b,Finance,Finance
DON3418,da3b27b1-88f4-40e4-a377-60dbdfaf505b,Sports and Fitness,Sports and Fitness
DON3419,eac980f8-61ad-4dc4-9bd4-79ad0cfc3cc7,Environment,Environment
DON3420,eac980f8-61ad-4dc4-9bd4-79ad0cfc3cc7,Yoga and Pilates,Yoga and Pilates
DON3421,eac980f8-61ad-4dc4-9bd4-79ad0cfc3cc7,Health and Wellness,Health and Wellness
DON3422,597fb4b7-b4a9-4309-9add-d4075cda432f,Travel,Travel
DON3423,460ec025-5705-41b5-ac9f-0a45d2aff2e6,Education,Education
DON3424,b4c8b635-2a4e-4808-a9b5-216a5f521614,Arts and Culture,Arts and Culture
DON3425,a8840f82-fb13-419c-9aa0-8c6214087bbb,Yoga and Pilates,Yoga and Pilates
DON3426,a8840f82-fb13-419c-9aa0-8c6214087bbb,Health and Wellness,Health and Wellness
DON3427,a8840f82-fb13-419c-9aa0-8c6214087bbb,Education,Education
DON3428,3e9bd6a7-62ae-489c-bfca-6178282e7aeb,Travel,Travel
DON3429,04d74657-1a93-4598-b7a2-047d6d9b91e9,Environment,Environment
DON3430,73d4e3e0-00b3-4a03-a54d-07297a31dc2d,Sports and Fitness,Sports and Fitness
DON3431,47d3bce4-5079-4637-88f1-16b419cad5eb,Arts and Culture,Arts and Culture
DON3432,47d3bce4-5079-4637-88f1-16b419cad5eb,Sports and Fitness,Sports and Fitness
DON3433,3c894bdf-decd-4c9d-862f-5951407b453b,Finance,Finance
DON3434,70ac252e-21fb-439e-a13c-8f09194584f9,Health and Wellness,Health and Wellness
DON3435,70ac252e-21fb-439e-a13c-8f09194584f9,Technology,Technology
DON3436,70ac252e-21fb-439e-a13c-8f09194584f9,Arts and Culture,Arts and Culture
DON3437,b8a14694-ee1f-406f-a93e-043b9800a2fd,Yoga and Pilates,Yoga and Pilates
DON3438,b03796ca-1967-44d8-b4ac-64053fe60ed6,Sports and Fitness,Sports and Fitness
DON3439,b03796ca-1967-44d8-b4ac-64053fe60ed6,Technology,Technology
DON3440,f46e1269-4f32-4714-a0a6-f8485f1e01db,Food and Cooking,Food and Cooking
DON3441,f46e1269-4f32-4714-a0a6-f8485f1e01db,Education,Education
DON3442,f46e1269-4f32-4714-a0a6-f8485f1e01db,Technology,Technology
DON3443,df241216-4565-4067-ae72-c3dfcc1d805d,Health and Wellness,Health and Wellness
DON3444,df241216-4565-4067-ae72-c3dfcc1d805d,Food and Cooking,Food and Cooking
DON3445,df241216-4565-4067-ae72-c3dfcc1d805d,Yoga and Pilates,Yoga and Pilates
DON3446,77b68b8c-68a7-46bf-94d8-e3bc45d2f6c5,Health and Wellness,Health and Wellness
DON3447,77b68b8c-68a7-46bf-94d8-e3bc45d2f6c5,Education,Education
DON3448,6332ca92-cbc0-48d8-9f3d-ff4ef582b844,Yoga and Pilates,Yoga and Pilates
DON3449,6332ca92-cbc0-48d8-9f3d-ff4ef582b844,Food and Cooking,Food and Cooking
DON3450,6332ca92-cbc0-48d8-9f3d-ff4ef582b844,Finance,Finance
DON3451,f68949e4-7a5d-41b2-84f8-59c069206363,Yoga and Pilates,Yoga and Pilates
DON3452,f68949e4-7a5d-41b2-84f8-59c069206363,Food and Cooking,Food and Cooking
DON3453,f74cce8d-3dfe-4b42-8291-44b5fe3079cc,Health and Wellness,Health and Wellness
DON3454,f74cce8d-3dfe-4b42-8291-44b5fe3079cc,Environment,Environment
DON3455,f74cce8d-3dfe-4b42-8291-44b5fe3079cc,Food and Cooking,Food and Cooking
DON3456,94f41cf4-c765-4bfb-b2f1-5d7e6cb31224,Sports and Fitness,Sports and Fitness
DON3457,9e6a0787-5057-49ef-90d9-71e7507179a7,Finance,Finance
DON3458,c29fc74a-c5a0-4f7e-b252-591994c7d5bd,Technology,Technology
DON3459,c29fc74a-c5a0-4f7e-b252-591994c7d5bd,Yoga and Pilates,Yoga and Pilates
DON3460,febe683d-3e77-49b6-9ae6-73ac697d77ab,Arts and Culture,Arts and Culture
DON3461,febe683d-3e77-49b6-9ae6-73ac697d77ab,Yoga and Pilates,Yoga and Pilates
DON3462,febe683d-3e77-49b6-9ae6-73ac697d77ab,Food and Cooking,Food and Cooking
DON3463,183e99fb-beba-4751-8154-c9a10c22f2cf,Environment,Environment
DON3464,183e99fb-beba-4751-8154-c9a10c22f2cf,Health and Wellness,Health and Wellness
DON3465,183e99fb-beba-4751-8154-c9a10c22f2cf,Education,Education
DON3466,a92dbd4e-0a51-42a3-ad4b-2939951f61f3,Sports and Fitness,Sports and Fitness
DON3467,a92dbd4e-0a51-42a3-ad4b-2939951f61f3,Technology,Technology
DON3468,a92dbd4e-0a51-42a3-ad4b-2939951f61f3,Food and Cooking,Food and Cooking
DON3469,b292ad7a-a824-46ee-b276-317a28452853,Yoga and Pilates,Yoga and Pilates
DON3470,b292ad7a-a824-46ee-b276-317a28452853,Arts and Culture,Arts and Culture
DON3471,12c62c40-cd38-4f0c-ad36-4f50f341c9ef,Health and Wellness,Health and Wellness
DON3472,ec0a8187-9058-4386-a183-a78e70337841,Environment,Environment
DON3473,ec0a8187-9058-4386-a183-a78e70337841,Sports and Fitness,Sports and Fitness
DON3474,ec0a8187-9058-4386-a183-a78e70337841,Technology,Technology
DON3475,fa8e9399-0538-4d6c-9b03-fa9fcc3870f8,Finance,Finance
DON3476,fa8e9399-0538-4d6c-9b03-fa9fcc3870f8,Technology,Technology
DON3477,1b28d70d-9b1b-4157-8ef5-8cef81c69f58,Education,Education
DON3478,1b28d70d-9b1b-4157-8ef5-8cef81c69f58,Environment,Environment
DON3479,1b28d70d-9b1b-4157-8ef5-8cef81c69f58,Technology,Technology
DON3480,24252967-82b1-424b-af5c-0c2f65d1d097,Yoga and Pilates,Yoga and Pilates
DON3481,c1c1a334-7186-4d0c-b8b2-e698b88cf9a1,Yoga and Pilates,Yoga and Pilates
DON3482,c1c1a334-7186-4d0c-b8b2-e698b88cf9a1,Sports and Fitness,Sports and Fitness
DON3483,c1c1a334-7186-4d0c-b8b2-e698b88cf9a1,Environment,Environment
DON3484,5ce6c7d0-1097-4424-bec6-194bbf46c091,Environment,Environment
DON3485,5ce6c7d0-1097-4424-bec6-194bbf46c091,Health and Wellness,Health and Wellness
DON3486,35461b02-f127-4f1c-b963-5b8c78f25d03,Travel,Travel
DON3487,35461b02-f127-4f1c-b963-5b8c78f25d03,Environment,Environment
DON3488,5ede296e-8440-4195-9875-a308096c1108,Health and Wellness,Health and Wellness
DON3489,f3f1ee9c-1e2f-4c83-8885-e9efb6755311,Travel,Travel
DON3490,f3f1ee9c-1e2f-4c83-8885-e9efb6755311,Environment,Environment
DON3491,1f6edbe2-7b21-463d-bcd8-781470322878,Education,Education
DON3492,1f6edbe2-7b21-463d-bcd8-781470322878,Environment,Environment
DON3493,1f6edbe2-7b21-463d-bcd8-781470322878,Arts and Culture,Arts and Culture
DON3494,15b91a04-a108-4f0f-a6c0-0a90f141ec68,Travel,Travel
DON3495,15b91a04-a108-4f0f-a6c0-0a90f141ec68,Food and Cooking,Food and Cooking
DON3496,8f71f180-f2e1-40be-a25d-56bb47a4c4df,Food and Cooking,Food and Cooking
DON3497,8f71f180-f2e1-40be-a25d-56bb47a4c4df,Health and Wellness,Health and Wellness
DON3498,d12fb995-64c0-4977-ace5-94d44ef56dca,Sports and Fitness,Sports and Fitness
DON3499,41121de1-9c0f-4535-b74d-306657964dd2,Environment,Environment
DON3500,c5e2a6f0-dec5-4ff2-855b-f2dce9d08d74,Environment,Environment
DON3501,c5e2a6f0-dec5-4ff2-855b-f2dce9d08d74,Travel,Travel
DON3502,c5e2a6f0-dec5-4ff2-855b-f2dce9d08d74,Education,Education
DON3503,fb912d40-4b43-4940-bb27-f296f37dd4cc,Food and Cooking,Food and Cooking
DON3504,fb912d40-4b43-4940-bb27-f296f37dd4cc,Health and Wellness,Health and Wellness
DON3505,79dfb152-7240-41ee-975a-dca839119a9d,Arts and Culture,Arts and Culture
DON3506,79dfb152-7240-41ee-975a-dca839119a9d,Education,Education
DON3507,79dfb152-7240-41ee-975a-dca839119a9d,Health and Wellness,Health and Wellness
DON3508,98e790c1-b77f-4b27-9a11-15e9c086a8ac,Travel,Travel
DON3509,98e790c1-b77f-4b27-9a11-15e9c086a8ac,Education,Education
DON3510,7dabdaef-7a45-4fdf-b7c0-309f7322451f,Health and Wellness,Health and Wellness
DON3511,7dabdaef-7a45-4fdf-b7c0-309f7322451f,Travel,Travel
DON3512,7dabdaef-7a45-4fdf-b7c0-309f7322451f,Arts and Culture,Arts and Culture
DON3513,cd7c72bc-795f-4309-ade8-8bd9add00590,Arts and Culture,Arts and Culture
DON3514,325ee385-0194-47f0-b005-b296724aeb35,Food and Cooking,Food and Cooking
DON3515,4fb00fca-54de-41fb-bce4-4715cbe13118,Yoga and Pilates,Yoga and Pilates
DON3516,4fb00fca-54de-41fb-bce4-4715cbe13118,Education,Education
DON3517,4fb00fca-54de-41fb-bce4-4715cbe13118,Health and Wellness,Health and Wellness
DON3518,4c885c0c-0a17-4005-80e3-842703b86300,Yoga and Pilates,Yoga and Pilates
DON3519,4c885c0c-0a17-4005-80e3-842703b86300,Technology,Technology
DON3520,f60cfece-87f1-4423-8ec1-5aeecca8cdac,Yoga and Pilates,Yoga and Pilates
DON3521,c3f571b3-1e39-45a5-b38b-eee40c689b93,Sports and Fitness,Sports and Fitness
DON3522,e7438b61-9eb0-4c11-86ce-e4ed90781f3c,Yoga and Pilates,Yoga and Pilates
DON3523,a64ac232-dee3-4d46-9ef9-1a48be68cb98,Education,Education
DON3524,a64ac232-dee3-4d46-9ef9-1a48be68cb98,Technology,Technology
DON3525,2391022f-a294-4e35-9479-9bc7d94c35c4,Sports and Fitness,Sports and Fitness
DON3526,dfdf25c2-1698-4a91-bf82-3f6999998d2d,Arts and Culture,Arts and Culture
DON3527,dfdf25c2-1698-4a91-bf82-3f6999998d2d,Environment,Environment
DON3528,bca176e8-e27e-45fe-8ea9-3b93d675c52b,Food and Cooking,Food and Cooking
DON3529,bca176e8-e27e-45fe-8ea9-3b93d675c52b,Environment,Environment
DON3530,a5dc96c9-028a-4938-b456-d4551c64e8e8,Food and Cooking,Food and Cooking
DON3531,a5dc96c9-028a-4938-b456-d4551c64e8e8,Education,Education
DON3532,940bf204-2a28-4c29-a725-6ad69f0c7a77,Education,Education
DON3533,994e9cf2-c1e7-4474-b0f6-fa54655443e8,Travel,Travel
DON3534,994e9cf2-c1e7-4474-b0f6-fa54655443e8,Technology,Technology
DON3535,994e9cf2-c1e7-4474-b0f6-fa54655443e8,Yoga and Pilates,Yoga and Pilates
DON3536,39add0a2-26a4-4072-932f-49928ff97829,Travel,Travel
DON3537,39add0a2-26a4-4072-932f-49928ff97829,Food and Cooking,Food and Cooking
DON3538,7db7b232-c7c6-4e03-a9d7-47f066cacf19,Finance,Finance
DON3539,7db7b232-c7c6-4e03-a9d7-47f066cacf19,Arts and Culture,Arts and Culture
DON3540,7db7b232-c7c6-4e03-a9d7-47f066cacf19,Yoga and Pilates,Yoga and Pilates
DON3541,878c2ee8-c7c0-4ab3-8e9a-f39f5fb479a1,Environment,Environment
DON3542,3b3cd7d3-1d46-4e3c-9ad7-248035701910,Finance,Finance
DON3543,3b3cd7d3-1d46-4e3c-9ad7-248035701910,Yoga and Pilates,Yoga and Pilates
DON3544,3b3cd7d3-1d46-4e3c-9ad7-248035701910,Travel,Travel
DON3545,61d115f9-148f-4451-9d9e-51e01e30be57,Travel,Travel
DON3546,61d115f9-148f-4451-9d9e-51e01e30be57,Yoga and Pilates,Yoga and Pilates
DON3547,ce7412e9-f87c-489d-bbbe-c8edd3db9c16,Travel,Travel
DON3548,ce7412e9-f87c-489d-bbbe-c8edd3db9c16,Arts and Culture,Arts and Culture
DON3549,ce7412e9-f87c-489d-bbbe-c8edd3db9c16,Environment,Environment
DON3550,f14f8101-5925-4e44-b953-9f6d93b26b29,Education,Education
DON3551,f14f8101-5925-4e44-b953-9f6d93b26b29,Environment,Environment
DON3552,f14f8101-5925-4e44-b953-9f6d93b26b29,Yoga and Pilates,Yoga and Pilates
DON3553,2b51b608-0c08-47fe-acbc-b3c48df77964,Education,Education
DON3554,b5ff8d2e-52f5-46c6-8079-0dc9e47423aa,Health and Wellness,Health and Wellness
DON3555,fe537d84-6ca2-49ec-b5cd-784c28ba3534,Finance,Finance
DON3556,7a4d5913-49c9-41e3-89e5-518e21bd4c27,Education,Education
DON3557,7a4d5913-49c9-41e3-89e5-518e21bd4c27,Health and Wellness,Health and Wellness
DON3558,7a4d5913-49c9-41e3-89e5-518e21bd4c27,Finance,Finance
DON3559,e5fdb0cb-950e-466b-a4f6-1446c4992e03,Health and Wellness,Health and Wellness
DON3560,e5fdb0cb-950e-466b-a4f6-1446c4992e03,Environment,Environment
DON3561,e5fdb0cb-950e-466b-a4f6-1446c4992e03,Travel,Travel
DON3562,6799adb5-7fe8-4fab-a6ea-04ce77dadeed,Arts and Culture,Arts and Culture
DON3563,6799adb5-7fe8-4fab-a6ea-04ce77dadeed,Sports and Fitness,Sports and Fitness
DON3564,d6de6e7c-ba45-4935-9fb1-9b04076bd049,Finance,Finance
DON3565,d6de6e7c-ba45-4935-9fb1-9b04076bd049,Technology,Technology
DON3566,d6de6e7c-ba45-4935-9fb1-9b04076bd049,Sports and Fitness,Sports and Fitness
DON3567,26ed8b29-94c1-4fe4-a840-8cd73a9526b5,Finance,Finance
DON3568,26ed8b29-94c1-4fe4-a840-8cd73a9526b5,Environment,Environment
DON3569,26ed8b29-94c1-4fe4-a840-8cd73a9526b5,Technology,Technology
DON3570,58dc6061-c37d-4320-b468-ce3020e110e2,Technology,Technology
DON3571,58dc6061-c37d-4320-b468-ce3020e110e2,Travel,Travel
DON3572,58dc6061-c37d-4320-b468-ce3020e110e2,Education,Education
DON3573,9c79d393-c7c3-4dda-821a-7c03d1f08a6a,Arts and Culture,Arts and Culture
DON3574,9c79d393-c7c3-4dda-821a-7c03d1f08a6a,Health and Wellness,Health and Wellness
DON3575,9c79d393-c7c3-4dda-821a-7c03d1f08a6a,Sports and Fitness,Sports and Fitness
DON3576,475d7168-4ded-4489-bb19-052404aedfc5,Technology,Technology
DON3577,475d7168-4ded-4489-bb19-052404aedfc5,Education,Education
DON3578,475d7168-4ded-4489-bb19-052404aedfc5,Yoga and Pilates,Yoga and Pilates
DON3579,fb53f566-b4e6-44a2-8957-bb98d6d014a3,Yoga and Pilates,Yoga and Pilates
DON3580,fb53f566-b4e6-44a2-8957-bb98d6d014a3,Health and Wellness,Health and Wellness
DON3581,fb53f566-b4e6-44a2-8957-bb98d6d014a3,Finance,Finance
DON3582,c5f4456d-ce14-4d10-abf9-80d5c7799f10,Arts and Culture,Arts and Culture
DON3583,c327877b-f845-47e1-93ab-8d5142946ec6,Education,Education
DON3584,c327877b-f845-47e1-93ab-8d5142946ec6,Technology,Technology
DON3585,c327877b-f845-47e1-93ab-8d5142946ec6,Environment,Environment
DON3586,fa59daf7-c301-446f-ac3c-b918ba8fbefc,Environment,Environment
DON3587,fa59daf7-c301-446f-ac3c-b918ba8fbefc,Technology,Technology
DON3588,45834740-3f85-49de-994c-5b280b216203,Technology,Technology
DON3589,45834740-3f85-49de-994c-5b280b216203,Food and Cooking,Food and Cooking
DON3590,f332cac2-b969-49ae-85dc-d3268ed63f74,Finance,Finance
DON3591,f332cac2-b969-49ae-85dc-d3268ed63f74,Education,Education
DON3592,5ad2a773-57c8-410a-bd82-eb52af6a99fb,Education,Education
DON3593,5ad2a773-57c8-410a-bd82-eb52af6a99fb,Arts and Culture,Arts and Culture
DON3594,c948f9d7-cdf5-4910-94fe-39a63e2adf4f,Finance,Finance
DON3595,c948f9d7-cdf5-4910-94fe-39a63e2adf4f,Technology,Technology
DON3596,c948f9d7-cdf5-4910-94fe-39a63e2adf4f,Travel,Travel
DON3597,fc11de0a-964a-4992-8958-0ef9058cc2ab,Food and Cooking,Food and Cooking
DON3598,fc11de0a-964a-4992-8958-0ef9058cc2ab,Finance,Finance
DON3599,1f05084a-9575-43f5-9d8b-88e2410ceeee,Technology,Technology
DON3600,a1807099-7087-4af0-8abd-9d8b16aa6fb0,Finance,Finance
DON3601,a1807099-7087-4af0-8abd-9d8b16aa6fb0,Yoga and Pilates,Yoga and Pilates
DON3602,7fad8002-a0ad-4ba7-b82b-875f97f1afe2,Arts and Culture,Arts and Culture
DON3603,620f246f-6233-4756-8a7b-eb56de328262,Technology,Technology
DON3604,620f246f-6233-4756-8a7b-eb56de328262,Education,Education
DON3605,620f246f-6233-4756-8a7b-eb56de328262,Environment,Environment
DON3606,1b6b66c7-688a-44c3-a64c-2d250bb99dde,Education,Education
DON3607,1b6b66c7-688a-44c3-a64c-2d250bb99dde,Travel,Travel
DON3608,1b6b66c7-688a-44c3-a64c-2d250bb99dde,Yoga and Pilates,Yoga and Pilates
DON3609,a5a51ccf-bd88-44ca-9457-dedfdc61b700,Education,Education
DON3610,a5a51ccf-bd88-44ca-9457-dedfdc61b700,Yoga and Pilates,Yoga and Pilates
DON3611,a5a51ccf-bd88-44ca-9457-dedfdc61b700,Finance,Finance
DON3612,7e523db0-3948-40a6-8f08-6af950926e43,Food and Cooking,Food and Cooking
DON3613,7e523db0-3948-40a6-8f08-6af950926e43,Arts and Culture,Arts and Culture
DON3614,12bb29e0-6141-4198-88b2-64e9c7e49b91,Arts and Culture,Arts and Culture
DON3615,0a1b9ee4-53ab-4478-90f1-25b4c56f3ad2,Travel,Travel
DON3616,8c541f5c-88f0-48ee-835f-e33ab352fb38,Travel,Travel
DON3617,8c541f5c-88f0-48ee-835f-e33ab352fb38,Education,Education
DON3618,ae6c6ae1-5cbc-4998-89d3-2570ca3b40eb,Education,Education
DON3619,ae6c6ae1-5cbc-4998-89d3-2570ca3b40eb,Food and Cooking,Food and Cooking
DON3620,723b17cc-8756-4706-9f8a-cabd13890fad,Arts and Culture,Arts and Culture
DON3621,515d2159-a1e7-4db3-9d36-79773b1f4524,Yoga and Pilates,Yoga and Pilates
DON3622,515d2159-a1e7-4db3-9d36-79773b1f4524,Environment,Environment
DON3623,515d2159-a1e7-4db3-9d36-79773b1f4524,Technology,Technology
DON3624,cae6b2c4-2ee3-47f8-a0c5-59f43213adb4,Education,Education
DON3625,cae6b2c4-2ee3-47f8-a0c5-59f43213adb4,Travel,Travel
DON3626,033ca122-bec4-4f90-81fe-c0037204e70c,Travel,Travel
DON3627,033ca122-bec4-4f90-81fe-c0037204e70c,Arts and Culture,Arts and Culture
DON3628,b8381994-f425-4d1e-86c0-7d7030f3488b,Education,Education
DON3629,39737258-578d-4774-b2a2-6e86e66bc901,Food and Cooking,Food and Cooking
DON3630,39737258-578d-4774-b2a2-6e86e66bc901,Yoga and Pilates,Yoga and Pilates
DON3631,39737258-578d-4774-b2a2-6e86e66bc901,Education,Education
DON3632,af95e8ba-7abc-4d20-96df-543f8bc7787a,Sports and Fitness,Sports and Fitness
DON3633,af95e8ba-7abc-4d20-96df-543f8bc7787a,Education,Education
DON3634,c9674839-106e-4870-8565-7ba6627922ae,Travel,Travel
DON3635,687afbac-9a34-4c36-849d-410f0e0b89e7,Sports and Fitness,Sports and Fitness
DON3636,687afbac-9a34-4c36-849d-410f0e0b89e7,Education,Education
DON3637,687afbac-9a34-4c36-849d-410f0e0b89e7,Travel,Travel
DON3638,b4076d34-321c-4faa-b02e-4e32ded8d565,Yoga and Pilates,Yoga and Pilates
DON3639,b4076d34-321c-4faa-b02e-4e32ded8d565,Sports and Fitness,Sports and Fitness
DON3640,c6e0f3b0-2adb-45d0-aeed-6c88041a991f,Education,Education
DON3641,c6e0f3b0-2adb-45d0-aeed-6c88041a991f,Technology,Technology
DON3642,96526af2-cd48-41fb-b967-0e99419f1a50,Environment,Environment
DON3643,96526af2-cd48-41fb-b967-0e99419f1a50,Technology,Technology
DON3644,3bba9318-90ab-4189-b747-4706c6abab0f,Food and Cooking,Food and Cooking
DON3645,3bba9318-90ab-4189-b747-4706c6abab0f,Health and Wellness,Health and Wellness
DON3646,edb432bf-c109-4ed2-8927-28701f73a576,Technology,Technology
DON3647,edb432bf-c109-4ed2-8927-28701f73a576,Finance,Finance
DON3648,2c9e7707-8f18-45a1-9b7b-4191aa4bdb33,Yoga and Pilates,Yoga and Pilates
DON3649,727becc4-bdd5-4e25-83b7-130f3b8a6935,Finance,Finance
DON3650,aac77508-8199-46cd-913a-9382a327798d,Yoga and Pilates,Yoga and Pilates
DON3651,7526f7b2-1af1-4903-b11a-d3602ef3e0e5,Food and Cooking,Food and Cooking
DON3652,da646b60-4d94-4a85-827b-52ced03bdd9f,Yoga and Pilates,Yoga and Pilates
DON3653,da646b60-4d94-4a85-827b-52ced03bdd9f,Sports and Fitness,Sports and Fitness
DON3654,da646b60-4d94-4a85-827b-52ced03bdd9f,Technology,Technology
DON3655,359d2335-92ed-4d0b-9ac2-f71ef6199690,Technology,Technology
DON3656,9de607b1-b920-4f71-82a2-54302ba581bc,Finance,Finance
DON3657,9de607b1-b920-4f71-82a2-54302ba581bc,Technology,Technology
DON3658,52c2a20d-c2cb-4914-9da3-3b2a926c6886,Environment,Environment
DON3659,52c2a20d-c2cb-4914-9da3-3b2a926c6886,Travel,Travel
DON3660,52c2a20d-c2cb-4914-9da3-3b2a926c6886,Arts and Culture,Arts and Culture
DON3661,c658884a-21f2-4dde-b48e-4986fabf5ad3,Finance,Finance
DON3662,386d88de-db06-4afa-985e-de8d2e3d78b2,Health and Wellness,Health and Wellness
DON3663,386d88de-db06-4afa-985e-de8d2e3d78b2,Finance,Finance
DON3664,386d88de-db06-4afa-985e-de8d2e3d78b2,Education,Education
DON3665,d274605c-a4ed-427c-8b82-76451ac9474a,Travel,Travel
DON3666,d274605c-a4ed-427c-8b82-76451ac9474a,Environment,Environment
DON3667,1c58531d-3ed9-4696-a350-6a940de5fd44,Environment,Environment
DON3668,1c58531d-3ed9-4696-a350-6a940de5fd44,Technology,Technology
DON3669,23ea1ea1-8c0e-4eee-9a9c-58ed095cb565,Finance,Finance
DON3670,23ea1ea1-8c0e-4eee-9a9c-58ed095cb565,Environment,Environment
DON3671,23ea1ea1-8c0e-4eee-9a9c-58ed095cb565,Education,Education
DON3672,ea4a1c09-74fe-4673-9a09-af9c17fca570,Education,Education
DON3673,ea4a1c09-74fe-4673-9a09-af9c17fca570,Finance,Finance
DON3674,aeea9575-32b2-49d1-920c-8ad5df461cf0,Arts and Culture,Arts and Culture
DON3675,aeea9575-32b2-49d1-920c-8ad5df461cf0,Health and Wellness,Health and Wellness
DON3676,5269e410-44ce-41bb-882a-7e394e095bed,Travel,Travel
DON3677,5269e410-44ce-41bb-882a-7e394e095bed,Environment,Environment
DON3678,9414727b-7d07-4899-9647-07a7096e010b,Health and Wellness,Health and Wellness
DON3679,9414727b-7d07-4899-9647-07a7096e010b,Yoga and Pilates,Yoga and Pilates
DON3680,4d9b8185-62c9-44d0-a812-512774f2c843,Health and Wellness,Health and Wellness
DON3681,4d9b8185-62c9-44d0-a812-512774f2c843,Travel,Travel
DON3682,4d9b8185-62c9-44d0-a812-512774f2c843,Education,Education
DON3683,c35c71e6-70da-4e6b-aa59-6d08428ed2ef,Education,Education
DON3684,c35c71e6-70da-4e6b-aa59-6d08428ed2ef,Food and Cooking,Food and Cooking
DON3685,c35c71e6-70da-4e6b-aa59-6d08428ed2ef,Technology,Technology
DON3686,96754f97-c4ac-4638-b772-f62ea244fb9c,Health and Wellness,Health and Wellness
DON3687,96754f97-c4ac-4638-b772-f62ea244fb9c,Sports and Fitness,Sports and Fitness
DON3688,462a0715-9ae2-46d1-af9d-099b6a769626,Travel,Travel
DON3689,462a0715-9ae2-46d1-af9d-099b6a769626,Health and Wellness,Health and Wellness
DON3690,462a0715-9ae2-46d1-af9d-099b6a769626,Finance,Finance
DON3691,ea4afe3d-ea8a-405c-bf2e-4dbe01a5d3da,Environment,Environment
DON3692,ea4afe3d-ea8a-405c-bf2e-4dbe01a5d3da,Travel,Travel
DON3693,330e7cc4-7bc8-4e57-b186-8d749198602a,Environment,Environment
DON3694,330e7cc4-7bc8-4e57-b186-8d749198602a,Finance,Finance
DON3695,330e7cc4-7bc8-4e57-b186-8d749198602a,Sports and Fitness,Sports and Fitness
DON3696,385dfb5c-8e66-44fb-9a87-9b7e4f27bcd0,Technology,Technology
DON3697,385dfb5c-8e66-44fb-9a87-9b7e4f27bcd0,Arts and Culture,Arts and Culture
DON3698,385dfb5c-8e66-44fb-9a87-9b7e4f27bcd0,Environment,Environment
DON3699,dbc559b1-6506-4af1-a97c-e9dcc10f2dd1,Environment,Environment
DON3700,f4c2c8dd-3404-4b14-9346-d874fb649f34,Technology,Technology
DON3701,f4c2c8dd-3404-4b14-9346-d874fb649f34,Finance,Finance
DON3702,f4c2c8dd-3404-4b14-9346-d874fb649f34,Education,Education
DON3703,35a666cc-88a3-40c6-b832-5a3ca575cfe5,Yoga and Pilates,Yoga and Pilates
DON3704,35a666cc-88a3-40c6-b832-5a3ca575cfe5,Travel,Travel
DON3705,175aab54-fc80-49d7-97ac-b600343500b5,Yoga and Pilates,Yoga and Pilates
DON3706,175aab54-fc80-49d7-97ac-b600343500b5,Sports and Fitness,Sports and Fitness
DON3707,175aab54-fc80-49d7-97ac-b600343500b5,Finance,Finance
DON3708,75c5a7dc-dd79-4647-abc2-fd690d60183e,Education,Education
DON3709,75c5a7dc-dd79-4647-abc2-fd690d60183e,Finance,Finance
DON3710,75c5a7dc-dd79-4647-abc2-fd690d60183e,Yoga and Pilates,Yoga and Pilates
DON3711,48c91e4e-3f9a-4f2f-83f6-eef1c3d528c2,Sports and Fitness,Sports and Fitness
DON3712,48c91e4e-3f9a-4f2f-83f6-eef1c3d528c2,Environment,Environment
DON3713,fdbfc5c6-0562-4348-b8a9-858309ebf8a0,Health and Wellness,Health and Wellness
DON3714,922d7d8c-3cdd-489d-be20-0160b292a82a,Travel,Travel
DON3715,d2525da6-617a-4f00-9576-f40aac958c6e,Education,Education
DON3716,e0672843-179e-4032-943d-54a35bab136f,Sports and Fitness,Sports and Fitness
DON3717,d63a3f1d-efe8-452a-a34e-4f01d20f8c4f,Finance,Finance
DON3718,d63a3f1d-efe8-452a-a34e-4f01d20f8c4f,Technology,Technology
DON3719,95a8032c-4be4-4ccb-a8e3-4279a1520d8a,Technology,Technology
DON3720,95a8032c-4be4-4ccb-a8e3-4279a1520d8a,Finance,Finance
DON3721,51ba2dbe-2b4b-4cc0-804c-94cd6b11f911,Sports and Fitness,Sports and Fitness
DON3722,51ba2dbe-2b4b-4cc0-804c-94cd6b11f911,Arts and Culture,Arts and Culture
DON3723,51ba2dbe-2b4b-4cc0-804c-94cd6b11f911,Finance,Finance
DON3724,ea03da9f-1567-44ec-b498-076fe5f42a41,Food and Cooking,Food and Cooking
DON3725,ea03da9f-1567-44ec-b498-076fe5f42a41,Health and Wellness,Health and Wellness
DON3726,750aa85c-6da9-46d7-b707-4eb760d9d188,Arts and Culture,Arts and Culture
DON3727,750aa85c-6da9-46d7-b707-4eb760d9d188,Sports and Fitness,Sports and Fitness
DON3728,69ace40b-593e-452c-af92-557734139fc9,Environment,Environment
DON3729,69ace40b-593e-452c-af92-557734139fc9,Sports and Fitness,Sports and Fitness
DON3730,69ace40b-593e-452c-af92-557734139fc9,Education,Education
DON3731,85420181-08da-4e17-91b2-8a92bba44a61,Environment,Environment
DON3732,48561708-5d34-4e39-91a5-b59fb120e281,Yoga and Pilates,Yoga and Pilates
DON3733,48561708-5d34-4e39-91a5-b59fb120e281,Finance,Finance
DON3734,66d5898c-47f6-409d-81c5-5227dd057ac8,Travel,Travel
DON3735,66d5898c-47f6-409d-81c5-5227dd057ac8,Finance,Finance
DON3736,d1514320-3d39-4243-9e17-a8b46205055c,Arts and Culture,Arts and Culture
DON3737,330648cd-b810-4311-ab4b-986c9f03235a,Education,Education
DON3738,330648cd-b810-4311-ab4b-986c9f03235a,Arts and Culture,Arts and Culture
DON3739,0423b384-cc85-4480-8201-5fce5d8956d2,Food and Cooking,Food and Cooking
DON3740,0423b384-cc85-4480-8201-5fce5d8956d2,Travel,Travel
DON3741,f068a7aa-5682-4568-8831-a32e33c4511e,Arts and Culture,Arts and Culture
DON3742,f068a7aa-5682-4568-8831-a32e33c4511e,Technology,Technology
DON3743,f068a7aa-5682-4568-8831-a32e33c4511e,Health and Wellness,Health and Wellness
DON3744,dee32ea0-5b09-42dd-b170-b7356d4be1f8,Travel,Travel
DON3745,dee32ea0-5b09-42dd-b170-b7356d4be1f8,Arts and Culture,Arts and Culture
DON3746,dee32ea0-5b09-42dd-b170-b7356d4be1f8,Sports and Fitness,Sports and Fitness
DON3747,d2595f03-521b-43ae-9a3c-3428a90e1ab9,Arts and Culture,Arts and Culture
DON3748,d2595f03-521b-43ae-9a3c-3428a90e1ab9,Sports and Fitness,Sports and Fitness
DON3749,d2595f03-521b-43ae-9a3c-3428a90e1ab9,Travel,Travel
DON3750,7cff0dda-11e1-4dd9-9d1c-0625a19a9f4a,Food and Cooking,Food and Cooking
DON3751,7cff0dda-11e1-4dd9-9d1c-0625a19a9f4a,Health and Wellness,Health and Wellness
DON3752,406852da-63f5-40bc-8d1c-922eddacd07b,Health and Wellness,Health and Wellness
DON3753,406852da-63f5-40bc-8d1c-922eddacd07b,Environment,Environment
DON3754,7a32ca81-b129-4358-b21f-eeaa582f54c5,Travel,Travel
DON3755,6f93131b-7689-443a-9e19-2aad02106891,Yoga and Pilates,Yoga and Pilates
DON3756,ab589dd6-666f-458a-bb57-ad11bccd4b23,Health and Wellness,Health and Wellness
DON3757,ab589dd6-666f-458a-bb57-ad11bccd4b23,Technology,Technology
DON3758,ab589dd6-666f-458a-bb57-ad11bccd4b23,Education,Education
DON3759,77d8b7dc-fc61-4eae-a870-f48b4f92b595,Technology,Technology
DON3760,77d8b7dc-fc61-4eae-a870-f48b4f92b595,Travel,Travel
DON3761,d0625b58-f671-4355-b744-13b0a2f5d1bf,Arts and Culture,Arts and Culture
DON3762,d0625b58-f671-4355-b744-13b0a2f5d1bf,Finance,Finance
DON3763,d0625b58-f671-4355-b744-13b0a2f5d1bf,Sports and Fitness,Sports and Fitness
DON3764,98d4958c-921a-48f4-92c2-d6177f58f412,Travel,Travel
DON3765,1dcbe420-46c1-4fdb-992f-23d4512307d1,Technology,Technology
DON3766,341cb416-084d-44a3-8f70-2ccb4ccf2731,Environment,Environment
DON3767,341cb416-084d-44a3-8f70-2ccb4ccf2731,Technology,Technology
DON3768,c23b823c-efdb-4ff3-b68e-e67dc8046a59,Arts and Culture,Arts and Culture
DON3769,6483e956-e6ce-42cd-9ca3-6d811ede6e7a,Arts and Culture,Arts and Culture
DON3770,6483e956-e6ce-42cd-9ca3-6d811ede6e7a,Sports and Fitness,Sports and Fitness
DON3771,6483e956-e6ce-42cd-9ca3-6d811ede6e7a,Travel,Travel
DON3772,e170e7a9-bd0e-43cf-894c-e2b1fc266e7e,Sports and Fitness,Sports and Fitness
DON3773,e7cd9ba3-211c-41f4-8a92-4d64ff504073,Education,Education
DON3774,e7cd9ba3-211c-41f4-8a92-4d64ff504073,Finance,Finance
DON3775,472e4f22-8280-4773-9db3-8e0db79b7ff5,Environment,Environment
DON3776,472e4f22-8280-4773-9db3-8e0db79b7ff5,Education,Education
DON3777,9f75ecd4-bdd1-4fe3-b57f-11115fa00352,Technology,Technology
DON3778,9f75ecd4-bdd1-4fe3-b57f-11115fa00352,Environment,Environment
DON3779,9f75ecd4-bdd1-4fe3-b57f-11115fa00352,Education,Education
DON3780,6205f0cb-d50d-4e3c-ada8-0e75dbb43f9a,Sports and Fitness,Sports and Fitness
DON3781,6205f0cb-d50d-4e3c-ada8-0e75dbb43f9a,Food and Cooking,Food and Cooking
DON3782,6205f0cb-d50d-4e3c-ada8-0e75dbb43f9a,Education,Education
DON3783,497d5702-0300-4aec-aab9-e474eeb444d4,Yoga and Pilates,Yoga and Pilates
DON3784,497d5702-0300-4aec-aab9-e474eeb444d4,Sports and Fitness,Sports and Fitness
DON3785,497d5702-0300-4aec-aab9-e474eeb444d4,Education,Education
DON3786,8612c311-0e6e-4e9d-bd02-d68ee300d8ad,Yoga and Pilates,Yoga and Pilates
DON3787,23ca7a7e-76a1-4972-9496-025c4b0f042b,Technology,Technology
DON3788,23ca7a7e-76a1-4972-9496-025c4b0f042b,Food and Cooking,Food and Cooking
DON3789,7cf20589-ef11-495f-8d7a-6760034a478f,Finance,Finance
DON3790,7cf20589-ef11-495f-8d7a-6760034a478f,Environment,Environment
DON3791,7cf20589-ef11-495f-8d7a-6760034a478f,Arts and Culture,Arts and Culture
DON3792,5b77cb1e-6062-469a-a500-2a8bfb68a861,Yoga and Pilates,Yoga and Pilates
DON3793,5b77cb1e-6062-469a-a500-2a8bfb68a861,Health and Wellness,Health and Wellness
DON3794,5b77cb1e-6062-469a-a500-2a8bfb68a861,Arts and Culture,Arts and Culture
DON3795,48952a07-04eb-4fa5-9718-9110e161d695,Health and Wellness,Health and Wellness
DON3796,48952a07-04eb-4fa5-9718-9110e161d695,Education,Education
DON3797,48952a07-04eb-4fa5-9718-9110e161d695,Yoga and Pilates,Yoga and Pilates
DON3798,c21d2bb6-ccbc-4572-839f-fca872384169,Technology,Technology
DON3799,ffc15836-de35-460f-bc59-cc6563e81bab,Sports and Fitness,Sports and Fitness
DON3800,ffc15836-de35-460f-bc59-cc6563e81bab,Yoga and Pilates,Yoga and Pilates
DON3801,ffc15836-de35-460f-bc59-cc6563e81bab,Finance,Finance
DON3802,05fa736c-7b7a-4510-a5cb-311f84c30ec5,Arts and Culture,Arts and Culture
DON3803,a2faad03-f427-4569-baa8-dd4cc4888b2b,Arts and Culture,Arts and Culture
DON3804,a2faad03-f427-4569-baa8-dd4cc4888b2b,Travel,Travel
DON3805,a2faad03-f427-4569-baa8-dd4cc4888b2b,Finance,Finance
DON3806,7e9824b9-37d4-40c3-a000-1d03d22f6358,Arts and Culture,Arts and Culture
DON3807,7e9824b9-37d4-40c3-a000-1d03d22f6358,Technology,Technology
DON3808,04949e0c-5ff5-453d-bff7-a1562a765a97,Sports and Fitness,Sports and Fitness
DON3809,04949e0c-5ff5-453d-bff7-a1562a765a97,Arts and Culture,Arts and Culture
DON3810,04949e0c-5ff5-453d-bff7-a1562a765a97,Education,Education
DON3811,e906b533-7829-4dec-8241-26f7a60bda31,Sports and Fitness,Sports and Fitness
DON3812,c3f266cd-e3bb-417e-87a6-c92f9abe2e7c,Food and Cooking,Food and Cooking
DON3813,c3f266cd-e3bb-417e-87a6-c92f9abe2e7c,Sports and Fitness,Sports and Fitness
DON3814,044e8ddb-e930-4bd5-bdea-6b19edcc8f2a,Food and Cooking,Food and Cooking
DON3815,044e8ddb-e930-4bd5-bdea-6b19edcc8f2a,Education,Education
DON3816,edb35bd5-e1a3-476f-aa45-b083eee7d523,Arts and Culture,Arts and Culture
DON3817,edb35bd5-e1a3-476f-aa45-b083eee7d523,Health and Wellness,Health and Wellness
DON3818,781af9dc-1245-40db-afef-128f7f1d85e3,Technology,Technology
DON3819,781af9dc-1245-40db-afef-128f7f1d85e3,Education,Education
DON3820,66b53432-4d2e-44b8-9198-24a01999929f,Education,Education
DON3821,dcf8ad31-0431-4f99-be5b-eb318fcacf9e,Education,Education
DON3822,dcf8ad31-0431-4f99-be5b-eb318fcacf9e,Sports and Fitness,Sports and Fitness
DON3823,93c5b70d-a5a9-4136-a7cf-ddcccc0834c3,Yoga and Pilates,Yoga and Pilates
DON3824,93c5b70d-a5a9-4136-a7cf-ddcccc0834c3,Finance,Finance
DON3825,93c5b70d-a5a9-4136-a7cf-ddcccc0834c3,Travel,Travel
DON3826,29f7cdd7-623b-4a07-a5b1-74e8be1005c2,Health and Wellness,Health and Wellness
DON3827,d0aa7ace-f319-4da9-964e-5e7acdfb6083,Health and Wellness,Health and Wellness
DON3828,d0aa7ace-f319-4da9-964e-5e7acdfb6083,Finance,Finance
DON3829,d0aa7ace-f319-4da9-964e-5e7acdfb6083,Arts and Culture,Arts and Culture
DON3830,0fce05d9-a96a-48b1-9fd4-23ebd199261e,Travel,Travel
DON3831,89d3ee55-6318-4a09-9982-795e33fffdf8,Environment,Environment
DON3832,89d3ee55-6318-4a09-9982-795e33fffdf8,Finance,Finance
DON3833,89d3ee55-6318-4a09-9982-795e33fffdf8,Sports and Fitness,Sports and Fitness
DON3834,448d070e-2a98-4fcc-b703-84b8a608968a,Technology,Technology
DON3835,ea32aadd-d946-4204-addf-1566f359d5bf,Yoga and Pilates,Yoga and Pilates
DON3836,ea32aadd-d946-4204-addf-1566f359d5bf,Food and Cooking,Food and Cooking
DON3837,ea32aadd-d946-4204-addf-1566f359d5bf,Finance,Finance
DON3838,936ff238-1d52-471f-8934-e947e84c9c7a,Sports and Fitness,Sports and Fitness
DON3839,936ff238-1d52-471f-8934-e947e84c9c7a,Yoga and Pilates,Yoga and Pilates
DON3840,936ff238-1d52-471f-8934-e947e84c9c7a,Travel,Travel
DON3841,6655a57e-982f-4c43-b1aa-55b68587fa6f,Yoga and Pilates,Yoga and Pilates
DON3842,6655a57e-982f-4c43-b1aa-55b68587fa6f,Technology,Technology
DON3843,6655a57e-982f-4c43-b1aa-55b68587fa6f,Health and Wellness,Health and Wellness
DON3844,1d49c082-e041-4823-8ad1-2d85b016273c,Food and Cooking,Food and Cooking
DON3845,bebc4d5b-2167-4428-9b46-322f5fbdc2c0,Environment,Environment
DON3846,ea03a3c4-3935-48d0-ba96-bd6a18d27ffb,Health and Wellness,Health and Wellness
DON3847,ea03a3c4-3935-48d0-ba96-bd6a18d27ffb,Environment,Environment
DON3848,ea03a3c4-3935-48d0-ba96-bd6a18d27ffb,Finance,Finance
DON3849,fe382a2c-5d6f-4540-add1-3a0ca5ef9117,Finance,Finance
DON3850,fe382a2c-5d6f-4540-add1-3a0ca5ef9117,Technology,Technology
DON3851,fe382a2c-5d6f-4540-add1-3a0ca5ef9117,Food and Cooking,Food and Cooking
DON3852,bde71b45-343c-400f-93ee-3969284c38b8,Health and Wellness,Health and Wellness
DON3853,bde71b45-343c-400f-93ee-3969284c38b8,Arts and Culture,Arts and Culture
DON3854,bde71b45-343c-400f-93ee-3969284c38b8,Environment,Environment
DON3855,5def5e3c-d8d8-4440-9e8b-423f4a2c3283,Environment,Environment
DON3856,fd5abf52-0baf-4efa-97ce-1fe010a7580c,Food and Cooking,Food and Cooking
DON3857,fd5abf52-0baf-4efa-97ce-1fe010a7580c,Technology,Technology
DON3858,2f46d826-98a3-4c6e-9b33-ab83f03140c4,Sports and Fitness,Sports and Fitness
DON3859,2f46d826-98a3-4c6e-9b33-ab83f03140c4,Arts and Culture,Arts and Culture
DON3860,9b3eac78-b64c-4d9a-841a-cd6948d3f96c,Food and Cooking,Food and Cooking
DON3861,9b3eac78-b64c-4d9a-841a-cd6948d3f96c,Yoga and Pilates,Yoga and Pilates
DON3862,e7d1e400-e2a6-4dd7-9d61-31a5e1712c65,Technology,Technology
DON3863,e7d1e400-e2a6-4dd7-9d61-31a5e1712c65,Yoga and Pilates,Yoga and Pilates
DON3864,e7d1e400-e2a6-4dd7-9d61-31a5e1712c65,Health and Wellness,Health and Wellness
DON3865,e599c58d-6841-472f-8849-86f1d3bf4239,Food and Cooking,Food and Cooking
DON3866,f9768441-7d99-43bc-bd73-536097ba4efc,Finance,Finance
DON3867,f9768441-7d99-43bc-bd73-536097ba4efc,Health and Wellness,Health and Wellness
DON3868,21a403fb-da56-4830-9804-a78179c73aac,Sports and Fitness,Sports and Fitness
DON3869,f5a96eed-e9ba-4234-b357-87736d1ff0d1,Health and Wellness,Health and Wellness
DON3870,f5a96eed-e9ba-4234-b357-87736d1ff0d1,Arts and Culture,Arts and Culture
DON3871,f5a96eed-e9ba-4234-b357-87736d1ff0d1,Sports and Fitness,Sports and Fitness
DON3872,49b2408a-7a7d-4586-8673-c71c3ce6395f,Education,Education
DON3873,49b2408a-7a7d-4586-8673-c71c3ce6395f,Yoga and Pilates,Yoga and Pilates
DON3874,49b2408a-7a7d-4586-8673-c71c3ce6395f,Travel,Travel
DON3875,49b065bb-0fb0-41b1-92cb-5e1aab52ca8f,Arts and Culture,Arts and Culture
DON3876,49b065bb-0fb0-41b1-92cb-5e1aab52ca8f,Food and Cooking,Food and Cooking
DON3877,405a312d-ca8a-4dd2-aa25-28cf5c81592b,Technology,Technology
DON3878,8b631002-6e6d-414b-b5b9-269b8272e20b,Environment,Environment
DON3879,8b631002-6e6d-414b-b5b9-269b8272e20b,Finance,Finance
DON3880,8b631002-6e6d-414b-b5b9-269b8272e20b,Travel,Travel
DON3881,d28c76be-cc4b-48d4-8c0a-41e2882254e7,Food and Cooking,Food and Cooking
DON3882,d28c76be-cc4b-48d4-8c0a-41e2882254e7,Finance,Finance
DON3883,d28c76be-cc4b-48d4-8c0a-41e2882254e7,Health and Wellness,Health and Wellness
DON3884,c27c0d5a-69d4-47bd-9ef0-b0dada452c11,Sports and Fitness,Sports and Fitness
DON3885,c27c0d5a-69d4-47bd-9ef0-b0dada452c11,Travel,Travel
DON3886,57b7045b-5862-4007-be46-c33e61a6b46f,Travel,Travel
DON3887,57b7045b-5862-4007-be46-c33e61a6b46f,Education,Education
DON3888,57b7045b-5862-4007-be46-c33e61a6b46f,Arts and Culture,Arts and Culture
DON3889,d626b9ca-6a86-4260-b828-f6585365644a,Food and Cooking,Food and Cooking
DON3890,b94fb712-0064-4197-8941-eb97237602d7,Arts and Culture,Arts and Culture
DON3891,b94fb712-0064-4197-8941-eb97237602d7,Technology,Technology
DON3892,b94fb712-0064-4197-8941-eb97237602d7,Yoga and Pilates,Yoga and Pilates
DON3893,4acf0a06-cebe-4412-b03f-89d196449d93,Food and Cooking,Food and Cooking
DON3894,4acf0a06-cebe-4412-b03f-89d196449d93,Travel,Travel
DON3895,534a2227-bbf1-4855-bb97-92d307a026a1,Environment,Environment
DON3896,e6fbb615-f673-4530-8afa-8c04079a1965,Sports and Fitness,Sports and Fitness
DON3897,e6fbb615-f673-4530-8afa-8c04079a1965,Yoga and Pilates,Yoga and Pilates
DON3898,e6fbb615-f673-4530-8afa-8c04079a1965,Arts and Culture,Arts and Culture
DON3899,f9a6e47a-48d2-4675-b99e-43a21af114b7,Food and Cooking,Food and Cooking
DON3900,f9a6e47a-48d2-4675-b99e-43a21af114b7,Education,Education
DON3901,700d349c-f33a-4b11-bf23-e2367668843c,Travel,Travel
DON3902,0440cf8a-3767-4e92-9769-52a1c80ae02a,Environment,Environment
DON3903,0440cf8a-3767-4e92-9769-52a1c80ae02a,Technology,Technology
DON3904,c94e6a6b-d5ec-452b-bfb6-819875955b61,Food and Cooking,Food and Cooking
DON3905,c94e6a6b-d5ec-452b-bfb6-819875955b61,Environment,Environment
DON3906,363939d5-c7b7-422c-8b85-be4444fbdbf7,Food and Cooking,Food and Cooking
DON3907,363939d5-c7b7-422c-8b85-be4444fbdbf7,Yoga and Pilates,Yoga and Pilates
DON3908,363939d5-c7b7-422c-8b85-be4444fbdbf7,Environment,Environment
DON3909,f2b12560-13fb-4ccd-bb33-f5cdbbf3863f,Sports and Fitness,Sports and Fitness
DON3910,f2b12560-13fb-4ccd-bb33-f5cdbbf3863f,Health and Wellness,Health and Wellness
DON3911,f2b12560-13fb-4ccd-bb33-f5cdbbf3863f,Technology,Technology
DON3912,76f07742-442a-4a7c-91f5-9670af4fadf7,Health and Wellness,Health and Wellness
DON3913,76f07742-442a-4a7c-91f5-9670af4fadf7,Finance,Finance
DON3914,615d6db9-34a8-47d6-af10-aee0e70031e4,Finance,Finance
DON3915,e0b17e84-0b8f-4b8e-9e1f-c6def910f939,Sports and Fitness,Sports and Fitness
DON3916,e40e8b36-a38f-4da3-b873-a7c9b6620007,Education,Education
DON3917,e40e8b36-a38f-4da3-b873-a7c9b6620007,Arts and Culture,Arts and Culture
DON3918,18357b66-69a9-4e23-a869-89a370ca18c1,Finance,Finance
DON3919,18357b66-69a9-4e23-a869-89a370ca18c1,Technology,Technology
DON3920,af3a4af3-555a-4ac9-be64-6c0e803e81ce,Sports and Fitness,Sports and Fitness
DON3921,af3a4af3-555a-4ac9-be64-6c0e803e81ce,Finance,Finance
DON3922,af3a4af3-555a-4ac9-be64-6c0e803e81ce,Food and Cooking,Food and Cooking
DON3923,52c70c1c-7bc1-464a-aae1-7e1a3c1d36ba,Yoga and Pilates,Yoga and Pilates
DON3924,1d7fd732-109e-4cb2-bb5b-88752da575ef,Environment,Environment
DON3925,1d7fd732-109e-4cb2-bb5b-88752da575ef,Technology,Technology
DON3926,1d7fd732-109e-4cb2-bb5b-88752da575ef,Sports and Fitness,Sports and Fitness
DON3927,0f43023e-a2cb-4c93-813a-f6158cc569e9,Yoga and Pilates,Yoga and Pilates
DON3928,b3a01d68-3931-41fc-a063-ecd31987c537,Environment,Environment
DON3929,b3a01d68-3931-41fc-a063-ecd31987c537,Health and Wellness,Health and Wellness
DON3930,8f8dd082-7dda-413c-a971-a0f086606d5e,Finance,Finance
DON3931,8f8dd082-7dda-413c-a971-a0f086606d5e,Arts and Culture,Arts and Culture
DON3932,13bc912b-cf9e-4b70-9aca-b0a0d6fd1175,Finance,Finance
DON3933,13bc912b-cf9e-4b70-9aca-b0a0d6fd1175,Health and Wellness,Health and Wellness
DON3934,13bc912b-cf9e-4b70-9aca-b0a0d6fd1175,Sports and Fitness,Sports and Fitness
DON3935,efb7ba31-dfaa-47f1-b784-69cfaad6c22e,Yoga and Pilates,Yoga and Pilates
DON3936,24f6be20-1f2c-415f-9b80-0bba622f628c,Yoga and Pilates,Yoga and Pilates
DON3937,24f6be20-1f2c-415f-9b80-0bba622f628c,Food and Cooking,Food and Cooking
DON3938,24f6be20-1f2c-415f-9b80-0bba622f628c,Health and Wellness,Health and Wellness
DON3939,994b93a0-acc3-4615-a31a-30b966db32e6,Sports and Fitness,Sports and Fitness
DON3940,c5969a11-be8a-4018-98cb-79dd1f727ae7,Sports and Fitness,Sports and Fitness
DON3941,c5969a11-be8a-4018-98cb-79dd1f727ae7,Health and Wellness,Health and Wellness
DON3942,1bdb815f-5777-409a-9c40-8e1843140623,Finance,Finance
DON3943,1bdb815f-5777-409a-9c40-8e1843140623,Yoga and Pilates,Yoga and Pilates
DON3944,1bdb815f-5777-409a-9c40-8e1843140623,Health and Wellness,Health and Wellness
DON3945,426014b9-17c6-45e9-90c7-00eb3405765c,Finance,Finance
DON3946,426014b9-17c6-45e9-90c7-00eb3405765c,Education,Education
DON3947,426014b9-17c6-45e9-90c7-00eb3405765c,Yoga and Pilates,Yoga and Pilates
DON3948,a7e2b008-203e-4051-9298-1194436506b5,Finance,Finance
DON3949,a7e2b008-203e-4051-9298-1194436506b5,Technology,Technology
DON3950,a7e2b008-203e-4051-9298-1194436506b5,Food and Cooking,Food and Cooking
DON3951,150fd002-cfe8-40cf-9774-062ec943af87,Food and Cooking,Food and Cooking
DON3952,771e78bd-cb4e-449e-8dff-b8d87d76fe4d,Environment,Environment
DON3953,ae101af0-6559-4726-a773-8e11e62bca6f,Health and Wellness,Health and Wellness
DON3954,ae101af0-6559-4726-a773-8e11e62bca6f,Arts and Culture,Arts and Culture
DON3955,ad4b8c1f-f54a-47c9-b7c2-0be70d95a9e3,Environment,Environment
DON3956,ad4b8c1f-f54a-47c9-b7c2-0be70d95a9e3,Sports and Fitness,Sports and Fitness
DON3957,ab92e1e7-3376-49d3-bff6-eaa5a2629dab,Arts and Culture,Arts and Culture
DON3958,ab92e1e7-3376-49d3-bff6-eaa5a2629dab,Travel,Travel
DON3959,ab92e1e7-3376-49d3-bff6-eaa5a2629dab,Yoga and Pilates,Yoga and Pilates
DON3960,b0865d16-80d8-448d-89c7-8d966fd6e862,Food and Cooking,Food and Cooking
DON3961,b0865d16-80d8-448d-89c7-8d966fd6e862,Health and Wellness,Health and Wellness
DON3962,b0865d16-80d8-448d-89c7-8d966fd6e862,Yoga and Pilates,Yoga and Pilates
DON3963,fe678180-4b9a-4a90-a379-45482e0cd16a,Sports and Fitness,Sports and Fitness
DON3964,2a5360b7-76f6-4f96-8099-756b5a175b41,Health and Wellness,Health and Wellness
DON3965,2a5360b7-76f6-4f96-8099-756b5a175b41,Education,Education
DON3966,2a5360b7-76f6-4f96-8099-756b5a175b41,Finance,Finance
DON3967,eb30ee05-f645-458d-a93f-0c08e26a7299,Environment,Environment
DON3968,eb30ee05-f645-458d-a93f-0c08e26a7299,Food and Cooking,Food and Cooking
DON3969,eb30ee05-f645-458d-a93f-0c08e26a7299,Yoga and Pilates,Yoga and Pilates
DON3970,e1f50478-aeac-461a-9674-0867e8516334,Sports and Fitness,Sports and Fitness
DON3971,e1f50478-aeac-461a-9674-0867e8516334,Travel,Travel
DON3972,e1f50478-aeac-461a-9674-0867e8516334,Environment,Environment
DON3973,bf7fd97d-01ef-46e1-982f-61a9a523b555,Travel,Travel
DON3974,a1ad7f6b-a72d-4eae-8dd5-e3fd39f105e3,Yoga and Pilates,Yoga and Pilates
DON3975,a1ad7f6b-a72d-4eae-8dd5-e3fd39f105e3,Arts and Culture,Arts and Culture
DON3976,a1ad7f6b-a72d-4eae-8dd5-e3fd39f105e3,Travel,Travel
DON3977,e23002ad-6903-4da1-a874-dddd35beb31f,Sports and Fitness,Sports and Fitness
DON3978,e23002ad-6903-4da1-a874-dddd35beb31f,Environment,Environment
DON3979,03455137-7acf-4912-81c9-bddea7fc00a5,Education,Education
DON3980,03455137-7acf-4912-81c9-bddea7fc00a5,Sports and Fitness,Sports and Fitness
DON3981,dc84e9b3-cf4a-4beb-bf20-858f403fe8ff,Yoga and Pilates,Yoga and Pilates
DON3982,dc5eabce-9240-4668-8ba2-09e22eaf0b02,Finance,Finance
DON3983,dc5eabce-9240-4668-8ba2-09e22eaf0b02,Travel,Travel
DON3984,dc5eabce-9240-4668-8ba2-09e22eaf0b02,Education,Education
DON3985,bc170c89-424f-4302-be44-5c6a20f2fc1d,Arts and Culture,Arts and Culture
DON3986,bc170c89-424f-4302-be44-5c6a20f2fc1d,Health and Wellness,Health and Wellness
DON3987,bc170c89-424f-4302-be44-5c6a20f2fc1d,Education,Education
DON3988,2c4e44ec-4b90-43fe-92a7-36e2c03c42f6,Travel,Travel
DON3989,2c4e44ec-4b90-43fe-92a7-36e2c03c42f6,Food and Cooking,Food and Cooking
DON3990,2c4e44ec-4b90-43fe-92a7-36e2c03c42f6,Sports and Fitness,Sports and Fitness
DON3991,8b25b5ee-4569-4705-bc13-25422af45c92,Technology,Technology
DON3992,8b25b5ee-4569-4705-bc13-25422af45c92,Travel,Travel
DON3993,9fe9f450-b351-4e83-98d0-20177134ceb5,Yoga and Pilates,Yoga and Pilates
DON3994,9fe9f450-b351-4e83-98d0-20177134ceb5,Sports and Fitness,Sports and Fitness
DON3995,9fe9f450-b351-4e83-98d0-20177134ceb5,Arts and Culture,Arts and Culture
DON3996,9b83f74a-4ede-4e24-9b03-ad1289674132,Finance,Finance
DON3997,9b83f74a-4ede-4e24-9b03-ad1289674132,Environment,Environment
DON3998,5cde2417-b832-4e9a-897f-22ea27055cc9,Sports and Fitness,Sports and Fitness
DON3999,5cde2417-b832-4e9a-897f-22ea27055cc9,Food and Cooking,Food and Cooking
DON4000,f4c6f98f-d44b-4d89-9d4a-eae94ebca652,Education,Education
DON4001,f4c6f98f-d44b-4d89-9d4a-eae94ebca652,Sports and Fitness,Sports and Fitness
DON4002,f4c6f98f-d44b-4d89-9d4a-eae94ebca652,Travel,Travel
DON4003,d56a65a5-f9ce-4499-8e2b-e15330a7e763,Yoga and Pilates,Yoga and Pilates
DON4004,f69a180d-bd5e-4888-9ff5-2165b2ef6c6a,Health and Wellness,Health and Wellness
DON4005,47cf777d-397b-4d99-8597-04e27f5c0663,Health and Wellness,Health and Wellness
DON4006,47cf777d-397b-4d99-8597-04e27f5c0663,Arts and Culture,Arts and Culture
DON4007,47cf777d-397b-4d99-8597-04e27f5c0663,Travel,Travel
DON4008,e4518587-5c93-4412-9dab-3d538c46b768,Environment,Environment
DON4009,e4518587-5c93-4412-9dab-3d538c46b768,Sports and Fitness,Sports and Fitness
DON4010,e4518587-5c93-4412-9dab-3d538c46b768,Travel,Travel
DON4011,7a173245-59ec-40bb-ba86-cdc9af88f7c5,Arts and Culture,Arts and Culture
DON4012,d0cbc16e-14ee-4d20-a4aa-dc147af3dd4f,Sports and Fitness,Sports and Fitness
DON4013,d0cbc16e-14ee-4d20-a4aa-dc147af3dd4f,Finance,Finance
DON4014,d0cbc16e-14ee-4d20-a4aa-dc147af3dd4f,Education,Education
DON4015,a57e0547-0855-4e3b-ad0f-ceaf3a6498dd,Technology,Technology
DON4016,85673dec-1c54-483d-a84b-e23a0171e005,Education,Education
DON4017,71be939b-cb9a-45d1-b7cc-2c05bd9a63ac,Education,Education
DON4018,71be939b-cb9a-45d1-b7cc-2c05bd9a63ac,Arts and Culture,Arts and Culture
DON4019,1d4051f6-d90c-4522-a0a2-cb31f423a179,Health and Wellness,Health and Wellness
DON4020,fc6c6652-1738-4d0e-ad62-b9650028dc0c,Food and Cooking,Food and Cooking
DON4021,fc6c6652-1738-4d0e-ad62-b9650028dc0c,Environment,Environment
DON4022,ca8c2601-7296-40a5-80d7-9260df0b4b02,Environment,Environment
DON4023,ca8c2601-7296-40a5-80d7-9260df0b4b02,Travel,Travel
DON4024,492b4c99-1de9-4489-a0e7-d9d178e99390,Technology,Technology
DON4025,492b4c99-1de9-4489-a0e7-d9d178e99390,Yoga and Pilates,Yoga and Pilates
DON4026,492b4c99-1de9-4489-a0e7-d9d178e99390,Travel,Travel
DON4027,bcfafa32-25da-4739-ac17-8c6f13ec8390,Sports and Fitness,Sports and Fitness
DON4028,bcfafa32-25da-4739-ac17-8c6f13ec8390,Technology,Technology
DON4029,bcfafa32-25da-4739-ac17-8c6f13ec8390,Health and Wellness,Health and Wellness
DON4030,40debaec-5611-44b9-a428-03a6f8560778,Health and Wellness,Health and Wellness
DON4031,40debaec-5611-44b9-a428-03a6f8560778,Arts and Culture,Arts and Culture
DON4032,40debaec-5611-44b9-a428-03a6f8560778,Sports and Fitness,Sports and Fitness
DON4033,58c8e980-0152-49c8-94c1-52ec32ac55e8,Sports and Fitness,Sports and Fitness
DON4034,58c8e980-0152-49c8-94c1-52ec32ac55e8,Education,Education
DON4035,058f5285-10fd-4318-89d2-34b8684eaf20,Arts and Culture,Arts and Culture
DON4036,058f5285-10fd-4318-89d2-34b8684eaf20,Environment,Environment
DON4037,058f5285-10fd-4318-89d2-34b8684eaf20,Health and Wellness,Health and Wellness
DON4038,1b337605-d779-482e-8a2d-a88eb0f849a8,Environment,Environment
DON4039,1b337605-d779-482e-8a2d-a88eb0f849a8,Finance,Finance
DON4040,1b337605-d779-482e-8a2d-a88eb0f849a8,Yoga and Pilates,Yoga and Pilates
DON4041,07b77009-d46e-415b-a734-c30e3fe6deb6,Technology,Technology
DON4042,83618cf4-30cb-48f9-b9e8-7638225ba5ac,Sports and Fitness,Sports and Fitness
DON4043,83618cf4-30cb-48f9-b9e8-7638225ba5ac,Arts and Culture,Arts and Culture
DON4044,83618cf4-30cb-48f9-b9e8-7638225ba5ac,Technology,Technology
DON4045,aefba031-af1c-4037-a196-708eebc92ba3,Health and Wellness,Health and Wellness
DON4046,f47c76a7-2b71-4e0d-b86c-ffff4d47c216,Technology,Technology
DON4047,d3bfcad5-21c3-49f8-a756-e863c1c8a197,Arts and Culture,Arts and Culture
DON4048,3fdd751d-57fc-4d57-87a7-2d34ca497c2f,Education,Education
DON4049,3fdd751d-57fc-4d57-87a7-2d34ca497c2f,Finance,Finance
DON4050,3fdd751d-57fc-4d57-87a7-2d34ca497c2f,Food and Cooking,Food and Cooking
DON4051,da617636-d26f-4ec6-a6b0-5db1aae59767,Travel,Travel
DON4052,59688d1f-92bb-40f5-a023-b561004973ba,Health and Wellness,Health and Wellness
DON4053,59688d1f-92bb-40f5-a023-b561004973ba,Sports and Fitness,Sports and Fitness
DON4054,59688d1f-92bb-40f5-a023-b561004973ba,Finance,Finance
DON4055,b78cb555-b8eb-4abc-8ff3-d904e59284c4,Sports and Fitness,Sports and Fitness
DON4056,81b4fdd4-52ce-4392-895b-d51bd022769c,Education,Education
DON4057,81b4fdd4-52ce-4392-895b-d51bd022769c,Finance,Finance
DON4058,77f516d3-cceb-4be1-b196-118533a298b8,Arts and Culture,Arts and Culture
DON4059,77f516d3-cceb-4be1-b196-118533a298b8,Sports and Fitness,Sports and Fitness
DON4060,77f516d3-cceb-4be1-b196-118533a298b8,Finance,Finance
DON4061,bd2ac925-d8b7-41b6-a0da-097d219c52b9,Food and Cooking,Food and Cooking
DON4062,bd2ac925-d8b7-41b6-a0da-097d219c52b9,Technology,Technology
DON4063,bd2ac925-d8b7-41b6-a0da-097d219c52b9,Finance,Finance
DON4064,4686d4f1-3025-4668-b373-be1863c04bda,Finance,Finance
DON4065,4686d4f1-3025-4668-b373-be1863c04bda,Environment,Environment
DON4066,4686d4f1-3025-4668-b373-be1863c04bda,Health and Wellness,Health and Wellness
DON4067,a9059867-0b98-4291-a8f4-732138b566ad,Travel,Travel
DON4068,aeadf14b-be42-4935-a65b-66a96193ba14,Arts and Culture,Arts and Culture
DON4069,aeadf14b-be42-4935-a65b-66a96193ba14,Environment,Environment
DON4070,a67dccb0-1e8b-4bd0-9a55-d5688b8ca078,Health and Wellness,Health and Wellness
DON4071,4797bbef-f5af-41b8-b0d2-7872b0f26548,Food and Cooking,Food and Cooking
DON4072,05facf2b-d441-4869-b8b8-8705ae2689ed,Arts and Culture,Arts and Culture
DON4073,05facf2b-d441-4869-b8b8-8705ae2689ed,Travel,Travel
DON4074,cb866baf-0202-4855-9946-872afc2422af,Travel,Travel
DON4075,cb866baf-0202-4855-9946-872afc2422af,Technology,Technology
DON4076,21f60414-550b-495f-b6f6-fbe8617076cf,Travel,Travel
DON4077,21f60414-550b-495f-b6f6-fbe8617076cf,Finance,Finance
DON4078,21f60414-550b-495f-b6f6-fbe8617076cf,Food and Cooking,Food and Cooking
DON4079,e2c16e2c-ee87-44cc-8a66-c2b886472e50,Environment,Environment
DON4080,e2c16e2c-ee87-44cc-8a66-c2b886472e50,Health and Wellness,Health and Wellness
DON4081,e2c16e2c-ee87-44cc-8a66-c2b886472e50,Yoga and Pilates,Yoga and Pilates
DON4082,63384ddc-1805-48b3-8b0d-6bbfb92c4a53,Food and Cooking,Food and Cooking
DON4083,41c9a25b-736d-4506-8957-979628f9d29e,Technology,Technology
DON4084,60658dde-85c9-4d9d-aa90-2fdb1efb57f3,Yoga and Pilates,Yoga and Pilates
DON4085,60658dde-85c9-4d9d-aa90-2fdb1efb57f3,Technology,Technology
DON4086,60658dde-85c9-4d9d-aa90-2fdb1efb57f3,Food and Cooking,Food and Cooking
DON4087,e7621516-acbe-437c-b331-941d721eda42,Education,Education
DON4088,e7621516-acbe-437c-b331-941d721eda42,Sports and Fitness,Sports and Fitness
DON4089,8d380166-1c42-4921-a5fd-430a72bb7812,Yoga and Pilates,Yoga and Pilates
DON4090,8d380166-1c42-4921-a5fd-430a72bb7812,Travel,Travel
DON4091,8d380166-1c42-4921-a5fd-430a72bb7812,Education,Education
DON4092,0600a11e-9508-4a0a-bdd2-ac763ce05346,Yoga and Pilates,Yoga and Pilates
DON4093,0600a11e-9508-4a0a-bdd2-ac763ce05346,Environment,Environment
DON4094,0600a11e-9508-4a0a-bdd2-ac763ce05346,Education,Education
DON4095,dcee0dea-c0ea-494c-bf3b-e7d077f2db77,Environment,Environment
DON4096,dcee0dea-c0ea-494c-bf3b-e7d077f2db77,Yoga and Pilates,Yoga and Pilates
DON4097,dcee0dea-c0ea-494c-bf3b-e7d077f2db77,Arts and Culture,Arts and Culture
DON4098,5c41d8f3-e4d5-414d-bb0e-a9d3b2994854,Finance,Finance
DON4099,5c41d8f3-e4d5-414d-bb0e-a9d3b2994854,Education,Education
DON4100,8ee650af-32e6-432d-9e93-8cda43b84dd2,Food and Cooking,Food and Cooking
DON4101,d7dc3fc8-6c0f-4a42-b180-48bfe2169b5d,Health and Wellness,Health and Wellness
DON4102,fabaed29-8aa1-4007-90ad-5ef10d4df600,Food and Cooking,Food and Cooking
DON4103,fabaed29-8aa1-4007-90ad-5ef10d4df600,Finance,Finance
DON4104,fabaed29-8aa1-4007-90ad-5ef10d4df600,Travel,Travel
DON4105,54a2e6ba-964e-4bff-acb3-3738c9fc3e6b,Sports and Fitness,Sports and Fitness
DON4106,54a2e6ba-964e-4bff-acb3-3738c9fc3e6b,Arts and Culture,Arts and Culture
DON4107,60e8aa17-21b8-4a08-bf19-f3f08b228426,Technology,Technology
DON4108,60e8aa17-21b8-4a08-bf19-f3f08b228426,Finance,Finance
DON4109,60e8aa17-21b8-4a08-bf19-f3f08b228426,Yoga and Pilates,Yoga and Pilates
DON4110,586c94b4-40c4-46c3-98a9-80eb321886e5,Food and Cooking,Food and Cooking
DON4111,586c94b4-40c4-46c3-98a9-80eb321886e5,Arts and Culture,Arts and Culture
DON4112,586c94b4-40c4-46c3-98a9-80eb321886e5,Education,Education
DON4113,a1bc689f-8367-4266-9081-71d12ff732c5,Environment,Environment
DON4114,a1bc689f-8367-4266-9081-71d12ff732c5,Travel,Travel
DON4115,1f32424a-b3ef-4852-8449-69cd29001b1a,Environment,Environment
DON4116,1f32424a-b3ef-4852-8449-69cd29001b1a,Education,Education
DON4117,1f32424a-b3ef-4852-8449-69cd29001b1a,Arts and Culture,Arts and Culture
DON4118,341efc69-8432-4773-8e6f-8a7411c69ab2,Arts and Culture,Arts and Culture
DON4119,341efc69-8432-4773-8e6f-8a7411c69ab2,Sports and Fitness,Sports and Fitness
DON4120,7bd7910e-a85f-4d49-b3f8-b801fb8b334c,Food and Cooking,Food and Cooking
DON4121,7bd7910e-a85f-4d49-b3f8-b801fb8b334c,Yoga and Pilates,Yoga and Pilates
DON4122,7bd7910e-a85f-4d49-b3f8-b801fb8b334c,Technology,Technology
DON4123,3941b43b-525f-4198-bc88-703891b7dca6,Sports and Fitness,Sports and Fitness
DON4124,3941b43b-525f-4198-bc88-703891b7dca6,Environment,Environment
DON4125,3941b43b-525f-4198-bc88-703891b7dca6,Arts and Culture,Arts and Culture
DON4126,8765761d-a2f8-42ef-a819-ddf254851027,Education,Education
DON4127,8765761d-a2f8-42ef-a819-ddf254851027,Sports and Fitness,Sports and Fitness
DON4128,f9b54366-47b4-443c-96a0-b28147062e07,Finance,Finance
DON4129,f9b54366-47b4-443c-96a0-b28147062e07,Arts and Culture,Arts and Culture
DON4130,f9b54366-47b4-443c-96a0-b28147062e07,Education,Education
DON4131,727f8019-72f2-485b-a7bd-c8a39f79779e,Finance,Finance
DON4132,727f8019-72f2-485b-a7bd-c8a39f79779e,Arts and Culture,Arts and Culture
DON4133,727f8019-72f2-485b-a7bd-c8a39f79779e,Education,Education
DON4134,88ccf668-4271-47d2-aa62-7294a3da00e8,Finance,Finance
DON4135,88ccf668-4271-47d2-aa62-7294a3da00e8,Arts and Culture,Arts and Culture
DON4136,88ccf668-4271-47d2-aa62-7294a3da00e8,Travel,Travel
DON4137,33dad0a2-a586-4d78-812d-a1f919df000e,Technology,Technology
DON4138,33dad0a2-a586-4d78-812d-a1f919df000e,Finance,Finance
DON4139,a05de5b5-6533-4e2e-8c77-fef698408485,Technology,Technology
DON4140,a05de5b5-6533-4e2e-8c77-fef698408485,Travel,Travel
DON4141,a05de5b5-6533-4e2e-8c77-fef698408485,Sports and Fitness,Sports and Fitness
DON4142,1376cfcd-e927-4ad1-b93d-1474e92f5a71,Food and Cooking,Food and Cooking
DON4143,1376cfcd-e927-4ad1-b93d-1474e92f5a71,Sports and Fitness,Sports and Fitness
DON4144,3581d17c-bfea-4e3a-9cbb-c9e8101087f0,Technology,Technology
DON4145,3581d17c-bfea-4e3a-9cbb-c9e8101087f0,Yoga and Pilates,Yoga and Pilates
DON4146,79da7c50-c377-4474-900c-26081daae120,Technology,Technology
DON4147,79da7c50-c377-4474-900c-26081daae120,Arts and Culture,Arts and Culture
DON4148,79da7c50-c377-4474-900c-26081daae120,Travel,Travel
DON4149,3677f5af-2b1c-489f-935f-de1075768e91,Yoga and Pilates,Yoga and Pilates
DON4150,bb9d7d46-cf38-40e9-a9aa-0c4c9b7b2631,Environment,Environment
DON4151,bb9d7d46-cf38-40e9-a9aa-0c4c9b7b2631,Education,Education
DON4152,bb9d7d46-cf38-40e9-a9aa-0c4c9b7b2631,Finance,Finance
DON4153,6a645d91-f491-4800-9efd-558337fe5f19,Travel,Travel
DON4154,6a645d91-f491-4800-9efd-558337fe5f19,Arts and Culture,Arts and Culture
DON4155,af2d76fe-3d2c-4123-b07a-74916ae83a5c,Arts and Culture,Arts and Culture
DON4156,44779992-132f-42e3-9ccc-e6a7cc3f3d6d,Education,Education
DON4157,44779992-132f-42e3-9ccc-e6a7cc3f3d6d,Arts and Culture,Arts and Culture
DON4158,79faf366-e91d-4ba2-8f51-6c2d284f2524,Environment,Environment
DON4159,79faf366-e91d-4ba2-8f51-6c2d284f2524,Sports and Fitness,Sports and Fitness
DON4160,2824ccac-9d66-4a18-9f54-578d40671f40,Environment,Environment
DON4161,2824ccac-9d66-4a18-9f54-578d40671f40,Yoga and Pilates,Yoga and Pilates
DON4162,2824ccac-9d66-4a18-9f54-578d40671f40,Finance,Finance
DON4163,71693095-2092-4739-bf00-1933c1864c04,Travel,Travel
DON4164,71693095-2092-4739-bf00-1933c1864c04,Sports and Fitness,Sports and Fitness
DON4165,a62e0023-488c-494d-b99f-ab881cd14f2f,Technology,Technology
DON4166,25d0f4ac-fcfe-4c90-ab1f-698da504a51a,Finance,Finance
DON4167,25d0f4ac-fcfe-4c90-ab1f-698da504a51a,Health and Wellness,Health and Wellness
DON4168,25d0f4ac-fcfe-4c90-ab1f-698da504a51a,Travel,Travel
DON4169,8a312aa1-4873-4aee-9af8-9b70dc45704b,Technology,Technology
DON4170,8a312aa1-4873-4aee-9af8-9b70dc45704b,Yoga and Pilates,Yoga and Pilates
DON4171,5ec90914-fae5-4ffc-80de-030f61c91c0f,Yoga and Pilates,Yoga and Pilates
DON4172,5ec90914-fae5-4ffc-80de-030f61c91c0f,Education,Education
DON4173,ec06d101-b21a-44ef-a5d0-09508d39a3a9,Travel,Travel
DON4174,ec06d101-b21a-44ef-a5d0-09508d39a3a9,Sports and Fitness,Sports and Fitness
DON4175,d98d18f9-f9d6-4246-a811-975c48d598a3,Health and Wellness,Health and Wellness
DON4176,d98d18f9-f9d6-4246-a811-975c48d598a3,Technology,Technology
DON4177,d98d18f9-f9d6-4246-a811-975c48d598a3,Finance,Finance
DON4178,327b3034-e311-40dc-a510-a91cbc7c5660,Travel,Travel
DON4179,327b3034-e311-40dc-a510-a91cbc7c5660,Arts and Culture,Arts and Culture
DON4180,63874b5c-9a25-4fc4-9eaa-f1024690a61d,Arts and Culture,Arts and Culture
DON4181,63874b5c-9a25-4fc4-9eaa-f1024690a61d,Health and Wellness,Health and Wellness
DON4182,63874b5c-9a25-4fc4-9eaa-f1024690a61d,Finance,Finance
DON4183,ea903efb-7fd0-477e-a79c-98a3c2cc15d4,Sports and Fitness,Sports and Fitness
DON4184,ea903efb-7fd0-477e-a79c-98a3c2cc15d4,Environment,Environment
DON4185,ea903efb-7fd0-477e-a79c-98a3c2cc15d4,Finance,Finance
DON4186,bdd6f073-e1f0-4167-a0b2-70995c20890e,Food and Cooking,Food and Cooking
DON4187,bdd6f073-e1f0-4167-a0b2-70995c20890e,Travel,Travel
DON4188,98725404-b08e-4832-a03f-25d6c160241d,Yoga and Pilates,Yoga and Pilates
DON4189,98725404-b08e-4832-a03f-25d6c160241d,Travel,Travel
DON4190,98725404-b08e-4832-a03f-25d6c160241d,Education,Education
DON4191,2ede06ef-a1f0-4dc9-b0d4-9ad3aac9458d,Education,Education
DON4192,d6b692d8-32a5-475d-92ab-5f0f5fac12e5,Finance,Finance
DON4193,d6b692d8-32a5-475d-92ab-5f0f5fac12e5,Environment,Environment
DON4194,ae225156-bb63-4cef-a9c7-c7a27a2f322d,Finance,Finance
DON4195,ae225156-bb63-4cef-a9c7-c7a27a2f322d,Yoga and Pilates,Yoga and Pilates
DON4196,ae225156-bb63-4cef-a9c7-c7a27a2f322d,Environment,Environment
DON4197,a4c7ac39-4df2-4f59-93a4-c3127e5c0d15,Sports and Fitness,Sports and Fitness
DON4198,a4c7ac39-4df2-4f59-93a4-c3127e5c0d15,Technology,Technology
DON4199,aa10f57c-1f85-4b6b-ad67-c8e3ba45f64a,Education,Education
DON4200,a0fcd3fb-d0c2-44c8-a96a-7ba428295c64,Yoga and Pilates,Yoga and Pilates
DON4201,7e52f88d-8fc1-4245-905c-22f3b3d4cd01,Environment,Environment
DON4202,5fab6002-c7f3-44bc-9b4a-0849dc8942a6,Education,Education
DON4203,5fab6002-c7f3-44bc-9b4a-0849dc8942a6,Health and Wellness,Health and Wellness
DON4204,5fab6002-c7f3-44bc-9b4a-0849dc8942a6,Sports and Fitness,Sports and Fitness
DON4205,eec19eb9-1e8f-446c-b520-c43f056dbbb2,Education,Education
DON4206,eec19eb9-1e8f-446c-b520-c43f056dbbb2,Arts and Culture,Arts and Culture
DON4207,05117cd0-94c5-40a9-bd09-6fc600794d81,Finance,Finance
DON4208,05117cd0-94c5-40a9-bd09-6fc600794d81,Health and Wellness,Health and Wellness
DON4209,05117cd0-94c5-40a9-bd09-6fc600794d81,Arts and Culture,Arts and Culture
DON4210,cf54820a-afaa-427c-95a5-77ad52a301cd,Education,Education
DON4211,cf54820a-afaa-427c-95a5-77ad52a301cd,Food and Cooking,Food and Cooking
DON4212,cf54820a-afaa-427c-95a5-77ad52a301cd,Technology,Technology
DON4213,c24ebd45-9b50-40d2-af7b-09754e01a92c,Food and Cooking,Food and Cooking
DON4214,c24ebd45-9b50-40d2-af7b-09754e01a92c,Travel,Travel
DON4215,c24ebd45-9b50-40d2-af7b-09754e01a92c,Arts and Culture,Arts and Culture
DON4216,a2f4d786-ddd8-4643-b5de-6038922240b6,Sports and Fitness,Sports and Fitness
DON4217,a2f4d786-ddd8-4643-b5de-6038922240b6,Travel,Travel
DON4218,a2f4d786-ddd8-4643-b5de-6038922240b6,Food and Cooking,Food and Cooking
DON4219,0d72b905-ceb0-400d-a6a9-6356f436978c,Sports and Fitness,Sports and Fitness
DON4220,0d72b905-ceb0-400d-a6a9-6356f436978c,Health and Wellness,Health and Wellness
DON4221,c079f75e-8958-473d-a56a-775513a9ad1a,Environment,Environment
DON4222,28e31246-f704-4d0d-a740-e6cfdd564250,Travel,Travel
DON4223,28e31246-f704-4d0d-a740-e6cfdd564250,Sports and Fitness,Sports and Fitness
DON4224,28e31246-f704-4d0d-a740-e6cfdd564250,Health and Wellness,Health and Wellness
DON4225,67c6e154-55b8-4ac2-bfe9-59602570f93e,Finance,Finance
DON4226,40f096eb-d3d8-48c1-8ea1-b1aada42b7e7,Yoga and Pilates,Yoga and Pilates
DON4227,40f096eb-d3d8-48c1-8ea1-b1aada42b7e7,Food and Cooking,Food and Cooking
DON4228,40f096eb-d3d8-48c1-8ea1-b1aada42b7e7,Education,Education
DON4229,4faf16f1-d0fe-44e4-bf27-c261de4bd110,Sports and Fitness,Sports and Fitness
DON4230,4faf16f1-d0fe-44e4-bf27-c261de4bd110,Health and Wellness,Health and Wellness
DON4231,4faf16f1-d0fe-44e4-bf27-c261de4bd110,Finance,Finance
DON4232,540d8618-0d00-40c5-884b-1c9feeb96711,Finance,Finance
DON4233,080284b9-a06f-4a4c-8649-e4921c2b0207,Yoga and Pilates,Yoga and Pilates
DON4234,e3e7928e-b328-49c8-840a-da811360ba80,Sports and Fitness,Sports and Fitness
DON4235,e3e7928e-b328-49c8-840a-da811360ba80,Finance,Finance
DON4236,990c4873-817c-4063-96c3-28e693b3b6b4,Travel,Travel
DON4237,990c4873-817c-4063-96c3-28e693b3b6b4,Food and Cooking,Food and Cooking
DON4238,990c4873-817c-4063-96c3-28e693b3b6b4,Education,Education
DON4239,a040e18b-5ce2-47bb-bade-25b008ef5974,Environment,Environment
DON4240,a040e18b-5ce2-47bb-bade-25b008ef5974,Yoga and Pilates,Yoga and Pilates
DON4241,a040e18b-5ce2-47bb-bade-25b008ef5974,Health and Wellness,Health and Wellness
DON4242,5fbffe2a-f515-4d74-9b3b-ce3c15ef2147,Arts and Culture,Arts and Culture
DON4243,ada0632a-3641-4862-8a21-7a39e8f85c30,Education,Education
DON4244,ada0632a-3641-4862-8a21-7a39e8f85c30,Travel,Travel
DON4245,ada0632a-3641-4862-8a21-7a39e8f85c30,Environment,Environment
DON4246,98c82a51-9266-451c-91c3-6edbc2187b76,Finance,Finance
DON4247,e45fce63-d0b1-4717-99be-d8831f9b1d38,Environment,Environment
DON4248,e45fce63-d0b1-4717-99be-d8831f9b1d38,Technology,Technology
DON4249,e45fce63-d0b1-4717-99be-d8831f9b1d38,Sports and Fitness,Sports and Fitness
DON4250,aa01fb08-4f67-44a4-9775-93fcecb6f97d,Finance,Finance
DON4251,00ece26c-f953-42e7-aa87-c3568802bd09,Travel,Travel
DON4252,5347879a-46c5-44f4-a57c-eeb52707a8cf,Technology,Technology
DON4253,5347879a-46c5-44f4-a57c-eeb52707a8cf,Finance,Finance
DON4254,9afbd7e7-5ec5-4ba2-9ed3-8106f907e8ba,Arts and Culture,Arts and Culture
DON4255,9afbd7e7-5ec5-4ba2-9ed3-8106f907e8ba,Finance,Finance
DON4256,9afbd7e7-5ec5-4ba2-9ed3-8106f907e8ba,Food and Cooking,Food and Cooking
DON4257,1d62a854-87cf-4f2d-8286-c0777e2f8f89,Technology,Technology
DON4258,1d62a854-87cf-4f2d-8286-c0777e2f8f89,Yoga and Pilates,Yoga and Pilates
DON4259,560042b8-f783-438f-9636-b424ea280901,Technology,Technology
DON4260,560042b8-f783-438f-9636-b424ea280901,Health and Wellness,Health and Wellness
DON4261,e76edbfd-b5e3-4031-86a1-8d992be82875,Education,Education
DON4262,51b482f5-bbbf-4f9e-8200-9e231d94f10e,Technology,Technology
DON4263,672d89be-f473-4a56-b742-10fbf05a5457,Environment,Environment
DON4264,5443bfcf-de19-4eb8-87f6-7d5f26fc9c8e,Sports and Fitness,Sports and Fitness
DON4265,5443bfcf-de19-4eb8-87f6-7d5f26fc9c8e,Education,Education
DON4266,793884a6-1543-4c66-87fe-178e9b768bdb,Technology,Technology
DON4267,e5495984-0db4-4d08-a947-0bd7fc72af87,Yoga and Pilates,Yoga and Pilates
DON4268,e5495984-0db4-4d08-a947-0bd7fc72af87,Technology,Technology
DON4269,fb7de228-38b6-48a2-ae9b-9c35ddc13fa7,Travel,Travel
DON4270,fb7de228-38b6-48a2-ae9b-9c35ddc13fa7,Yoga and Pilates,Yoga and Pilates
DON4271,23a3384c-4b1a-491e-9d2a-aa82913e518b,Food and Cooking,Food and Cooking
DON4272,0263afe7-caf8-4bfb-adb5-fc038283b6a5,Yoga and Pilates,Yoga and Pilates
DON4273,58951736-0225-4f94-9891-9ed99239909a,Arts and Culture,Arts and Culture
DON4274,58951736-0225-4f94-9891-9ed99239909a,Travel,Travel
DON4275,e47f1b67-d3a9-4c4d-ae6d-0c244579c6e3,Technology,Technology
DON4276,3fb26b14-70a4-483e-9851-9b876ab6df05,Food and Cooking,Food and Cooking
DON4277,3fb26b14-70a4-483e-9851-9b876ab6df05,Sports and Fitness,Sports and Fitness
DON4278,3fb26b14-70a4-483e-9851-9b876ab6df05,Health and Wellness,Health and Wellness
DON4279,c3349219-c407-42f5-8f19-bafa21e792d8,Finance,Finance
DON4280,7a78f498-bc06-49b9-a5e5-393969cd5d7a,Sports and Fitness,Sports and Fitness
DON4281,3749e4fc-9eb3-4fa6-87ee-31024e70201c,Health and Wellness,Health and Wellness
DON4282,3749e4fc-9eb3-4fa6-87ee-31024e70201c,Technology,Technology
DON4283,3749e4fc-9eb3-4fa6-87ee-31024e70201c,Yoga and Pilates,Yoga and Pilates
DON4284,28cd57be-ce3a-4f8d-bf10-474e0f30af7a,Technology,Technology
DON4285,28cd57be-ce3a-4f8d-bf10-474e0f30af7a,Yoga and Pilates,Yoga and Pilates
DON4286,28cd57be-ce3a-4f8d-bf10-474e0f30af7a,Arts and Culture,Arts and Culture
DON4287,6479d039-fe55-4ac8-ae11-7bbfc827fe8f,Technology,Technology
DON4288,6479d039-fe55-4ac8-ae11-7bbfc827fe8f,Environment,Environment
DON4289,0eefa5c5-a41d-474f-9004-e1ff04341dcf,Environment,Environment
DON4290,0eefa5c5-a41d-474f-9004-e1ff04341dcf,Yoga and Pilates,Yoga and Pilates
DON4291,0eefa5c5-a41d-474f-9004-e1ff04341dcf,Education,Education
DON4292,4198363c-5bf0-44d9-aee3-e7f9b0a933f3,Education,Education
DON4293,4198363c-5bf0-44d9-aee3-e7f9b0a933f3,Finance,Finance
DON4294,4198363c-5bf0-44d9-aee3-e7f9b0a933f3,Sports and Fitness,Sports and Fitness
DON4295,e7b6f4ef-7c48-4005-ba01-82082fe87bff,Education,Education
DON4296,238b23f0-f553-463c-8991-0402270022db,Health and Wellness,Health and Wellness
DON4297,238b23f0-f553-463c-8991-0402270022db,Finance,Finance
DON4298,238b23f0-f553-463c-8991-0402270022db,Arts and Culture,Arts and Culture
DON4299,3d84a910-2678-447c-b9ad-ec0b24453e07,Education,Education
DON4300,3d84a910-2678-447c-b9ad-ec0b24453e07,Health and Wellness,Health and Wellness
DON4301,3d84a910-2678-447c-b9ad-ec0b24453e07,Yoga and Pilates,Yoga and Pilates
DON4302,19432f4f-8523-4fd7-955b-bd583307488c,Education,Education
DON4303,19432f4f-8523-4fd7-955b-bd583307488c,Yoga and Pilates,Yoga and Pilates
DON4304,6c33e820-a0d6-41ad-81b3-55b680e16896,Arts and Culture,Arts and Culture
DON4305,6c33e820-a0d6-41ad-81b3-55b680e16896,Travel,Travel
DON4306,c84e0496-070f-4ca2-91ce-a69110978f79,Travel,Travel
DON4307,e4a727af-32b3-41ab-b1f3-4a2c03f36110,Food and Cooking,Food and Cooking
DON4308,c9d3253e-c24f-42ed-89bc-2efbde0b3649,Food and Cooking,Food and Cooking
DON4309,93f4b2b2-1440-4287-919f-1e3a1c27128d,Environment,Environment
DON4310,93f4b2b2-1440-4287-919f-1e3a1c27128d,Technology,Technology
DON4311,c66176f1-234c-4bb4-88db-56e3c138d2df,Technology,Technology
DON4312,c66176f1-234c-4bb4-88db-56e3c138d2df,Sports and Fitness,Sports and Fitness
DON4313,5e1179d8-2487-4620-afb8-c0e03a76d6eb,Yoga and Pilates,Yoga and Pilates
DON4314,5e1179d8-2487-4620-afb8-c0e03a76d6eb,Technology,Technology
DON4315,ba7eb0c2-6e81-4848-9a01-4763685ae387,Travel,Travel
DON4316,ba7eb0c2-6e81-4848-9a01-4763685ae387,Health and Wellness,Health and Wellness
DON4317,ba7eb0c2-6e81-4848-9a01-4763685ae387,Arts and Culture,Arts and Culture
DON4318,ffe5c1c7-9050-49d7-9758-23cc0c0ef329,Sports and Fitness,Sports and Fitness
DON4319,ffe5c1c7-9050-49d7-9758-23cc0c0ef329,Arts and Culture,Arts and Culture
DON4320,e8cd79b1-a05e-4452-aa9e-67e9dd6dda77,Finance,Finance
DON4321,e8cd79b1-a05e-4452-aa9e-67e9dd6dda77,Yoga and Pilates,Yoga and Pilates
DON4322,63d169e3-15ff-4b86-9f91-5e5e0e0999fc,Environment,Environment
DON4323,5185cf6b-9ca3-4842-8e7f-634656d5a77a,Environment,Environment
DON4324,f16d47b9-d5ad-4b41-acf2-d6066f3192e0,Yoga and Pilates,Yoga and Pilates
DON4325,f16d47b9-d5ad-4b41-acf2-d6066f3192e0,Finance,Finance
DON4326,f16d47b9-d5ad-4b41-acf2-d6066f3192e0,Environment,Environment
DON4327,975b3ee7-8448-40b4-8b67-ed007b76793e,Environment,Environment
DON4328,975b3ee7-8448-40b4-8b67-ed007b76793e,Sports and Fitness,Sports and Fitness
DON4329,4d0b5bc1-6fef-47b5-81dc-235f26578ef0,Sports and Fitness,Sports and Fitness
DON4330,3d71e5f7-942c-43f5-80d5-ad5171208259,Health and Wellness,Health and Wellness
DON4331,3d71e5f7-942c-43f5-80d5-ad5171208259,Technology,Technology
DON4332,74407f73-2f69-4287-8ace-c33e076dbe7a,Arts and Culture,Arts and Culture
DON4333,74407f73-2f69-4287-8ace-c33e076dbe7a,Travel,Travel
DON4334,74407f73-2f69-4287-8ace-c33e076dbe7a,Sports and Fitness,Sports and Fitness
DON4335,0b85fe04-5a88-41ad-b514-126f46578b68,Sports and Fitness,Sports and Fitness
DON4336,94d4cba9-db0a-4842-bed9-01208524be0f,Technology,Technology
DON4337,94d4cba9-db0a-4842-bed9-01208524be0f,Education,Education
DON4338,fd5941c3-656d-4a2f-ab97-f39537f613ad,Technology,Technology
DON4339,fd5941c3-656d-4a2f-ab97-f39537f613ad,Yoga and Pilates,Yoga and Pilates
DON4340,5e35da71-bf8f-4633-a591-28ef29fd0f86,Finance,Finance
DON4341,8086ec11-6aa9-41f0-8492-ac84fbf26760,Environment,Environment
DON4342,8086ec11-6aa9-41f0-8492-ac84fbf26760,Technology,Technology
DON4343,8086ec11-6aa9-41f0-8492-ac84fbf26760,Education,Education
DON4344,6907df49-39db-4f0d-8a24-0e2f4a14760d,Food and Cooking,Food and Cooking
DON4345,6907df49-39db-4f0d-8a24-0e2f4a14760d,Travel,Travel
DON4346,6907df49-39db-4f0d-8a24-0e2f4a14760d,Technology,Technology
DON4347,3bc20079-d7b3-4a36-88c4-23727fa6b367,Health and Wellness,Health and Wellness
DON4348,3bc20079-d7b3-4a36-88c4-23727fa6b367,Food and Cooking,Food and Cooking
DON4349,7c6a71e2-0576-4d4c-a134-794554bd6462,Sports and Fitness,Sports and Fitness
DON4350,7c6a71e2-0576-4d4c-a134-794554bd6462,Food and Cooking,Food and Cooking
DON4351,7c6a71e2-0576-4d4c-a134-794554bd6462,Education,Education
DON4352,0a90b175-11ef-49ac-b5c0-0f2ff90c2f16,Travel,Travel
DON4353,0a90b175-11ef-49ac-b5c0-0f2ff90c2f16,Technology,Technology
DON4354,0a90b175-11ef-49ac-b5c0-0f2ff90c2f16,Environment,Environment
DON4355,a146721d-05b5-4fd9-bba9-0552f91f268f,Arts and Culture,Arts and Culture
DON4356,a146721d-05b5-4fd9-bba9-0552f91f268f,Technology,Technology
DON4357,a146721d-05b5-4fd9-bba9-0552f91f268f,Health and Wellness,Health and Wellness
DON4358,6c87346a-ad13-4947-8d0f-d6df8631871e,Education,Education
DON4359,f110f5ab-88ba-49b6-be22-26fd23323a8d,Food and Cooking,Food and Cooking
DON4360,f110f5ab-88ba-49b6-be22-26fd23323a8d,Travel,Travel
DON4361,f110f5ab-88ba-49b6-be22-26fd23323a8d,Finance,Finance
DON4362,e1673534-fa1a-4adf-a2e2-344940d8f681,Travel,Travel
DON4363,e1673534-fa1a-4adf-a2e2-344940d8f681,Arts and Culture,Arts and Culture
DON4364,9f407720-ee66-4469-8e20-44909e7fd98c,Environment,Environment
DON4365,9f407720-ee66-4469-8e20-44909e7fd98c,Finance,Finance
DON4366,9f407720-ee66-4469-8e20-44909e7fd98c,Food and Cooking,Food and Cooking
DON4367,2cbbe5c7-7d0f-4e30-89bb-35568d3291e4,Food and Cooking,Food and Cooking
DON4368,f99a3d4f-7447-4c02-a9d1-e68767616154,Technology,Technology
DON4369,f99a3d4f-7447-4c02-a9d1-e68767616154,Yoga and Pilates,Yoga and Pilates
DON4370,f99a3d4f-7447-4c02-a9d1-e68767616154,Environment,Environment
DON4371,141b1bf9-39c3-4f8b-9e28-024d3a8949fb,Yoga and Pilates,Yoga and Pilates
DON4372,141b1bf9-39c3-4f8b-9e28-024d3a8949fb,Technology,Technology
DON4373,141b1bf9-39c3-4f8b-9e28-024d3a8949fb,Food and Cooking,Food and Cooking
DON4374,f29c56ed-6307-4e6a-bfd3-a6de05a7e720,Finance,Finance
DON4375,f29c56ed-6307-4e6a-bfd3-a6de05a7e720,Sports and Fitness,Sports and Fitness
DON4376,af6bcd9f-e0ef-4910-a609-56b56013ee13,Environment,Environment
DON4377,5ff7c9ed-2e8d-4e6c-914b-3879c30b6736,Sports and Fitness,Sports and Fitness
DON4378,87ac8881-9123-4093-b416-edc642a3e9b2,Education,Education
DON4379,87ac8881-9123-4093-b416-edc642a3e9b2,Health and Wellness,Health and Wellness
DON4380,87ac8881-9123-4093-b416-edc642a3e9b2,Environment,Environment
DON4381,ccae7605-5809-4722-bd0a-665bb72146ba,Food and Cooking,Food and Cooking
DON4382,dff69b95-72df-4d8c-ba0c-15a791913ed4,Yoga and Pilates,Yoga and Pilates
DON4383,dff69b95-72df-4d8c-ba0c-15a791913ed4,Finance,Finance
DON4384,dff69b95-72df-4d8c-ba0c-15a791913ed4,Food and Cooking,Food and Cooking
DON4385,8ae38d74-b966-4539-b1ce-c721a4ab26b7,Environment,Environment
DON4386,8ae38d74-b966-4539-b1ce-c721a4ab26b7,Finance,Finance
DON4387,8ae38d74-b966-4539-b1ce-c721a4ab26b7,Food and Cooking,Food and Cooking
DON4388,be5eeaa4-3347-4240-80bd-73e754462e4b,Technology,Technology
DON4389,be5eeaa4-3347-4240-80bd-73e754462e4b,Arts and Culture,Arts and Culture
DON4390,be5eeaa4-3347-4240-80bd-73e754462e4b,Yoga and Pilates,Yoga and Pilates
DON4391,86a2ff8a-80b7-429f-8f71-001ed4443fbd,Environment,Environment
DON4392,86a2ff8a-80b7-429f-8f71-001ed4443fbd,Arts and Culture,Arts and Culture
DON4393,86a2ff8a-80b7-429f-8f71-001ed4443fbd,Sports and Fitness,Sports and Fitness
DON4394,bd58eb2b-687b-487c-9b4a-b60ba243546b,Technology,Technology
DON4395,bd58eb2b-687b-487c-9b4a-b60ba243546b,Food and Cooking,Food and Cooking
DON4396,208ff8ab-ed99-4512-9d92-d196e07781d2,Food and Cooking,Food and Cooking
DON4397,208ff8ab-ed99-4512-9d92-d196e07781d2,Environment,Environment
DON4398,f2e30eb5-067b-45d8-aad5-c5b921fe15a6,Travel,Travel
DON4399,f2e30eb5-067b-45d8-aad5-c5b921fe15a6,Yoga and Pilates,Yoga and Pilates
DON4400,f2e30eb5-067b-45d8-aad5-c5b921fe15a6,Technology,Technology
DON4401,93b53640-a28f-4a67-b462-d5de256992ec,Education,Education
DON4402,93b53640-a28f-4a67-b462-d5de256992ec,Food and Cooking,Food and Cooking
DON4403,93b53640-a28f-4a67-b462-d5de256992ec,Finance,Finance
DON4404,48bdd05f-b1be-4238-98e0-4ba8c231b16f,Sports and Fitness,Sports and Fitness
DON4405,48bdd05f-b1be-4238-98e0-4ba8c231b16f,Food and Cooking,Food and Cooking
DON4406,ef443a88-94dc-41b2-8f0f-ecfe4eb46bb8,Finance,Finance
DON4407,99f8c5a9-2c38-4244-a853-dc434f598949,Finance,Finance
DON4408,99f8c5a9-2c38-4244-a853-dc434f598949,Food and Cooking,Food and Cooking
DON4409,f4c3d7e1-a24f-459d-bb3a-c2c1336dc5c8,Health and Wellness,Health and Wellness
DON4410,99b7f2ad-66c6-4555-80fd-0f59fca4791b,Education,Education
DON4411,99b7f2ad-66c6-4555-80fd-0f59fca4791b,Technology,Technology
DON4412,79c9ea92-da19-46cb-a131-1e42dc3879e7,Arts and Culture,Arts and Culture
DON4413,79c9ea92-da19-46cb-a131-1e42dc3879e7,Yoga and Pilates,Yoga and Pilates
DON4414,68790512-136c-4d93-80c1-24324f63e88c,Sports and Fitness,Sports and Fitness
DON4415,68790512-136c-4d93-80c1-24324f63e88c,Yoga and Pilates,Yoga and Pilates
DON4416,820760e5-2c9b-4e11-b01a-608f07e4b06f,Travel,Travel
DON4417,820760e5-2c9b-4e11-b01a-608f07e4b06f,Arts and Culture,Arts and Culture
DON4418,820760e5-2c9b-4e11-b01a-608f07e4b06f,Finance,Finance
DON4419,1fa94e13-c700-4df6-bb15-fe00e7694c37,Arts and Culture,Arts and Culture
DON4420,1fa94e13-c700-4df6-bb15-fe00e7694c37,Environment,Environment
DON4421,1fa94e13-c700-4df6-bb15-fe00e7694c37,Travel,Travel
DON4422,36ee1e33-9fb5-4e37-ad1e-4d324a9968ed,Education,Education
DON4423,36ee1e33-9fb5-4e37-ad1e-4d324a9968ed,Sports and Fitness,Sports and Fitness
DON4424,4eb5c9e7-6c76-4a2b-94a3-b434f5f4f9a9,Environment,Environment
DON4425,4eb5c9e7-6c76-4a2b-94a3-b434f5f4f9a9,Arts and Culture,Arts and Culture
DON4426,0d8ce286-966f-4afa-9f78-fd3541b95c1b,Travel,Travel
DON4427,0d8ce286-966f-4afa-9f78-fd3541b95c1b,Finance,Finance
DON4428,0d8ce286-966f-4afa-9f78-fd3541b95c1b,Health and Wellness,Health and Wellness
DON4429,11303cb6-8393-44ee-bce5-4c3be64ad155,Education,Education
DON4430,a3bc7426-ad89-4dda-9035-74a0f6fa9c25,Food and Cooking,Food and Cooking
DON4431,a3bc7426-ad89-4dda-9035-74a0f6fa9c25,Yoga and Pilates,Yoga and Pilates
DON4432,3b7272e5-7998-447b-b276-998601fd1328,Sports and Fitness,Sports and Fitness
DON4433,1e74342b-49e7-4656-bbcd-c02de4d88c17,Arts and Culture,Arts and Culture
DON4434,1e74342b-49e7-4656-bbcd-c02de4d88c17,Health and Wellness,Health and Wellness
DON4435,1e74342b-49e7-4656-bbcd-c02de4d88c17,Finance,Finance
DON4436,63a22c6f-3d01-4fb2-a503-6f9b40c79a6f,Yoga and Pilates,Yoga and Pilates
DON4437,63a22c6f-3d01-4fb2-a503-6f9b40c79a6f,Health and Wellness,Health and Wellness
DON4438,1537c61c-737d-492b-a7d8-248ed6b3c866,Arts and Culture,Arts and Culture
DON4439,1537c61c-737d-492b-a7d8-248ed6b3c866,Food and Cooking,Food and Cooking
DON4440,0b392ab8-7ed8-4a44-9780-09c5facbe476,Finance,Finance
DON4441,cc46d697-15c6-4d1e-9f7a-5b18c569e644,Arts and Culture,Arts and Culture
DON4442,cc46d697-15c6-4d1e-9f7a-5b18c569e644,Finance,Finance
DON4443,4cd7466f-5a42-4319-ab21-e6227a625265,Technology,Technology
DON4444,6b41b9e1-a408-451e-a379-00424ffde395,Education,Education
DON4445,6b41b9e1-a408-451e-a379-00424ffde395,Yoga and Pilates,Yoga and Pilates
DON4446,7acc5220-f815-4fca-9ac0-9fff0568246c,Sports and Fitness,Sports and Fitness
DON4447,7acc5220-f815-4fca-9ac0-9fff0568246c,Arts and Culture,Arts and Culture
DON4448,7acc5220-f815-4fca-9ac0-9fff0568246c,Health and Wellness,Health and Wellness
DON4449,9a1c782e-7eb2-46d5-ad2d-0f481bb4364a,Food and Cooking,Food and Cooking
DON4450,33d32a7b-a8f3-456b-a4cd-20518c7462cb,Environment,Environment
DON4451,23b7e730-c664-48a2-b5a9-b8781429b1c3,Yoga and Pilates,Yoga and Pilates
DON4452,5107cd4a-9270-4207-b793-25c0432fbf7d,Food and Cooking,Food and Cooking
DON4453,d4fdf966-e3bb-4334-bbea-6adea295972d,Arts and Culture,Arts and Culture
DON4454,d4fdf966-e3bb-4334-bbea-6adea295972d,Yoga and Pilates,Yoga and Pilates
DON4455,d4fdf966-e3bb-4334-bbea-6adea295972d,Health and Wellness,Health and Wellness
DON4456,cac81bf2-6706-4491-9a9f-9e02cd86018c,Sports and Fitness,Sports and Fitness
DON4457,cac81bf2-6706-4491-9a9f-9e02cd86018c,Health and Wellness,Health and Wellness
DON4458,cac81bf2-6706-4491-9a9f-9e02cd86018c,Education,Education
DON4459,fc8bf946-4a39-49cc-8a20-64998b65cde6,Yoga and Pilates,Yoga and Pilates
DON4460,c7940932-b7cd-48f7-a92b-1da277169295,Environment,Environment
DON4461,c7940932-b7cd-48f7-a92b-1da277169295,Sports and Fitness,Sports and Fitness
DON4462,24ef368c-5ef4-4430-a523-ec0df0f84600,Technology,Technology
DON4463,24ef368c-5ef4-4430-a523-ec0df0f84600,Environment,Environment
DON4464,d6908801-0bb7-4c2c-bc38-118b88e52db8,Technology,Technology
DON4465,d6908801-0bb7-4c2c-bc38-118b88e52db8,Travel,Travel
DON4466,d6be23c5-7cb8-44df-a679-21a3ea6223d5,Education,Education
DON4467,d6be23c5-7cb8-44df-a679-21a3ea6223d5,Food and Cooking,Food and Cooking
DON4468,248c6e13-6b51-415f-9723-87b8701af99c,Finance,Finance
DON4469,248c6e13-6b51-415f-9723-87b8701af99c,Health and Wellness,Health and Wellness
DON4470,248c6e13-6b51-415f-9723-87b8701af99c,Environment,Environment
DON4471,41511a51-3308-4e05-8763-47600a712b45,Arts and Culture,Arts and Culture
DON4472,41511a51-3308-4e05-8763-47600a712b45,Environment,Environment
DON4473,41511a51-3308-4e05-8763-47600a712b45,Education,Education
DON4474,20c89578-81b2-492f-9deb-b8894f37cf8b,Health and Wellness,Health and Wellness
DON4475,81d98880-5443-43fb-b4c5-1c4d0fb6791d,Health and Wellness,Health and Wellness
DON4476,81d98880-5443-43fb-b4c5-1c4d0fb6791d,Education,Education
DON4477,81d98880-5443-43fb-b4c5-1c4d0fb6791d,Sports and Fitness,Sports and Fitness
DON4478,2328d05c-f7b8-4e4c-b851-28e62f43deda,Finance,Finance
DON4479,4449397b-0192-4157-bf7e-869e89437b6b,Arts and Culture,Arts and Culture
DON4480,4449397b-0192-4157-bf7e-869e89437b6b,Travel,Travel
DON4481,c208f210-3a22-4ea2-90a8-7d7ab1e0d0f7,Food and Cooking,Food and Cooking
DON4482,7d50f2a1-d865-4c9a-9bc8-25aa3b61a0d8,Arts and Culture,Arts and Culture
DON4483,d60e72aa-9ae1-43f9-b081-b27167c62f26,Education,Education
DON4484,3a793d88-ffcc-4606-845d-3c4918f83a9c,Environment,Environment
DON4485,b45b3986-2e8e-4492-8c17-779f0f1572ee,Sports and Fitness,Sports and Fitness
DON4486,7455591f-6e2e-4229-a2af-e2c0d71b34e9,Health and Wellness,Health and Wellness
DON4487,b45b3995-b03c-4d37-b7d0-51abc02cb2fd,Travel,Travel
DON4488,b45b3995-b03c-4d37-b7d0-51abc02cb2fd,Education,Education
DON4489,1e9767fd-794c-4117-87e0-b8d86efa4116,Yoga and Pilates,Yoga and Pilates
DON4490,e57ef0f6-51ab-4444-841e-30cac18269dd,Food and Cooking,Food and Cooking
DON4491,e57ef0f6-51ab-4444-841e-30cac18269dd,Education,Education
DON4492,fb34638d-a05c-4d70-8ab7-35920e697649,Education,Education
DON4493,3d5368d4-cd4e-460e-9b4f-39a333d886e4,Health and Wellness,Health and Wellness
DON4494,ea19c72c-3605-4270-84bf-e21bb836a972,Food and Cooking,Food and Cooking
DON4495,ea19c72c-3605-4270-84bf-e21bb836a972,Health and Wellness,Health and Wellness
DON4496,84445014-a286-48bd-a1c3-d2a09422d5b8,Health and Wellness,Health and Wellness
DON4497,756047de-5b58-411c-bc31-a53bd5094ac5,Technology,Technology
DON4498,756047de-5b58-411c-bc31-a53bd5094ac5,Food and Cooking,Food and Cooking
DON4499,9a26bef3-17f1-474d-9fed-60df27ab3433,Sports and Fitness,Sports and Fitness
DON4500,2728818c-dcac-4673-857f-66e559311020,Yoga and Pilates,Yoga and Pilates
DON4501,2728818c-dcac-4673-857f-66e559311020,Travel,Travel
DON4502,7a94e228-d963-4253-bde6-e1a02a745057,Arts and Culture,Arts and Culture
DON4503,72c87cad-228c-422d-ad14-9a973653e722,Yoga and Pilates,Yoga and Pilates
DON4504,72c87cad-228c-422d-ad14-9a973653e722,Education,Education
DON4505,72c87cad-228c-422d-ad14-9a973653e722,Finance,Finance
DON4506,fe4d8088-8a58-467f-aa46-75ac717f7ab5,Arts and Culture,Arts and Culture
DON4507,fe4d8088-8a58-467f-aa46-75ac717f7ab5,Yoga and Pilates,Yoga and Pilates
DON4508,fe4d8088-8a58-467f-aa46-75ac717f7ab5,Health and Wellness,Health and Wellness
DON4509,b5fdec41-c581-48d7-bbe8-d0c90e45325f,Arts and Culture,Arts and Culture
DON4510,7239ba31-56d0-4cb5-a060-a3e1aef69800,Sports and Fitness,Sports and Fitness
DON4511,a4bdde2c-ded3-4ecd-938d-ddd3b18c8e00,Health and Wellness,Health and Wellness
DON4512,a4bdde2c-ded3-4ecd-938d-ddd3b18c8e00,Travel,Travel
DON4513,a4bdde2c-ded3-4ecd-938d-ddd3b18c8e00,Finance,Finance
DON4514,9a3764e7-f677-4844-970c-536418174005,Food and Cooking,Food and Cooking
DON4515,9a3764e7-f677-4844-970c-536418174005,Education,Education
DON4516,9a3764e7-f677-4844-970c-536418174005,Finance,Finance
DON4517,1f83a000-3005-4879-8bbd-723fb26c4a5c,Sports and Fitness,Sports and Fitness
DON4518,1f83a000-3005-4879-8bbd-723fb26c4a5c,Education,Education
DON4519,1f83a000-3005-4879-8bbd-723fb26c4a5c,Health and Wellness,Health and Wellness
DON4520,79458b9d-2da6-403d-8124-54dfc3b413f0,Yoga and Pilates,Yoga and Pilates
DON4521,79458b9d-2da6-403d-8124-54dfc3b413f0,Sports and Fitness,Sports and Fitness
DON4522,79458b9d-2da6-403d-8124-54dfc3b413f0,Food and Cooking,Food and Cooking
DON4523,93161bbf-567b-4005-9b2c-884cf5570f20,Technology,Technology
DON4524,d8cafff9-f275-4007-9430-f72a470d6835,Arts and Culture,Arts and Culture
DON4525,d8cafff9-f275-4007-9430-f72a470d6835,Sports and Fitness,Sports and Fitness
DON4526,9a1284fc-7e6d-496c-97d8-b6a7fed5eb2b,Yoga and Pilates,Yoga and Pilates
DON4527,9a1284fc-7e6d-496c-97d8-b6a7fed5eb2b,Education,Education
DON4528,822eabe9-19cf-4dfd-8191-4b96828785d8,Food and Cooking,Food and Cooking
DON4529,822eabe9-19cf-4dfd-8191-4b96828785d8,Finance,Finance
DON4530,822eabe9-19cf-4dfd-8191-4b96828785d8,Environment,Environment
DON4531,a83c6e34-db6f-48e2-9917-4bb3b9631e95,Travel,Travel
DON4532,a83c6e34-db6f-48e2-9917-4bb3b9631e95,Yoga and Pilates,Yoga and Pilates
DON4533,a137cf85-d2f4-4969-9c1e-a42edaa455e9,Sports and Fitness,Sports and Fitness
DON4534,6108a0e3-175f-4241-9bd2-39c5a4062cf1,Travel,Travel
DON4535,6108a0e3-175f-4241-9bd2-39c5a4062cf1,Yoga and Pilates,Yoga and Pilates
DON4536,9e0cee7d-3071-4d00-b57d-fd124357882e,Education,Education
DON4537,a7006dea-69e1-4620-bff7-0a21e3d1832e,Finance,Finance
DON4538,9095cd4d-8d24-4efe-94c4-56636a0b2424,Technology,Technology
DON4539,9095cd4d-8d24-4efe-94c4-56636a0b2424,Yoga and Pilates,Yoga and Pilates
DON4540,c2515632-a041-4db1-9bb9-3b870a5f7fe9,Travel,Travel
DON4541,c2515632-a041-4db1-9bb9-3b870a5f7fe9,Education,Education
DON4542,c2515632-a041-4db1-9bb9-3b870a5f7fe9,Arts and Culture,Arts and Culture
DON4543,75225a3d-e310-4e91-8df8-d092d8f5bff0,Finance,Finance
DON4544,75225a3d-e310-4e91-8df8-d092d8f5bff0,Yoga and Pilates,Yoga and Pilates
DON4545,c69272e5-1ee7-4dda-b133-ebffe0334808,Technology,Technology
DON4546,c69272e5-1ee7-4dda-b133-ebffe0334808,Yoga and Pilates,Yoga and Pilates
DON4547,a10d8638-3313-41f1-b171-d914587feda7,Arts and Culture,Arts and Culture
DON4548,e2bcb40a-4064-47b9-9caa-f7c3ef2e7eba,Finance,Finance
DON4549,e2bcb40a-4064-47b9-9caa-f7c3ef2e7eba,Health and Wellness,Health and Wellness
DON4550,6c5ba32d-45a4-4da5-beb0-b2952aa7378f,Arts and Culture,Arts and Culture
DON4551,6c5ba32d-45a4-4da5-beb0-b2952aa7378f,Travel,Travel
DON4552,6f791345-6e98-4234-9620-1942294e9377,Yoga and Pilates,Yoga and Pilates
DON4553,6f791345-6e98-4234-9620-1942294e9377,Travel,Travel
DON4554,0b1060af-2ba8-4587-b51b-d7aac0644905,Yoga and Pilates,Yoga and Pilates
DON4555,0b1060af-2ba8-4587-b51b-d7aac0644905,Environment,Environment
DON4556,0b1060af-2ba8-4587-b51b-d7aac0644905,Sports and Fitness,Sports and Fitness
DON4557,36351497-eef2-41e6-922f-f0bad336bfec,Food and Cooking,Food and Cooking
DON4558,500c8be2-b959-4fba-9e91-76dd816f9dee,Sports and Fitness,Sports and Fitness
DON4559,79411433-0592-4660-af1b-cfaf23440a13,Environment,Environment
DON4560,79411433-0592-4660-af1b-cfaf23440a13,Technology,Technology
DON4561,79411433-0592-4660-af1b-cfaf23440a13,Yoga and Pilates,Yoga and Pilates
DON4562,2b835759-07f0-487c-a9c5-43de4d8f7b58,Travel,Travel
DON4563,2b835759-07f0-487c-a9c5-43de4d8f7b58,Food and Cooking,Food and Cooking
DON4564,9a31b9ff-74f1-4b6b-840a-4ad01ba94e8f,Arts and Culture,Arts and Culture
DON4565,9a31b9ff-74f1-4b6b-840a-4ad01ba94e8f,Travel,Travel
DON4566,3592df96-94fd-4b5a-9f17-c7d5d79e8bc3,Food and Cooking,Food and Cooking
DON4567,3592df96-94fd-4b5a-9f17-c7d5d79e8bc3,Health and Wellness,Health and Wellness
DON4568,17bcf17f-f7d5-4232-b2bc-4cd828f94887,Arts and Culture,Arts and Culture
DON4569,f52980f6-785c-45a7-a77f-d0069a82d788,Arts and Culture,Arts and Culture
DON4570,f52980f6-785c-45a7-a77f-d0069a82d788,Technology,Technology
DON4571,2c55f4b0-a622-4573-8734-4a1b85328ec3,Finance,Finance
DON4572,2c55f4b0-a622-4573-8734-4a1b85328ec3,Sports and Fitness,Sports and Fitness
DON4573,3a8d469e-c1c5-48a7-96c7-a13a86c7dcef,Travel,Travel
DON4574,7d738627-3b14-44fb-bc75-40490737e82d,Environment,Environment
DON4575,7d738627-3b14-44fb-bc75-40490737e82d,Food and Cooking,Food and Cooking
DON4576,2f7a306b-d45a-454a-a83c-d6852a969445,Health and Wellness,Health and Wellness
DON4577,5c6f5f23-a27a-4cd1-8d2d-7743ac79766f,Food and Cooking,Food and Cooking
DON4578,e003024a-91c6-4f73-a79a-c7b7f61cb3db,Arts and Culture,Arts and Culture
DON4579,eb627668-168f-4e87-a52d-3ff4b71a8ae8,Yoga and Pilates,Yoga and Pilates
DON4580,eb627668-168f-4e87-a52d-3ff4b71a8ae8,Travel,Travel
DON4581,43397ff1-3c10-4ad9-bbda-9a9fbcf8dffa,Education,Education
DON4582,43397ff1-3c10-4ad9-bbda-9a9fbcf8dffa,Yoga and Pilates,Yoga and Pilates
DON4583,c79eab5e-7ae4-4a75-8cf1-23ec20d4cebb,Food and Cooking,Food and Cooking
DON4584,c79eab5e-7ae4-4a75-8cf1-23ec20d4cebb,Health and Wellness,Health and Wellness
DON4585,c79eab5e-7ae4-4a75-8cf1-23ec20d4cebb,Technology,Technology
DON4586,f88c69e3-8826-4083-a2a4-500c189eb4ff,Education,Education
DON4587,ba52a22b-b076-4981-b150-88f5bd414c02,Sports and Fitness,Sports and Fitness
DON4588,640c91bc-4405-4aac-a765-812b3aa51064,Education,Education
DON4589,640c91bc-4405-4aac-a765-812b3aa51064,Finance,Finance
DON4590,640c91bc-4405-4aac-a765-812b3aa51064,Travel,Travel
DON4591,802c1d58-4aac-4ded-a771-de6fbacbac7c,Food and Cooking,Food and Cooking
DON4592,802c1d58-4aac-4ded-a771-de6fbacbac7c,Technology,Technology
DON4593,ca2fa412-de95-4404-b54a-90710c1c44f5,Food and Cooking,Food and Cooking
DON4594,ca2fa412-de95-4404-b54a-90710c1c44f5,Yoga and Pilates,Yoga and Pilates
DON4595,ca2fa412-de95-4404-b54a-90710c1c44f5,Health and Wellness,Health and Wellness
DON4596,71056665-a403-4340-bd38-5c30b1a57b14,Environment,Environment
DON4597,71056665-a403-4340-bd38-5c30b1a57b14,Arts and Culture,Arts and Culture
DON4598,3fcac584-e1e4-4d37-8f9e-7514f0461f08,Arts and Culture,Arts and Culture
DON4599,3fcac584-e1e4-4d37-8f9e-7514f0461f08,Yoga and Pilates,Yoga and Pilates
DON4600,c0b942fd-f991-4810-a630-ca30fec71916,Finance,Finance
DON4601,c0b942fd-f991-4810-a630-ca30fec71916,Yoga and Pilates,Yoga and Pilates
DON4602,c0b942fd-f991-4810-a630-ca30fec71916,Environment,Environment
DON4603,a4f8e299-85c0-4985-80d4-cb3c6793c77f,Travel,Travel
DON4604,a4f8e299-85c0-4985-80d4-cb3c6793c77f,Technology,Technology
DON4605,a4f8e299-85c0-4985-80d4-cb3c6793c77f,Food and Cooking,Food and Cooking
DON4606,d06b2e1f-d3e2-4211-9383-17b2ad6e3633,Sports and Fitness,Sports and Fitness
DON4607,2ccbfdc7-beaa-4a7f-a972-cf2bb85ac09d,Health and Wellness,Health and Wellness
DON4608,fe668ced-3abc-4256-969c-f623f24b9027,Arts and Culture,Arts and Culture
DON4609,fe668ced-3abc-4256-969c-f623f24b9027,Education,Education
DON4610,ef22e7eb-cb23-40e1-8cfe-5b8632fcf7fe,Finance,Finance
DON4611,1192bbd7-6632-4010-8d36-b937853afaf6,Environment,Environment
DON4612,1192bbd7-6632-4010-8d36-b937853afaf6,Health and Wellness,Health and Wellness
DON4613,1192bbd7-6632-4010-8d36-b937853afaf6,Yoga and Pilates,Yoga and Pilates
DON4614,764be849-5330-43ac-89b3-5814925833f5,Travel,Travel
DON4615,f5d815b3-0402-411d-bdbb-b7d26e33c47d,Health and Wellness,Health and Wellness
DON4616,f5d815b3-0402-411d-bdbb-b7d26e33c47d,Environment,Environment
DON4617,f5d815b3-0402-411d-bdbb-b7d26e33c47d,Arts and Culture,Arts and Culture
DON4618,3fef7bf5-8450-46d1-a16a-f7e72f174eb2,Technology,Technology
DON4619,a65ba72d-ad92-4fe2-9e4a-a5145c6b33fc,Yoga and Pilates,Yoga and Pilates
DON4620,a65ba72d-ad92-4fe2-9e4a-a5145c6b33fc,Sports and Fitness,Sports and Fitness
DON4621,3ec07f09-4ba6-4f2b-a6c2-b15c9fb03e53,Food and Cooking,Food and Cooking
DON4622,bb927d7b-6f53-4438-9c6c-6d270725d4e9,Finance,Finance
DON4623,bb927d7b-6f53-4438-9c6c-6d270725d4e9,Health and Wellness,Health and Wellness
DON4624,bb927d7b-6f53-4438-9c6c-6d270725d4e9,Education,Education
DON4625,e86f227c-2c34-4c84-96f4-b1bad6ed2289,Technology,Technology
DON4626,e86f227c-2c34-4c84-96f4-b1bad6ed2289,Arts and Culture,Arts and Culture
DON4627,e86f227c-2c34-4c84-96f4-b1bad6ed2289,Sports and Fitness,Sports and Fitness
DON4628,57650ddf-383e-4737-849d-704c96bd538e,Travel,Travel
DON4629,bd7cb0e4-af42-41ef-8c7b-7fd6c350e69d,Finance,Finance
DON4630,5462fc6a-21b7-41ae-9d5c-8593d92f25d3,Finance,Finance
DON4631,5462fc6a-21b7-41ae-9d5c-8593d92f25d3,Yoga and Pilates,Yoga and Pilates
DON4632,5462fc6a-21b7-41ae-9d5c-8593d92f25d3,Environment,Environment
DON4633,d6a11b85-f53a-4109-89fd-6cad498a6400,Health and Wellness,Health and Wellness
DON4634,d6a11b85-f53a-4109-89fd-6cad498a6400,Technology,Technology
DON4635,d6a11b85-f53a-4109-89fd-6cad498a6400,Education,Education
DON4636,5b37c16f-76d1-416a-987b-02cfac794620,Yoga and Pilates,Yoga and Pilates
DON4637,53b4681a-85ed-429b-8348-7972b5f2ef99,Health and Wellness,Health and Wellness
DON4638,35a21c01-4333-42f7-bd0d-dfcb51d0e24e,Environment,Environment
DON4639,35a21c01-4333-42f7-bd0d-dfcb51d0e24e,Food and Cooking,Food and Cooking
DON4640,3605a18c-5952-47d7-a9f2-0978581be745,Environment,Environment
DON4641,3605a18c-5952-47d7-a9f2-0978581be745,Finance,Finance
DON4642,3605a18c-5952-47d7-a9f2-0978581be745,Sports and Fitness,Sports and Fitness
DON4643,053d994b-43c9-4132-8dbb-9fd5379a638b,Sports and Fitness,Sports and Fitness
DON4644,6b2b5132-ea98-4eb6-90c6-cf74c3172a14,Travel,Travel
DON4645,6b2b5132-ea98-4eb6-90c6-cf74c3172a14,Education,Education
DON4646,6b2b5132-ea98-4eb6-90c6-cf74c3172a14,Finance,Finance
DON4647,a845b229-1a64-4445-94e4-2f3f5f3903af,Finance,Finance
DON4648,a845b229-1a64-4445-94e4-2f3f5f3903af,Sports and Fitness,Sports and Fitness
DON4649,43bfe5c2-712e-4d09-ab81-75167f0554d7,Arts and Culture,Arts and Culture
DON4650,0ed91c72-4e93-483b-9d36-314035130b94,Finance,Finance
DON4651,0ed91c72-4e93-483b-9d36-314035130b94,Food and Cooking,Food and Cooking
DON4652,7a48c932-3d93-4a71-ad34-9afc1f5b28cc,Technology,Technology
DON4653,7a48c932-3d93-4a71-ad34-9afc1f5b28cc,Food and Cooking,Food and Cooking
DON4654,7a48c932-3d93-4a71-ad34-9afc1f5b28cc,Environment,Environment
DON4655,015601ac-a582-4b80-a9e1-fd15c47e1aed,Sports and Fitness,Sports and Fitness
DON4656,015601ac-a582-4b80-a9e1-fd15c47e1aed,Food and Cooking,Food and Cooking
DON4657,015601ac-a582-4b80-a9e1-fd15c47e1aed,Technology,Technology
DON4658,dd7f383c-0cb1-4b1a-af4a-aaf630441e24,Environment,Environment
DON4659,887602b7-de4c-4a9d-a42c-a2233f5c4a40,Education,Education
DON4660,887602b7-de4c-4a9d-a42c-a2233f5c4a40,Environment,Environment
DON4661,887602b7-de4c-4a9d-a42c-a2233f5c4a40,Technology,Technology
DON4662,3815c107-0366-4bb5-93d2-e68275ee6035,Technology,Technology
DON4663,46822fe4-651b-4e58-941b-32994a3bf7eb,Yoga and Pilates,Yoga and Pilates
DON4664,46822fe4-651b-4e58-941b-32994a3bf7eb,Sports and Fitness,Sports and Fitness
DON4665,cf715471-842e-4446-90e7-2e8cbd74a32b,Health and Wellness,Health and Wellness
DON4666,54f08876-e0b9-4c21-bc37-8fcc2dd7cf68,Travel,Travel
DON4667,54f08876-e0b9-4c21-bc37-8fcc2dd7cf68,Yoga and Pilates,Yoga and Pilates
DON4668,54f08876-e0b9-4c21-bc37-8fcc2dd7cf68,Arts and Culture,Arts and Culture
DON4669,4ce0809d-198a-4935-93b9-46c50a8c9c1f,Environment,Environment
DON4670,cf638e5f-cd6d-4b6c-bbaf-e14990a6e465,Food and Cooking,Food and Cooking
DON4671,b7dd09e7-ec93-41a4-9870-5d0a3cc3dab5,Yoga and Pilates,Yoga and Pilates
DON4672,b7dd09e7-ec93-41a4-9870-5d0a3cc3dab5,Environment,Environment
DON4673,f909a103-772e-451a-bc84-ecb3bab42a7e,Arts and Culture,Arts and Culture
DON4674,f909a103-772e-451a-bc84-ecb3bab42a7e,Technology,Technology
DON4675,f909a103-772e-451a-bc84-ecb3bab42a7e,Food and Cooking,Food and Cooking
DON4676,a138fa57-8af4-4d2a-bdb2-d69a5f57d29f,Travel,Travel
DON4677,a138fa57-8af4-4d2a-bdb2-d69a5f57d29f,Food and Cooking,Food and Cooking
DON4678,a138fa57-8af4-4d2a-bdb2-d69a5f57d29f,Arts and Culture,Arts and Culture
DON4679,943b4339-7f47-47d0-969f-95109c86fb8b,Technology,Technology
DON4680,943b4339-7f47-47d0-969f-95109c86fb8b,Finance,Finance
DON4681,0cb986d4-1f0a-44a6-8ac7-9363ab2c36e4,Arts and Culture,Arts and Culture
DON4682,0cb986d4-1f0a-44a6-8ac7-9363ab2c36e4,Travel,Travel
DON4683,9be17dc5-7027-417c-afc3-f9b16daaed97,Food and Cooking,Food and Cooking
DON4684,9be17dc5-7027-417c-afc3-f9b16daaed97,Health and Wellness,Health and Wellness
DON4685,9be17dc5-7027-417c-afc3-f9b16daaed97,Travel,Travel
DON4686,843a3b9a-4d24-4a91-8638-4dd96f5bf3a4,Technology,Technology
DON4687,843a3b9a-4d24-4a91-8638-4dd96f5bf3a4,Yoga and Pilates,Yoga and Pilates
DON4688,843a3b9a-4d24-4a91-8638-4dd96f5bf3a4,Finance,Finance
DON4689,e5e0f3b3-6308-4053-9d25-8f9c832f3be2,Environment,Environment
DON4690,e5e0f3b3-6308-4053-9d25-8f9c832f3be2,Travel,Travel
DON4691,e5e0f3b3-6308-4053-9d25-8f9c832f3be2,Food and Cooking,Food and Cooking
DON4692,61fac530-21ce-4ff7-a4d0-18900e5b693f,Technology,Technology
DON4693,61fac530-21ce-4ff7-a4d0-18900e5b693f,Yoga and Pilates,Yoga and Pilates
DON4694,61fac530-21ce-4ff7-a4d0-18900e5b693f,Education,Education
DON4695,a05b56b4-bcea-487a-a0d5-0329e88f3e76,Environment,Environment
DON4696,a05b56b4-bcea-487a-a0d5-0329e88f3e76,Technology,Technology
DON4697,c98dff65-4296-421c-aa79-0f8a83b0cf53,Environment,Environment
DON4698,5084f33c-02cd-478d-9e3f-9cf8c270acd3,Food and Cooking,Food and Cooking
DON4699,5084f33c-02cd-478d-9e3f-9cf8c270acd3,Travel,Travel
DON4700,5084f33c-02cd-478d-9e3f-9cf8c270acd3,Education,Education
DON4701,0f02fa3e-b092-4692-8915-5e205b8a8a6f,Food and Cooking,Food and Cooking
DON4702,0f02fa3e-b092-4692-8915-5e205b8a8a6f,Health and Wellness,Health and Wellness
DON4703,757331c9-a1b0-4896-a0e9-c1bed4b5e09b,Sports and Fitness,Sports and Fitness
DON4704,757331c9-a1b0-4896-a0e9-c1bed4b5e09b,Arts and Culture,Arts and Culture
DON4705,757331c9-a1b0-4896-a0e9-c1bed4b5e09b,Travel,Travel
DON4706,b2203d1c-a180-4a57-9ca0-6e4ff20c9f3f,Travel,Travel
DON4707,b2203d1c-a180-4a57-9ca0-6e4ff20c9f3f,Technology,Technology
DON4708,bab9d58b-3b48-4ed4-8bea-1d9904d2aaba,Yoga and Pilates,Yoga and Pilates
DON4709,bab9d58b-3b48-4ed4-8bea-1d9904d2aaba,Travel,Travel
DON4710,bf0e3ed3-8bf7-4900-9303-563cba1f2bf8,Sports and Fitness,Sports and Fitness
DON4711,bf0e3ed3-8bf7-4900-9303-563cba1f2bf8,Finance,Finance
DON4712,bf0e3ed3-8bf7-4900-9303-563cba1f2bf8,Yoga and Pilates,Yoga and Pilates
DON4713,1d5e0923-3fe4-48ed-ac9f-6634c72b5a1b,Arts and Culture,Arts and Culture
DON4714,f8400cf2-4999-45ae-9875-65717e7af05d,Technology,Technology
DON4715,f8400cf2-4999-45ae-9875-65717e7af05d,Yoga and Pilates,Yoga and Pilates
DON4716,d6b791bf-77ee-4639-9a0e-ce356f086462,Education,Education
DON4717,8b3e7070-53ff-4257-9f9e-ada4b6423997,Finance,Finance
DON4718,8b3e7070-53ff-4257-9f9e-ada4b6423997,Arts and Culture,Arts and Culture
DON4719,8b3e7070-53ff-4257-9f9e-ada4b6423997,Education,Education
DON4720,57db5704-b283-447f-b92c-3c4f07e3ce7e,Finance,Finance
DON4721,57db5704-b283-447f-b92c-3c4f07e3ce7e,Health and Wellness,Health and Wellness
DON4722,57db5704-b283-447f-b92c-3c4f07e3ce7e,Education,Education
DON4723,e6086454-94a0-47f9-baef-aa2fa24f2f3d,Yoga and Pilates,Yoga and Pilates
DON4724,e6086454-94a0-47f9-baef-aa2fa24f2f3d,Sports and Fitness,Sports and Fitness
DON4725,641fc180-b0d0-440f-be88-921cd5093ce6,Yoga and Pilates,Yoga and Pilates
DON4726,8d5f83c9-da3b-491c-9a98-b2cbc0a2f68f,Health and Wellness,Health and Wellness
DON4727,8d5f83c9-da3b-491c-9a98-b2cbc0a2f68f,Education,Education
DON4728,8d5f83c9-da3b-491c-9a98-b2cbc0a2f68f,Finance,Finance
DON4729,fd26d79d-ad32-4481-8397-c37b3c37f79c,Yoga and Pilates,Yoga and Pilates
DON4730,fd26d79d-ad32-4481-8397-c37b3c37f79c,Arts and Culture,Arts and Culture
DON4731,fd26d79d-ad32-4481-8397-c37b3c37f79c,Travel,Travel
DON4732,68c5840a-c212-4ff4-92f7-2d950bd58f59,Education,Education
DON4733,68c5840a-c212-4ff4-92f7-2d950bd58f59,Health and Wellness,Health and Wellness
DON4734,68c5840a-c212-4ff4-92f7-2d950bd58f59,Environment,Environment
DON4735,5677fb3e-6f94-4c57-8e2f-cf63afc90518,Education,Education
DON4736,5677fb3e-6f94-4c57-8e2f-cf63afc90518,Health and Wellness,Health and Wellness
DON4737,5677fb3e-6f94-4c57-8e2f-cf63afc90518,Arts and Culture,Arts and Culture
DON4738,dcc6db46-1c3f-4481-bc27-02cf1b5a7a78,Finance,Finance
DON4739,dcc6db46-1c3f-4481-bc27-02cf1b5a7a78,Education,Education
DON4740,dcc6db46-1c3f-4481-bc27-02cf1b5a7a78,Sports and Fitness,Sports and Fitness
DON4741,b4460134-aab6-4ef3-ad64-6c00323f4821,Sports and Fitness,Sports and Fitness
DON4742,b4460134-aab6-4ef3-ad64-6c00323f4821,Environment,Environment
DON4743,b4460134-aab6-4ef3-ad64-6c00323f4821,Health and Wellness,Health and Wellness
DON4744,248452bc-8685-41b7-9a3a-d4cfe56d012d,Finance,Finance
DON4745,248452bc-8685-41b7-9a3a-d4cfe56d012d,Education,Education
DON4746,248452bc-8685-41b7-9a3a-d4cfe56d012d,Sports and Fitness,Sports and Fitness
DON4747,1438888a-1cb7-4952-98aa-8b8d85982095,Food and Cooking,Food and Cooking
DON4748,1438888a-1cb7-4952-98aa-8b8d85982095,Arts and Culture,Arts and Culture
DON4749,1438888a-1cb7-4952-98aa-8b8d85982095,Environment,Environment
DON4750,017c49d3-2c11-4955-9405-f2da589c6342,Technology,Technology
DON4751,017c49d3-2c11-4955-9405-f2da589c6342,Sports and Fitness,Sports and Fitness
DON4752,017c49d3-2c11-4955-9405-f2da589c6342,Health and Wellness,Health and Wellness
DON4753,3709c4f3-b478-4488-adc8-33cb272ae257,Environment,Environment
DON4754,317799da-e1c2-427a-8a83-13539959ef15,Food and Cooking,Food and Cooking
DON4755,317799da-e1c2-427a-8a83-13539959ef15,Education,Education
DON4756,95aac8dd-4d18-44af-91c8-b97fe0c95f3e,Arts and Culture,Arts and Culture
DON4757,95aac8dd-4d18-44af-91c8-b97fe0c95f3e,Finance,Finance
DON4758,95aac8dd-4d18-44af-91c8-b97fe0c95f3e,Food and Cooking,Food and Cooking
DON4759,94cf8810-da2c-4798-9172-be8e5eb7c971,Yoga and Pilates,Yoga and Pilates
DON4760,94cf8810-da2c-4798-9172-be8e5eb7c971,Finance,Finance
DON4761,298e521f-9834-4361-9671-0beebea2ef12,Food and Cooking,Food and Cooking
DON4762,298e521f-9834-4361-9671-0beebea2ef12,Technology,Technology
DON4763,9108c97a-02f2-43c9-abb6-495938e6d3f3,Education,Education
DON4764,9108c97a-02f2-43c9-abb6-495938e6d3f3,Food and Cooking,Food and Cooking
DON4765,9108c97a-02f2-43c9-abb6-495938e6d3f3,Sports and Fitness,Sports and Fitness
DON4766,92bacd0c-c9cf-4984-b21a-ac1b62b8f976,Environment,Environment
DON4767,92bacd0c-c9cf-4984-b21a-ac1b62b8f976,Technology,Technology
DON4768,92bacd0c-c9cf-4984-b21a-ac1b62b8f976,Arts and Culture,Arts and Culture
DON4769,388794cd-3045-49f5-befb-cbb63c2bc009,Travel,Travel
DON4770,2af63d93-5ebc-483e-91dc-20ed1489561e,Health and Wellness,Health and Wellness
DON4771,2af63d93-5ebc-483e-91dc-20ed1489561e,Sports and Fitness,Sports and Fitness
DON4772,2af63d93-5ebc-483e-91dc-20ed1489561e,Environment,Environment
DON4773,deeeec01-09fc-4e14-aa60-21331f2f7312,Education,Education
DON4774,deeeec01-09fc-4e14-aa60-21331f2f7312,Environment,Environment
DON4775,63804133-034c-4f67-85c5-f82a88685f72,Health and Wellness,Health and Wellness
DON4776,63804133-034c-4f67-85c5-f82a88685f72,Yoga and Pilates,Yoga and Pilates
DON4777,1c21128c-9aa1-41aa-ab8d-169a37d55baa,Education,Education
DON4778,1c21128c-9aa1-41aa-ab8d-169a37d55baa,Yoga and Pilates,Yoga and Pilates
DON4779,5c81fa0f-f2d3-41a6-8168-414154f2367a,Travel,Travel
DON4780,5c81fa0f-f2d3-41a6-8168-414154f2367a,Finance,Finance
DON4781,d7e0380e-47c5-42f9-aa61-686e1fb9cc85,Education,Education
DON4782,cb5f903f-cbf7-4c5d-b4a2-4744e3ac8034,Food and Cooking,Food and Cooking
DON4783,cb5f903f-cbf7-4c5d-b4a2-4744e3ac8034,Education,Education
DON4784,b10cc7a4-cb4f-4dd2-be0e-d1d1384ba468,Technology,Technology
DON4785,b10cc7a4-cb4f-4dd2-be0e-d1d1384ba468,Finance,Finance
DON4786,b10cc7a4-cb4f-4dd2-be0e-d1d1384ba468,Arts and Culture,Arts and Culture
DON4787,015eaedd-61c2-4ade-86aa-dc137667388b,Education,Education
DON4788,2250be33-1b5c-4632-bcb4-656b9c9e4090,Travel,Travel
DON4789,2250be33-1b5c-4632-bcb4-656b9c9e4090,Food and Cooking,Food and Cooking
DON4790,40009530-67a9-4406-b132-2c30c6ef2fc8,Environment,Environment
DON4791,e7ced21b-b096-434d-afee-a598a95ac73a,Travel,Travel
DON4792,e7ced21b-b096-434d-afee-a598a95ac73a,Health and Wellness,Health and Wellness
DON4793,acfcbe9c-2a55-421a-a44f-884ede0d3bbf,Arts and Culture,Arts and Culture
DON4794,acfcbe9c-2a55-421a-a44f-884ede0d3bbf,Environment,Environment
DON4795,acfcbe9c-2a55-421a-a44f-884ede0d3bbf,Education,Education
DON4796,36f95a0c-4928-4a2f-8353-25920be4158c,Education,Education
DON4797,36f95a0c-4928-4a2f-8353-25920be4158c,Arts and Culture,Arts and Culture
DON4798,36f95a0c-4928-4a2f-8353-25920be4158c,Technology,Technology
DON4799,b28bb345-8272-4d19-ad2b-ebc75e5f15c9,Travel,Travel
DON4800,b28bb345-8272-4d19-ad2b-ebc75e5f15c9,Food and Cooking,Food and Cooking
DON4801,8a268722-e617-4767-ac0a-1491f98b70db,Yoga and Pilates,Yoga and Pilates
DON4802,8a268722-e617-4767-ac0a-1491f98b70db,Education,Education
DON4803,2d6273b6-aa7a-45a8-8c7e-144393b290ed,Finance,Finance
DON4804,56173f01-10e8-49ca-a5cc-d68c37d21d41,Education,Education
DON4805,ff3e21a7-a904-4df6-bd53-03a1b6e12790,Sports and Fitness,Sports and Fitness
DON4806,ff3e21a7-a904-4df6-bd53-03a1b6e12790,Yoga and Pilates,Yoga and Pilates
DON4807,ff3e21a7-a904-4df6-bd53-03a1b6e12790,Health and Wellness,Health and Wellness
DON4808,0d0f9779-aaf9-4ce3-8d0b-4632a2d5448a,Health and Wellness,Health and Wellness
DON4809,f83ab14a-70b1-4aa6-bf3a-8b0cdd49df3c,Arts and Culture,Arts and Culture
DON4810,f83ab14a-70b1-4aa6-bf3a-8b0cdd49df3c,Finance,Finance
DON4811,62de072c-0db4-48b7-ab4a-ece83e92c17a,Sports and Fitness,Sports and Fitness
DON4812,62de072c-0db4-48b7-ab4a-ece83e92c17a,Finance,Finance
DON4813,488b93cf-ea82-4e6f-ae3a-87c61b9e3fca,Travel,Travel
DON4814,7a897bb7-53d7-417b-ba92-a29076e930c4,Travel,Travel
DON4815,7a897bb7-53d7-417b-ba92-a29076e930c4,Education,Education
DON4816,7a897bb7-53d7-417b-ba92-a29076e930c4,Environment,Environment
DON4817,071174b1-1183-4f3a-83f2-295f6436509d,Environment,Environment
DON4818,071174b1-1183-4f3a-83f2-295f6436509d,Yoga and Pilates,Yoga and Pilates
DON4819,071174b1-1183-4f3a-83f2-295f6436509d,Finance,Finance
DON4820,e7978d47-1066-452b-8ac4-9efffb00b8d0,Finance,Finance
DON4821,e7978d47-1066-452b-8ac4-9efffb00b8d0,Travel,Travel
DON4822,e7978d47-1066-452b-8ac4-9efffb00b8d0,Arts and Culture,Arts and Culture
DON4823,ae4617b8-cbaf-487d-87ce-9a3f0d2c817f,Technology,Technology
DON4824,8bb6a1c1-4b68-490d-bc50-0591f9393e29,Education,Education
DON4825,8bb6a1c1-4b68-490d-bc50-0591f9393e29,Health and Wellness,Health and Wellness
DON4826,b21f071b-3b24-4dd0-919e-78697fa197c1,Sports and Fitness,Sports and Fitness
DON4827,b21f071b-3b24-4dd0-919e-78697fa197c1,Environment,Environment
DON4828,b21f071b-3b24-4dd0-919e-78697fa197c1,Travel,Travel
DON4829,1ca93ab0-41dd-4b95-a312-5c69526f44e0,Health and Wellness,Health and Wellness
DON4830,f63b06a0-09d8-439e-ae20-96ac4608e6c7,Yoga and Pilates,Yoga and Pilates
DON4831,049745cb-261f-4475-b7b5-cbcc90071bab,Technology,Technology
DON4832,049745cb-261f-4475-b7b5-cbcc90071bab,Travel,Travel
DON4833,82cf8d2c-ef3c-4bd0-9463-1cf237ae13e7,Finance,Finance
DON4834,14faac0a-1d94-4aa4-9f5d-48567f881388,Health and Wellness,Health and Wellness
DON4835,506d92fb-0246-4501-9726-6a00ea839677,Finance,Finance
DON4836,14085ca8-3e7c-42d7-9d2b-383331aa4e6c,Technology,Technology
DON4837,14085ca8-3e7c-42d7-9d2b-383331aa4e6c,Sports and Fitness,Sports and Fitness
DON4838,14085ca8-3e7c-42d7-9d2b-383331aa4e6c,Travel,Travel
DON4839,2e26765c-ee3b-468c-86ff-c4e588a03228,Sports and Fitness,Sports and Fitness
DON4840,ef28e935-2ba2-49e5-81e9-c7e1bf474a37,Yoga and Pilates,Yoga and Pilates
DON4841,ef28e935-2ba2-49e5-81e9-c7e1bf474a37,Arts and Culture,Arts and Culture
DON4842,ef28e935-2ba2-49e5-81e9-c7e1bf474a37,Environment,Environment
DON4843,4f546b12-e525-418e-af09-97213445b982,Education,Education
DON4844,4f546b12-e525-418e-af09-97213445b982,Sports and Fitness,Sports and Fitness
DON4845,4f546b12-e525-418e-af09-97213445b982,Yoga and Pilates,Yoga and Pilates
DON4846,fed21894-c65b-40e5-933a-9e019de477c6,Arts and Culture,Arts and Culture
DON4847,0d900cfc-6565-4b8f-99f7-30fca5c5ace9,Food and Cooking,Food and Cooking
DON4848,9713acc3-9eb0-443b-bcdd-176f057eee3a,Technology,Technology
DON4849,9713acc3-9eb0-443b-bcdd-176f057eee3a,Food and Cooking,Food and Cooking
DON4850,9713acc3-9eb0-443b-bcdd-176f057eee3a,Environment,Environment
DON4851,8ff1a9ee-f04c-43dc-87d7-649c407ec5de,Sports and Fitness,Sports and Fitness
DON4852,8ff1a9ee-f04c-43dc-87d7-649c407ec5de,Food and Cooking,Food and Cooking
DON4853,8ff1a9ee-f04c-43dc-87d7-649c407ec5de,Education,Education
DON4854,a7a7ca28-eb95-4aa9-ae47-cb560b102dfd,Education,Education
DON4855,a7a7ca28-eb95-4aa9-ae47-cb560b102dfd,Environment,Environment
DON4856,a7a7ca28-eb95-4aa9-ae47-cb560b102dfd,Technology,Technology
DON4857,291d38e5-a810-48db-902d-1273cef1bdff,Health and Wellness,Health and Wellness
DON4858,291d38e5-a810-48db-902d-1273cef1bdff,Food and Cooking,Food and Cooking
DON4859,dbf0371b-a1df-49bd-952f-6367a76c68ff,Environment,Environment
DON4860,dbf0371b-a1df-49bd-952f-6367a76c68ff,Education,Education
DON4861,dbf0371b-a1df-49bd-952f-6367a76c68ff,Health and Wellness,Health and Wellness
DON4862,db54f0a8-75d5-45c4-aa72-5be44953cdc6,Travel,Travel
DON4863,db54f0a8-75d5-45c4-aa72-5be44953cdc6,Education,Education
DON4864,7c454b08-bc4d-4303-9d6f-0f1f24fc572f,Finance,Finance
DON4865,7c454b08-bc4d-4303-9d6f-0f1f24fc572f,Travel,Travel
DON4866,01eb22c9-dac3-4674-b2e4-e15eee7972d3,Travel,Travel
DON4867,01eb22c9-dac3-4674-b2e4-e15eee7972d3,Food and Cooking,Food and Cooking
DON4868,43207be9-fd1a-4bcb-b1a9-e9373ae46824,Health and Wellness,Health and Wellness
DON4869,dc69e64b-5b26-40bd-81a3-716f559628a0,Travel,Travel
DON4870,dc69e64b-5b26-40bd-81a3-716f559628a0,Sports and Fitness,Sports and Fitness
DON4871,a1e9bccb-2fed-4d37-9f38-46df0439e111,Environment,Environment
DON4872,a1e9bccb-2fed-4d37-9f38-46df0439e111,Education,Education
DON4873,a1e9bccb-2fed-4d37-9f38-46df0439e111,Sports and Fitness,Sports and Fitness
DON4874,91fe1d51-ac3e-4d33-919e-1474f53c419e,Arts and Culture,Arts and Culture
DON4875,91fe1d51-ac3e-4d33-919e-1474f53c419e,Education,Education
DON4876,91fe1d51-ac3e-4d33-919e-1474f53c419e,Yoga and Pilates,Yoga and Pilates
DON4877,6339b254-7702-488e-8468-0c0042b09d29,Arts and Culture,Arts and Culture
DON4878,6339b254-7702-488e-8468-0c0042b09d29,Travel,Travel
DON4879,388e2535-acb1-4ee6-af22-e309cfeb3737,Finance,Finance
DON4880,388e2535-acb1-4ee6-af22-e309cfeb3737,Sports and Fitness,Sports and Fitness
DON4881,388e2535-acb1-4ee6-af22-e309cfeb3737,Environment,Environment
DON4882,9706789e-44b4-4c2f-8dbd-4b1691dbf5f0,Food and Cooking,Food and Cooking
DON4883,9706789e-44b4-4c2f-8dbd-4b1691dbf5f0,Yoga and Pilates,Yoga and Pilates
DON4884,6790f770-6c19-4c94-8aad-74e4c66d607c,Yoga and Pilates,Yoga and Pilates
DON4885,6790f770-6c19-4c94-8aad-74e4c66d607c,Finance,Finance
DON4886,8c566bc4-c200-435b-9e21-2bb150a5210d,Travel,Travel
DON4887,8c566bc4-c200-435b-9e21-2bb150a5210d,Arts and Culture,Arts and Culture
DON4888,12cbfdfa-018d-4f2c-afe0-e6d3f8548dd4,Food and Cooking,Food and Cooking
DON4889,12cbfdfa-018d-4f2c-afe0-e6d3f8548dd4,Travel,Travel
DON4890,03c8095a-1c6e-4631-83e4-d78e7aee2843,Sports and Fitness,Sports and Fitness
DON4891,03c8095a-1c6e-4631-83e4-d78e7aee2843,Yoga and Pilates,Yoga and Pilates
DON4892,03c8095a-1c6e-4631-83e4-d78e7aee2843,Arts and Culture,Arts and Culture
DON4893,dd30a3ba-95f5-4636-a5a0-faaf6010b209,Environment,Environment
DON4894,2673776b-cde3-45dd-aeee-69f04cc6157c,Environment,Environment
DON4895,2673776b-cde3-45dd-aeee-69f04cc6157c,Food and Cooking,Food and Cooking
DON4896,5d9669fc-55f1-4564-acd6-b6181cd6a9a9,Education,Education
DON4897,5d9669fc-55f1-4564-acd6-b6181cd6a9a9,Arts and Culture,Arts and Culture
DON4898,5d9669fc-55f1-4564-acd6-b6181cd6a9a9,Travel,Travel
DON4899,9fc1e079-9c76-4888-b2c2-fd28afa60981,Sports and Fitness,Sports and Fitness
DON4900,9fc1e079-9c76-4888-b2c2-fd28afa60981,Health and Wellness,Health and Wellness
DON4901,70ccb957-9f95-4046-ac7a-ce58b3b5eb5d,Travel,Travel
DON4902,fe22c771-fa63-4824-ba7a-bfcee68e4625,Health and Wellness,Health and Wellness
DON4903,fe22c771-fa63-4824-ba7a-bfcee68e4625,Environment,Environment
DON4904,cbfe3c88-8f0a-443d-8011-7bb41c719542,Technology,Technology
DON4905,514eff83-69bd-4aef-b4a0-2fcb63dec0b7,Food and Cooking,Food and Cooking
DON4906,ff58fd4d-601f-49be-9905-242a6f8ee4d3,Sports and Fitness,Sports and Fitness
DON4907,e9bcc336-fbcf-47d6-9cf5-855f495bd42d,Finance,Finance
DON4908,2f8493b1-5a6d-4d82-8308-8da2ce81f1cd,Education,Education
DON4909,2f8493b1-5a6d-4d82-8308-8da2ce81f1cd,Yoga and Pilates,Yoga and Pilates
DON4910,a5f52e7e-a8d1-45a1-94d5-649289b89430,Finance,Finance
DON4911,a5f52e7e-a8d1-45a1-94d5-649289b89430,Food and Cooking,Food and Cooking
DON4912,021f58e9-1ecd-4a92-99fe-7c4300e83bc1,Arts and Culture,Arts and Culture
DON4913,021f58e9-1ecd-4a92-99fe-7c4300e83bc1,Environment,Environment
DON4914,877f1d36-cac9-407f-8502-5278284f2011,Education,Education
DON4915,877f1d36-cac9-407f-8502-5278284f2011,Health and Wellness,Health and Wellness
DON4916,dfcb8eda-e3c7-431a-85dd-19fb49171f34,Technology,Technology
DON4917,dfcb8eda-e3c7-431a-85dd-19fb49171f34,Yoga and Pilates,Yoga and Pilates
DON4918,dfcb8eda-e3c7-431a-85dd-19fb49171f34,Travel,Travel
DON4919,3999db24-b030-473d-9b45-20f0e3aa58d3,Education,Education
DON4920,3999db24-b030-473d-9b45-20f0e3aa58d3,Finance,Finance
DON4921,3999db24-b030-473d-9b45-20f0e3aa58d3,Technology,Technology
DON4922,f892978d-35a6-4724-b509-e9240df2c7e3,Travel,Travel
DON4923,1d60babb-c1c8-4bef-a1e0-88a00aead0ed,Arts and Culture,Arts and Culture
DON4924,ef76c303-8de2-4b40-b176-ed6d55f5c4f2,Environment,Environment
DON4925,3bf5e38d-ba57-44ef-adce-7a657074f86a,Food and Cooking,Food and Cooking
DON4926,3bf5e38d-ba57-44ef-adce-7a657074f86a,Education,Education
DON4927,3bf5e38d-ba57-44ef-adce-7a657074f86a,Travel,Travel
DON4928,adcac049-727e-4ba6-90e2-cfe4f833d2c7,Food and Cooking,Food and Cooking
DON4929,77084ebd-f9cc-4734-9f4e-6da3a9425c71,Sports and Fitness,Sports and Fitness
DON4930,f6a4e97e-b917-44a0-8d0b-b31ccb0385c6,Technology,Technology
DON4931,f6a4e97e-b917-44a0-8d0b-b31ccb0385c6,Education,Education
DON4932,f6a4e97e-b917-44a0-8d0b-b31ccb0385c6,Health and Wellness,Health and Wellness
DON4933,99c53cfc-348a-4b26-b810-f3a4846e58ea,Finance,Finance
DON4934,c8fc88d9-89c9-4b9d-bb6e-092ce5437eee,Technology,Technology
DON4935,c8fc88d9-89c9-4b9d-bb6e-092ce5437eee,Environment,Environment
DON4936,bc81bcd6-7931-480f-b3bb-f7fa2952b0fa,Technology,Technology
DON4937,bc81bcd6-7931-480f-b3bb-f7fa2952b0fa,Finance,Finance
DON4938,ec0c0366-62fe-49bb-99c0-6256924635d3,Technology,Technology
DON4939,ec0c0366-62fe-49bb-99c0-6256924635d3,Education,Education
DON4940,31b203b4-b5c2-4d8a-b8c9-770f53225232,Finance,Finance
DON4941,31b203b4-b5c2-4d8a-b8c9-770f53225232,Health and Wellness,Health and Wellness
DON4942,4d3a3396-52c8-4e66-ac63-6f4a99beefd5,Health and Wellness,Health and Wellness
DON4943,4d3a3396-52c8-4e66-ac63-6f4a99beefd5,Technology,Technology
DON4944,b6398848-8e78-43e4-8b11-b99e272d763f,Yoga and Pilates,Yoga and Pilates
DON4945,b6398848-8e78-43e4-8b11-b99e272d763f,Food and Cooking,Food and Cooking
DON4946,5bcc26c1-6629-422d-ad35-573b359ad543,Finance,Finance
DON4947,5bcc26c1-6629-422d-ad35-573b359ad543,Yoga and Pilates,Yoga and Pilates
DON4948,5bcc26c1-6629-422d-ad35-573b359ad543,Education,Education
DON4949,c4f282be-0523-4de5-89a9-dcc8c977ffb2,Technology,Technology
DON4950,c4f282be-0523-4de5-89a9-dcc8c977ffb2,Travel,Travel
DON4951,c4f282be-0523-4de5-89a9-dcc8c977ffb2,Environment,Environment
DON4952,0b383a35-e57b-42ba-9da4-eb93c6c917b2,Yoga and Pilates,Yoga and Pilates
DON4953,0b383a35-e57b-42ba-9da4-eb93c6c917b2,Sports and Fitness,Sports and Fitness
DON4954,0b383a35-e57b-42ba-9da4-eb93c6c917b2,Food and Cooking,Food and Cooking
DON4955,ede48bef-4090-4ae4-a909-1332f2a93a95,Environment,Environment
DON4956,ede48bef-4090-4ae4-a909-1332f2a93a95,Health and Wellness,Health and Wellness
DON4957,ede2a758-805c-4d95-8f3c-c96773e8bc3c,Environment,Environment
DON4958,ede2a758-805c-4d95-8f3c-c96773e8bc3c,Health and Wellness,Health and Wellness
DON4959,ede2a758-805c-4d95-8f3c-c96773e8bc3c,Education,Education
DON4960,7ddafad6-b59e-483b-a250-39890a6ad3a1,Environment,Environment
DON4961,7ddafad6-b59e-483b-a250-39890a6ad3a1,Education,Education
DON4962,d0233ddf-e442-4a1e-afe1-65c1765cfedd,Yoga and Pilates,Yoga and Pilates
DON4963,d0233ddf-e442-4a1e-afe1-65c1765cfedd,Technology,Technology
DON4964,0b2ab4af-55d6-40e9-980d-cf3840e972a9,Arts and Culture,Arts and Culture
DON4965,63a53d6e-e883-45d5-a37b-5c553ee99c81,Finance,Finance
DON4966,63a53d6e-e883-45d5-a37b-5c553ee99c81,Education,Education
DON4967,c76077a2-5f38-435c-97a8-0c49add63587,Travel,Travel
DON4968,41b0188b-e1a1-41d9-a0fa-4c182cfd8d97,Environment,Environment
DON4969,c127c384-dcfd-4c24-94f8-f0a5a49c9b15,Finance,Finance
DON4970,c127c384-dcfd-4c24-94f8-f0a5a49c9b15,Health and Wellness,Health and Wellness
DON4971,f58d6974-1184-4cb5-be03-4c297101f159,Yoga and Pilates,Yoga and Pilates
DON4972,f58d6974-1184-4cb5-be03-4c297101f159,Education,Education
DON4973,f12fde83-baae-4981-acb1-a1a696ca5249,Travel,Travel
DON4974,e264e1b7-76c8-4845-998a-b644d43f389f,Technology,Technology
DON4975,e264e1b7-76c8-4845-998a-b644d43f389f,Arts and Culture,Arts and Culture
DON4976,0b173f69-a3a3-413c-9144-5e782d10f6fa,Health and Wellness,Health and Wellness
DON4977,beafdad0-1525-4b00-a29e-76357bf5900b,Technology,Technology
DON4978,b922b23b-71e3-46f9-bb66-02918374b8d4,Finance,Finance
DON4979,b922b23b-71e3-46f9-bb66-02918374b8d4,Health and Wellness,Health and Wellness
DON4980,d1c43cdf-2aef-47e6-b5c8-9f70cc073edc,Environment,Environment
DON4981,d1c43cdf-2aef-47e6-b5c8-9f70cc073edc,Technology,Technology
DON4982,6b8432b2-26e0-4b5c-8dd3-3f6ecf6f8b30,Yoga and Pilates,Yoga and Pilates
DON4983,185709e9-6fd9-4d7a-9033-0c3a41490882,Education,Education
DON4984,185709e9-6fd9-4d7a-9033-0c3a41490882,Finance,Finance
DON4985,185709e9-6fd9-4d7a-9033-0c3a41490882,Food and Cooking,Food and Cooking
DON4986,d4f18f82-ddb8-4f34-b2ff-2433cd95997f,Sports and Fitness,Sports and Fitness
DON4987,d4f18f82-ddb8-4f34-b2ff-2433cd95997f,Health and Wellness,Health and Wellness
DON4988,d4f18f82-ddb8-4f34-b2ff-2433cd95997f,Yoga and Pilates,Yoga and Pilates
DON4989,593f9e63-154d-4eff-8b46-266db4e1e6a8,Food and Cooking,Food and Cooking
DON4990,593f9e63-154d-4eff-8b46-266db4e1e6a8,Environment,Environment
DON4991,593f9e63-154d-4eff-8b46-266db4e1e6a8,Education,Education
DON4992,e7529f55-6e18-4304-9626-9af1a07258eb,Finance,Finance
DON4993,e7529f55-6e18-4304-9626-9af1a07258eb,Food and Cooking,Food and Cooking
DON4994,537fa776-f8c9-455a-af26-23004ff9b2f6,Environment,Environment
DON4995,9e543daf-b753-4317-8385-c529d2da1d1a,Yoga and Pilates,Yoga and Pilates
DON4996,9e543daf-b753-4317-8385-c529d2da1d1a,Travel,Travel
DON4997,0cb5e768-4b14-44fa-96c1-d708ea90963f,Environment,Environment
DON4998,0cb5e768-4b14-44fa-96c1-d708ea90963f,Arts and Culture,Arts and Culture
DON4999,ad94980a-ebfc-4991-9323-a0e202a7fde0,Yoga and Pilates,Yoga and Pilates
DON5000,1edba31a-d6b0-4217-b400-e648ed25add3,Travel,Travel
DON5001,84593df2-1426-4960-bf63-7108dad0787b,Travel,Travel
DON5002,718fb5df-fd4c-44fc-b052-97608022950f,Travel,Travel
DON5003,5938f67e-5a7e-4582-ba68-2a01ee69d9a2,Health and Wellness,Health and Wellness
DON5004,5938f67e-5a7e-4582-ba68-2a01ee69d9a2,Sports and Fitness,Sports and Fitness
DON5005,395fcfa4-a505-4bb3-9117-c9d2d9550103,Health and Wellness,Health and Wellness
DON5006,395fcfa4-a505-4bb3-9117-c9d2d9550103,Sports and Fitness,Sports and Fitness
DON5007,395fcfa4-a505-4bb3-9117-c9d2d9550103,Finance,Finance
DON5008,b41ce644-c5d9-4ca4-8ce8-df5797854a41,Food and Cooking,Food and Cooking
DON5009,b41ce644-c5d9-4ca4-8ce8-df5797854a41,Technology,Technology
DON5010,2b310138-31ce-4df0-b76f-91424572db7d,Arts and Culture,Arts and Culture
DON5011,2b310138-31ce-4df0-b76f-91424572db7d,Yoga and Pilates,Yoga and Pilates
DON5012,2b310138-31ce-4df0-b76f-91424572db7d,Education,Education
DON5013,ea44452d-148a-4770-b6d6-ab48a3e0ec35,Education,Education
DON5014,079b7144-d04c-4f2e-8424-1e0a733a6bfc,Food and Cooking,Food and Cooking
DON5015,bf22cbfb-06f4-4b3c-b43e-bb627322d27c,Sports and Fitness,Sports and Fitness
DON5016,bf22cbfb-06f4-4b3c-b43e-bb627322d27c,Technology,Technology
DON5017,bf22cbfb-06f4-4b3c-b43e-bb627322d27c,Finance,Finance
DON5018,8138fe16-297b-445e-8216-3dff63ede029,Finance,Finance
DON5019,8138fe16-297b-445e-8216-3dff63ede029,Arts and Culture,Arts and Culture
DON5020,8138fe16-297b-445e-8216-3dff63ede029,Health and Wellness,Health and Wellness
DON5021,6d6ea9e9-9378-49f7-8afa-4f40e3744aed,Finance,Finance
DON5022,6d6ea9e9-9378-49f7-8afa-4f40e3744aed,Education,Education
DON5023,6d6ea9e9-9378-49f7-8afa-4f40e3744aed,Yoga and Pilates,Yoga and Pilates
DON5024,15358a4c-0cbc-4f0b-a1d7-22413e730fa3,Yoga and Pilates,Yoga and Pilates
DON5025,15358a4c-0cbc-4f0b-a1d7-22413e730fa3,Health and Wellness,Health and Wellness
DON5026,c2837b2c-5f6a-402a-a7a5-14c92cd0587b,Health and Wellness,Health and Wellness
DON5027,c2837b2c-5f6a-402a-a7a5-14c92cd0587b,Technology,Technology
DON5028,b470c2e0-ad65-4890-b669-fe780a611e08,Travel,Travel
DON5029,b470c2e0-ad65-4890-b669-fe780a611e08,Finance,Finance
DON5030,b470c2e0-ad65-4890-b669-fe780a611e08,Education,Education
DON5031,31bd5ae2-6d00-45dd-a283-4a9dccab9b7d,Technology,Technology
DON5032,31bd5ae2-6d00-45dd-a283-4a9dccab9b7d,Arts and Culture,Arts and Culture
DON5033,64906d7e-2a13-429b-880c-96fba67b4206,Sports and Fitness,Sports and Fitness
DON5034,feee94e3-aa7a-4cd4-87ff-f8891456515e,Technology,Technology
DON5035,b1b1d967-5cb4-4606-a994-f624f43f7cc3,Education,Education
DON5036,b1b1d967-5cb4-4606-a994-f624f43f7cc3,Sports and Fitness,Sports and Fitness
DON5037,5b630169-54d6-4391-a7d6-ca9c148a6f0d,Arts and Culture,Arts and Culture
DON5038,5b630169-54d6-4391-a7d6-ca9c148a6f0d,Technology,Technology
DON5039,5b630169-54d6-4391-a7d6-ca9c148a6f0d,Health and Wellness,Health and Wellness
DON5040,23ddd70a-483b-49b6-858f-230894680397,Health and Wellness,Health and Wellness
DON5041,23ddd70a-483b-49b6-858f-230894680397,Finance,Finance
DON5042,7400b5eb-d749-438a-8cce-9f97e4929b77,Technology,Technology
DON5043,7a12c29a-8122-4027-84df-14c5d7fff45d,Food and Cooking,Food and Cooking
DON5044,dd965733-858f-4460-a683-877c563863f1,Education,Education
DON5045,dd965733-858f-4460-a683-877c563863f1,Environment,Environment
DON5046,4f5c9733-19bd-4907-a873-e3dcca36d693,Finance,Finance
DON5047,4f5c9733-19bd-4907-a873-e3dcca36d693,Technology,Technology
DON5048,8871cc80-afd3-48bb-b34d-e27373c57f25,Arts and Culture,Arts and Culture
DON5049,8871cc80-afd3-48bb-b34d-e27373c57f25,Environment,Environment
DON5050,7d3b7640-f497-4206-b7a6-fd911412293f,Technology,Technology
DON5051,206bb7a4-333a-48f6-9239-e01e70c9ede7,Sports and Fitness,Sports and Fitness
DON5052,206bb7a4-333a-48f6-9239-e01e70c9ede7,Environment,Environment
DON5053,206bb7a4-333a-48f6-9239-e01e70c9ede7,Yoga and Pilates,Yoga and Pilates
DON5054,ce9e06d1-940f-45fd-846a-039699bb92d9,Sports and Fitness,Sports and Fitness
DON5055,ce9e06d1-940f-45fd-846a-039699bb92d9,Technology,Technology
DON5056,ce9e06d1-940f-45fd-846a-039699bb92d9,Travel,Travel
DON5057,702ec154-2349-4b03-87e3-198b81667e29,Arts and Culture,Arts and Culture
DON5058,702ec154-2349-4b03-87e3-198b81667e29,Yoga and Pilates,Yoga and Pilates
DON5059,702ec154-2349-4b03-87e3-198b81667e29,Food and Cooking,Food and Cooking
DON5060,0be16035-6663-4b81-8e8a-e0ff12b00865,Food and Cooking,Food and Cooking
DON5061,0be16035-6663-4b81-8e8a-e0ff12b00865,Health and Wellness,Health and Wellness
DON5062,0be16035-6663-4b81-8e8a-e0ff12b00865,Sports and Fitness,Sports and Fitness
DON5063,c54f0923-0653-46bc-9d4e-a675881eb89f,Education,Education
DON5064,c54f0923-0653-46bc-9d4e-a675881eb89f,Arts and Culture,Arts and Culture
DON5065,a64b1992-93d5-4f6a-b547-40614ef1ed1c,Arts and Culture,Arts and Culture
DON5066,a64b1992-93d5-4f6a-b547-40614ef1ed1c,Sports and Fitness,Sports and Fitness
DON5067,a64b1992-93d5-4f6a-b547-40614ef1ed1c,Yoga and Pilates,Yoga and Pilates
DON5068,8304eeae-1819-4577-b3cb-599ee8ce2671,Sports and Fitness,Sports and Fitness
DON5069,8304eeae-1819-4577-b3cb-599ee8ce2671,Technology,Technology
DON5070,8304eeae-1819-4577-b3cb-599ee8ce2671,Arts and Culture,Arts and Culture
DON5071,f1805872-0cf3-454d-8ce4-c47615738b36,Sports and Fitness,Sports and Fitness
DON5072,3ca56cb4-127b-4dfa-bcf2-ca02ce00eb54,Arts and Culture,Arts and Culture
DON5073,99e3ab95-6afd-453c-bcc9-6c2cbb3f4797,Finance,Finance
DON5074,99e3ab95-6afd-453c-bcc9-6c2cbb3f4797,Food and Cooking,Food and Cooking
DON5075,42f74db1-648e-4d09-8fb2-182651d52104,Environment,Environment
DON5076,a9ecebde-3a75-4488-9454-f2b343791900,Arts and Culture,Arts and Culture
DON5077,a9ecebde-3a75-4488-9454-f2b343791900,Travel,Travel
DON5078,a48eb152-00ad-4283-83ea-4c94e82ce065,Environment,Environment
DON5079,ffc91922-4b3a-420c-b760-f71c66dce196,Arts and Culture,Arts and Culture
DON5080,ffc91922-4b3a-420c-b760-f71c66dce196,Education,Education
DON5081,ffc91922-4b3a-420c-b760-f71c66dce196,Sports and Fitness,Sports and Fitness
DON5082,76415b0a-01f9-4130-9e27-03c11e37f232,Education,Education
DON5083,8fe92631-2227-472a-af65-c19b0679a39c,Yoga and Pilates,Yoga and Pilates
DON5084,1726f028-0088-4500-9120-edcf1e61c336,Travel,Travel
DON5085,1726f028-0088-4500-9120-edcf1e61c336,Environment,Environment
DON5086,08d80497-84ea-40d7-a46c-00693b59e007,Travel,Travel
DON5087,2c1cc42f-817a-4e86-80a3-e493bc4bc0ea,Education,Education
DON5088,95da93fe-6575-4ecb-9a0d-92c06e898ba2,Education,Education
DON5089,54e76156-eafb-4c9b-b78d-0f3aaf89ed99,Arts and Culture,Arts and Culture
DON5090,54e76156-eafb-4c9b-b78d-0f3aaf89ed99,Sports and Fitness,Sports and Fitness
DON5091,54e76156-eafb-4c9b-b78d-0f3aaf89ed99,Health and Wellness,Health and Wellness
DON5092,60fd431a-c262-415a-91e0-0fcdbabeaaf8,Technology,Technology
DON5093,c25d0948-e8dd-411b-b932-124810426979,Travel,Travel
DON5094,c25d0948-e8dd-411b-b932-124810426979,Sports and Fitness,Sports and Fitness
DON5095,c25d0948-e8dd-411b-b932-124810426979,Yoga and Pilates,Yoga and Pilates
DON5096,6bbb345c-ed97-43f8-baf8-45bc89615bff,Health and Wellness,Health and Wellness
DON5097,6bbb345c-ed97-43f8-baf8-45bc89615bff,Environment,Environment
DON5098,6bbb345c-ed97-43f8-baf8-45bc89615bff,Education,Education
DON5099,1bba81a8-f51a-4464-9b48-be5be01095ef,Arts and Culture,Arts and Culture
DON5100,8cf8a947-adc1-4e71-9bf7-0c16d11315d7,Technology,Technology
DON5101,2956f2db-bf39-4bac-92ee-78fc98e4d5c0,Travel,Travel
DON5102,2956f2db-bf39-4bac-92ee-78fc98e4d5c0,Finance,Finance
DON5103,2956f2db-bf39-4bac-92ee-78fc98e4d5c0,Technology,Technology
DON5104,96c8a2ff-edbd-4f90-9969-7ddd73b8126e,Education,Education
DON5105,ef6b63fa-d42f-4136-a035-ac66307fa5d7,Travel,Travel
DON5106,53f680a4-ca51-44dc-9e8a-4fbf7f3e94a7,Education,Education
DON5107,53f680a4-ca51-44dc-9e8a-4fbf7f3e94a7,Yoga and Pilates,Yoga and Pilates
DON5108,53a65706-f1c5-47a0-b436-0a384b58e37f,Education,Education
DON5109,53a65706-f1c5-47a0-b436-0a384b58e37f,Sports and Fitness,Sports and Fitness
DON5110,7f40ad08-e800-4f78-8bea-4dc88725d99e,Technology,Technology
DON5111,ff59eba7-a88b-4abd-aa43-6d4129df65e5,Education,Education
DON5112,8dac4c42-3ac8-4651-ab80-1716b469489b,Sports and Fitness,Sports and Fitness
DON5113,8dac4c42-3ac8-4651-ab80-1716b469489b,Food and Cooking,Food and Cooking
DON5114,0bf2a7dd-43e0-468e-80ca-dff9eea9ff75,Food and Cooking,Food and Cooking
DON5115,9c7b3244-c564-45e5-b3c4-ae0ef6d01e94,Yoga and Pilates,Yoga and Pilates
DON5116,b7f97169-8924-49b9-8352-559d1f6728e5,Finance,Finance
DON5117,b06427f6-4e59-4f36-9ba6-8273195fed35,Environment,Environment
DON5118,8fd483bc-4946-4355-a9ec-29e25b519bcf,Travel,Travel
DON5119,8fd483bc-4946-4355-a9ec-29e25b519bcf,Sports and Fitness,Sports and Fitness
DON5120,8fd483bc-4946-4355-a9ec-29e25b519bcf,Health and Wellness,Health and Wellness
DON5121,db6fe2e1-a2fc-4cce-979d-778928925a51,Travel,Travel
DON5122,db6fe2e1-a2fc-4cce-979d-778928925a51,Finance,Finance
DON5123,db6fe2e1-a2fc-4cce-979d-778928925a51,Food and Cooking,Food and Cooking
DON5124,df6dea33-8a15-42e1-8413-80df3b34dbfa,Environment,Environment
DON5125,df6dea33-8a15-42e1-8413-80df3b34dbfa,Technology,Technology
DON5126,df6dea33-8a15-42e1-8413-80df3b34dbfa,Sports and Fitness,Sports and Fitness
DON5127,808d29d3-d823-48ba-8ddd-c44a7a0c478e,Sports and Fitness,Sports and Fitness
DON5128,80af6a3e-3d22-40e9-be59-73872ae0e1bc,Food and Cooking,Food and Cooking
DON5129,45be560a-bc30-463a-aa8c-17a668f8771f,Food and Cooking,Food and Cooking
DON5130,45be560a-bc30-463a-aa8c-17a668f8771f,Finance,Finance
DON5131,2387c89f-d826-446a-8204-c9bee07a794f,Yoga and Pilates,Yoga and Pilates
DON5132,8e2bbae7-5ac5-4a2c-82f4-b4aab9020d44,Arts and Culture,Arts and Culture
DON5133,16e1d428-baaf-4f99-9c17-aa7b31c8d2ef,Finance,Finance
DON5134,16e1d428-baaf-4f99-9c17-aa7b31c8d2ef,Arts and Culture,Arts and Culture
DON5135,92e85303-ebd4-4679-b2de-fbc57da89298,Finance,Finance
DON5136,92e85303-ebd4-4679-b2de-fbc57da89298,Sports and Fitness,Sports and Fitness
DON5137,92e85303-ebd4-4679-b2de-fbc57da89298,Health and Wellness,Health and Wellness
DON5138,fd95e920-3754-443b-9b7b-51ea7226e263,Arts and Culture,Arts and Culture
DON5139,fd95e920-3754-443b-9b7b-51ea7226e263,Health and Wellness,Health and Wellness
DON5140,fd95e920-3754-443b-9b7b-51ea7226e263,Food and Cooking,Food and Cooking
DON5141,901bf3f2-09e6-466e-aa90-04c6eb089d3e,Education,Education
DON5142,2ed0f555-628b-4a3b-b822-8589ab1402fb,Yoga and Pilates,Yoga and Pilates
DON5143,2ed0f555-628b-4a3b-b822-8589ab1402fb,Environment,Environment
DON5144,2ddc64af-391b-4c34-91fa-d891fe0ca943,Travel,Travel
DON5145,4c757d25-bc06-43ac-8fbe-520e8560c1c3,Education,Education
DON5146,4c757d25-bc06-43ac-8fbe-520e8560c1c3,Sports and Fitness,Sports and Fitness
DON5147,15756485-7681-4869-b2cd-69f6f21e6869,Technology,Technology
DON5148,15756485-7681-4869-b2cd-69f6f21e6869,Arts and Culture,Arts and Culture
DON5149,b9ad041b-33a4-434c-bc98-a804db927376,Yoga and Pilates,Yoga and Pilates
DON5150,b9ad041b-33a4-434c-bc98-a804db927376,Sports and Fitness,Sports and Fitness
DON5151,edb93e62-5e8b-4e3d-b272-b25fcd247453,Food and Cooking,Food and Cooking
DON5152,8a75f345-6d93-46a5-b325-7cd5cf2b8a0b,Technology,Technology
DON5153,8a75f345-6d93-46a5-b325-7cd5cf2b8a0b,Sports and Fitness,Sports and Fitness
DON5154,8a75f345-6d93-46a5-b325-7cd5cf2b8a0b,Finance,Finance
DON5155,b6dee105-018f-4261-a0f4-1f8909b1c81d,Environment,Environment
DON5156,d6a88a8e-f40e-4d34-b6c8-20644d0f2bb5,Health and Wellness,Health and Wellness
DON5157,d6a88a8e-f40e-4d34-b6c8-20644d0f2bb5,Yoga and Pilates,Yoga and Pilates
DON5158,d6a88a8e-f40e-4d34-b6c8-20644d0f2bb5,Sports and Fitness,Sports and Fitness
DON5159,b4298311-aa24-42aa-9a73-b46e4a637d05,Finance,Finance
DON5160,2db80b97-976a-494a-9286-856897a17fb5,Arts and Culture,Arts and Culture
DON5161,a367c6b7-e5e3-49fc-8908-98fb9a7c0faf,Environment,Environment
DON5162,182a17ff-173b-4589-ab1d-6deb95b4b0b4,Arts and Culture,Arts and Culture
DON5163,182a17ff-173b-4589-ab1d-6deb95b4b0b4,Sports and Fitness,Sports and Fitness
DON5164,182a17ff-173b-4589-ab1d-6deb95b4b0b4,Travel,Travel
DON5165,f181d5fe-3a15-4a25-ad25-322e9ecc0244,Environment,Environment
DON5166,8f357920-ce00-42d1-9521-1beb599db7f4,Technology,Technology
DON5167,8f357920-ce00-42d1-9521-1beb599db7f4,Yoga and Pilates,Yoga and Pilates
DON5168,2290720c-4916-4d4a-9f75-515b837e35c7,Sports and Fitness,Sports and Fitness
DON5169,83b58cb7-2afb-454e-a6ef-dba8bfc9828c,Food and Cooking,Food and Cooking
DON5170,83b58cb7-2afb-454e-a6ef-dba8bfc9828c,Technology,Technology
DON5171,82a74770-583c-4d46-9118-8847622d2780,Environment,Environment
DON5172,537ee1d0-636e-4cf8-a60c-efc640dcd8c0,Finance,Finance
DON5173,537ee1d0-636e-4cf8-a60c-efc640dcd8c0,Education,Education
DON5174,5b24ad84-0a24-4634-b8c5-da647efcaeb2,Environment,Environment
DON5175,5b24ad84-0a24-4634-b8c5-da647efcaeb2,Sports and Fitness,Sports and Fitness
DON5176,5b24ad84-0a24-4634-b8c5-da647efcaeb2,Technology,Technology
DON5177,e1bcc535-bec7-48dc-860e-8ab8f47fc2af,Food and Cooking,Food and Cooking
DON5178,e1bcc535-bec7-48dc-860e-8ab8f47fc2af,Education,Education
DON5179,1caff365-77fe-4662-81c6-a5f838e265f2,Sports and Fitness,Sports and Fitness
DON5180,1caff365-77fe-4662-81c6-a5f838e265f2,Education,Education
DON5181,1caff365-77fe-4662-81c6-a5f838e265f2,Food and Cooking,Food and Cooking
DON5182,23c94be6-dc15-427c-aa3e-f2287f77c9ff,Yoga and Pilates,Yoga and Pilates
DON5183,23c94be6-dc15-427c-aa3e-f2287f77c9ff,Technology,Technology
DON5184,23c94be6-dc15-427c-aa3e-f2287f77c9ff,Sports and Fitness,Sports and Fitness
DON5185,8902b8a4-a5bc-47ac-a366-15b2b7b40c1f,Arts and Culture,Arts and Culture
DON5186,8902b8a4-a5bc-47ac-a366-15b2b7b40c1f,Travel,Travel
DON5187,8902b8a4-a5bc-47ac-a366-15b2b7b40c1f,Health and Wellness,Health and Wellness
DON5188,5b5419a4-f13b-4848-9345-0e0f858bd336,Finance,Finance
DON5189,58031da5-6a0f-4829-a7dc-7aab675f1533,Environment,Environment
DON5190,d20f9e6a-3330-41e9-b675-15a2aae3a74c,Education,Education
DON5191,d20f9e6a-3330-41e9-b675-15a2aae3a74c,Yoga and Pilates,Yoga and Pilates
DON5192,db62173d-7769-44ce-a425-90cb15fd3916,Arts and Culture,Arts and Culture
DON5193,1bd2b39c-fb94-45e8-9ca8-e7aebb8c4f35,Sports and Fitness,Sports and Fitness
DON5194,1bd2b39c-fb94-45e8-9ca8-e7aebb8c4f35,Health and Wellness,Health and Wellness
DON5195,1bd2b39c-fb94-45e8-9ca8-e7aebb8c4f35,Food and Cooking,Food and Cooking
DON5196,8a262329-3fd1-4cdc-858d-cb3e220b0892,Sports and Fitness,Sports and Fitness
DON5197,8a262329-3fd1-4cdc-858d-cb3e220b0892,Travel,Travel
DON5198,8a262329-3fd1-4cdc-858d-cb3e220b0892,Health and Wellness,Health and Wellness
DON5199,e6084436-0303-4926-ba09-00024991def8,Arts and Culture,Arts and Culture
DON5200,e6084436-0303-4926-ba09-00024991def8,Health and Wellness,Health and Wellness
DON5201,e6084436-0303-4926-ba09-00024991def8,Yoga and Pilates,Yoga and Pilates
DON5202,f28526b0-ca09-45c5-a58d-660abc9fe72a,Environment,Environment
DON5203,f28526b0-ca09-45c5-a58d-660abc9fe72a,Finance,Finance
DON5204,f28526b0-ca09-45c5-a58d-660abc9fe72a,Travel,Travel
DON5205,fd52c1a6-f653-4808-bced-09f03807574e,Arts and Culture,Arts and Culture
DON5206,fd52c1a6-f653-4808-bced-09f03807574e,Finance,Finance
DON5207,fd52c1a6-f653-4808-bced-09f03807574e,Education,Education
DON5208,f4d7d0a3-aaa4-494b-ae3b-2db154b457e6,Finance,Finance
DON5209,f4d7d0a3-aaa4-494b-ae3b-2db154b457e6,Technology,Technology
DON5210,2ebef867-1936-4e4d-9bdf-789a78549eeb,Sports and Fitness,Sports and Fitness
DON5211,082a01d4-8038-46a5-b686-9432ee43c48a,Education,Education
DON5212,bf245f47-a615-48d1-acd0-cabb1cc369b0,Health and Wellness,Health and Wellness
DON5213,697965af-6d37-4aec-b39c-dbe75b96d085,Arts and Culture,Arts and Culture
DON5214,697965af-6d37-4aec-b39c-dbe75b96d085,Finance,Finance
DON5215,697965af-6d37-4aec-b39c-dbe75b96d085,Food and Cooking,Food and Cooking
DON5216,febd85b1-4cf8-4ea5-b983-73f1ca4f9be0,Health and Wellness,Health and Wellness
DON5217,febd85b1-4cf8-4ea5-b983-73f1ca4f9be0,Education,Education
DON5218,612dfeca-164e-4110-a2b8-b96abd9256b0,Education,Education
DON5219,f8d09c3d-1150-4063-b45f-0147c51de1ed,Yoga and Pilates,Yoga and Pilates
DON5220,3056cae2-706a-4257-8f8b-4f033606d569,Yoga and Pilates,Yoga and Pilates
DON5221,3056cae2-706a-4257-8f8b-4f033606d569,Technology,Technology
DON5222,a7240de3-8da7-485f-b839-688420f50e49,Arts and Culture,Arts and Culture
DON5223,a7240de3-8da7-485f-b839-688420f50e49,Health and Wellness,Health and Wellness
DON5224,a7240de3-8da7-485f-b839-688420f50e49,Finance,Finance
DON5225,4cb7a633-0c5f-419f-be4d-6cb1193b3ea3,Technology,Technology
DON5226,f91db161-7be3-4b2d-a687-e4b4869cdd29,Travel,Travel
DON5227,f91db161-7be3-4b2d-a687-e4b4869cdd29,Yoga and Pilates,Yoga and Pilates
DON5228,6681dd21-0160-4c6b-93df-d5268cd59cdf,Finance,Finance
DON5229,f6a8efdb-96be-4d6d-ad77-8e44581a19b2,Food and Cooking,Food and Cooking
DON5230,90d47814-2221-4723-9643-ccf822f23f27,Finance,Finance
DON5231,90d47814-2221-4723-9643-ccf822f23f27,Environment,Environment
DON5232,90d47814-2221-4723-9643-ccf822f23f27,Health and Wellness,Health and Wellness
DON5233,99f14723-eefa-4bbe-b863-4223504ca7fe,Technology,Technology
DON5234,99f14723-eefa-4bbe-b863-4223504ca7fe,Education,Education
DON5235,99f14723-eefa-4bbe-b863-4223504ca7fe,Yoga and Pilates,Yoga and Pilates
DON5236,6d52b95e-43fd-46d9-8ced-1873777013eb,Arts and Culture,Arts and Culture
DON5237,6d52b95e-43fd-46d9-8ced-1873777013eb,Yoga and Pilates,Yoga and Pilates
DON5238,6d52b95e-43fd-46d9-8ced-1873777013eb,Health and Wellness,Health and Wellness
DON5239,e336942c-94a9-426e-975a-f9803113e025,Health and Wellness,Health and Wellness
DON5240,e336942c-94a9-426e-975a-f9803113e025,Yoga and Pilates,Yoga and Pilates
DON5241,3575e3ce-fbec-4bf9-b6b9-c6e2f08e755b,Technology,Technology
DON5242,28c22037-e413-45fe-aef6-a8d45d155943,Finance,Finance
DON5243,28c22037-e413-45fe-aef6-a8d45d155943,Yoga and Pilates,Yoga and Pilates
DON5244,8873c057-be04-4138-83ab-a9b282a6b563,Education,Education
DON5245,5772b5d0-4d45-4d69-8cfe-c70762c2b397,Environment,Environment
DON5246,5772b5d0-4d45-4d69-8cfe-c70762c2b397,Technology,Technology
DON5247,5772b5d0-4d45-4d69-8cfe-c70762c2b397,Sports and Fitness,Sports and Fitness
DON5248,05d53000-349b-4017-b941-20c5e7a7cfdc,Health and Wellness,Health and Wellness
DON5249,05d53000-349b-4017-b941-20c5e7a7cfdc,Education,Education
DON5250,05d53000-349b-4017-b941-20c5e7a7cfdc,Finance,Finance
DON5251,6cc7502f-8bc9-4c58-98bf-1bb096ec1f73,Yoga and Pilates,Yoga and Pilates
DON5252,1288ec52-c4f9-41ef-b27f-6d3bf836ccfe,Sports and Fitness,Sports and Fitness
DON5253,1288ec52-c4f9-41ef-b27f-6d3bf836ccfe,Environment,Environment
DON5254,1288ec52-c4f9-41ef-b27f-6d3bf836ccfe,Technology,Technology
DON5255,523c0063-7b10-4f99-bcc2-c0bb043d2c4d,Yoga and Pilates,Yoga and Pilates
DON5256,523c0063-7b10-4f99-bcc2-c0bb043d2c4d,Food and Cooking,Food and Cooking
DON5257,2cf06c17-1990-4015-92fb-75e4d1c3b658,Yoga and Pilates,Yoga and Pilates
DON5258,c3df703b-ba9a-49a4-942d-324018120fe5,Finance,Finance
DON5259,c3df703b-ba9a-49a4-942d-324018120fe5,Yoga and Pilates,Yoga and Pilates
DON5260,eac9889e-a48f-4949-9a94-3221eff7db8e,Technology,Technology
DON5261,eac9889e-a48f-4949-9a94-3221eff7db8e,Environment,Environment
DON5262,eac9889e-a48f-4949-9a94-3221eff7db8e,Sports and Fitness,Sports and Fitness
DON5263,59958cef-2cbc-4a88-8ff2-dad6d745ca54,Arts and Culture,Arts and Culture
DON5264,c60e4b6c-c0b8-43c2-885d-905270987cf4,Yoga and Pilates,Yoga and Pilates
DON5265,c60e4b6c-c0b8-43c2-885d-905270987cf4,Food and Cooking,Food and Cooking
DON5266,c60e4b6c-c0b8-43c2-885d-905270987cf4,Technology,Technology
DON5267,3d275613-3eb1-4912-97fe-6ef02f8cf1c5,Sports and Fitness,Sports and Fitness
DON5268,3d275613-3eb1-4912-97fe-6ef02f8cf1c5,Health and Wellness,Health and Wellness
DON5269,6bd0cfe9-6915-482b-8c8c-04449e47c9aa,Technology,Technology
DON5270,6bd0cfe9-6915-482b-8c8c-04449e47c9aa,Arts and Culture,Arts and Culture
DON5271,6bd0cfe9-6915-482b-8c8c-04449e47c9aa,Education,Education
DON5272,6397a0d5-7f24-4c79-a32a-6cf71eb0520b,Health and Wellness,Health and Wellness
DON5273,6397a0d5-7f24-4c79-a32a-6cf71eb0520b,Arts and Culture,Arts and Culture
DON5274,737b6cb5-dfd0-4e0c-a222-80c42797d5f9,Arts and Culture,Arts and Culture
DON5275,737b6cb5-dfd0-4e0c-a222-80c42797d5f9,Technology,Technology
DON5276,737b6cb5-dfd0-4e0c-a222-80c42797d5f9,Food and Cooking,Food and Cooking
DON5277,61967439-7c6c-48a8-9781-0def71d4e5eb,Sports and Fitness,Sports and Fitness
DON5278,61967439-7c6c-48a8-9781-0def71d4e5eb,Environment,Environment
DON5279,9fcb3993-ebf9-432f-bb47-ce973fe3a1d2,Travel,Travel
DON5280,9fcb3993-ebf9-432f-bb47-ce973fe3a1d2,Health and Wellness,Health and Wellness
DON5281,9fcb3993-ebf9-432f-bb47-ce973fe3a1d2,Food and Cooking,Food and Cooking
DON5282,a8c346e4-3e8f-4e98-a5e8-ff78fca3906e,Finance,Finance
DON5283,a8c346e4-3e8f-4e98-a5e8-ff78fca3906e,Environment,Environment
DON5284,2f37a650-ff37-4fc5-822c-bb512df547d2,Finance,Finance
DON5285,2f37a650-ff37-4fc5-822c-bb512df547d2,Environment,Environment
DON5286,2f37a650-ff37-4fc5-822c-bb512df547d2,Yoga and Pilates,Yoga and Pilates
DON5287,8d906b76-8ce0-4f3f-bd3f-79c7c50a0a16,Finance,Finance
DON5288,8d906b76-8ce0-4f3f-bd3f-79c7c50a0a16,Travel,Travel
DON5289,8d906b76-8ce0-4f3f-bd3f-79c7c50a0a16,Food and Cooking,Food and Cooking
DON5290,aee0f754-b8d6-449f-97ae-8e59680ac67b,Environment,Environment
DON5291,aee0f754-b8d6-449f-97ae-8e59680ac67b,Yoga and Pilates,Yoga and Pilates
DON5292,06244a72-8f8d-4007-a5b4-94c67e8c7b02,Education,Education
DON5293,ecc1a5aa-16bf-4049-9c14-eddf805af6f0,Yoga and Pilates,Yoga and Pilates
DON5294,ecc1a5aa-16bf-4049-9c14-eddf805af6f0,Technology,Technology
DON5295,ecc1a5aa-16bf-4049-9c14-eddf805af6f0,Education,Education
DON5296,c2a69403-981e-42d0-8bcb-f8770f9242bc,Health and Wellness,Health and Wellness
DON5297,9e222135-5625-440f-b5aa-7558a9a9cb6b,Technology,Technology
DON5298,9e222135-5625-440f-b5aa-7558a9a9cb6b,Travel,Travel
DON5299,9e222135-5625-440f-b5aa-7558a9a9cb6b,Food and Cooking,Food and Cooking
DON5300,f27386d9-2301-425f-b806-88f757ca7dfb,Travel,Travel
DON5301,740a22c9-183b-478c-a31b-27e1b0a8e244,Health and Wellness,Health and Wellness
DON5302,740a22c9-183b-478c-a31b-27e1b0a8e244,Finance,Finance
DON5303,138d827c-89ed-44d5-9a4a-067f45940ed3,Travel,Travel
DON5304,c1bc6136-1bf9-4b9b-91d5-a62d3121b755,Travel,Travel
DON5305,c1bc6136-1bf9-4b9b-91d5-a62d3121b755,Technology,Technology
DON5306,23fabc46-8afd-498b-80bb-f7d289910050,Technology,Technology
DON5307,23fabc46-8afd-498b-80bb-f7d289910050,Sports and Fitness,Sports and Fitness
DON5308,32e05466-5bb4-43da-8e60-c30b50369d61,Education,Education
DON5309,32e05466-5bb4-43da-8e60-c30b50369d61,Technology,Technology
DON5310,5af7431c-1a3f-4af6-810a-afaad7683cb7,Travel,Travel
DON5311,5af7431c-1a3f-4af6-810a-afaad7683cb7,Environment,Environment
DON5312,aea63e52-abdd-461a-9935-a1d63bd3267c,Technology,Technology
DON5313,aea63e52-abdd-461a-9935-a1d63bd3267c,Health and Wellness,Health and Wellness
DON5314,a2d9bdc1-8e63-4d97-b391-4636d375bded,Yoga and Pilates,Yoga and Pilates
DON5315,a2d9bdc1-8e63-4d97-b391-4636d375bded,Food and Cooking,Food and Cooking
DON5316,a2d9bdc1-8e63-4d97-b391-4636d375bded,Arts and Culture,Arts and Culture
DON5317,728d1e3a-659a-4022-8cc7-ac68885b326d,Technology,Technology
DON5318,728d1e3a-659a-4022-8cc7-ac68885b326d,Health and Wellness,Health and Wellness
DON5319,728d1e3a-659a-4022-8cc7-ac68885b326d,Food and Cooking,Food and Cooking
DON5320,856d82f1-dd37-45ba-81ad-f0b3b44caca3,Education,Education
DON5321,856d82f1-dd37-45ba-81ad-f0b3b44caca3,Health and Wellness,Health and Wellness
DON5322,320a90e9-5322-47c1-9b9d-66fe9d1e9d00,Yoga and Pilates,Yoga and Pilates
DON5323,320a90e9-5322-47c1-9b9d-66fe9d1e9d00,Finance,Finance
DON5324,320a90e9-5322-47c1-9b9d-66fe9d1e9d00,Food and Cooking,Food and Cooking
DON5325,34d03717-c733-4892-b9df-c0f75b7c3f05,Food and Cooking,Food and Cooking
DON5326,d0cf35fd-6065-4c1b-8a72-0252827aae6c,Health and Wellness,Health and Wellness
DON5327,d0cf35fd-6065-4c1b-8a72-0252827aae6c,Education,Education
DON5328,d0cf35fd-6065-4c1b-8a72-0252827aae6c,Finance,Finance
DON5329,0795174a-21b1-4a4d-ac70-4be6ca581c48,Finance,Finance
DON5330,0d695f1f-ccf8-45b5-a017-62c4afaa7d92,Travel,Travel
DON5331,0d695f1f-ccf8-45b5-a017-62c4afaa7d92,Arts and Culture,Arts and Culture
DON5332,c959b364-d039-4113-b0f3-3a48fbb6ce3d,Sports and Fitness,Sports and Fitness
DON5333,10a84e26-0e8b-4f03-8b76-807fd9c282c1,Arts and Culture,Arts and Culture
DON5334,10a84e26-0e8b-4f03-8b76-807fd9c282c1,Education,Education
DON5335,be4055fe-26de-4a64-af1b-1986588aa6c4,Arts and Culture,Arts and Culture
DON5336,be4055fe-26de-4a64-af1b-1986588aa6c4,Food and Cooking,Food and Cooking
DON5337,be4055fe-26de-4a64-af1b-1986588aa6c4,Technology,Technology
DON5338,557050d4-fcdb-4502-ac63-fdff859efa6e,Travel,Travel
DON5339,34d9fe95-583a-4bb3-a62c-8433c1ec2abe,Yoga and Pilates,Yoga and Pilates
DON5340,34d9fe95-583a-4bb3-a62c-8433c1ec2abe,Technology,Technology
DON5341,34d9fe95-583a-4bb3-a62c-8433c1ec2abe,Education,Education
DON5342,4c713caf-5460-461f-86da-ecd15ec030e3,Arts and Culture,Arts and Culture
DON5343,4c713caf-5460-461f-86da-ecd15ec030e3,Finance,Finance
DON5344,aed9c46c-f99a-4264-93ee-2a9a569c4f0f,Yoga and Pilates,Yoga and Pilates
DON5345,aed9c46c-f99a-4264-93ee-2a9a569c4f0f,Finance,Finance
DON5346,412dd411-d511-4266-988e-548fb60b1746,Food and Cooking,Food and Cooking
DON5347,412dd411-d511-4266-988e-548fb60b1746,Technology,Technology
DON5348,2db2443c-7ee4-4bf5-9944-8a9f053f49a5,Arts and Culture,Arts and Culture
DON5349,2db2443c-7ee4-4bf5-9944-8a9f053f49a5,Food and Cooking,Food and Cooking
DON5350,2db2443c-7ee4-4bf5-9944-8a9f053f49a5,Finance,Finance
DON5351,09bc54cf-8608-49da-ac63-22c340b8a2ff,Yoga and Pilates,Yoga and Pilates
DON5352,09bc54cf-8608-49da-ac63-22c340b8a2ff,Technology,Technology
DON5353,2fe3b4af-8f84-4c9c-a609-adbcd37b8457,Technology,Technology
DON5354,2fe3b4af-8f84-4c9c-a609-adbcd37b8457,Yoga and Pilates,Yoga and Pilates
DON5355,2fe3b4af-8f84-4c9c-a609-adbcd37b8457,Education,Education
DON5356,b629cffd-4a5b-4a71-a886-d3444053eb4a,Education,Education
DON5357,b629cffd-4a5b-4a71-a886-d3444053eb4a,Health and Wellness,Health and Wellness
DON5358,b629cffd-4a5b-4a71-a886-d3444053eb4a,Technology,Technology
DON5359,b99d4817-5e1a-42b7-ab25-be5274bd5b9c,Finance,Finance
DON5360,b99d4817-5e1a-42b7-ab25-be5274bd5b9c,Food and Cooking,Food and Cooking
DON5361,b99d4817-5e1a-42b7-ab25-be5274bd5b9c,Sports and Fitness,Sports and Fitness
DON5362,2dc10b56-05f4-494c-9aea-583104a8461c,Finance,Finance
DON5363,2dc10b56-05f4-494c-9aea-583104a8461c,Yoga and Pilates,Yoga and Pilates
DON5364,2dc10b56-05f4-494c-9aea-583104a8461c,Education,Education
DON5365,177b983b-5945-4f84-9403-58743021f28f,Education,Education
DON5366,177b983b-5945-4f84-9403-58743021f28f,Finance,Finance
DON5367,177b983b-5945-4f84-9403-58743021f28f,Environment,Environment
DON5368,364427e6-80db-4ded-99d1-6ac3a37c4ee9,Technology,Technology
DON5369,364427e6-80db-4ded-99d1-6ac3a37c4ee9,Health and Wellness,Health and Wellness
DON5370,df035750-52a8-42bf-ada5-b780a7301a1f,Sports and Fitness,Sports and Fitness
DON5371,df035750-52a8-42bf-ada5-b780a7301a1f,Yoga and Pilates,Yoga and Pilates
DON5372,86f78c91-6156-4540-9b42-6267bf36c828,Food and Cooking,Food and Cooking
DON5373,86f78c91-6156-4540-9b42-6267bf36c828,Travel,Travel
DON5374,c362ae88-e7f3-4b63-b5a5-0f4bcd2e236e,Finance,Finance
DON5375,c362ae88-e7f3-4b63-b5a5-0f4bcd2e236e,Food and Cooking,Food and Cooking
DON5376,20a17ec2-76d4-4aff-846b-7b30a8a3ce78,Travel,Travel
DON5377,20a17ec2-76d4-4aff-846b-7b30a8a3ce78,Finance,Finance
DON5378,20a17ec2-76d4-4aff-846b-7b30a8a3ce78,Technology,Technology
DON5379,0e45e8fb-7038-4dc4-92cb-c8dc44e9ea9f,Health and Wellness,Health and Wellness
DON5380,6440d86a-b696-4da9-a409-d3f782597f5c,Food and Cooking,Food and Cooking
DON5381,6440d86a-b696-4da9-a409-d3f782597f5c,Education,Education
DON5382,4c79f496-25ff-4e9a-8ba0-57dce8a29005,Finance,Finance
DON5383,d5d2172d-2730-49db-92f8-6254ed85221a,Finance,Finance
DON5384,a2be6daf-43ec-44ea-a3f4-6b39d8cb46bd,Technology,Technology
DON5385,a2be6daf-43ec-44ea-a3f4-6b39d8cb46bd,Food and Cooking,Food and Cooking
DON5386,a2be6daf-43ec-44ea-a3f4-6b39d8cb46bd,Health and Wellness,Health and Wellness
DON5387,a0c199e9-3037-49d5-b726-920c8a108676,Health and Wellness,Health and Wellness
DON5388,956f903c-c39f-422c-a9dc-039b76f8c284,Yoga and Pilates,Yoga and Pilates
DON5389,956f903c-c39f-422c-a9dc-039b76f8c284,Health and Wellness,Health and Wellness
DON5390,7c915e1c-f921-4f6f-b2ac-5f4fd2435d5b,Environment,Environment
DON5391,7c915e1c-f921-4f6f-b2ac-5f4fd2435d5b,Sports and Fitness,Sports and Fitness
DON5392,bea608d6-03f2-4076-9496-0d2459c8f81d,Environment,Environment
DON5393,3c6ecf0a-0711-4548-b6c8-9a9f994e1ba9,Sports and Fitness,Sports and Fitness
DON5394,3c6ecf0a-0711-4548-b6c8-9a9f994e1ba9,Travel,Travel
DON5395,3c6ecf0a-0711-4548-b6c8-9a9f994e1ba9,Technology,Technology
DON5396,0ec3c6a6-b801-41be-9d25-079c1a1a2787,Technology,Technology
DON5397,0ec3c6a6-b801-41be-9d25-079c1a1a2787,Travel,Travel
DON5398,0ec3c6a6-b801-41be-9d25-079c1a1a2787,Finance,Finance
DON5399,33f9c7ec-2b40-487e-b214-b5c1fc0d1351,Travel,Travel
DON5400,33f9c7ec-2b40-487e-b214-b5c1fc0d1351,Food and Cooking,Food and Cooking
DON5401,aea8a987-82f2-4c7d-89db-8cad9f06dde7,Environment,Environment
DON5402,aea8a987-82f2-4c7d-89db-8cad9f06dde7,Technology,Technology
DON5403,f34c66a9-888b-42e0-8629-f9caff6a6e9d,Finance,Finance
DON5404,f23a2649-acd3-4c4f-a530-4f6af651ddf7,Finance,Finance
DON5405,f23a2649-acd3-4c4f-a530-4f6af651ddf7,Sports and Fitness,Sports and Fitness
DON5406,dde2e629-2590-46b5-b777-c32309a5ac8b,Technology,Technology
DON5407,c2545ee9-cc48-4681-85f0-85e8dac71f50,Technology,Technology
DON5408,260ef5d0-cfbf-4377-9137-eb407f9e6f80,Arts and Culture,Arts and Culture
DON5409,260ef5d0-cfbf-4377-9137-eb407f9e6f80,Health and Wellness,Health and Wellness
DON5410,260ef5d0-cfbf-4377-9137-eb407f9e6f80,Environment,Environment
DON5411,6cb1e726-a332-4470-91dd-bb48d7b0dde0,Food and Cooking,Food and Cooking
DON5412,6cb1e726-a332-4470-91dd-bb48d7b0dde0,Environment,Environment
DON5413,1703a085-7b61-407d-ae56-0aaa9f57f879,Travel,Travel
DON5414,1703a085-7b61-407d-ae56-0aaa9f57f879,Arts and Culture,Arts and Culture
DON5415,1703a085-7b61-407d-ae56-0aaa9f57f879,Education,Education
DON5416,59ff4c42-89fc-47c7-8120-95eb9d2d1710,Education,Education
DON5417,59ff4c42-89fc-47c7-8120-95eb9d2d1710,Arts and Culture,Arts and Culture
DON5418,e22931b8-a359-4ec9-b306-02f1d0b48b59,Yoga and Pilates,Yoga and Pilates
DON5419,e22931b8-a359-4ec9-b306-02f1d0b48b59,Health and Wellness,Health and Wellness
DON5420,496b9c56-79b5-40b7-975f-7d512ae3fef4,Sports and Fitness,Sports and Fitness
DON5421,33e84fdd-a379-47ec-a9a4-49b61ede75e8,Finance,Finance
DON5422,7ea56bb9-592f-4819-9313-111362dfc29d,Finance,Finance
DON5423,7ea56bb9-592f-4819-9313-111362dfc29d,Environment,Environment
DON5424,7ea56bb9-592f-4819-9313-111362dfc29d,Travel,Travel
DON5425,183706f0-887e-4bb3-ad9f-0dbbc63318bc,Finance,Finance
DON5426,183706f0-887e-4bb3-ad9f-0dbbc63318bc,Arts and Culture,Arts and Culture
DON5427,183706f0-887e-4bb3-ad9f-0dbbc63318bc,Travel,Travel
DON5428,8fc96b6f-f654-4135-9b9a-e0a436bbed22,Yoga and Pilates,Yoga and Pilates
DON5429,5eeeea1d-e7fe-4fbf-ad21-3ce64a2b2458,Arts and Culture,Arts and Culture
DON5430,5eeeea1d-e7fe-4fbf-ad21-3ce64a2b2458,Sports and Fitness,Sports and Fitness
DON5431,5eeeea1d-e7fe-4fbf-ad21-3ce64a2b2458,Yoga and Pilates,Yoga and Pilates
DON5432,a4ca3f7f-ad48-4046-96c8-0596d6dbc03a,Arts and Culture,Arts and Culture
DON5433,6bb1b427-c848-4cf6-a1ad-4dc75ae1f4f7,Travel,Travel
DON5434,6bb1b427-c848-4cf6-a1ad-4dc75ae1f4f7,Technology,Technology
DON5435,6bb1b427-c848-4cf6-a1ad-4dc75ae1f4f7,Health and Wellness,Health and Wellness
DON5436,e8fd9360-0a66-4ffc-8e57-82ab4b06571a,Yoga and Pilates,Yoga and Pilates
DON5437,e8fd9360-0a66-4ffc-8e57-82ab4b06571a,Education,Education
DON5438,e8fd9360-0a66-4ffc-8e57-82ab4b06571a,Sports and Fitness,Sports and Fitness
DON5439,8e9f4ebe-6ca9-4ecb-9c9e-f568058875dc,Arts and Culture,Arts and Culture
DON5440,8e9f4ebe-6ca9-4ecb-9c9e-f568058875dc,Environment,Environment
DON5441,e384e5d4-21a7-4d6f-bfd3-292e2fc6181d,Environment,Environment
DON5442,e384e5d4-21a7-4d6f-bfd3-292e2fc6181d,Education,Education
DON5443,666a5dd5-0aa7-4d2b-a5e3-ade1600f016a,Travel,Travel
DON5444,d87a20d4-1dd5-46a0-b7fd-16ecb02d9d9b,Environment,Environment
DON5445,d87a20d4-1dd5-46a0-b7fd-16ecb02d9d9b,Yoga and Pilates,Yoga and Pilates
DON5446,d87a20d4-1dd5-46a0-b7fd-16ecb02d9d9b,Food and Cooking,Food and Cooking
DON5447,4382a08d-6f40-4b5b-b1a4-b3b2aa561204,Environment,Environment
DON5448,4382a08d-6f40-4b5b-b1a4-b3b2aa561204,Finance,Finance
DON5449,4382a08d-6f40-4b5b-b1a4-b3b2aa561204,Yoga and Pilates,Yoga and Pilates
DON5450,a438acf2-d1ce-4178-8b5c-da64153f6a1e,Sports and Fitness,Sports and Fitness
DON5451,a438acf2-d1ce-4178-8b5c-da64153f6a1e,Environment,Environment
DON5452,a438acf2-d1ce-4178-8b5c-da64153f6a1e,Education,Education
DON5453,02b45e23-adae-4c8f-b939-6dbe2f2badf9,Sports and Fitness,Sports and Fitness
DON5454,02b45e23-adae-4c8f-b939-6dbe2f2badf9,Environment,Environment
DON5455,02b45e23-adae-4c8f-b939-6dbe2f2badf9,Yoga and Pilates,Yoga and Pilates
DON5456,a45f775a-0d41-42db-a681-a58ebaef802b,Arts and Culture,Arts and Culture
DON5457,1e1941b1-38b7-4af2-b6a1-f53a726cba07,Environment,Environment
DON5458,c7a22363-734f-4098-8297-eb2c6813ed97,Travel,Travel
DON5459,c7a22363-734f-4098-8297-eb2c6813ed97,Health and Wellness,Health and Wellness
DON5460,b8551780-e22f-4a84-9148-814659b18934,Environment,Environment
DON5461,b8551780-e22f-4a84-9148-814659b18934,Sports and Fitness,Sports and Fitness
DON5462,b8551780-e22f-4a84-9148-814659b18934,Education,Education
DON5463,d26ec18e-4f67-497a-9cc6-cf62bb3c1023,Finance,Finance
DON5464,b1737d13-c515-4025-97f3-e26f4a91b108,Education,Education
DON5465,b1737d13-c515-4025-97f3-e26f4a91b108,Technology,Technology
DON5466,7abce93e-748a-4aac-b75d-11cc127ca026,Food and Cooking,Food and Cooking
DON5467,5c4da4f7-db36-4090-96d6-f203c5c7db5a,Arts and Culture,Arts and Culture
DON5468,5c4da4f7-db36-4090-96d6-f203c5c7db5a,Finance,Finance
DON5469,60007029-ebc9-476c-8f07-acdfd311c718,Food and Cooking,Food and Cooking
DON5470,60007029-ebc9-476c-8f07-acdfd311c718,Arts and Culture,Arts and Culture
DON5471,99b45ded-e3ca-4d6d-a51b-5c64dc869efc,Travel,Travel
DON5472,99b45ded-e3ca-4d6d-a51b-5c64dc869efc,Food and Cooking,Food and Cooking
DON5473,c91cfc96-e7ce-49bf-a44b-d458adbffe24,Sports and Fitness,Sports and Fitness
DON5474,c91cfc96-e7ce-49bf-a44b-d458adbffe24,Technology,Technology
DON5475,c91cfc96-e7ce-49bf-a44b-d458adbffe24,Education,Education
DON5476,6e979db8-71d4-4b16-9c39-904d6004ceb4,Environment,Environment
DON5477,6e979db8-71d4-4b16-9c39-904d6004ceb4,Yoga and Pilates,Yoga and Pilates
DON5478,6e979db8-71d4-4b16-9c39-904d6004ceb4,Finance,Finance
DON5479,7afed108-64bf-44d6-891a-35bd67146fbd,Health and Wellness,Health and Wellness
DON5480,7afed108-64bf-44d6-891a-35bd67146fbd,Sports and Fitness,Sports and Fitness
DON5481,7afed108-64bf-44d6-891a-35bd67146fbd,Education,Education
DON5482,84940f28-44b1-4615-a509-2a68e93d8e11,Technology,Technology
DON5483,5061ca1c-b8bd-48d2-afd5-7d5cfe2ffe79,Environment,Environment
DON5484,5061ca1c-b8bd-48d2-afd5-7d5cfe2ffe79,Yoga and Pilates,Yoga and Pilates
DON5485,5061ca1c-b8bd-48d2-afd5-7d5cfe2ffe79,Food and Cooking,Food and Cooking
DON5486,62fa82e7-0813-4497-b518-6a638ac2aff3,Arts and Culture,Arts and Culture
DON5487,5a3bda8f-94e1-480b-ba7e-b76e363200aa,Sports and Fitness,Sports and Fitness
DON5488,5a3bda8f-94e1-480b-ba7e-b76e363200aa,Health and Wellness,Health and Wellness
DON5489,e9918f42-25d6-4434-ad6e-b6c42241a7a5,Arts and Culture,Arts and Culture
DON5490,e9918f42-25d6-4434-ad6e-b6c42241a7a5,Technology,Technology
DON5491,08e46f05-aec8-4618-ad90-6b9502b2c38d,Yoga and Pilates,Yoga and Pilates
DON5492,08e46f05-aec8-4618-ad90-6b9502b2c38d,Food and Cooking,Food and Cooking
DON5493,08e46f05-aec8-4618-ad90-6b9502b2c38d,Arts and Culture,Arts and Culture
DON5494,c46af43c-5b92-4fd2-820a-be1478203e81,Technology,Technology
DON5495,c46af43c-5b92-4fd2-820a-be1478203e81,Education,Education
DON5496,c46af43c-5b92-4fd2-820a-be1478203e81,Arts and Culture,Arts and Culture
DON5497,92e803ee-4d86-48c8-9154-91c637fc7929,Technology,Technology
DON5498,92e803ee-4d86-48c8-9154-91c637fc7929,Finance,Finance
DON5499,9f1bc7b0-5fe1-4cae-89ce-ef0cdb4e7f5d,Health and Wellness,Health and Wellness
DON5500,9f1bc7b0-5fe1-4cae-89ce-ef0cdb4e7f5d,Yoga and Pilates,Yoga and Pilates
DON5501,9f1bc7b0-5fe1-4cae-89ce-ef0cdb4e7f5d,Food and Cooking,Food and Cooking
DON5502,b50d6a75-e288-4c4a-8b69-6a6174b504b6,Sports and Fitness,Sports and Fitness
DON5503,b50d6a75-e288-4c4a-8b69-6a6174b504b6,Arts and Culture,Arts and Culture
DON5504,b50d6a75-e288-4c4a-8b69-6a6174b504b6,Education,Education
DON5505,410b94b6-b9a6-42a1-8c6f-11dbce24c16b,Health and Wellness,Health and Wellness
DON5506,410b94b6-b9a6-42a1-8c6f-11dbce24c16b,Food and Cooking,Food and Cooking
DON5507,410b94b6-b9a6-42a1-8c6f-11dbce24c16b,Environment,Environment
DON5508,733e2708-0b05-4b62-9c4c-915582ce77d6,Food and Cooking,Food and Cooking
DON5509,733e2708-0b05-4b62-9c4c-915582ce77d6,Sports and Fitness,Sports and Fitness
DON5510,733e2708-0b05-4b62-9c4c-915582ce77d6,Health and Wellness,Health and Wellness
DON5511,f5ac9314-949f-4388-9f43-087d8ec0dd82,Food and Cooking,Food and Cooking
DON5512,f5ac9314-949f-4388-9f43-087d8ec0dd82,Sports and Fitness,Sports and Fitness
DON5513,8f1943c8-6ba2-4e5e-9b32-042a37de5b8c,Sports and Fitness,Sports and Fitness
DON5514,8f1943c8-6ba2-4e5e-9b32-042a37de5b8c,Food and Cooking,Food and Cooking
DON5515,cac21e41-10db-4385-8130-bdbc08808234,Yoga and Pilates,Yoga and Pilates
DON5516,cac21e41-10db-4385-8130-bdbc08808234,Arts and Culture,Arts and Culture
DON5517,cac21e41-10db-4385-8130-bdbc08808234,Technology,Technology
DON5518,abb93cd5-99d4-4d0f-a372-ebb4d37a29f3,Travel,Travel
DON5519,abb93cd5-99d4-4d0f-a372-ebb4d37a29f3,Technology,Technology
DON5520,abb93cd5-99d4-4d0f-a372-ebb4d37a29f3,Food and Cooking,Food and Cooking
DON5521,b58c922b-ee90-45d4-ab71-53d917ee96f7,Environment,Environment
DON5522,b58c922b-ee90-45d4-ab71-53d917ee96f7,Sports and Fitness,Sports and Fitness
DON5523,fa9c1aee-8896-4298-a9f8-d5a7ebfd87d1,Arts and Culture,Arts and Culture
DON5524,b8424c94-2cc2-4731-a272-103f6b57ad92,Yoga and Pilates,Yoga and Pilates
DON5525,b8424c94-2cc2-4731-a272-103f6b57ad92,Arts and Culture,Arts and Culture
DON5526,8380b4d9-fc9d-42f4-85aa-5abf5ef0bcf8,Sports and Fitness,Sports and Fitness
DON5527,8380b4d9-fc9d-42f4-85aa-5abf5ef0bcf8,Food and Cooking,Food and Cooking
DON5528,98f6fc04-351f-4a11-a619-5833935167f0,Education,Education
DON5529,98f6fc04-351f-4a11-a619-5833935167f0,Yoga and Pilates,Yoga and Pilates
DON5530,b0c77d29-223d-4720-b0e3-ee11b2657db7,Yoga and Pilates,Yoga and Pilates
DON5531,b0c77d29-223d-4720-b0e3-ee11b2657db7,Finance,Finance
DON5532,43d71cd8-fe79-4318-8da1-54e5a8516cd8,Health and Wellness,Health and Wellness
DON5533,43d71cd8-fe79-4318-8da1-54e5a8516cd8,Environment,Environment
DON5534,43d71cd8-fe79-4318-8da1-54e5a8516cd8,Sports and Fitness,Sports and Fitness
DON5535,07db91d8-9dcb-4982-9cda-48d3f2543061,Education,Education
DON5536,07db91d8-9dcb-4982-9cda-48d3f2543061,Yoga and Pilates,Yoga and Pilates
DON5537,1f0cce7a-b4e3-44c3-a774-afd5a94d912f,Sports and Fitness,Sports and Fitness
DON5538,a7612162-332c-47cd-8bc6-bfbff38f3295,Yoga and Pilates,Yoga and Pilates
DON5539,a7612162-332c-47cd-8bc6-bfbff38f3295,Arts and Culture,Arts and Culture
DON5540,a7612162-332c-47cd-8bc6-bfbff38f3295,Sports and Fitness,Sports and Fitness
DON5541,6dd94d05-7d9e-4462-b35f-c08975b0800b,Technology,Technology
DON5542,69f7a86b-7f51-48fa-8764-ff2b0e95292e,Sports and Fitness,Sports and Fitness
DON5543,69f7a86b-7f51-48fa-8764-ff2b0e95292e,Finance,Finance
DON5544,69f7a86b-7f51-48fa-8764-ff2b0e95292e,Health and Wellness,Health and Wellness
DON5545,3e8acbe4-6169-45f1-bdad-ad7d95fb5da5,Technology,Technology
DON5546,3e8acbe4-6169-45f1-bdad-ad7d95fb5da5,Finance,Finance
DON5547,657ff189-7eb4-49dd-92fc-c61d75b7c454,Health and Wellness,Health and Wellness
DON5548,657ff189-7eb4-49dd-92fc-c61d75b7c454,Technology,Technology
DON5549,657ff189-7eb4-49dd-92fc-c61d75b7c454,Arts and Culture,Arts and Culture
DON5550,36d35992-2070-4414-8fc3-34453a0c7282,Travel,Travel
DON5551,36d35992-2070-4414-8fc3-34453a0c7282,Finance,Finance
DON5552,36d35992-2070-4414-8fc3-34453a0c7282,Sports and Fitness,Sports and Fitness
DON5553,7af0ef99-9382-4a82-bd0c-b643002d8894,Food and Cooking,Food and Cooking
DON5554,7af0ef99-9382-4a82-bd0c-b643002d8894,Education,Education
DON5555,7af0ef99-9382-4a82-bd0c-b643002d8894,Travel,Travel
DON5556,3de1ee12-2642-4745-a791-d3dac13af2e3,Arts and Culture,Arts and Culture
DON5557,3de1ee12-2642-4745-a791-d3dac13af2e3,Food and Cooking,Food and Cooking
DON5558,b9600415-aa2e-44e1-96d1-443da1821246,Arts and Culture,Arts and Culture
DON5559,b9600415-aa2e-44e1-96d1-443da1821246,Environment,Environment
DON5560,b9600415-aa2e-44e1-96d1-443da1821246,Travel,Travel
DON5561,b2be257b-3074-458c-a9ff-559ca8b3ec12,Health and Wellness,Health and Wellness
DON5562,d61f22ac-abf3-4625-b45c-9aca6d13f7ba,Travel,Travel
DON5563,d61f22ac-abf3-4625-b45c-9aca6d13f7ba,Yoga and Pilates,Yoga and Pilates
DON5564,d61f22ac-abf3-4625-b45c-9aca6d13f7ba,Finance,Finance
DON5565,e3edfca3-b73e-433f-809b-d38295b73335,Yoga and Pilates,Yoga and Pilates
DON5566,e3edfca3-b73e-433f-809b-d38295b73335,Environment,Environment
DON5567,e3edfca3-b73e-433f-809b-d38295b73335,Education,Education
DON5568,aa0f44b0-a19f-4452-9179-715cb08644cd,Finance,Finance
DON5569,aa0f44b0-a19f-4452-9179-715cb08644cd,Sports and Fitness,Sports and Fitness
DON5570,aa0f44b0-a19f-4452-9179-715cb08644cd,Education,Education
DON5571,af0c01f5-71c2-4ff8-8f8e-c048f001fb81,Food and Cooking,Food and Cooking
DON5572,af0c01f5-71c2-4ff8-8f8e-c048f001fb81,Education,Education
DON5573,3311e480-6ecc-42ca-b0f0-f71dad967dbc,Health and Wellness,Health and Wellness
DON5574,3311e480-6ecc-42ca-b0f0-f71dad967dbc,Technology,Technology
DON5575,014252b0-022b-49a8-9d8e-ebbf33f07180,Technology,Technology
DON5576,5c59b70d-8fac-4329-875e-a0e7f6746dbb,Food and Cooking,Food and Cooking
DON5577,5c59b70d-8fac-4329-875e-a0e7f6746dbb,Sports and Fitness,Sports and Fitness
DON5578,a3964d15-6b52-4bed-a430-a7b383c30716,Environment,Environment
DON5579,a3964d15-6b52-4bed-a430-a7b383c30716,Technology,Technology
DON5580,b19cafb8-84da-4626-8276-978d8d6bfbf7,Arts and Culture,Arts and Culture
DON5581,0b12742e-88b2-4fa3-9b59-10f02ec1f2f3,Environment,Environment
DON5582,6bfdafa5-29fe-46be-8f07-ab4923846b53,Arts and Culture,Arts and Culture
DON5583,952a492e-5edc-4432-b4c4-475936aa0080,Yoga and Pilates,Yoga and Pilates
DON5584,952a492e-5edc-4432-b4c4-475936aa0080,Health and Wellness,Health and Wellness
DON5585,84a72cba-6b0e-480c-b0ff-53f5b7a9ce61,Technology,Technology
DON5586,e3178942-1c46-406d-8259-2362b8a60bd7,Environment,Environment
DON5587,9e4e5a20-0a72-4bb8-9321-23d717886980,Sports and Fitness,Sports and Fitness
DON5588,f04051f4-1501-45af-a993-bd73cb86b9e6,Travel,Travel
DON5589,f04051f4-1501-45af-a993-bd73cb86b9e6,Finance,Finance
DON5590,f04051f4-1501-45af-a993-bd73cb86b9e6,Environment,Environment
DON5591,1a17b783-321c-4aab-9270-d4f520b64e30,Health and Wellness,Health and Wellness
DON5592,1a17b783-321c-4aab-9270-d4f520b64e30,Arts and Culture,Arts and Culture
DON5593,f50928b5-7b3b-4089-a517-28f0c0c7862b,Arts and Culture,Arts and Culture
DON5594,6272e67b-1415-414d-90bb-d7aea6a58d79,Sports and Fitness,Sports and Fitness
DON5595,6272e67b-1415-414d-90bb-d7aea6a58d79,Health and Wellness,Health and Wellness
DON5596,6272e67b-1415-414d-90bb-d7aea6a58d79,Environment,Environment
DON5597,4da5cfb3-02e9-4a45-9cde-458252a730b6,Health and Wellness,Health and Wellness
DON5598,f82e328c-9ac4-4652-95e2-7cc85e2d86df,Environment,Environment
DON5599,ffe73a99-6b36-47b9-9688-ac6a2a619a83,Sports and Fitness,Sports and Fitness
DON5600,ffe73a99-6b36-47b9-9688-ac6a2a619a83,Travel,Travel
DON5601,12e99360-86d6-411c-8278-dce508b4de67,Health and Wellness,Health and Wellness
DON5602,12e99360-86d6-411c-8278-dce508b4de67,Food and Cooking,Food and Cooking
DON5603,12e99360-86d6-411c-8278-dce508b4de67,Arts and Culture,Arts and Culture
DON5604,5ceaa809-6290-44d6-acca-c11210d72bf3,Arts and Culture,Arts and Culture
DON5605,1accdbf5-6d42-4c75-b735-04883cf30320,Yoga and Pilates,Yoga and Pilates
DON5606,1accdbf5-6d42-4c75-b735-04883cf30320,Environment,Environment
DON5607,1accdbf5-6d42-4c75-b735-04883cf30320,Travel,Travel
DON5608,27c90c25-8f49-49e1-a9c3-0b9b46f9aed6,Sports and Fitness,Sports and Fitness
DON5609,ca6f44dc-8f55-46d8-8501-b53ab86bf48b,Yoga and Pilates,Yoga and Pilates
DON5610,ca6f44dc-8f55-46d8-8501-b53ab86bf48b,Health and Wellness,Health and Wellness
DON5611,cfd9ace9-10d9-407b-9a67-f1c3d072d595,Food and Cooking,Food and Cooking
DON5612,56d3a4eb-8d6f-4d0f-984f-b232c2946e71,Finance,Finance
DON5613,f5f07ba5-145e-4b12-a7c9-66fea7c451ab,Finance,Finance
DON5614,366d14b3-f9da-4a6a-aec9-12b8253fc251,Technology,Technology
DON5615,366d14b3-f9da-4a6a-aec9-12b8253fc251,Health and Wellness,Health and Wellness
DON5616,366d14b3-f9da-4a6a-aec9-12b8253fc251,Arts and Culture,Arts and Culture
DON5617,6506872f-85ae-4e77-ae89-93b9673bb4f1,Environment,Environment
DON5618,6506872f-85ae-4e77-ae89-93b9673bb4f1,Arts and Culture,Arts and Culture
DON5619,6506872f-85ae-4e77-ae89-93b9673bb4f1,Finance,Finance
DON5620,26bc5439-42cd-4dff-af19-1f137c7d5321,Sports and Fitness,Sports and Fitness
DON5621,26bc5439-42cd-4dff-af19-1f137c7d5321,Environment,Environment
DON5622,26bc5439-42cd-4dff-af19-1f137c7d5321,Health and Wellness,Health and Wellness
DON5623,0fab58e4-7703-4e39-ac73-ff2e9eff07fe,Arts and Culture,Arts and Culture
DON5624,0fab58e4-7703-4e39-ac73-ff2e9eff07fe,Health and Wellness,Health and Wellness
DON5625,0fab58e4-7703-4e39-ac73-ff2e9eff07fe,Education,Education
DON5626,99a33a93-182a-4f15-90ac-a5d787b776ee,Arts and Culture,Arts and Culture
DON5627,99a33a93-182a-4f15-90ac-a5d787b776ee,Travel,Travel
DON5628,12fde2db-01ba-46a4-b126-8073b4ae82cf,Environment,Environment
DON5629,12fde2db-01ba-46a4-b126-8073b4ae82cf,Food and Cooking,Food and Cooking
DON5630,12fde2db-01ba-46a4-b126-8073b4ae82cf,Finance,Finance
DON5631,8ec27e13-1686-46f9-92de-277ca4d0304a,Technology,Technology
DON5632,4add7b5f-ec80-40b7-8328-af93a32bcca9,Environment,Environment
DON5633,4add7b5f-ec80-40b7-8328-af93a32bcca9,Food and Cooking,Food and Cooking
DON5634,f85aa29f-75c8-4365-893a-797250c1a950,Health and Wellness,Health and Wellness
DON5635,f85aa29f-75c8-4365-893a-797250c1a950,Sports and Fitness,Sports and Fitness
DON5636,b2683437-7e89-4510-b98b-6466331faa33,Yoga and Pilates,Yoga and Pilates
DON5637,5e83d90b-9101-4202-b791-f22122c0d593,Travel,Travel
DON5638,5e83d90b-9101-4202-b791-f22122c0d593,Education,Education
DON5639,5e83d90b-9101-4202-b791-f22122c0d593,Yoga and Pilates,Yoga and Pilates
DON5640,c319f4cf-59d6-44f4-916b-2e4443dcf080,Education,Education
DON5641,e09cc0a6-a7ea-4768-9d7c-dd9aa9ab4eee,Education,Education
DON5642,9c0b7598-18cd-4b24-9e3e-9a80218cb0eb,Travel,Travel
DON5643,9c0b7598-18cd-4b24-9e3e-9a80218cb0eb,Sports and Fitness,Sports and Fitness
DON5644,9c0b7598-18cd-4b24-9e3e-9a80218cb0eb,Food and Cooking,Food and Cooking
DON5645,f0055ac9-7306-4c52-bb23-e0c3fd7950f3,Technology,Technology
DON5646,f0055ac9-7306-4c52-bb23-e0c3fd7950f3,Finance,Finance
DON5647,dbb9bcae-c045-4255-bd58-5cbe69b7336d,Arts and Culture,Arts and Culture
DON5648,dbb9bcae-c045-4255-bd58-5cbe69b7336d,Environment,Environment
DON5649,7af2fb7b-b072-4951-99f0-477d1a4895b0,Technology,Technology
DON5650,040116c9-1e2b-4391-8394-1e10b91f7a9f,Finance,Finance
DON5651,040116c9-1e2b-4391-8394-1e10b91f7a9f,Food and Cooking,Food and Cooking
DON5652,040116c9-1e2b-4391-8394-1e10b91f7a9f,Education,Education
DON5653,738072b4-d9a1-47a4-9d16-b9e0be78d3e9,Environment,Environment
DON5654,738072b4-d9a1-47a4-9d16-b9e0be78d3e9,Travel,Travel
DON5655,738072b4-d9a1-47a4-9d16-b9e0be78d3e9,Health and Wellness,Health and Wellness
DON5656,47919da6-4725-40e3-93e7-1850f1561071,Health and Wellness,Health and Wellness
DON5657,47919da6-4725-40e3-93e7-1850f1561071,Education,Education
DON5658,47919da6-4725-40e3-93e7-1850f1561071,Yoga and Pilates,Yoga and Pilates
DON5659,607a85d8-faba-4e34-b7a7-6f6a50220191,Finance,Finance
DON5660,607a85d8-faba-4e34-b7a7-6f6a50220191,Education,Education
DON5661,607a85d8-faba-4e34-b7a7-6f6a50220191,Technology,Technology
DON5662,d67274b9-7d9b-46f2-82e9-06a3dfd8331e,Yoga and Pilates,Yoga and Pilates
DON5663,d67274b9-7d9b-46f2-82e9-06a3dfd8331e,Health and Wellness,Health and Wellness
DON5664,4e7cf420-60d0-4812-b584-8828f9d49d85,Health and Wellness,Health and Wellness
DON5665,3a8be771-57fe-438c-8df7-2edb37c35b1f,Technology,Technology
DON5666,3a8be771-57fe-438c-8df7-2edb37c35b1f,Travel,Travel
DON5667,3a8be771-57fe-438c-8df7-2edb37c35b1f,Yoga and Pilates,Yoga and Pilates
DON5668,7bc7a3f8-520f-4482-a004-dce18d5f410a,Education,Education
DON5669,7bc7a3f8-520f-4482-a004-dce18d5f410a,Health and Wellness,Health and Wellness
DON5670,07ca756d-2f12-4625-91b6-96ad773cb271,Food and Cooking,Food and Cooking
DON5671,07ca756d-2f12-4625-91b6-96ad773cb271,Education,Education
DON5672,09e7f923-24b7-4688-af4a-1afd3b3d6918,Arts and Culture,Arts and Culture
DON5673,09e7f923-24b7-4688-af4a-1afd3b3d6918,Technology,Technology
DON5674,f6845a6a-9f38-490e-935d-08d1e70a4c6d,Food and Cooking,Food and Cooking
DON5675,f6845a6a-9f38-490e-935d-08d1e70a4c6d,Arts and Culture,Arts and Culture
DON5676,f6845a6a-9f38-490e-935d-08d1e70a4c6d,Technology,Technology
DON5677,9f1a5eb1-ca56-4632-8041-a5e319c59e74,Travel,Travel
DON5678,9f1a5eb1-ca56-4632-8041-a5e319c59e74,Arts and Culture,Arts and Culture
DON5679,31b7649b-7b33-4a70-b416-6e26ae36649d,Finance,Finance
DON5680,31b7649b-7b33-4a70-b416-6e26ae36649d,Technology,Technology
DON5681,31b7649b-7b33-4a70-b416-6e26ae36649d,Food and Cooking,Food and Cooking
DON5682,7bc751e1-57ce-4745-952f-35a95ea78f8d,Technology,Technology
DON5683,7bc751e1-57ce-4745-952f-35a95ea78f8d,Education,Education
DON5684,7bc751e1-57ce-4745-952f-35a95ea78f8d,Travel,Travel
DON5685,33806349-8d87-42b9-ba0f-36acca20acee,Health and Wellness,Health and Wellness
DON5686,33806349-8d87-42b9-ba0f-36acca20acee,Finance,Finance
DON5687,33806349-8d87-42b9-ba0f-36acca20acee,Education,Education
DON5688,341296b8-fad0-4c17-afa6-23e7e005bb09,Food and Cooking,Food and Cooking
DON5689,341296b8-fad0-4c17-afa6-23e7e005bb09,Travel,Travel
DON5690,341296b8-fad0-4c17-afa6-23e7e005bb09,Yoga and Pilates,Yoga and Pilates
DON5691,8db76579-1622-4e89-8256-93eea1bc7d9c,Travel,Travel
DON5692,8db76579-1622-4e89-8256-93eea1bc7d9c,Yoga and Pilates,Yoga and Pilates
DON5693,8db76579-1622-4e89-8256-93eea1bc7d9c,Arts and Culture,Arts and Culture
DON5694,91d73bfc-9204-44f2-a71b-efacf82579d4,Sports and Fitness,Sports and Fitness
DON5695,91d73bfc-9204-44f2-a71b-efacf82579d4,Travel,Travel
DON5696,91d73bfc-9204-44f2-a71b-efacf82579d4,Yoga and Pilates,Yoga and Pilates
DON5697,948d5874-0abc-466f-ab53-ae4632fd7674,Education,Education
DON5698,948d5874-0abc-466f-ab53-ae4632fd7674,Yoga and Pilates,Yoga and Pilates
DON5699,34308498-d6bc-4241-99ef-d5e9593e2176,Yoga and Pilates,Yoga and Pilates
DON5700,34308498-d6bc-4241-99ef-d5e9593e2176,Health and Wellness,Health and Wellness
DON5701,50bc7715-f94d-4c39-8de6-bf9840f0db7b,Travel,Travel
DON5702,50bc7715-f94d-4c39-8de6-bf9840f0db7b,Technology,Technology
DON5703,d225cd43-4aa4-4159-b6e0-b6fce3bad60a,Technology,Technology
DON5704,d225cd43-4aa4-4159-b6e0-b6fce3bad60a,Arts and Culture,Arts and Culture
DON5705,36240b08-6445-451f-81d4-13b2a4f97d56,Technology,Technology
DON5706,b891631b-5e9b-446e-a78a-b61c7b49972a,Health and Wellness,Health and Wellness
DON5707,b891631b-5e9b-446e-a78a-b61c7b49972a,Education,Education
DON5708,ec5acbee-e691-4172-a567-6f1731ef0e4b,Education,Education
DON5709,c05befcb-24d9-4927-bf56-52293fc783cc,Finance,Finance
DON5710,c05befcb-24d9-4927-bf56-52293fc783cc,Sports and Fitness,Sports and Fitness
DON5711,d2813ca9-5256-4664-9c26-fb2e3c0465ac,Technology,Technology
DON5712,d2813ca9-5256-4664-9c26-fb2e3c0465ac,Sports and Fitness,Sports and Fitness
DON5713,f2eafe28-e703-42e9-aed5-2f8705bcc4ec,Yoga and Pilates,Yoga and Pilates
DON5714,f2eafe28-e703-42e9-aed5-2f8705bcc4ec,Travel,Travel
DON5715,f2eafe28-e703-42e9-aed5-2f8705bcc4ec,Arts and Culture,Arts and Culture
DON5716,1e436ce0-5564-4ba0-b919-0f8bf71d1202,Arts and Culture,Arts and Culture
DON5717,1e436ce0-5564-4ba0-b919-0f8bf71d1202,Food and Cooking,Food and Cooking
DON5718,d89d4158-a9d4-488d-b934-5bf6511e0df7,Travel,Travel
DON5719,d89d4158-a9d4-488d-b934-5bf6511e0df7,Arts and Culture,Arts and Culture
DON5720,d89d4158-a9d4-488d-b934-5bf6511e0df7,Sports and Fitness,Sports and Fitness
DON5721,9e710ec9-2973-42df-83fb-57f3e246f3e6,Finance,Finance
DON5722,9e710ec9-2973-42df-83fb-57f3e246f3e6,Health and Wellness,Health and Wellness
DON5723,bf41ae86-c7a8-4368-96fb-9aeff163e1b2,Health and Wellness,Health and Wellness
DON5724,8b0ea0c5-cef9-41b6-8d57-11c08761f6b6,Sports and Fitness,Sports and Fitness
DON5725,8b0ea0c5-cef9-41b6-8d57-11c08761f6b6,Technology,Technology
DON5726,8b0ea0c5-cef9-41b6-8d57-11c08761f6b6,Arts and Culture,Arts and Culture
DON5727,41f75d5b-0c6a-45de-bc44-9bc47b0635c7,Technology,Technology
DON5728,41f75d5b-0c6a-45de-bc44-9bc47b0635c7,Arts and Culture,Arts and Culture
DON5729,02ad30fe-0d1a-4bbe-95ad-28c43ebf3294,Food and Cooking,Food and Cooking
DON5730,d55a4e3c-e1e5-4fed-9494-9694e3cedba1,Education,Education
DON5731,dad50b42-7f92-4772-97b4-dffc4601f76a,Food and Cooking,Food and Cooking
DON5732,dad50b42-7f92-4772-97b4-dffc4601f76a,Education,Education
DON5733,dad50b42-7f92-4772-97b4-dffc4601f76a,Travel,Travel
DON5734,b493d17c-b7e5-4542-a453-e8b79aff9975,Travel,Travel
DON5735,b493d17c-b7e5-4542-a453-e8b79aff9975,Food and Cooking,Food and Cooking
DON5736,7955fad2-18b6-415b-a6ab-eeb51786960b,Technology,Technology
DON5737,7955fad2-18b6-415b-a6ab-eeb51786960b,Yoga and Pilates,Yoga and Pilates
DON5738,7955fad2-18b6-415b-a6ab-eeb51786960b,Health and Wellness,Health and Wellness
DON5739,f2b1d63e-6a2b-42b4-8d61-eb8e99bdfab6,Sports and Fitness,Sports and Fitness
DON5740,f2b1d63e-6a2b-42b4-8d61-eb8e99bdfab6,Health and Wellness,Health and Wellness
DON5741,f2b1d63e-6a2b-42b4-8d61-eb8e99bdfab6,Arts and Culture,Arts and Culture
DON5742,109cec57-995f-4ba5-90fc-1d5a26f1b7eb,Arts and Culture,Arts and Culture
DON5743,109cec57-995f-4ba5-90fc-1d5a26f1b7eb,Travel,Travel
DON5744,03a62419-9116-4d70-85d6-e4b5108f43fd,Food and Cooking,Food and Cooking
DON5745,03a62419-9116-4d70-85d6-e4b5108f43fd,Health and Wellness,Health and Wellness
DON5746,6c407c0d-d4ac-4407-8f12-e0435608d555,Finance,Finance
DON5747,6c407c0d-d4ac-4407-8f12-e0435608d555,Arts and Culture,Arts and Culture
DON5748,cdaea2e2-c63e-4fb4-84fa-13d8a751b94a,Health and Wellness,Health and Wellness
DON5749,cdaea2e2-c63e-4fb4-84fa-13d8a751b94a,Environment,Environment
DON5750,cdaea2e2-c63e-4fb4-84fa-13d8a751b94a,Arts and Culture,Arts and Culture
DON5751,fb8d0ccf-0d29-467a-b1b0-fbc586f0d458,Education,Education
DON5752,fb8d0ccf-0d29-467a-b1b0-fbc586f0d458,Finance,Finance
DON5753,fb8d0ccf-0d29-467a-b1b0-fbc586f0d458,Health and Wellness,Health and Wellness
DON5754,76d1cf74-f620-43db-8cc1-143588591b6d,Technology,Technology
DON5755,76d1cf74-f620-43db-8cc1-143588591b6d,Yoga and Pilates,Yoga and Pilates
DON5756,83733caa-d5bf-4b75-8698-ec0e6c67d619,Technology,Technology
DON5757,b352213d-bd8c-4b17-9244-59270789a2bd,Sports and Fitness,Sports and Fitness
DON5758,b352213d-bd8c-4b17-9244-59270789a2bd,Environment,Environment
DON5759,a75ce109-c73d-47e3-b1fc-e3b05f05d749,Finance,Finance
DON5760,afddc2c1-1b50-4f29-b024-f3a4b044dbf2,Environment,Environment
DON5761,afddc2c1-1b50-4f29-b024-f3a4b044dbf2,Technology,Technology
DON5762,afddc2c1-1b50-4f29-b024-f3a4b044dbf2,Health and Wellness,Health and Wellness
DON5763,dfc853a0-9017-4e98-b47a-9968c22ac551,Arts and Culture,Arts and Culture
DON5764,dfc853a0-9017-4e98-b47a-9968c22ac551,Technology,Technology
DON5765,dfc853a0-9017-4e98-b47a-9968c22ac551,Finance,Finance
DON5766,b660b763-30b2-467b-9371-f55bb580777d,Yoga and Pilates,Yoga and Pilates
DON5767,b6262aa1-8663-4ac3-bf6b-8d9b0e17b41c,Arts and Culture,Arts and Culture
DON5768,b6262aa1-8663-4ac3-bf6b-8d9b0e17b41c,Environment,Environment
DON5769,b6262aa1-8663-4ac3-bf6b-8d9b0e17b41c,Finance,Finance
DON5770,a1cb8bcb-9f58-41ef-bcd4-b03e07dbbf6e,Arts and Culture,Arts and Culture
DON5771,ee70943a-1a23-456b-bcc2-d95571db1672,Food and Cooking,Food and Cooking
DON5772,41ac3cfb-ce54-4c08-8d9a-e313cb3ac1d7,Arts and Culture,Arts and Culture
DON5773,0d5d064c-dba8-46e8-8f6a-3d81ddaa50d8,Environment,Environment
DON5774,0d5d064c-dba8-46e8-8f6a-3d81ddaa50d8,Finance,Finance
DON5775,0d5d064c-dba8-46e8-8f6a-3d81ddaa50d8,Food and Cooking,Food and Cooking
DON5776,276ef524-c1ea-4f12-a105-19c490be38a5,Travel,Travel
DON5777,6994883a-17c8-4222-aa53-134b9563b674,Arts and Culture,Arts and Culture
DON5778,6994883a-17c8-4222-aa53-134b9563b674,Education,Education
DON5779,7993733d-a749-4632-bc8f-df06923cb2cd,Sports and Fitness,Sports and Fitness
DON5780,2543560c-155a-4d92-93b2-dd4e10c65837,Yoga and Pilates,Yoga and Pilates
DON5781,2543560c-155a-4d92-93b2-dd4e10c65837,Environment,Environment
DON5782,804b6347-0786-4fbe-a2ac-44f80666ef83,Environment,Environment
DON5783,804b6347-0786-4fbe-a2ac-44f80666ef83,Technology,Technology
DON5784,804b6347-0786-4fbe-a2ac-44f80666ef83,Sports and Fitness,Sports and Fitness
DON5785,a511da69-8a45-4ef5-8406-e1e520f211cd,Technology,Technology
DON5786,2540f12e-7289-4700-9e46-eafebcc9021d,Arts and Culture,Arts and Culture
DON5787,2540f12e-7289-4700-9e46-eafebcc9021d,Food and Cooking,Food and Cooking
DON5788,51d4e81a-d1cf-4f3d-852d-8ad5b284a2dd,Food and Cooking,Food and Cooking
DON5789,51d4e81a-d1cf-4f3d-852d-8ad5b284a2dd,Education,Education
DON5790,51d4e81a-d1cf-4f3d-852d-8ad5b284a2dd,Yoga and Pilates,Yoga and Pilates
DON5791,ba591bdf-e182-4aa1-b727-d3f25b904bcb,Education,Education
DON5792,ba591bdf-e182-4aa1-b727-d3f25b904bcb,Travel,Travel
DON5793,ba591bdf-e182-4aa1-b727-d3f25b904bcb,Yoga and Pilates,Yoga and Pilates
DON5794,77d7455d-3103-4ebd-b144-0a49e14dd772,Environment,Environment
DON5795,77d7455d-3103-4ebd-b144-0a49e14dd772,Sports and Fitness,Sports and Fitness
DON5796,77d7455d-3103-4ebd-b144-0a49e14dd772,Health and Wellness,Health and Wellness
DON5797,4e9224d5-695d-44c4-874e-c322640c39c6,Environment,Environment
DON5798,4e9224d5-695d-44c4-874e-c322640c39c6,Finance,Finance
DON5799,2de53365-5371-43ee-919f-81c04305d0f0,Health and Wellness,Health and Wellness
DON5800,d5ca5f78-0557-4b76-bc98-da657290f783,Food and Cooking,Food and Cooking
DON5801,d5ca5f78-0557-4b76-bc98-da657290f783,Yoga and Pilates,Yoga and Pilates
DON5802,d5ca5f78-0557-4b76-bc98-da657290f783,Environment,Environment
DON5803,16896f29-8e18-41c8-9d6c-0644c8324645,Environment,Environment
DON5804,74c1ad46-41dc-49ab-ad1f-b1f3745cf9d9,Yoga and Pilates,Yoga and Pilates
DON5805,7d66bb1f-010b-4be4-a605-ef74ecca4475,Sports and Fitness,Sports and Fitness
DON5806,78ad96a4-59f1-4be0-9aa9-9404568e8d3d,Technology,Technology
DON5807,78ad96a4-59f1-4be0-9aa9-9404568e8d3d,Education,Education
DON5808,78ad96a4-59f1-4be0-9aa9-9404568e8d3d,Environment,Environment
DON5809,297198bf-6e41-4572-b7ee-ee5adcbee36c,Sports and Fitness,Sports and Fitness
DON5810,297198bf-6e41-4572-b7ee-ee5adcbee36c,Food and Cooking,Food and Cooking
DON5811,297198bf-6e41-4572-b7ee-ee5adcbee36c,Travel,Travel
DON5812,e30069e5-f26f-4ae6-b806-2647d495dffb,Finance,Finance
DON5813,57b39a3e-f208-494a-9713-0fae9db5ecea,Sports and Fitness,Sports and Fitness
DON5814,69f21444-09a0-485a-a5df-833e068dfa9f,Travel,Travel
DON5815,69f21444-09a0-485a-a5df-833e068dfa9f,Environment,Environment
DON5816,7c411aa7-ad8c-4194-893f-4e195eb28555,Education,Education
DON5817,1b0a0e46-147d-4755-87de-0a7e0d5561be,Food and Cooking,Food and Cooking
DON5818,1b0a0e46-147d-4755-87de-0a7e0d5561be,Travel,Travel
DON5819,320d1bd9-706d-45c6-9f51-011e0f5cb554,Food and Cooking,Food and Cooking
DON5820,320d1bd9-706d-45c6-9f51-011e0f5cb554,Health and Wellness,Health and Wellness
DON5821,a45e43f0-fe50-4a4d-8c5b-fee85aa2c6e5,Finance,Finance
DON5822,aaba4a3f-10bf-46bd-94f9-28ed6d9acee6,Food and Cooking,Food and Cooking
DON5823,3467970f-b408-4573-a4f6-f76d37af26b4,Food and Cooking,Food and Cooking
DON5824,3467970f-b408-4573-a4f6-f76d37af26b4,Education,Education
DON5825,3467970f-b408-4573-a4f6-f76d37af26b4,Sports and Fitness,Sports and Fitness
DON5826,943fc44e-03cf-45c0-aaec-b515dd0a713a,Education,Education
DON5827,943fc44e-03cf-45c0-aaec-b515dd0a713a,Technology,Technology
DON5828,04190b10-5d58-44da-99f5-587bd6c807bd,Food and Cooking,Food and Cooking
DON5829,04190b10-5d58-44da-99f5-587bd6c807bd,Travel,Travel
DON5830,a7290c72-12f6-4dfb-ad89-95572b92e73c,Food and Cooking,Food and Cooking
DON5831,a7290c72-12f6-4dfb-ad89-95572b92e73c,Education,Education
DON5832,f61f0073-d331-464c-820e-35f3948f236f,Health and Wellness,Health and Wellness
DON5833,f61f0073-d331-464c-820e-35f3948f236f,Technology,Technology
DON5834,f61f0073-d331-464c-820e-35f3948f236f,Environment,Environment
DON5835,cbc30fa9-eb35-435e-b315-622cb3bd02a1,Yoga and Pilates,Yoga and Pilates
DON5836,f12d42ff-4dc7-4d5e-9231-c48d7d177627,Environment,Environment
DON5837,f12d42ff-4dc7-4d5e-9231-c48d7d177627,Sports and Fitness,Sports and Fitness
DON5838,f12d42ff-4dc7-4d5e-9231-c48d7d177627,Education,Education
DON5839,4839ebb9-d7cb-4898-9925-6e9a896736db,Yoga and Pilates,Yoga and Pilates
DON5840,4839ebb9-d7cb-4898-9925-6e9a896736db,Food and Cooking,Food and Cooking
DON5841,4839ebb9-d7cb-4898-9925-6e9a896736db,Travel,Travel
DON5842,448f1bb1-3282-45ba-9f13-2fff72116b6b,Technology,Technology
DON5843,8d2fadd1-de51-426e-b4cc-02b07c45255f,Technology,Technology
DON5844,8d2fadd1-de51-426e-b4cc-02b07c45255f,Sports and Fitness,Sports and Fitness
DON5845,27515476-b786-4316-ab31-99e29bacafc4,Health and Wellness,Health and Wellness
DON5846,27515476-b786-4316-ab31-99e29bacafc4,Yoga and Pilates,Yoga and Pilates
DON5847,9d2e530d-4eff-4bf3-b4cc-0ec8e7051e41,Environment,Environment
DON5848,9d2e530d-4eff-4bf3-b4cc-0ec8e7051e41,Education,Education
DON5849,912bad00-c119-40ca-a73f-839363a4954f,Environment,Environment
DON5850,cf305599-5886-44c6-9d15-bedf0b704652,Food and Cooking,Food and Cooking
DON5851,287a62dd-ac77-45a5-a63a-32aef1f2fe5e,Food and Cooking,Food and Cooking
DON5852,9a66326e-ec99-465a-a0f5-289992048a43,Education,Education
DON5853,9a66326e-ec99-465a-a0f5-289992048a43,Technology,Technology
DON5854,9a66326e-ec99-465a-a0f5-289992048a43,Environment,Environment
DON5855,84bf2826-8d6b-4068-b11c-b12c9f3deeb0,Food and Cooking,Food and Cooking
DON5856,84bf2826-8d6b-4068-b11c-b12c9f3deeb0,Technology,Technology
DON5857,84bf2826-8d6b-4068-b11c-b12c9f3deeb0,Sports and Fitness,Sports and Fitness
DON5858,0207b5d5-5640-43a5-926a-3a2b21a2031d,Health and Wellness,Health and Wellness
DON5859,0207b5d5-5640-43a5-926a-3a2b21a2031d,Arts and Culture,Arts and Culture
DON5860,09bf289d-6374-42ca-8142-232beb86fac4,Arts and Culture,Arts and Culture
DON5861,41ff2110-d239-442c-a4a5-600281d003da,Arts and Culture,Arts and Culture
DON5862,41ff2110-d239-442c-a4a5-600281d003da,Environment,Environment
DON5863,37deca91-df3a-414f-8983-dce1deb32dac,Arts and Culture,Arts and Culture
DON5864,a22d7bee-59a3-40a8-8901-fbf8eed668bf,Technology,Technology
DON5865,a22d7bee-59a3-40a8-8901-fbf8eed668bf,Sports and Fitness,Sports and Fitness
DON5866,a22d7bee-59a3-40a8-8901-fbf8eed668bf,Health and Wellness,Health and Wellness
DON5867,6a0bd589-5812-4329-b2b5-0af4abaac61d,Technology,Technology
DON5868,6583261c-349e-4bfa-8efb-2c0c60293dfb,Health and Wellness,Health and Wellness
DON5869,6583261c-349e-4bfa-8efb-2c0c60293dfb,Finance,Finance
DON5870,6583261c-349e-4bfa-8efb-2c0c60293dfb,Food and Cooking,Food and Cooking
DON5871,96e59cbf-551e-4ff3-ac6f-7b757df1a94f,Finance,Finance
DON5872,96e59cbf-551e-4ff3-ac6f-7b757df1a94f,Sports and Fitness,Sports and Fitness
DON5873,05913925-c406-4071-bf48-237f46916996,Yoga and Pilates,Yoga and Pilates
DON5874,12efc5eb-33ac-4daa-b7df-f044e394c554,Sports and Fitness,Sports and Fitness
DON5875,12efc5eb-33ac-4daa-b7df-f044e394c554,Travel,Travel
DON5876,41b9e6f9-ec13-4535-98d0-d240ff3d6edf,Food and Cooking,Food and Cooking
DON5877,8dc8f221-8a29-4ab5-b817-2ca1a45619f7,Travel,Travel
DON5878,98f6a67c-e6fc-43af-a040-15db8bae893a,Arts and Culture,Arts and Culture
DON5879,2686b8f6-a8b6-45b5-a165-f400d321d2c3,Environment,Environment
DON5880,861b56b0-dbab-43a1-9070-4d7f30ebe9da,Education,Education
DON5881,861b56b0-dbab-43a1-9070-4d7f30ebe9da,Environment,Environment
DON5882,b0a0d99b-1cfc-4c46-b2f2-e237fb725edd,Travel,Travel
DON5883,b0a0d99b-1cfc-4c46-b2f2-e237fb725edd,Education,Education
DON5884,b0a0d99b-1cfc-4c46-b2f2-e237fb725edd,Health and Wellness,Health and Wellness
DON5885,faef57b2-c727-429f-8e3e-cf8f612de2b4,Travel,Travel
DON5886,874cfd01-ffd5-452b-a350-5d7e9ef00d80,Finance,Finance
DON5887,ee9e25a8-2055-4378-8a97-86fa1056cecb,Health and Wellness,Health and Wellness
DON5888,c3769036-6c8a-46d4-895d-1404b782b574,Arts and Culture,Arts and Culture
DON5889,c3769036-6c8a-46d4-895d-1404b782b574,Sports and Fitness,Sports and Fitness
DON5890,64742964-147c-4eb8-946c-52c1e7392fa4,Technology,Technology
DON5891,9a002fdc-89d0-42fa-8f8a-b43734d0bb6b,Environment,Environment
DON5892,9a002fdc-89d0-42fa-8f8a-b43734d0bb6b,Health and Wellness,Health and Wellness
DON5893,9a002fdc-89d0-42fa-8f8a-b43734d0bb6b,Travel,Travel
DON5894,f02b5a7b-5874-4576-a849-7389670ef2de,Technology,Technology
DON5895,f02b5a7b-5874-4576-a849-7389670ef2de,Yoga and Pilates,Yoga and Pilates
DON5896,f02b5a7b-5874-4576-a849-7389670ef2de,Arts and Culture,Arts and Culture
DON5897,bf74e640-a7a9-4797-8c5a-09f1702f98f9,Food and Cooking,Food and Cooking
DON5898,af624df9-17c7-4eb1-a5a6-04ed476591de,Food and Cooking,Food and Cooking
DON5899,0d0bfd2a-0c9d-43ee-9128-3c73f5e541d6,Health and Wellness,Health and Wellness
DON5900,0d0bfd2a-0c9d-43ee-9128-3c73f5e541d6,Education,Education
DON5901,0d0bfd2a-0c9d-43ee-9128-3c73f5e541d6,Arts and Culture,Arts and Culture
DON5902,0d90d756-3dc2-4471-ba83-814a60841d3e,Yoga and Pilates,Yoga and Pilates
DON5903,0d90d756-3dc2-4471-ba83-814a60841d3e,Technology,Technology
DON5904,0d90d756-3dc2-4471-ba83-814a60841d3e,Travel,Travel
DON5905,774ed88d-2048-4953-b70c-4e888e0d0dd4,Food and Cooking,Food and Cooking
DON5906,9c3d5dc7-6a23-4d73-af97-dc24e4b70acf,Environment,Environment
DON5907,9cefe24d-67d4-4615-b6f6-288924681102,Technology,Technology
DON5908,c2375bd9-5090-4207-8f6d-dc37e1af8e7e,Sports and Fitness,Sports and Fitness
DON5909,c2375bd9-5090-4207-8f6d-dc37e1af8e7e,Finance,Finance
DON5910,c2375bd9-5090-4207-8f6d-dc37e1af8e7e,Education,Education
DON5911,e559f4bc-46ae-4bd6-a5ad-7ff955e154e3,Yoga and Pilates,Yoga and Pilates
DON5912,feb5b765-980a-4936-ac97-5fafee6c06a8,Technology,Technology
DON5913,feb5b765-980a-4936-ac97-5fafee6c06a8,Yoga and Pilates,Yoga and Pilates
DON5914,feb5b765-980a-4936-ac97-5fafee6c06a8,Environment,Environment
DON5915,67f3716c-8796-4b64-8a01-b17d7878ec03,Arts and Culture,Arts and Culture
DON5916,61cfdbee-6448-4e35-9892-6cb818744541,Yoga and Pilates,Yoga and Pilates
DON5917,e23bd29c-8401-45f7-819d-9c2722559708,Technology,Technology
DON5918,e23bd29c-8401-45f7-819d-9c2722559708,Yoga and Pilates,Yoga and Pilates
DON5919,aff29442-4195-4ce0-a0bb-b2bc866ef198,Sports and Fitness,Sports and Fitness
DON5920,aff29442-4195-4ce0-a0bb-b2bc866ef198,Yoga and Pilates,Yoga and Pilates
DON5921,aff29442-4195-4ce0-a0bb-b2bc866ef198,Health and Wellness,Health and Wellness
DON5922,311876df-531c-4689-85d7-4415cf308e09,Arts and Culture,Arts and Culture
DON5923,311876df-531c-4689-85d7-4415cf308e09,Education,Education
DON5924,311876df-531c-4689-85d7-4415cf308e09,Health and Wellness,Health and Wellness
DON5925,03ed2827-fd18-4203-91e1-a3a48a3cb145,Sports and Fitness,Sports and Fitness
DON5926,03ed2827-fd18-4203-91e1-a3a48a3cb145,Education,Education
DON5927,8c041297-c928-4004-a681-cb0547e30b21,Environment,Environment
DON5928,12b86748-7314-413a-813e-0a4c1ef3372a,Sports and Fitness,Sports and Fitness
DON5929,c43baa2c-8362-4bdf-a251-3a822721bcbf,Travel,Travel
DON5930,c43baa2c-8362-4bdf-a251-3a822721bcbf,Finance,Finance
DON5931,c43baa2c-8362-4bdf-a251-3a822721bcbf,Technology,Technology
DON5932,9f9e83c3-1562-4f5a-a330-b8ea237ab5f9,Environment,Environment
DON5933,307756a9-9c05-4204-9714-e772dfd0af24,Finance,Finance
DON5934,307756a9-9c05-4204-9714-e772dfd0af24,Health and Wellness,Health and Wellness
DON5935,307756a9-9c05-4204-9714-e772dfd0af24,Arts and Culture,Arts and Culture
DON5936,e47c9111-158c-46d8-af80-d1bba4a14544,Finance,Finance
DON5937,e47c9111-158c-46d8-af80-d1bba4a14544,Technology,Technology
DON5938,d139843e-54e7-4fb5-bccb-3d937dcbef38,Environment,Environment
DON5939,d139843e-54e7-4fb5-bccb-3d937dcbef38,Yoga and Pilates,Yoga and Pilates
DON5940,d139843e-54e7-4fb5-bccb-3d937dcbef38,Food and Cooking,Food and Cooking
DON5941,65769e95-8005-434a-80cf-8fe6e47c3a77,Education,Education
DON5942,7980e01a-488e-4e1a-aefa-09c1ea64beaf,Yoga and Pilates,Yoga and Pilates
DON5943,7980e01a-488e-4e1a-aefa-09c1ea64beaf,Arts and Culture,Arts and Culture
DON5944,7980e01a-488e-4e1a-aefa-09c1ea64beaf,Finance,Finance
DON5945,406edfe1-4c51-43e5-95a1-70d398bd0d90,Technology,Technology
DON5946,1ccf3ed9-3221-4da1-a911-e2ab695e0279,Arts and Culture,Arts and Culture
DON5947,56704cb8-c012-4618-9d47-d1ce1147a345,Food and Cooking,Food and Cooking
DON5948,56704cb8-c012-4618-9d47-d1ce1147a345,Travel,Travel
DON5949,56704cb8-c012-4618-9d47-d1ce1147a345,Environment,Environment
DON5950,69619472-5d47-43f6-9452-7a2b850f1675,Health and Wellness,Health and Wellness
DON5951,69619472-5d47-43f6-9452-7a2b850f1675,Travel,Travel
DON5952,69619472-5d47-43f6-9452-7a2b850f1675,Environment,Environment
DON5953,afb94ccb-35d3-4151-9198-38bfa1b6891c,Sports and Fitness,Sports and Fitness
DON5954,afb94ccb-35d3-4151-9198-38bfa1b6891c,Yoga and Pilates,Yoga and Pilates
DON5955,949a2099-3ce9-400c-aea8-fd3891608361,Travel,Travel
DON5956,ece618c2-1539-4a25-8be3-5242925e64de,Education,Education
DON5957,ece618c2-1539-4a25-8be3-5242925e64de,Finance,Finance
DON5958,5387b57a-83ae-46e3-9bcd-f0f083a27cbc,Travel,Travel
DON5959,2ff49c12-d08d-4ddb-8027-64a50450a1be,Travel,Travel
DON5960,2ff49c12-d08d-4ddb-8027-64a50450a1be,Environment,Environment
DON5961,2ff49c12-d08d-4ddb-8027-64a50450a1be,Arts and Culture,Arts and Culture
DON5962,e6f107a2-a5cd-4640-9da6-edc0dad9a40d,Finance,Finance
DON5963,e6f107a2-a5cd-4640-9da6-edc0dad9a40d,Travel,Travel
DON5964,531e2607-1654-4d3d-8a7c-6d599e196819,Finance,Finance
DON5965,531e2607-1654-4d3d-8a7c-6d599e196819,Education,Education
DON5966,531e2607-1654-4d3d-8a7c-6d599e196819,Environment,Environment
DON5967,890b2923-289f-4d19-a765-b6702ee516b7,Arts and Culture,Arts and Culture
DON5968,890b2923-289f-4d19-a765-b6702ee516b7,Environment,Environment
DON5969,890b2923-289f-4d19-a765-b6702ee516b7,Sports and Fitness,Sports and Fitness
DON5970,4dc43658-7c19-4d8d-bfb7-c24210b525cb,Technology,Technology
DON5971,d1e6411a-2e83-4554-9e47-2f45693c4961,Finance,Finance
DON5972,d1e6411a-2e83-4554-9e47-2f45693c4961,Health and Wellness,Health and Wellness
DON5973,d1e6411a-2e83-4554-9e47-2f45693c4961,Yoga and Pilates,Yoga and Pilates
DON5974,d84d3771-c628-4917-971d-8a76125efe56,Food and Cooking,Food and Cooking
DON5975,f6d5f459-6beb-4008-8f1f-489fa327b6d3,Environment,Environment
DON5976,f6d5f459-6beb-4008-8f1f-489fa327b6d3,Sports and Fitness,Sports and Fitness
DON5977,fd3ec765-fc6c-4ec6-8345-e77fc355d4d8,Travel,Travel
DON5978,fd3ec765-fc6c-4ec6-8345-e77fc355d4d8,Finance,Finance
DON5979,808cc704-2126-4ee1-adc5-f9c18116e6d7,Health and Wellness,Health and Wellness
DON5980,808cc704-2126-4ee1-adc5-f9c18116e6d7,Education,Education
DON5981,808cc704-2126-4ee1-adc5-f9c18116e6d7,Technology,Technology
DON5982,e1a214bb-341e-4e25-885a-39e22bc29152,Sports and Fitness,Sports and Fitness
DON5983,2562e8e0-6476-4c7c-b80f-8bb16da7598a,Education,Education
DON5984,2562e8e0-6476-4c7c-b80f-8bb16da7598a,Food and Cooking,Food and Cooking
DON5985,2562e8e0-6476-4c7c-b80f-8bb16da7598a,Finance,Finance
DON5986,132dba27-c2f3-426c-ada2-06862436459e,Yoga and Pilates,Yoga and Pilates
DON5987,ee9e7852-3e2f-48ef-b1e0-afd753738e39,Health and Wellness,Health and Wellness
DON5988,b9475711-7f70-476e-8b46-7c5aa453c7cf,Travel,Travel
DON5989,b9475711-7f70-476e-8b46-7c5aa453c7cf,Environment,Environment
DON5990,b9475711-7f70-476e-8b46-7c5aa453c7cf,Education,Education
DON5991,d8163610-12d0-405b-bdd3-9315254b6fcd,Sports and Fitness,Sports and Fitness
DON5992,d8163610-12d0-405b-bdd3-9315254b6fcd,Environment,Environment
DON5993,d926e2d5-7d34-4e3c-8835-1cc318943c59,Sports and Fitness,Sports and Fitness
DON5994,d926e2d5-7d34-4e3c-8835-1cc318943c59,Arts and Culture,Arts and Culture
DON5995,b9f894ea-86d5-4f27-b79b-b6babf33c17d,Arts and Culture,Arts and Culture
DON5996,82457370-efe1-4977-a672-4720e3d46b53,Sports and Fitness,Sports and Fitness
DON5997,b969032f-8612-4179-85a5-4cb08b53ba11,Yoga and Pilates,Yoga and Pilates
DON5998,7b01d4d2-8b69-4683-a715-1f320054aa20,Technology,Technology
DON5999,b5d8ba2d-547b-4993-a814-edb22731f100,Environment,Environment
DON6000,b5d8ba2d-547b-4993-a814-edb22731f100,Health and Wellness,Health and Wellness
DON6001,b3875d55-b8f6-4f70-a300-53ebce6f4bec,Environment,Environment
DON6002,98ca5f76-f7ab-441c-9084-0df608efa4b8,Arts and Culture,Arts and Culture
DON6003,98ca5f76-f7ab-441c-9084-0df608efa4b8,Food and Cooking,Food and Cooking
DON6004,8ff30817-a91e-4945-9c1e-b92e0db8ca9e,Yoga and Pilates,Yoga and Pilates
DON6005,8ff30817-a91e-4945-9c1e-b92e0db8ca9e,Education,Education
DON6006,cdfe7e6f-8a76-4cfe-9989-07d493b4af23,Travel,Travel
DON6007,cdfe7e6f-8a76-4cfe-9989-07d493b4af23,Education,Education
DON6008,35fc62f1-aad5-484a-9a85-ac2a8502cf25,Arts and Culture,Arts and Culture
DON6009,35fc62f1-aad5-484a-9a85-ac2a8502cf25,Sports and Fitness,Sports and Fitness
DON6010,f87a01f5-83cd-49a2-9a6c-84df3437cd5f,Food and Cooking,Food and Cooking
DON6011,f7683f65-d057-498e-91cb-3e104576ca86,Travel,Travel
DON6012,f7683f65-d057-498e-91cb-3e104576ca86,Technology,Technology
DON6013,f7683f65-d057-498e-91cb-3e104576ca86,Environment,Environment
DON6014,30745262-f4af-4035-afd6-8cd463f143da,Travel,Travel
DON6015,8b7b3782-13c0-46b8-acc9-5ff6fc9ede48,Travel,Travel
DON6016,8b7b3782-13c0-46b8-acc9-5ff6fc9ede48,Sports and Fitness,Sports and Fitness
DON6017,e4ee3960-1644-4774-b0da-86ac184cc973,Arts and Culture,Arts and Culture
DON6018,e4ee3960-1644-4774-b0da-86ac184cc973,Food and Cooking,Food and Cooking
DON6019,72d2bc19-1550-4b86-8c86-59d65539df6b,Technology,Technology
DON6020,1eee37be-e5d9-4b7c-bd31-15b3254ef09a,Travel,Travel
DON6021,40bbc541-0285-4964-877a-752e5a648f89,Travel,Travel
DON6022,40bbc541-0285-4964-877a-752e5a648f89,Technology,Technology
DON6023,0a0cb07a-d4ca-4373-bbb7-0257c91256b7,Education,Education
DON6024,0a0cb07a-d4ca-4373-bbb7-0257c91256b7,Environment,Environment
DON6025,abe5a81e-e944-4ad4-967a-d64a9d12569a,Travel,Travel
DON6026,abe5a81e-e944-4ad4-967a-d64a9d12569a,Finance,Finance
DON6027,abe5a81e-e944-4ad4-967a-d64a9d12569a,Health and Wellness,Health and Wellness
DON6028,ab24b02d-8478-4f97-b20d-ee67ac5a8785,Technology,Technology
DON6029,ab24b02d-8478-4f97-b20d-ee67ac5a8785,Education,Education
DON6030,e97f396b-9127-4361-8c69-048559898905,Food and Cooking,Food and Cooking
DON6031,003f2589-a4f9-46a2-95c7-6b4d4c94def0,Technology,Technology
DON6032,003f2589-a4f9-46a2-95c7-6b4d4c94def0,Sports and Fitness,Sports and Fitness
DON6033,73418cba-a1e4-4a32-93bc-5ab5277fd2d0,Finance,Finance
DON6034,96ff3df9-a5ad-49eb-8896-d1b05839e003,Food and Cooking,Food and Cooking
DON6035,96ff3df9-a5ad-49eb-8896-d1b05839e003,Arts and Culture,Arts and Culture
DON6036,96ff3df9-a5ad-49eb-8896-d1b05839e003,Travel,Travel
DON6037,def0ce14-fd23-4619-a7fb-a812c6acf0a6,Yoga and Pilates,Yoga and Pilates
DON6038,def0ce14-fd23-4619-a7fb-a812c6acf0a6,Food and Cooking,Food and Cooking
DON6039,def0ce14-fd23-4619-a7fb-a812c6acf0a6,Arts and Culture,Arts and Culture
DON6040,8ae6a9fa-e228-438a-a9a4-71a88f0e3be8,Yoga and Pilates,Yoga and Pilates
DON6041,8ae6a9fa-e228-438a-a9a4-71a88f0e3be8,Sports and Fitness,Sports and Fitness
DON6042,8ae6a9fa-e228-438a-a9a4-71a88f0e3be8,Arts and Culture,Arts and Culture
DON6043,359385c5-1275-40ae-b6d7-235627f427fa,Environment,Environment
DON6044,1d6dc114-aa3e-4bb8-971d-4bc5b707aab1,Yoga and Pilates,Yoga and Pilates
DON6045,1d6dc114-aa3e-4bb8-971d-4bc5b707aab1,Technology,Technology
DON6046,1dd6e3e0-9e2e-4a63-a078-79128f542fb9,Arts and Culture,Arts and Culture
DON6047,1dd6e3e0-9e2e-4a63-a078-79128f542fb9,Food and Cooking,Food and Cooking
DON6048,c7f7ac71-39c5-4a63-a5bb-4cf291dd8175,Technology,Technology
DON6049,8a13cbd9-3491-4aef-a147-32a358b9ce35,Finance,Finance
DON6050,8a13cbd9-3491-4aef-a147-32a358b9ce35,Travel,Travel
DON6051,b18e3630-6e21-40e5-88a7-a96056da8351,Food and Cooking,Food and Cooking
DON6052,db3270f0-c1b9-4ef5-9936-6bbecb3ab011,Arts and Culture,Arts and Culture
DON6053,db3270f0-c1b9-4ef5-9936-6bbecb3ab011,Yoga and Pilates,Yoga and Pilates
DON6054,487187c0-a37b-4af6-9091-50a6de92aebc,Health and Wellness,Health and Wellness
DON6055,7ffd7fb6-6518-4254-ad25-1f1ac31b0c44,Food and Cooking,Food and Cooking
DON6056,7ffd7fb6-6518-4254-ad25-1f1ac31b0c44,Education,Education
DON6057,7ffd7fb6-6518-4254-ad25-1f1ac31b0c44,Technology,Technology
DON6058,3480d45a-50f7-41ad-92e3-77ad7a2af954,Yoga and Pilates,Yoga and Pilates
DON6059,3480d45a-50f7-41ad-92e3-77ad7a2af954,Travel,Travel
DON6060,7d722840-3bc7-4dfa-9c9e-d94421c91759,Health and Wellness,Health and Wellness
DON6061,7d722840-3bc7-4dfa-9c9e-d94421c91759,Sports and Fitness,Sports and Fitness
DON6062,7d722840-3bc7-4dfa-9c9e-d94421c91759,Education,Education
DON6063,ea2c47dd-fd22-43ad-b3ea-7a74ea8d572c,Travel,Travel
DON6064,ea2c47dd-fd22-43ad-b3ea-7a74ea8d572c,Technology,Technology
DON6065,e15a5964-49a1-47fe-b475-e578b45ca8b8,Food and Cooking,Food and Cooking
DON6066,e15a5964-49a1-47fe-b475-e578b45ca8b8,Finance,Finance
DON6067,e15a5964-49a1-47fe-b475-e578b45ca8b8,Education,Education
DON6068,775b4176-0d05-4197-bf7b-8877f781d1c4,Arts and Culture,Arts and Culture
DON6069,775b4176-0d05-4197-bf7b-8877f781d1c4,Travel,Travel
DON6070,75dbdb13-94ad-4e7f-be96-fe0d371c6147,Arts and Culture,Arts and Culture
DON6071,75dbdb13-94ad-4e7f-be96-fe0d371c6147,Sports and Fitness,Sports and Fitness
DON6072,75dbdb13-94ad-4e7f-be96-fe0d371c6147,Education,Education
DON6073,1a1fe60b-73ba-4d78-b4ba-5e354d04f99f,Finance,Finance
DON6074,5028217a-29e8-4507-a2c1-75a0c85ffffd,Finance,Finance
DON6075,5028217a-29e8-4507-a2c1-75a0c85ffffd,Health and Wellness,Health and Wellness
DON6076,5028217a-29e8-4507-a2c1-75a0c85ffffd,Food and Cooking,Food and Cooking
DON6077,04611f8a-9b12-49cc-82ed-1d2aa5922c6b,Sports and Fitness,Sports and Fitness
DON6078,04611f8a-9b12-49cc-82ed-1d2aa5922c6b,Travel,Travel
DON6079,04611f8a-9b12-49cc-82ed-1d2aa5922c6b,Finance,Finance
DON6080,7250a695-5b06-4108-b3bc-26b976cb1cd0,Food and Cooking,Food and Cooking
DON6081,b1ca36e2-d2ce-40ed-83d3-178b003fba43,Sports and Fitness,Sports and Fitness
DON6082,b1ca36e2-d2ce-40ed-83d3-178b003fba43,Health and Wellness,Health and Wellness
DON6083,bf64d035-32b6-4c42-b1b5-482f392c61c2,Environment,Environment
DON6084,bf64d035-32b6-4c42-b1b5-482f392c61c2,Finance,Finance
DON6085,d0b7ce98-436e-469d-97ee-b53761a805fb,Finance,Finance
DON6086,d0b7ce98-436e-469d-97ee-b53761a805fb,Arts and Culture,Arts and Culture
DON6087,3de99524-d406-43ba-8d56-e6cb96192c68,Arts and Culture,Arts and Culture
DON6088,3de99524-d406-43ba-8d56-e6cb96192c68,Food and Cooking,Food and Cooking
DON6089,3de99524-d406-43ba-8d56-e6cb96192c68,Finance,Finance
DON6090,38a0478f-1ec1-448a-ba99-7befc48d5b1a,Food and Cooking,Food and Cooking
DON6091,f00c2dc0-9ef9-4349-9d9b-53f73acc4354,Sports and Fitness,Sports and Fitness
DON6092,f00c2dc0-9ef9-4349-9d9b-53f73acc4354,Food and Cooking,Food and Cooking
DON6093,f00c2dc0-9ef9-4349-9d9b-53f73acc4354,Environment,Environment
DON6094,2edf5e1e-e747-4572-b4fc-54f3251ab11c,Food and Cooking,Food and Cooking
DON6095,8fa66ec7-eb19-43a6-acbf-f3e3132d8c9f,Finance,Finance
DON6096,8fa66ec7-eb19-43a6-acbf-f3e3132d8c9f,Food and Cooking,Food and Cooking
DON6097,6f8460af-a2ef-4866-9f03-4ef3ca686fa8,Sports and Fitness,Sports and Fitness
DON6098,6f8460af-a2ef-4866-9f03-4ef3ca686fa8,Education,Education
DON6099,6f8460af-a2ef-4866-9f03-4ef3ca686fa8,Travel,Travel
DON6100,f0d26494-628a-414a-b66a-d477909e817d,Environment,Environment
DON6101,f0d26494-628a-414a-b66a-d477909e817d,Education,Education
DON6102,f0d26494-628a-414a-b66a-d477909e817d,Yoga and Pilates,Yoga and Pilates
DON6103,13c86107-f28b-492e-a7e6-8f51eb7b1af0,Education,Education
DON6104,13c86107-f28b-492e-a7e6-8f51eb7b1af0,Health and Wellness,Health and Wellness
DON6105,4ac5b1c9-312b-47a3-a18c-d9454b0a4771,Food and Cooking,Food and Cooking
DON6106,4ac5b1c9-312b-47a3-a18c-d9454b0a4771,Finance,Finance
DON6107,4ac5b1c9-312b-47a3-a18c-d9454b0a4771,Education,Education
DON6108,71bdf00d-fd37-496c-b8d8-ae1f3d3957c6,Travel,Travel
DON6109,71bdf00d-fd37-496c-b8d8-ae1f3d3957c6,Education,Education
DON6110,f16aaba2-b572-4b73-ab7c-c286140fc30e,Sports and Fitness,Sports and Fitness
DON6111,f16aaba2-b572-4b73-ab7c-c286140fc30e,Technology,Technology
DON6112,487a6277-0b7b-4daa-94d6-81290d98aa9e,Travel,Travel
DON6113,86c81baa-6b22-41a5-89ce-b3bc88cadc3a,Yoga and Pilates,Yoga and Pilates
DON6114,9d5b01a0-3bb2-4498-911b-5510f3df0791,Health and Wellness,Health and Wellness
DON6115,1dea5d78-4f1d-463c-8e0f-876b7e6e27f4,Arts and Culture,Arts and Culture
DON6116,1dea5d78-4f1d-463c-8e0f-876b7e6e27f4,Environment,Environment
DON6117,b85fc626-3070-42c2-910b-b39adf4862d6,Food and Cooking,Food and Cooking
DON6118,ac77b891-31fd-4b6a-b7bb-02633c8fcd38,Technology,Technology
DON6119,ac77b891-31fd-4b6a-b7bb-02633c8fcd38,Sports and Fitness,Sports and Fitness
DON6120,1c8024f2-00bf-433d-98cc-8d2b0c86086c,Food and Cooking,Food and Cooking
DON6121,1c8024f2-00bf-433d-98cc-8d2b0c86086c,Health and Wellness,Health and Wellness
DON6122,1c8024f2-00bf-433d-98cc-8d2b0c86086c,Technology,Technology
DON6123,5fa388b8-c598-4dbd-9f79-ca9988ad9921,Technology,Technology
DON6124,585a46ce-e65d-495c-9d90-346aecc7f383,Food and Cooking,Food and Cooking
DON6125,05694dea-6924-4a28-91f4-df926c675394,Environment,Environment
DON6126,05694dea-6924-4a28-91f4-df926c675394,Health and Wellness,Health and Wellness
DON6127,ce2611de-176d-435f-ad1e-d49917bd1f9e,Health and Wellness,Health and Wellness
DON6128,df78be48-5570-401f-84fb-e4870c7b7cb3,Finance,Finance
DON6129,df78be48-5570-401f-84fb-e4870c7b7cb3,Health and Wellness,Health and Wellness
DON6130,65497f51-5ae7-404a-aac4-66c80d8a856e,Food and Cooking,Food and Cooking
DON6131,65497f51-5ae7-404a-aac4-66c80d8a856e,Finance,Finance
DON6132,65497f51-5ae7-404a-aac4-66c80d8a856e,Arts and Culture,Arts and Culture
DON6133,06a9a0d9-7fb9-4eff-b662-e86a15da6010,Travel,Travel
DON6134,7f8ca18e-7259-4efa-846f-6a7699855d9f,Sports and Fitness,Sports and Fitness
DON6135,50815ce3-784d-41aa-b4ec-23e17dac0db3,Environment,Environment
DON6136,50815ce3-784d-41aa-b4ec-23e17dac0db3,Yoga and Pilates,Yoga and Pilates
DON6137,50815ce3-784d-41aa-b4ec-23e17dac0db3,Finance,Finance
DON6138,82dde5c0-4474-4db8-8362-cb05b724d586,Health and Wellness,Health and Wellness
DON6139,e45141bc-f547-4d10-b3b4-564f5f9b6fc5,Sports and Fitness,Sports and Fitness
DON6140,e45141bc-f547-4d10-b3b4-564f5f9b6fc5,Technology,Technology
DON6141,e45141bc-f547-4d10-b3b4-564f5f9b6fc5,Yoga and Pilates,Yoga and Pilates
DON6142,b9f47a91-607e-4e68-8c81-2c514611cc98,Travel,Travel
DON6143,b9f47a91-607e-4e68-8c81-2c514611cc98,Finance,Finance
DON6144,bfa7526a-3708-4bee-8448-717a32060542,Travel,Travel
DON6145,bfa7526a-3708-4bee-8448-717a32060542,Yoga and Pilates,Yoga and Pilates
DON6146,37c97390-5eaa-4ca4-954a-7363fc64ba0a,Education,Education
DON6147,37c97390-5eaa-4ca4-954a-7363fc64ba0a,Arts and Culture,Arts and Culture
DON6148,82634d94-5bfe-44e2-8165-3f2986faa378,Arts and Culture,Arts and Culture
DON6149,82634d94-5bfe-44e2-8165-3f2986faa378,Education,Education
DON6150,82634d94-5bfe-44e2-8165-3f2986faa378,Environment,Environment
DON6151,65d67209-ad56-454f-a954-08c142336756,Education,Education
DON6152,65d67209-ad56-454f-a954-08c142336756,Sports and Fitness,Sports and Fitness
DON6153,09b7f5ed-8d45-49c5-a8ef-2fca7dd83726,Finance,Finance
DON6154,09b7f5ed-8d45-49c5-a8ef-2fca7dd83726,Environment,Environment
DON6155,09b7f5ed-8d45-49c5-a8ef-2fca7dd83726,Food and Cooking,Food and Cooking
DON6156,8be2c4bf-18f3-4272-b96e-a095ff4a832f,Education,Education
DON6157,8be2c4bf-18f3-4272-b96e-a095ff4a832f,Health and Wellness,Health and Wellness
DON6158,8be2c4bf-18f3-4272-b96e-a095ff4a832f,Travel,Travel
DON6159,1250d9ec-acd5-4bbc-ac17-b3b9515d3153,Arts and Culture,Arts and Culture
DON6160,1250d9ec-acd5-4bbc-ac17-b3b9515d3153,Environment,Environment
DON6161,1250d9ec-acd5-4bbc-ac17-b3b9515d3153,Education,Education
DON6162,defa7c3d-b4ba-43a1-8a14-44648e545d28,Technology,Technology
DON6163,d9ad7744-7153-431e-9acd-8f0bd225a8a3,Travel,Travel
DON6164,d9ad7744-7153-431e-9acd-8f0bd225a8a3,Arts and Culture,Arts and Culture
DON6165,d9ad7744-7153-431e-9acd-8f0bd225a8a3,Finance,Finance
DON6166,285f4bc8-5d8d-4099-8585-1628168bcb2b,Food and Cooking,Food and Cooking
DON6167,285f4bc8-5d8d-4099-8585-1628168bcb2b,Arts and Culture,Arts and Culture
DON6168,285f4bc8-5d8d-4099-8585-1628168bcb2b,Yoga and Pilates,Yoga and Pilates
DON6169,fa991a91-9aff-4279-bb1a-e07a6786a34e,Yoga and Pilates,Yoga and Pilates
DON6170,fa991a91-9aff-4279-bb1a-e07a6786a34e,Environment,Environment
DON6171,fa991a91-9aff-4279-bb1a-e07a6786a34e,Sports and Fitness,Sports and Fitness
DON6172,0f8a9061-7ca7-4560-9c51-dd128662fb79,Arts and Culture,Arts and Culture
DON6173,0f8a9061-7ca7-4560-9c51-dd128662fb79,Food and Cooking,Food and Cooking
DON6174,27849dd6-404c-4e12-b350-d1f3c378b1ed,Finance,Finance
DON6175,27849dd6-404c-4e12-b350-d1f3c378b1ed,Sports and Fitness,Sports and Fitness
DON6176,9bcbecff-da59-4d4a-aed0-2551261ad52d,Finance,Finance
DON6177,6b87e395-e31a-420c-ae47-c3704097d44c,Health and Wellness,Health and Wellness
DON6178,6b87e395-e31a-420c-ae47-c3704097d44c,Yoga and Pilates,Yoga and Pilates
DON6179,6b87e395-e31a-420c-ae47-c3704097d44c,Finance,Finance
DON6180,69a4640a-57de-41d9-8b37-df316b759866,Technology,Technology
DON6181,69a4640a-57de-41d9-8b37-df316b759866,Food and Cooking,Food and Cooking
DON6182,ff5c368c-3313-4554-b8ec-49d4df9e23fe,Arts and Culture,Arts and Culture
DON6183,ff5c368c-3313-4554-b8ec-49d4df9e23fe,Yoga and Pilates,Yoga and Pilates
DON6184,ff5c368c-3313-4554-b8ec-49d4df9e23fe,Food and Cooking,Food and Cooking
DON6185,7098a75a-65ee-4d91-9390-79330d05b435,Finance,Finance
DON6186,7098a75a-65ee-4d91-9390-79330d05b435,Environment,Environment
DON6187,7098a75a-65ee-4d91-9390-79330d05b435,Travel,Travel
DON6188,690c993a-a48a-4e4a-88b1-f7b2e0f0685d,Sports and Fitness,Sports and Fitness
DON6189,40fa164a-b3bb-4013-b60a-3d4f660f3c2e,Technology,Technology
DON6190,40fa164a-b3bb-4013-b60a-3d4f660f3c2e,Food and Cooking,Food and Cooking
DON6191,af4ba997-f3ee-45ff-8630-0e1dd5b37225,Environment,Environment
DON6192,0e355b97-ae24-4690-a920-4de25295d056,Health and Wellness,Health and Wellness
DON6193,58da58e6-73bb-4453-908d-5394e1b2744d,Arts and Culture,Arts and Culture
DON6194,58da58e6-73bb-4453-908d-5394e1b2744d,Sports and Fitness,Sports and Fitness
DON6195,4bc84e56-67bb-4e1a-b8d8-0675b8f28885,Education,Education
DON6196,911c8d7e-a9a4-422d-9447-84abc8205b10,Technology,Technology
DON6197,9bff372b-e195-4eb8-849d-973ce04b360b,Finance,Finance
DON6198,348ac855-404d-4a22-a4c1-2e11510b6be2,Finance,Finance
DON6199,348ac855-404d-4a22-a4c1-2e11510b6be2,Travel,Travel
DON6200,348ac855-404d-4a22-a4c1-2e11510b6be2,Sports and Fitness,Sports and Fitness
DON6201,484a8324-cc00-462f-9449-a77b1c550cdd,Environment,Environment
DON6202,484a8324-cc00-462f-9449-a77b1c550cdd,Technology,Technology
DON6203,83e31d50-fe55-4176-b19f-c3d5dd88df34,Travel,Travel
DON6204,83e31d50-fe55-4176-b19f-c3d5dd88df34,Sports and Fitness,Sports and Fitness
DON6205,83e31d50-fe55-4176-b19f-c3d5dd88df34,Technology,Technology
DON6206,734b95e4-4a45-4c7b-a035-9e2661681349,Finance,Finance
DON6207,734b95e4-4a45-4c7b-a035-9e2661681349,Technology,Technology
DON6208,734b95e4-4a45-4c7b-a035-9e2661681349,Education,Education
DON6209,a16f31a0-3daf-4820-88aa-629b970ba3e1,Travel,Travel
DON6210,083a3223-26f0-4d09-a6e2-6fa7230f8229,Finance,Finance
DON6211,083a3223-26f0-4d09-a6e2-6fa7230f8229,Arts and Culture,Arts and Culture
DON6212,9eb6e1f1-23ff-4388-b0d1-06a11fd2ecbe,Finance,Finance
DON6213,6ce899ae-f18d-4093-a490-839809945efc,Technology,Technology
DON6214,6ce899ae-f18d-4093-a490-839809945efc,Education,Education
DON6215,6ce899ae-f18d-4093-a490-839809945efc,Finance,Finance
DON6216,2e2888c0-6deb-4813-8ccc-aed1a51093bc,Arts and Culture,Arts and Culture
DON6217,994b9bfd-e0e0-417d-8a82-5c2164225418,Technology,Technology
DON6218,994b9bfd-e0e0-417d-8a82-5c2164225418,Sports and Fitness,Sports and Fitness
DON6219,33f09e8d-cb8f-48a4-a54d-35d75d033805,Health and Wellness,Health and Wellness
DON6220,33f09e8d-cb8f-48a4-a54d-35d75d033805,Finance,Finance
DON6221,7eb08b9c-ae93-45bb-b58c-79bf428192b9,Health and Wellness,Health and Wellness
DON6222,7eb08b9c-ae93-45bb-b58c-79bf428192b9,Yoga and Pilates,Yoga and Pilates
DON6223,6e527557-f094-473a-bc16-de58dbaaae0f,Travel,Travel
DON6224,20111dcd-06a9-4601-8f9c-58e980980cff,Finance,Finance
DON6225,2bf1cb74-f091-406a-8621-0b0a3696e8ef,Education,Education
DON6226,2bf1cb74-f091-406a-8621-0b0a3696e8ef,Finance,Finance
DON6227,16be0ff4-a6de-4cee-9a92-9b0142171459,Arts and Culture,Arts and Culture
DON6228,16be0ff4-a6de-4cee-9a92-9b0142171459,Technology,Technology
DON6229,16be0ff4-a6de-4cee-9a92-9b0142171459,Sports and Fitness,Sports and Fitness
DON6230,5c0d8e45-d2d1-4faa-808f-f700173441bb,Environment,Environment
DON6231,4c4f6ed1-8ca5-4537-bc55-a8c478fe7186,Arts and Culture,Arts and Culture
DON6232,4c4f6ed1-8ca5-4537-bc55-a8c478fe7186,Finance,Finance
DON6233,4c4f6ed1-8ca5-4537-bc55-a8c478fe7186,Travel,Travel
DON6234,52a0a79f-8498-49e5-acf2-45993e073967,Education,Education
DON6235,52a0a79f-8498-49e5-acf2-45993e073967,Travel,Travel
DON6236,52a0a79f-8498-49e5-acf2-45993e073967,Food and Cooking,Food and Cooking
DON6237,631ffd49-4998-4906-9037-709b6e9cd8cc,Arts and Culture,Arts and Culture
DON6238,aa2af715-cd2b-41e5-b1f3-ce38181fbe28,Education,Education
DON6239,aa2af715-cd2b-41e5-b1f3-ce38181fbe28,Sports and Fitness,Sports and Fitness
DON6240,aa2af715-cd2b-41e5-b1f3-ce38181fbe28,Travel,Travel
DON6241,2ba8e372-84dc-42b0-800c-ad81df6b663c,Yoga and Pilates,Yoga and Pilates
DON6242,2ba8e372-84dc-42b0-800c-ad81df6b663c,Technology,Technology
DON6243,e9f23f2d-f14f-427b-b406-f089364814eb,Education,Education
DON6244,19fc9b1a-c94f-4845-84ac-bdeba5d1f64c,Education,Education
DON6245,19fc9b1a-c94f-4845-84ac-bdeba5d1f64c,Health and Wellness,Health and Wellness
DON6246,19fc9b1a-c94f-4845-84ac-bdeba5d1f64c,Yoga and Pilates,Yoga and Pilates
DON6247,3a488a09-b490-4211-947e-36fdbfbbf445,Food and Cooking,Food and Cooking
DON6248,3a488a09-b490-4211-947e-36fdbfbbf445,Sports and Fitness,Sports and Fitness
DON6249,a4b9d7b3-d5f7-404e-99dc-cd43ffd0d6a3,Yoga and Pilates,Yoga and Pilates
DON6250,a4b9d7b3-d5f7-404e-99dc-cd43ffd0d6a3,Food and Cooking,Food and Cooking
DON6251,a4b9d7b3-d5f7-404e-99dc-cd43ffd0d6a3,Sports and Fitness,Sports and Fitness
DON6252,a58a30a8-1efe-4680-8f4c-6c23e70c6c84,Food and Cooking,Food and Cooking
DON6253,7018ae69-8e63-4eb7-800c-80d08ade8992,Sports and Fitness,Sports and Fitness
DON6254,7018ae69-8e63-4eb7-800c-80d08ade8992,Arts and Culture,Arts and Culture
DON6255,7018ae69-8e63-4eb7-800c-80d08ade8992,Education,Education
DON6256,9a8ac813-1439-48b6-b482-b6ca26924cd2,Finance,Finance
DON6257,a2c20682-5db0-46d1-a5a3-84b529b060d9,Technology,Technology
DON6258,d4ff06f0-0166-4967-9c7a-151f3dcf6af0,Food and Cooking,Food and Cooking
DON6259,d4ff06f0-0166-4967-9c7a-151f3dcf6af0,Sports and Fitness,Sports and Fitness
DON6260,d4ff06f0-0166-4967-9c7a-151f3dcf6af0,Arts and Culture,Arts and Culture
DON6261,fe9ed273-7840-455e-97eb-255bf4477be2,Education,Education
DON6262,fe9ed273-7840-455e-97eb-255bf4477be2,Technology,Technology
DON6263,fe9ed273-7840-455e-97eb-255bf4477be2,Health and Wellness,Health and Wellness
DON6264,97ed1be4-beec-46f1-8d6c-f7e0de106adc,Environment,Environment
DON6265,97ed1be4-beec-46f1-8d6c-f7e0de106adc,Education,Education
DON6266,7c1d91b5-3812-428f-8a20-9f558089cee8,Food and Cooking,Food and Cooking
DON6267,7c1d91b5-3812-428f-8a20-9f558089cee8,Education,Education
DON6268,aa0536f8-ec22-43cd-8b41-a0af7604e757,Finance,Finance
DON6269,992ea990-d9ab-4e54-8b55-b5c42940562a,Arts and Culture,Arts and Culture
DON6270,992ea990-d9ab-4e54-8b55-b5c42940562a,Sports and Fitness,Sports and Fitness
DON6271,04f1d118-be94-4588-887d-8ebcced3c8b0,Education,Education
DON6272,04f1d118-be94-4588-887d-8ebcced3c8b0,Environment,Environment
DON6273,04f1d118-be94-4588-887d-8ebcced3c8b0,Yoga and Pilates,Yoga and Pilates
DON6274,9ea77bce-d88d-4692-8cd8-de128990d7bc,Health and Wellness,Health and Wellness
DON6275,9ea77bce-d88d-4692-8cd8-de128990d7bc,Food and Cooking,Food and Cooking
DON6276,d85c9314-5fe6-41f7-9fbd-cf1d743646e3,Environment,Environment
DON6277,d85c9314-5fe6-41f7-9fbd-cf1d743646e3,Food and Cooking,Food and Cooking
DON6278,d85c9314-5fe6-41f7-9fbd-cf1d743646e3,Technology,Technology
DON6279,5c509ea0-42d9-4f64-bf90-33d0ac69ffe0,Technology,Technology
DON6280,5c509ea0-42d9-4f64-bf90-33d0ac69ffe0,Food and Cooking,Food and Cooking
DON6281,7778a816-116d-49de-a2c2-6a1c339a3a20,Arts and Culture,Arts and Culture
DON6282,0eeb6845-c72d-4eb7-96d2-19f2cd1ea727,Yoga and Pilates,Yoga and Pilates
DON6283,273725fa-3258-406e-947e-82d46f6722a6,Technology,Technology
DON6284,273725fa-3258-406e-947e-82d46f6722a6,Health and Wellness,Health and Wellness
DON6285,273725fa-3258-406e-947e-82d46f6722a6,Yoga and Pilates,Yoga and Pilates
DON6286,a07d6b3c-f359-4047-a847-2e4622ddeb3b,Food and Cooking,Food and Cooking
DON6287,a07d6b3c-f359-4047-a847-2e4622ddeb3b,Education,Education
DON6288,c21a7b9e-a352-43a5-93fa-a3a78e8439ca,Food and Cooking,Food and Cooking
DON6289,4be94a88-0919-4094-8903-ff0bd3b03a52,Education,Education
DON6290,cebe3535-a9d5-43a8-b176-454bfd2c2378,Finance,Finance
DON6291,f6bd5767-9919-4d1a-aa97-59d4f0df1b7f,Finance,Finance
DON6292,f6bd5767-9919-4d1a-aa97-59d4f0df1b7f,Food and Cooking,Food and Cooking
DON6293,00342e6f-d342-46b3-a499-6a66bf66a825,Arts and Culture,Arts and Culture
DON6294,00342e6f-d342-46b3-a499-6a66bf66a825,Education,Education
DON6295,00342e6f-d342-46b3-a499-6a66bf66a825,Environment,Environment
DON6296,d18f4981-539f-4554-8099-04c5322189c8,Sports and Fitness,Sports and Fitness
DON6297,69e15f28-5aa5-4cef-a3a6-6320e66c36d3,Health and Wellness,Health and Wellness
DON6298,69e15f28-5aa5-4cef-a3a6-6320e66c36d3,Technology,Technology
DON6299,1d0a8e82-7c81-464f-bbcf-3e9253515ce1,Travel,Travel
DON6300,1d0a8e82-7c81-464f-bbcf-3e9253515ce1,Arts and Culture,Arts and Culture
DON6301,1d0a8e82-7c81-464f-bbcf-3e9253515ce1,Sports and Fitness,Sports and Fitness
DON6302,802711d6-a6c2-44d9-b6f4-6b95e7244275,Education,Education
DON6303,802711d6-a6c2-44d9-b6f4-6b95e7244275,Travel,Travel
DON6304,802711d6-a6c2-44d9-b6f4-6b95e7244275,Food and Cooking,Food and Cooking
DON6305,2784b996-6bcc-456b-8c89-6cecbdc7d644,Finance,Finance
DON6306,2784b996-6bcc-456b-8c89-6cecbdc7d644,Yoga and Pilates,Yoga and Pilates
DON6307,46685c8e-37b2-43b5-9c7f-bf3a20d74059,Yoga and Pilates,Yoga and Pilates
DON6308,db463ee4-b094-462e-8016-fc9dc702e431,Food and Cooking,Food and Cooking
DON6309,166a20b2-9513-4987-800e-0e1bb2f01afe,Education,Education
DON6310,166a20b2-9513-4987-800e-0e1bb2f01afe,Sports and Fitness,Sports and Fitness
DON6311,9efeae45-7b4d-4b96-a65f-6400535f14e9,Yoga and Pilates,Yoga and Pilates
DON6312,9efeae45-7b4d-4b96-a65f-6400535f14e9,Environment,Environment
DON6313,5c374e18-ef18-4cd4-9c28-8e632e4387e4,Health and Wellness,Health and Wellness
DON6314,5c374e18-ef18-4cd4-9c28-8e632e4387e4,Technology,Technology
DON6315,5c374e18-ef18-4cd4-9c28-8e632e4387e4,Yoga and Pilates,Yoga and Pilates
DON6316,ac1c32d5-973d-4317-bd70-3c586bcbcf45,Food and Cooking,Food and Cooking
DON6317,e25456c7-2730-42f6-9301-4cb088dd5f14,Education,Education
DON6318,c67313bc-e259-45d3-b4f3-fc4b5124940a,Arts and Culture,Arts and Culture
DON6319,c67313bc-e259-45d3-b4f3-fc4b5124940a,Environment,Environment
DON6320,993fa8fa-65f5-432b-bce9-6bc31029db3f,Finance,Finance
DON6321,993fa8fa-65f5-432b-bce9-6bc31029db3f,Sports and Fitness,Sports and Fitness
DON6322,993fa8fa-65f5-432b-bce9-6bc31029db3f,Environment,Environment
DON6323,add10283-7353-4256-8a5c-f3e1d774dc27,Arts and Culture,Arts and Culture
DON6324,add10283-7353-4256-8a5c-f3e1d774dc27,Technology,Technology
DON6325,9c940b75-a206-4760-9edc-73b7b9c740c8,Travel,Travel
DON6326,9c940b75-a206-4760-9edc-73b7b9c740c8,Education,Education
DON6327,29e095c2-4d89-4e82-9da2-0dd9e59ff350,Environment,Environment
DON6328,78aeb1d7-ec3f-4a57-9271-1c8542633c39,Arts and Culture,Arts and Culture
DON6329,78aeb1d7-ec3f-4a57-9271-1c8542633c39,Technology,Technology
DON6330,78aeb1d7-ec3f-4a57-9271-1c8542633c39,Finance,Finance
DON6331,11cac1d0-1a0b-4707-8cad-b87dd6797036,Health and Wellness,Health and Wellness
DON6332,11cac1d0-1a0b-4707-8cad-b87dd6797036,Food and Cooking,Food and Cooking
DON6333,11cac1d0-1a0b-4707-8cad-b87dd6797036,Travel,Travel
DON6334,9ec9a28e-55a0-4bb3-8707-ffd87ee36cb6,Technology,Technology
DON6335,9ec9a28e-55a0-4bb3-8707-ffd87ee36cb6,Education,Education
DON6336,0e098c58-6555-4558-90e4-02020467d4a4,Sports and Fitness,Sports and Fitness
DON6337,0e098c58-6555-4558-90e4-02020467d4a4,Travel,Travel
DON6338,0e098c58-6555-4558-90e4-02020467d4a4,Yoga and Pilates,Yoga and Pilates
DON6339,f21791c5-4c8b-44d9-832a-ae79348cf247,Food and Cooking,Food and Cooking
DON6340,f21791c5-4c8b-44d9-832a-ae79348cf247,Arts and Culture,Arts and Culture
DON6341,a80e3e63-13e0-4304-b94a-193758921ea5,Sports and Fitness,Sports and Fitness
DON6342,a80e3e63-13e0-4304-b94a-193758921ea5,Arts and Culture,Arts and Culture
DON6343,a80e3e63-13e0-4304-b94a-193758921ea5,Technology,Technology
DON6344,ff29048a-885e-4ec4-9955-c5e95a537d49,Technology,Technology
DON6345,b583f2d7-8afe-4d28-91a1-b82b50c46210,Environment,Environment
DON6346,b583f2d7-8afe-4d28-91a1-b82b50c46210,Food and Cooking,Food and Cooking
DON6347,b583f2d7-8afe-4d28-91a1-b82b50c46210,Sports and Fitness,Sports and Fitness
DON6348,c9f74c8b-91e5-4d3d-bd7c-b9d2f9879a8f,Environment,Environment
DON6349,c9f74c8b-91e5-4d3d-bd7c-b9d2f9879a8f,Technology,Technology
DON6350,c9f74c8b-91e5-4d3d-bd7c-b9d2f9879a8f,Food and Cooking,Food and Cooking
DON6351,dacf9ccc-936f-4a37-9d09-b2076e4c0ac7,Sports and Fitness,Sports and Fitness
DON6352,dacf9ccc-936f-4a37-9d09-b2076e4c0ac7,Travel,Travel
DON6353,16b0f428-79b0-4f7c-8d5b-51a9d4b03e7c,Environment,Environment
DON6354,16b0f428-79b0-4f7c-8d5b-51a9d4b03e7c,Technology,Technology
DON6355,0c91a938-2cff-465b-8b41-d91028a89d9f,Food and Cooking,Food and Cooking
DON6356,0c91a938-2cff-465b-8b41-d91028a89d9f,Education,Education
DON6357,0c91a938-2cff-465b-8b41-d91028a89d9f,Finance,Finance
DON6358,df3abd3f-0d3e-4d52-9768-72b8283640ac,Arts and Culture,Arts and Culture
DON6359,df3abd3f-0d3e-4d52-9768-72b8283640ac,Education,Education
DON6360,f48ee990-e766-4a8b-86a8-b8a137637565,Finance,Finance
DON6361,f48ee990-e766-4a8b-86a8-b8a137637565,Education,Education
DON6362,248f6175-009e-499b-b076-4497da260d1e,Sports and Fitness,Sports and Fitness
DON6363,248f6175-009e-499b-b076-4497da260d1e,Arts and Culture,Arts and Culture
DON6364,248f6175-009e-499b-b076-4497da260d1e,Yoga and Pilates,Yoga and Pilates
DON6365,9ff82d13-58e6-409e-be64-dc4ef7e07e9b,Food and Cooking,Food and Cooking
DON6366,9ff82d13-58e6-409e-be64-dc4ef7e07e9b,Arts and Culture,Arts and Culture
DON6367,88e90d6b-cd34-4333-888b-d07f3f3c4c1b,Travel,Travel
DON6368,4722a340-9826-456a-afd2-26e56567ae93,Arts and Culture,Arts and Culture
DON6369,4722a340-9826-456a-afd2-26e56567ae93,Sports and Fitness,Sports and Fitness
DON6370,4722a340-9826-456a-afd2-26e56567ae93,Food and Cooking,Food and Cooking
DON6371,00b7f706-a2e6-4110-9e2a-8470d3892dba,Arts and Culture,Arts and Culture
DON6372,79684b7e-8b4a-425d-b042-96927d75a677,Travel,Travel
DON6373,79684b7e-8b4a-425d-b042-96927d75a677,Food and Cooking,Food and Cooking
DON6374,79684b7e-8b4a-425d-b042-96927d75a677,Technology,Technology
DON6375,26c48a91-0c2f-4c17-8fe1-95c7e5dd6f13,Food and Cooking,Food and Cooking
DON6376,26c48a91-0c2f-4c17-8fe1-95c7e5dd6f13,Travel,Travel
DON6377,345634e8-4392-4d17-a822-546c79d9f07e,Health and Wellness,Health and Wellness
DON6378,345634e8-4392-4d17-a822-546c79d9f07e,Yoga and Pilates,Yoga and Pilates
DON6379,345634e8-4392-4d17-a822-546c79d9f07e,Sports and Fitness,Sports and Fitness
DON6380,1296c4bf-fa4b-494f-b476-9bca1bc41cbc,Arts and Culture,Arts and Culture
DON6381,61a89c73-5c60-4bf9-b827-488da450ea80,Yoga and Pilates,Yoga and Pilates
DON6382,e259d759-ddeb-4794-902f-cce7e0fc4718,Finance,Finance
DON6383,4679d2f3-f1e6-410e-8857-fcb0ca455de0,Travel,Travel
DON6384,4679d2f3-f1e6-410e-8857-fcb0ca455de0,Sports and Fitness,Sports and Fitness
DON6385,4679d2f3-f1e6-410e-8857-fcb0ca455de0,Education,Education
DON6386,3117d307-e422-40b8-a3dc-3e9a19a576c9,Travel,Travel
DON6387,833d1666-aa65-465d-9f27-24b8b6caf687,Education,Education
DON6388,833d1666-aa65-465d-9f27-24b8b6caf687,Sports and Fitness,Sports and Fitness
DON6389,e854e573-d4cb-4303-812a-10fe43ed49c3,Yoga and Pilates,Yoga and Pilates
DON6390,e854e573-d4cb-4303-812a-10fe43ed49c3,Finance,Finance
DON6391,e854e573-d4cb-4303-812a-10fe43ed49c3,Travel,Travel
DON6392,d04d7018-7213-4d73-865f-8399e63c9b8d,Food and Cooking,Food and Cooking
DON6393,d04d7018-7213-4d73-865f-8399e63c9b8d,Arts and Culture,Arts and Culture
DON6394,d04d7018-7213-4d73-865f-8399e63c9b8d,Education,Education
DON6395,e9c9522c-5f2b-4edb-9303-dbb44c83f59b,Sports and Fitness,Sports and Fitness
DON6396,e9c9522c-5f2b-4edb-9303-dbb44c83f59b,Travel,Travel
DON6397,e9c9522c-5f2b-4edb-9303-dbb44c83f59b,Arts and Culture,Arts and Culture
DON6398,b43905a1-1718-4a14-bbc8-2b70fa68a97b,Technology,Technology
DON6399,719ccd23-88b8-43dd-917b-be093f6e76e9,Technology,Technology
DON6400,719ccd23-88b8-43dd-917b-be093f6e76e9,Food and Cooking,Food and Cooking
DON6401,719ccd23-88b8-43dd-917b-be093f6e76e9,Education,Education
DON6402,89c049ee-d990-477b-8f28-2ea9949937f1,Food and Cooking,Food and Cooking
DON6403,89c049ee-d990-477b-8f28-2ea9949937f1,Environment,Environment
DON6404,89c049ee-d990-477b-8f28-2ea9949937f1,Education,Education
DON6405,5acb0c6f-6279-4aa5-a56e-28507ccb0618,Finance,Finance
DON6406,5acb0c6f-6279-4aa5-a56e-28507ccb0618,Yoga and Pilates,Yoga and Pilates
DON6407,c3649f8b-b897-43ff-ba1c-d8ad5c9c4e8c,Sports and Fitness,Sports and Fitness
DON6408,c3649f8b-b897-43ff-ba1c-d8ad5c9c4e8c,Finance,Finance
DON6409,c3649f8b-b897-43ff-ba1c-d8ad5c9c4e8c,Environment,Environment
DON6410,c8bbbff2-e7b8-469f-8c55-d6e06ba98a38,Finance,Finance
DON6411,c8bbbff2-e7b8-469f-8c55-d6e06ba98a38,Technology,Technology
DON6412,c8bbbff2-e7b8-469f-8c55-d6e06ba98a38,Sports and Fitness,Sports and Fitness
DON6413,e2e8b279-573e-4c29-b33d-c58aa6512544,Sports and Fitness,Sports and Fitness
DON6414,1db86b21-89ac-4da8-b261-7098b55a9c58,Sports and Fitness,Sports and Fitness
DON6415,8a7155c6-b660-480c-b587-b16336874301,Education,Education
DON6416,8a7155c6-b660-480c-b587-b16336874301,Health and Wellness,Health and Wellness
DON6417,8a7155c6-b660-480c-b587-b16336874301,Finance,Finance
DON6418,c7daf261-9c50-4304-8617-dd5d979fc178,Sports and Fitness,Sports and Fitness
DON6419,c1b59381-633b-4450-b4aa-bed7416720ea,Technology,Technology
DON6420,92af7bb1-ab8f-4d83-b044-73c432cd8ee2,Technology,Technology
DON6421,92af7bb1-ab8f-4d83-b044-73c432cd8ee2,Environment,Environment
DON6422,92af7bb1-ab8f-4d83-b044-73c432cd8ee2,Yoga and Pilates,Yoga and Pilates
DON6423,1bba9f9d-6ead-4175-a20c-f5ba1c708580,Food and Cooking,Food and Cooking
DON6424,1bba9f9d-6ead-4175-a20c-f5ba1c708580,Sports and Fitness,Sports and Fitness
DON6425,1bba9f9d-6ead-4175-a20c-f5ba1c708580,Environment,Environment
DON6426,1f0d3bce-a479-4dbc-ba9d-cab85d225172,Environment,Environment
DON6427,cfdbd832-cccb-404e-a33d-d2f347ac9991,Arts and Culture,Arts and Culture
DON6428,cfdbd832-cccb-404e-a33d-d2f347ac9991,Technology,Technology
DON6429,cfdbd832-cccb-404e-a33d-d2f347ac9991,Health and Wellness,Health and Wellness
DON6430,db56c43a-77da-4680-93b9-33bb14e619ab,Environment,Environment
DON6431,db56c43a-77da-4680-93b9-33bb14e619ab,Food and Cooking,Food and Cooking
DON6432,db56c43a-77da-4680-93b9-33bb14e619ab,Finance,Finance
DON6433,07b87078-7155-49f5-aa6e-f50d4039e706,Education,Education
DON6434,07b87078-7155-49f5-aa6e-f50d4039e706,Environment,Environment
DON6435,b0871a12-502d-4911-bac1-c05b027ae91f,Arts and Culture,Arts and Culture
DON6436,b0871a12-502d-4911-bac1-c05b027ae91f,Technology,Technology
DON6437,b0871a12-502d-4911-bac1-c05b027ae91f,Health and Wellness,Health and Wellness
DON6438,27ae5209-96c6-4669-beee-239db0aa155f,Food and Cooking,Food and Cooking
DON6439,2392d036-34ca-45b2-b435-a92c2c4bab5e,Technology,Technology
DON6440,2392d036-34ca-45b2-b435-a92c2c4bab5e,Travel,Travel
DON6441,dc57a253-671b-4501-a6b9-0442e3c3c643,Food and Cooking,Food and Cooking
DON6442,dc57a253-671b-4501-a6b9-0442e3c3c643,Health and Wellness,Health and Wellness
DON6443,dc57a253-671b-4501-a6b9-0442e3c3c643,Sports and Fitness,Sports and Fitness
DON6444,dae131a1-585a-488d-baf2-ad39dddeb96f,Travel,Travel
DON6445,dae131a1-585a-488d-baf2-ad39dddeb96f,Yoga and Pilates,Yoga and Pilates
DON6446,dae131a1-585a-488d-baf2-ad39dddeb96f,Food and Cooking,Food and Cooking
DON6447,5918b74d-23c3-4ff1-9182-8d5e70a460b1,Sports and Fitness,Sports and Fitness
DON6448,312f7ceb-9dbe-4011-81b1-a9ae9ca6242f,Technology,Technology
DON6449,312f7ceb-9dbe-4011-81b1-a9ae9ca6242f,Arts and Culture,Arts and Culture
DON6450,312f7ceb-9dbe-4011-81b1-a9ae9ca6242f,Sports and Fitness,Sports and Fitness
DON6451,4bbdd2f0-1be3-421d-9e4a-9eb2f1e133ad,Health and Wellness,Health and Wellness
DON6452,4bbdd2f0-1be3-421d-9e4a-9eb2f1e133ad,Food and Cooking,Food and Cooking
DON6453,4bbdd2f0-1be3-421d-9e4a-9eb2f1e133ad,Finance,Finance
DON6454,4b2017bd-69c0-4183-a104-45da2128dfe0,Food and Cooking,Food and Cooking
DON6455,4b2017bd-69c0-4183-a104-45da2128dfe0,Travel,Travel
DON6456,85df0fef-8ce4-4ce9-92bf-3f8c6005c0ec,Sports and Fitness,Sports and Fitness
DON6457,85df0fef-8ce4-4ce9-92bf-3f8c6005c0ec,Finance,Finance
DON6458,9cfbea9f-5adf-4696-b263-1cbae6738eb3,Yoga and Pilates,Yoga and Pilates
DON6459,9cfbea9f-5adf-4696-b263-1cbae6738eb3,Environment,Environment
DON6460,9e4b33aa-a1b9-41f2-84ef-f8a795c1f2a4,Health and Wellness,Health and Wellness
DON6461,23da159b-5b69-4325-9c76-8cbaa8d0cb85,Health and Wellness,Health and Wellness
DON6462,23da159b-5b69-4325-9c76-8cbaa8d0cb85,Arts and Culture,Arts and Culture
DON6463,23da159b-5b69-4325-9c76-8cbaa8d0cb85,Technology,Technology
DON6464,369462f3-9d4e-46a5-9ae2-f646466c401c,Health and Wellness,Health and Wellness
DON6465,f5e1dd9c-d201-406b-85e6-0dbf0795dedf,Education,Education
DON6466,9d22712f-90ad-4fbc-aadf-26de0ae7c201,Arts and Culture,Arts and Culture
DON6467,9d22712f-90ad-4fbc-aadf-26de0ae7c201,Food and Cooking,Food and Cooking
DON6468,9d22712f-90ad-4fbc-aadf-26de0ae7c201,Technology,Technology
DON6469,aeb3a3aa-7d14-4156-ac2e-db170ef2ed33,Finance,Finance
DON6470,28ec5dd4-f6d3-4e63-b97d-da2785d184d2,Yoga and Pilates,Yoga and Pilates
DON6471,28ec5dd4-f6d3-4e63-b97d-da2785d184d2,Food and Cooking,Food and Cooking
DON6472,28ec5dd4-f6d3-4e63-b97d-da2785d184d2,Environment,Environment
DON6473,9c6176a4-b691-4a71-b782-8a1a24b5726f,Travel,Travel
DON6474,9c6176a4-b691-4a71-b782-8a1a24b5726f,Arts and Culture,Arts and Culture
DON6475,e9eb9aa1-cea0-494f-b2ea-71060b6895c4,Health and Wellness,Health and Wellness
DON6476,e9eb9aa1-cea0-494f-b2ea-71060b6895c4,Sports and Fitness,Sports and Fitness
DON6477,e9eb9aa1-cea0-494f-b2ea-71060b6895c4,Technology,Technology
DON6478,1f2d9ade-c1fd-478d-baff-500d96d5d1c7,Yoga and Pilates,Yoga and Pilates
DON6479,1f2d9ade-c1fd-478d-baff-500d96d5d1c7,Food and Cooking,Food and Cooking
DON6480,1f2d9ade-c1fd-478d-baff-500d96d5d1c7,Health and Wellness,Health and Wellness
DON6481,ce07c386-44b7-456d-8391-d3721c4548f9,Travel,Travel
DON6482,ae265e2c-5e85-4563-aa4e-900f5035f5b4,Environment,Environment
DON6483,ae265e2c-5e85-4563-aa4e-900f5035f5b4,Technology,Technology
DON6484,00bd58c3-6b45-4633-a434-9c34ebbd213f,Sports and Fitness,Sports and Fitness
DON6485,00bd58c3-6b45-4633-a434-9c34ebbd213f,Health and Wellness,Health and Wellness
DON6486,2420c98b-a5c3-4943-8943-ff60f7423c86,Food and Cooking,Food and Cooking
DON6487,a88b4564-016a-49d8-85d7-1b558d8a0773,Finance,Finance
DON6488,a88b4564-016a-49d8-85d7-1b558d8a0773,Food and Cooking,Food and Cooking
DON6489,a88b4564-016a-49d8-85d7-1b558d8a0773,Technology,Technology
DON6490,f2336d23-984e-4cc2-9a1a-e29d72fec239,Health and Wellness,Health and Wellness
DON6491,f2336d23-984e-4cc2-9a1a-e29d72fec239,Yoga and Pilates,Yoga and Pilates
DON6492,826f0f9c-0b78-44a8-ab31-434887a19d5e,Arts and Culture,Arts and Culture
DON6493,826f0f9c-0b78-44a8-ab31-434887a19d5e,Food and Cooking,Food and Cooking
DON6494,512cb00e-55a9-4851-b166-71dc313f1551,Travel,Travel
DON6495,512cb00e-55a9-4851-b166-71dc313f1551,Yoga and Pilates,Yoga and Pilates
DON6496,e27c6ad7-0e41-4b83-8127-dc7e68dc52ee,Arts and Culture,Arts and Culture
DON6497,e27c6ad7-0e41-4b83-8127-dc7e68dc52ee,Travel,Travel
DON6498,3586db25-a8c2-4807-8329-f501624c2fdd,Environment,Environment
DON6499,c6a8d6c4-a928-4162-9d3c-daffdfa46f02,Education,Education
DON6500,c6a8d6c4-a928-4162-9d3c-daffdfa46f02,Finance,Finance
DON6501,c6a8d6c4-a928-4162-9d3c-daffdfa46f02,Technology,Technology
DON6502,8ff1a19d-51d4-4545-b17b-5e0b8e7e9e57,Travel,Travel
DON6503,8ff1a19d-51d4-4545-b17b-5e0b8e7e9e57,Food and Cooking,Food and Cooking
DON6504,0b9f7841-a83c-4d2c-aac0-c135e121cdb8,Food and Cooking,Food and Cooking
DON6505,c55af0e6-4dfb-465e-98d5-cf9d2f157018,Finance,Finance
DON6506,c55af0e6-4dfb-465e-98d5-cf9d2f157018,Sports and Fitness,Sports and Fitness
DON6507,c55af0e6-4dfb-465e-98d5-cf9d2f157018,Yoga and Pilates,Yoga and Pilates
DON6508,a7f7d0d0-b839-4a92-aea3-7f11dcb59ca7,Health and Wellness,Health and Wellness
DON6509,b393550a-0d07-4e43-be3b-10b39d61b1fb,Health and Wellness,Health and Wellness
DON6510,b393550a-0d07-4e43-be3b-10b39d61b1fb,Environment,Environment
DON6511,b393550a-0d07-4e43-be3b-10b39d61b1fb,Sports and Fitness,Sports and Fitness
DON6512,5bc8d0a9-5a7f-4a3e-9660-ded9a8d8faea,Education,Education
DON6513,5bc8d0a9-5a7f-4a3e-9660-ded9a8d8faea,Health and Wellness,Health and Wellness
DON6514,5bc8d0a9-5a7f-4a3e-9660-ded9a8d8faea,Arts and Culture,Arts and Culture
DON6515,a9fde684-0753-40c3-9558-ac0fec447ba2,Travel,Travel
DON6516,9733df4c-ef33-40b6-b2c1-ca21cdbe83c1,Environment,Environment
DON6517,9733df4c-ef33-40b6-b2c1-ca21cdbe83c1,Yoga and Pilates,Yoga and Pilates
DON6518,a0f71b7b-fd28-4f09-8393-823cb90e31b8,Finance,Finance
DON6519,a0f71b7b-fd28-4f09-8393-823cb90e31b8,Yoga and Pilates,Yoga and Pilates
DON6520,a0f71b7b-fd28-4f09-8393-823cb90e31b8,Food and Cooking,Food and Cooking
DON6521,49593118-1f0f-4c0d-a125-06e227ca3245,Environment,Environment
DON6522,371f0ec3-d801-455a-9900-68ac652daed0,Finance,Finance
DON6523,a35ff745-52bc-4931-8cd8-021a9e2fe88e,Education,Education
DON6524,1fa67034-bd01-414d-b59d-926b25e52532,Yoga and Pilates,Yoga and Pilates
DON6525,5501f0da-5193-47b1-a194-ed60b9583eb8,Yoga and Pilates,Yoga and Pilates
DON6526,f69b3eca-42e8-4678-9b8d-ce4d39bfd7a0,Arts and Culture,Arts and Culture
DON6527,f69b3eca-42e8-4678-9b8d-ce4d39bfd7a0,Technology,Technology
DON6528,9db46991-8530-4b1d-9109-676373b1da4e,Sports and Fitness,Sports and Fitness
DON6529,4ced47b2-37f0-4882-a024-4fb97654b243,Food and Cooking,Food and Cooking
DON6530,4ced47b2-37f0-4882-a024-4fb97654b243,Travel,Travel
DON6531,4ced47b2-37f0-4882-a024-4fb97654b243,Education,Education
DON6532,ac0a1d31-2fb8-460f-8aa2-caf29d49bf27,Technology,Technology
DON6533,ac0a1d31-2fb8-460f-8aa2-caf29d49bf27,Sports and Fitness,Sports and Fitness
DON6534,ac0a1d31-2fb8-460f-8aa2-caf29d49bf27,Finance,Finance
DON6535,e84de8cf-e284-4ad1-b550-d42b54a20092,Food and Cooking,Food and Cooking
DON6536,e84de8cf-e284-4ad1-b550-d42b54a20092,Finance,Finance
DON6537,e84de8cf-e284-4ad1-b550-d42b54a20092,Travel,Travel
DON6538,62a46c10-cbcc-4173-b165-6f924121c58f,Environment,Environment
DON6539,62a46c10-cbcc-4173-b165-6f924121c58f,Technology,Technology
DON6540,62a46c10-cbcc-4173-b165-6f924121c58f,Travel,Travel
DON6541,67e8960c-d574-4f88-9eeb-4cba960552ad,Travel,Travel
DON6542,67e8960c-d574-4f88-9eeb-4cba960552ad,Environment,Environment
DON6543,4261049e-a335-42f7-a74b-c64b14f809d2,Environment,Environment
DON6544,4261049e-a335-42f7-a74b-c64b14f809d2,Food and Cooking,Food and Cooking
DON6545,115304be-c106-4476-b647-0946b9195fce,Environment,Environment
DON6546,115304be-c106-4476-b647-0946b9195fce,Travel,Travel
DON6547,21a1a344-903e-4246-b081-8571ebcac1aa,Sports and Fitness,Sports and Fitness
DON6548,d4db2ef0-9422-46c8-963c-538f1e63c8f6,Environment,Environment
DON6549,d4db2ef0-9422-46c8-963c-538f1e63c8f6,Finance,Finance
DON6550,d4db2ef0-9422-46c8-963c-538f1e63c8f6,Sports and Fitness,Sports and Fitness
DON6551,a1485f42-11fa-4490-8c69-c96b8eed8e60,Education,Education
DON6552,2ce8c913-b96b-49bc-bb8b-3971ca16a0b3,Arts and Culture,Arts and Culture
DON6553,031541b8-6200-417a-8ce2-8f62e1b514da,Technology,Technology
DON6554,031541b8-6200-417a-8ce2-8f62e1b514da,Health and Wellness,Health and Wellness
DON6555,fd672d06-3595-4110-a7e1-6fcb336c410f,Technology,Technology
DON6556,f6a684c3-c7b4-44ce-ace9-72e3b4139e74,Health and Wellness,Health and Wellness
DON6557,ca0e0a38-5743-48ba-905b-43196d26910c,Education,Education
DON6558,ca0e0a38-5743-48ba-905b-43196d26910c,Travel,Travel
DON6559,76f7b7c6-6f40-462d-ade4-faaa67e6b8c7,Finance,Finance
DON6560,76f7b7c6-6f40-462d-ade4-faaa67e6b8c7,Food and Cooking,Food and Cooking
DON6561,e097f9b6-38b3-4661-8956-26225b4e8799,Sports and Fitness,Sports and Fitness
DON6562,4e3bd320-289b-4036-aeb6-3203e0c556e8,Environment,Environment
DON6563,4e3bd320-289b-4036-aeb6-3203e0c556e8,Arts and Culture,Arts and Culture
DON6564,a0f32eef-2649-4f25-9f2c-83f0b34c682c,Travel,Travel
DON6565,a0f32eef-2649-4f25-9f2c-83f0b34c682c,Environment,Environment
DON6566,a0f32eef-2649-4f25-9f2c-83f0b34c682c,Technology,Technology
DON6567,9b540d7b-df49-4109-b3a8-6cab0b161ce9,Health and Wellness,Health and Wellness
DON6568,9b540d7b-df49-4109-b3a8-6cab0b161ce9,Travel,Travel
DON6569,9b540d7b-df49-4109-b3a8-6cab0b161ce9,Food and Cooking,Food and Cooking
DON6570,6072beae-af26-4321-a623-78ee30c24852,Environment,Environment
DON6571,6072beae-af26-4321-a623-78ee30c24852,Technology,Technology
DON6572,18f50291-6b20-49e5-937d-8ba057b5bdca,Environment,Environment
DON6573,18f50291-6b20-49e5-937d-8ba057b5bdca,Finance,Finance
DON6574,88106e46-ea1a-4e8c-81a9-c40777842717,Arts and Culture,Arts and Culture
DON6575,88106e46-ea1a-4e8c-81a9-c40777842717,Sports and Fitness,Sports and Fitness
DON6576,88106e46-ea1a-4e8c-81a9-c40777842717,Environment,Environment
DON6577,fcdfa02c-d101-422c-b276-61e6a065bef0,Yoga and Pilates,Yoga and Pilates
DON6578,fcdfa02c-d101-422c-b276-61e6a065bef0,Education,Education
DON6579,80586395-c477-4a5a-ad1f-18c221f444cb,Arts and Culture,Arts and Culture
DON6580,b3237095-415d-4807-89af-aed5c73bb65d,Sports and Fitness,Sports and Fitness
DON6581,b3237095-415d-4807-89af-aed5c73bb65d,Yoga and Pilates,Yoga and Pilates
DON6582,e3c2e091-b4ba-485f-9099-2e750c123376,Arts and Culture,Arts and Culture
DON6583,e3c2e091-b4ba-485f-9099-2e750c123376,Finance,Finance
DON6584,e3c2e091-b4ba-485f-9099-2e750c123376,Travel,Travel
DON6585,666d4540-24e8-4388-9f1e-32983be7c31c,Travel,Travel
DON6586,484c09c8-3d2d-4f87-99db-1a81a2f7cc36,Environment,Environment
DON6587,484c09c8-3d2d-4f87-99db-1a81a2f7cc36,Arts and Culture,Arts and Culture
DON6588,bc1c82bd-4dfe-460d-b1a2-183223fd8f53,Education,Education
DON6589,bc1c82bd-4dfe-460d-b1a2-183223fd8f53,Sports and Fitness,Sports and Fitness
DON6590,bc1c82bd-4dfe-460d-b1a2-183223fd8f53,Environment,Environment
DON6591,b06bb6af-1f75-4336-bb02-616b26d231fe,Travel,Travel
DON6592,b06bb6af-1f75-4336-bb02-616b26d231fe,Health and Wellness,Health and Wellness
DON6593,b06bb6af-1f75-4336-bb02-616b26d231fe,Finance,Finance
DON6594,55b8a649-8f52-4420-9ec6-a8b2571c55e4,Sports and Fitness,Sports and Fitness
DON6595,21ddf331-4413-4ed3-a313-223b3f1d8344,Sports and Fitness,Sports and Fitness
DON6596,21ddf331-4413-4ed3-a313-223b3f1d8344,Technology,Technology
DON6597,21ddf331-4413-4ed3-a313-223b3f1d8344,Arts and Culture,Arts and Culture
DON6598,e4877e79-6804-4432-bf15-f526857b08cf,Travel,Travel
DON6599,e4877e79-6804-4432-bf15-f526857b08cf,Food and Cooking,Food and Cooking
DON6600,e4877e79-6804-4432-bf15-f526857b08cf,Health and Wellness,Health and Wellness
DON6601,9b2c45d7-a25c-49f2-a8df-f877e9682245,Food and Cooking,Food and Cooking
DON6602,9b2c45d7-a25c-49f2-a8df-f877e9682245,Technology,Technology
DON6603,bcc7007f-4d12-402b-81fc-e6c78b49aea2,Arts and Culture,Arts and Culture
DON6604,3f6a8689-da9a-4900-a729-d8347a892ac4,Technology,Technology
DON6605,a66acd3a-d30c-45f7-b7fc-6f7982ff9bda,Yoga and Pilates,Yoga and Pilates
DON6606,a66acd3a-d30c-45f7-b7fc-6f7982ff9bda,Travel,Travel
DON6607,41f5794c-7de8-412b-aed8-4265fc0c8204,Sports and Fitness,Sports and Fitness
DON6608,201190d2-e94b-4c4a-8bf2-b139f221e22b,Health and Wellness,Health and Wellness
DON6609,201190d2-e94b-4c4a-8bf2-b139f221e22b,Finance,Finance
DON6610,57610742-cbd1-4352-abff-908990035df4,Food and Cooking,Food and Cooking
DON6611,57610742-cbd1-4352-abff-908990035df4,Sports and Fitness,Sports and Fitness
DON6612,f26adf3d-f20d-4bb7-a6df-d2e7720bd933,Technology,Technology
DON6613,f26adf3d-f20d-4bb7-a6df-d2e7720bd933,Food and Cooking,Food and Cooking
DON6614,f26adf3d-f20d-4bb7-a6df-d2e7720bd933,Finance,Finance
DON6615,a70aec60-0cc0-4556-9533-af2e9874a93a,Education,Education
DON6616,a70aec60-0cc0-4556-9533-af2e9874a93a,Finance,Finance
DON6617,be21287a-21dc-4ece-85df-d0c28fd60763,Finance,Finance
DON6618,38221f27-a257-479e-a3eb-c98dd7d06246,Health and Wellness,Health and Wellness
DON6619,38221f27-a257-479e-a3eb-c98dd7d06246,Sports and Fitness,Sports and Fitness
DON6620,16d8e894-1906-47a6-8782-e5bc8ae426f6,Environment,Environment
DON6621,16d8e894-1906-47a6-8782-e5bc8ae426f6,Travel,Travel
DON6622,16d8e894-1906-47a6-8782-e5bc8ae426f6,Food and Cooking,Food and Cooking
DON6623,61266f6f-9097-42c1-b20f-02d2c5b30316,Sports and Fitness,Sports and Fitness
DON6624,61266f6f-9097-42c1-b20f-02d2c5b30316,Education,Education
DON6625,06517394-1281-4620-bd46-b48473a321b4,Travel,Travel
DON6626,06517394-1281-4620-bd46-b48473a321b4,Education,Education
DON6627,71579842-a8ef-4684-bf5a-19b549f471d3,Technology,Technology
DON6628,d0b9a64c-9ff8-4d72-8b75-eed8b32babd6,Health and Wellness,Health and Wellness
DON6629,d0b9a64c-9ff8-4d72-8b75-eed8b32babd6,Education,Education
DON6630,5af652bb-7759-490a-831b-5ef96787a14e,Arts and Culture,Arts and Culture
DON6631,ee430b17-6617-4282-a1c4-7cf1c52fc126,Food and Cooking,Food and Cooking
DON6632,ee430b17-6617-4282-a1c4-7cf1c52fc126,Technology,Technology
DON6633,2e5e11ba-6586-4341-8cb6-febdda4a9160,Technology,Technology
DON6634,2e5e11ba-6586-4341-8cb6-febdda4a9160,Food and Cooking,Food and Cooking
DON6635,634da4b7-c4d7-4690-a21e-96edf583acdc,Travel,Travel
DON6636,b594da17-8733-410e-9843-06237bcbd7b3,Sports and Fitness,Sports and Fitness
DON6637,b594da17-8733-410e-9843-06237bcbd7b3,Yoga and Pilates,Yoga and Pilates
DON6638,b594da17-8733-410e-9843-06237bcbd7b3,Education,Education
DON6639,af6694d9-10c2-43c6-889c-32d36d319ad1,Health and Wellness,Health and Wellness
DON6640,af6694d9-10c2-43c6-889c-32d36d319ad1,Environment,Environment
DON6641,af6694d9-10c2-43c6-889c-32d36d319ad1,Travel,Travel
DON6642,7840060b-2fe2-46fc-922a-084b8e381dd2,Environment,Environment
DON6643,7840060b-2fe2-46fc-922a-084b8e381dd2,Finance,Finance
DON6644,7840060b-2fe2-46fc-922a-084b8e381dd2,Health and Wellness,Health and Wellness
DON6645,e16948d8-cc8a-4fe7-b844-c68ad2c28a2e,Finance,Finance
DON6646,e16948d8-cc8a-4fe7-b844-c68ad2c28a2e,Food and Cooking,Food and Cooking
DON6647,93c03f5b-78c2-4c80-bde1-afdfb00febe2,Health and Wellness,Health and Wellness
DON6648,93c03f5b-78c2-4c80-bde1-afdfb00febe2,Sports and Fitness,Sports and Fitness
DON6649,fec13afb-208e-44f3-94ee-de022067416a,Health and Wellness,Health and Wellness
DON6650,7e4ae548-d302-4621-a3a4-84eae92f49e2,Travel,Travel
DON6651,caaf8cc5-5501-40b1-914d-af6209fc7388,Education,Education
DON6652,caaf8cc5-5501-40b1-914d-af6209fc7388,Technology,Technology
DON6653,bc466b14-91b8-46a2-bdf9-cb25bdb8015d,Arts and Culture,Arts and Culture
DON6654,ff7ec8da-a403-4cfa-a74a-4aad64afa886,Travel,Travel
DON6655,568faddc-c2eb-481c-a778-1f69d9ce57b6,Travel,Travel
DON6656,568faddc-c2eb-481c-a778-1f69d9ce57b6,Sports and Fitness,Sports and Fitness
DON6657,b64e34fd-91e9-47ce-9ea2-96e0a3d74208,Finance,Finance
DON6658,b64e34fd-91e9-47ce-9ea2-96e0a3d74208,Arts and Culture,Arts and Culture
DON6659,dcf17daf-caf2-492e-9bfa-3b0398dd3bfa,Health and Wellness,Health and Wellness
DON6660,4c43345b-ab78-42b9-bfba-f6a4d98c8b4b,Travel,Travel
DON6661,7b3a857c-660a-4afe-9198-fed6bfb1890a,Environment,Environment
DON6662,7b3a857c-660a-4afe-9198-fed6bfb1890a,Arts and Culture,Arts and Culture
DON6663,2380249a-fda6-4b07-9dd0-96c30ae4ac4d,Environment,Environment
DON6664,fd2207f3-e909-4ca9-8565-b718f54aa094,Technology,Technology
DON6665,fd2207f3-e909-4ca9-8565-b718f54aa094,Yoga and Pilates,Yoga and Pilates
DON6666,fd2207f3-e909-4ca9-8565-b718f54aa094,Food and Cooking,Food and Cooking
DON6667,b7c41bfc-3f7d-4832-bb92-5438327b1dba,Sports and Fitness,Sports and Fitness
DON6668,b7c41bfc-3f7d-4832-bb92-5438327b1dba,Education,Education
DON6669,cd7c82b3-59e7-45ac-bdbe-a3ee6630c732,Travel,Travel
DON6670,cd7c82b3-59e7-45ac-bdbe-a3ee6630c732,Arts and Culture,Arts and Culture
DON6671,3a9a445a-b4a9-404d-aee5-65d124160074,Technology,Technology
DON6672,182ef48f-e25e-4ecb-82a6-27c3a3b8de2b,Health and Wellness,Health and Wellness
DON6673,58cc9080-4ccf-4599-9d32-c57d31bd1671,Arts and Culture,Arts and Culture
DON6674,58cc9080-4ccf-4599-9d32-c57d31bd1671,Food and Cooking,Food and Cooking
DON6675,d694de29-18a5-4fa4-91b6-c5240c8a1b8f,Environment,Environment
DON6676,ec401a2b-6800-449b-a0fe-ce4e3812ebf1,Arts and Culture,Arts and Culture
DON6677,ec401a2b-6800-449b-a0fe-ce4e3812ebf1,Sports and Fitness,Sports and Fitness
DON6678,ec401a2b-6800-449b-a0fe-ce4e3812ebf1,Health and Wellness,Health and Wellness
DON6679,b4e7b80a-e77b-444b-aa81-41f12f9a8a8d,Travel,Travel
DON6680,f7798cbe-3cd7-44a9-9b24-89c6dcb20c6e,Food and Cooking,Food and Cooking
DON6681,f7798cbe-3cd7-44a9-9b24-89c6dcb20c6e,Arts and Culture,Arts and Culture
DON6682,f1d8cd1a-0a78-424a-8e81-91adeb27ee03,Food and Cooking,Food and Cooking
DON6683,1e1a34c6-3f28-48da-8d95-738b22f3d0be,Food and Cooking,Food and Cooking
DON6684,1e1a34c6-3f28-48da-8d95-738b22f3d0be,Yoga and Pilates,Yoga and Pilates
DON6685,037e390e-086b-4423-a364-63ba2a5d1812,Arts and Culture,Arts and Culture
DON6686,037e390e-086b-4423-a364-63ba2a5d1812,Health and Wellness,Health and Wellness
DON6687,037e390e-086b-4423-a364-63ba2a5d1812,Environment,Environment
DON6688,ba9c80fc-998f-4dbc-9dea-b8b33a6ac65b,Travel,Travel
DON6689,8b70cef5-c7cb-4783-a25f-fc82921823b9,Sports and Fitness,Sports and Fitness
DON6690,8b70cef5-c7cb-4783-a25f-fc82921823b9,Finance,Finance
DON6691,8b70cef5-c7cb-4783-a25f-fc82921823b9,Food and Cooking,Food and Cooking
DON6692,26d2f2f0-ad39-4518-8b52-5f43a2e438e7,Education,Education
DON6693,1e42b05f-f1de-4097-a709-f1f6006bf3ee,Technology,Technology
DON6694,1e42b05f-f1de-4097-a709-f1f6006bf3ee,Travel,Travel
DON6695,1e42b05f-f1de-4097-a709-f1f6006bf3ee,Health and Wellness,Health and Wellness
DON6696,45f953ad-c254-4dff-b2c1-c88cb1ddef93,Yoga and Pilates,Yoga and Pilates
DON6697,45f953ad-c254-4dff-b2c1-c88cb1ddef93,Health and Wellness,Health and Wellness
DON6698,853c2b1a-e6e7-4739-8ded-d971fcc7ee89,Food and Cooking,Food and Cooking
DON6699,853c2b1a-e6e7-4739-8ded-d971fcc7ee89,Education,Education
DON6700,dbf05f1e-eb67-4bdb-a45c-70a67235200c,Finance,Finance
DON6701,c3b0ad53-2ae1-4e03-ace7-a7f68e313a48,Health and Wellness,Health and Wellness
DON6702,c3b0ad53-2ae1-4e03-ace7-a7f68e313a48,Technology,Technology
DON6703,27c9e73d-8c7b-44ad-b366-fb1001078e18,Yoga and Pilates,Yoga and Pilates
DON6704,76f543b3-e11c-45bc-9a61-b5f3390a6ddc,Arts and Culture,Arts and Culture
DON6705,76f543b3-e11c-45bc-9a61-b5f3390a6ddc,Yoga and Pilates,Yoga and Pilates
DON6706,76f543b3-e11c-45bc-9a61-b5f3390a6ddc,Sports and Fitness,Sports and Fitness
DON6707,fee1ef7f-318c-4fcc-8de6-3801d3e74a9c,Arts and Culture,Arts and Culture
DON6708,fee1ef7f-318c-4fcc-8de6-3801d3e74a9c,Education,Education
DON6709,fee1ef7f-318c-4fcc-8de6-3801d3e74a9c,Food and Cooking,Food and Cooking
DON6710,00dc3fe4-5def-451a-9446-375adf4d9d4f,Technology,Technology
DON6711,00dc3fe4-5def-451a-9446-375adf4d9d4f,Finance,Finance
DON6712,00dc3fe4-5def-451a-9446-375adf4d9d4f,Yoga and Pilates,Yoga and Pilates
DON6713,c15f4247-e43b-4723-9530-0c8116271fc7,Arts and Culture,Arts and Culture
DON6714,c15f4247-e43b-4723-9530-0c8116271fc7,Food and Cooking,Food and Cooking
DON6715,c15f4247-e43b-4723-9530-0c8116271fc7,Travel,Travel
DON6716,18bb19d9-84be-4645-a4fc-f5113fa6c0fb,Travel,Travel
DON6717,18bb19d9-84be-4645-a4fc-f5113fa6c0fb,Finance,Finance
DON6718,6891cdcc-54ba-4a9b-bdbd-02a2196e37be,Yoga and Pilates,Yoga and Pilates
DON6719,16615015-0e29-4715-961f-1d9f3f1a1a89,Education,Education
DON6720,16615015-0e29-4715-961f-1d9f3f1a1a89,Technology,Technology
DON6721,16615015-0e29-4715-961f-1d9f3f1a1a89,Arts and Culture,Arts and Culture
DON6722,9c3b5ea2-d36d-4200-87bd-6826dcbbe12d,Sports and Fitness,Sports and Fitness
DON6723,bd20d768-f803-4c37-8b17-66b8dec430e1,Finance,Finance
DON6724,4c0b2598-6021-4d26-92d1-a76dbc203acf,Travel,Travel
DON6725,338691ba-471b-409e-8ecd-46a9d6372212,Environment,Environment
DON6726,cf9d3986-a315-436a-943f-f760da9370b4,Yoga and Pilates,Yoga and Pilates
DON6727,cf9d3986-a315-436a-943f-f760da9370b4,Technology,Technology
DON6728,2b07c6d3-085e-411b-b525-3e1b3e4660eb,Arts and Culture,Arts and Culture
DON6729,2b07c6d3-085e-411b-b525-3e1b3e4660eb,Sports and Fitness,Sports and Fitness
DON6730,2b07c6d3-085e-411b-b525-3e1b3e4660eb,Technology,Technology
DON6731,f126109e-32fc-41e9-9cbd-0dc31424ab5f,Finance,Finance
DON6732,f126109e-32fc-41e9-9cbd-0dc31424ab5f,Education,Education
DON6733,f126109e-32fc-41e9-9cbd-0dc31424ab5f,Yoga and Pilates,Yoga and Pilates
DON6734,3812f854-de20-45a4-9ab6-695ef91057aa,Arts and Culture,Arts and Culture
DON6735,a1f8ac1b-ea0f-4efa-be13-9f99a547e8bd,Finance,Finance
DON6736,f5ed017a-ea52-450c-b28c-5de7125b0468,Yoga and Pilates,Yoga and Pilates
DON6737,2ca501c2-37a7-4a25-9822-3614248e79f5,Sports and Fitness,Sports and Fitness
DON6738,d8654eef-ca4b-41e9-b31b-b98a608cd231,Environment,Environment
DON6739,3d31a645-f1fe-4c1c-9222-b83ead9b57a2,Travel,Travel
DON6740,42542655-c194-491e-9caf-94676c6804f5,Yoga and Pilates,Yoga and Pilates
DON6741,e987370c-073e-492b-b0ad-21cf073bedd1,Education,Education
DON6742,e987370c-073e-492b-b0ad-21cf073bedd1,Sports and Fitness,Sports and Fitness
DON6743,b5664f09-0d9e-462f-b1ee-930f8818527f,Travel,Travel
DON6744,a2746743-c976-4f64-a987-d59ea61b3867,Food and Cooking,Food and Cooking
DON6745,a2746743-c976-4f64-a987-d59ea61b3867,Travel,Travel
DON6746,a2746743-c976-4f64-a987-d59ea61b3867,Health and Wellness,Health and Wellness
DON6747,9bb8ea14-70d3-4429-b1c1-8730d8e233e9,Technology,Technology
DON6748,9bb8ea14-70d3-4429-b1c1-8730d8e233e9,Health and Wellness,Health and Wellness
DON6749,9bb8ea14-70d3-4429-b1c1-8730d8e233e9,Food and Cooking,Food and Cooking
DON6750,e226f845-0cef-49e9-b50a-6b6e459c80c8,Yoga and Pilates,Yoga and Pilates
DON6751,e226f845-0cef-49e9-b50a-6b6e459c80c8,Food and Cooking,Food and Cooking
DON6752,e226f845-0cef-49e9-b50a-6b6e459c80c8,Education,Education
DON6753,d935dc7b-3156-48ec-b79b-6feb27bb5e57,Health and Wellness,Health and Wellness
DON6754,d935dc7b-3156-48ec-b79b-6feb27bb5e57,Technology,Technology
DON6755,7dfaaddc-b6ad-475a-9ece-b01c20bf0f29,Technology,Technology
DON6756,7dfaaddc-b6ad-475a-9ece-b01c20bf0f29,Yoga and Pilates,Yoga and Pilates
DON6757,f204eb9b-be0c-43a5-9a5c-344b4a9e0bcb,Arts and Culture,Arts and Culture
DON6758,f204eb9b-be0c-43a5-9a5c-344b4a9e0bcb,Technology,Technology
DON6759,b78c851f-ebc3-4cc0-bec6-a3b664fbde26,Technology,Technology
DON6760,b78c851f-ebc3-4cc0-bec6-a3b664fbde26,Arts and Culture,Arts and Culture
DON6761,2797b4d6-769d-48ac-8bee-37550dd1f71f,Food and Cooking,Food and Cooking
DON6762,a84bcfab-9857-4a02-9ce5-1917c526546a,Technology,Technology
DON6763,a84bcfab-9857-4a02-9ce5-1917c526546a,Health and Wellness,Health and Wellness
DON6764,a84bcfab-9857-4a02-9ce5-1917c526546a,Finance,Finance
DON6765,37860865-f2dd-4565-8942-00c9e23d6a13,Sports and Fitness,Sports and Fitness
DON6766,37860865-f2dd-4565-8942-00c9e23d6a13,Health and Wellness,Health and Wellness
DON6767,37860865-f2dd-4565-8942-00c9e23d6a13,Yoga and Pilates,Yoga and Pilates
DON6768,d50569bf-cc16-44dd-bd21-94b2716a29ac,Travel,Travel
DON6769,d50569bf-cc16-44dd-bd21-94b2716a29ac,Finance,Finance
DON6770,d50569bf-cc16-44dd-bd21-94b2716a29ac,Education,Education
DON6771,e12cc06d-4d5b-4b19-85f1-52ba7badf964,Arts and Culture,Arts and Culture
DON6772,6c353af9-8cda-4ea5-9234-f68e238aac51,Technology,Technology
DON6773,1ecd2b55-07c9-4f6d-87cb-0999f4a0654a,Finance,Finance
DON6774,1ecd2b55-07c9-4f6d-87cb-0999f4a0654a,Health and Wellness,Health and Wellness
DON6775,5993cc7d-bff6-461b-9b39-514753173cf6,Finance,Finance
DON6776,2a3c8e6b-0bc8-4232-b6a3-7d7c5b90e687,Food and Cooking,Food and Cooking
DON6777,53bc289e-e92f-4b1f-bda9-e563d4647c87,Health and Wellness,Health and Wellness
DON6778,1aa4f89e-7815-4519-8088-33e4693d5a2d,Travel,Travel
DON6779,1aa4f89e-7815-4519-8088-33e4693d5a2d,Food and Cooking,Food and Cooking
DON6780,1aa4f89e-7815-4519-8088-33e4693d5a2d,Technology,Technology
DON6781,a51e27bf-4af1-470b-b719-9626a05cb681,Sports and Fitness,Sports and Fitness
DON6782,a51e27bf-4af1-470b-b719-9626a05cb681,Food and Cooking,Food and Cooking
DON6783,32f95509-2354-4665-9fd0-7f3c83f72a6b,Yoga and Pilates,Yoga and Pilates
DON6784,651d435d-635c-443c-a5b3-4ac1d505e5ff,Arts and Culture,Arts and Culture
DON6785,c5ac0b5b-c824-42c4-85bc-9a57351553a5,Sports and Fitness,Sports and Fitness
DON6786,c5ac0b5b-c824-42c4-85bc-9a57351553a5,Finance,Finance
DON6787,c5ac0b5b-c824-42c4-85bc-9a57351553a5,Education,Education
DON6788,47ae379d-983a-4cb1-bf9c-e4c0668635d9,Health and Wellness,Health and Wellness
DON6789,47ae379d-983a-4cb1-bf9c-e4c0668635d9,Education,Education
DON6790,47ae379d-983a-4cb1-bf9c-e4c0668635d9,Sports and Fitness,Sports and Fitness
DON6791,e5150ee4-99f1-4518-b03c-84e5c581660c,Environment,Environment
DON6792,e5150ee4-99f1-4518-b03c-84e5c581660c,Food and Cooking,Food and Cooking
DON6793,e5150ee4-99f1-4518-b03c-84e5c581660c,Education,Education
DON6794,4c42f479-9f2e-40ed-b22c-bb60fe78b749,Education,Education
DON6795,4c42f479-9f2e-40ed-b22c-bb60fe78b749,Yoga and Pilates,Yoga and Pilates
DON6796,4c42f479-9f2e-40ed-b22c-bb60fe78b749,Sports and Fitness,Sports and Fitness
DON6797,d0ab5d58-a6f9-4e6d-8144-5c3ed886e95e,Food and Cooking,Food and Cooking
DON6798,d0ab5d58-a6f9-4e6d-8144-5c3ed886e95e,Environment,Environment
DON6799,d0ab5d58-a6f9-4e6d-8144-5c3ed886e95e,Sports and Fitness,Sports and Fitness
DON6800,6c75ffe9-ea82-4d7c-9ce3-24d229437c57,Arts and Culture,Arts and Culture
DON6801,82d84acf-6283-415a-b247-2ed227da971b,Technology,Technology
DON6802,f488f1df-d44d-4093-9259-fcfafaf497b2,Health and Wellness,Health and Wellness
DON6803,c9a68f57-ec31-4d1a-beef-0230168f2131,Travel,Travel
DON6804,e6518edd-b611-4ac1-994f-f2ed1175f1d7,Food and Cooking,Food and Cooking
DON6805,e6518edd-b611-4ac1-994f-f2ed1175f1d7,Yoga and Pilates,Yoga and Pilates
DON6806,e6518edd-b611-4ac1-994f-f2ed1175f1d7,Travel,Travel
DON6807,4cf8770a-5bd5-4398-b62c-384739da2f0e,Arts and Culture,Arts and Culture
DON6808,4cf8770a-5bd5-4398-b62c-384739da2f0e,Health and Wellness,Health and Wellness
DON6809,4cf8770a-5bd5-4398-b62c-384739da2f0e,Travel,Travel
DON6810,daa6503a-9e59-4619-ab4d-2c2acd20ac5e,Environment,Environment
DON6811,daa6503a-9e59-4619-ab4d-2c2acd20ac5e,Technology,Technology
DON6812,43d1e1d9-3ce8-43cc-a463-386627a59524,Sports and Fitness,Sports and Fitness
DON6813,03263ecb-6e85-44c5-9695-53523142092d,Health and Wellness,Health and Wellness
DON6814,c1321402-5300-4abd-a54e-a8aa444fd196,Travel,Travel
DON6815,c1321402-5300-4abd-a54e-a8aa444fd196,Education,Education
DON6816,39381aa3-9138-4301-b427-5ae3ef884b87,Technology,Technology
DON6817,39381aa3-9138-4301-b427-5ae3ef884b87,Yoga and Pilates,Yoga and Pilates
DON6818,39381aa3-9138-4301-b427-5ae3ef884b87,Sports and Fitness,Sports and Fitness
DON6819,b1d71001-0f67-4ee4-b52b-74ff70846d4c,Education,Education
DON6820,6d413956-2a9e-484d-b102-e3bf8285f3d6,Travel,Travel
DON6821,ae1144f3-2e7c-463e-881c-6d0c87ce1391,Environment,Environment
DON6822,253a818d-933f-4048-ac42-bf7ef1aae7a9,Sports and Fitness,Sports and Fitness
DON6823,d626b280-3a29-4377-a8c1-d150b20e6735,Education,Education
DON6824,d626b280-3a29-4377-a8c1-d150b20e6735,Health and Wellness,Health and Wellness
DON6825,d626b280-3a29-4377-a8c1-d150b20e6735,Travel,Travel
DON6826,ea5e4630-d4dc-41dc-881a-de74448db16d,Environment,Environment
DON6827,99eb8432-8435-48d2-b114-9e6acc573b4c,Environment,Environment
DON6828,74fc28af-a694-4639-aa56-b382c060f5cb,Travel,Travel
DON6829,74fc28af-a694-4639-aa56-b382c060f5cb,Education,Education
DON6830,84c641ef-e8a7-437f-b4ef-69b7f346f214,Health and Wellness,Health and Wellness
DON6831,84c641ef-e8a7-437f-b4ef-69b7f346f214,Yoga and Pilates,Yoga and Pilates
DON6832,185847a1-81c2-444b-9f82-5a537eecd04c,Food and Cooking,Food and Cooking
DON6833,185847a1-81c2-444b-9f82-5a537eecd04c,Environment,Environment
DON6834,185847a1-81c2-444b-9f82-5a537eecd04c,Travel,Travel
DON6835,e8ec6f9c-bbbb-4d07-9f6d-fad45096ee39,Health and Wellness,Health and Wellness
DON6836,e8ec6f9c-bbbb-4d07-9f6d-fad45096ee39,Travel,Travel
DON6837,9ffd4e41-062e-4603-84a6-2fae0463b98e,Technology,Technology
DON6838,9ffd4e41-062e-4603-84a6-2fae0463b98e,Food and Cooking,Food and Cooking
DON6839,dcf7d722-9807-41a2-9c67-85c747b43154,Health and Wellness,Health and Wellness
DON6840,dcf7d722-9807-41a2-9c67-85c747b43154,Food and Cooking,Food and Cooking
DON6841,148daf4a-483b-44b4-80ba-93020bfa9c2b,Finance,Finance
DON6842,84c0c11f-ad5e-4c89-9744-ccdc2fd4ac6e,Yoga and Pilates,Yoga and Pilates
DON6843,862b8cca-6c8e-4125-85ff-d372bda68d7f,Education,Education
DON6844,862b8cca-6c8e-4125-85ff-d372bda68d7f,Arts and Culture,Arts and Culture
DON6845,c054d242-4d70-4544-978e-1ea432279f58,Arts and Culture,Arts and Culture
DON6846,c054d242-4d70-4544-978e-1ea432279f58,Education,Education
DON6847,c054d242-4d70-4544-978e-1ea432279f58,Travel,Travel
DON6848,5fc6c48b-903b-4e7a-b60e-104f3a44dea5,Arts and Culture,Arts and Culture
DON6849,756df473-a70d-442f-a3f0-171e61e5a211,Travel,Travel
DON6850,759a177b-20be-4f3f-a1ab-92f834255590,Finance,Finance
DON6851,ae1df193-c2f3-4cf2-a202-c383fa00b0d5,Travel,Travel
DON6852,772cc78c-87a6-4543-bfca-0db1edd52da3,Arts and Culture,Arts and Culture
DON6853,772cc78c-87a6-4543-bfca-0db1edd52da3,Health and Wellness,Health and Wellness
DON6854,d4211dd2-c282-4775-9684-c9ef67db9f5e,Health and Wellness,Health and Wellness
DON6855,fc8fd964-bd33-4a50-b4de-e9177af2b76d,Finance,Finance
DON6856,fc8fd964-bd33-4a50-b4de-e9177af2b76d,Arts and Culture,Arts and Culture
DON6857,fc8fd964-bd33-4a50-b4de-e9177af2b76d,Education,Education
DON6858,96e77d90-8884-40c1-977d-99fba66af94f,Health and Wellness,Health and Wellness
DON6859,96e77d90-8884-40c1-977d-99fba66af94f,Travel,Travel
DON6860,9168ad9b-fcff-45c6-b158-5e155f87d2f6,Sports and Fitness,Sports and Fitness
DON6861,9168ad9b-fcff-45c6-b158-5e155f87d2f6,Food and Cooking,Food and Cooking
DON6862,9168ad9b-fcff-45c6-b158-5e155f87d2f6,Environment,Environment
DON6863,613475c2-1388-4a1e-aeb5-36c6c2717e52,Travel,Travel
DON6864,613475c2-1388-4a1e-aeb5-36c6c2717e52,Technology,Technology
DON6865,613475c2-1388-4a1e-aeb5-36c6c2717e52,Environment,Environment
DON6866,b0e01751-ec75-4f2f-8306-7a262747892e,Technology,Technology
DON6867,b0e01751-ec75-4f2f-8306-7a262747892e,Travel,Travel
DON6868,b0e01751-ec75-4f2f-8306-7a262747892e,Sports and Fitness,Sports and Fitness
DON6869,ad1ccdae-16ad-49e9-9806-5c34dcca3287,Travel,Travel
DON6870,ad1ccdae-16ad-49e9-9806-5c34dcca3287,Yoga and Pilates,Yoga and Pilates
DON6871,ad1ccdae-16ad-49e9-9806-5c34dcca3287,Health and Wellness,Health and Wellness
DON6872,25c45be9-82e6-452c-88c4-2e2b489122f5,Environment,Environment
DON6873,dd8a1aef-9470-4f4d-b7f4-d8fead3b58e3,Yoga and Pilates,Yoga and Pilates
DON6874,dd8a1aef-9470-4f4d-b7f4-d8fead3b58e3,Food and Cooking,Food and Cooking
DON6875,dd8a1aef-9470-4f4d-b7f4-d8fead3b58e3,Education,Education
DON6876,dcfeb7cf-6e05-486c-9999-c720d40125ee,Arts and Culture,Arts and Culture
DON6877,b62226eb-2350-49be-a07c-ad17b690128b,Yoga and Pilates,Yoga and Pilates
DON6878,b62226eb-2350-49be-a07c-ad17b690128b,Food and Cooking,Food and Cooking
DON6879,b62226eb-2350-49be-a07c-ad17b690128b,Education,Education
DON6880,16ee1fcc-52fd-4fdd-943c-1c2f88ea3d6f,Technology,Technology
DON6881,db5d910a-afea-4ac6-9ed0-329a133f63aa,Health and Wellness,Health and Wellness
DON6882,176d7a4d-23e1-4f4d-98b7-dea0971b869e,Sports and Fitness,Sports and Fitness
DON6883,176d7a4d-23e1-4f4d-98b7-dea0971b869e,Travel,Travel
DON6884,3c7f0b42-a43d-4911-a2f8-0d8927e14a7d,Yoga and Pilates,Yoga and Pilates
DON6885,5fb93a02-806c-4eed-adb2-8b907ce8ac17,Finance,Finance
DON6886,a5550e85-a5cf-47fd-8888-0d822e36b024,Environment,Environment
DON6887,a5550e85-a5cf-47fd-8888-0d822e36b024,Travel,Travel
DON6888,a5550e85-a5cf-47fd-8888-0d822e36b024,Yoga and Pilates,Yoga and Pilates
DON6889,685483b0-61dc-4007-927d-a85165ced482,Education,Education
DON6890,74c5b7ec-e0ae-428a-90bc-5f0940675b6c,Yoga and Pilates,Yoga and Pilates
DON6891,74c5b7ec-e0ae-428a-90bc-5f0940675b6c,Finance,Finance
DON6892,74c5b7ec-e0ae-428a-90bc-5f0940675b6c,Food and Cooking,Food and Cooking
DON6893,23292a7e-68f5-441a-97ed-9544d844e8be,Education,Education
DON6894,0945d0f1-75ce-4987-bed3-09ad32ab1fd2,Travel,Travel
DON6895,0945d0f1-75ce-4987-bed3-09ad32ab1fd2,Sports and Fitness,Sports and Fitness
DON6896,0945d0f1-75ce-4987-bed3-09ad32ab1fd2,Education,Education
DON6897,49520d5d-a2b7-4f98-96fc-b9da91f8adf4,Technology,Technology
DON6898,49520d5d-a2b7-4f98-96fc-b9da91f8adf4,Arts and Culture,Arts and Culture
DON6899,8c74f639-f1f0-4152-b71e-2d74e87395aa,Finance,Finance
DON6900,1a7842ad-3302-4590-9b41-6094e344a1ae,Food and Cooking,Food and Cooking
DON6901,1a7842ad-3302-4590-9b41-6094e344a1ae,Sports and Fitness,Sports and Fitness
DON6902,1a7842ad-3302-4590-9b41-6094e344a1ae,Environment,Environment
DON6903,e627cc00-6b5e-4359-a66a-33b3df152c3c,Arts and Culture,Arts and Culture
DON6904,6c4393d1-2bce-4e50-95b7-589278ff9ba4,Technology,Technology
DON6905,1207469d-05c8-49cd-bf56-87982f5a90bd,Travel,Travel
DON6906,aa633326-79c7-46af-bb30-25373c8f5052,Technology,Technology
DON6907,aa633326-79c7-46af-bb30-25373c8f5052,Food and Cooking,Food and Cooking
DON6908,aa633326-79c7-46af-bb30-25373c8f5052,Environment,Environment
DON6909,f5982669-2478-4e38-b255-b7bc1db83a13,Environment,Environment
DON6910,96281ed4-4b70-4091-adca-a2ca0d43a3a5,Arts and Culture,Arts and Culture
DON6911,96281ed4-4b70-4091-adca-a2ca0d43a3a5,Education,Education
DON6912,ec04d68e-b1c0-4d5f-a847-6086c4ddd5e7,Yoga and Pilates,Yoga and Pilates
DON6913,ec04d68e-b1c0-4d5f-a847-6086c4ddd5e7,Environment,Environment
DON6914,6c221c92-1fb1-4b98-8d51-58d19efa87f9,Technology,Technology
DON6915,6c221c92-1fb1-4b98-8d51-58d19efa87f9,Finance,Finance
DON6916,38b9988e-1f95-45c0-97cf-726ce34e81c4,Sports and Fitness,Sports and Fitness
DON6917,38b9988e-1f95-45c0-97cf-726ce34e81c4,Arts and Culture,Arts and Culture
DON6918,c8e491be-0e37-49e1-b01f-c317dafbe510,Environment,Environment
DON6919,c8e491be-0e37-49e1-b01f-c317dafbe510,Technology,Technology
DON6920,c8e491be-0e37-49e1-b01f-c317dafbe510,Arts and Culture,Arts and Culture
DON6921,3ae4bf90-0ca7-43c5-bafb-a9698294d38d,Yoga and Pilates,Yoga and Pilates
DON6922,3ae4bf90-0ca7-43c5-bafb-a9698294d38d,Health and Wellness,Health and Wellness
DON6923,3ae4bf90-0ca7-43c5-bafb-a9698294d38d,Education,Education
DON6924,d4d5c320-e419-42eb-963e-e21f931c0580,Sports and Fitness,Sports and Fitness
DON6925,b8bc65a5-69b7-4294-92dd-77a1db86b6b2,Environment,Environment
DON6926,ee068a17-7866-4519-9e00-9be4f1f140a2,Health and Wellness,Health and Wellness
DON6927,ee068a17-7866-4519-9e00-9be4f1f140a2,Education,Education
DON6928,ee068a17-7866-4519-9e00-9be4f1f140a2,Finance,Finance
DON6929,ee94a0f8-f5f9-466b-b57d-d07982c6c817,Travel,Travel
DON6930,ee94a0f8-f5f9-466b-b57d-d07982c6c817,Food and Cooking,Food and Cooking
DON6931,ee94a0f8-f5f9-466b-b57d-d07982c6c817,Arts and Culture,Arts and Culture
DON6932,bf9577da-17af-43e8-95ed-ceee30c5e4ff,Arts and Culture,Arts and Culture
DON6933,bf9577da-17af-43e8-95ed-ceee30c5e4ff,Health and Wellness,Health and Wellness
DON6934,53d7dd28-a23d-499d-96d5-25a403a4538b,Health and Wellness,Health and Wellness
DON6935,53d7dd28-a23d-499d-96d5-25a403a4538b,Education,Education
DON6936,53d7dd28-a23d-499d-96d5-25a403a4538b,Environment,Environment
DON6937,5116fa52-e78a-4e59-9cda-2906b5e48ed1,Arts and Culture,Arts and Culture
DON6938,5116fa52-e78a-4e59-9cda-2906b5e48ed1,Education,Education
DON6939,5116fa52-e78a-4e59-9cda-2906b5e48ed1,Health and Wellness,Health and Wellness
DON6940,d249f2d5-bbf1-47b2-93b1-9867ae7a033e,Yoga and Pilates,Yoga and Pilates
DON6941,d249f2d5-bbf1-47b2-93b1-9867ae7a033e,Travel,Travel
DON6942,a75fcbec-9b3a-476b-9f26-59088f0d3f7f,Health and Wellness,Health and Wellness
DON6943,a75fcbec-9b3a-476b-9f26-59088f0d3f7f,Yoga and Pilates,Yoga and Pilates
DON6944,a75fcbec-9b3a-476b-9f26-59088f0d3f7f,Sports and Fitness,Sports and Fitness
DON6945,6e27b23f-0c9b-47c2-ae0f-0d065599ba6a,Travel,Travel
DON6946,93ad0ca5-8620-4660-af88-649e6ffb19e1,Technology,Technology
DON6947,93ad0ca5-8620-4660-af88-649e6ffb19e1,Sports and Fitness,Sports and Fitness
DON6948,3bdab5ed-e36e-48d7-9fee-aa36b36e80a9,Arts and Culture,Arts and Culture
DON6949,3bdab5ed-e36e-48d7-9fee-aa36b36e80a9,Technology,Technology
DON6950,3bdab5ed-e36e-48d7-9fee-aa36b36e80a9,Sports and Fitness,Sports and Fitness
DON6951,8c1b7dbf-1aab-44cd-8141-ad7bd6bd8cdf,Arts and Culture,Arts and Culture
DON6952,8c1b7dbf-1aab-44cd-8141-ad7bd6bd8cdf,Finance,Finance
DON6953,8c1b7dbf-1aab-44cd-8141-ad7bd6bd8cdf,Environment,Environment
DON6954,8c3db5fb-c2bd-42b6-beb6-7da5bea8d2ee,Finance,Finance
DON6955,6846f6f9-95e7-40ec-863d-ff7ff5ef9d05,Technology,Technology
DON6956,3a2b31a8-b838-4286-a8c9-84c946fdd50c,Arts and Culture,Arts and Culture
DON6957,3a2b31a8-b838-4286-a8c9-84c946fdd50c,Health and Wellness,Health and Wellness
DON6958,3a2b31a8-b838-4286-a8c9-84c946fdd50c,Finance,Finance
DON6959,96a03e71-e77a-467e-b3af-b72b1b9ce512,Travel,Travel
DON6960,96a03e71-e77a-467e-b3af-b72b1b9ce512,Food and Cooking,Food and Cooking
DON6961,968e86a5-2490-453e-906b-a1be8285ea94,Sports and Fitness,Sports and Fitness
DON6962,968e86a5-2490-453e-906b-a1be8285ea94,Education,Education
DON6963,968e86a5-2490-453e-906b-a1be8285ea94,Travel,Travel
DON6964,f66ebf90-24e3-4435-b445-0e54b648f0f5,Environment,Environment
DON6965,f66ebf90-24e3-4435-b445-0e54b648f0f5,Finance,Finance
DON6966,fb86f99a-0b38-4524-9756-414334c295ed,Education,Education
DON6967,75b71a8c-f902-470d-a19f-86dd8d0ea45a,Technology,Technology
DON6968,75b71a8c-f902-470d-a19f-86dd8d0ea45a,Education,Education
DON6969,2093e208-c10e-4bc7-ac6f-c637e0dda79a,Sports and Fitness,Sports and Fitness
DON6970,2093e208-c10e-4bc7-ac6f-c637e0dda79a,Yoga and Pilates,Yoga and Pilates
DON6971,b5f39e3f-0b49-4120-b400-33674b23fe49,Education,Education
DON6972,2550e25f-6728-4156-bf54-1ef8521734db,Food and Cooking,Food and Cooking
DON6973,2550e25f-6728-4156-bf54-1ef8521734db,Sports and Fitness,Sports and Fitness
DON6974,5b261337-fc27-48d4-a5de-77257fbb0e26,Health and Wellness,Health and Wellness
DON6975,5b261337-fc27-48d4-a5de-77257fbb0e26,Yoga and Pilates,Yoga and Pilates
DON6976,5b261337-fc27-48d4-a5de-77257fbb0e26,Technology,Technology
DON6977,23241ebc-2f80-4682-b032-c5feae1a1ed6,Food and Cooking,Food and Cooking
DON6978,583dadcb-f046-469a-b527-afa5eb8b0466,Health and Wellness,Health and Wellness
DON6979,583dadcb-f046-469a-b527-afa5eb8b0466,Yoga and Pilates,Yoga and Pilates
DON6980,c5bb3206-efa7-44bc-b033-d5ddaac67cf2,Food and Cooking,Food and Cooking
DON6981,c5bb3206-efa7-44bc-b033-d5ddaac67cf2,Technology,Technology
DON6982,c5bb3206-efa7-44bc-b033-d5ddaac67cf2,Environment,Environment
DON6983,7c56eaec-7bf2-462c-9a49-5d28675a797a,Yoga and Pilates,Yoga and Pilates
DON6984,621353c6-e6bd-4397-a770-3c33384cb097,Arts and Culture,Arts and Culture
DON6985,621353c6-e6bd-4397-a770-3c33384cb097,Yoga and Pilates,Yoga and Pilates
DON6986,50a3eb1f-0a7c-4ac1-89fc-3cbb24ad704c,Environment,Environment
DON6987,17f4cc61-ea7d-4ba0-94fe-d70ed87bb329,Yoga and Pilates,Yoga and Pilates
DON6988,17f4cc61-ea7d-4ba0-94fe-d70ed87bb329,Health and Wellness,Health and Wellness
DON6989,17f4cc61-ea7d-4ba0-94fe-d70ed87bb329,Travel,Travel
DON6990,19578de9-8513-4175-9839-b1e6a1ffb8c1,Health and Wellness,Health and Wellness
DON6991,19578de9-8513-4175-9839-b1e6a1ffb8c1,Finance,Finance
DON6992,19578de9-8513-4175-9839-b1e6a1ffb8c1,Sports and Fitness,Sports and Fitness
DON6993,11e5e722-295e-4794-b945-a991e7e3d2f9,Food and Cooking,Food and Cooking
DON6994,11e5e722-295e-4794-b945-a991e7e3d2f9,Education,Education
DON6995,11e5e722-295e-4794-b945-a991e7e3d2f9,Environment,Environment
DON6996,011e89cb-21b0-4de1-821a-8f46ab8cc182,Health and Wellness,Health and Wellness
DON6997,9c97e579-4771-4fc6-a627-6274a64a59ab,Health and Wellness,Health and Wellness
DON6998,9c97e579-4771-4fc6-a627-6274a64a59ab,Finance,Finance
DON6999,db744ccf-14a5-4c9d-807c-3dfcef8f153b,Yoga and Pilates,Yoga and Pilates
DON7000,db744ccf-14a5-4c9d-807c-3dfcef8f153b,Finance,Finance
DON7001,db744ccf-14a5-4c9d-807c-3dfcef8f153b,Arts and Culture,Arts and Culture
DON7002,d32cbeea-bd74-4a9e-9f8d-b2c29e76c0c3,Environment,Environment
DON7003,d32cbeea-bd74-4a9e-9f8d-b2c29e76c0c3,Yoga and Pilates,Yoga and Pilates
DON7004,d9347d30-c497-454a-9c23-d7acee2b365b,Technology,Technology
DON7005,d9347d30-c497-454a-9c23-d7acee2b365b,Finance,Finance
DON7006,d9347d30-c497-454a-9c23-d7acee2b365b,Travel,Travel
DON7007,649cee2c-10f4-44cb-9fbb-1446a9adb821,Technology,Technology
DON7008,649cee2c-10f4-44cb-9fbb-1446a9adb821,Education,Education
DON7009,12cf0eae-6654-4e26-81e8-b06a70d607b1,Arts and Culture,Arts and Culture
DON7010,d2d4cde8-6163-4fa4-89cd-a949c7c56bd7,Arts and Culture,Arts and Culture
DON7011,e0148ac5-98ea-4588-9bd0-84cc7aae09eb,Sports and Fitness,Sports and Fitness
DON7012,e0148ac5-98ea-4588-9bd0-84cc7aae09eb,Finance,Finance
DON7013,e0148ac5-98ea-4588-9bd0-84cc7aae09eb,Technology,Technology
DON7014,3f47d356-8cc5-443e-b4cd-daf9b7eac8f6,Food and Cooking,Food and Cooking
DON7015,3f47d356-8cc5-443e-b4cd-daf9b7eac8f6,Finance,Finance
DON7016,4841fc09-6524-4707-93f8-cb9bc850bad7,Food and Cooking,Food and Cooking
DON7017,de80f6f8-e3c1-40e2-8356-67f8d682cf93,Finance,Finance
DON7018,de80f6f8-e3c1-40e2-8356-67f8d682cf93,Environment,Environment
DON7019,80a1685f-48ee-4453-ac00-51781f11b966,Yoga and Pilates,Yoga and Pilates
DON7020,80a1685f-48ee-4453-ac00-51781f11b966,Health and Wellness,Health and Wellness
DON7021,80a1685f-48ee-4453-ac00-51781f11b966,Arts and Culture,Arts and Culture
DON7022,580bde61-313e-4bbf-a465-96894a3c4470,Food and Cooking,Food and Cooking
DON7023,580bde61-313e-4bbf-a465-96894a3c4470,Environment,Environment
DON7024,580bde61-313e-4bbf-a465-96894a3c4470,Technology,Technology
DON7025,58df474e-75aa-4baa-841c-a280649d3f05,Travel,Travel
DON7026,d3083542-efe5-421a-8688-ee68dc22845f,Food and Cooking,Food and Cooking
DON7027,d3083542-efe5-421a-8688-ee68dc22845f,Technology,Technology
DON7028,d3083542-efe5-421a-8688-ee68dc22845f,Health and Wellness,Health and Wellness
DON7029,e1690211-f940-49f6-9885-09b3f0f4b03a,Arts and Culture,Arts and Culture
DON7030,e1690211-f940-49f6-9885-09b3f0f4b03a,Finance,Finance
DON7031,6671b467-79e6-4ad6-b590-d580ac74772b,Yoga and Pilates,Yoga and Pilates
DON7032,bd01bb73-beb3-4482-b813-e292874345d4,Food and Cooking,Food and Cooking
DON7033,bd01bb73-beb3-4482-b813-e292874345d4,Arts and Culture,Arts and Culture
DON7034,4a3366b0-0729-46ce-a473-6e52a31e3016,Environment,Environment
DON7035,4a3366b0-0729-46ce-a473-6e52a31e3016,Finance,Finance
DON7036,f109bb6d-021e-41ae-af52-6fb3ad22a50c,Travel,Travel
DON7037,f109bb6d-021e-41ae-af52-6fb3ad22a50c,Environment,Environment
DON7038,dd4d8b6a-7df5-4d79-9bed-4b1d07067083,Arts and Culture,Arts and Culture
DON7039,6ca9f43a-96fa-4a31-b435-9c447d527f7d,Health and Wellness,Health and Wellness
DON7040,34dd9d25-50e1-4b14-88ba-1376bf9cc1af,Health and Wellness,Health and Wellness
DON7041,34dd9d25-50e1-4b14-88ba-1376bf9cc1af,Food and Cooking,Food and Cooking
DON7042,34dd9d25-50e1-4b14-88ba-1376bf9cc1af,Technology,Technology
DON7043,12425946-0e5a-456a-93ee-b46e14a306ce,Education,Education
DON7044,12425946-0e5a-456a-93ee-b46e14a306ce,Finance,Finance
DON7045,12425946-0e5a-456a-93ee-b46e14a306ce,Technology,Technology
DON7046,0ab67ccc-f248-4490-bee7-a93a662911f7,Environment,Environment
DON7047,0ab67ccc-f248-4490-bee7-a93a662911f7,Technology,Technology
DON7048,77602201-7602-4ae5-b54e-39ea04a5d9b3,Arts and Culture,Arts and Culture
DON7049,77602201-7602-4ae5-b54e-39ea04a5d9b3,Environment,Environment
DON7050,77602201-7602-4ae5-b54e-39ea04a5d9b3,Education,Education
DON7051,6869f414-d811-4d52-a8c1-6d17dcf554c7,Yoga and Pilates,Yoga and Pilates
DON7052,5ae16a1c-86da-4307-b04b-28148607b917,Environment,Environment
DON7053,5ae16a1c-86da-4307-b04b-28148607b917,Education,Education
DON7054,5ae16a1c-86da-4307-b04b-28148607b917,Sports and Fitness,Sports and Fitness
DON7055,44f51f3a-06ab-404b-bad5-6df2b02a978f,Health and Wellness,Health and Wellness
DON7056,8a20285f-30ac-48b2-b09a-bbac03d100c2,Education,Education
DON7057,3839d534-7281-4eb3-b3ae-141a9f248ae2,Yoga and Pilates,Yoga and Pilates
DON7058,3839d534-7281-4eb3-b3ae-141a9f248ae2,Education,Education
DON7059,305e72c8-df48-4eee-b923-6b4a27402fe3,Sports and Fitness,Sports and Fitness
DON7060,305e72c8-df48-4eee-b923-6b4a27402fe3,Environment,Environment
DON7061,44e63bae-1093-4e48-b779-4ea69446dc9b,Technology,Technology
DON7062,44e63bae-1093-4e48-b779-4ea69446dc9b,Environment,Environment
DON7063,44e63bae-1093-4e48-b779-4ea69446dc9b,Travel,Travel
DON7064,a16c2bbd-d75d-4726-9424-8c48ec92ad0e,Education,Education
DON7065,55eeca1b-fb71-4ac6-921f-726e5b4fee3d,Technology,Technology
DON7066,bf565529-e7e3-49ba-93aa-5297940e5552,Environment,Environment
DON7067,bf565529-e7e3-49ba-93aa-5297940e5552,Arts and Culture,Arts and Culture
DON7068,bf565529-e7e3-49ba-93aa-5297940e5552,Yoga and Pilates,Yoga and Pilates
DON7069,7a6af4b2-6433-45c7-8bbb-427527890eb6,Sports and Fitness,Sports and Fitness
DON7070,dea105b6-abb6-45ce-b932-6d9eaf4e18e3,Food and Cooking,Food and Cooking
DON7071,dea105b6-abb6-45ce-b932-6d9eaf4e18e3,Travel,Travel
DON7072,dea105b6-abb6-45ce-b932-6d9eaf4e18e3,Health and Wellness,Health and Wellness
DON7073,4ef56ea4-e3fd-40f9-bb1e-1fab66f508d6,Yoga and Pilates,Yoga and Pilates
DON7074,4ef56ea4-e3fd-40f9-bb1e-1fab66f508d6,Food and Cooking,Food and Cooking
DON7075,4ef56ea4-e3fd-40f9-bb1e-1fab66f508d6,Sports and Fitness,Sports and Fitness
DON7076,2f9e6867-73e0-471b-98c7-8600be2ee982,Finance,Finance
DON7077,2f9e6867-73e0-471b-98c7-8600be2ee982,Food and Cooking,Food and Cooking
DON7078,2f9e6867-73e0-471b-98c7-8600be2ee982,Education,Education
DON7079,0ba7ca6f-e1dd-4c05-9074-c1923fae12d9,Sports and Fitness,Sports and Fitness
DON7080,0ba7ca6f-e1dd-4c05-9074-c1923fae12d9,Finance,Finance
DON7081,8a05415e-4751-4fa8-b4c3-279811922a82,Sports and Fitness,Sports and Fitness
DON7082,6f2fc570-8420-4734-bf4d-4e9810f815aa,Technology,Technology
DON7083,6f2fc570-8420-4734-bf4d-4e9810f815aa,Yoga and Pilates,Yoga and Pilates
DON7084,05ba11cb-c2fd-4ef8-b18f-5a4f5b7e9fa5,Sports and Fitness,Sports and Fitness
DON7085,ba75db99-0640-4633-9214-1adf6768ed22,Arts and Culture,Arts and Culture
DON7086,ba75db99-0640-4633-9214-1adf6768ed22,Technology,Technology
DON7087,5272d59b-f2a3-4bc7-b4ba-ff4b0cb279d5,Food and Cooking,Food and Cooking
DON7088,32949ebb-5a41-4291-b573-ea142b442824,Yoga and Pilates,Yoga and Pilates
DON7089,32949ebb-5a41-4291-b573-ea142b442824,Arts and Culture,Arts and Culture
DON7090,11618177-0921-4a5c-860f-4fd366e04d7a,Arts and Culture,Arts and Culture
DON7091,22355c18-e0ac-45e8-b7e5-69e4f6e9f7d8,Health and Wellness,Health and Wellness
DON7092,22355c18-e0ac-45e8-b7e5-69e4f6e9f7d8,Sports and Fitness,Sports and Fitness
DON7093,22355c18-e0ac-45e8-b7e5-69e4f6e9f7d8,Finance,Finance
DON7094,433aab9f-edf8-497d-b68d-68bc4ff183e3,Environment,Environment
DON7095,433aab9f-edf8-497d-b68d-68bc4ff183e3,Yoga and Pilates,Yoga and Pilates
DON7096,5d9efc5e-1957-4204-8cf1-2e679553df6e,Environment,Environment
DON7097,5d9efc5e-1957-4204-8cf1-2e679553df6e,Food and Cooking,Food and Cooking
DON7098,ad99f127-bdd0-43d0-a563-222c77431044,Finance,Finance
DON7099,ad99f127-bdd0-43d0-a563-222c77431044,Technology,Technology
DON7100,b997379d-5404-4f44-815b-8450ac64c992,Health and Wellness,Health and Wellness
DON7101,b997379d-5404-4f44-815b-8450ac64c992,Arts and Culture,Arts and Culture
DON7102,b2ec4cd5-cb73-4acc-baf3-6149712f17d9,Finance,Finance
DON7103,0ae1001f-eff7-49f8-8319-6f7970c08e64,Yoga and Pilates,Yoga and Pilates
DON7104,0ae1001f-eff7-49f8-8319-6f7970c08e64,Education,Education
DON7105,b1f63e8f-7a76-4bfc-8d35-dd7dd3281b68,Finance,Finance
DON7106,95b7e30c-d59f-4ded-953e-5b3a7e0fa989,Sports and Fitness,Sports and Fitness
DON7107,95b7e30c-d59f-4ded-953e-5b3a7e0fa989,Travel,Travel
DON7108,95b7e30c-d59f-4ded-953e-5b3a7e0fa989,Food and Cooking,Food and Cooking
DON7109,ec3c1abe-75b6-4340-8889-0f609832f356,Arts and Culture,Arts and Culture
DON7110,ec3c1abe-75b6-4340-8889-0f609832f356,Sports and Fitness,Sports and Fitness
DON7111,86740d14-0585-431a-b99f-0a3fc33d94fe,Technology,Technology
DON7112,86740d14-0585-431a-b99f-0a3fc33d94fe,Health and Wellness,Health and Wellness
DON7113,86740d14-0585-431a-b99f-0a3fc33d94fe,Arts and Culture,Arts and Culture
DON7114,78779c79-c1c3-47af-99b7-6e76e6e08a3d,Arts and Culture,Arts and Culture
DON7115,94a36cdd-b7ab-4ca0-8035-7a12c91fd2ce,Finance,Finance
DON7116,330e166f-6c1f-48b0-b4ab-8b843ccd7eb6,Sports and Fitness,Sports and Fitness
DON7117,ffd54f42-4d2d-4e97-94fe-82438882d61c,Health and Wellness,Health and Wellness
DON7118,ffd54f42-4d2d-4e97-94fe-82438882d61c,Finance,Finance
DON7119,ffd54f42-4d2d-4e97-94fe-82438882d61c,Sports and Fitness,Sports and Fitness
DON7120,a345651a-b51e-43cb-a00c-71850920888d,Sports and Fitness,Sports and Fitness
DON7121,ea7ec09e-3e18-4419-8cc0-9d2c6d3a21f1,Arts and Culture,Arts and Culture
DON7122,76099657-0a3d-4eec-b8f3-16a389f46e73,Travel,Travel
DON7123,76099657-0a3d-4eec-b8f3-16a389f46e73,Finance,Finance
DON7124,20c8324e-175b-41cc-95fd-0d97ab308fbe,Yoga and Pilates,Yoga and Pilates
DON7125,20c8324e-175b-41cc-95fd-0d97ab308fbe,Sports and Fitness,Sports and Fitness
DON7126,20c8324e-175b-41cc-95fd-0d97ab308fbe,Arts and Culture,Arts and Culture
DON7127,8a324711-80e1-4e50-a8b6-c0bd5171858c,Technology,Technology
DON7128,f79f32eb-8b60-45ec-a437-5ce7ea79eaa9,Yoga and Pilates,Yoga and Pilates
DON7129,f79f32eb-8b60-45ec-a437-5ce7ea79eaa9,Travel,Travel
DON7130,f79f32eb-8b60-45ec-a437-5ce7ea79eaa9,Environment,Environment
DON7131,f7f50ddc-e320-40f1-aacb-0f6574b4b0f3,Yoga and Pilates,Yoga and Pilates
DON7132,47fd4684-fd2e-493e-a8f9-bbab32007803,Education,Education
DON7133,47fd4684-fd2e-493e-a8f9-bbab32007803,Environment,Environment
DON7134,47fd4684-fd2e-493e-a8f9-bbab32007803,Technology,Technology
DON7135,3e5fa4ec-e743-44b5-9909-056961166892,Finance,Finance
DON7136,3269a89b-eed1-409a-a181-7db7259464d4,Sports and Fitness,Sports and Fitness
DON7137,3269a89b-eed1-409a-a181-7db7259464d4,Food and Cooking,Food and Cooking
DON7138,cafb66a1-1381-4826-b562-0aa355f3c8d6,Health and Wellness,Health and Wellness
DON7139,cafb66a1-1381-4826-b562-0aa355f3c8d6,Yoga and Pilates,Yoga and Pilates
DON7140,a68f1abb-855e-4988-b422-45973cdeb9e1,Food and Cooking,Food and Cooking
DON7141,f4f142aa-41ba-44f3-981b-7245d5d23d40,Sports and Fitness,Sports and Fitness
DON7142,f4f142aa-41ba-44f3-981b-7245d5d23d40,Arts and Culture,Arts and Culture
DON7143,f4f142aa-41ba-44f3-981b-7245d5d23d40,Education,Education
DON7144,4b0ac9f9-76e6-4b6d-80c5-2e1ed66b9c76,Arts and Culture,Arts and Culture
DON7145,4b0ac9f9-76e6-4b6d-80c5-2e1ed66b9c76,Sports and Fitness,Sports and Fitness
DON7146,c038868d-1022-46b9-90cb-6fb247c6b5b7,Arts and Culture,Arts and Culture
DON7147,73712aa7-77f8-45c5-8e3b-b650b15694d6,Health and Wellness,Health and Wellness
DON7148,73712aa7-77f8-45c5-8e3b-b650b15694d6,Food and Cooking,Food and Cooking
DON7149,c37f04e2-3798-4287-a212-e1ed01b2e036,Travel,Travel
DON7150,c37f04e2-3798-4287-a212-e1ed01b2e036,Technology,Technology
DON7151,c37f04e2-3798-4287-a212-e1ed01b2e036,Arts and Culture,Arts and Culture
DON7152,b2767db9-9596-43fe-a08e-b2d9be044883,Education,Education
DON7153,b2767db9-9596-43fe-a08e-b2d9be044883,Sports and Fitness,Sports and Fitness
DON7154,666c4b5e-ed70-44d2-82b6-f4f96ca249cc,Arts and Culture,Arts and Culture
DON7155,6b974c81-b15c-4552-84d4-9e6b1ce7f87b,Health and Wellness,Health and Wellness
DON7156,6b974c81-b15c-4552-84d4-9e6b1ce7f87b,Education,Education
DON7157,6b974c81-b15c-4552-84d4-9e6b1ce7f87b,Sports and Fitness,Sports and Fitness
DON7158,0dec25e3-2ff5-499f-acda-46604b261e65,Arts and Culture,Arts and Culture
DON7159,0dec25e3-2ff5-499f-acda-46604b261e65,Travel,Travel
DON7160,2ff52daa-ebc4-47d6-ac58-dc1ed72eb103,Education,Education
DON7161,2b496da9-7f03-4c0f-ac03-1fb1467507ab,Technology,Technology
DON7162,58ca441d-1a1c-4f33-b578-77a57908c368,Yoga and Pilates,Yoga and Pilates
DON7163,952628c6-702f-486b-8ac9-87f9831d8240,Environment,Environment
DON7164,952628c6-702f-486b-8ac9-87f9831d8240,Health and Wellness,Health and Wellness
DON7165,952628c6-702f-486b-8ac9-87f9831d8240,Yoga and Pilates,Yoga and Pilates
DON7166,cc92ce10-3588-4061-867c-ea1ec00e91e8,Yoga and Pilates,Yoga and Pilates
DON7167,cc92ce10-3588-4061-867c-ea1ec00e91e8,Environment,Environment
DON7168,02f98b40-bdd1-49f6-847f-e2add02579fe,Sports and Fitness,Sports and Fitness
DON7169,d1c75351-6c75-4c4e-8210-bb772823dd1e,Education,Education
DON7170,8ebc2f0e-c0bf-4c58-8f98-3ecd88b9ee0c,Environment,Environment
DON7171,8ebc2f0e-c0bf-4c58-8f98-3ecd88b9ee0c,Health and Wellness,Health and Wellness
DON7172,8ebc2f0e-c0bf-4c58-8f98-3ecd88b9ee0c,Education,Education
DON7173,1d0eb055-5d28-4627-b305-0ccb77bffdb6,Environment,Environment
DON7174,96901c00-4c03-44e9-afbf-1641fafd6e97,Sports and Fitness,Sports and Fitness
DON7175,96901c00-4c03-44e9-afbf-1641fafd6e97,Environment,Environment
DON7176,7cd9e02e-dd76-4878-925b-dfaa269fc4cc,Arts and Culture,Arts and Culture
DON7177,9cf4e9e4-65b9-44a2-b846-29138e344e4b,Food and Cooking,Food and Cooking
DON7178,197bfb03-a5f5-47b0-b937-39ded010819e,Yoga and Pilates,Yoga and Pilates
DON7179,197bfb03-a5f5-47b0-b937-39ded010819e,Sports and Fitness,Sports and Fitness
DON7180,ffd97ee0-3f52-4d43-9e90-be1aadbfc223,Technology,Technology
DON7181,ffd97ee0-3f52-4d43-9e90-be1aadbfc223,Travel,Travel
DON7182,ffd97ee0-3f52-4d43-9e90-be1aadbfc223,Health and Wellness,Health and Wellness
DON7183,0257d03c-2cab-4ee6-acd1-c8c9bdca4f30,Yoga and Pilates,Yoga and Pilates
DON7184,0257d03c-2cab-4ee6-acd1-c8c9bdca4f30,Food and Cooking,Food and Cooking
DON7185,16132c26-6719-45fc-9e99-5d2cd9cdad98,Travel,Travel
DON7186,16132c26-6719-45fc-9e99-5d2cd9cdad98,Technology,Technology
DON7187,f5950321-e3cc-4fce-93b8-f0484891052e,Arts and Culture,Arts and Culture
DON7188,f5950321-e3cc-4fce-93b8-f0484891052e,Health and Wellness,Health and Wellness
DON7189,f5950321-e3cc-4fce-93b8-f0484891052e,Environment,Environment
DON7190,76039b91-1df3-40d5-be3b-6bb5aa2f88f5,Education,Education
DON7191,76039b91-1df3-40d5-be3b-6bb5aa2f88f5,Technology,Technology
DON7192,76039b91-1df3-40d5-be3b-6bb5aa2f88f5,Food and Cooking,Food and Cooking
DON7193,b2197065-3401-4833-b44b-83a8d47e4f0d,Education,Education
DON7194,b2197065-3401-4833-b44b-83a8d47e4f0d,Environment,Environment
DON7195,b2197065-3401-4833-b44b-83a8d47e4f0d,Health and Wellness,Health and Wellness
DON7196,2128d7ea-5ab5-4db3-bcf5-9980d941c3e8,Arts and Culture,Arts and Culture
DON7197,0c7af352-1604-48f6-966f-8364e8a6d5e0,Education,Education
DON7198,0c7af352-1604-48f6-966f-8364e8a6d5e0,Health and Wellness,Health and Wellness
DON7199,0c7af352-1604-48f6-966f-8364e8a6d5e0,Technology,Technology
DON7200,32493640-4913-4d9d-aaec-7733a7c7efe6,Travel,Travel
DON7201,32493640-4913-4d9d-aaec-7733a7c7efe6,Environment,Environment
DON7202,32493640-4913-4d9d-aaec-7733a7c7efe6,Yoga and Pilates,Yoga and Pilates
DON7203,815429ea-cdf6-45a6-950c-39e6e3d74b03,Technology,Technology
DON7204,ca1369d0-ba11-43d8-b401-28d4c6f8b748,Environment,Environment
DON7205,ca1369d0-ba11-43d8-b401-28d4c6f8b748,Sports and Fitness,Sports and Fitness
DON7206,ca1369d0-ba11-43d8-b401-28d4c6f8b748,Finance,Finance
DON7207,d4ac4945-470e-4e42-b76d-935feb0f51b0,Environment,Environment
DON7208,1462d2a4-c6a4-4de0-81b7-918177040e24,Arts and Culture,Arts and Culture
DON7209,470ca14a-a23a-41ee-b90a-ff53e7b09cbc,Education,Education
DON7210,470ca14a-a23a-41ee-b90a-ff53e7b09cbc,Arts and Culture,Arts and Culture
DON7211,470ca14a-a23a-41ee-b90a-ff53e7b09cbc,Technology,Technology
DON7212,0ff33080-a817-4a8a-9c23-7d35225ac10d,Sports and Fitness,Sports and Fitness
DON7213,0ff33080-a817-4a8a-9c23-7d35225ac10d,Food and Cooking,Food and Cooking
DON7214,2c4a6262-3cf8-4918-9fdb-26b34aa11ce9,Food and Cooking,Food and Cooking
DON7215,06da43dd-a5de-4284-aa43-60596f504c33,Technology,Technology
DON7216,06da43dd-a5de-4284-aa43-60596f504c33,Health and Wellness,Health and Wellness
DON7217,06da43dd-a5de-4284-aa43-60596f504c33,Sports and Fitness,Sports and Fitness
DON7218,74d48dcf-0358-4647-acc4-1299d8b6f608,Technology,Technology
DON7219,74d48dcf-0358-4647-acc4-1299d8b6f608,Sports and Fitness,Sports and Fitness
DON7220,b072d704-c4f7-4cb5-a015-3947b5708a75,Arts and Culture,Arts and Culture
DON7221,c2bfa2b2-3f28-4449-8330-7d356a8482c1,Education,Education
DON7222,c2bfa2b2-3f28-4449-8330-7d356a8482c1,Travel,Travel
DON7223,c2bfa2b2-3f28-4449-8330-7d356a8482c1,Environment,Environment
DON7224,d1714403-38a5-4a4a-9477-067e8a6b4319,Food and Cooking,Food and Cooking
DON7225,c6f41823-242c-4061-a70b-d197bbe6ffb8,Health and Wellness,Health and Wellness
DON7226,c6f41823-242c-4061-a70b-d197bbe6ffb8,Finance,Finance
DON7227,c6f41823-242c-4061-a70b-d197bbe6ffb8,Education,Education
DON7228,35ebbf21-3121-4166-9821-4545334980e3,Technology,Technology
DON7229,35ebbf21-3121-4166-9821-4545334980e3,Yoga and Pilates,Yoga and Pilates
DON7230,eab491c2-c0ed-4c26-9204-0fd3d07d9922,Sports and Fitness,Sports and Fitness
DON7231,0889fca3-f601-4183-bc2e-bbce3e6cb249,Food and Cooking,Food and Cooking
DON7232,51102121-7f40-4e3c-9080-f657de8ecd86,Yoga and Pilates,Yoga and Pilates
DON7233,51102121-7f40-4e3c-9080-f657de8ecd86,Finance,Finance
DON7234,b30c4a4c-2330-4927-8f8d-78057f555c80,Finance,Finance
DON7235,b30c4a4c-2330-4927-8f8d-78057f555c80,Health and Wellness,Health and Wellness
DON7236,545713b7-c12f-43e7-9b92-7f0f2b071fb1,Food and Cooking,Food and Cooking
DON7237,545713b7-c12f-43e7-9b92-7f0f2b071fb1,Finance,Finance
DON7238,545713b7-c12f-43e7-9b92-7f0f2b071fb1,Yoga and Pilates,Yoga and Pilates
DON7239,0ed360f9-5dc1-4c44-9580-844c18bb8848,Sports and Fitness,Sports and Fitness
DON7240,0ed360f9-5dc1-4c44-9580-844c18bb8848,Health and Wellness,Health and Wellness
DON7241,ffa39de0-f4c6-4026-83c5-fac9dfbabcfa,Sports and Fitness,Sports and Fitness
DON7242,ffa39de0-f4c6-4026-83c5-fac9dfbabcfa,Education,Education
DON7243,ffa39de0-f4c6-4026-83c5-fac9dfbabcfa,Technology,Technology
DON7244,1477275b-e123-42dc-a347-aefcace12414,Health and Wellness,Health and Wellness
DON7245,1477275b-e123-42dc-a347-aefcace12414,Environment,Environment
DON7246,1477275b-e123-42dc-a347-aefcace12414,Education,Education
DON7247,9a7a47fe-cc89-495d-969d-19e88d79c37a,Arts and Culture,Arts and Culture
DON7248,9a7a47fe-cc89-495d-969d-19e88d79c37a,Finance,Finance
DON7249,9a7a47fe-cc89-495d-969d-19e88d79c37a,Health and Wellness,Health and Wellness
DON7250,09a8aff8-0ba9-4d4d-a97c-3109a46820e3,Health and Wellness,Health and Wellness
DON7251,09a8aff8-0ba9-4d4d-a97c-3109a46820e3,Food and Cooking,Food and Cooking
DON7252,09a8aff8-0ba9-4d4d-a97c-3109a46820e3,Travel,Travel
DON7253,23faa384-e5bc-438e-8504-8b32d9515367,Health and Wellness,Health and Wellness
DON7254,23faa384-e5bc-438e-8504-8b32d9515367,Travel,Travel
DON7255,23faa384-e5bc-438e-8504-8b32d9515367,Education,Education
DON7256,ebdd6fd4-8586-480e-94a7-bbc670d8f280,Arts and Culture,Arts and Culture
DON7257,ebdd6fd4-8586-480e-94a7-bbc670d8f280,Travel,Travel
DON7258,ebdd6fd4-8586-480e-94a7-bbc670d8f280,Education,Education
DON7259,1fa7f81a-8501-4f81-b65d-715fee18f18d,Yoga and Pilates,Yoga and Pilates
DON7260,3ceeb57e-6014-4f4f-a919-17a8862f8baf,Education,Education
DON7261,3ceeb57e-6014-4f4f-a919-17a8862f8baf,Arts and Culture,Arts and Culture
DON7262,403c851b-f610-45c7-857c-de76024ff696,Technology,Technology
DON7263,403c851b-f610-45c7-857c-de76024ff696,Food and Cooking,Food and Cooking
DON7264,62a3ee5c-4c99-4a76-af7f-29b1617bf783,Travel,Travel
DON7265,31d49c3a-9769-4e60-b23a-4fc3dbe481a1,Technology,Technology
DON7266,31d49c3a-9769-4e60-b23a-4fc3dbe481a1,Sports and Fitness,Sports and Fitness
DON7267,31d49c3a-9769-4e60-b23a-4fc3dbe481a1,Food and Cooking,Food and Cooking
DON7268,fe59119f-2415-4819-93e0-989c7b1de775,Sports and Fitness,Sports and Fitness
DON7269,1a61269c-5425-4717-a4bf-14121ba914aa,Environment,Environment
DON7270,1a61269c-5425-4717-a4bf-14121ba914aa,Arts and Culture,Arts and Culture
DON7271,f7d38f23-c207-479b-8e61-c67b406e47ed,Technology,Technology
DON7272,169f090f-ef78-4ee1-97c8-9f680721709e,Food and Cooking,Food and Cooking
DON7273,169f090f-ef78-4ee1-97c8-9f680721709e,Health and Wellness,Health and Wellness
DON7274,169f090f-ef78-4ee1-97c8-9f680721709e,Arts and Culture,Arts and Culture
DON7275,dc57e99e-12eb-4475-8708-2b4948892fe4,Travel,Travel
DON7276,18094f7c-4aab-4fbe-92dc-a2e0b434e180,Environment,Environment
DON7277,18094f7c-4aab-4fbe-92dc-a2e0b434e180,Education,Education
DON7278,49beef3c-7f9b-4f5e-84e9-0b598813ef3c,Yoga and Pilates,Yoga and Pilates
DON7279,b6f39411-babb-4fb2-ad83-13d28d30460b,Food and Cooking,Food and Cooking
DON7280,e2fec115-1092-4ae2-a019-89931590baaf,Environment,Environment
DON7281,e2fec115-1092-4ae2-a019-89931590baaf,Finance,Finance
DON7282,6c1ae046-55ed-4932-a134-ef248cacd7d5,Yoga and Pilates,Yoga and Pilates
DON7283,6c1ae046-55ed-4932-a134-ef248cacd7d5,Travel,Travel
DON7284,6c1ae046-55ed-4932-a134-ef248cacd7d5,Education,Education
DON7285,8e59ce50-a74e-4810-821e-c1d6be668e9a,Health and Wellness,Health and Wellness
DON7286,319b783c-3d14-450f-95cf-b9048e372477,Health and Wellness,Health and Wellness
DON7287,319b783c-3d14-450f-95cf-b9048e372477,Technology,Technology
DON7288,cc9b8708-469e-488d-81bd-531a1439dae2,Education,Education
DON7289,cc9b8708-469e-488d-81bd-531a1439dae2,Health and Wellness,Health and Wellness
DON7290,cc9b8708-469e-488d-81bd-531a1439dae2,Environment,Environment
DON7291,300996df-3bb2-4e60-b9c4-3bf0ec012438,Yoga and Pilates,Yoga and Pilates
DON7292,10ff0d1e-3a7e-4ee1-bd98-48cec43b4e7f,Food and Cooking,Food and Cooking
DON7293,10ff0d1e-3a7e-4ee1-bd98-48cec43b4e7f,Technology,Technology
DON7294,abe88fa4-9b3a-491c-bf49-fa3f6a35790d,Sports and Fitness,Sports and Fitness
DON7295,abe88fa4-9b3a-491c-bf49-fa3f6a35790d,Finance,Finance
DON7296,8708a3b4-c178-4f45-a69a-4ef779a169c2,Environment,Environment
DON7297,8708a3b4-c178-4f45-a69a-4ef779a169c2,Food and Cooking,Food and Cooking
DON7298,8708a3b4-c178-4f45-a69a-4ef779a169c2,Arts and Culture,Arts and Culture
DON7299,06653ce6-fd95-49b2-acee-3be6be2a596c,Food and Cooking,Food and Cooking
DON7300,06653ce6-fd95-49b2-acee-3be6be2a596c,Arts and Culture,Arts and Culture
DON7301,076fe60c-6ae1-413a-964d-d88d9b1f453a,Yoga and Pilates,Yoga and Pilates
DON7302,8109bc8b-4a72-4534-9b5a-6e1ca952d9f5,Sports and Fitness,Sports and Fitness
DON7303,8109bc8b-4a72-4534-9b5a-6e1ca952d9f5,Education,Education
DON7304,0aef5ce2-97f3-4930-acc1-0c2fe2e941b4,Health and Wellness,Health and Wellness
DON7305,0aef5ce2-97f3-4930-acc1-0c2fe2e941b4,Finance,Finance
DON7306,0aef5ce2-97f3-4930-acc1-0c2fe2e941b4,Yoga and Pilates,Yoga and Pilates
DON7307,c56a2fbe-5540-46cd-82fc-70a3cc756223,Finance,Finance
DON7308,c56a2fbe-5540-46cd-82fc-70a3cc756223,Education,Education
DON7309,c56a2fbe-5540-46cd-82fc-70a3cc756223,Travel,Travel
DON7310,0e7d5a7c-3941-4292-a0b6-1b294da82af2,Environment,Environment
DON7311,0e7d5a7c-3941-4292-a0b6-1b294da82af2,Technology,Technology
DON7312,0e7d5a7c-3941-4292-a0b6-1b294da82af2,Health and Wellness,Health and Wellness
DON7313,712c6940-e928-45ca-a67e-cf4dbfe30536,Health and Wellness,Health and Wellness
DON7314,e43cff44-0d08-410d-8b15-d91d68148bb0,Arts and Culture,Arts and Culture
DON7315,3703f495-3db2-4c54-850d-8d2805d5df33,Arts and Culture,Arts and Culture
DON7316,07456d94-5d11-4437-b649-fdc415f60549,Technology,Technology
DON7317,23c62af9-29cd-4858-b0c5-2e9965ffa1d6,Technology,Technology
DON7318,23c62af9-29cd-4858-b0c5-2e9965ffa1d6,Health and Wellness,Health and Wellness
DON7319,23c62af9-29cd-4858-b0c5-2e9965ffa1d6,Sports and Fitness,Sports and Fitness
DON7320,a78df5d2-33cf-47e0-b810-4974b9eba16d,Yoga and Pilates,Yoga and Pilates
DON7321,a78df5d2-33cf-47e0-b810-4974b9eba16d,Finance,Finance
DON7322,a78df5d2-33cf-47e0-b810-4974b9eba16d,Arts and Culture,Arts and Culture
DON7323,a865d89b-1df7-4d51-8d57-247058834b70,Sports and Fitness,Sports and Fitness
DON7324,a865d89b-1df7-4d51-8d57-247058834b70,Food and Cooking,Food and Cooking
DON7325,cf8f3a0b-c569-43c8-9d2b-47dab32829a4,Food and Cooking,Food and Cooking
DON7326,cf8f3a0b-c569-43c8-9d2b-47dab32829a4,Health and Wellness,Health and Wellness
DON7327,cf8f3a0b-c569-43c8-9d2b-47dab32829a4,Sports and Fitness,Sports and Fitness
DON7328,1ae8c2ee-fa9a-4fd9-aaea-f9e54a6154fd,Health and Wellness,Health and Wellness
DON7329,1ae8c2ee-fa9a-4fd9-aaea-f9e54a6154fd,Technology,Technology
DON7330,c6b0dc46-86a3-45cb-9aa9-e17a60101b86,Travel,Travel
DON7331,c6b0dc46-86a3-45cb-9aa9-e17a60101b86,Education,Education
DON7332,c6b0dc46-86a3-45cb-9aa9-e17a60101b86,Finance,Finance
DON7333,f11b623c-6e68-49e5-af75-72bfbcf47845,Food and Cooking,Food and Cooking
DON7334,b817056b-da80-411b-88b0-9896584aa4c2,Finance,Finance
DON7335,6167c48b-7dc3-4270-bb7f-0e80cabe5ed7,Food and Cooking,Food and Cooking
DON7336,6167c48b-7dc3-4270-bb7f-0e80cabe5ed7,Sports and Fitness,Sports and Fitness
DON7337,6167c48b-7dc3-4270-bb7f-0e80cabe5ed7,Arts and Culture,Arts and Culture
DON7338,10f80e82-9216-4105-a2d9-567313db714e,Finance,Finance
DON7339,10f80e82-9216-4105-a2d9-567313db714e,Environment,Environment
DON7340,6f8a5333-0814-4308-81c6-983bed5df118,Education,Education
DON7341,93afaff6-6a4c-4397-afb1-f3b2b9ceda1f,Food and Cooking,Food and Cooking
DON7342,93afaff6-6a4c-4397-afb1-f3b2b9ceda1f,Technology,Technology
DON7343,93afaff6-6a4c-4397-afb1-f3b2b9ceda1f,Travel,Travel
DON7344,8e611e90-6a7e-490f-bd44-ba0ea9c9beba,Sports and Fitness,Sports and Fitness
DON7345,8e611e90-6a7e-490f-bd44-ba0ea9c9beba,Education,Education
DON7346,8e611e90-6a7e-490f-bd44-ba0ea9c9beba,Environment,Environment
DON7347,4a69d638-eac5-4b32-b898-ae190a0a86e9,Health and Wellness,Health and Wellness
DON7348,4a69d638-eac5-4b32-b898-ae190a0a86e9,Food and Cooking,Food and Cooking
DON7349,4a69d638-eac5-4b32-b898-ae190a0a86e9,Arts and Culture,Arts and Culture
DON7350,6eceb79c-490d-4db3-9b5f-0d5d86f8537a,Sports and Fitness,Sports and Fitness
DON7351,35dcce37-0ca0-4a44-9237-83d8c4abe7e1,Education,Education
DON7352,29aab698-60b6-4e72-9a8b-de6d08de06cb,Food and Cooking,Food and Cooking
DON7353,9813e25e-15d5-4397-a784-dbee21dbe87e,Arts and Culture,Arts and Culture
DON7354,9813e25e-15d5-4397-a784-dbee21dbe87e,Sports and Fitness,Sports and Fitness
DON7355,ed84543a-5eb9-49ae-b740-23b7de4704a2,Arts and Culture,Arts and Culture
DON7356,e138b9b8-fa48-490c-83f9-a39f17e37f2d,Health and Wellness,Health and Wellness
DON7357,e138b9b8-fa48-490c-83f9-a39f17e37f2d,Education,Education
DON7358,e138b9b8-fa48-490c-83f9-a39f17e37f2d,Travel,Travel
DON7359,c646cf23-85e5-4755-b2fe-97c1695db7a7,Finance,Finance
DON7360,c646cf23-85e5-4755-b2fe-97c1695db7a7,Yoga and Pilates,Yoga and Pilates
DON7361,c646cf23-85e5-4755-b2fe-97c1695db7a7,Arts and Culture,Arts and Culture
DON7362,23d85756-4f82-43f1-a5d1-6c050aab20e4,Finance,Finance
DON7363,23d85756-4f82-43f1-a5d1-6c050aab20e4,Environment,Environment
DON7364,6d5cb3b5-6fdd-4a6e-ae54-8b8559d72f86,Technology,Technology
DON7365,6d5cb3b5-6fdd-4a6e-ae54-8b8559d72f86,Environment,Environment
DON7366,6d5cb3b5-6fdd-4a6e-ae54-8b8559d72f86,Health and Wellness,Health and Wellness
DON7367,2e2477eb-3537-4476-94ed-5cfb6500cbbd,Travel,Travel
DON7368,2e2477eb-3537-4476-94ed-5cfb6500cbbd,Education,Education
DON7369,2e2477eb-3537-4476-94ed-5cfb6500cbbd,Technology,Technology
DON7370,de796c12-3983-4e03-9be4-481a07108b85,Arts and Culture,Arts and Culture
DON7371,de796c12-3983-4e03-9be4-481a07108b85,Technology,Technology
DON7372,0de332bd-0e1a-4ce9-8f76-1e6e1d922731,Health and Wellness,Health and Wellness
DON7373,b9bb551f-0db4-4ac0-bf91-8011896b5b1a,Yoga and Pilates,Yoga and Pilates
DON7374,b9bb551f-0db4-4ac0-bf91-8011896b5b1a,Travel,Travel
DON7375,b9bb551f-0db4-4ac0-bf91-8011896b5b1a,Sports and Fitness,Sports and Fitness
DON7376,8e832b84-fa4c-4362-8824-84b164146bfb,Finance,Finance
DON7377,8e832b84-fa4c-4362-8824-84b164146bfb,Travel,Travel
DON7378,ad55a8ce-5329-40a3-9814-2d79c02430ac,Travel,Travel
DON7379,436ab623-030f-469c-a60e-cddbbb18f491,Yoga and Pilates,Yoga and Pilates
DON7380,436ab623-030f-469c-a60e-cddbbb18f491,Finance,Finance
DON7381,436ab623-030f-469c-a60e-cddbbb18f491,Food and Cooking,Food and Cooking
DON7382,7902a799-6f47-4644-b3f6-369d85a1a604,Finance,Finance
DON7383,7902a799-6f47-4644-b3f6-369d85a1a604,Arts and Culture,Arts and Culture
DON7384,8adf039c-d2ec-466c-ad09-5993d5441a23,Sports and Fitness,Sports and Fitness
DON7385,bbf7c01a-158e-48ef-9792-beeb92d58e33,Education,Education
DON7386,ce75070e-caca-4775-afb7-144018f8d868,Environment,Environment
DON7387,ce75070e-caca-4775-afb7-144018f8d868,Finance,Finance
DON7388,ce75070e-caca-4775-afb7-144018f8d868,Arts and Culture,Arts and Culture
DON7389,51215d30-d244-4068-a8a4-c2450be0b160,Food and Cooking,Food and Cooking
DON7390,d097f874-e322-458e-b99d-8a9c5326b1f8,Finance,Finance
DON7391,d097f874-e322-458e-b99d-8a9c5326b1f8,Arts and Culture,Arts and Culture
DON7392,d097f874-e322-458e-b99d-8a9c5326b1f8,Yoga and Pilates,Yoga and Pilates
DON7393,9b06fa42-308f-4451-9acf-00520f3f92b7,Arts and Culture,Arts and Culture
DON7394,4769ee67-f718-4c35-82f0-c533139b18d8,Travel,Travel
DON7395,4769ee67-f718-4c35-82f0-c533139b18d8,Finance,Finance
DON7396,4769ee67-f718-4c35-82f0-c533139b18d8,Food and Cooking,Food and Cooking
DON7397,da3b27b1-88f4-40e4-a377-60dbdfaf505b,Health and Wellness,Health and Wellness
DON7398,eac980f8-61ad-4dc4-9bd4-79ad0cfc3cc7,Finance,Finance
DON7399,eac980f8-61ad-4dc4-9bd4-79ad0cfc3cc7,Yoga and Pilates,Yoga and Pilates
DON7400,eac980f8-61ad-4dc4-9bd4-79ad0cfc3cc7,Travel,Travel
DON7401,597fb4b7-b4a9-4309-9add-d4075cda432f,Food and Cooking,Food and Cooking
DON7402,597fb4b7-b4a9-4309-9add-d4075cda432f,Travel,Travel
DON7403,597fb4b7-b4a9-4309-9add-d4075cda432f,Environment,Environment
DON7404,460ec025-5705-41b5-ac9f-0a45d2aff2e6,Education,Education
DON7405,460ec025-5705-41b5-ac9f-0a45d2aff2e6,Sports and Fitness,Sports and Fitness
DON7406,460ec025-5705-41b5-ac9f-0a45d2aff2e6,Arts and Culture,Arts and Culture
DON7407,b4c8b635-2a4e-4808-a9b5-216a5f521614,Arts and Culture,Arts and Culture
DON7408,b4c8b635-2a4e-4808-a9b5-216a5f521614,Travel,Travel
DON7409,b4c8b635-2a4e-4808-a9b5-216a5f521614,Education,Education
DON7410,a8840f82-fb13-419c-9aa0-8c6214087bbb,Health and Wellness,Health and Wellness
DON7411,a8840f82-fb13-419c-9aa0-8c6214087bbb,Education,Education
DON7412,3e9bd6a7-62ae-489c-bfca-6178282e7aeb,Yoga and Pilates,Yoga and Pilates
DON7413,04d74657-1a93-4598-b7a2-047d6d9b91e9,Travel,Travel
DON7414,04d74657-1a93-4598-b7a2-047d6d9b91e9,Technology,Technology
DON7415,73d4e3e0-00b3-4a03-a54d-07297a31dc2d,Education,Education
DON7416,47d3bce4-5079-4637-88f1-16b419cad5eb,Arts and Culture,Arts and Culture
DON7417,3c894bdf-decd-4c9d-862f-5951407b453b,Education,Education
DON7418,3c894bdf-decd-4c9d-862f-5951407b453b,Health and Wellness,Health and Wellness
DON7419,70ac252e-21fb-439e-a13c-8f09194584f9,Travel,Travel
DON7420,b8a14694-ee1f-406f-a93e-043b9800a2fd,Finance,Finance
DON7421,b03796ca-1967-44d8-b4ac-64053fe60ed6,Technology,Technology
DON7422,b03796ca-1967-44d8-b4ac-64053fe60ed6,Education,Education
DON7423,b03796ca-1967-44d8-b4ac-64053fe60ed6,Yoga and Pilates,Yoga and Pilates
DON7424,f46e1269-4f32-4714-a0a6-f8485f1e01db,Sports and Fitness,Sports and Fitness
DON7425,f46e1269-4f32-4714-a0a6-f8485f1e01db,Food and Cooking,Food and Cooking
DON7426,f46e1269-4f32-4714-a0a6-f8485f1e01db,Yoga and Pilates,Yoga and Pilates
DON7427,df241216-4565-4067-ae72-c3dfcc1d805d,Yoga and Pilates,Yoga and Pilates
DON7428,df241216-4565-4067-ae72-c3dfcc1d805d,Travel,Travel
DON7429,df241216-4565-4067-ae72-c3dfcc1d805d,Technology,Technology
DON7430,77b68b8c-68a7-46bf-94d8-e3bc45d2f6c5,Arts and Culture,Arts and Culture
DON7431,6332ca92-cbc0-48d8-9f3d-ff4ef582b844,Yoga and Pilates,Yoga and Pilates
DON7432,f68949e4-7a5d-41b2-84f8-59c069206363,Technology,Technology
DON7433,f68949e4-7a5d-41b2-84f8-59c069206363,Travel,Travel
DON7434,f74cce8d-3dfe-4b42-8291-44b5fe3079cc,Environment,Environment
DON7435,f74cce8d-3dfe-4b42-8291-44b5fe3079cc,Sports and Fitness,Sports and Fitness
DON7436,f74cce8d-3dfe-4b42-8291-44b5fe3079cc,Education,Education
DON7437,94f41cf4-c765-4bfb-b2f1-5d7e6cb31224,Travel,Travel
DON7438,94f41cf4-c765-4bfb-b2f1-5d7e6cb31224,Food and Cooking,Food and Cooking
DON7439,9e6a0787-5057-49ef-90d9-71e7507179a7,Environment,Environment
DON7440,9e6a0787-5057-49ef-90d9-71e7507179a7,Health and Wellness,Health and Wellness
DON7441,9e6a0787-5057-49ef-90d9-71e7507179a7,Food and Cooking,Food and Cooking
DON7442,c29fc74a-c5a0-4f7e-b252-591994c7d5bd,Environment,Environment
DON7443,febe683d-3e77-49b6-9ae6-73ac697d77ab,Yoga and Pilates,Yoga and Pilates
DON7444,febe683d-3e77-49b6-9ae6-73ac697d77ab,Education,Education
DON7445,febe683d-3e77-49b6-9ae6-73ac697d77ab,Finance,Finance
DON7446,183e99fb-beba-4751-8154-c9a10c22f2cf,Travel,Travel
DON7447,a92dbd4e-0a51-42a3-ad4b-2939951f61f3,Environment,Environment
DON7448,b292ad7a-a824-46ee-b276-317a28452853,Food and Cooking,Food and Cooking
DON7449,b292ad7a-a824-46ee-b276-317a28452853,Environment,Environment
DON7450,12c62c40-cd38-4f0c-ad36-4f50f341c9ef,Sports and Fitness,Sports and Fitness
DON7451,12c62c40-cd38-4f0c-ad36-4f50f341c9ef,Travel,Travel
DON7452,ec0a8187-9058-4386-a183-a78e70337841,Yoga and Pilates,Yoga and Pilates
DON7453,fa8e9399-0538-4d6c-9b03-fa9fcc3870f8,Travel,Travel
DON7454,fa8e9399-0538-4d6c-9b03-fa9fcc3870f8,Environment,Environment
DON7455,fa8e9399-0538-4d6c-9b03-fa9fcc3870f8,Education,Education
DON7456,1b28d70d-9b1b-4157-8ef5-8cef81c69f58,Food and Cooking,Food and Cooking
DON7457,1b28d70d-9b1b-4157-8ef5-8cef81c69f58,Health and Wellness,Health and Wellness
DON7458,24252967-82b1-424b-af5c-0c2f65d1d097,Arts and Culture,Arts and Culture
DON7459,24252967-82b1-424b-af5c-0c2f65d1d097,Education,Education
DON7460,c1c1a334-7186-4d0c-b8b2-e698b88cf9a1,Health and Wellness,Health and Wellness
DON7461,5ce6c7d0-1097-4424-bec6-194bbf46c091,Technology,Technology
DON7462,5ce6c7d0-1097-4424-bec6-194bbf46c091,Health and Wellness,Health and Wellness
DON7463,35461b02-f127-4f1c-b963-5b8c78f25d03,Food and Cooking,Food and Cooking
DON7464,5ede296e-8440-4195-9875-a308096c1108,Technology,Technology
DON7465,5ede296e-8440-4195-9875-a308096c1108,Food and Cooking,Food and Cooking
DON7466,f3f1ee9c-1e2f-4c83-8885-e9efb6755311,Technology,Technology
DON7467,1f6edbe2-7b21-463d-bcd8-781470322878,Finance,Finance
DON7468,15b91a04-a108-4f0f-a6c0-0a90f141ec68,Health and Wellness,Health and Wellness
DON7469,8f71f180-f2e1-40be-a25d-56bb47a4c4df,Education,Education
DON7470,8f71f180-f2e1-40be-a25d-56bb47a4c4df,Health and Wellness,Health and Wellness
DON7471,d12fb995-64c0-4977-ace5-94d44ef56dca,Education,Education
DON7472,41121de1-9c0f-4535-b74d-306657964dd2,Education,Education
DON7473,41121de1-9c0f-4535-b74d-306657964dd2,Environment,Environment
DON7474,41121de1-9c0f-4535-b74d-306657964dd2,Arts and Culture,Arts and Culture
DON7475,c5e2a6f0-dec5-4ff2-855b-f2dce9d08d74,Technology,Technology
DON7476,c5e2a6f0-dec5-4ff2-855b-f2dce9d08d74,Yoga and Pilates,Yoga and Pilates
DON7477,fb912d40-4b43-4940-bb27-f296f37dd4cc,Finance,Finance
DON7478,fb912d40-4b43-4940-bb27-f296f37dd4cc,Technology,Technology
DON7479,79dfb152-7240-41ee-975a-dca839119a9d,Travel,Travel
DON7480,79dfb152-7240-41ee-975a-dca839119a9d,Education,Education
DON7481,98e790c1-b77f-4b27-9a11-15e9c086a8ac,Technology,Technology
DON7482,98e790c1-b77f-4b27-9a11-15e9c086a8ac,Arts and Culture,Arts and Culture
DON7483,98e790c1-b77f-4b27-9a11-15e9c086a8ac,Education,Education
DON7484,7dabdaef-7a45-4fdf-b7c0-309f7322451f,Education,Education
DON7485,7dabdaef-7a45-4fdf-b7c0-309f7322451f,Travel,Travel
DON7486,7dabdaef-7a45-4fdf-b7c0-309f7322451f,Sports and Fitness,Sports and Fitness
DON7487,cd7c72bc-795f-4309-ade8-8bd9add00590,Arts and Culture,Arts and Culture
DON7488,325ee385-0194-47f0-b005-b296724aeb35,Yoga and Pilates,Yoga and Pilates
DON7489,325ee385-0194-47f0-b005-b296724aeb35,Finance,Finance
DON7490,325ee385-0194-47f0-b005-b296724aeb35,Sports and Fitness,Sports and Fitness
DON7491,4fb00fca-54de-41fb-bce4-4715cbe13118,Sports and Fitness,Sports and Fitness
DON7492,4fb00fca-54de-41fb-bce4-4715cbe13118,Education,Education
DON7493,4c885c0c-0a17-4005-80e3-842703b86300,Technology,Technology
DON7494,4c885c0c-0a17-4005-80e3-842703b86300,Finance,Finance
DON7495,f60cfece-87f1-4423-8ec1-5aeecca8cdac,Yoga and Pilates,Yoga and Pilates
DON7496,c3f571b3-1e39-45a5-b38b-eee40c689b93,Travel,Travel
DON7497,c3f571b3-1e39-45a5-b38b-eee40c689b93,Finance,Finance
DON7498,c3f571b3-1e39-45a5-b38b-eee40c689b93,Education,Education
DON7499,e7438b61-9eb0-4c11-86ce-e4ed90781f3c,Food and Cooking,Food and Cooking
DON7500,a64ac232-dee3-4d46-9ef9-1a48be68cb98,Technology,Technology
DON7501,2391022f-a294-4e35-9479-9bc7d94c35c4,Yoga and Pilates,Yoga and Pilates
DON7502,2391022f-a294-4e35-9479-9bc7d94c35c4,Arts and Culture,Arts and Culture
DON7503,dfdf25c2-1698-4a91-bf82-3f6999998d2d,Environment,Environment
DON7504,dfdf25c2-1698-4a91-bf82-3f6999998d2d,Education,Education
DON7505,dfdf25c2-1698-4a91-bf82-3f6999998d2d,Arts and Culture,Arts and Culture
DON7506,bca176e8-e27e-45fe-8ea9-3b93d675c52b,Finance,Finance
DON7507,a5dc96c9-028a-4938-b456-d4551c64e8e8,Food and Cooking,Food and Cooking
DON7508,940bf204-2a28-4c29-a725-6ad69f0c7a77,Sports and Fitness,Sports and Fitness
DON7509,940bf204-2a28-4c29-a725-6ad69f0c7a77,Education,Education
DON7510,994e9cf2-c1e7-4474-b0f6-fa54655443e8,Yoga and Pilates,Yoga and Pilates
DON7511,994e9cf2-c1e7-4474-b0f6-fa54655443e8,Health and Wellness,Health and Wellness
DON7512,39add0a2-26a4-4072-932f-49928ff97829,Education,Education
DON7513,7db7b232-c7c6-4e03-a9d7-47f066cacf19,Education,Education
DON7514,878c2ee8-c7c0-4ab3-8e9a-f39f5fb479a1,Education,Education
DON7515,878c2ee8-c7c0-4ab3-8e9a-f39f5fb479a1,Finance,Finance
DON7516,878c2ee8-c7c0-4ab3-8e9a-f39f5fb479a1,Yoga and Pilates,Yoga and Pilates
DON7517,3b3cd7d3-1d46-4e3c-9ad7-248035701910,Finance,Finance
DON7518,61d115f9-148f-4451-9d9e-51e01e30be57,Food and Cooking,Food and Cooking
DON7519,61d115f9-148f-4451-9d9e-51e01e30be57,Technology,Technology
DON7520,ce7412e9-f87c-489d-bbbe-c8edd3db9c16,Arts and Culture,Arts and Culture
DON7521,ce7412e9-f87c-489d-bbbe-c8edd3db9c16,Travel,Travel
DON7522,ce7412e9-f87c-489d-bbbe-c8edd3db9c16,Yoga and Pilates,Yoga and Pilates
DON7523,f14f8101-5925-4e44-b953-9f6d93b26b29,Yoga and Pilates,Yoga and Pilates
DON7524,f14f8101-5925-4e44-b953-9f6d93b26b29,Arts and Culture,Arts and Culture
DON7525,f14f8101-5925-4e44-b953-9f6d93b26b29,Environment,Environment
DON7526,2b51b608-0c08-47fe-acbc-b3c48df77964,Finance,Finance
DON7527,2b51b608-0c08-47fe-acbc-b3c48df77964,Education,Education
DON7528,2b51b608-0c08-47fe-acbc-b3c48df77964,Technology,Technology
DON7529,b5ff8d2e-52f5-46c6-8079-0dc9e47423aa,Arts and Culture,Arts and Culture
DON7530,fe537d84-6ca2-49ec-b5cd-784c28ba3534,Environment,Environment
DON7531,7a4d5913-49c9-41e3-89e5-518e21bd4c27,Health and Wellness,Health and Wellness
DON7532,7a4d5913-49c9-41e3-89e5-518e21bd4c27,Finance,Finance
DON7533,7a4d5913-49c9-41e3-89e5-518e21bd4c27,Technology,Technology
DON7534,e5fdb0cb-950e-466b-a4f6-1446c4992e03,Finance,Finance
DON7535,6799adb5-7fe8-4fab-a6ea-04ce77dadeed,Food and Cooking,Food and Cooking
DON7536,6799adb5-7fe8-4fab-a6ea-04ce77dadeed,Travel,Travel
DON7537,d6de6e7c-ba45-4935-9fb1-9b04076bd049,Arts and Culture,Arts and Culture
DON7538,26ed8b29-94c1-4fe4-a840-8cd73a9526b5,Travel,Travel
DON7539,26ed8b29-94c1-4fe4-a840-8cd73a9526b5,Sports and Fitness,Sports and Fitness
DON7540,58dc6061-c37d-4320-b468-ce3020e110e2,Food and Cooking,Food and Cooking
DON7541,9c79d393-c7c3-4dda-821a-7c03d1f08a6a,Sports and Fitness,Sports and Fitness
DON7542,475d7168-4ded-4489-bb19-052404aedfc5,Travel,Travel
DON7543,475d7168-4ded-4489-bb19-052404aedfc5,Sports and Fitness,Sports and Fitness
DON7544,475d7168-4ded-4489-bb19-052404aedfc5,Food and Cooking,Food and Cooking
DON7545,fb53f566-b4e6-44a2-8957-bb98d6d014a3,Health and Wellness,Health and Wellness
DON7546,fb53f566-b4e6-44a2-8957-bb98d6d014a3,Arts and Culture,Arts and Culture
DON7547,fb53f566-b4e6-44a2-8957-bb98d6d014a3,Environment,Environment
DON7548,c5f4456d-ce14-4d10-abf9-80d5c7799f10,Education,Education
DON7549,c327877b-f845-47e1-93ab-8d5142946ec6,Food and Cooking,Food and Cooking
DON7550,c327877b-f845-47e1-93ab-8d5142946ec6,Travel,Travel
DON7551,fa59daf7-c301-446f-ac3c-b918ba8fbefc,Finance,Finance
DON7552,45834740-3f85-49de-994c-5b280b216203,Food and Cooking,Food and Cooking
DON7553,f332cac2-b969-49ae-85dc-d3268ed63f74,Food and Cooking,Food and Cooking
DON7554,f332cac2-b969-49ae-85dc-d3268ed63f74,Sports and Fitness,Sports and Fitness
DON7555,f332cac2-b969-49ae-85dc-d3268ed63f74,Yoga and Pilates,Yoga and Pilates
DON7556,5ad2a773-57c8-410a-bd82-eb52af6a99fb,Health and Wellness,Health and Wellness
DON7557,5ad2a773-57c8-410a-bd82-eb52af6a99fb,Sports and Fitness,Sports and Fitness
DON7558,5ad2a773-57c8-410a-bd82-eb52af6a99fb,Technology,Technology
DON7559,c948f9d7-cdf5-4910-94fe-39a63e2adf4f,Yoga and Pilates,Yoga and Pilates
DON7560,fc11de0a-964a-4992-8958-0ef9058cc2ab,Arts and Culture,Arts and Culture
DON7561,fc11de0a-964a-4992-8958-0ef9058cc2ab,Education,Education
DON7562,fc11de0a-964a-4992-8958-0ef9058cc2ab,Sports and Fitness,Sports and Fitness
DON7563,1f05084a-9575-43f5-9d8b-88e2410ceeee,Travel,Travel
DON7564,1f05084a-9575-43f5-9d8b-88e2410ceeee,Health and Wellness,Health and Wellness
DON7565,a1807099-7087-4af0-8abd-9d8b16aa6fb0,Health and Wellness,Health and Wellness
DON7566,7fad8002-a0ad-4ba7-b82b-875f97f1afe2,Travel,Travel
DON7567,620f246f-6233-4756-8a7b-eb56de328262,Yoga and Pilates,Yoga and Pilates
DON7568,620f246f-6233-4756-8a7b-eb56de328262,Finance,Finance
DON7569,1b6b66c7-688a-44c3-a64c-2d250bb99dde,Education,Education
DON7570,a5a51ccf-bd88-44ca-9457-dedfdc61b700,Arts and Culture,Arts and Culture
DON7571,a5a51ccf-bd88-44ca-9457-dedfdc61b700,Yoga and Pilates,Yoga and Pilates
DON7572,7e523db0-3948-40a6-8f08-6af950926e43,Food and Cooking,Food and Cooking
DON7573,7e523db0-3948-40a6-8f08-6af950926e43,Travel,Travel
DON7574,7e523db0-3948-40a6-8f08-6af950926e43,Health and Wellness,Health and Wellness
DON7575,12bb29e0-6141-4198-88b2-64e9c7e49b91,Technology,Technology
DON7576,12bb29e0-6141-4198-88b2-64e9c7e49b91,Travel,Travel
DON7577,0a1b9ee4-53ab-4478-90f1-25b4c56f3ad2,Food and Cooking,Food and Cooking
DON7578,0a1b9ee4-53ab-4478-90f1-25b4c56f3ad2,Arts and Culture,Arts and Culture
DON7579,0a1b9ee4-53ab-4478-90f1-25b4c56f3ad2,Travel,Travel
DON7580,8c541f5c-88f0-48ee-835f-e33ab352fb38,Travel,Travel
DON7581,ae6c6ae1-5cbc-4998-89d3-2570ca3b40eb,Finance,Finance
DON7582,ae6c6ae1-5cbc-4998-89d3-2570ca3b40eb,Health and Wellness,Health and Wellness
DON7583,723b17cc-8756-4706-9f8a-cabd13890fad,Food and Cooking,Food and Cooking
DON7584,723b17cc-8756-4706-9f8a-cabd13890fad,Health and Wellness,Health and Wellness
DON7585,723b17cc-8756-4706-9f8a-cabd13890fad,Arts and Culture,Arts and Culture
DON7586,515d2159-a1e7-4db3-9d36-79773b1f4524,Sports and Fitness,Sports and Fitness
DON7587,515d2159-a1e7-4db3-9d36-79773b1f4524,Travel,Travel
DON7588,515d2159-a1e7-4db3-9d36-79773b1f4524,Finance,Finance
DON7589,cae6b2c4-2ee3-47f8-a0c5-59f43213adb4,Finance,Finance
DON7590,033ca122-bec4-4f90-81fe-c0037204e70c,Technology,Technology
DON7591,033ca122-bec4-4f90-81fe-c0037204e70c,Food and Cooking,Food and Cooking
DON7592,b8381994-f425-4d1e-86c0-7d7030f3488b,Technology,Technology
DON7593,b8381994-f425-4d1e-86c0-7d7030f3488b,Health and Wellness,Health and Wellness
DON7594,b8381994-f425-4d1e-86c0-7d7030f3488b,Arts and Culture,Arts and Culture
DON7595,39737258-578d-4774-b2a2-6e86e66bc901,Health and Wellness,Health and Wellness
DON7596,af95e8ba-7abc-4d20-96df-543f8bc7787a,Technology,Technology
DON7597,c9674839-106e-4870-8565-7ba6627922ae,Health and Wellness,Health and Wellness
DON7598,c9674839-106e-4870-8565-7ba6627922ae,Yoga and Pilates,Yoga and Pilates
DON7599,c9674839-106e-4870-8565-7ba6627922ae,Environment,Environment
DON7600,687afbac-9a34-4c36-849d-410f0e0b89e7,Education,Education
DON7601,b4076d34-321c-4faa-b02e-4e32ded8d565,Yoga and Pilates,Yoga and Pilates
DON7602,c6e0f3b0-2adb-45d0-aeed-6c88041a991f,Education,Education
DON7603,96526af2-cd48-41fb-b967-0e99419f1a50,Yoga and Pilates,Yoga and Pilates
DON7604,96526af2-cd48-41fb-b967-0e99419f1a50,Travel,Travel
DON7605,3bba9318-90ab-4189-b747-4706c6abab0f,Travel,Travel
DON7606,3bba9318-90ab-4189-b747-4706c6abab0f,Education,Education
DON7607,3bba9318-90ab-4189-b747-4706c6abab0f,Finance,Finance
DON7608,edb432bf-c109-4ed2-8927-28701f73a576,Travel,Travel
DON7609,edb432bf-c109-4ed2-8927-28701f73a576,Finance,Finance
DON7610,edb432bf-c109-4ed2-8927-28701f73a576,Education,Education
DON7611,2c9e7707-8f18-45a1-9b7b-4191aa4bdb33,Environment,Environment
DON7612,727becc4-bdd5-4e25-83b7-130f3b8a6935,Travel,Travel
DON7613,727becc4-bdd5-4e25-83b7-130f3b8a6935,Arts and Culture,Arts and Culture
DON7614,aac77508-8199-46cd-913a-9382a327798d,Yoga and Pilates,Yoga and Pilates
DON7615,aac77508-8199-46cd-913a-9382a327798d,Technology,Technology
DON7616,7526f7b2-1af1-4903-b11a-d3602ef3e0e5,Health and Wellness,Health and Wellness
DON7617,7526f7b2-1af1-4903-b11a-d3602ef3e0e5,Finance,Finance
DON7618,da646b60-4d94-4a85-827b-52ced03bdd9f,Yoga and Pilates,Yoga and Pilates
DON7619,359d2335-92ed-4d0b-9ac2-f71ef6199690,Health and Wellness,Health and Wellness
DON7620,359d2335-92ed-4d0b-9ac2-f71ef6199690,Yoga and Pilates,Yoga and Pilates
DON7621,359d2335-92ed-4d0b-9ac2-f71ef6199690,Arts and Culture,Arts and Culture
DON7622,9de607b1-b920-4f71-82a2-54302ba581bc,Food and Cooking,Food and Cooking
DON7623,9de607b1-b920-4f71-82a2-54302ba581bc,Arts and Culture,Arts and Culture
DON7624,52c2a20d-c2cb-4914-9da3-3b2a926c6886,Yoga and Pilates,Yoga and Pilates
DON7625,c658884a-21f2-4dde-b48e-4986fabf5ad3,Technology,Technology
DON7626,386d88de-db06-4afa-985e-de8d2e3d78b2,Technology,Technology
DON7627,386d88de-db06-4afa-985e-de8d2e3d78b2,Health and Wellness,Health and Wellness
DON7628,386d88de-db06-4afa-985e-de8d2e3d78b2,Yoga and Pilates,Yoga and Pilates
DON7629,d274605c-a4ed-427c-8b82-76451ac9474a,Travel,Travel
DON7630,d274605c-a4ed-427c-8b82-76451ac9474a,Education,Education
DON7631,d274605c-a4ed-427c-8b82-76451ac9474a,Finance,Finance
DON7632,1c58531d-3ed9-4696-a350-6a940de5fd44,Travel,Travel
DON7633,1c58531d-3ed9-4696-a350-6a940de5fd44,Arts and Culture,Arts and Culture
DON7634,1c58531d-3ed9-4696-a350-6a940de5fd44,Yoga and Pilates,Yoga and Pilates
DON7635,23ea1ea1-8c0e-4eee-9a9c-58ed095cb565,Travel,Travel
DON7636,23ea1ea1-8c0e-4eee-9a9c-58ed095cb565,Environment,Environment
DON7637,ea4a1c09-74fe-4673-9a09-af9c17fca570,Health and Wellness,Health and Wellness
DON7638,aeea9575-32b2-49d1-920c-8ad5df461cf0,Food and Cooking,Food and Cooking
DON7639,aeea9575-32b2-49d1-920c-8ad5df461cf0,Education,Education
DON7640,5269e410-44ce-41bb-882a-7e394e095bed,Health and Wellness,Health and Wellness
DON7641,5269e410-44ce-41bb-882a-7e394e095bed,Food and Cooking,Food and Cooking
DON7642,9414727b-7d07-4899-9647-07a7096e010b,Food and Cooking,Food and Cooking
DON7643,9414727b-7d07-4899-9647-07a7096e010b,Education,Education
DON7644,4d9b8185-62c9-44d0-a812-512774f2c843,Finance,Finance
DON7645,c35c71e6-70da-4e6b-aa59-6d08428ed2ef,Travel,Travel
DON7646,96754f97-c4ac-4638-b772-f62ea244fb9c,Sports and Fitness,Sports and Fitness
DON7647,462a0715-9ae2-46d1-af9d-099b6a769626,Sports and Fitness,Sports and Fitness
DON7648,462a0715-9ae2-46d1-af9d-099b6a769626,Education,Education
DON7649,ea4afe3d-ea8a-405c-bf2e-4dbe01a5d3da,Technology,Technology
DON7650,ea4afe3d-ea8a-405c-bf2e-4dbe01a5d3da,Education,Education
DON7651,330e7cc4-7bc8-4e57-b186-8d749198602a,Food and Cooking,Food and Cooking
DON7652,385dfb5c-8e66-44fb-9a87-9b7e4f27bcd0,Yoga and Pilates,Yoga and Pilates
DON7653,385dfb5c-8e66-44fb-9a87-9b7e4f27bcd0,Education,Education
DON7654,dbc559b1-6506-4af1-a97c-e9dcc10f2dd1,Sports and Fitness,Sports and Fitness
DON7655,dbc559b1-6506-4af1-a97c-e9dcc10f2dd1,Finance,Finance
DON7656,dbc559b1-6506-4af1-a97c-e9dcc10f2dd1,Technology,Technology
DON7657,f4c2c8dd-3404-4b14-9346-d874fb649f34,Environment,Environment
DON7658,f4c2c8dd-3404-4b14-9346-d874fb649f34,Sports and Fitness,Sports and Fitness
DON7659,35a666cc-88a3-40c6-b832-5a3ca575cfe5,Arts and Culture,Arts and Culture
DON7660,175aab54-fc80-49d7-97ac-b600343500b5,Yoga and Pilates,Yoga and Pilates
DON7661,175aab54-fc80-49d7-97ac-b600343500b5,Education,Education
DON7662,175aab54-fc80-49d7-97ac-b600343500b5,Food and Cooking,Food and Cooking
DON7663,75c5a7dc-dd79-4647-abc2-fd690d60183e,Technology,Technology
DON7664,75c5a7dc-dd79-4647-abc2-fd690d60183e,Health and Wellness,Health and Wellness
DON7665,48c91e4e-3f9a-4f2f-83f6-eef1c3d528c2,Education,Education
DON7666,48c91e4e-3f9a-4f2f-83f6-eef1c3d528c2,Travel,Travel
DON7667,48c91e4e-3f9a-4f2f-83f6-eef1c3d528c2,Food and Cooking,Food and Cooking
DON7668,fdbfc5c6-0562-4348-b8a9-858309ebf8a0,Yoga and Pilates,Yoga and Pilates
DON7669,fdbfc5c6-0562-4348-b8a9-858309ebf8a0,Health and Wellness,Health and Wellness
DON7670,922d7d8c-3cdd-489d-be20-0160b292a82a,Health and Wellness,Health and Wellness
DON7671,d2525da6-617a-4f00-9576-f40aac958c6e,Food and Cooking,Food and Cooking
DON7672,e0672843-179e-4032-943d-54a35bab136f,Technology,Technology
DON7673,e0672843-179e-4032-943d-54a35bab136f,Health and Wellness,Health and Wellness
DON7674,e0672843-179e-4032-943d-54a35bab136f,Finance,Finance
DON7675,d63a3f1d-efe8-452a-a34e-4f01d20f8c4f,Technology,Technology
DON7676,d63a3f1d-efe8-452a-a34e-4f01d20f8c4f,Health and Wellness,Health and Wellness
DON7677,95a8032c-4be4-4ccb-a8e3-4279a1520d8a,Finance,Finance
DON7678,95a8032c-4be4-4ccb-a8e3-4279a1520d8a,Health and Wellness,Health and Wellness
DON7679,95a8032c-4be4-4ccb-a8e3-4279a1520d8a,Food and Cooking,Food and Cooking
DON7680,51ba2dbe-2b4b-4cc0-804c-94cd6b11f911,Travel,Travel
DON7681,ea03da9f-1567-44ec-b498-076fe5f42a41,Education,Education
DON7682,ea03da9f-1567-44ec-b498-076fe5f42a41,Food and Cooking,Food and Cooking
DON7683,750aa85c-6da9-46d7-b707-4eb760d9d188,Environment,Environment
DON7684,69ace40b-593e-452c-af92-557734139fc9,Arts and Culture,Arts and Culture
DON7685,85420181-08da-4e17-91b2-8a92bba44a61,Environment,Environment
DON7686,48561708-5d34-4e39-91a5-b59fb120e281,Technology,Technology
DON7687,66d5898c-47f6-409d-81c5-5227dd057ac8,Travel,Travel
DON7688,66d5898c-47f6-409d-81c5-5227dd057ac8,Finance,Finance
DON7689,66d5898c-47f6-409d-81c5-5227dd057ac8,Technology,Technology
DON7690,d1514320-3d39-4243-9e17-a8b46205055c,Yoga and Pilates,Yoga and Pilates
DON7691,d1514320-3d39-4243-9e17-a8b46205055c,Technology,Technology
DON7692,330648cd-b810-4311-ab4b-986c9f03235a,Sports and Fitness,Sports and Fitness
DON7693,330648cd-b810-4311-ab4b-986c9f03235a,Education,Education
DON7694,330648cd-b810-4311-ab4b-986c9f03235a,Environment,Environment
DON7695,0423b384-cc85-4480-8201-5fce5d8956d2,Food and Cooking,Food and Cooking
DON7696,0423b384-cc85-4480-8201-5fce5d8956d2,Yoga and Pilates,Yoga and Pilates
DON7697,0423b384-cc85-4480-8201-5fce5d8956d2,Environment,Environment
DON7698,f068a7aa-5682-4568-8831-a32e33c4511e,Finance,Finance
DON7699,f068a7aa-5682-4568-8831-a32e33c4511e,Environment,Environment
DON7700,f068a7aa-5682-4568-8831-a32e33c4511e,Yoga and Pilates,Yoga and Pilates
DON7701,dee32ea0-5b09-42dd-b170-b7356d4be1f8,Health and Wellness,Health and Wellness
DON7702,dee32ea0-5b09-42dd-b170-b7356d4be1f8,Finance,Finance
DON7703,d2595f03-521b-43ae-9a3c-3428a90e1ab9,Arts and Culture,Arts and Culture
DON7704,d2595f03-521b-43ae-9a3c-3428a90e1ab9,Environment,Environment
DON7705,d2595f03-521b-43ae-9a3c-3428a90e1ab9,Technology,Technology
DON7706,7cff0dda-11e1-4dd9-9d1c-0625a19a9f4a,Food and Cooking,Food and Cooking
DON7707,7cff0dda-11e1-4dd9-9d1c-0625a19a9f4a,Travel,Travel
DON7708,7cff0dda-11e1-4dd9-9d1c-0625a19a9f4a,Sports and Fitness,Sports and Fitness
DON7709,406852da-63f5-40bc-8d1c-922eddacd07b,Yoga and Pilates,Yoga and Pilates
DON7710,7a32ca81-b129-4358-b21f-eeaa582f54c5,Food and Cooking,Food and Cooking
DON7711,7a32ca81-b129-4358-b21f-eeaa582f54c5,Finance,Finance
DON7712,7a32ca81-b129-4358-b21f-eeaa582f54c5,Health and Wellness,Health and Wellness
DON7713,6f93131b-7689-443a-9e19-2aad02106891,Travel,Travel
DON7714,6f93131b-7689-443a-9e19-2aad02106891,Arts and Culture,Arts and Culture
DON7715,6f93131b-7689-443a-9e19-2aad02106891,Technology,Technology
DON7716,ab589dd6-666f-458a-bb57-ad11bccd4b23,Finance,Finance
DON7717,77d8b7dc-fc61-4eae-a870-f48b4f92b595,Arts and Culture,Arts and Culture
DON7718,d0625b58-f671-4355-b744-13b0a2f5d1bf,Travel,Travel
DON7719,d0625b58-f671-4355-b744-13b0a2f5d1bf,Environment,Environment
DON7720,98d4958c-921a-48f4-92c2-d6177f58f412,Health and Wellness,Health and Wellness
DON7721,98d4958c-921a-48f4-92c2-d6177f58f412,Sports and Fitness,Sports and Fitness
DON7722,98d4958c-921a-48f4-92c2-d6177f58f412,Arts and Culture,Arts and Culture
DON7723,1dcbe420-46c1-4fdb-992f-23d4512307d1,Yoga and Pilates,Yoga and Pilates
DON7724,1dcbe420-46c1-4fdb-992f-23d4512307d1,Sports and Fitness,Sports and Fitness
DON7725,1dcbe420-46c1-4fdb-992f-23d4512307d1,Technology,Technology
DON7726,341cb416-084d-44a3-8f70-2ccb4ccf2731,Health and Wellness,Health and Wellness
DON7727,341cb416-084d-44a3-8f70-2ccb4ccf2731,Travel,Travel
DON7728,341cb416-084d-44a3-8f70-2ccb4ccf2731,Environment,Environment
DON7729,c23b823c-efdb-4ff3-b68e-e67dc8046a59,Sports and Fitness,Sports and Fitness
DON7730,c23b823c-efdb-4ff3-b68e-e67dc8046a59,Technology,Technology
DON7731,c23b823c-efdb-4ff3-b68e-e67dc8046a59,Environment,Environment
DON7732,6483e956-e6ce-42cd-9ca3-6d811ede6e7a,Yoga and Pilates,Yoga and Pilates
DON7733,e170e7a9-bd0e-43cf-894c-e2b1fc266e7e,Sports and Fitness,Sports and Fitness
DON7734,e7cd9ba3-211c-41f4-8a92-4d64ff504073,Environment,Environment
DON7735,e7cd9ba3-211c-41f4-8a92-4d64ff504073,Arts and Culture,Arts and Culture
DON7736,472e4f22-8280-4773-9db3-8e0db79b7ff5,Finance,Finance
DON7737,472e4f22-8280-4773-9db3-8e0db79b7ff5,Education,Education
DON7738,9f75ecd4-bdd1-4fe3-b57f-11115fa00352,Health and Wellness,Health and Wellness
DON7739,9f75ecd4-bdd1-4fe3-b57f-11115fa00352,Sports and Fitness,Sports and Fitness
DON7740,9f75ecd4-bdd1-4fe3-b57f-11115fa00352,Environment,Environment
DON7741,6205f0cb-d50d-4e3c-ada8-0e75dbb43f9a,Sports and Fitness,Sports and Fitness
DON7742,6205f0cb-d50d-4e3c-ada8-0e75dbb43f9a,Education,Education
DON7743,497d5702-0300-4aec-aab9-e474eeb444d4,Sports and Fitness,Sports and Fitness
DON7744,497d5702-0300-4aec-aab9-e474eeb444d4,Travel,Travel
DON7745,497d5702-0300-4aec-aab9-e474eeb444d4,Food and Cooking,Food and Cooking
DON7746,8612c311-0e6e-4e9d-bd02-d68ee300d8ad,Finance,Finance
DON7747,8612c311-0e6e-4e9d-bd02-d68ee300d8ad,Travel,Travel
DON7748,8612c311-0e6e-4e9d-bd02-d68ee300d8ad,Environment,Environment
DON7749,23ca7a7e-76a1-4972-9496-025c4b0f042b,Education,Education
DON7750,7cf20589-ef11-495f-8d7a-6760034a478f,Education,Education
DON7751,5b77cb1e-6062-469a-a500-2a8bfb68a861,Food and Cooking,Food and Cooking
DON7752,5b77cb1e-6062-469a-a500-2a8bfb68a861,Yoga and Pilates,Yoga and Pilates
DON7753,48952a07-04eb-4fa5-9718-9110e161d695,Sports and Fitness,Sports and Fitness
DON7754,48952a07-04eb-4fa5-9718-9110e161d695,Food and Cooking,Food and Cooking
DON7755,c21d2bb6-ccbc-4572-839f-fca872384169,Finance,Finance
DON7756,c21d2bb6-ccbc-4572-839f-fca872384169,Sports and Fitness,Sports and Fitness
DON7757,ffc15836-de35-460f-bc59-cc6563e81bab,Finance,Finance
DON7758,ffc15836-de35-460f-bc59-cc6563e81bab,Health and Wellness,Health and Wellness
DON7759,ffc15836-de35-460f-bc59-cc6563e81bab,Arts and Culture,Arts and Culture
DON7760,05fa736c-7b7a-4510-a5cb-311f84c30ec5,Travel,Travel
DON7761,05fa736c-7b7a-4510-a5cb-311f84c30ec5,Finance,Finance
DON7762,05fa736c-7b7a-4510-a5cb-311f84c30ec5,Sports and Fitness,Sports and Fitness
DON7763,a2faad03-f427-4569-baa8-dd4cc4888b2b,Travel,Travel
DON7764,7e9824b9-37d4-40c3-a000-1d03d22f6358,Yoga and Pilates,Yoga and Pilates
DON7765,04949e0c-5ff5-453d-bff7-a1562a765a97,Yoga and Pilates,Yoga and Pilates
DON7766,04949e0c-5ff5-453d-bff7-a1562a765a97,Environment,Environment
DON7767,e906b533-7829-4dec-8241-26f7a60bda31,Food and Cooking,Food and Cooking
DON7768,e906b533-7829-4dec-8241-26f7a60bda31,Finance,Finance
DON7769,c3f266cd-e3bb-417e-87a6-c92f9abe2e7c,Health and Wellness,Health and Wellness
DON7770,044e8ddb-e930-4bd5-bdea-6b19edcc8f2a,Arts and Culture,Arts and Culture
DON7771,edb35bd5-e1a3-476f-aa45-b083eee7d523,Health and Wellness,Health and Wellness
DON7772,edb35bd5-e1a3-476f-aa45-b083eee7d523,Arts and Culture,Arts and Culture
DON7773,781af9dc-1245-40db-afef-128f7f1d85e3,Health and Wellness,Health and Wellness
DON7774,781af9dc-1245-40db-afef-128f7f1d85e3,Travel,Travel
DON7775,781af9dc-1245-40db-afef-128f7f1d85e3,Technology,Technology
DON7776,66b53432-4d2e-44b8-9198-24a01999929f,Yoga and Pilates,Yoga and Pilates
DON7777,dcf8ad31-0431-4f99-be5b-eb318fcacf9e,Yoga and Pilates,Yoga and Pilates
DON7778,93c5b70d-a5a9-4136-a7cf-ddcccc0834c3,Environment,Environment
DON7779,93c5b70d-a5a9-4136-a7cf-ddcccc0834c3,Technology,Technology
DON7780,93c5b70d-a5a9-4136-a7cf-ddcccc0834c3,Travel,Travel
DON7781,29f7cdd7-623b-4a07-a5b1-74e8be1005c2,Education,Education
DON7782,29f7cdd7-623b-4a07-a5b1-74e8be1005c2,Food and Cooking,Food and Cooking
DON7783,29f7cdd7-623b-4a07-a5b1-74e8be1005c2,Yoga and Pilates,Yoga and Pilates
DON7784,d0aa7ace-f319-4da9-964e-5e7acdfb6083,Technology,Technology
DON7785,d0aa7ace-f319-4da9-964e-5e7acdfb6083,Arts and Culture,Arts and Culture
DON7786,d0aa7ace-f319-4da9-964e-5e7acdfb6083,Travel,Travel
DON7787,0fce05d9-a96a-48b1-9fd4-23ebd199261e,Technology,Technology
DON7788,89d3ee55-6318-4a09-9982-795e33fffdf8,Education,Education
DON7789,448d070e-2a98-4fcc-b703-84b8a608968a,Sports and Fitness,Sports and Fitness
DON7790,448d070e-2a98-4fcc-b703-84b8a608968a,Health and Wellness,Health and Wellness
DON7791,448d070e-2a98-4fcc-b703-84b8a608968a,Food and Cooking,Food and Cooking
DON7792,ea32aadd-d946-4204-addf-1566f359d5bf,Travel,Travel
DON7793,936ff238-1d52-471f-8934-e947e84c9c7a,Technology,Technology
DON7794,6655a57e-982f-4c43-b1aa-55b68587fa6f,Environment,Environment
DON7795,6655a57e-982f-4c43-b1aa-55b68587fa6f,Education,Education
DON7796,6655a57e-982f-4c43-b1aa-55b68587fa6f,Travel,Travel
DON7797,1d49c082-e041-4823-8ad1-2d85b016273c,Arts and Culture,Arts and Culture
DON7798,bebc4d5b-2167-4428-9b46-322f5fbdc2c0,Travel,Travel
DON7799,ea03a3c4-3935-48d0-ba96-bd6a18d27ffb,Food and Cooking,Food and Cooking
DON7800,ea03a3c4-3935-48d0-ba96-bd6a18d27ffb,Sports and Fitness,Sports and Fitness
DON7801,fe382a2c-5d6f-4540-add1-3a0ca5ef9117,Education,Education
DON7802,fe382a2c-5d6f-4540-add1-3a0ca5ef9117,Environment,Environment
DON7803,bde71b45-343c-400f-93ee-3969284c38b8,Health and Wellness,Health and Wellness
DON7804,bde71b45-343c-400f-93ee-3969284c38b8,Environment,Environment
DON7805,5def5e3c-d8d8-4440-9e8b-423f4a2c3283,Finance,Finance
DON7806,fd5abf52-0baf-4efa-97ce-1fe010a7580c,Health and Wellness,Health and Wellness
DON7807,fd5abf52-0baf-4efa-97ce-1fe010a7580c,Arts and Culture,Arts and Culture
DON7808,fd5abf52-0baf-4efa-97ce-1fe010a7580c,Sports and Fitness,Sports and Fitness
DON7809,2f46d826-98a3-4c6e-9b33-ab83f03140c4,Travel,Travel
DON7810,9b3eac78-b64c-4d9a-841a-cd6948d3f96c,Technology,Technology
DON7811,9b3eac78-b64c-4d9a-841a-cd6948d3f96c,Environment,Environment
DON7812,9b3eac78-b64c-4d9a-841a-cd6948d3f96c,Sports and Fitness,Sports and Fitness
DON7813,e7d1e400-e2a6-4dd7-9d61-31a5e1712c65,Health and Wellness,Health and Wellness
DON7814,e7d1e400-e2a6-4dd7-9d61-31a5e1712c65,Sports and Fitness,Sports and Fitness
DON7815,e7d1e400-e2a6-4dd7-9d61-31a5e1712c65,Yoga and Pilates,Yoga and Pilates
DON7816,e599c58d-6841-472f-8849-86f1d3bf4239,Technology,Technology
DON7817,f9768441-7d99-43bc-bd73-536097ba4efc,Arts and Culture,Arts and Culture
DON7818,f9768441-7d99-43bc-bd73-536097ba4efc,Food and Cooking,Food and Cooking
DON7819,f9768441-7d99-43bc-bd73-536097ba4efc,Environment,Environment
DON7820,21a403fb-da56-4830-9804-a78179c73aac,Arts and Culture,Arts and Culture
DON7821,21a403fb-da56-4830-9804-a78179c73aac,Environment,Environment
DON7822,21a403fb-da56-4830-9804-a78179c73aac,Sports and Fitness,Sports and Fitness
DON7823,f5a96eed-e9ba-4234-b357-87736d1ff0d1,Arts and Culture,Arts and Culture
DON7824,f5a96eed-e9ba-4234-b357-87736d1ff0d1,Travel,Travel
DON7825,f5a96eed-e9ba-4234-b357-87736d1ff0d1,Food and Cooking,Food and Cooking
DON7826,49b2408a-7a7d-4586-8673-c71c3ce6395f,Finance,Finance
DON7827,49b065bb-0fb0-41b1-92cb-5e1aab52ca8f,Education,Education
DON7828,49b065bb-0fb0-41b1-92cb-5e1aab52ca8f,Health and Wellness,Health and Wellness
DON7829,49b065bb-0fb0-41b1-92cb-5e1aab52ca8f,Arts and Culture,Arts and Culture
DON7830,405a312d-ca8a-4dd2-aa25-28cf5c81592b,Education,Education
DON7831,405a312d-ca8a-4dd2-aa25-28cf5c81592b,Health and Wellness,Health and Wellness
DON7832,405a312d-ca8a-4dd2-aa25-28cf5c81592b,Environment,Environment
DON7833,8b631002-6e6d-414b-b5b9-269b8272e20b,Finance,Finance
DON7834,8b631002-6e6d-414b-b5b9-269b8272e20b,Arts and Culture,Arts and Culture
DON7835,d28c76be-cc4b-48d4-8c0a-41e2882254e7,Health and Wellness,Health and Wellness
DON7836,c27c0d5a-69d4-47bd-9ef0-b0dada452c11,Yoga and Pilates,Yoga and Pilates
DON7837,c27c0d5a-69d4-47bd-9ef0-b0dada452c11,Technology,Technology
DON7838,c27c0d5a-69d4-47bd-9ef0-b0dada452c11,Sports and Fitness,Sports and Fitness
DON7839,57b7045b-5862-4007-be46-c33e61a6b46f,Arts and Culture,Arts and Culture
DON7840,57b7045b-5862-4007-be46-c33e61a6b46f,Sports and Fitness,Sports and Fitness
DON7841,57b7045b-5862-4007-be46-c33e61a6b46f,Food and Cooking,Food and Cooking
DON7842,d626b9ca-6a86-4260-b828-f6585365644a,Yoga and Pilates,Yoga and Pilates
DON7843,d626b9ca-6a86-4260-b828-f6585365644a,Arts and Culture,Arts and Culture
DON7844,b94fb712-0064-4197-8941-eb97237602d7,Education,Education
DON7845,4acf0a06-cebe-4412-b03f-89d196449d93,Finance,Finance
DON7846,4acf0a06-cebe-4412-b03f-89d196449d93,Environment,Environment
DON7847,4acf0a06-cebe-4412-b03f-89d196449d93,Technology,Technology
DON7848,534a2227-bbf1-4855-bb97-92d307a026a1,Health and Wellness,Health and Wellness
DON7849,534a2227-bbf1-4855-bb97-92d307a026a1,Technology,Technology
DON7850,534a2227-bbf1-4855-bb97-92d307a026a1,Sports and Fitness,Sports and Fitness
DON7851,e6fbb615-f673-4530-8afa-8c04079a1965,Education,Education
DON7852,f9a6e47a-48d2-4675-b99e-43a21af114b7,Arts and Culture,Arts and Culture
DON7853,700d349c-f33a-4b11-bf23-e2367668843c,Travel,Travel
DON7854,700d349c-f33a-4b11-bf23-e2367668843c,Finance,Finance
DON7855,0440cf8a-3767-4e92-9769-52a1c80ae02a,Technology,Technology
DON7856,0440cf8a-3767-4e92-9769-52a1c80ae02a,Arts and Culture,Arts and Culture
DON7857,0440cf8a-3767-4e92-9769-52a1c80ae02a,Food and Cooking,Food and Cooking
DON7858,c94e6a6b-d5ec-452b-bfb6-819875955b61,Technology,Technology
DON7859,363939d5-c7b7-422c-8b85-be4444fbdbf7,Finance,Finance
DON7860,f2b12560-13fb-4ccd-bb33-f5cdbbf3863f,Sports and Fitness,Sports and Fitness
DON7861,f2b12560-13fb-4ccd-bb33-f5cdbbf3863f,Environment,Environment
DON7862,76f07742-442a-4a7c-91f5-9670af4fadf7,Food and Cooking,Food and Cooking
DON7863,76f07742-442a-4a7c-91f5-9670af4fadf7,Arts and Culture,Arts and Culture
DON7864,76f07742-442a-4a7c-91f5-9670af4fadf7,Environment,Environment
DON7865,615d6db9-34a8-47d6-af10-aee0e70031e4,Education,Education
DON7866,615d6db9-34a8-47d6-af10-aee0e70031e4,Travel,Travel
DON7867,e0b17e84-0b8f-4b8e-9e1f-c6def910f939,Yoga and Pilates,Yoga and Pilates
DON7868,e0b17e84-0b8f-4b8e-9e1f-c6def910f939,Arts and Culture,Arts and Culture
DON7869,e40e8b36-a38f-4da3-b873-a7c9b6620007,Technology,Technology
DON7870,e40e8b36-a38f-4da3-b873-a7c9b6620007,Finance,Finance
DON7871,e40e8b36-a38f-4da3-b873-a7c9b6620007,Health and Wellness,Health and Wellness
DON7872,18357b66-69a9-4e23-a869-89a370ca18c1,Travel,Travel
DON7873,af3a4af3-555a-4ac9-be64-6c0e803e81ce,Travel,Travel
DON7874,af3a4af3-555a-4ac9-be64-6c0e803e81ce,Sports and Fitness,Sports and Fitness
DON7875,52c70c1c-7bc1-464a-aae1-7e1a3c1d36ba,Arts and Culture,Arts and Culture
DON7876,52c70c1c-7bc1-464a-aae1-7e1a3c1d36ba,Health and Wellness,Health and Wellness
DON7877,1d7fd732-109e-4cb2-bb5b-88752da575ef,Technology,Technology
DON7878,1d7fd732-109e-4cb2-bb5b-88752da575ef,Arts and Culture,Arts and Culture
DON7879,1d7fd732-109e-4cb2-bb5b-88752da575ef,Yoga and Pilates,Yoga and Pilates
DON7880,0f43023e-a2cb-4c93-813a-f6158cc569e9,Health and Wellness,Health and Wellness
DON7881,0f43023e-a2cb-4c93-813a-f6158cc569e9,Finance,Finance
DON7882,0f43023e-a2cb-4c93-813a-f6158cc569e9,Education,Education
DON7883,b3a01d68-3931-41fc-a063-ecd31987c537,Environment,Environment
DON7884,8f8dd082-7dda-413c-a971-a0f086606d5e,Health and Wellness,Health and Wellness
DON7885,8f8dd082-7dda-413c-a971-a0f086606d5e,Sports and Fitness,Sports and Fitness
DON7886,13bc912b-cf9e-4b70-9aca-b0a0d6fd1175,Finance,Finance
DON7887,13bc912b-cf9e-4b70-9aca-b0a0d6fd1175,Environment,Environment
DON7888,efb7ba31-dfaa-47f1-b784-69cfaad6c22e,Finance,Finance
DON7889,efb7ba31-dfaa-47f1-b784-69cfaad6c22e,Health and Wellness,Health and Wellness
DON7890,efb7ba31-dfaa-47f1-b784-69cfaad6c22e,Technology,Technology
DON7891,24f6be20-1f2c-415f-9b80-0bba622f628c,Finance,Finance
DON7892,24f6be20-1f2c-415f-9b80-0bba622f628c,Sports and Fitness,Sports and Fitness
DON7893,994b93a0-acc3-4615-a31a-30b966db32e6,Yoga and Pilates,Yoga and Pilates
DON7894,c5969a11-be8a-4018-98cb-79dd1f727ae7,Education,Education
DON7895,c5969a11-be8a-4018-98cb-79dd1f727ae7,Travel,Travel
DON7896,c5969a11-be8a-4018-98cb-79dd1f727ae7,Technology,Technology
DON7897,1bdb815f-5777-409a-9c40-8e1843140623,Yoga and Pilates,Yoga and Pilates
DON7898,1bdb815f-5777-409a-9c40-8e1843140623,Food and Cooking,Food and Cooking
DON7899,1bdb815f-5777-409a-9c40-8e1843140623,Education,Education
DON7900,426014b9-17c6-45e9-90c7-00eb3405765c,Technology,Technology
DON7901,a7e2b008-203e-4051-9298-1194436506b5,Technology,Technology
DON7902,a7e2b008-203e-4051-9298-1194436506b5,Travel,Travel
DON7903,a7e2b008-203e-4051-9298-1194436506b5,Environment,Environment
DON7904,150fd002-cfe8-40cf-9774-062ec943af87,Health and Wellness,Health and Wellness
DON7905,150fd002-cfe8-40cf-9774-062ec943af87,Yoga and Pilates,Yoga and Pilates
DON7906,771e78bd-cb4e-449e-8dff-b8d87d76fe4d,Sports and Fitness,Sports and Fitness
DON7907,ae101af0-6559-4726-a773-8e11e62bca6f,Sports and Fitness,Sports and Fitness
DON7908,ae101af0-6559-4726-a773-8e11e62bca6f,Travel,Travel
DON7909,ad4b8c1f-f54a-47c9-b7c2-0be70d95a9e3,Travel,Travel
DON7910,ad4b8c1f-f54a-47c9-b7c2-0be70d95a9e3,Technology,Technology
DON7911,ab92e1e7-3376-49d3-bff6-eaa5a2629dab,Finance,Finance
DON7912,ab92e1e7-3376-49d3-bff6-eaa5a2629dab,Education,Education
DON7913,ab92e1e7-3376-49d3-bff6-eaa5a2629dab,Technology,Technology
DON7914,b0865d16-80d8-448d-89c7-8d966fd6e862,Food and Cooking,Food and Cooking
DON7915,b0865d16-80d8-448d-89c7-8d966fd6e862,Arts and Culture,Arts and Culture
DON7916,fe678180-4b9a-4a90-a379-45482e0cd16a,Environment,Environment
DON7917,fe678180-4b9a-4a90-a379-45482e0cd16a,Education,Education
DON7918,2a5360b7-76f6-4f96-8099-756b5a175b41,Arts and Culture,Arts and Culture
DON7919,2a5360b7-76f6-4f96-8099-756b5a175b41,Food and Cooking,Food and Cooking
DON7920,eb30ee05-f645-458d-a93f-0c08e26a7299,Environment,Environment
DON7921,e1f50478-aeac-461a-9674-0867e8516334,Environment,Environment
DON7922,e1f50478-aeac-461a-9674-0867e8516334,Education,Education
DON7923,e1f50478-aeac-461a-9674-0867e8516334,Yoga and Pilates,Yoga and Pilates
DON7924,bf7fd97d-01ef-46e1-982f-61a9a523b555,Environment,Environment
DON7925,bf7fd97d-01ef-46e1-982f-61a9a523b555,Education,Education
DON7926,a1ad7f6b-a72d-4eae-8dd5-e3fd39f105e3,Travel,Travel
DON7927,e23002ad-6903-4da1-a874-dddd35beb31f,Sports and Fitness,Sports and Fitness
DON7928,e23002ad-6903-4da1-a874-dddd35beb31f,Finance,Finance
DON7929,03455137-7acf-4912-81c9-bddea7fc00a5,Finance,Finance
DON7930,dc84e9b3-cf4a-4beb-bf20-858f403fe8ff,Yoga and Pilates,Yoga and Pilates
DON7931,dc84e9b3-cf4a-4beb-bf20-858f403fe8ff,Food and Cooking,Food and Cooking
DON7932,dc84e9b3-cf4a-4beb-bf20-858f403fe8ff,Travel,Travel
DON7933,dc5eabce-9240-4668-8ba2-09e22eaf0b02,Finance,Finance
DON7934,bc170c89-424f-4302-be44-5c6a20f2fc1d,Food and Cooking,Food and Cooking
DON7935,bc170c89-424f-4302-be44-5c6a20f2fc1d,Technology,Technology
DON7936,bc170c89-424f-4302-be44-5c6a20f2fc1d,Yoga and Pilates,Yoga and Pilates
DON7937,2c4e44ec-4b90-43fe-92a7-36e2c03c42f6,Yoga and Pilates,Yoga and Pilates
DON7938,8b25b5ee-4569-4705-bc13-25422af45c92,Food and Cooking,Food and Cooking
DON7939,8b25b5ee-4569-4705-bc13-25422af45c92,Yoga and Pilates,Yoga and Pilates
DON7940,8b25b5ee-4569-4705-bc13-25422af45c92,Environment,Environment
DON7941,9fe9f450-b351-4e83-98d0-20177134ceb5,Finance,Finance
DON7942,9fe9f450-b351-4e83-98d0-20177134ceb5,Travel,Travel
DON7943,9b83f74a-4ede-4e24-9b03-ad1289674132,Environment,Environment
DON7944,9b83f74a-4ede-4e24-9b03-ad1289674132,Health and Wellness,Health and Wellness
DON7945,5cde2417-b832-4e9a-897f-22ea27055cc9,Travel,Travel
DON7946,f4c6f98f-d44b-4d89-9d4a-eae94ebca652,Education,Education
DON7947,f4c6f98f-d44b-4d89-9d4a-eae94ebca652,Food and Cooking,Food and Cooking
DON7948,f4c6f98f-d44b-4d89-9d4a-eae94ebca652,Yoga and Pilates,Yoga and Pilates
DON7949,d56a65a5-f9ce-4499-8e2b-e15330a7e763,Health and Wellness,Health and Wellness
DON7950,f69a180d-bd5e-4888-9ff5-2165b2ef6c6a,Health and Wellness,Health and Wellness
DON7951,f69a180d-bd5e-4888-9ff5-2165b2ef6c6a,Education,Education
DON7952,47cf777d-397b-4d99-8597-04e27f5c0663,Travel,Travel
DON7953,47cf777d-397b-4d99-8597-04e27f5c0663,Health and Wellness,Health and Wellness
DON7954,47cf777d-397b-4d99-8597-04e27f5c0663,Arts and Culture,Arts and Culture
DON7955,e4518587-5c93-4412-9dab-3d538c46b768,Health and Wellness,Health and Wellness
DON7956,e4518587-5c93-4412-9dab-3d538c46b768,Finance,Finance
DON7957,e4518587-5c93-4412-9dab-3d538c46b768,Environment,Environment
DON7958,7a173245-59ec-40bb-ba86-cdc9af88f7c5,Technology,Technology
DON7959,7a173245-59ec-40bb-ba86-cdc9af88f7c5,Environment,Environment
DON7960,7a173245-59ec-40bb-ba86-cdc9af88f7c5,Education,Education
DON7961,d0cbc16e-14ee-4d20-a4aa-dc147af3dd4f,Food and Cooking,Food and Cooking
DON7962,d0cbc16e-14ee-4d20-a4aa-dc147af3dd4f,Technology,Technology
DON7963,a57e0547-0855-4e3b-ad0f-ceaf3a6498dd,Environment,Environment
DON7964,a57e0547-0855-4e3b-ad0f-ceaf3a6498dd,Arts and Culture,Arts and Culture
DON7965,a57e0547-0855-4e3b-ad0f-ceaf3a6498dd,Finance,Finance
DON7966,85673dec-1c54-483d-a84b-e23a0171e005,Health and Wellness,Health and Wellness
DON7967,71be939b-cb9a-45d1-b7cc-2c05bd9a63ac,Yoga and Pilates,Yoga and Pilates
DON7968,1d4051f6-d90c-4522-a0a2-cb31f423a179,Technology,Technology
DON7969,1d4051f6-d90c-4522-a0a2-cb31f423a179,Health and Wellness,Health and Wellness
DON7970,fc6c6652-1738-4d0e-ad62-b9650028dc0c,Yoga and Pilates,Yoga and Pilates
DON7971,fc6c6652-1738-4d0e-ad62-b9650028dc0c,Arts and Culture,Arts and Culture
DON7972,fc6c6652-1738-4d0e-ad62-b9650028dc0c,Environment,Environment
DON7973,ca8c2601-7296-40a5-80d7-9260df0b4b02,Education,Education
DON7974,ca8c2601-7296-40a5-80d7-9260df0b4b02,Health and Wellness,Health and Wellness
DON7975,ca8c2601-7296-40a5-80d7-9260df0b4b02,Arts and Culture,Arts and Culture
DON7976,492b4c99-1de9-4489-a0e7-d9d178e99390,Arts and Culture,Arts and Culture
DON7977,492b4c99-1de9-4489-a0e7-d9d178e99390,Health and Wellness,Health and Wellness
DON7978,bcfafa32-25da-4739-ac17-8c6f13ec8390,Food and Cooking,Food and Cooking
DON7979,bcfafa32-25da-4739-ac17-8c6f13ec8390,Arts and Culture,Arts and Culture
DON7980,bcfafa32-25da-4739-ac17-8c6f13ec8390,Environment,Environment
DON7981,40debaec-5611-44b9-a428-03a6f8560778,Education,Education
DON7982,40debaec-5611-44b9-a428-03a6f8560778,Technology,Technology
DON7983,40debaec-5611-44b9-a428-03a6f8560778,Travel,Travel
DON7984,58c8e980-0152-49c8-94c1-52ec32ac55e8,Arts and Culture,Arts and Culture
DON7985,58c8e980-0152-49c8-94c1-52ec32ac55e8,Food and Cooking,Food and Cooking
DON7986,58c8e980-0152-49c8-94c1-52ec32ac55e8,Education,Education
DON7987,058f5285-10fd-4318-89d2-34b8684eaf20,Arts and Culture,Arts and Culture
DON7988,058f5285-10fd-4318-89d2-34b8684eaf20,Food and Cooking,Food and Cooking
DON7989,1b337605-d779-482e-8a2d-a88eb0f849a8,Technology,Technology
DON7990,1b337605-d779-482e-8a2d-a88eb0f849a8,Yoga and Pilates,Yoga and Pilates
DON7991,07b77009-d46e-415b-a734-c30e3fe6deb6,Sports and Fitness,Sports and Fitness
DON7992,07b77009-d46e-415b-a734-c30e3fe6deb6,Yoga and Pilates,Yoga and Pilates
DON7993,07b77009-d46e-415b-a734-c30e3fe6deb6,Travel,Travel
DON7994,83618cf4-30cb-48f9-b9e8-7638225ba5ac,Sports and Fitness,Sports and Fitness
DON7995,aefba031-af1c-4037-a196-708eebc92ba3,Education,Education
DON7996,aefba031-af1c-4037-a196-708eebc92ba3,Food and Cooking,Food and Cooking
DON7997,f47c76a7-2b71-4e0d-b86c-ffff4d47c216,Technology,Technology
DON7998,d3bfcad5-21c3-49f8-a756-e863c1c8a197,Travel,Travel
DON7999,3fdd751d-57fc-4d57-87a7-2d34ca497c2f,Travel,Travel
DON8000,3fdd751d-57fc-4d57-87a7-2d34ca497c2f,Technology,Technology
DON8001,da617636-d26f-4ec6-a6b0-5db1aae59767,Environment,Environment
DON8002,da617636-d26f-4ec6-a6b0-5db1aae59767,Arts and Culture,Arts and Culture
DON8003,59688d1f-92bb-40f5-a023-b561004973ba,Food and Cooking,Food and Cooking
DON8004,b78cb555-b8eb-4abc-8ff3-d904e59284c4,Technology,Technology
DON8005,b78cb555-b8eb-4abc-8ff3-d904e59284c4,Finance,Finance
