id,donor_id,interest_category,interest_name
o87skkjl4l,ecd9df79-22a9-416c-a3b7-5a207ccb2e4f,Health and Wellness,Yoga retreats wellness tourism
tj3mpzbj6a,2cdfec1d-2f33-47cf-a81f-7442578c17b8,Health & Wellness,Nutrition planning meal prepping
i025lrlcak,ab8efba9-e14f-47af-aee3-9c033bd5f70e,Travel and Exploration,Cruise vacations and sailing adventures
8nrvlkgfxa,ab8efba9-e14f-47af-aee3-9c033bd5f70e,Health and Wellness,Holistic health practices (acupuncture herbalism)
cyy8ryjscu,ab8efba9-e14f-47af-aee3-9c033bd5f70e,Reading and Literature,"Poetry and poetic forms (haiku, sonnets, free verse)"
7j6saixtdx,724b0662-be32-4adf-b63e-6d0a69fa3e3b,Travel and Exploration,Road trips and exploring scenic routes
pw4pdj0l51,a6003879-edaa-4a4e-a79a-d8e478a6aec0,Travel and Exploration,Cruise vacations and sailing adventures
qx14d5ceeo,a467aa3c-59c5-461d-aee5-2ca6e11a8e3d,Travel and Exploration,Ecotourism and sustainable travel
0vdhq0blwo,a467aa3c-59c5-461d-aee5-2ca6e11a8e3d,Travel and Exploration,Urban exploration and historical tours
agx7uti2th,a467aa3c-59c5-461d-aee5-2ca6e11a8e3d,Reading and Literature,"Non-fiction (biographies, history, self-help, psychology)"
vou48jyqvh,7667da40-5c39-41f1-9697-07b379e1a049,Reading and Literature,Reading challenges and book clubs
t2t0ei59om,7667da40-5c39-41f1-9697-07b379e1a049,Outdoor Activities,"Camping (tent camping, RV camping)"
gvddz9mv30,7667da40-5c39-41f1-9697-07b379e1a049,Health and Wellness,Holistic health practices (acupuncture herbalism)
2wj1ghckz4,de37fe36-8637-4173-825e-fc983a0d1dc2,Reading and Literature,"Poetry and poetic forms (haiku, sonnets, free verse)"
p31g44co03,de37fe36-8637-4173-825e-fc983a0d1dc2,Reading and Literature,"Fiction (novels, short stories, fantasy, science fiction)"
i3l38mxd7m,de37fe36-8637-4173-825e-fc983a0d1dc2,Health and Wellness,Practicing mindfulness meditation
wmw00e06ez,07c08a95-b20e-4c0c-a920-c478180d67f3,Travel and Exploration,Backpacking and adventure travel
dtbxltogf6,07c08a95-b20e-4c0c-a920-c478180d67f3,Outdoor Activities,"Camping (tent camping, RV camping)"
blthvo6s9y,07c08a95-b20e-4c0c-a920-c478180d67f3,Travel and Exploration,Road trips and exploring scenic routes
nfb4s67b1o,aaaa5064-6b5a-48c5-92d6-420bb08ed13b,Reading and Literature,"Poetry and poetic forms (haiku, sonnets, free verse)"
v0y9ohkp0m,aaaa5064-6b5a-48c5-92d6-420bb08ed13b,Outdoor Activities,Hiking and nature walks
q9cliovcf8,067c7536-bbb2-4aa7-9b5f-7d50dc620a50,Health and Wellness,Fitness obstacle course races
dy4gtxfx77,067c7536-bbb2-4aa7-9b5f-7d50dc620a50,Reading and Literature,Reading challenges and book clubs
p9tjv79pvk,067c7536-bbb2-4aa7-9b5f-7d50dc620a50,Reading and Literature,Literary analysis and book discussions
b6lsyzaphw,a6f4a572-2ef3-4c2e-aefc-30640121cb89,Reading and Literature,"Fiction (novels, short stories, fantasy, science fiction)"
7uj77bxjgu,a6f4a572-2ef3-4c2e-aefc-30640121cb89,Travel and Exploration,Road trips and exploring scenic routes
mtr0xq8967,8f5ec432-5429-4c19-94de-b2319982c7d4,Travel and Exploration,Visiting new countries and cultures
in3tyt224d,8f5ec432-5429-4c19-94de-b2319982c7d4,Health & Wellness,Nutrition planning meal prepping
mdxr29bwna,4801821c-e130-4bc3-849a-03fd628726c7,Travel and Exploration,Backpacking and adventure travel
lnttvw20yt,4801821c-e130-4bc3-849a-03fd628726c7,Reading and Literature,"Poetry and poetic forms (haiku, sonnets, free verse)"
r5c2f4n6ar,2e9aba02-cb84-46f1-96fe-13d75bbc9f25,Travel and Exploration,Ecotourism and sustainable travel
g5351g1ohr,22bb84e2-4c41-4d0a-8bc6-421473b2fc6e,Health and Wellness,Practicing mindfulness meditation
5xrewi7re5,22bb84e2-4c41-4d0a-8bc6-421473b2fc6e,Travel and Exploration,Cruise vacations and sailing adventures
tbu3dmzhpi,5edf4a5d-2c85-49a9-bf47-c8ca7b680251,Health and Wellness,Practicing mindfulness meditation
1gjd8r4i84,5edf4a5d-2c85-49a9-bf47-c8ca7b680251,Health and Wellness,Yoga retreats wellness tourism
m2nhsp9bm5,10405448-9792-44c5-b790-65de50454400,Outdoor Activities,Hiking and nature walks
anw8o52nua,d36a21aa-57f2-4190-8e43-cb5b789d716a,Outdoor Activities,Wilderness survival skills
qi30lwj6dl,ec3dbd99-663d-4042-ae2e-d2a83fbb3d4e,Reading and Literature,"Poetry and poetic forms (haiku, sonnets, free verse)"
6llctjr42b,52f85071-0b33-416a-88a0-4d89130353d4,Reading and Literature,"Poetry and poetic forms (haiku, sonnets, free verse)"
7j4free11b,52f85071-0b33-416a-88a0-4d89130353d4,Travel and Exploration,Backpacking and adventure travel
34vbtrh5xn,52f85071-0b33-416a-88a0-4d89130353d4,Health and Wellness,Practicing mindfulness meditation
2c6g9l597h,d64fdfe8-4c8a-47eb-9c94-c78593abe450,Outdoor Activities,"Camping (tent camping, RV camping)"
4bz0pwbyr3,fd3e0ae4-9422-4be7-bef6-4f17e68dccb6,Reading and Literature,Audio books and storytelling podcasts
otos7rucnz,8ab67aa1-c341-41eb-9c01-c4dfe300856e,Outdoor Activities,Hiking and nature walks
99gshwx0wa,8ab67aa1-c341-41eb-9c01-c4dfe300856e,Reading and Literature,"Fiction (novels, short stories, fantasy, science fiction)"
npf0kxo3z8,f4a0c584-4f58-4b80-ac4d-0821e3acd404,Outdoor Activities,"Camping (tent camping, RV camping)"
i7a4hohn39,0bbffdb0-b3e5-452a-891d-43bc7501f262,Outdoor Activities,"Camping (tent camping, RV camping)"
3gpce1rc47,0bbffdb0-b3e5-452a-891d-43bc7501f262,Health & Wellness,Nutrition planning meal prepping
dtt1eh6tq2,0bbffdb0-b3e5-452a-891d-43bc7501f262,Health and Wellness,Fitness obstacle course races
iyyzpk1m0q,9919b0a1-e0d1-48c8-8768-36e69725424d,Outdoor Activities,Wilderness survival skills
cae8bgxup2,7a34d9e3-cd63-4987-951e-a903a25a25c3,Reading and Literature,"Poetry and poetic forms (haiku, sonnets, free verse)"
vvqmd81uzt,7a34d9e3-cd63-4987-951e-a903a25a25c3,Reading and Literature,"Non-fiction (biographies, history, self-help, psychology)"
y4vo6y8kzm,7a34d9e3-cd63-4987-951e-a903a25a25c3,Reading and Literature,Audio books and storytelling podcasts
1q66un8ebb,65192c5d-98ee-4529-b43a-2610de2a0b18,Travel and Exploration,Cruise vacations and sailing adventures
f6bv2qox6j,02ab02f6-2bac-4a0d-bdc2-f84b166e3154,Health and Wellness,Holistic health practices (acupuncture herbalism)
nii81y7kc2,4d095139-c79e-446f-a51a-fb527b8e57da,Health and Wellness,Practicing mindfulness meditation
fzhku2zc71,7743f1e2-785c-459a-b882-78f5dc9e7979,Outdoor Activities,Wilderness survival skills
evzgigvvlg,45fca87a-fc6a-4dc7-bc8c-3a24cfc9df1b,Reading and Literature,Audio books and storytelling podcasts
fi8hut17o4,45fca87a-fc6a-4dc7-bc8c-3a24cfc9df1b,Reading and Literature,Literary analysis and book discussions
xlnxh3ntg4,45fca87a-fc6a-4dc7-bc8c-3a24cfc9df1b,Travel and Exploration,Cruise vacations and sailing adventures
fx7hesncp7,72640ec6-a58a-4646-b46c-e2e72a162e7a,Health and Wellness,Holistic health practices (acupuncture herbalism)
xhpecq9jhx,72640ec6-a58a-4646-b46c-e2e72a162e7a,Health and Wellness,Fitness obstacle course races
7t5usb8pbu,72640ec6-a58a-4646-b46c-e2e72a162e7a,Travel and Exploration,Urban exploration and historical tours
24wqz4zvmj,8a475abd-cdd3-4c26-861a-3f068314c867,Reading and Literature,Audio books and storytelling podcasts
dfozm0c510,8a475abd-cdd3-4c26-861a-3f068314c867,Reading and Literature,"Poetry and poetic forms (haiku, sonnets, free verse)"
l54bfutzi6,3827c716-0b88-45eb-aac4-723b83cdc474,Outdoor Activities,Hiking and nature walks
f7135ur0o8,3827c716-0b88-45eb-aac4-723b83cdc474,Health and Wellness,Holistic health practices (acupuncture herbalism)
2kbrjc6zb0,3827c716-0b88-45eb-aac4-723b83cdc474,Reading and Literature,"Non-fiction (biographies, history, self-help, psychology)"
0z29dqsq6b,cf145564-2f9e-4b33-af9b-b00fc0dea6c4,Health and Wellness,Holistic health practices (acupuncture herbalism)
xntlrydt7e,a6440173-87df-4ae2-bd97-a575293b710f,Outdoor Activities,"Camping (tent camping, RV camping)"
1u4c86gt8s,a6440173-87df-4ae2-bd97-a575293b710f,Travel and Exploration,Road trips and exploring scenic routes
vzsiwe5e4q,8a3b698c-2952-4b72-ad0f-49e7b72a3d95,Travel and Exploration,Visiting new countries and cultures
vu8hcbnk5u,8a3b698c-2952-4b72-ad0f-49e7b72a3d95,Travel and Exploration,Road trips and exploring scenic routes
opxumj6hgl,20be7905-0bf3-4cfb-b08d-20f20e70d23b,Travel and Exploration,Road trips and exploring scenic routes
2rqttivo2s,20be7905-0bf3-4cfb-b08d-20f20e70d23b,Health and Wellness,Yoga retreats wellness tourism
mpc7yhc8xr,0fbca3ed-44d3-44eb-92ea-afee99477576,Outdoor Activities,Wilderness survival skills
evz1babmme,f5356944-e5fe-4c30-8c7b-5fafae4ebd50,Health and Wellness,Holistic health practices (acupuncture herbalism)
41q3cbdwal,f5356944-e5fe-4c30-8c7b-5fafae4ebd50,Health and Wellness,Yoga retreats wellness tourism
fbmumjtlof,f5356944-e5fe-4c30-8c7b-5fafae4ebd50,Travel and Exploration,Ecotourism and sustainable travel
merugivjoh,1fb4454a-9ef5-477d-831f-9cab25e0408d,Reading and Literature,"Fiction (novels, short stories, fantasy, science fiction)"
10dbph4m13,4830e868-14d4-4aa2-a616-56a4b90c6e66,Reading and Literature,Audio books and storytelling podcasts
aaf6uqff9i,4830e868-14d4-4aa2-a616-56a4b90c6e66,Reading and Literature,"Poetry and poetic forms (haiku, sonnets, free verse)"
zb69f8mat1,ca0b39d8-bd83-41a0-bf9c-c83600f25c04,Travel and Exploration,Urban exploration and historical tours
i95s4vnvcc,6866ce30-364a-4ba1-a103-b9269afd8348,Reading and Literature,Reading challenges and book clubs
gugh6jzv44,3ee57d67-7a56-4b53-86d1-9b8d346f25cf,Health & Wellness,Nutrition planning meal prepping
s55lgw8wkc,3ee57d67-7a56-4b53-86d1-9b8d346f25cf,Reading and Literature,"Non-fiction (biographies, history, self-help, psychology)"
9ipix0kstz,3ee57d67-7a56-4b53-86d1-9b8d346f25cf,Travel and Exploration,Road trips and exploring scenic routes
j4ubyr0yp6,709352a6-1fef-4e08-bdfe-deb08f3bae35,Reading and Literature,Reading challenges and book clubs
dtv01u3nxd,709352a6-1fef-4e08-bdfe-deb08f3bae35,Health and Wellness,Fitness obstacle course races
m5nfx4l7v3,709352a6-1fef-4e08-bdfe-deb08f3bae35,Travel and Exploration,Visiting new countries and cultures
0uauq6d5fw,0880292e-7620-468e-8b64-2ac0c7eb23a0,Health and Wellness,Holistic health practices (acupuncture herbalism)
jz2w5hm4ad,0880292e-7620-468e-8b64-2ac0c7eb23a0,Travel and Exploration,Backpacking and adventure travel
oqr3yyuczm,ced3c56d-d218-4429-a50f-3cb41af028d6,Outdoor Activities,Wilderness survival skills
ypn1vquu5t,c63461dc-b70f-4e71-86b7-bc44b5b1c055,Health and Wellness,Practicing mindfulness meditation
bx5ngg5flt,1e6b210c-03f1-4d7d-9689-4ad4ae658f41,Health & Wellness,Nutrition planning meal prepping
63w5k19zrs,1e6b210c-03f1-4d7d-9689-4ad4ae658f41,Travel and Exploration,Cruise vacations and sailing adventures
cfqat87oub,1e6b210c-03f1-4d7d-9689-4ad4ae658f41,Travel and Exploration,Road trips and exploring scenic routes
p4ae5w545c,bb7e0e50-79bb-48d8-b944-78966089a1d8,Health and Wellness,Practicing mindfulness meditation
s8xzdqjuds,19c49bbc-c908-44cc-bff7-b389cc883a4a,Health and Wellness,Fitness obstacle course races
v7clusd2m1,72d55689-400b-4576-9815-44f78a139166,Health and Wellness,Fitness obstacle course races
2ft6g88am8,df32676b-ef3d-44dd-8366-fc3671b3baaf,Reading and Literature,Literary analysis and book discussions
2gzrsw0z84,df32676b-ef3d-44dd-8366-fc3671b3baaf,Travel and Exploration,Visiting new countries and cultures
24id6mjq6k,df32676b-ef3d-44dd-8366-fc3671b3baaf,Travel and Exploration,Urban exploration and historical tours
apiitrgj28,a111d6f0-7c90-4bc0-9755-8175281868de,Travel and Exploration,Road trips and exploring scenic routes
eo8hr64qem,a111d6f0-7c90-4bc0-9755-8175281868de,Reading and Literature,Literary analysis and book discussions
4axxwd9ffy,d9bab4c0-4d22-452e-8210-e5890624c1a0,Outdoor Activities,Hiking and nature walks
b7lq9p5ozp,d9bab4c0-4d22-452e-8210-e5890624c1a0,Reading and Literature,"Fiction (novels, short stories, fantasy, science fiction)"
t10xv4pjn5,99ad5b79-acff-45ce-80e9-8aea80897c95,Travel and Exploration,Visiting new countries and cultures
n6dniobq8d,2d9ccd02-9d29-4728-a3af-2bcc24ae7772,Health and Wellness,Practicing mindfulness meditation
rdt1tp0nrm,2d9ccd02-9d29-4728-a3af-2bcc24ae7772,Reading and Literature,"Fiction (novels, short stories, fantasy, science fiction)"
xtqpqifb6v,be93539d-00d1-459c-82ec-5f4cedffda65,Reading and Literature,"Poetry and poetic forms (haiku, sonnets, free verse)"
xp39erzhyz,be93539d-00d1-459c-82ec-5f4cedffda65,Reading and Literature,Audio books and storytelling podcasts
wpuxgks2o8,be93539d-00d1-459c-82ec-5f4cedffda65,Reading and Literature,Literary analysis and book discussions
3rbwthtvbk,53355db8-8150-4243-82e3-697ab12aad63,Reading and Literature,"Fiction (novels, short stories, fantasy, science fiction)"
6hj9oxk9e8,53355db8-8150-4243-82e3-697ab12aad63,Reading and Literature,Audio books and storytelling podcasts
32j4h2vgcg,53355db8-8150-4243-82e3-697ab12aad63,Health & Wellness,Nutrition planning meal prepping
8f476ym50t,d0a843ce-0179-4635-8917-963fa44ebaf1,Outdoor Activities,Wilderness survival skills
mhgdihh5hf,d0a843ce-0179-4635-8917-963fa44ebaf1,Reading and Literature,Audio books and storytelling podcasts
u6m20358tu,8b8d9716-7635-48b3-ad79-25f8dfee94eb,Travel and Exploration,Visiting new countries and cultures
1jd5e5udid,8b8d9716-7635-48b3-ad79-25f8dfee94eb,Health and Wellness,Holistic health practices (acupuncture herbalism)
botpvu5urw,fe1e0266-1567-4f01-ad5a-304e907199e2,Outdoor Activities,Wilderness survival skills
2k99dqutny,ebebbe6e-2fd4-4972-9d08-c0c387286725,Health and Wellness,Practicing mindfulness meditation
x58qajb8vv,ebebbe6e-2fd4-4972-9d08-c0c387286725,Travel and Exploration,Cruise vacations and sailing adventures
vxmxiztrb9,7cd00e9d-9a07-4920-8f8a-70d82f25006f,Health and Wellness,Practicing mindfulness meditation
n8w228xsaq,c383ed1c-0bbe-4d78-a57d-caa21d3b1d16,Reading and Literature,Audio books and storytelling podcasts
qkd2umzugy,0def33bf-4d0a-41c8-ae3f-c5020521d075,Reading and Literature,"Fiction (novels, short stories, fantasy, science fiction)"
833cadghab,0def33bf-4d0a-41c8-ae3f-c5020521d075,Travel and Exploration,Cruise vacations and sailing adventures
06mo0d0lb2,0def33bf-4d0a-41c8-ae3f-c5020521d075,Travel and Exploration,Urban exploration and historical tours
h98jayhwgh,c00c535b-18c1-40e9-a77d-7328adedd9e9,Reading and Literature,"Fiction (novels, short stories, fantasy, science fiction)"
dz931wql8n,c00c535b-18c1-40e9-a77d-7328adedd9e9,Health and Wellness,Yoga retreats wellness tourism
le9yqd62qp,c00c535b-18c1-40e9-a77d-7328adedd9e9,Travel and Exploration,Backpacking and adventure travel
duaqibx2pq,bc06630f-c14f-40f8-b3c4-ea0cf6be52ba,Travel and Exploration,Visiting new countries and cultures
bn4ddqidbf,bc06630f-c14f-40f8-b3c4-ea0cf6be52ba,Travel and Exploration,Ecotourism and sustainable travel
652lzjuqne,bc06630f-c14f-40f8-b3c4-ea0cf6be52ba,Reading and Literature,"Poetry and poetic forms (haiku, sonnets, free verse)"
8uejauoch6,2fe36831-ee59-43c7-a4ff-b947a9131830,Travel and Exploration,Urban exploration and historical tours
ul42hqzje6,2fe36831-ee59-43c7-a4ff-b947a9131830,Outdoor Activities,Wilderness survival skills
x525271k0i,2fe36831-ee59-43c7-a4ff-b947a9131830,Reading and Literature,Reading challenges and book clubs
114tp03ggp,b267e252-bc36-4817-ac07-e1f07ce173d4,Reading and Literature,Literary analysis and book discussions
ph35woq2ph,b267e252-bc36-4817-ac07-e1f07ce173d4,Reading and Literature,Reading challenges and book clubs
7qkbz6tsx6,86bf0181-b1de-457b-b993-4f9060017735,Health & Wellness,Nutrition planning meal prepping
94zc9m9jd1,86bf0181-b1de-457b-b993-4f9060017735,Health and Wellness,Fitness obstacle course races
eowk6o4zy2,86bf0181-b1de-457b-b993-4f9060017735,Reading and Literature,"Fiction (novels, short stories, fantasy, science fiction)"
gy6f3jrdm1,606b64c6-a910-4659-b126-7c1b934e9978,Health and Wellness,Fitness obstacle course races
q21wk0f2h4,606b64c6-a910-4659-b126-7c1b934e9978,Health and Wellness,Holistic health practices (acupuncture herbalism)
wb3vyljtul,29c2749a-66d4-4d16-9961-cdb8bb8fcb6e,Outdoor Activities,Hiking and nature walks
2qyv0o29m2,29c2749a-66d4-4d16-9961-cdb8bb8fcb6e,Outdoor Activities,Wilderness survival skills
vi2yytnpjd,29c2749a-66d4-4d16-9961-cdb8bb8fcb6e,Reading and Literature,"Fiction (novels, short stories, fantasy, science fiction)"
t1164wznbk,d0d5eb3f-9819-43e4-93ac-13dafa5571ed,Travel and Exploration,Backpacking and adventure travel
msaq9exbrl,d0d5eb3f-9819-43e4-93ac-13dafa5571ed,Travel and Exploration,Urban exploration and historical tours
tkaripttnp,6483b977-3196-4078-b5e0-d231fd771360,Travel and Exploration,Visiting new countries and cultures
b29jopnmjx,2e030788-2d79-49f3-a6bc-87b3bade8bee,Health & Wellness,Nutrition planning meal prepping
fp79yvj3mk,2e030788-2d79-49f3-a6bc-87b3bade8bee,Travel and Exploration,Backpacking and adventure travel
1bwaj37o8m,e804ac8e-2a5b-40f7-af5b-005b1a62d22a,Outdoor Activities,Hiking and nature walks
lrz13lg5sf,e804ac8e-2a5b-40f7-af5b-005b1a62d22a,Travel and Exploration,Road trips and exploring scenic routes
k9e0pzfakg,0859aa9f-b527-4dda-ab22-2b9f935444e5,Outdoor Activities,Wilderness survival skills
rradhfo6sr,0859aa9f-b527-4dda-ab22-2b9f935444e5,Travel and Exploration,Visiting new countries and cultures
wpw9m31nam,0859aa9f-b527-4dda-ab22-2b9f935444e5,Travel and Exploration,Urban exploration and historical tours
1xbzjsbefb,6ceff35b-07c1-4597-99b4-ae3219231a59,Travel and Exploration,Visiting new countries and cultures
qrroam2l7v,6ceff35b-07c1-4597-99b4-ae3219231a59,Health and Wellness,Holistic health practices (acupuncture herbalism)
j9qvgbmqix,bf987358-1a34-4ef5-a0f7-b6d73e27fd09,Outdoor Activities,Wilderness survival skills
o8q9pby2nd,c852fe63-d58f-439f-86e9-59008c5b099e,Health and Wellness,Fitness obstacle course races
x244o0vsw4,d934b447-bad2-4be7-beea-784568a2ab04,Health and Wellness,Fitness obstacle course races
j9c8ixi1u2,d934b447-bad2-4be7-beea-784568a2ab04,Travel and Exploration,Ecotourism and sustainable travel
41vpqqse4o,d934b447-bad2-4be7-beea-784568a2ab04,Health and Wellness,Yoga retreats wellness tourism
6qgr5qkqsp,beb5338f-997d-4081-936c-a3148fd07e5c,Reading and Literature,Audio books and storytelling podcasts
b8323anfez,e590afd9-51a5-449c-96a3-b9b4cd405814,Travel and Exploration,Road trips and exploring scenic routes
mxyh11xq79,e590afd9-51a5-449c-96a3-b9b4cd405814,Outdoor Activities,Hiking and nature walks
a5z6e8dti9,3b158c6d-820d-4545-9f8a-360bea3a2804,Travel and Exploration,Ecotourism and sustainable travel
o5uqyd7knl,239fb45d-d42a-4bf3-8e86-79d3e552684f,Health and Wellness,Holistic health practices (acupuncture herbalism)
6jijxhk5e5,239fb45d-d42a-4bf3-8e86-79d3e552684f,Reading and Literature,"Fiction (novels, short stories, fantasy, science fiction)"
oa911swr8s,239fb45d-d42a-4bf3-8e86-79d3e552684f,Outdoor Activities,Hiking and nature walks
4okt3c8o8n,d3a06a2d-1401-46ba-aa4a-14641d2c8c6b,Outdoor Activities,Hiking and nature walks
7bqixhg95u,d3a06a2d-1401-46ba-aa4a-14641d2c8c6b,Health and Wellness,Holistic health practices (acupuncture herbalism)
zljowecnfd,c85c27ac-4ee2-412c-baae-ed53f43c2de2,Health and Wellness,Fitness obstacle course races
r9ybuoc72m,c85c27ac-4ee2-412c-baae-ed53f43c2de2,Outdoor Activities,Wilderness survival skills
ket5bu08gh,c85c27ac-4ee2-412c-baae-ed53f43c2de2,Travel and Exploration,Backpacking and adventure travel
bd31gcmk6w,de09a56a-c65a-4b4b-9982-6b100650e488,Reading and Literature,Literary analysis and book discussions
yfsxn3pz33,de09a56a-c65a-4b4b-9982-6b100650e488,Reading and Literature,Audio books and storytelling podcasts
y6a1eght9u,19b5c6a3-a4b3-4719-9e86-ce8247452e4e,Travel and Exploration,Backpacking and adventure travel
h5pz6p83xy,25c49145-4ae8-444c-b633-220c22661f6d,Travel and Exploration,Cruise vacations and sailing adventures
70nd7mittc,25c49145-4ae8-444c-b633-220c22661f6d,Health and Wellness,Yoga retreats wellness tourism
zlgwbmo0qp,25c49145-4ae8-444c-b633-220c22661f6d,Travel and Exploration,Visiting new countries and cultures
y2stcx5bqs,f02ed6a7-04dc-45fe-8348-e5452a206816,Reading and Literature,"Fiction (novels, short stories, fantasy, science fiction)"
oghgwj1aj0,f02ed6a7-04dc-45fe-8348-e5452a206816,Travel and Exploration,Cruise vacations and sailing adventures
5rzzulgls7,f02ed6a7-04dc-45fe-8348-e5452a206816,Reading and Literature,Reading challenges and book clubs
20i5m8uh3m,ea258b45-fd22-40dc-b984-b4adac3dcd31,Travel and Exploration,Road trips and exploring scenic routes
mjwa1i94aj,ea258b45-fd22-40dc-b984-b4adac3dcd31,Health and Wellness,Yoga retreats wellness tourism
sdi47yurew,50003772-4cf8-4853-b962-518ac259506f,Travel and Exploration,Ecotourism and sustainable travel
f5r986xr2k,50003772-4cf8-4853-b962-518ac259506f,Travel and Exploration,Visiting new countries and cultures
1itlxi02go,50003772-4cf8-4853-b962-518ac259506f,Reading and Literature,Literary analysis and book discussions
fa9gy4yjaw,9fc6b3f9-0089-4d57-9f50-90407f10ec84,Health and Wellness,Yoga retreats wellness tourism
ph8eacvkgf,9fc6b3f9-0089-4d57-9f50-90407f10ec84,Health and Wellness,Fitness obstacle course races
s8t61h0ybz,c2621d77-c50a-489e-8458-e08bd895e046,Travel and Exploration,Urban exploration and historical tours
okbbma76kg,c2621d77-c50a-489e-8458-e08bd895e046,Reading and Literature,"Non-fiction (biographies, history, self-help, psychology)"
42reh6ldbj,f5d91fc1-a419-43d2-a59e-6708ca78e113,Travel and Exploration,Visiting new countries and cultures
oco67lg7pu,f5d91fc1-a419-43d2-a59e-6708ca78e113,Health and Wellness,Fitness obstacle course races
aj0d8we08v,73320fcd-d6ec-4938-b84c-6546e5e1353e,Travel and Exploration,Visiting new countries and cultures
ni4uyx7chf,73320fcd-d6ec-4938-b84c-6546e5e1353e,Outdoor Activities,Hiking and nature walks
jkgyb2btw0,7e9df94b-0af1-4f66-91f9-f9a2bcc82b90,Reading and Literature,"Non-fiction (biographies, history, self-help, psychology)"
dvned0jjai,35f8c79b-e9df-4a23-86f3-61419dddbdda,Reading and Literature,"Non-fiction (biographies, history, self-help, psychology)"
bk27n9j155,35f8c79b-e9df-4a23-86f3-61419dddbdda,Travel and Exploration,Visiting new countries and cultures
xalol3fsrr,afdaa779-7acf-4ab2-9f70-9acaab767b1a,Travel and Exploration,Backpacking and adventure travel
c7tyzbtzp3,afdaa779-7acf-4ab2-9f70-9acaab767b1a,Reading and Literature,Audio books and storytelling podcasts
8g5hz31l75,afdaa779-7acf-4ab2-9f70-9acaab767b1a,Travel and Exploration,Visiting new countries and cultures
axroduwwqr,1ddc147f-60e7-4c3f-a645-730b00d8a7e3,Travel and Exploration,Visiting new countries and cultures
gjfydzc2yj,6f765bdf-87c5-4b9b-8860-2fa65259d927,Health and Wellness,Yoga retreats wellness tourism
7dppk1t3iw,6f765bdf-87c5-4b9b-8860-2fa65259d927,Reading and Literature,"Fiction (novels, short stories, fantasy, science fiction)"
cknryj3i3e,6f765bdf-87c5-4b9b-8860-2fa65259d927,Health and Wellness,Fitness obstacle course races
4pomuqv1cc,4c0852ff-09bd-40c8-b203-07975b1dc48c,Health and Wellness,Yoga retreats wellness tourism
76yug5xu8i,20cca08e-6c35-4eb8-a7e5-913a7219df31,Travel and Exploration,Urban exploration and historical tours
u8j77iqoz3,20cca08e-6c35-4eb8-a7e5-913a7219df31,Health and Wellness,Holistic health practices (acupuncture herbalism)
9rwigiz451,4b1ece72-bae2-4eb6-bf97-44a82181ea1b,Travel and Exploration,Visiting new countries and cultures
xzn1nb7rby,4277970e-6be9-4631-89be-c9b286d20d1d,Health and Wellness,Yoga retreats wellness tourism
9pv6dgs4kl,629a4a42-e94f-4cfd-9dad-9d766c82fd62,Health and Wellness,Fitness obstacle course races
a618v81faj,629a4a42-e94f-4cfd-9dad-9d766c82fd62,Reading and Literature,Literary analysis and book discussions
251y5hj0n7,629a4a42-e94f-4cfd-9dad-9d766c82fd62,Travel and Exploration,Ecotourism and sustainable travel
pbj2vfjbbj,b762f48e-5f81-477e-9743-d452548ea94b,Health and Wellness,Practicing mindfulness meditation
19f7if91a4,b762f48e-5f81-477e-9743-d452548ea94b,Travel and Exploration,Backpacking and adventure travel
kvxvsapj2l,b762f48e-5f81-477e-9743-d452548ea94b,Outdoor Activities,Hiking and nature walks
zhcxfveat8,83d64120-d5e7-4b26-b83d-b2219024beac,Health and Wellness,Fitness obstacle course races
2kav0oogbh,83d64120-d5e7-4b26-b83d-b2219024beac,Outdoor Activities,Wilderness survival skills
00hy7mgbg9,e4cd9cf3-b717-4fcb-9390-172fbffc2ab1,Health and Wellness,Yoga retreats wellness tourism
qqu06cal89,60ad3b01-6542-4e4e-b715-36d7cc9539ae,Reading and Literature,"Poetry and poetic forms (haiku, sonnets, free verse)"
oxh3o8l605,2fa75d45-d967-443b-8671-15d8d6d1b658,Health and Wellness,Practicing mindfulness meditation
qg4wweq5r4,8d4f646c-da4e-4efa-9f89-7260168d77d7,Outdoor Activities,"Camping (tent camping, RV camping)"
m3z2frataa,8d4f646c-da4e-4efa-9f89-7260168d77d7,Health & Wellness,Nutrition planning meal prepping
qaox53cp3j,7ba78894-c1f2-4a33-aa1e-3bf8fcba70f2,Reading and Literature,Audio books and storytelling podcasts
oqxrwsqrcd,7ba78894-c1f2-4a33-aa1e-3bf8fcba70f2,Health and Wellness,Practicing mindfulness meditation
7d3gp0c6b4,2cc2b739-30f8-4956-8e77-513fb057ca11,Reading and Literature,Reading challenges and book clubs
4w5vklgu5c,2cc2b739-30f8-4956-8e77-513fb057ca11,Travel and Exploration,Cruise vacations and sailing adventures
c5rx233oos,ce951884-bff1-4398-867b-8145e78d25da,Health and Wellness,Holistic health practices (acupuncture herbalism)
qidbx321zq,ce951884-bff1-4398-867b-8145e78d25da,Health & Wellness,Nutrition planning meal prepping
75vcs72pg2,e916d909-40f6-403d-bc9c-d4f9b8443f54,Travel and Exploration,Urban exploration and historical tours
xffinzods7,e916d909-40f6-403d-bc9c-d4f9b8443f54,Reading and Literature,"Non-fiction (biographies, history, self-help, psychology)"
dhpopswxlb,83001ffc-8384-426a-bbd0-0a70d63e2bba,Travel and Exploration,Backpacking and adventure travel
bjlxsqrrii,83001ffc-8384-426a-bbd0-0a70d63e2bba,Outdoor Activities,"Camping (tent camping, RV camping)"
n34wexc2c1,83001ffc-8384-426a-bbd0-0a70d63e2bba,Outdoor Activities,Hiking and nature walks
9n76u37ksm,8df637b6-4373-4373-b284-9610cbd59550,Health & Wellness,Nutrition planning meal prepping
glrbuh4tir,3c33050f-52b8-4d9c-95b7-e3b8f630dbba,Reading and Literature,"Fiction (novels, short stories, fantasy, science fiction)"
kl3snl9qqp,309eca59-e538-4576-8b88-90a8de6b20b2,Health and Wellness,Holistic health practices (acupuncture herbalism)
m1ewivpi0b,c74efb57-bd66-4095-a1c9-2c13e72ea47f,Reading and Literature,"Poetry and poetic forms (haiku, sonnets, free verse)"
baqz5f7zig,39e1adbe-bef1-4c41-a631-272bf8219cc5,Outdoor Activities,Wilderness survival skills
e6ueh2488u,7042f8c9-51b9-43e0-a794-8ed73b6f3f4a,Health & Wellness,Nutrition planning meal prepping
ubb1hz0b76,9b4ebbe7-8143-4f3d-845a-7bed1128ea19,Health and Wellness,Fitness obstacle course races
hbot21ioy5,2df1ebef-9b9d-4b82-bfd9-aa7ee83e84e0,Travel and Exploration,Visiting new countries and cultures
3l6b4cr129,f0ecbee4-58b9-416c-bad3-7d699e4f9b65,Reading and Literature,Reading challenges and book clubs
h2hn3jph61,f0ecbee4-58b9-416c-bad3-7d699e4f9b65,Travel and Exploration,Urban exploration and historical tours
9sut6xljts,f0ecbee4-58b9-416c-bad3-7d699e4f9b65,Health and Wellness,Holistic health practices (acupuncture herbalism)
27a0rpyjih,eecf58ab-27a5-4cda-a068-d13130ba3c2d,Travel and Exploration,Ecotourism and sustainable travel
z1orapzalr,5e65e17c-6ea3-4309-af4a-8d8c6e69ae4e,Travel and Exploration,Ecotourism and sustainable travel
zagrym5thk,5e65e17c-6ea3-4309-af4a-8d8c6e69ae4e,Travel and Exploration,Backpacking and adventure travel
x8tzumd7l0,5e65e17c-6ea3-4309-af4a-8d8c6e69ae4e,Health and Wellness,Holistic health practices (acupuncture herbalism)
apdtqwqe0s,40ddbe03-82a7-449d-a864-ff61d4d889a7,Reading and Literature,"Poetry and poetic forms (haiku, sonnets, free verse)"
z1m0m2p2tg,40ddbe03-82a7-449d-a864-ff61d4d889a7,Travel and Exploration,Ecotourism and sustainable travel
5mpuz84jnh,65dfd72c-113b-42d6-90f1-7f0b1099949f,Health and Wellness,Practicing mindfulness meditation
jw2mmj7j9j,9eb9950a-0bfd-4ea6-a60a-4cb469c044bd,Reading and Literature,"Fiction (novels, short stories, fantasy, science fiction)"
p6568e6dra,9eb9950a-0bfd-4ea6-a60a-4cb469c044bd,Reading and Literature,Literary analysis and book discussions
p72jmq3g7l,fccf92cb-e227-485e-a399-d01d3dcc14e8,Reading and Literature,"Non-fiction (biographies, history, self-help, psychology)"
hj5m0kt9s4,fccf92cb-e227-485e-a399-d01d3dcc14e8,Reading and Literature,"Poetry and poetic forms (haiku, sonnets, free verse)"
ie6cgz2thf,f287783b-90e5-410f-8b3a-3a122129b7b8,Travel and Exploration,Ecotourism and sustainable travel
429n35pel8,f287783b-90e5-410f-8b3a-3a122129b7b8,Reading and Literature,"Poetry and poetic forms (haiku, sonnets, free verse)"
69yoiam9ef,d9e81833-81b5-4147-8495-d0c579e6ea1c,Reading and Literature,"Fiction (novels, short stories, fantasy, science fiction)"
zw83b0jzha,d9e81833-81b5-4147-8495-d0c579e6ea1c,Outdoor Activities,Hiking and nature walks
4soqloup7r,d9e81833-81b5-4147-8495-d0c579e6ea1c,Reading and Literature,Audio books and storytelling podcasts
loaxfvgtma,c710a691-e490-4ec0-acfd-6cd9d64147b7,Reading and Literature,"Non-fiction (biographies, history, self-help, psychology)"
qjhukzzqrr,c710a691-e490-4ec0-acfd-6cd9d64147b7,Travel and Exploration,Backpacking and adventure travel
m19au1cqnu,a92ca9e0-1e22-457b-b11b-008a864e050e,Health and Wellness,Fitness obstacle course races
jbnu1g5jhp,a92ca9e0-1e22-457b-b11b-008a864e050e,Travel and Exploration,Urban exploration and historical tours
yhil03htma,26df100c-4551-4ba1-8bc3-6011a43d5880,Outdoor Activities,"Camping (tent camping, RV camping)"
qv325govm3,26df100c-4551-4ba1-8bc3-6011a43d5880,Travel and Exploration,Visiting new countries and cultures
i1f979hxo8,d69b915f-fea8-448e-85f0-2786c483bff2,Travel and Exploration,Cruise vacations and sailing adventures
m22i25n4e5,6d9bd032-4e70-4427-ba2c-c04aa0c9dc58,Health and Wellness,Practicing mindfulness meditation
i5kbs4cyt7,c9e04776-af47-4fe6-8dc9-65d596100bb8,Travel and Exploration,Cruise vacations and sailing adventures
4ghiq9gooe,c9e04776-af47-4fe6-8dc9-65d596100bb8,Travel and Exploration,Backpacking and adventure travel
kbl6yhjrx6,c9e04776-af47-4fe6-8dc9-65d596100bb8,Reading and Literature,"Fiction (novels, short stories, fantasy, science fiction)"
7640sh11to,40f3d0c3-5b73-4bcd-b970-51ce1faf3ce6,Health and Wellness,Holistic health practices (acupuncture herbalism)
uiggykd4s8,40f3d0c3-5b73-4bcd-b970-51ce1faf3ce6,Health and Wellness,Fitness obstacle course races
wg2odkye80,40f3d0c3-5b73-4bcd-b970-51ce1faf3ce6,Reading and Literature,"Non-fiction (biographies, history, self-help, psychology)"
tm1f7ur6fs,50c99fc5-89e6-40af-af3b-9696ea164ec2,Outdoor Activities,"Camping (tent camping, RV camping)"
4ms1uooxke,a2cb0ec0-3202-43db-b2fe-88bff67ceefb,Travel and Exploration,Road trips and exploring scenic routes
75r0j0u2l6,a2cb0ec0-3202-43db-b2fe-88bff67ceefb,Travel and Exploration,Cruise vacations and sailing adventures
lmj0mqe0nw,a2cb0ec0-3202-43db-b2fe-88bff67ceefb,Travel and Exploration,Ecotourism and sustainable travel
c0l1fy2hu7,1ccabb0d-8398-49e3-a404-2cf0bdd071af,Health and Wellness,Fitness obstacle course races
ko6xjyzxbo,0f672771-5dcc-4a70-830c-1e9def14bb1a,Health and Wellness,Holistic health practices (acupuncture herbalism)
bebc227vui,0f672771-5dcc-4a70-830c-1e9def14bb1a,Health and Wellness,Fitness obstacle course races
lolcwswybf,d9d52c4b-546c-4ae7-95d5-112d3cd0e401,Health and Wellness,Yoga retreats wellness tourism
1eyup8gi16,d9d52c4b-546c-4ae7-95d5-112d3cd0e401,Travel and Exploration,Road trips and exploring scenic routes
y9ciwtdpat,7840ea91-526f-4c49-9f51-b8d575593ace,Travel and Exploration,Road trips and exploring scenic routes
zzzk15ucn8,7840ea91-526f-4c49-9f51-b8d575593ace,Reading and Literature,"Non-fiction (biographies, history, self-help, psychology)"
0471ui44w3,7840ea91-526f-4c49-9f51-b8d575593ace,Health and Wellness,Yoga retreats wellness tourism
xr2n8bexzi,4b875652-f918-4bbd-bec4-ffe31a64c5f5,Health and Wellness,Yoga retreats wellness tourism
49usmgyoi1,9907f1d6-c905-420d-9e2e-24110d7ee7ef,Health & Wellness,Nutrition planning meal prepping
xspp1bms6z,2704331f-9fd8-4cff-a117-836c0d78fd3c,Reading and Literature,Literary analysis and book discussions
al1k8tvt2e,2704331f-9fd8-4cff-a117-836c0d78fd3c,Travel and Exploration,Backpacking and adventure travel
g5oy8n9jet,2704331f-9fd8-4cff-a117-836c0d78fd3c,Health & Wellness,Nutrition planning meal prepping
iscvf6s120,110d3cfb-a2b4-4bc5-8b2d-0abf4c670fb7,Travel and Exploration,Backpacking and adventure travel
s98cs5daxl,439f2d87-91b3-413e-95b3-98e1738235d6,Health and Wellness,Practicing mindfulness meditation
6wtfo2lubj,439f2d87-91b3-413e-95b3-98e1738235d6,Outdoor Activities,Wilderness survival skills
kcn9ghpsti,d7de2100-d03d-4982-8e02-8a6f57b9228c,Health and Wellness,Yoga retreats wellness tourism
v6x01jeo3x,d7de2100-d03d-4982-8e02-8a6f57b9228c,Travel and Exploration,Backpacking and adventure travel
hoee225xp7,d7de2100-d03d-4982-8e02-8a6f57b9228c,Reading and Literature,"Poetry and poetic forms (haiku, sonnets, free verse)"
c0gwtnipai,47a7e962-13a2-4bdc-b635-9248039535ee,Reading and Literature,Reading challenges and book clubs
8ll3efvxzd,47a7e962-13a2-4bdc-b635-9248039535ee,Travel and Exploration,Ecotourism and sustainable travel
hmtvox2bqx,47a7e962-13a2-4bdc-b635-9248039535ee,Health and Wellness,Yoga retreats wellness tourism
rq090mzd5m,d2be4254-7fed-4376-833a-2ca93ebcad14,Health and Wellness,Yoga retreats wellness tourism
sz8tjo1h5l,528f83b2-0449-4474-bfb9-8e193c4383f0,Outdoor Activities,Wilderness survival skills
tzxfqbtnay,528f83b2-0449-4474-bfb9-8e193c4383f0,Travel and Exploration,Backpacking and adventure travel
cjsmylblsu,528f83b2-0449-4474-bfb9-8e193c4383f0,Reading and Literature,Literary analysis and book discussions
9igudl1no5,69828d9a-23e8-42d7-9a07-91a38504aa02,Reading and Literature,Audio books and storytelling podcasts
98z7jx6mtg,0d07f10f-9445-4bdb-b5c9-437b03440626,Reading and Literature,"Fiction (novels, short stories, fantasy, science fiction)"
rh8cuml0mj,96f82fac-1970-4c03-8339-de0c2c962ef4,Travel and Exploration,Cruise vacations and sailing adventures
u0yxl791c0,f970f5fa-d246-4a4a-9ea2-8f106a77a3b4,Reading and Literature,"Poetry and poetic forms (haiku, sonnets, free verse)"
dk2mhw18rx,bd2c80cc-227c-4521-b8ab-e854ad384c42,Health and Wellness,Practicing mindfulness meditation
fw7kad1car,dd983f93-297c-4d18-b507-92a08d1eb5e2,Outdoor Activities,Hiking and nature walks
3u3ubi5rlm,dd983f93-297c-4d18-b507-92a08d1eb5e2,Travel and Exploration,Ecotourism and sustainable travel
9uk7nxjtsg,dd983f93-297c-4d18-b507-92a08d1eb5e2,Health and Wellness,Yoga retreats wellness tourism
onniyv6g9a,a0f55c8a-8e41-48aa-96e2-33ff64a5c9b3,Health and Wellness,Holistic health practices (acupuncture herbalism)
ulimg695ya,a0f55c8a-8e41-48aa-96e2-33ff64a5c9b3,Reading and Literature,"Poetry and poetic forms (haiku, sonnets, free verse)"
ikkk394gd7,19b745bf-28a5-48a4-bc1c-91ec64bd8427,Travel and Exploration,Urban exploration and historical tours
vel8py5nfg,19b745bf-28a5-48a4-bc1c-91ec64bd8427,Reading and Literature,"Fiction (novels, short stories, fantasy, science fiction)"
bstu70oj1s,e19b0f5b-b2a5-4fff-8062-41c8f44f4afa,Travel and Exploration,Backpacking and adventure travel
u9zmp2gzfj,e19b0f5b-b2a5-4fff-8062-41c8f44f4afa,Reading and Literature,"Fiction (novels, short stories, fantasy, science fiction)"
tx1wr8jicl,e19b0f5b-b2a5-4fff-8062-41c8f44f4afa,Outdoor Activities,Wilderness survival skills
deb7h9nn39,8fdb7f6d-4d49-43a7-86b3-8b417d9c0cbc,Health and Wellness,Practicing mindfulness meditation
wqa4lwubv9,8fdb7f6d-4d49-43a7-86b3-8b417d9c0cbc,Reading and Literature,"Poetry and poetic forms (haiku, sonnets, free verse)"
sgu0eczrsq,8fdb7f6d-4d49-43a7-86b3-8b417d9c0cbc,Travel and Exploration,Cruise vacations and sailing adventures
1j0tk2uu20,534b4a51-0592-4546-8887-1fc5c26f0bcc,Outdoor Activities,Wilderness survival skills
a0k285hf4a,534b4a51-0592-4546-8887-1fc5c26f0bcc,Health and Wellness,Fitness obstacle course races
1niepd3w72,f8289c1d-18c1-415e-b488-d3a7b33bc80d,Outdoor Activities,Hiking and nature walks
6bp053dv7b,f8289c1d-18c1-415e-b488-d3a7b33bc80d,Outdoor Activities,Wilderness survival skills
57yhxx0a0l,ea7abb45-8900-4513-a098-d8f69332b4de,Travel and Exploration,Cruise vacations and sailing adventures
lwthlhl8k4,ea7abb45-8900-4513-a098-d8f69332b4de,Reading and Literature,"Poetry and poetic forms (haiku, sonnets, free verse)"
iilb99vdbn,32de2a7c-66c9-499b-a9ff-67f6b22fde69,Reading and Literature,Literary analysis and book discussions
fxx4gkhgfq,32de2a7c-66c9-499b-a9ff-67f6b22fde69,Reading and Literature,"Non-fiction (biographies, history, self-help, psychology)"
2me7n5odiy,aaae9351-55c8-4644-932a-f0c454b9c1a0,Health and Wellness,Holistic health practices (acupuncture herbalism)
pzdayibm2y,aaae9351-55c8-4644-932a-f0c454b9c1a0,Health & Wellness,Nutrition planning meal prepping
3sgqqpy3gw,641cb4e7-c12b-4313-9773-fed24aeb5112,Reading and Literature,Literary analysis and book discussions
tsl6wxzwm8,ad0f3597-0aee-4b4d-be9b-7c5fed0398c3,Health and Wellness,Holistic health practices (acupuncture herbalism)
n6v87ah69i,ad0f3597-0aee-4b4d-be9b-7c5fed0398c3,Outdoor Activities,Wilderness survival skills
zwrl6q0scx,ad0f3597-0aee-4b4d-be9b-7c5fed0398c3,Reading and Literature,"Non-fiction (biographies, history, self-help, psychology)"
zscq3d1vta,6f1c9da4-81d9-4cca-9a8d-8720938c9b80,Health and Wellness,Holistic health practices (acupuncture herbalism)
r8guc4ognl,d485b442-5ccb-4698-934a-6785d5ed510a,Health and Wellness,Holistic health practices (acupuncture herbalism)
krnsn4ygpn,d485b442-5ccb-4698-934a-6785d5ed510a,Health and Wellness,Practicing mindfulness meditation
z1ouf23i7q,a5007a50-6ff0-492c-8811-bfb2979e6944,Reading and Literature,Reading challenges and book clubs
xxbuwy7i5y,a5007a50-6ff0-492c-8811-bfb2979e6944,Outdoor Activities,"Camping (tent camping, RV camping)"
1qsitq6z56,645e562b-a3e8-4035-8395-689d82cdf816,Travel and Exploration,Backpacking and adventure travel
gegq8dxr0x,645e562b-a3e8-4035-8395-689d82cdf816,Travel and Exploration,Road trips and exploring scenic routes
cnolkffu8r,e7f3cfca-eda1-48a6-9d2f-f614bc5dbd21,Health and Wellness,Fitness obstacle course races
8u0uhfks2g,9c603463-f941-4ba5-89ad-0b120fbe2a07,Health and Wellness,Yoga retreats wellness tourism
rch9e0rg40,660f161d-b84c-4b32-a0ba-357aac82ed3a,Travel and Exploration,Visiting new countries and cultures
ry74jmr08r,660f161d-b84c-4b32-a0ba-357aac82ed3a,Travel and Exploration,Ecotourism and sustainable travel
fg3hxcmuoa,58fc4771-353f-4a66-8985-5f2902f46321,Travel and Exploration,Road trips and exploring scenic routes
ah65ardofo,fe6a80eb-7747-41f2-9494-461250dfa1f0,Travel and Exploration,Cruise vacations and sailing adventures
rea0jf17yn,d5a1fc01-bce8-45a1-8854-506d52f03035,Travel and Exploration,Backpacking and adventure travel
d0d4tq5il1,d5a1fc01-bce8-45a1-8854-506d52f03035,Health and Wellness,Practicing mindfulness meditation
2ywm24sz49,9ae9534e-9c07-4539-891c-bfcce7d4ff3b,Reading and Literature,Literary analysis and book discussions
ooa1moneo4,9eee1da5-4797-4384-8af0-6968d001e995,Travel and Exploration,Ecotourism and sustainable travel
fs8gk8ssf5,9eee1da5-4797-4384-8af0-6968d001e995,Travel and Exploration,Cruise vacations and sailing adventures
odfer97upw,9eee1da5-4797-4384-8af0-6968d001e995,Reading and Literature,Literary analysis and book discussions
nm35hyyl61,4a497085-26d0-47e8-bd9e-2d6032b76f62,Health and Wellness,Yoga retreats wellness tourism
01ype2vijy,4a497085-26d0-47e8-bd9e-2d6032b76f62,Reading and Literature,Audio books and storytelling podcasts
gv2q3uk6c7,4a497085-26d0-47e8-bd9e-2d6032b76f62,Travel and Exploration,Backpacking and adventure travel
24ojstn423,2296ed0f-15ac-4c4f-b26f-f6ebb74467a4,Travel and Exploration,Visiting new countries and cultures
7pq90zmkhw,2296ed0f-15ac-4c4f-b26f-f6ebb74467a4,Reading and Literature,Literary analysis and book discussions
p745mblv0x,2296ed0f-15ac-4c4f-b26f-f6ebb74467a4,Travel and Exploration,Ecotourism and sustainable travel
l7bdox3dep,b12ee20b-2b82-4b5b-9bc8-b4015a0b441a,Health and Wellness,Fitness obstacle course races
6b2664obof,b12ee20b-2b82-4b5b-9bc8-b4015a0b441a,Reading and Literature,Audio books and storytelling podcasts
77ixyl8yge,b12ee20b-2b82-4b5b-9bc8-b4015a0b441a,Reading and Literature,"Fiction (novels, short stories, fantasy, science fiction)"
n8jt64p2pj,1c8f62cf-f816-40ad-977e-492f64c24bfb,Travel and Exploration,Backpacking and adventure travel
xeie3u3i8z,1c8f62cf-f816-40ad-977e-492f64c24bfb,Reading and Literature,"Fiction (novels, short stories, fantasy, science fiction)"
nok08tgmqx,05f4a56f-911e-452e-a64d-bfffa0051e2c,Health and Wellness,Yoga retreats wellness tourism
cjb6l83bb2,05f4a56f-911e-452e-a64d-bfffa0051e2c,Health and Wellness,Holistic health practices (acupuncture herbalism)
djs7gwfxu3,39b0bd3f-0ab4-4969-b70f-77bd594879a4,Health and Wellness,Practicing mindfulness meditation
609zvb9yh7,39b0bd3f-0ab4-4969-b70f-77bd594879a4,Health & Wellness,Nutrition planning meal prepping
173abp09pl,8dc57871-d89e-405e-8ca3-5219b8ebe60a,Reading and Literature,"Non-fiction (biographies, history, self-help, psychology)"
zyjkl3z412,8dc57871-d89e-405e-8ca3-5219b8ebe60a,Outdoor Activities,Hiking and nature walks
9gbmbnhugi,8dc57871-d89e-405e-8ca3-5219b8ebe60a,Travel and Exploration,Backpacking and adventure travel
bswdb106qb,6c57d760-7a0a-42c5-9394-d6d993318087,Reading and Literature,Audio books and storytelling podcasts
g27q8pgy3s,6c57d760-7a0a-42c5-9394-d6d993318087,Travel and Exploration,Backpacking and adventure travel
8gwuv7dbv2,6c57d760-7a0a-42c5-9394-d6d993318087,Health and Wellness,Fitness obstacle course races
9e2xgv9vi0,55d8a61e-b644-4f40-87a5-d227b95c8e8b,Travel and Exploration,Cruise vacations and sailing adventures
fj8cgoc05x,c821bbf2-c10e-470f-a7aa-f1f69b2e3a7c,Outdoor Activities,Hiking and nature walks
vsi9yzuufj,eeaf82e5-7d1f-4cee-b919-dd39f529c42a,Health & Wellness,Nutrition planning meal prepping
4cw4mue6d6,eeaf82e5-7d1f-4cee-b919-dd39f529c42a,Travel and Exploration,Visiting new countries and cultures
i4ypth12wh,eeaf82e5-7d1f-4cee-b919-dd39f529c42a,Outdoor Activities,Wilderness survival skills
44rj9pyer5,40be0fdb-1a81-4f84-bde9-532961e3f995,Reading and Literature,Literary analysis and book discussions
prv37l38pu,40be0fdb-1a81-4f84-bde9-532961e3f995,Health and Wellness,Yoga retreats wellness tourism
ghsoqxly58,40be0fdb-1a81-4f84-bde9-532961e3f995,Reading and Literature,"Non-fiction (biographies, history, self-help, psychology)"
dczi68ex85,1611f746-9a5a-4544-998b-8eb48bf135df,Travel and Exploration,Ecotourism and sustainable travel
22ulk8w41b,1611f746-9a5a-4544-998b-8eb48bf135df,Reading and Literature,"Non-fiction (biographies, history, self-help, psychology)"
rmuv77s9i6,1611f746-9a5a-4544-998b-8eb48bf135df,Travel and Exploration,Visiting new countries and cultures
laafcxrzkx,5a3058ad-95a1-48b5-a83c-345266568ace,Travel and Exploration,Visiting new countries and cultures
g7jrqlddfb,5a3058ad-95a1-48b5-a83c-345266568ace,Health and Wellness,Yoga retreats wellness tourism
enjgsiqly7,5a3058ad-95a1-48b5-a83c-345266568ace,Reading and Literature,Audio books and storytelling podcasts
6b4u3vgjo8,33e3f4ab-0c63-403a-baaf-0c8560e7ce11,Travel and Exploration,Ecotourism and sustainable travel
g1ftokmyci,1d9bf402-6cff-43ad-86a5-e9df913d4f74,Travel and Exploration,Backpacking and adventure travel
gt0zjgxmu9,1d9bf402-6cff-43ad-86a5-e9df913d4f74,Travel and Exploration,Visiting new countries and cultures
bxefrq5sgz,1d9bf402-6cff-43ad-86a5-e9df913d4f74,Health and Wellness,Fitness obstacle course races
g2iqsvreh2,be80724d-0551-46b7-9c5e-faa1124fbb6d,Reading and Literature,Reading challenges and book clubs
ux5h94ps0s,abac5c69-7f23-49b3-bb20-f26d96d64796,Outdoor Activities,"Camping (tent camping, RV camping)"
qm5vmp6932,abac5c69-7f23-49b3-bb20-f26d96d64796,Travel and Exploration,Ecotourism and sustainable travel
e8hl6h2r08,abac5c69-7f23-49b3-bb20-f26d96d64796,Travel and Exploration,Visiting new countries and cultures
bzvpnpka0o,887d628b-af3a-4f0b-9509-ea82444bcab8,Health and Wellness,Fitness obstacle course races
hkzrgjh49o,887d628b-af3a-4f0b-9509-ea82444bcab8,Health and Wellness,Yoga retreats wellness tourism
p6powpri5u,887d628b-af3a-4f0b-9509-ea82444bcab8,Reading and Literature,Audio books and storytelling podcasts
johkhbgmbt,020e7cbc-2b2a-455f-8bfa-fa9e7156bc41,Travel and Exploration,Cruise vacations and sailing adventures
g8nnny60w4,020e7cbc-2b2a-455f-8bfa-fa9e7156bc41,Travel and Exploration,Road trips and exploring scenic routes
n63kpe78h3,020e7cbc-2b2a-455f-8bfa-fa9e7156bc41,Reading and Literature,"Poetry and poetic forms (haiku, sonnets, free verse)"
j8nziqxdbx,e197d2ce-b409-4f7d-a30b-ac64189c5e5e,Outdoor Activities,Wilderness survival skills
dyz0jemlqv,077c848e-21dd-4f42-9209-bb7bf309722c,Travel and Exploration,Ecotourism and sustainable travel
i00j1sr8jq,2430d6cb-df73-4701-8b3c-9e0cd2683d80,Travel and Exploration,Road trips and exploring scenic routes
v9hj2resam,2430d6cb-df73-4701-8b3c-9e0cd2683d80,Reading and Literature,Audio books and storytelling podcasts
clkcaxxhqa,17d7d71a-5887-457e-9f51-675207d51bbb,Travel and Exploration,Backpacking and adventure travel
chyrqvz5ld,17d7d71a-5887-457e-9f51-675207d51bbb,Outdoor Activities,"Camping (tent camping, RV camping)"
axd1cxo6aw,17d7d71a-5887-457e-9f51-675207d51bbb,Outdoor Activities,Wilderness survival skills
g9jbph3fgj,57b5fab1-297c-4b1d-82e1-a4750206a907,Travel and Exploration,Ecotourism and sustainable travel
clx2bvamdl,57b5fab1-297c-4b1d-82e1-a4750206a907,Travel and Exploration,Cruise vacations and sailing adventures
6ydhx8h8p5,e7df0516-b3d4-45a3-afea-7a8741edd1fe,Reading and Literature,Audio books and storytelling podcasts
5xthk71b6g,e7df0516-b3d4-45a3-afea-7a8741edd1fe,Health and Wellness,Practicing mindfulness meditation
1kgksja383,9369b71e-36ec-493a-a42e-41534de83cbf,Health and Wellness,Yoga retreats wellness tourism
bt8r05jdfg,2cfaa98c-7ba8-4a70-8523-a5513af1b5a3,Reading and Literature,"Non-fiction (biographies, history, self-help, psychology)"
ffxw6905eb,34220f8f-3c17-45d1-8c72-88ae381a6de8,Health and Wellness,Practicing mindfulness meditation
26e489r6t3,34220f8f-3c17-45d1-8c72-88ae381a6de8,Reading and Literature,Literary analysis and book discussions
zzbh52f4su,a11df6fd-7804-4c93-a133-245c99cacdf2,Reading and Literature,"Fiction (novels, short stories, fantasy, science fiction)"
qvswe1hiwy,a11df6fd-7804-4c93-a133-245c99cacdf2,Health and Wellness,Fitness obstacle course races
sncnlrkxcn,a11df6fd-7804-4c93-a133-245c99cacdf2,Travel and Exploration,Urban exploration and historical tours
5b3y4x6j29,756663aa-9f90-41c7-acb8-d4e132100277,Health and Wellness,Yoga retreats wellness tourism
yiyalskrpl,18200f3d-20d8-4758-9993-9968ea666e04,Travel and Exploration,Visiting new countries and cultures
7s94lgcl18,18200f3d-20d8-4758-9993-9968ea666e04,Travel and Exploration,Cruise vacations and sailing adventures
myqzi270sv,18200f3d-20d8-4758-9993-9968ea666e04,Outdoor Activities,Hiking and nature walks
ggxgtu0ir7,46c39309-6492-4202-b934-a866f492cd73,Health and Wellness,Yoga retreats wellness tourism
ntrjs397u2,46c39309-6492-4202-b934-a866f492cd73,Health & Wellness,Nutrition planning meal prepping
01f03hm09b,46c39309-6492-4202-b934-a866f492cd73,Health and Wellness,Fitness obstacle course races
oasuy7avje,931e3614-5fb3-42a9-a893-79900f5a6828,Health and Wellness,Practicing mindfulness meditation
ceg9u98ywg,931e3614-5fb3-42a9-a893-79900f5a6828,Health and Wellness,Holistic health practices (acupuncture herbalism)
ebzedcg6bl,e7dd93c2-d6df-4bb8-8e58-f6586f426d9c,Health and Wellness,Practicing mindfulness meditation
pc7to5gde8,e7dd93c2-d6df-4bb8-8e58-f6586f426d9c,Reading and Literature,Literary analysis and book discussions
soo6md3c2l,f6284d8d-14e4-4906-a6ec-5dfcdd62675c,Outdoor Activities,"Camping (tent camping, RV camping)"
5tyksqa4if,f6284d8d-14e4-4906-a6ec-5dfcdd62675c,Health and Wellness,Holistic health practices (acupuncture herbalism)
8f09ko8w1r,362d0326-587a-44af-9d55-d4790090bdea,Travel and Exploration,Backpacking and adventure travel
g8p4asw3hq,362d0326-587a-44af-9d55-d4790090bdea,Health and Wellness,Practicing mindfulness meditation
td9ep6rqya,0bc74695-ed15-448e-a064-740f3206d009,Reading and Literature,Audio books and storytelling podcasts
1n71zffkls,d4a861c3-6a99-4dc8-a4c4-8b2462b73592,Travel and Exploration,Backpacking and adventure travel
wxzlbpq3ya,30a57139-8c8a-4cb7-b9da-26a48fbc8ab1,Reading and Literature,Audio books and storytelling podcasts
y8quqzk8ww,30a57139-8c8a-4cb7-b9da-26a48fbc8ab1,Reading and Literature,Reading challenges and book clubs
cw8tg64g0a,f70b88bf-14ab-4d03-968a-4461fa37fd0e,Health and Wellness,Practicing mindfulness meditation
6my4t52h4a,1ab1c333-c442-45d3-b07a-7eea86745d2e,Travel and Exploration,Urban exploration and historical tours
c8b5o27s7c,1ab1c333-c442-45d3-b07a-7eea86745d2e,Travel and Exploration,Visiting new countries and cultures
2w8m4ri8am,d7f26a55-bac2-4106-921e-53187377783d,Outdoor Activities,Hiking and nature walks
dzy10k9itj,d7f26a55-bac2-4106-921e-53187377783d,Travel and Exploration,Visiting new countries and cultures
zka2mxehnt,d7f26a55-bac2-4106-921e-53187377783d,Reading and Literature,Reading challenges and book clubs
261bkd76z9,c1e8d27c-5d08-4dee-999e-ba40c09d28ba,Health and Wellness,Yoga retreats wellness tourism
6fqddhfzxf,c1e8d27c-5d08-4dee-999e-ba40c09d28ba,Health & Wellness,Nutrition planning meal prepping
1juc8i67by,c1e8d27c-5d08-4dee-999e-ba40c09d28ba,Travel and Exploration,Road trips and exploring scenic routes
q0jzbaemtq,e3b55b93-7372-4b04-a39e-87beab4ab37a,Health and Wellness,Fitness obstacle course races
rlfp2kp0zr,e3b55b93-7372-4b04-a39e-87beab4ab37a,Health and Wellness,Practicing mindfulness meditation
fbndt87sa9,e3b55b93-7372-4b04-a39e-87beab4ab37a,Travel and Exploration,Backpacking and adventure travel
ecc9r6weg0,2bb402a8-7f9c-48d5-8f1c-1fe6e5b261cc,Travel and Exploration,Road trips and exploring scenic routes
nghanobl1j,2bb402a8-7f9c-48d5-8f1c-1fe6e5b261cc,Reading and Literature,"Poetry and poetic forms (haiku, sonnets, free verse)"
1u1l2xh5f3,8239549a-2ba6-4532-8ef2-3b6a0278204c,Travel and Exploration,Urban exploration and historical tours
nxv7awkpln,8239549a-2ba6-4532-8ef2-3b6a0278204c,Health and Wellness,Fitness obstacle course races
c3spjxdg91,8239549a-2ba6-4532-8ef2-3b6a0278204c,Health and Wellness,Yoga retreats wellness tourism
ze2wtomdon,706ef961-3093-441e-9580-a7a3a2d8fd83,Travel and Exploration,Visiting new countries and cultures
eicyzcfjix,ad5f2272-be9b-467b-966f-abbf917fb623,Travel and Exploration,Visiting new countries and cultures
dl3ps9lrby,ad5f2272-be9b-467b-966f-abbf917fb623,Reading and Literature,"Poetry and poetic forms (haiku, sonnets, free verse)"
ou6ey1x7t4,ad5f2272-be9b-467b-966f-abbf917fb623,Travel and Exploration,Road trips and exploring scenic routes
wdzo0wze2p,437e3d35-699c-42a4-a087-8b5c327ff197,Health and Wellness,Yoga retreats wellness tourism
onqlwxlpdx,437e3d35-699c-42a4-a087-8b5c327ff197,Reading and Literature,Literary analysis and book discussions
b5g06wcq8h,437e3d35-699c-42a4-a087-8b5c327ff197,Health & Wellness,Nutrition planning meal prepping
8q310s4e9x,5e360f2c-7b62-4891-b23a-7ca2a1cfceff,Travel and Exploration,Urban exploration and historical tours
kbeuedx5m1,5e360f2c-7b62-4891-b23a-7ca2a1cfceff,Outdoor Activities,"Camping (tent camping, RV camping)"
v556i5teix,5e360f2c-7b62-4891-b23a-7ca2a1cfceff,Outdoor Activities,Hiking and nature walks
a0b2mmae3u,c709e9c7-cad6-4ace-add6-416b3854f383,Outdoor Activities,Wilderness survival skills
p12u2i6t3v,41e15505-f574-4a2a-8dd2-eb3a06b0d799,Outdoor Activities,Hiking and nature walks
kkc9agnzjo,41e15505-f574-4a2a-8dd2-eb3a06b0d799,Reading and Literature,"Poetry and poetic forms (haiku, sonnets, free verse)"
on2dr4n76c,7256c0e5-06c8-4c8b-85af-e0175599789b,Travel and Exploration,Visiting new countries and cultures
2ua1c4nifs,b223875d-ea0c-420a-8dbe-59dc42f28eb7,Travel and Exploration,Road trips and exploring scenic routes
odlppcygy9,b223875d-ea0c-420a-8dbe-59dc42f28eb7,Reading and Literature,"Poetry and poetic forms (haiku, sonnets, free verse)"
m7q6vzfxju,0e7c2455-3a4d-42fb-8b04-bc984c3620cb,Reading and Literature,Reading challenges and book clubs
oqsgnpwf36,0e7c2455-3a4d-42fb-8b04-bc984c3620cb,Health and Wellness,Fitness obstacle course races
2m7h4wkm46,68efc0d7-98a0-498c-9c75-2543c1e0879d,Outdoor Activities,"Camping (tent camping, RV camping)"
yxsqjfud8a,68efc0d7-98a0-498c-9c75-2543c1e0879d,Travel and Exploration,Visiting new countries and cultures
7mjtqk7lz3,68efc0d7-98a0-498c-9c75-2543c1e0879d,Reading and Literature,"Fiction (novels, short stories, fantasy, science fiction)"
jgkzbmnie3,f709a7dc-bcba-4745-9d4f-e22245837843,Reading and Literature,"Fiction (novels, short stories, fantasy, science fiction)"
1bch19ocm3,f709a7dc-bcba-4745-9d4f-e22245837843,Outdoor Activities,Wilderness survival skills
r117471p26,661affd1-8a31-40e0-af92-24e9ea75dbd3,Health and Wellness,Yoga retreats wellness tourism
4ghh6n37px,a912d7dd-4259-4601-a565-959acbff0953,Outdoor Activities,Hiking and nature walks
goz3my85bg,7fb68c77-cb7b-4656-a97b-907f068a16be,Reading and Literature,"Fiction (novels, short stories, fantasy, science fiction)"
k54awxyxr6,7fb68c77-cb7b-4656-a97b-907f068a16be,Health and Wellness,Yoga retreats wellness tourism
2pxjhbiypn,26ddec8f-b792-4c44-b5e0-1f6b4db6a668,Health & Wellness,Nutrition planning meal prepping
yne2rifurq,26ddec8f-b792-4c44-b5e0-1f6b4db6a668,Outdoor Activities,Wilderness survival skills
mzgdl163sa,26ddec8f-b792-4c44-b5e0-1f6b4db6a668,Health and Wellness,Fitness obstacle course races
n71dckdk66,8c82f2ae-adb7-4b27-b903-ea536729f5a0,Health and Wellness,Fitness obstacle course races
o5dzzca619,8c82f2ae-adb7-4b27-b903-ea536729f5a0,Reading and Literature,Audio books and storytelling podcasts
26t2i54cte,8c82f2ae-adb7-4b27-b903-ea536729f5a0,Outdoor Activities,Hiking and nature walks
rmbup4fv6x,3b230561-2113-4fc1-8a6c-924399b81ed9,Reading and Literature,Reading challenges and book clubs
f2r005hguw,b7cbc0b1-f884-468b-aae3-40a233a4b6a0,Health and Wellness,Practicing mindfulness meditation
h0i9jpjoga,b7cbc0b1-f884-468b-aae3-40a233a4b6a0,Travel and Exploration,Visiting new countries and cultures
k3lwzqqv2g,b7cbc0b1-f884-468b-aae3-40a233a4b6a0,Health & Wellness,Nutrition planning meal prepping
8hxlkrh9r0,8a25dcc9-325b-4a95-951a-8ea653808be2,Reading and Literature,Reading challenges and book clubs
trezeqs8i6,8a25dcc9-325b-4a95-951a-8ea653808be2,Outdoor Activities,Hiking and nature walks
nd4cgkq92c,45b9d21a-2d20-4201-a60c-35a3f671b90a,Reading and Literature,Audio books and storytelling podcasts
rxdpqmtk2r,45b9d21a-2d20-4201-a60c-35a3f671b90a,Reading and Literature,"Non-fiction (biographies, history, self-help, psychology)"
sa2xml7jq1,4bede622-30f7-4617-87e9-7aba51a7748d,Health and Wellness,Fitness obstacle course races
e281m7tz4p,f167f4bb-71bc-49bf-9a92-5c6becf67f52,Reading and Literature,Reading challenges and book clubs
o9qwolcx7o,f167f4bb-71bc-49bf-9a92-5c6becf67f52,Travel and Exploration,Road trips and exploring scenic routes
od483yitya,a3522b5b-5b7f-4f7a-98a5-740c83b8acef,Outdoor Activities,Wilderness survival skills
nrxnzyahnp,09bd34ec-e321-441d-b6c6-8b630adab478,Reading and Literature,Audio books and storytelling podcasts
oowssu00fr,09bd34ec-e321-441d-b6c6-8b630adab478,Travel and Exploration,Cruise vacations and sailing adventures
ay4zzmbk1j,f37706f7-420d-46bb-b005-b225d33c3f27,Health and Wellness,Holistic health practices (acupuncture herbalism)
onfc1vnscc,0345bcfa-cc1d-4786-8c26-d52992b03849,Outdoor Activities,Wilderness survival skills
vyob86z5uk,0345bcfa-cc1d-4786-8c26-d52992b03849,Travel and Exploration,Backpacking and adventure travel
pr322msw6b,0345bcfa-cc1d-4786-8c26-d52992b03849,Outdoor Activities,Hiking and nature walks
z93xxc8w1p,c6a5ad51-3fb2-4b57-b672-f70d296ecddf,Reading and Literature,"Poetry and poetic forms (haiku, sonnets, free verse)"
82gb1sxbrh,c6a5ad51-3fb2-4b57-b672-f70d296ecddf,Travel and Exploration,Urban exploration and historical tours
co9coc88mf,82c32a70-0be2-4d07-93a8-c61199a8d0c8,Travel and Exploration,Urban exploration and historical tours
lbh37gj76g,82c32a70-0be2-4d07-93a8-c61199a8d0c8,Reading and Literature,Reading challenges and book clubs
9em5zx09d6,c8ef3d83-99e6-4c96-90f0-e511691966f7,Travel and Exploration,Road trips and exploring scenic routes
b738ej7an5,2cbbea22-341d-4739-aad8-449aff8f7470,Travel and Exploration,Backpacking and adventure travel
j1etzn6rrc,14895d8c-588d-48b0-b438-1fd4d8ca5a55,Health and Wellness,Yoga retreats wellness tourism
u0nhe72zbt,14895d8c-588d-48b0-b438-1fd4d8ca5a55,Reading and Literature,"Fiction (novels, short stories, fantasy, science fiction)"
66th5gj5jh,18f12f0e-5abd-4833-b055-6c5dd43cd075,Health and Wellness,Yoga retreats wellness tourism
uarmrn7kkh,865f3f40-e7ed-4ba6-8bb2-bb69377f58db,Health and Wellness,Fitness obstacle course races
opduh9quih,865f3f40-e7ed-4ba6-8bb2-bb69377f58db,Travel and Exploration,Visiting new countries and cultures
lapqtr5nf4,af30e3c9-8591-46de-bf5e-e878ef34329e,Reading and Literature,"Fiction (novels, short stories, fantasy, science fiction)"
e0w2stelxn,af30e3c9-8591-46de-bf5e-e878ef34329e,Travel and Exploration,Urban exploration and historical tours
6ox9davb0a,af30e3c9-8591-46de-bf5e-e878ef34329e,Health & Wellness,Nutrition planning meal prepping
uf1o6eowj3,fad2d7d8-6105-4b5b-85f2-41de6653d39f,Travel and Exploration,Visiting new countries and cultures
7j86abtcbp,3c47cd25-a8a7-44c5-8b4f-c2aa694f224c,Reading and Literature,"Fiction (novels, short stories, fantasy, science fiction)"
c96m77v6fy,3c47cd25-a8a7-44c5-8b4f-c2aa694f224c,Reading and Literature,"Non-fiction (biographies, history, self-help, psychology)"
wlbx9isft1,d0e6fa56-051e-4576-8cf5-a19aa928773d,Travel and Exploration,Backpacking and adventure travel
ppdlf0tr0j,d0e6fa56-051e-4576-8cf5-a19aa928773d,Health and Wellness,Fitness obstacle course races
6kjx2hoof4,d0e6fa56-051e-4576-8cf5-a19aa928773d,Health and Wellness,Holistic health practices (acupuncture herbalism)
ulj5us1b78,facb40a6-0715-4ad5-9c0d-28391a979abe,Reading and Literature,Reading challenges and book clubs
8h3mnw0s6b,facb40a6-0715-4ad5-9c0d-28391a979abe,Reading and Literature,Audio books and storytelling podcasts
h7665x56he,facb40a6-0715-4ad5-9c0d-28391a979abe,Travel and Exploration,Urban exploration and historical tours
e78zg6daqq,fa222611-5f65-494c-bbde-f2519c6b13ba,Travel and Exploration,Road trips and exploring scenic routes
pcgcjgd3wk,fa222611-5f65-494c-bbde-f2519c6b13ba,Health and Wellness,Holistic health practices (acupuncture herbalism)
fdy93y6g8z,4b0be842-63b2-415b-8762-9407c5bc44ce,Travel and Exploration,Visiting new countries and cultures
djwiqwggbz,362c8150-992f-4e78-a826-c34be0b245a0,Reading and Literature,Literary analysis and book discussions
w8gizvq5mr,362c8150-992f-4e78-a826-c34be0b245a0,Reading and Literature,"Poetry and poetic forms (haiku, sonnets, free verse)"
2rrblksr9q,c0a60f87-fe47-446d-b0cc-22fc14f0f3e9,Travel and Exploration,Backpacking and adventure travel
w6v8hy4y6h,c0a60f87-fe47-446d-b0cc-22fc14f0f3e9,Outdoor Activities,Hiking and nature walks
x7gzbe8i06,c0a60f87-fe47-446d-b0cc-22fc14f0f3e9,Health & Wellness,Nutrition planning meal prepping
0v3cn4l3yy,1a9c2063-77e6-4681-b33b-dc32fed47752,Reading and Literature,"Poetry and poetic forms (haiku, sonnets, free verse)"
8zrwswn2ns,1a9c2063-77e6-4681-b33b-dc32fed47752,Travel and Exploration,Cruise vacations and sailing adventures
gchxqqdomi,f5bf843a-bb35-49f9-9bb0-ed1e4ae6bb7d,Reading and Literature,"Non-fiction (biographies, history, self-help, psychology)"
gj8vimskyd,bd45bbeb-46c1-4413-ad6f-d7c3a983b38c,Travel and Exploration,Visiting new countries and cultures
lz96pribyo,bd45bbeb-46c1-4413-ad6f-d7c3a983b38c,Outdoor Activities,Wilderness survival skills
v2sg83vn6f,bd45bbeb-46c1-4413-ad6f-d7c3a983b38c,Travel and Exploration,Road trips and exploring scenic routes
un0yiw3to2,4d21ec4b-0bb8-44be-a19c-d34a81be0652,Reading and Literature,Literary analysis and book discussions
dzvx333t8z,4d21ec4b-0bb8-44be-a19c-d34a81be0652,Reading and Literature,Audio books and storytelling podcasts
runh48pw2n,b1051b45-ff02-408f-bb8c-92b6611f659d,Travel and Exploration,Cruise vacations and sailing adventures
fzil4wqa8x,a7b8f142-6b8b-4eac-bae6-5f57f113147b,Travel and Exploration,Cruise vacations and sailing adventures
aaukz80pa2,a7b8f142-6b8b-4eac-bae6-5f57f113147b,Reading and Literature,"Fiction (novels, short stories, fantasy, science fiction)"
6ptp25hhso,a7b8f142-6b8b-4eac-bae6-5f57f113147b,Health and Wellness,Practicing mindfulness meditation
dsdit95wmp,06b2c83a-8f99-4891-91ca-4279b310d78c,Reading and Literature,Reading challenges and book clubs
0cxcs84ljc,26105b7f-5bec-480c-b842-12253e528c3f,Reading and Literature,Reading challenges and book clubs
acjzry95hk,26105b7f-5bec-480c-b842-12253e528c3f,Health and Wellness,Holistic health practices (acupuncture herbalism)
wolkiequpb,26105b7f-5bec-480c-b842-12253e528c3f,Travel and Exploration,Visiting new countries and cultures
lf7x6pdyt5,dbaf66e2-52a0-4166-b67d-cf534ec30c1d,Health and Wellness,Fitness obstacle course races
hdiicjlrd5,dbaf66e2-52a0-4166-b67d-cf534ec30c1d,Outdoor Activities,"Camping (tent camping, RV camping)"
oda5mnyfbn,08ec7f35-6afd-44aa-8380-b5155d710f89,Health and Wellness,Yoga retreats wellness tourism
7d6f6vvx32,146646dd-7032-47d9-a785-88e28975f7f6,Health & Wellness,Nutrition planning meal prepping
n64p188ue4,146646dd-7032-47d9-a785-88e28975f7f6,Reading and Literature,"Fiction (novels, short stories, fantasy, science fiction)"
g2dcdacd61,146646dd-7032-47d9-a785-88e28975f7f6,Reading and Literature,"Poetry and poetic forms (haiku, sonnets, free verse)"
fh0xgrp4ls,a499369c-600f-4c95-8c4f-15b27de0781d,Travel and Exploration,Ecotourism and sustainable travel
5vnun5t3ze,cd7d18b6-31b2-4362-81e8-fb6a08ea6745,Outdoor Activities,"Camping (tent camping, RV camping)"
r5uuqqe482,b91f2ee2-a407-46b8-afd9-64b0df851c77,Health and Wellness,Practicing mindfulness meditation
yup6gka7el,b91f2ee2-a407-46b8-afd9-64b0df851c77,Reading and Literature,"Non-fiction (biographies, history, self-help, psychology)"
gs2tpa8f9m,cf5c76f5-9706-4464-b46f-4b6f853de886,Reading and Literature,Literary analysis and book discussions
5kmf5wg7o0,48cabd7f-0340-4676-a9f2-2a096a9cdf9a,Travel and Exploration,Ecotourism and sustainable travel
21kqbfh8r9,48cabd7f-0340-4676-a9f2-2a096a9cdf9a,Health and Wellness,Holistic health practices (acupuncture herbalism)
gikjy5e7e7,48cabd7f-0340-4676-a9f2-2a096a9cdf9a,Reading and Literature,"Non-fiction (biographies, history, self-help, psychology)"
kzz1203427,2862a95b-ef8b-4645-b623-103fd42b7e80,Health and Wellness,Yoga retreats wellness tourism
lt8hi3gqiy,2862a95b-ef8b-4645-b623-103fd42b7e80,Outdoor Activities,Hiking and nature walks
teal2hbbas,2862a95b-ef8b-4645-b623-103fd42b7e80,Reading and Literature,Reading challenges and book clubs
tjy0wimwa3,05620726-05e5-446e-b6f7-2ab3ba04c8af,Reading and Literature,Reading challenges and book clubs
vdqxlrkkne,05620726-05e5-446e-b6f7-2ab3ba04c8af,Travel and Exploration,Ecotourism and sustainable travel
4fh1k8pms3,05620726-05e5-446e-b6f7-2ab3ba04c8af,Reading and Literature,Audio books and storytelling podcasts
duqubsux20,dccb0cc3-c581-4d0d-abfe-fad8d47885a4,Outdoor Activities,Hiking and nature walks
kj3b79rq2x,dccb0cc3-c581-4d0d-abfe-fad8d47885a4,Travel and Exploration,Visiting new countries and cultures
v73h4gba2f,dccb0cc3-c581-4d0d-abfe-fad8d47885a4,Health and Wellness,Fitness obstacle course races
jbn78tc1zx,e9ce3f86-3a6d-445b-b65f-3e711a8b98e6,Outdoor Activities,Hiking and nature walks
ji4i1iewak,e9ce3f86-3a6d-445b-b65f-3e711a8b98e6,Reading and Literature,"Non-fiction (biographies, history, self-help, psychology)"
p67zhbxh4z,35ab35ad-5ed2-4e26-bc9a-c49123bb28a6,Travel and Exploration,Cruise vacations and sailing adventures
jt35447vd8,478b87ed-bc00-4481-8e46-496740317174,Reading and Literature,"Fiction (novels, short stories, fantasy, science fiction)"
5oezlxd7x7,478b87ed-bc00-4481-8e46-496740317174,Travel and Exploration,Cruise vacations and sailing adventures
x5fqejpecz,09655322-124c-4513-8b6e-0b1f0060ea81,Reading and Literature,"Poetry and poetic forms (haiku, sonnets, free verse)"
qm9ff81x3y,f41f4c35-8d4b-4ad8-8687-880fca1933e6,Travel and Exploration,Road trips and exploring scenic routes
itw8h7zb91,b6b65202-d1e8-42bb-8762-22dfe657828d,Reading and Literature,Reading challenges and book clubs
zdrt4s0gl9,63c7c62c-a2c8-4036-929a-d12e07067949,Reading and Literature,"Poetry and poetic forms (haiku, sonnets, free verse)"
3d0kn9r1h4,63c7c62c-a2c8-4036-929a-d12e07067949,Reading and Literature,Audio books and storytelling podcasts
zbmzrw4uyw,f4686e78-cc16-4208-b09d-a41524ece694,Reading and Literature,Reading challenges and book clubs
mqqy8n1ggs,98847d12-abc5-4ba9-b9b1-4d153d214150,Health and Wellness,Fitness obstacle course races
8g404g7k46,98847d12-abc5-4ba9-b9b1-4d153d214150,Reading and Literature,Reading challenges and book clubs
4tshzat1jc,a9e78d99-7593-41db-bde5-35ec8df458a0,Travel and Exploration,Visiting new countries and cultures
pdz2h9lgfa,a9e78d99-7593-41db-bde5-35ec8df458a0,Travel and Exploration,Backpacking and adventure travel
xfnmdad0z1,a9e78d99-7593-41db-bde5-35ec8df458a0,Reading and Literature,Audio books and storytelling podcasts
oh831neqa7,7661e9e7-415f-4e74-9c25-98fcf23531fc,Reading and Literature,Audio books and storytelling podcasts
mi0ha91b5y,7661e9e7-415f-4e74-9c25-98fcf23531fc,Reading and Literature,"Non-fiction (biographies, history, self-help, psychology)"
ilzz2u6bvq,7661e9e7-415f-4e74-9c25-98fcf23531fc,Health and Wellness,Fitness obstacle course races
ogystgdlat,02ab2c2c-de2d-43e0-9171-0a096c632b21,Travel and Exploration,Road trips and exploring scenic routes
e624mvujty,8bb50e64-319d-4ba4-a083-1ab8ab321e1a,Travel and Exploration,Visiting new countries and cultures
bf9b1q3fqj,8bb50e64-319d-4ba4-a083-1ab8ab321e1a,Health and Wellness,Practicing mindfulness meditation
55412mhpft,d031584a-fe0e-40fb-83a6-3df2d3aaa4fb,Health and Wellness,Holistic health practices (acupuncture herbalism)
6zyzk3jl0i,d031584a-fe0e-40fb-83a6-3df2d3aaa4fb,Health and Wellness,Fitness obstacle course races
nb3mkc4yql,d031584a-fe0e-40fb-83a6-3df2d3aaa4fb,Outdoor Activities,Wilderness survival skills
n37vo8l4kn,9f5e6180-2877-4c37-b062-79819fbd3fe8,Health & Wellness,Nutrition planning meal prepping
5nqwoj2pw6,9f5e6180-2877-4c37-b062-79819fbd3fe8,Outdoor Activities,Hiking and nature walks
91nj7qvtr4,7bb08404-e6a2-445f-831f-8d4dd2aec50b,Travel and Exploration,Backpacking and adventure travel
lx0m2phy5f,7bb08404-e6a2-445f-831f-8d4dd2aec50b,Travel and Exploration,Urban exploration and historical tours
klkcoscszy,8acb0c3b-3f1d-4cf0-a8c7-317439539b2d,Travel and Exploration,Backpacking and adventure travel
qxygja2hl1,4007f3cc-335d-4d11-9168-59327830dc72,Reading and Literature,Reading challenges and book clubs
5tfpcy83ws,4007f3cc-335d-4d11-9168-59327830dc72,Travel and Exploration,Ecotourism and sustainable travel
9xa2pl1mnc,4007f3cc-335d-4d11-9168-59327830dc72,Travel and Exploration,Backpacking and adventure travel
h2qveaqy91,c807a3f2-6396-4d88-b805-bffbca59c273,Outdoor Activities,Wilderness survival skills
0g1z9sq5fk,c9ec84b2-9547-410f-847b-ea0908abf47f,Travel and Exploration,Backpacking and adventure travel
bfrj2fxif9,e7996cf1-c793-4bed-ad82-79f2ef3aa123,Outdoor Activities,Wilderness survival skills
imb9nboww5,e7996cf1-c793-4bed-ad82-79f2ef3aa123,Reading and Literature,Reading challenges and book clubs
v5e1nwnwap,e7996cf1-c793-4bed-ad82-79f2ef3aa123,Health and Wellness,Holistic health practices (acupuncture herbalism)
vj02v18fyd,cae7106e-d5d3-4d7e-9254-91fd198b8933,Outdoor Activities,Hiking and nature walks
4qhfhrdv6e,cae7106e-d5d3-4d7e-9254-91fd198b8933,Health and Wellness,Fitness obstacle course races
476rdeu8do,cae7106e-d5d3-4d7e-9254-91fd198b8933,Reading and Literature,Audio books and storytelling podcasts
5o1b0h59n7,052a6deb-e5e3-4548-a7e6-3d9b82add0c7,Reading and Literature,"Fiction (novels, short stories, fantasy, science fiction)"
kztosr8lmh,052a6deb-e5e3-4548-a7e6-3d9b82add0c7,Travel and Exploration,Road trips and exploring scenic routes
6gl4ru8b3f,d8ec0d18-ba43-4869-a0dd-85acb40a335a,Travel and Exploration,Cruise vacations and sailing adventures
vve3vgknau,d8ec0d18-ba43-4869-a0dd-85acb40a335a,Health & Wellness,Nutrition planning meal prepping
4ah9p1qhvu,d8ec0d18-ba43-4869-a0dd-85acb40a335a,Health and Wellness,Fitness obstacle course races
gp3dksghrn,1554f24b-a147-4e4b-86aa-20b3329de300,Reading and Literature,"Fiction (novels, short stories, fantasy, science fiction)"
v6hq74mu3m,1554f24b-a147-4e4b-86aa-20b3329de300,Health and Wellness,Practicing mindfulness meditation
5z3yz7ks9i,26b9f0cd-2c2a-43c8-9a32-ef21e3bb1776,Travel and Exploration,Urban exploration and historical tours
uiyqeas44i,26b9f0cd-2c2a-43c8-9a32-ef21e3bb1776,Travel and Exploration,Visiting new countries and cultures
t18md62w4e,7e02fa63-f7b6-4dda-806f-31c36408b74f,Health and Wellness,Practicing mindfulness meditation
yd8luvs5ic,7e02fa63-f7b6-4dda-806f-31c36408b74f,Reading and Literature,Reading challenges and book clubs
6vpaanrg9s,43b5435c-1302-42ea-bc27-5a10df2c1420,Health and Wellness,Yoga retreats wellness tourism
nic1bfzceb,43b5435c-1302-42ea-bc27-5a10df2c1420,Travel and Exploration,Ecotourism and sustainable travel
mwtioi7cg8,43b5435c-1302-42ea-bc27-5a10df2c1420,Health and Wellness,Practicing mindfulness meditation
amsj2h0g3q,f4b983ed-f7ef-4a0a-8806-85c22427952f,Travel and Exploration,Backpacking and adventure travel
filkqabhgj,4aaf9aec-b960-468e-b9cd-a94a2eaf6586,Health and Wellness,Fitness obstacle course races
zzmiqp7wn7,4aaf9aec-b960-468e-b9cd-a94a2eaf6586,Travel and Exploration,Backpacking and adventure travel
b6swjlqhpv,d0673a99-d7ab-44ca-8e85-f7254cf59d3a,Travel and Exploration,Road trips and exploring scenic routes
7xc4crxkev,608ac43e-ed0b-4f70-bbc4-3246df894656,Outdoor Activities,"Camping (tent camping, RV camping)"
lsfvyspo4t,36d51d5f-60c7-42ff-96ba-c9edf71147fd,Outdoor Activities,Wilderness survival skills
x2t0bssk04,36d51d5f-60c7-42ff-96ba-c9edf71147fd,Travel and Exploration,Ecotourism and sustainable travel
dfmnce4cvz,36d51d5f-60c7-42ff-96ba-c9edf71147fd,Reading and Literature,"Non-fiction (biographies, history, self-help, psychology)"
1stp73h1r6,479c6b6f-0d0d-46c7-9622-128775c0791a,Travel and Exploration,Urban exploration and historical tours
gciw2eljcc,c46770fa-5748-4e2a-bd83-c325ed7000aa,Health and Wellness,Practicing mindfulness meditation
i3pqdh3sng,40c38096-68d3-4360-bb66-9658179bc97a,Reading and Literature,"Fiction (novels, short stories, fantasy, science fiction)"
by1kvbynyf,40c38096-68d3-4360-bb66-9658179bc97a,Health and Wellness,Holistic health practices (acupuncture herbalism)
ipua7hy97t,40c38096-68d3-4360-bb66-9658179bc97a,Reading and Literature,"Poetry and poetic forms (haiku, sonnets, free verse)"
uio3lghsle,2bab1007-ad4b-4ae7-83b1-5d4cab2460d0,Outdoor Activities,Wilderness survival skills
2ijstnsm9s,2bab1007-ad4b-4ae7-83b1-5d4cab2460d0,Reading and Literature,"Poetry and poetic forms (haiku, sonnets, free verse)"
zqcc79w1hj,decd134d-3dcc-4947-a3fb-8d0aca66dbba,Health and Wellness,Practicing mindfulness meditation
3c646l349n,2df1fde1-8e0b-40d7-911a-5f2703edbd07,Health and Wellness,Fitness obstacle course races
ykvpqvyvmx,2df1fde1-8e0b-40d7-911a-5f2703edbd07,Travel and Exploration,Urban exploration and historical tours
dkc9kbvq5u,2df1fde1-8e0b-40d7-911a-5f2703edbd07,Travel and Exploration,Cruise vacations and sailing adventures
lz65xifebv,172da016-ddef-4b63-b164-cca07c1303a1,Reading and Literature,"Non-fiction (biographies, history, self-help, psychology)"
kai7l2dwfu,8f2df7e0-0708-4073-ae61-327d5c4e951a,Outdoor Activities,"Camping (tent camping, RV camping)"
4tq853tath,e0dbaaf1-dd2a-4196-aece-07fa798e361b,Travel and Exploration,Road trips and exploring scenic routes
jnaqw1de9b,e0dbaaf1-dd2a-4196-aece-07fa798e361b,Outdoor Activities,Wilderness survival skills
lxfay705k2,b8180c74-b691-4da9-9b25-48b3bc0ca0c3,Health & Wellness,Nutrition planning meal prepping
ei2v2k3ipg,265670dd-1041-4fdf-baa6-ed98ae563536,Outdoor Activities,Hiking and nature walks
ko88j3twzp,265670dd-1041-4fdf-baa6-ed98ae563536,Health and Wellness,Practicing mindfulness meditation
fp0wkoey5n,265670dd-1041-4fdf-baa6-ed98ae563536,Reading and Literature,Audio books and storytelling podcasts
bujbgu07f9,f268cfe0-5c55-4c0b-b63e-5bd4c014f2c2,Health & Wellness,Nutrition planning meal prepping
qcvb1axwgi,694bf2f6-1c9c-4db5-b143-70090ee6f10a,Health and Wellness,Holistic health practices (acupuncture herbalism)
czlveh439u,694bf2f6-1c9c-4db5-b143-70090ee6f10a,Outdoor Activities,"Camping (tent camping, RV camping)"
hb9cqspza9,426a591d-5875-4753-b0fe-1dc8ba65eeb3,Travel and Exploration,Cruise vacations and sailing adventures
h93nhv6t7o,426a591d-5875-4753-b0fe-1dc8ba65eeb3,Outdoor Activities,Hiking and nature walks
wcaxoa8oi5,ce25e312-a345-4cd4-8b9f-c428baa270e8,Travel and Exploration,Visiting new countries and cultures
5bws0gbz33,ce25e312-a345-4cd4-8b9f-c428baa270e8,Reading and Literature,Audio books and storytelling podcasts
t864mi1076,ce25e312-a345-4cd4-8b9f-c428baa270e8,Health and Wellness,Practicing mindfulness meditation
9cs5kk2pnt,2cb1e42f-5ea9-4c5f-bb4d-9e3a7e95fcb7,Outdoor Activities,"Camping (tent camping, RV camping)"
v5jzn0vsma,2cb1e42f-5ea9-4c5f-bb4d-9e3a7e95fcb7,Health and Wellness,Fitness obstacle course races
plr1f3ryr9,f5fa0f0d-8a02-45da-bc60-472b10c4acf2,Travel and Exploration,Backpacking and adventure travel
40452vnroy,c38240bf-f5f0-4643-ba26-3ba9f62f78cc,Travel and Exploration,Visiting new countries and cultures
96n1wj6s0n,c38240bf-f5f0-4643-ba26-3ba9f62f78cc,Health and Wellness,Holistic health practices (acupuncture herbalism)
gl2dqborrr,7c12c518-6ee5-408a-971a-11487f1d3245,Outdoor Activities,Hiking and nature walks
gjxtqglxhn,7c12c518-6ee5-408a-971a-11487f1d3245,Travel and Exploration,Ecotourism and sustainable travel
qvoiwvzw56,7c12c518-6ee5-408a-971a-11487f1d3245,Travel and Exploration,Visiting new countries and cultures
h2iqdd093y,1632dcbc-873d-4a5a-8d48-7040bca9d63f,Reading and Literature,"Non-fiction (biographies, history, self-help, psychology)"
9hv8idu6bz,1632dcbc-873d-4a5a-8d48-7040bca9d63f,Reading and Literature,Reading challenges and book clubs
tgwtndqtj5,3b5b26a3-da2f-4d97-8d86-0a05da881084,Reading and Literature,"Non-fiction (biographies, history, self-help, psychology)"
297q7gwo97,3b5b26a3-da2f-4d97-8d86-0a05da881084,Travel and Exploration,Visiting new countries and cultures
8pd1ulcbf9,b69cb89c-384e-41e2-8caa-30a597f1c06e,Health and Wellness,Practicing mindfulness meditation
ulae6ce1qb,b69cb89c-384e-41e2-8caa-30a597f1c06e,Reading and Literature,Literary analysis and book discussions
p1j368sq4u,cf4cdc7b-768c-4ae2-ac85-35c6c28148ec,Reading and Literature,Reading challenges and book clubs
722mbx37er,cf4cdc7b-768c-4ae2-ac85-35c6c28148ec,Travel and Exploration,Road trips and exploring scenic routes
1induefqqp,cf4cdc7b-768c-4ae2-ac85-35c6c28148ec,Reading and Literature,Audio books and storytelling podcasts
cbtc9ok45h,0fa00d8a-b92e-4dfd-bc82-bb3fad502ea6,Reading and Literature,"Poetry and poetic forms (haiku, sonnets, free verse)"
stimxmwion,0fa00d8a-b92e-4dfd-bc82-bb3fad502ea6,Travel and Exploration,Road trips and exploring scenic routes
8g1ktq8bvs,49ea7e79-f1e1-42dc-a8de-75ac8fe5528c,Reading and Literature,"Poetry and poetic forms (haiku, sonnets, free verse)"
o5qucm0wgc,49ea7e79-f1e1-42dc-a8de-75ac8fe5528c,Health & Wellness,Nutrition planning meal prepping
uneiviv0ep,e549621f-3d78-41a6-b788-2cc4e3e2b0ca,Travel and Exploration,Backpacking and adventure travel
4xfbce719x,e036cc5b-c0e2-4d81-9b6e-360a3a7811e4,Health & Wellness,Nutrition planning meal prepping
0boq69kxtx,e036cc5b-c0e2-4d81-9b6e-360a3a7811e4,Outdoor Activities,Wilderness survival skills
0jzor7d3iv,e036cc5b-c0e2-4d81-9b6e-360a3a7811e4,Travel and Exploration,Urban exploration and historical tours
n99z50svck,b0bec2b5-c107-48ed-997e-9c82562e9075,Travel and Exploration,Urban exploration and historical tours
3sdvry728k,b0bec2b5-c107-48ed-997e-9c82562e9075,Health and Wellness,Fitness obstacle course races
e2t9v0s3d8,99d27ff8-de63-4e35-9bc9-6b84074e871f,Health and Wellness,Holistic health practices (acupuncture herbalism)
vloo6l71s2,99d27ff8-de63-4e35-9bc9-6b84074e871f,Health and Wellness,Fitness obstacle course races
qe67c3krt7,99d27ff8-de63-4e35-9bc9-6b84074e871f,Travel and Exploration,Ecotourism and sustainable travel
msxj1mz7f4,3b7e1004-06b8-4423-88ba-a8c4341f5524,Health and Wellness,Yoga retreats wellness tourism
m43txqy4m8,3b7e1004-06b8-4423-88ba-a8c4341f5524,Travel and Exploration,Road trips and exploring scenic routes
xkul5msz6z,2af08dc5-2364-4459-9276-ca39118849d0,Travel and Exploration,Backpacking and adventure travel
yu2g3zx8ii,2af08dc5-2364-4459-9276-ca39118849d0,Reading and Literature,Audio books and storytelling podcasts
dsg56nqfxw,64c75673-577f-4a4e-b5e5-6ad274e0b3db,Travel and Exploration,Backpacking and adventure travel
eexitw3i9k,64c75673-577f-4a4e-b5e5-6ad274e0b3db,Reading and Literature,Literary analysis and book discussions
413cgotbiy,1809b272-9382-4618-8ed6-81a5ba018515,Health and Wellness,Yoga retreats wellness tourism
t6dngsia95,4e177674-a34b-4d6a-b2d9-19c12c2dfc8f,Reading and Literature,Reading challenges and book clubs
buo8vo8syw,3a95af1d-850b-4818-a379-f5d12f7a9181,Travel and Exploration,Visiting new countries and cultures
xz9qmjmq3s,dbd1d3ed-44ac-43c9-b5d1-dd62d4f7368f,Health & Wellness,Nutrition planning meal prepping
ccdvzlyg05,dbd1d3ed-44ac-43c9-b5d1-dd62d4f7368f,Reading and Literature,Literary analysis and book discussions
prw0ppa4dp,dbd1d3ed-44ac-43c9-b5d1-dd62d4f7368f,Travel and Exploration,Backpacking and adventure travel
b5ww9r9wll,2979915f-f894-4008-87f6-75f3ac03106e,Travel and Exploration,Urban exploration and historical tours
4t53nuuh9b,2979915f-f894-4008-87f6-75f3ac03106e,Health and Wellness,Holistic health practices (acupuncture herbalism)
7xh45ei6ey,2979915f-f894-4008-87f6-75f3ac03106e,Reading and Literature,"Non-fiction (biographies, history, self-help, psychology)"
7p6r4nmssd,9bba45f3-78cd-45bb-b413-66e6cbbb716f,Travel and Exploration,Ecotourism and sustainable travel
rvq65ba0rk,2250c4e5-bce0-49b0-b9cf-f4c86cb57e6b,Health and Wellness,Fitness obstacle course races
7i597jk22e,2250c4e5-bce0-49b0-b9cf-f4c86cb57e6b,Reading and Literature,"Non-fiction (biographies, history, self-help, psychology)"
27shnyytx9,2250c4e5-bce0-49b0-b9cf-f4c86cb57e6b,Travel and Exploration,Cruise vacations and sailing adventures
tca21kw7jz,c70fd9af-a1fb-4cb5-a531-3a204e9715b5,Health and Wellness,Holistic health practices (acupuncture herbalism)
xiol6zaxa3,c70fd9af-a1fb-4cb5-a531-3a204e9715b5,Health and Wellness,Practicing mindfulness meditation
s2nxwatbiq,e6fb5a7b-29d1-4c42-9116-9d7e3903ff1a,Travel and Exploration,Visiting new countries and cultures
i7r9354tuw,e6fb5a7b-29d1-4c42-9116-9d7e3903ff1a,Outdoor Activities,"Camping (tent camping, RV camping)"
pual8yy9qx,083b4153-5acd-4bcc-9fe2-62b22a964279,Reading and Literature,"Fiction (novels, short stories, fantasy, science fiction)"
nrugtjyygt,083b4153-5acd-4bcc-9fe2-62b22a964279,Travel and Exploration,Road trips and exploring scenic routes
ulovzftqe6,decece81-bba0-4910-a795-e6cad31e6d8d,Reading and Literature,Audio books and storytelling podcasts
77zn29qgxr,ccf55cda-2fbf-4629-a215-31f0bbac2c9b,Reading and Literature,Literary analysis and book discussions
k4kmlquzfs,ccf55cda-2fbf-4629-a215-31f0bbac2c9b,Travel and Exploration,Road trips and exploring scenic routes
5ct2wlwti9,ccf55cda-2fbf-4629-a215-31f0bbac2c9b,Outdoor Activities,Hiking and nature walks
izdwbgigp9,c90833c0-4806-48ff-94cc-8b429bd9bd7a,Travel and Exploration,Visiting new countries and cultures
7ua736wajn,3b421b6d-a37a-4340-b27d-1d89dfa370f9,Health and Wellness,Holistic health practices (acupuncture herbalism)
wgeily9cuh,3b421b6d-a37a-4340-b27d-1d89dfa370f9,Travel and Exploration,Cruise vacations and sailing adventures
8zkuflvi6p,3b421b6d-a37a-4340-b27d-1d89dfa370f9,Travel and Exploration,Ecotourism and sustainable travel
727to0ecsg,e1270a63-46e8-4e6c-89d0-b0658a875af5,Travel and Exploration,Road trips and exploring scenic routes
0liu93j37s,e1270a63-46e8-4e6c-89d0-b0658a875af5,Reading and Literature,Literary analysis and book discussions
wlx2dnby5n,f3809729-a159-43f7-bae4-98db5ee4b5ec,Health and Wellness,Holistic health practices (acupuncture herbalism)
batgqypy76,ba3c1351-1299-4e46-b9cc-1c94b08ec5cd,Health and Wellness,Fitness obstacle course races
1c3cr1l9ot,ba3c1351-1299-4e46-b9cc-1c94b08ec5cd,Reading and Literature,"Non-fiction (biographies, history, self-help, psychology)"
el022k8p2h,ba3c1351-1299-4e46-b9cc-1c94b08ec5cd,Travel and Exploration,Cruise vacations and sailing adventures
a13ip0w2f2,bcf792e1-8985-42fe-93f3-cf64f4e6f438,Outdoor Activities,Wilderness survival skills
2ea5zxcfs0,bcf792e1-8985-42fe-93f3-cf64f4e6f438,Travel and Exploration,Visiting new countries and cultures
qxas0u71z8,bcf792e1-8985-42fe-93f3-cf64f4e6f438,Travel and Exploration,Road trips and exploring scenic routes
njmgvhs8v5,70605461-68fe-46da-a8cd-a9be58563b12,Reading and Literature,"Non-fiction (biographies, history, self-help, psychology)"
ag1t1ybm62,70605461-68fe-46da-a8cd-a9be58563b12,Outdoor Activities,Wilderness survival skills
k3o3ccr6nv,34c3c4fd-a4d1-4f06-b4e7-47efda2402c6,Travel and Exploration,Cruise vacations and sailing adventures
ouzm8njvz4,d7eeceb9-64ef-482e-8bc9-2b14bd4081f7,Reading and Literature,"Non-fiction (biographies, history, self-help, psychology)"
6ctu4v6hzs,bb474d83-e0bf-4b9d-8be1-a581e6a4b6ec,Health and Wellness,Fitness obstacle course races
wgiia1ytll,61bf640d-ef78-49cc-bb4f-c9d045902a58,Outdoor Activities,Wilderness survival skills
yvrtkmuom6,61bf640d-ef78-49cc-bb4f-c9d045902a58,Health and Wellness,Holistic health practices (acupuncture herbalism)
fumpajju9n,404da108-b23e-49d4-b688-ef6cd27efdb1,Travel and Exploration,Urban exploration and historical tours
wdxcs5gnj7,b8de4927-08a5-477c-bc26-cf408883f004,Travel and Exploration,Ecotourism and sustainable travel
5h5mqa9rcw,b8de4927-08a5-477c-bc26-cf408883f004,Outdoor Activities,"Camping (tent camping, RV camping)"
2lmfuf4d4c,4b5f52f1-9647-4b96-89ac-08676aab1999,Health and Wellness,Yoga retreats wellness tourism
gib3dgve0o,4b5f52f1-9647-4b96-89ac-08676aab1999,Reading and Literature,"Poetry and poetic forms (haiku, sonnets, free verse)"
nrc45nej3h,c61df8a4-9549-4b87-9830-b7914e71bf36,Travel and Exploration,Urban exploration and historical tours
n2r1yqde5n,c61df8a4-9549-4b87-9830-b7914e71bf36,Travel and Exploration,Backpacking and adventure travel
sd8rwvyke8,e38b3e51-b215-431d-a6ae-7dd14c91717e,Reading and Literature,Audio books and storytelling podcasts
qi2s6mvion,e38b3e51-b215-431d-a6ae-7dd14c91717e,Travel and Exploration,Cruise vacations and sailing adventures
d0rjuwt58v,e38b3e51-b215-431d-a6ae-7dd14c91717e,Travel and Exploration,Road trips and exploring scenic routes
59o3qa7lnk,d59ea746-e298-403b-8b1c-11638364dc4d,Outdoor Activities,Wilderness survival skills
q3zaxw4y3d,388b3e25-9421-4fe7-8eb2-8b2025274a39,Health and Wellness,Yoga retreats wellness tourism
sf9awxkmwx,5bfa193e-3b6a-4d5f-a14d-0d336056f764,Outdoor Activities,Wilderness survival skills
ouuwomp7ms,5bfa193e-3b6a-4d5f-a14d-0d336056f764,Travel and Exploration,Visiting new countries and cultures
exwdqznc8d,415cae62-984a-4225-ac45-842a3182ecb2,Reading and Literature,"Poetry and poetic forms (haiku, sonnets, free verse)"
wnjr83vt1i,415cae62-984a-4225-ac45-842a3182ecb2,Health and Wellness,Yoga retreats wellness tourism
8phfp5f4ms,7a38a96f-33d0-4605-8fa0-5f3bd817c466,Outdoor Activities,"Camping (tent camping, RV camping)"
9p9xj2nnyk,a596d5b0-d812-4ca3-963f-bb41db247e15,Health and Wellness,Fitness obstacle course races
l25lchkbua,a596d5b0-d812-4ca3-963f-bb41db247e15,Health and Wellness,Holistic health practices (acupuncture herbalism)
yluklr62a5,dee2ce38-e75a-40c7-acad-94db96f87e84,Travel and Exploration,Backpacking and adventure travel
vdiuwmgyzj,21222686-3647-4697-89d5-4686d32c3503,Health and Wellness,Practicing mindfulness meditation
nrodv2aeu9,21222686-3647-4697-89d5-4686d32c3503,Reading and Literature,Audio books and storytelling podcasts
4m2zz9u3q8,21222686-3647-4697-89d5-4686d32c3503,Outdoor Activities,"Camping (tent camping, RV camping)"
vghe535tpx,416fb38f-a344-4b39-ab96-261f5d126fc9,Outdoor Activities,Wilderness survival skills
l4ygxqvlf6,416fb38f-a344-4b39-ab96-261f5d126fc9,Travel and Exploration,Visiting new countries and cultures
w7p0sr6rtg,7ae3254e-4697-446f-a696-1e4820cef49b,Reading and Literature,Reading challenges and book clubs
75djt3p3cc,1ddf3108-4cbb-47d6-bd6c-eba7931a856d,Health and Wellness,Holistic health practices (acupuncture herbalism)
qpwzn59x2v,1ddf3108-4cbb-47d6-bd6c-eba7931a856d,Reading and Literature,"Non-fiction (biographies, history, self-help, psychology)"
7ytrkge4sb,67a34fb7-f44e-4445-b9b5-3a84b3bef7eb,Reading and Literature,"Poetry and poetic forms (haiku, sonnets, free verse)"
6arluvuspu,55894235-15d5-4795-8467-277e6a4aa5d3,Outdoor Activities,"Camping (tent camping, RV camping)"
lor1b19jin,349a2673-773e-4f72-9bf0-5d12812b83c3,Reading and Literature,"Fiction (novels, short stories, fantasy, science fiction)"
iq017mumcv,349a2673-773e-4f72-9bf0-5d12812b83c3,Travel and Exploration,Cruise vacations and sailing adventures
llq9u5fcts,8b261ea0-c361-4193-8541-0b50268d2136,Travel and Exploration,Ecotourism and sustainable travel
2ooxln7l39,8b261ea0-c361-4193-8541-0b50268d2136,Travel and Exploration,Urban exploration and historical tours
pul5woxnj6,8b261ea0-c361-4193-8541-0b50268d2136,Travel and Exploration,Road trips and exploring scenic routes
j5y7qil3wx,ffa95ec2-5546-4bef-b196-cb9cd63820c7,Outdoor Activities,Hiking and nature walks
vuic4pjydw,2dda8be8-0ac6-4ff2-ad09-fcbc3fbf92f2,Health and Wellness,Fitness obstacle course races
d6e8ctusl9,81e7ea78-d24a-4a28-9a03-4d3aaa986b53,Travel and Exploration,Road trips and exploring scenic routes
x81dt9r90q,a0b1b591-af24-4c30-8cdd-1e31ce22962c,Outdoor Activities,Wilderness survival skills
p2bjis6iyj,a0b1b591-af24-4c30-8cdd-1e31ce22962c,Reading and Literature,"Non-fiction (biographies, history, self-help, psychology)"
z00ru6hmta,a0b1b591-af24-4c30-8cdd-1e31ce22962c,Health and Wellness,Practicing mindfulness meditation
wnsw8ygwyp,48879151-aaa7-4735-b854-a598a0e62f60,Travel and Exploration,Cruise vacations and sailing adventures
51a3kxo35u,48879151-aaa7-4735-b854-a598a0e62f60,Health & Wellness,Nutrition planning meal prepping
hz3nd8kgl0,48879151-aaa7-4735-b854-a598a0e62f60,Reading and Literature,"Fiction (novels, short stories, fantasy, science fiction)"
s15atl719f,5d105a05-c355-4704-ac43-81e0b06b0d53,Outdoor Activities,"Camping (tent camping, RV camping)"
jwvh6c7dxb,5d105a05-c355-4704-ac43-81e0b06b0d53,Reading and Literature,Audio books and storytelling podcasts
1zifxm07yu,e1665060-8238-415b-8637-6f0a8ee0fdf4,Travel and Exploration,Backpacking and adventure travel
8ixmjyjbqv,e1665060-8238-415b-8637-6f0a8ee0fdf4,Health & Wellness,Nutrition planning meal prepping
k6cv7hudyx,e1665060-8238-415b-8637-6f0a8ee0fdf4,Outdoor Activities,Wilderness survival skills
619dmninsv,76d05281-0f52-4027-829f-74dfe9ddd5d8,Health and Wellness,Fitness obstacle course races
6u4p9nb2cs,76d05281-0f52-4027-829f-74dfe9ddd5d8,Travel and Exploration,Road trips and exploring scenic routes
2hqjaozb2o,08b688ff-5974-463c-8d73-78b65024ed33,Health & Wellness,Nutrition planning meal prepping
udlakffn58,08b688ff-5974-463c-8d73-78b65024ed33,Reading and Literature,Literary analysis and book discussions
zdms2xqju3,b542fce5-de2a-4030-87ac-2638d5f94818,Health and Wellness,Yoga retreats wellness tourism
yw8kzs07qm,b542fce5-de2a-4030-87ac-2638d5f94818,Health and Wellness,Practicing mindfulness meditation
z3cobp3w13,b542fce5-de2a-4030-87ac-2638d5f94818,Travel and Exploration,Ecotourism and sustainable travel
i1clcvl0ss,211d1bb7-9ca0-4b9d-bf17-4e2223fc2cb5,Travel and Exploration,Ecotourism and sustainable travel
igz9dnk2mn,211d1bb7-9ca0-4b9d-bf17-4e2223fc2cb5,Reading and Literature,Literary analysis and book discussions
3un8mxfd6n,0609ae86-5c1f-41fd-acb5-2ddcd9efd0e1,Health and Wellness,Yoga retreats wellness tourism
ybgab0pnxa,0609ae86-5c1f-41fd-acb5-2ddcd9efd0e1,Outdoor Activities,Hiking and nature walks
6q797oyce0,0609ae86-5c1f-41fd-acb5-2ddcd9efd0e1,Travel and Exploration,Urban exploration and historical tours
semj5uztit,18366e0a-d82e-485e-8dde-059e6463051d,Health and Wellness,Holistic health practices (acupuncture herbalism)
3q1lkkos0q,18366e0a-d82e-485e-8dde-059e6463051d,Outdoor Activities,"Camping (tent camping, RV camping)"
em0n0gm8bd,e46e3a05-911f-4d33-a78c-7cd9c8d40973,Outdoor Activities,Wilderness survival skills
synhjgycrl,e46e3a05-911f-4d33-a78c-7cd9c8d40973,Health & Wellness,Nutrition planning meal prepping
mr3v3yogsh,e46e3a05-911f-4d33-a78c-7cd9c8d40973,Reading and Literature,Audio books and storytelling podcasts
xznm24yja2,4feb4ba5-a1ab-44fa-ac85-c034e091192a,Health and Wellness,Practicing mindfulness meditation
b7h3hr81kv,4feb4ba5-a1ab-44fa-ac85-c034e091192a,Travel and Exploration,Urban exploration and historical tours
ofbjoplaui,4feb4ba5-a1ab-44fa-ac85-c034e091192a,Outdoor Activities,Wilderness survival skills
44eivtaf8k,2af29d54-cb95-484d-a9ed-328441274a6c,Health and Wellness,Fitness obstacle course races
eo7glyhe2g,2af29d54-cb95-484d-a9ed-328441274a6c,Reading and Literature,Literary analysis and book discussions
r5hag51to4,aefd6b1e-55bf-4eaf-a289-daaa87706670,Health and Wellness,Holistic health practices (acupuncture herbalism)
y232ehs289,4925adfe-cb8c-402c-a7c6-f57bea9ef339,Travel and Exploration,Visiting new countries and cultures
mbtvskacxh,4925adfe-cb8c-402c-a7c6-f57bea9ef339,Travel and Exploration,Urban exploration and historical tours
ccqhz42c4d,b1e1956f-70cf-469e-a4e5-a80c078f34a1,Travel and Exploration,Road trips and exploring scenic routes
ztintekm1i,b1e1956f-70cf-469e-a4e5-a80c078f34a1,Reading and Literature,Literary analysis and book discussions
qrijb4anng,b1e1956f-70cf-469e-a4e5-a80c078f34a1,Outdoor Activities,"Camping (tent camping, RV camping)"
tuk1j26gi9,e6026991-342a-4a96-8aa2-18f1088190d1,Health & Wellness,Nutrition planning meal prepping
12c3us1pv5,a92ecca8-4b68-486a-8c7a-00003753544f,Outdoor Activities,Wilderness survival skills
6kqvid264h,a92ecca8-4b68-486a-8c7a-00003753544f,Travel and Exploration,Visiting new countries and cultures
gy3z62ugzz,8e5db93d-c20d-4a44-b7fb-f88f99349202,Reading and Literature,"Fiction (novels, short stories, fantasy, science fiction)"
dsybg0yv6j,8e5db93d-c20d-4a44-b7fb-f88f99349202,Travel and Exploration,Urban exploration and historical tours
mxlapqju8h,7fc9b593-1856-45ba-9057-e58b0c301926,Outdoor Activities,"Camping (tent camping, RV camping)"
3vnujot3l3,7fc9b593-1856-45ba-9057-e58b0c301926,Reading and Literature,"Poetry and poetic forms (haiku, sonnets, free verse)"
nqt6kjbgf1,aad74700-3fde-46a4-935a-7ed20fc0c5ed,Health & Wellness,Nutrition planning meal prepping
ccz47u2b7w,3561aa9d-9ade-4191-a00e-bebed2de42c2,Health and Wellness,Practicing mindfulness meditation
u8rpmyh57i,3561aa9d-9ade-4191-a00e-bebed2de42c2,Reading and Literature,Literary analysis and book discussions
xlkqecexav,3561aa9d-9ade-4191-a00e-bebed2de42c2,Reading and Literature,"Non-fiction (biographies, history, self-help, psychology)"
kvxal1fipb,c88b5fdd-4fa9-4821-a021-a9a305ae1056,Health & Wellness,Nutrition planning meal prepping
b2iwa8mlbb,c88b5fdd-4fa9-4821-a021-a9a305ae1056,Health and Wellness,Fitness obstacle course races
6cna96adk7,a6fa0b16-7669-40da-9d57-6c88b93f0b23,Reading and Literature,"Fiction (novels, short stories, fantasy, science fiction)"
mzd0k0go4z,a6fa0b16-7669-40da-9d57-6c88b93f0b23,Reading and Literature,Literary analysis and book discussions
pcvf9ndc1x,48b937a2-34e0-440f-8f38-b0a9952bf3ae,Travel and Exploration,Road trips and exploring scenic routes
0nniiz2w57,48b937a2-34e0-440f-8f38-b0a9952bf3ae,Travel and Exploration,Backpacking and adventure travel
15f9bujtex,f9393eab-3e53-4fdb-b583-37524b0c6004,Reading and Literature,"Poetry and poetic forms (haiku, sonnets, free verse)"
r7glcwebw8,f9393eab-3e53-4fdb-b583-37524b0c6004,Health & Wellness,Nutrition planning meal prepping
ndms28c0ey,fc96e975-d058-4613-9b38-b9b36cad8b80,Reading and Literature,"Non-fiction (biographies, history, self-help, psychology)"
9v0wdzmrh7,fc96e975-d058-4613-9b38-b9b36cad8b80,Travel and Exploration,Urban exploration and historical tours
7spt66o2p4,92cf1336-cd2e-4592-8c03-7c820cc41148,Reading and Literature,Reading challenges and book clubs
onbzi2pbz0,92cf1336-cd2e-4592-8c03-7c820cc41148,Reading and Literature,Literary analysis and book discussions
g56m1ar79x,92cf1336-cd2e-4592-8c03-7c820cc41148,Health and Wellness,Yoga retreats wellness tourism
20ti3p7ixw,7cc12922-61e0-4678-8f50-b7dcd02ba022,Reading and Literature,Audio books and storytelling podcasts
iq02bt8kzb,7cc12922-61e0-4678-8f50-b7dcd02ba022,Travel and Exploration,Visiting new countries and cultures
lvei0uz8vz,7cc12922-61e0-4678-8f50-b7dcd02ba022,Outdoor Activities,Hiking and nature walks
urvo3c0yrv,30f6c0e7-913b-4e0f-9330-408e30e46a0f,Reading and Literature,"Non-fiction (biographies, history, self-help, psychology)"
3ywczc1doh,30f6c0e7-913b-4e0f-9330-408e30e46a0f,Reading and Literature,Audio books and storytelling podcasts
9a4l0533ta,c382a45a-acd9-497d-bfe5-1d12336590c8,Health and Wellness,Yoga retreats wellness tourism
3y6o40uyvn,36c66176-2913-4faf-80df-7e4ca59c7ec5,Travel and Exploration,Backpacking and adventure travel
xv2vu0mj9b,36c66176-2913-4faf-80df-7e4ca59c7ec5,Outdoor Activities,Wilderness survival skills
amjecls7b4,36c66176-2913-4faf-80df-7e4ca59c7ec5,Reading and Literature,Reading challenges and book clubs
u0htfgtd67,17fba6ec-64f9-45e9-a1a2-c1d09b9cf99d,Health and Wellness,Fitness obstacle course races
v0q0pdyuc7,b97d760c-08e1-4e81-8335-d9a57c1ab1a7,Reading and Literature,"Poetry and poetic forms (haiku, sonnets, free verse)"
m4s4p1dl8r,b97d760c-08e1-4e81-8335-d9a57c1ab1a7,Reading and Literature,"Non-fiction (biographies, history, self-help, psychology)"
d6o5k7j3pl,b97d760c-08e1-4e81-8335-d9a57c1ab1a7,Travel and Exploration,Urban exploration and historical tours
r89bue5wms,4b62745f-79af-4d98-95c4-4ffb0e5d6766,Travel and Exploration,Road trips and exploring scenic routes
uw5ov4ghxf,4b62745f-79af-4d98-95c4-4ffb0e5d6766,Reading and Literature,Audio books and storytelling podcasts
0n3l2nctzr,c14a6db3-7da9-45de-8432-409f5dce336a,Health and Wellness,Holistic health practices (acupuncture herbalism)
2kwpvuh4gh,c14a6db3-7da9-45de-8432-409f5dce336a,Travel and Exploration,Visiting new countries and cultures
v2qyfzb02k,c14a6db3-7da9-45de-8432-409f5dce336a,Reading and Literature,"Non-fiction (biographies, history, self-help, psychology)"
36iw7v4h91,4685f91f-2cf3-4204-aa37-53b49d682248,Travel and Exploration,Visiting new countries and cultures
0heuniu4zn,4685f91f-2cf3-4204-aa37-53b49d682248,Outdoor Activities,Wilderness survival skills
xznjtkmgye,7ccb45c1-0263-4057-856d-605ee6cc6bc9,Health and Wellness,Fitness obstacle course races
g8qzo3lmg6,7ccb45c1-0263-4057-856d-605ee6cc6bc9,Travel and Exploration,Urban exploration and historical tours
vrx7dzpf0f,7ccb45c1-0263-4057-856d-605ee6cc6bc9,Outdoor Activities,Wilderness survival skills
jfak38g6ww,b8f32d65-6eec-48b2-ab12-70dba39c32a4,Reading and Literature,"Fiction (novels, short stories, fantasy, science fiction)"
yhcmy174mt,b8f32d65-6eec-48b2-ab12-70dba39c32a4,Reading and Literature,Reading challenges and book clubs
r658n0s1bd,5842e994-9a95-4b66-94e1-02fac0214bfa,Reading and Literature,Reading challenges and book clubs
zxsjfujj4s,5842e994-9a95-4b66-94e1-02fac0214bfa,Reading and Literature,"Fiction (novels, short stories, fantasy, science fiction)"
n98zcx3f7a,a27f0096-a6ec-4db7-a0b6-231e95621a95,Health and Wellness,Yoga retreats wellness tourism
3xwxtgltw4,a27f0096-a6ec-4db7-a0b6-231e95621a95,Outdoor Activities,"Camping (tent camping, RV camping)"
6s7a0f9qpy,11cfd38d-41bb-4c28-ab9a-01de42032155,Travel and Exploration,Ecotourism and sustainable travel
ykrsi8rjg4,11cfd38d-41bb-4c28-ab9a-01de42032155,Outdoor Activities,Hiking and nature walks
qohrxtppnh,aedaa2df-395c-4d65-a622-d5ce3361a4a6,Travel and Exploration,Backpacking and adventure travel
mpv1j8auxy,004f1a5a-796e-4d24-92f5-663c0c7fb445,Travel and Exploration,Road trips and exploring scenic routes
bphgzuj6zi,004f1a5a-796e-4d24-92f5-663c0c7fb445,Travel and Exploration,Backpacking and adventure travel
cesf4yyzhv,9e728378-f32e-4e1b-a56e-c5104d8417f7,Travel and Exploration,Backpacking and adventure travel
8j13mo3mkk,ee3b4bad-11db-4c5a-9611-bfc2cb6cf173,Reading and Literature,Audio books and storytelling podcasts
v1b69xev6y,d0c3d899-de29-4074-bf7d-abb46da20767,Health and Wellness,Yoga retreats wellness tourism
3xjdbpukrt,d0c3d899-de29-4074-bf7d-abb46da20767,Travel and Exploration,Visiting new countries and cultures
i4303naarq,2b8725b7-b7fb-4723-9966-dc6e7c233ca6,Reading and Literature,Reading challenges and book clubs
h54qyjj02z,e1d3536e-2db5-42e1-922f-c6b4ad8484d6,Health and Wellness,Practicing mindfulness meditation
7p7837fjh8,e1d3536e-2db5-42e1-922f-c6b4ad8484d6,Travel and Exploration,Backpacking and adventure travel
67knvesuqp,e1d3536e-2db5-42e1-922f-c6b4ad8484d6,Travel and Exploration,Visiting new countries and cultures
qeq27bn8z1,c6a440d4-ce48-476e-9ab2-41a32aa8ddcc,Health & Wellness,Nutrition planning meal prepping
86lukv7ov4,c6a440d4-ce48-476e-9ab2-41a32aa8ddcc,Travel and Exploration,Cruise vacations and sailing adventures
nfyd11vjce,3b6fed1d-d565-4ac0-9e7e-aef281446bef,Travel and Exploration,Road trips and exploring scenic routes
uxa3ybgxj7,224f91b5-0f6a-49ca-b9c6-6314e96c5636,Travel and Exploration,Visiting new countries and cultures
7lrrwkvjca,224f91b5-0f6a-49ca-b9c6-6314e96c5636,Health and Wellness,Fitness obstacle course races
p5w69cm0yj,2ed86b15-7378-465e-ba18-ed252848712c,Travel and Exploration,Ecotourism and sustainable travel
sbxyylibhk,2ed86b15-7378-465e-ba18-ed252848712c,Outdoor Activities,Wilderness survival skills
zpmmcacibk,5dd9057c-180f-40d3-b8aa-fa1548c839fd,Health & Wellness,Nutrition planning meal prepping
esj6ikf985,5dd9057c-180f-40d3-b8aa-fa1548c839fd,Reading and Literature,Reading challenges and book clubs
8hroi64i1u,805c1ee8-d582-4aff-af64-35e837af444d,Health and Wellness,Fitness obstacle course races
zf0b1q2dxf,36d78e8a-1f35-4b90-8d88-36086c1d12f6,Reading and Literature,Literary analysis and book discussions
1dkppp8ff7,36d78e8a-1f35-4b90-8d88-36086c1d12f6,Travel and Exploration,Ecotourism and sustainable travel
3o1p9kszqn,36d78e8a-1f35-4b90-8d88-36086c1d12f6,Travel and Exploration,Cruise vacations and sailing adventures
399m3fi8oi,22a6670c-8b34-4ebb-9d08-02b2c7fc97e7,Travel and Exploration,Ecotourism and sustainable travel
wn880uyos0,22a6670c-8b34-4ebb-9d08-02b2c7fc97e7,Reading and Literature,Audio books and storytelling podcasts
ycsfc0m5g9,22a6670c-8b34-4ebb-9d08-02b2c7fc97e7,Reading and Literature,"Non-fiction (biographies, history, self-help, psychology)"
f4wjpy7uop,16f560ac-76bc-449e-9474-395fb322505c,Health & Wellness,Nutrition planning meal prepping
8h4fdxzty7,769606be-a02d-44f5-a557-6884d2fa1729,Reading and Literature,Audio books and storytelling podcasts
lm7adv3kdy,769606be-a02d-44f5-a557-6884d2fa1729,Health and Wellness,Fitness obstacle course races
ipamdysbr8,1e0a5d81-0624-426e-b9ff-77be3edd8dbf,Reading and Literature,Reading challenges and book clubs
5xqz7ly295,756e8866-cb0a-44a8-81bc-f9ed445d29f2,Outdoor Activities,Wilderness survival skills
j4o4kpt0pl,37f5df2c-d9d7-45e5-9161-baa79b30784f,Health & Wellness,Nutrition planning meal prepping
n4upgzrd95,498e29e4-8ff9-455e-9d07-cafab0c11403,Travel and Exploration,Road trips and exploring scenic routes
q5cvct8rue,498e29e4-8ff9-455e-9d07-cafab0c11403,Reading and Literature,Audio books and storytelling podcasts
fg0zpvozbo,67361d60-6e28-47b1-898f-8121f4a432dc,Outdoor Activities,Hiking and nature walks
i4obuhc7eh,a45aa294-65f2-4a46-95fe-7383c8eb35a0,Travel and Exploration,Urban exploration and historical tours
ltn2a7g42h,a45aa294-65f2-4a46-95fe-7383c8eb35a0,Reading and Literature,Audio books and storytelling podcasts
pfdoj0mz8j,d7f939be-8652-4c15-9838-cc4a9f665f94,Travel and Exploration,Urban exploration and historical tours
yti271zh0g,3b92171d-dae9-4b13-8567-c8439b929e43,Travel and Exploration,Road trips and exploring scenic routes
kxnaaesk8o,3b92171d-dae9-4b13-8567-c8439b929e43,Travel and Exploration,Urban exploration and historical tours
muasalkhvi,3b92171d-dae9-4b13-8567-c8439b929e43,Travel and Exploration,Visiting new countries and cultures
7iiw0qcbbt,5397bf90-6ce5-4dc3-afb6-22392306f017,Travel and Exploration,Backpacking and adventure travel
23qtg9tt93,3404f2db-9f6c-4919-b75a-2e033364000f,Reading and Literature,"Poetry and poetic forms (haiku, sonnets, free verse)"
v3oxolu87u,22aa7ff0-91cd-42aa-8a8f-66d4ed7544c6,Travel and Exploration,Ecotourism and sustainable travel
uyfj3jrx5p,22aa7ff0-91cd-42aa-8a8f-66d4ed7544c6,Reading and Literature,"Poetry and poetic forms (haiku, sonnets, free verse)"
3lh27awlyq,22aa7ff0-91cd-42aa-8a8f-66d4ed7544c6,Health and Wellness,Yoga retreats wellness tourism
m61viq554z,be63cf09-ced1-4ba3-8441-ad7f90b68307,Travel and Exploration,Cruise vacations and sailing adventures
yblbk61ti4,be63cf09-ced1-4ba3-8441-ad7f90b68307,Reading and Literature,"Non-fiction (biographies, history, self-help, psychology)"
kak6tk8xju,e9646556-1728-4b6b-aeb9-4174c9fea8c2,Travel and Exploration,Road trips and exploring scenic routes
vnq9ne36s6,e9646556-1728-4b6b-aeb9-4174c9fea8c2,Outdoor Activities,Hiking and nature walks
46u1nfjyat,bc4112a1-243e-4cd6-afa1-931a9c2c1325,Health and Wellness,Yoga retreats wellness tourism
9wbm9anjps,1f102326-daf2-47d2-9448-0d607db6a5c4,Health & Wellness,Nutrition planning meal prepping
g9wxn3mme8,1f102326-daf2-47d2-9448-0d607db6a5c4,Travel and Exploration,Urban exploration and historical tours
nugm9k1qoi,1f102326-daf2-47d2-9448-0d607db6a5c4,Reading and Literature,Reading challenges and book clubs
x2r1s17nzb,337f8e89-9e2f-4e33-913e-c7dfd29a83af,Reading and Literature,"Non-fiction (biographies, history, self-help, psychology)"
dr02rbio79,337f8e89-9e2f-4e33-913e-c7dfd29a83af,Health and Wellness,Fitness obstacle course races
ue5c5pwygy,b1699772-2c7f-43ad-a043-9f8582432dca,Reading and Literature,Audio books and storytelling podcasts
etmiejybat,a846c488-9a3f-4ca8-9cac-edde91bf1328,Travel and Exploration,Road trips and exploring scenic routes
zz5s3xqr7q,a846c488-9a3f-4ca8-9cac-edde91bf1328,Reading and Literature,"Poetry and poetic forms (haiku, sonnets, free verse)"
so50ydmkj6,a846c488-9a3f-4ca8-9cac-edde91bf1328,Travel and Exploration,Visiting new countries and cultures
cwqx8py6io,59a9c9c0-9076-46c5-ab43-ccd5c3c03cf9,Reading and Literature,Reading challenges and book clubs
onxq60cgll,59a9c9c0-9076-46c5-ab43-ccd5c3c03cf9,Reading and Literature,"Non-fiction (biographies, history, self-help, psychology)"
56m38do2n7,2728c27d-cbf1-44ca-bf92-b64c1d18f4fa,Reading and Literature,"Non-fiction (biographies, history, self-help, psychology)"
ckvsin1xbi,2728c27d-cbf1-44ca-bf92-b64c1d18f4fa,Health and Wellness,Holistic health practices (acupuncture herbalism)
c7gueghx9h,74a5b0af-0c1c-49b2-827c-33b0388858b1,Reading and Literature,"Fiction (novels, short stories, fantasy, science fiction)"
is7gzwoj58,74a5b0af-0c1c-49b2-827c-33b0388858b1,Reading and Literature,"Non-fiction (biographies, history, self-help, psychology)"
yu5pupl7by,74a5b0af-0c1c-49b2-827c-33b0388858b1,Travel and Exploration,Backpacking and adventure travel
bs0iv8axyl,2f9b8cac-07a4-418a-97be-02e2693884e3,Health and Wellness,Yoga retreats wellness tourism
ihqzghr22s,2f9b8cac-07a4-418a-97be-02e2693884e3,Travel and Exploration,Visiting new countries and cultures
agnwa7phvq,2f9b8cac-07a4-418a-97be-02e2693884e3,Health and Wellness,Fitness obstacle course races
nzy46nonxg,c9a355bc-4118-4d99-853b-7e277e0e41c9,Reading and Literature,Reading challenges and book clubs
own5q40hvc,c9a355bc-4118-4d99-853b-7e277e0e41c9,Reading and Literature,"Fiction (novels, short stories, fantasy, science fiction)"
2fhn4xv97r,c9a355bc-4118-4d99-853b-7e277e0e41c9,Health and Wellness,Fitness obstacle course races
d2sk6c9l1e,353e5824-7e1f-42b2-adb8-538d4009e662,Travel and Exploration,Backpacking and adventure travel
o7yhv84iyv,353e5824-7e1f-42b2-adb8-538d4009e662,Health and Wellness,Practicing mindfulness meditation
y56129fj66,353e5824-7e1f-42b2-adb8-538d4009e662,Reading and Literature,"Fiction (novels, short stories, fantasy, science fiction)"
ylmscfkreh,eefa7484-8e27-49e6-861f-d77777c080a8,Reading and Literature,Audio books and storytelling podcasts
nzrwhhbq9q,411c289f-c60e-4079-8fa3-d240c0ba6bdc,Travel and Exploration,Ecotourism and sustainable travel
1ajrvp7vwr,411c289f-c60e-4079-8fa3-d240c0ba6bdc,Reading and Literature,Reading challenges and book clubs
bfk7q4xh82,411c289f-c60e-4079-8fa3-d240c0ba6bdc,Outdoor Activities,Wilderness survival skills
uz3do0h1h3,6015006c-88b1-437c-aad8-984340ececa5,Reading and Literature,Reading challenges and book clubs
v8ghof7y11,6015006c-88b1-437c-aad8-984340ececa5,Reading and Literature,"Fiction (novels, short stories, fantasy, science fiction)"
9a8xb18t2e,6202aa3b-54a5-4396-977f-2189ebf144ca,Reading and Literature,"Poetry and poetic forms (haiku, sonnets, free verse)"
8ajb92zj9r,6202aa3b-54a5-4396-977f-2189ebf144ca,Reading and Literature,Reading challenges and book clubs
gitqbgho7s,ae73882a-92c0-46af-8dc9-7f2f8bdaa74f,Health & Wellness,Nutrition planning meal prepping
5eprkw4ky0,320c1e42-4019-4c19-ae12-fc8ddfa6d990,Reading and Literature,Literary analysis and book discussions
rgzwfl7b4s,320c1e42-4019-4c19-ae12-fc8ddfa6d990,Travel and Exploration,Ecotourism and sustainable travel
s52qwnpbx1,d0025785-6d05-404e-8828-a939ffefa714,Health and Wellness,Fitness obstacle course races
cb3tqu6znl,d0025785-6d05-404e-8828-a939ffefa714,Reading and Literature,Audio books and storytelling podcasts
4fpk2lcjak,55dc1fa8-011d-424f-bfab-60a968cc04a1,Reading and Literature,Audio books and storytelling podcasts
g993yy6i44,55dc1fa8-011d-424f-bfab-60a968cc04a1,Travel and Exploration,Urban exploration and historical tours
ynghz48aah,55dc1fa8-011d-424f-bfab-60a968cc04a1,Reading and Literature,"Non-fiction (biographies, history, self-help, psychology)"
rfwcg0q31x,ded02442-a6b2-4184-9e7d-e1629abca6e1,Travel and Exploration,Visiting new countries and cultures
1jvhfu43ti,ded02442-a6b2-4184-9e7d-e1629abca6e1,Health & Wellness,Nutrition planning meal prepping
rmgxxjsyaw,42ea2264-d459-4d8c-9633-e409e1962756,Travel and Exploration,Ecotourism and sustainable travel
635mgnog3f,764c8faf-fd21-438e-91e4-a991a5f166a7,Reading and Literature,Audio books and storytelling podcasts
qim8lygfpe,764c8faf-fd21-438e-91e4-a991a5f166a7,Outdoor Activities,"Camping (tent camping, RV camping)"
oh1j4e2jvg,764c8faf-fd21-438e-91e4-a991a5f166a7,Travel and Exploration,Road trips and exploring scenic routes
f8lhnf68rw,b1a15c27-84a0-488e-88f1-b9cc4ef2c1b2,Travel and Exploration,Urban exploration and historical tours
i26p51d1qr,b1a15c27-84a0-488e-88f1-b9cc4ef2c1b2,Health and Wellness,Holistic health practices (acupuncture herbalism)
dcww8xltl3,b1a15c27-84a0-488e-88f1-b9cc4ef2c1b2,Outdoor Activities,Hiking and nature walks
8raz9biiqx,cec3e791-da31-4a9e-9247-9ce26f557c38,Travel and Exploration,Visiting new countries and cultures
cegcp27a8p,f71e5cb6-333a-40d6-8fac-696000d93a44,Outdoor Activities,Hiking and nature walks
3lnlned6si,f71e5cb6-333a-40d6-8fac-696000d93a44,Health & Wellness,Nutrition planning meal prepping
o4blazuctm,f71e5cb6-333a-40d6-8fac-696000d93a44,Outdoor Activities,Wilderness survival skills
wv55mg8ma7,bf4763a1-bc6d-4a4f-9142-ebd70ca52418,Travel and Exploration,Backpacking and adventure travel
pezmpyb7tq,bf4763a1-bc6d-4a4f-9142-ebd70ca52418,Travel and Exploration,Visiting new countries and cultures
u8fe0cazgi,bf4763a1-bc6d-4a4f-9142-ebd70ca52418,Health & Wellness,Nutrition planning meal prepping
v7y3gxzag0,16dddcb0-41f0-4193-a628-301f758c7ed9,Travel and Exploration,Urban exploration and historical tours
1vz3b1trnq,f73b0132-b812-4a0a-b779-baaeee1fd2ef,Health and Wellness,Yoga retreats wellness tourism
au3xqje3wr,f73b0132-b812-4a0a-b779-baaeee1fd2ef,Outdoor Activities,Hiking and nature walks
v8l5zof5yq,f73b0132-b812-4a0a-b779-baaeee1fd2ef,Reading and Literature,"Non-fiction (biographies, history, self-help, psychology)"
aa6298xkm1,964fd378-9fd0-44a6-8be1-22fa8f0b6b26,Reading and Literature,Reading challenges and book clubs
h9nr2je7h1,158f5e29-356d-4d0c-87ab-3760e75c3617,Reading and Literature,"Non-fiction (biographies, history, self-help, psychology)"
82i20bub90,24f7799e-ce9d-4aab-936d-589543cdfb25,Health and Wellness,Yoga retreats wellness tourism
ecyudbf0w0,24f7799e-ce9d-4aab-936d-589543cdfb25,Reading and Literature,"Fiction (novels, short stories, fantasy, science fiction)"
y1x3m45i0b,44a4bb18-87cb-404b-8bf7-0838bd52d1a8,Travel and Exploration,Cruise vacations and sailing adventures
z0duza6svj,44a4bb18-87cb-404b-8bf7-0838bd52d1a8,Outdoor Activities,Hiking and nature walks
jb7o1mrgnp,bc5e9a14-ab4d-4fc7-9fd6-dabafd1e167a,Reading and Literature,"Poetry and poetic forms (haiku, sonnets, free verse)"
yyjc517hl2,bc5e9a14-ab4d-4fc7-9fd6-dabafd1e167a,Reading and Literature,Literary analysis and book discussions
g9qv1cwt2o,bc5e9a14-ab4d-4fc7-9fd6-dabafd1e167a,Reading and Literature,Reading challenges and book clubs
5v24mbpdqw,ef1f9aa9-7c1d-49e6-a231-654095cf0f89,Travel and Exploration,Backpacking and adventure travel
vflnq3azt0,ef1f9aa9-7c1d-49e6-a231-654095cf0f89,Health and Wellness,Practicing mindfulness meditation
uk0izuov4j,ef1f9aa9-7c1d-49e6-a231-654095cf0f89,Outdoor Activities,Hiking and nature walks
iped100mgf,d4762591-c36b-44cf-a8f6-de5f90a682b9,Outdoor Activities,"Camping (tent camping, RV camping)"
tyv3livm91,6b3cb82b-3642-4220-9405-99b316dbe115,Reading and Literature,"Poetry and poetic forms (haiku, sonnets, free verse)"
t67o23dz6v,6b3cb82b-3642-4220-9405-99b316dbe115,Travel and Exploration,Urban exploration and historical tours
w45uzpojw7,6b3cb82b-3642-4220-9405-99b316dbe115,Travel and Exploration,Road trips and exploring scenic routes
n13tdbl2yi,22a95572-8268-405c-ab4b-a9019a947a66,Outdoor Activities,Hiking and nature walks
2djzv7cfez,c7c73f51-10f9-4b5b-a045-d8e47a0912d8,Reading and Literature,"Non-fiction (biographies, history, self-help, psychology)"
dq6wzh2rje,82da3585-1817-4a13-a54d-fe4f471f2a49,Travel and Exploration,Ecotourism and sustainable travel
p8k78ge7fm,82da3585-1817-4a13-a54d-fe4f471f2a49,Health and Wellness,Holistic health practices (acupuncture herbalism)
vzu38yfo8f,82da3585-1817-4a13-a54d-fe4f471f2a49,Health & Wellness,Nutrition planning meal prepping
xd5j9b2xhd,e0292b72-2c00-419f-bfce-b6d0eef2f703,Travel and Exploration,Backpacking and adventure travel
p55xeg3bhe,2e3f035c-48a0-40e3-b02e-d93f1fbfd0b6,Health and Wellness,Yoga retreats wellness tourism
cqoyc0jq43,2e3f035c-48a0-40e3-b02e-d93f1fbfd0b6,Health and Wellness,Fitness obstacle course races
gy477ms19k,d7147c7f-cda8-429f-970f-a336fff6d4f0,Travel and Exploration,Visiting new countries and cultures
9iwcdavybk,d7147c7f-cda8-429f-970f-a336fff6d4f0,Health and Wellness,Holistic health practices (acupuncture herbalism)
di38fwn9ib,d7147c7f-cda8-429f-970f-a336fff6d4f0,Travel and Exploration,Ecotourism and sustainable travel
qiuc3e60lh,5a3a608c-ef16-4de8-9db5-ecbcd7378b82,Travel and Exploration,Road trips and exploring scenic routes
88v4oqdtg0,5a3a608c-ef16-4de8-9db5-ecbcd7378b82,Outdoor Activities,Wilderness survival skills
hgju2v2xlr,5c2c81d8-3691-4654-b9c8-9d25c1f73b7d,Reading and Literature,"Poetry and poetic forms (haiku, sonnets, free verse)"
h10n6zvu77,5c2c81d8-3691-4654-b9c8-9d25c1f73b7d,Reading and Literature,"Non-fiction (biographies, history, self-help, psychology)"
ofuy0rxo6x,5c2c81d8-3691-4654-b9c8-9d25c1f73b7d,Outdoor Activities,Hiking and nature walks
597hlrzmb8,63588d8c-9742-4587-8acf-a57b84686044,Health and Wellness,Holistic health practices (acupuncture herbalism)
nh248pzsyk,404bdacc-8b1c-4062-a8ba-4560deed497b,Reading and Literature,Audio books and storytelling podcasts
4kc3obhql3,404bdacc-8b1c-4062-a8ba-4560deed497b,Reading and Literature,Reading challenges and book clubs
odh22nzqbh,404bdacc-8b1c-4062-a8ba-4560deed497b,Outdoor Activities,"Camping (tent camping, RV camping)"
d8mz3lmt30,2b0a442a-b66d-462a-8665-6f26d5fef0d4,Reading and Literature,"Non-fiction (biographies, history, self-help, psychology)"
l24xbb2fin,2b0a442a-b66d-462a-8665-6f26d5fef0d4,Reading and Literature,Reading challenges and book clubs
axymtmrrul,6b020e8b-32f2-4b15-bb37-f7890ff19204,Travel and Exploration,Backpacking and adventure travel
ilkvm173pq,a17ef7bc-5a00-4c01-be28-613b90a5e81d,Health and Wellness,Holistic health practices (acupuncture herbalism)
8qxuw84t91,a17ef7bc-5a00-4c01-be28-613b90a5e81d,Reading and Literature,"Poetry and poetic forms (haiku, sonnets, free verse)"
248wxu9jx9,a17ef7bc-5a00-4c01-be28-613b90a5e81d,Reading and Literature,Audio books and storytelling podcasts
glpr05dg5k,865ca8bb-c29c-40ad-893d-3949ca517306,Travel and Exploration,Visiting new countries and cultures
5rmzexyw3l,865ca8bb-c29c-40ad-893d-3949ca517306,Reading and Literature,Literary analysis and book discussions
fxxowp91ku,865ca8bb-c29c-40ad-893d-3949ca517306,Outdoor Activities,Hiking and nature walks
3ofz7jxzz6,f4a7f28c-f1b0-4b43-87e2-8cf02360c838,Travel and Exploration,Urban exploration and historical tours
j9tnwa2ljm,f4a7f28c-f1b0-4b43-87e2-8cf02360c838,Travel and Exploration,Ecotourism and sustainable travel
lrfnw0v81y,f4a7f28c-f1b0-4b43-87e2-8cf02360c838,Travel and Exploration,Road trips and exploring scenic routes
nn9fmc5e45,01642303-43b9-4565-b1ea-cff93eb2b335,Health and Wellness,Practicing mindfulness meditation
gsr8oo0k6k,01642303-43b9-4565-b1ea-cff93eb2b335,Travel and Exploration,Backpacking and adventure travel
mymv3iz02r,5874128d-4ccf-4e36-9802-a74bad054aca,Health and Wellness,Practicing mindfulness meditation
d5xam5ohn6,5874128d-4ccf-4e36-9802-a74bad054aca,Travel and Exploration,Road trips and exploring scenic routes
qh6j00tn7x,721d044b-385b-4fd3-badb-14b4d016aaf9,Reading and Literature,Audio books and storytelling podcasts
zll8xkgiyl,721d044b-385b-4fd3-badb-14b4d016aaf9,Reading and Literature,Reading challenges and book clubs
thtux1yfdi,721d044b-385b-4fd3-badb-14b4d016aaf9,Outdoor Activities,"Camping (tent camping, RV camping)"
j1954yi75w,fcec3883-61a4-49b8-918d-4e82c9365d0f,Travel and Exploration,Backpacking and adventure travel
u5ml5n4osq,ca743936-b8a9-4592-a351-b1b7c6578ac6,Reading and Literature,"Non-fiction (biographies, history, self-help, psychology)"
43mfh8ojfw,7243bad5-051a-4173-8fca-9e2aaedf5302,Travel and Exploration,Urban exploration and historical tours
zfnrt7s5w4,7243bad5-051a-4173-8fca-9e2aaedf5302,Health & Wellness,Nutrition planning meal prepping
wvr9zwba8y,3a2b561d-c08c-4d43-b0d9-3f7b9b2512a8,Outdoor Activities,Hiking and nature walks
t0fzoffkdd,fcb8cac4-fce3-4226-b368-9cab03167b86,Health & Wellness,Nutrition planning meal prepping
9s5as5r7fd,fcb8cac4-fce3-4226-b368-9cab03167b86,Travel and Exploration,Visiting new countries and cultures
waqvj10enl,18817530-4407-4a92-bdcc-ede46d9ad1b7,Health and Wellness,Yoga retreats wellness tourism
rpj80uihq8,18817530-4407-4a92-bdcc-ede46d9ad1b7,Health & Wellness,Nutrition planning meal prepping
o2byoi7mft,18817530-4407-4a92-bdcc-ede46d9ad1b7,Reading and Literature,"Fiction (novels, short stories, fantasy, science fiction)"
4zdde3wyab,9cf9d538-54e2-41f4-9b24-eedd8a8e47a8,Outdoor Activities,Hiking and nature walks
7brabol3td,9cf9d538-54e2-41f4-9b24-eedd8a8e47a8,Reading and Literature,Reading challenges and book clubs
l7wmtjyh59,86d8d992-3849-46c2-86be-e7ad3bc5d228,Reading and Literature,"Poetry and poetic forms (haiku, sonnets, free verse)"
su1k7sywnk,86d8d992-3849-46c2-86be-e7ad3bc5d228,Travel and Exploration,Visiting new countries and cultures
u4y66ejf56,92a42e42-8ed9-4e46-9ef4-09f9d7059faa,Reading and Literature,Reading challenges and book clubs
ryxraln2c3,92a42e42-8ed9-4e46-9ef4-09f9d7059faa,Reading and Literature,"Poetry and poetic forms (haiku, sonnets, free verse)"
bjgzyn9kae,92a42e42-8ed9-4e46-9ef4-09f9d7059faa,Travel and Exploration,Urban exploration and historical tours
zhdt2ssu1c,b0c4ff7d-f7b3-40e0-8ced-779e378fd7f7,Travel and Exploration,Visiting new countries and cultures
5pyvh8onky,7f1069e1-c3a0-46ce-8ea3-ac4b212d4f7e,Travel and Exploration,Ecotourism and sustainable travel
l1u9lqjosy,7f1069e1-c3a0-46ce-8ea3-ac4b212d4f7e,Health & Wellness,Nutrition planning meal prepping
ac5gbw8jnq,5b549eb1-c718-48f5-9473-47108496af4c,Health & Wellness,Nutrition planning meal prepping
kjw41kortc,5b549eb1-c718-48f5-9473-47108496af4c,Travel and Exploration,Backpacking and adventure travel
b4le9caaap,e256ce94-293a-497b-8e0b-a702a89e44d0,Travel and Exploration,Visiting new countries and cultures
d79i0nah22,e256ce94-293a-497b-8e0b-a702a89e44d0,Outdoor Activities,Wilderness survival skills
2smb5q7u7b,e256ce94-293a-497b-8e0b-a702a89e44d0,Reading and Literature,"Poetry and poetic forms (haiku, sonnets, free verse)"
zxgkg66b6f,f32895e1-360d-4ab9-b2bb-92d39b7a42d4,Travel and Exploration,Cruise vacations and sailing adventures
5xcl1sass9,e8693f7e-c9f3-47eb-918b-cb7bdb711aec,Health and Wellness,Practicing mindfulness meditation
0sa7rlzyfv,e8693f7e-c9f3-47eb-918b-cb7bdb711aec,Health and Wellness,Fitness obstacle course races
4mxs757ljh,455148b5-f388-484c-9b96-4319bd188557,Reading and Literature,"Non-fiction (biographies, history, self-help, psychology)"
zxdfnxe5a9,455148b5-f388-484c-9b96-4319bd188557,Travel and Exploration,Ecotourism and sustainable travel
e9aqqvj9w7,455148b5-f388-484c-9b96-4319bd188557,Outdoor Activities,"Camping (tent camping, RV camping)"
uet51q9ywa,0526a2c4-523c-4576-82d6-8390bb4195b0,Health and Wellness,Holistic health practices (acupuncture herbalism)
cit7el3xfk,0526a2c4-523c-4576-82d6-8390bb4195b0,Outdoor Activities,"Camping (tent camping, RV camping)"
b8p3ynro3a,22ae8943-4349-430d-9787-ca7ce2f117d5,Outdoor Activities,Hiking and nature walks
fox4kpq7f7,22ae8943-4349-430d-9787-ca7ce2f117d5,Reading and Literature,Literary analysis and book discussions
v4gkfxpjli,22ae8943-4349-430d-9787-ca7ce2f117d5,Health and Wellness,Practicing mindfulness meditation
ayhx4untol,8c3e0e24-4116-4ce4-8ddc-6152baa5db40,Reading and Literature,Audio books and storytelling podcasts
aw4si5kwp0,0be5c044-3228-4950-aeeb-275ac2ccba31,Travel and Exploration,Cruise vacations and sailing adventures
e0tbsut1w8,9fb589c8-d65f-488e-b33e-428e969b6cd6,Outdoor Activities,Hiking and nature walks
2qp6vv9v70,dd06265c-0590-421f-b9cc-df433538adce,Health & Wellness,Nutrition planning meal prepping
sjxxz6y94k,ea091fac-75ca-478d-8cdf-abf2ac79854b,Travel and Exploration,Visiting new countries and cultures
ynigq35vq7,ea091fac-75ca-478d-8cdf-abf2ac79854b,Outdoor Activities,Hiking and nature walks
cwc7afjdai,0cd47a3a-4503-45bb-802c-b111b43cb890,Reading and Literature,Audio books and storytelling podcasts
ow6ljxm9gh,0cd47a3a-4503-45bb-802c-b111b43cb890,Travel and Exploration,Road trips and exploring scenic routes
mkg9bmcu8o,d0398941-5a3e-490c-b3ed-91764f41a3c9,Reading and Literature,"Non-fiction (biographies, history, self-help, psychology)"
husmmu8r8c,3ca4d255-f562-48fc-8829-62ea867c07d1,Health and Wellness,Holistic health practices (acupuncture herbalism)
bb3cybf453,fd103237-eee6-47e2-af79-0220cfbf6c4b,Outdoor Activities,Wilderness survival skills
yokfvkwbdi,6faa814a-e5c5-4a3d-9e93-91b3fa954586,Reading and Literature,Audio books and storytelling podcasts
4olou176fw,6faa814a-e5c5-4a3d-9e93-91b3fa954586,Travel and Exploration,Ecotourism and sustainable travel
k4zwjgptp3,607037de-aa34-4b72-91a0-ebee3256f2f8,Reading and Literature,Audio books and storytelling podcasts
2dqh98afq8,4bfe2974-69e8-4c1a-a4f4-6c66839a1428,Outdoor Activities,"Camping (tent camping, RV camping)"
0oifmysz5d,8de4d78c-0be0-4f3d-992b-cb843c0791a3,Outdoor Activities,Wilderness survival skills
ht0rt4r7iw,f6665e77-194c-49aa-8f75-35ba4a94b23b,Health and Wellness,Holistic health practices (acupuncture herbalism)
p4r0756lfw,f6665e77-194c-49aa-8f75-35ba4a94b23b,Reading and Literature,"Non-fiction (biographies, history, self-help, psychology)"
74vzf1pcma,f6665e77-194c-49aa-8f75-35ba4a94b23b,Travel and Exploration,Urban exploration and historical tours
iy8zkdlkqn,663da3b5-652e-4b32-9925-473893e33a9f,Outdoor Activities,"Camping (tent camping, RV camping)"
ygvtv6b985,8314ba31-8490-4871-89d9-c19273850f2d,Health and Wellness,Fitness obstacle course races
4w05t99jkp,8314ba31-8490-4871-89d9-c19273850f2d,Health & Wellness,Nutrition planning meal prepping
8gxu3vvyf2,8314ba31-8490-4871-89d9-c19273850f2d,Travel and Exploration,Ecotourism and sustainable travel
fp23a48fdu,08e6e9a2-5438-456c-881c-a42c597d8a40,Reading and Literature,Literary analysis and book discussions
3td3yf4fx8,08e6e9a2-5438-456c-881c-a42c597d8a40,Reading and Literature,Reading challenges and book clubs
aqq4n7x1fb,08e6e9a2-5438-456c-881c-a42c597d8a40,Outdoor Activities,Hiking and nature walks
g80yz4klen,a58bd549-cf1b-44b5-afc1-81d961be3177,Travel and Exploration,Ecotourism and sustainable travel
cklscbfe3m,a4377ce2-d3f7-4f95-85a0-ba47640ce0e6,Travel and Exploration,Visiting new countries and cultures
e4np3k4ovh,a4377ce2-d3f7-4f95-85a0-ba47640ce0e6,Travel and Exploration,Urban exploration and historical tours
hfeo7lfhk2,a4377ce2-d3f7-4f95-85a0-ba47640ce0e6,Travel and Exploration,Backpacking and adventure travel
azi2tp7ik9,aba0e7a7-5ef4-41c5-8c8e-e52f055cfc7b,Travel and Exploration,Cruise vacations and sailing adventures
3k3rx7mp37,bcdbe566-8534-400b-ae75-e56f008b1db4,Health and Wellness,Holistic health practices (acupuncture herbalism)
cgz8izjfjd,bcdbe566-8534-400b-ae75-e56f008b1db4,Reading and Literature,"Non-fiction (biographies, history, self-help, psychology)"
zf1kjd4iwj,3b4b90a9-6c32-4336-a943-131527569ef5,Travel and Exploration,Visiting new countries and cultures
14f5edav2j,3b4b90a9-6c32-4336-a943-131527569ef5,Reading and Literature,Literary analysis and book discussions
bwh2b4uxs6,8951923d-1bb7-4de5-b797-9c2e69934e4d,Reading and Literature,"Poetry and poetic forms (haiku, sonnets, free verse)"
gksi8rhphv,8951923d-1bb7-4de5-b797-9c2e69934e4d,Travel and Exploration,Backpacking and adventure travel
oce4sr766b,3e9c455c-f1f9-4bbe-81f9-52e9d0b5112b,Travel and Exploration,Road trips and exploring scenic routes
vgmwm7trsf,3e9c455c-f1f9-4bbe-81f9-52e9d0b5112b,Travel and Exploration,Urban exploration and historical tours
jc1i0w1ytu,a01529a2-8a11-4e3d-9a28-f3d6a5708d5a,Reading and Literature,"Non-fiction (biographies, history, self-help, psychology)"
zhk2qy91jp,a01529a2-8a11-4e3d-9a28-f3d6a5708d5a,Outdoor Activities,Hiking and nature walks
fmp03oph8h,a01529a2-8a11-4e3d-9a28-f3d6a5708d5a,Travel and Exploration,Cruise vacations and sailing adventures
we6g8x7cnp,ecdeac58-8c82-4bfd-9d68-758ee79b8ad1,Reading and Literature,Literary analysis and book discussions
1thheog4id,fe61ad2d-1e45-4257-b8a2-82f3c064fd4f,Reading and Literature,"Fiction (novels, short stories, fantasy, science fiction)"
aoou4eod54,becaf540-6bd5-4392-8976-57e1ccc2a0d3,Health and Wellness,Fitness obstacle course races
g9yawfu9g3,eddf214e-60bb-475a-aaaf-f3e75d517f0a,Travel and Exploration,Urban exploration and historical tours
99t6d63x8i,eddf214e-60bb-475a-aaaf-f3e75d517f0a,Outdoor Activities,"Camping (tent camping, RV camping)"
zh1im85un2,bc4b2336-885d-435a-8ab1-3898b1645273,Outdoor Activities,Wilderness survival skills
kt4bsx6dh9,bc4b2336-885d-435a-8ab1-3898b1645273,Outdoor Activities,"Camping (tent camping, RV camping)"
ro1ar62yqm,27726b95-5ffb-4ab5-a82a-858ff1bab914,Reading and Literature,Reading challenges and book clubs
3r6ig8l0si,79f53e17-ca5a-4213-baaa-4ec70100faa0,Health and Wellness,Practicing mindfulness meditation
tcl7nzni12,79f53e17-ca5a-4213-baaa-4ec70100faa0,Outdoor Activities,Hiking and nature walks
256i4qk0lv,31e370c8-575a-4472-8ae9-acdd5448da16,Reading and Literature,Literary analysis and book discussions
dvnhbtpx8s,ab662f00-8190-4fb0-9f79-e1d6f5fe7afe,Health and Wellness,Practicing mindfulness meditation
jc1w6f3bld,d3c6532f-c6a0-4e10-b8e6-f6f5979ae7de,Reading and Literature,Reading challenges and book clubs
ovq8hd5yph,2714ce02-d9ad-4c76-b327-9b86362984f1,Outdoor Activities,Hiking and nature walks
0wv9qwp01b,1c3f17f6-ac30-469f-9367-c99c428bf6d7,Outdoor Activities,Wilderness survival skills
5an8au6gb3,ec8989d6-3321-4872-b430-86054b1d6ff2,Reading and Literature,"Fiction (novels, short stories, fantasy, science fiction)"
nw7boyot3s,58bae4d9-f397-4afd-98ce-42a47d4c586a,Reading and Literature,Reading challenges and book clubs
3wgcgt89kf,f76fa3bf-3f66-43e9-a10a-b3b3e3f609ab,Outdoor Activities,Hiking and nature walks
wxo2iaj4dw,f76fa3bf-3f66-43e9-a10a-b3b3e3f609ab,Travel and Exploration,Road trips and exploring scenic routes
otqguyc2gk,b1205bef-b607-4b01-9a02-06bacdba875b,Health & Wellness,Nutrition planning meal prepping
lkacgy9ahh,e3ca4e21-7acc-4620-9158-a6a8699bdb72,Health and Wellness,Holistic health practices (acupuncture herbalism)
lk4b2xfllw,1268b2c3-f530-4844-b209-135d64acc9a9,Health and Wellness,Holistic health practices (acupuncture herbalism)
kfvyhq4hdh,1268b2c3-f530-4844-b209-135d64acc9a9,Travel and Exploration,Cruise vacations and sailing adventures
pygi08u8ee,c843431a-f06e-4c15-8949-44873930894f,Reading and Literature,Audio books and storytelling podcasts
clayo0noa8,c843431a-f06e-4c15-8949-44873930894f,Health and Wellness,Holistic health practices (acupuncture herbalism)
7gcnsxwx69,f912bf08-f713-48d8-8baf-db0b838c1a4a,Outdoor Activities,Hiking and nature walks
j4dx5ptn7e,f912bf08-f713-48d8-8baf-db0b838c1a4a,Travel and Exploration,Urban exploration and historical tours
re6jxpa31h,747f3cfe-add0-4b87-ad78-2a5b57264694,Reading and Literature,"Poetry and poetic forms (haiku, sonnets, free verse)"
mdvo8az2fk,771dc2ea-86d9-4c6a-852f-f6757880da11,Travel and Exploration,Ecotourism and sustainable travel
o6er5ee6w5,771dc2ea-86d9-4c6a-852f-f6757880da11,Travel and Exploration,Backpacking and adventure travel
2rke72lwpt,771dc2ea-86d9-4c6a-852f-f6757880da11,Reading and Literature,"Fiction (novels, short stories, fantasy, science fiction)"
efiloeo99e,69bb3e09-4f84-44a3-94f0-4c64ebd8e70f,Reading and Literature,Literary analysis and book discussions
0pdaenq0nw,69bb3e09-4f84-44a3-94f0-4c64ebd8e70f,Health and Wellness,Holistic health practices (acupuncture herbalism)
o8nqf9qxc4,69bb3e09-4f84-44a3-94f0-4c64ebd8e70f,Reading and Literature,"Fiction (novels, short stories, fantasy, science fiction)"
79wv7yqjqx,4666405a-fe75-4c62-9a20-b17f3718b7a5,Reading and Literature,"Poetry and poetic forms (haiku, sonnets, free verse)"
fm6krcrok2,4666405a-fe75-4c62-9a20-b17f3718b7a5,Health and Wellness,Holistic health practices (acupuncture herbalism)
jjoulppbs3,4445dd3e-ced6-4cd1-847c-0e0e75ac3258,Outdoor Activities,"Camping (tent camping, RV camping)"
hor898nccn,4445dd3e-ced6-4cd1-847c-0e0e75ac3258,Health and Wellness,Yoga retreats wellness tourism
rmtxrxz6uz,4445dd3e-ced6-4cd1-847c-0e0e75ac3258,Health and Wellness,Holistic health practices (acupuncture herbalism)
j0q7gysdul,9fdf23e8-f053-4b67-a8e2-808673733e4d,Outdoor Activities,Wilderness survival skills
nqe3yfi9ch,9fdf23e8-f053-4b67-a8e2-808673733e4d,Reading and Literature,Reading challenges and book clubs
ndvxed7z0n,af025a99-ec4c-489a-99c5-723840442c3f,Health & Wellness,Nutrition planning meal prepping
y61xg0tnaw,ad2a4bef-c845-4ab3-b7ef-6409ab288513,Reading and Literature,"Poetry and poetic forms (haiku, sonnets, free verse)"
22qld47eek,ad2a4bef-c845-4ab3-b7ef-6409ab288513,Health and Wellness,Fitness obstacle course races
cclvp4asob,ad2a4bef-c845-4ab3-b7ef-6409ab288513,Outdoor Activities,Wilderness survival skills
34v7skx4wr,9663dbe4-4d93-4258-b8ea-4dbb6128053e,Travel and Exploration,Ecotourism and sustainable travel
q4hyd7cjti,ba66b7a2-8cda-4495-a021-6ebb5f4b9703,Travel and Exploration,Cruise vacations and sailing adventures
uzzqn9cp81,ba66b7a2-8cda-4495-a021-6ebb5f4b9703,Outdoor Activities,Hiking and nature walks
gk77tt2gf5,ba66b7a2-8cda-4495-a021-6ebb5f4b9703,Health and Wellness,Fitness obstacle course races
29eg8pqtd8,23f1dcc0-84bc-4d72-b5aa-ae44b79ae9c8,Health and Wellness,Practicing mindfulness meditation
vl2ftzcp6k,ce913d74-b744-413c-8832-facbab62256c,Reading and Literature,"Fiction (novels, short stories, fantasy, science fiction)"
o67dst9t5v,ce913d74-b744-413c-8832-facbab62256c,Reading and Literature,"Poetry and poetic forms (haiku, sonnets, free verse)"
g0xf4wavoq,ce913d74-b744-413c-8832-facbab62256c,Reading and Literature,Literary analysis and book discussions
ww4sg4o64k,87007af7-2a80-4969-9104-451cd543e2b1,Travel and Exploration,Urban exploration and historical tours
kzy32g54o8,49c7bd36-dea6-49ce-a1d4-97c7370de174,Health and Wellness,Holistic health practices (acupuncture herbalism)
fanedncvm2,75ae0f86-3fa2-4ff6-a144-327ec3029b59,Outdoor Activities,Hiking and nature walks
anjy0ggb6f,75ae0f86-3fa2-4ff6-a144-327ec3029b59,Travel and Exploration,Ecotourism and sustainable travel
09wrsh1ibv,75ae0f86-3fa2-4ff6-a144-327ec3029b59,Reading and Literature,"Fiction (novels, short stories, fantasy, science fiction)"
v50o7m8d64,bd0b9362-ca1c-4565-af1c-b574adb9b006,Reading and Literature,"Non-fiction (biographies, history, self-help, psychology)"
yzmdz0u9a3,d2857165-2178-473a-afec-46aa350be24d,Reading and Literature,"Poetry and poetic forms (haiku, sonnets, free verse)"
7ah0clgm0c,ccae97b6-bc2c-455e-9236-f902353fbf5b,Reading and Literature,Literary analysis and book discussions
jnv0jlassn,83c1369f-4cc0-4d6b-9ec5-85520c4b2229,Reading and Literature,Reading challenges and book clubs
43ilpde5go,83c1369f-4cc0-4d6b-9ec5-85520c4b2229,Travel and Exploration,Urban exploration and historical tours
u9k193vpcw,83c1369f-4cc0-4d6b-9ec5-85520c4b2229,Health and Wellness,Holistic health practices (acupuncture herbalism)
up3sp5jzqc,9f6f6be5-f551-4684-91be-734298b74cf1,Outdoor Activities,Hiking and nature walks
rctxih4o50,9f6f6be5-f551-4684-91be-734298b74cf1,Health and Wellness,Practicing mindfulness meditation
89qz8zphs9,9f6f6be5-f551-4684-91be-734298b74cf1,Health & Wellness,Nutrition planning meal prepping
h0u0r6aw4m,660bdff8-438a-4dbb-9767-1d99f1d165d5,Health and Wellness,Yoga retreats wellness tourism
95xojxbc4d,72498ce6-c681-411c-b246-af1b88dc448e,Reading and Literature,Audio books and storytelling podcasts
tz1wsl61le,d86df308-a096-4330-8203-a01b097f880f,Outdoor Activities,"Camping (tent camping, RV camping)"
2ofyaory4h,d86df308-a096-4330-8203-a01b097f880f,Reading and Literature,"Poetry and poetic forms (haiku, sonnets, free verse)"
8207ozamey,d86df308-a096-4330-8203-a01b097f880f,Travel and Exploration,Road trips and exploring scenic routes
593gtdg1xg,9ce67277-b21d-46db-851e-9b510b9e30e0,Health and Wellness,Holistic health practices (acupuncture herbalism)
ojg8jekpxz,9ce67277-b21d-46db-851e-9b510b9e30e0,Outdoor Activities,Hiking and nature walks
yzswngcyih,9ce67277-b21d-46db-851e-9b510b9e30e0,Outdoor Activities,"Camping (tent camping, RV camping)"
drazscmdte,6248b1f5-8416-4f6d-bf30-f6290115b1f6,Travel and Exploration,Visiting new countries and cultures
nan0ech52o,4ae0b32a-ee33-4e37-af5a-01f82dae9907,Travel and Exploration,Cruise vacations and sailing adventures
0obj7dhvbj,fea77886-b50b-438e-b24a-8be62172d203,Reading and Literature,Audio books and storytelling podcasts
hxe0zxcn6y,c94fe392-f599-4472-bd86-a03198364465,Travel and Exploration,Backpacking and adventure travel
itswersgac,c94fe392-f599-4472-bd86-a03198364465,Outdoor Activities,Wilderness survival skills
pga3inhun5,b791cc0a-b106-4871-8057-50b6be15840d,Travel and Exploration,Backpacking and adventure travel
s8vu5ki7xh,b791cc0a-b106-4871-8057-50b6be15840d,Health and Wellness,Fitness obstacle course races
x4hplvunxb,b791cc0a-b106-4871-8057-50b6be15840d,Reading and Literature,Reading challenges and book clubs
c3kkloatji,8046811b-9f14-4968-8045-96cd82cf7138,Travel and Exploration,Visiting new countries and cultures
cgdd3eu0vc,8046811b-9f14-4968-8045-96cd82cf7138,Health & Wellness,Nutrition planning meal prepping
x160sjmimi,3c1bae20-c604-4fb5-a2a6-61dc48493676,Health and Wellness,Holistic health practices (acupuncture herbalism)
1wrl0yu166,3c1bae20-c604-4fb5-a2a6-61dc48493676,Travel and Exploration,Backpacking and adventure travel
yi5oucvv5w,3c1bae20-c604-4fb5-a2a6-61dc48493676,Outdoor Activities,Wilderness survival skills
50xn3ecu4w,aa367e60-17de-4ac3-82d0-743333d449fd,Reading and Literature,Reading challenges and book clubs
hjcymrisjf,aa367e60-17de-4ac3-82d0-743333d449fd,Health & Wellness,Nutrition planning meal prepping
xp2qjbi2k4,aa367e60-17de-4ac3-82d0-743333d449fd,Reading and Literature,Audio books and storytelling podcasts
r9ftzbk1mb,232eef46-7ac8-47bb-b24f-3e80b561c336,Reading and Literature,"Fiction (novels, short stories, fantasy, science fiction)"
r6o2lsvczv,232eef46-7ac8-47bb-b24f-3e80b561c336,Reading and Literature,Literary analysis and book discussions
q6hzel0c77,232eef46-7ac8-47bb-b24f-3e80b561c336,Travel and Exploration,Backpacking and adventure travel
qt5mvzyoko,ebd3291d-cb94-4bb2-b07e-4869ece2440c,Health and Wellness,Fitness obstacle course races
9ier5yt6ut,ebd3291d-cb94-4bb2-b07e-4869ece2440c,Travel and Exploration,Urban exploration and historical tours
bo3pm6alyt,ebd3291d-cb94-4bb2-b07e-4869ece2440c,Health and Wellness,Yoga retreats wellness tourism
mrntsxjpg6,2d66b2aa-f2a6-4a00-b55d-bced6e91663a,Outdoor Activities,Hiking and nature walks
r4c5ygljl7,2d66b2aa-f2a6-4a00-b55d-bced6e91663a,Travel and Exploration,Visiting new countries and cultures
0ozz36l5ak,2d66b2aa-f2a6-4a00-b55d-bced6e91663a,Outdoor Activities,"Camping (tent camping, RV camping)"
2btmuams7t,8e4da1bc-5b6d-4e27-b867-6405bafa1a6a,Health and Wellness,Yoga retreats wellness tourism
www0zybzmd,8e4da1bc-5b6d-4e27-b867-6405bafa1a6a,Outdoor Activities,Hiking and nature walks
9ytovawmzr,8e4da1bc-5b6d-4e27-b867-6405bafa1a6a,Travel and Exploration,Backpacking and adventure travel
4h2wvumjx6,1d60474e-ea69-4f3c-8f1f-5fa7003e4d40,Health & Wellness,Nutrition planning meal prepping
h0k2a354w8,1d60474e-ea69-4f3c-8f1f-5fa7003e4d40,Reading and Literature,Literary analysis and book discussions
px3kls2vmy,1d60474e-ea69-4f3c-8f1f-5fa7003e4d40,Reading and Literature,Reading challenges and book clubs
y1b50rxj6i,435885f2-7f9f-4fbf-9f26-ab445c0f9147,Outdoor Activities,"Camping (tent camping, RV camping)"
bjqfsjjc64,435885f2-7f9f-4fbf-9f26-ab445c0f9147,Travel and Exploration,Urban exploration and historical tours
izlzuy1cui,ede7e57a-a435-4906-8881-4003c2270200,Reading and Literature,"Non-fiction (biographies, history, self-help, psychology)"
ey1v38866x,e7cca297-3b7c-4d9e-a27b-331c7d58a6b8,Travel and Exploration,Cruise vacations and sailing adventures
5zoxa6o2aa,194bf1aa-82ae-46a8-8684-da06899f2ad1,Travel and Exploration,Backpacking and adventure travel
b8699xeo78,194bf1aa-82ae-46a8-8684-da06899f2ad1,Health & Wellness,Nutrition planning meal prepping
ymf1e5efd5,b19577d2-7560-466d-90ce-62e6277013e8,Reading and Literature,"Fiction (novels, short stories, fantasy, science fiction)"
wy0q0w6omp,b19577d2-7560-466d-90ce-62e6277013e8,Outdoor Activities,Hiking and nature walks
3k7r3uogp5,c8bbdbe3-2ec4-4022-84d3-5ce987ea5daf,Reading and Literature,"Poetry and poetic forms (haiku, sonnets, free verse)"
7dhw95l0tp,c8bbdbe3-2ec4-4022-84d3-5ce987ea5daf,Reading and Literature,Audio books and storytelling podcasts
rp3aew8m68,069081fa-e46f-47b7-aa16-619ad3671862,Reading and Literature,"Poetry and poetic forms (haiku, sonnets, free verse)"
76gxbwqb7g,069081fa-e46f-47b7-aa16-619ad3671862,Health and Wellness,Practicing mindfulness meditation
fhbt68xgbp,4d25ae34-3926-4ef4-92ea-ff3ff06b26f5,Health & Wellness,Nutrition planning meal prepping
p1iaa8um1d,4d25ae34-3926-4ef4-92ea-ff3ff06b26f5,Health and Wellness,Yoga retreats wellness tourism
y856sqcwzc,4d25ae34-3926-4ef4-92ea-ff3ff06b26f5,Health and Wellness,Holistic health practices (acupuncture herbalism)
07szo372dn,fa10f759-b498-4b2a-80e6-52b1e2dee109,Outdoor Activities,Wilderness survival skills
i7mn5tkawg,eca83ec7-cad3-47c9-82a9-01dca8cc6cfe,Reading and Literature,Reading challenges and book clubs
tg212fmlaz,eca83ec7-cad3-47c9-82a9-01dca8cc6cfe,Health & Wellness,Nutrition planning meal prepping
y599syfoxf,eca83ec7-cad3-47c9-82a9-01dca8cc6cfe,Health and Wellness,Fitness obstacle course races
k748vgi07c,e7e7e064-a702-40e2-8ac2-a82ce555d1a3,Travel and Exploration,Visiting new countries and cultures
mvkr35qzuj,2dbdf825-9ea4-450d-957c-1d119b2e05c7,Travel and Exploration,Road trips and exploring scenic routes
kd8t1zlmvy,3e9abcf9-9065-447f-b151-415b34599e5d,Outdoor Activities,Hiking and nature walks
3hqanpf7y0,3e9abcf9-9065-447f-b151-415b34599e5d,Travel and Exploration,Backpacking and adventure travel
6uzkxvhd1e,971d9d2d-11ec-458c-ae0f-70dea961b5f6,Reading and Literature,"Non-fiction (biographies, history, self-help, psychology)"
8z6dufof9e,971d9d2d-11ec-458c-ae0f-70dea961b5f6,Health and Wellness,Fitness obstacle course races
ew1bcdvco1,971d9d2d-11ec-458c-ae0f-70dea961b5f6,Travel and Exploration,Urban exploration and historical tours
3dtvchu87p,9065c54b-e305-413b-add6-31a4e78292e4,Travel and Exploration,Road trips and exploring scenic routes
nnkg6zd0f8,9065c54b-e305-413b-add6-31a4e78292e4,Health and Wellness,Fitness obstacle course races
cgp4y8528i,d1ba4a3d-3f4d-4cc1-84cb-c1a152a0cbaa,Health and Wellness,Practicing mindfulness meditation
k49whl7kz5,d1ba4a3d-3f4d-4cc1-84cb-c1a152a0cbaa,Health and Wellness,Yoga retreats wellness tourism
u8lzaf2gwc,d1ba4a3d-3f4d-4cc1-84cb-c1a152a0cbaa,Reading and Literature,"Poetry and poetic forms (haiku, sonnets, free verse)"
tggz2qgmze,9df5dd63-3be7-4712-a8f4-5e8fa62c06e5,Outdoor Activities,Hiking and nature walks
708qg8peti,95539da5-1742-49fd-add5-09072ff90dfc,Travel and Exploration,Ecotourism and sustainable travel
610kyz1kd9,95539da5-1742-49fd-add5-09072ff90dfc,Reading and Literature,Reading challenges and book clubs
4wz88ixmnj,90bf88f2-60fe-4741-96f2-8cd728291276,Outdoor Activities,Wilderness survival skills
d5v3vb5mba,90bf88f2-60fe-4741-96f2-8cd728291276,Health and Wellness,Yoga retreats wellness tourism
0zfi683fir,cdaad357-34df-4a9d-8cc0-e166d2654a7a,Reading and Literature,Audio books and storytelling podcasts
mj6kc47n76,0f2f6fd3-e4c0-4fab-baf3-2ea6f019c464,Travel and Exploration,Road trips and exploring scenic routes
hqbth3he5k,a1529a87-ba1f-4dd1-b2e9-68bf2e0f2c2c,Travel and Exploration,Cruise vacations and sailing adventures
kgoo5v7wpd,fea8b1b5-5a8e-49ba-a575-7f25e75961d3,Outdoor Activities,"Camping (tent camping, RV camping)"
lkabdpg17q,fea8b1b5-5a8e-49ba-a575-7f25e75961d3,Health & Wellness,Nutrition planning meal prepping
ggumj9vnxg,406e2628-55da-41c9-bdd8-e64c31ff7614,Travel and Exploration,Urban exploration and historical tours
r4dlaq04oe,406e2628-55da-41c9-bdd8-e64c31ff7614,Reading and Literature,Literary analysis and book discussions
f089rc7n4i,406e2628-55da-41c9-bdd8-e64c31ff7614,Travel and Exploration,Backpacking and adventure travel
gs91tgvdga,3fef7542-24d6-4800-bbf0-653fbe0ea5e2,Travel and Exploration,Urban exploration and historical tours
ubxjjog6tp,3fef7542-24d6-4800-bbf0-653fbe0ea5e2,Outdoor Activities,Hiking and nature walks
26s9mh41lu,0a1b2bd4-a0b5-4294-a5b3-1f525f325114,Travel and Exploration,Backpacking and adventure travel
c1ju3829om,0a1b2bd4-a0b5-4294-a5b3-1f525f325114,Reading and Literature,Reading challenges and book clubs
3g57g56mvo,0a1b2bd4-a0b5-4294-a5b3-1f525f325114,Reading and Literature,"Fiction (novels, short stories, fantasy, science fiction)"
fa09uvf950,7327de32-1fb3-477b-867b-85df579bdb79,Travel and Exploration,Ecotourism and sustainable travel
z3jh9lwgdn,7327de32-1fb3-477b-867b-85df579bdb79,Reading and Literature,"Fiction (novels, short stories, fantasy, science fiction)"
aqrkhavjsz,81853109-44b3-46e7-915b-933e9b7f39ea,Reading and Literature,"Poetry and poetic forms (haiku, sonnets, free verse)"
oagtler4iq,81853109-44b3-46e7-915b-933e9b7f39ea,Reading and Literature,Literary analysis and book discussions
v9slueu4n7,2f9a05fd-802d-4838-be40-039bcce449d6,Health and Wellness,Yoga retreats wellness tourism
h6bv4m617c,826b176c-4bff-4cea-a78a-eeceb8347257,Reading and Literature,Audio books and storytelling podcasts
f8unp0qxae,826b176c-4bff-4cea-a78a-eeceb8347257,Health and Wellness,Practicing mindfulness meditation
f47y8f1ad8,826b176c-4bff-4cea-a78a-eeceb8347257,Travel and Exploration,Road trips and exploring scenic routes
4224ysgt9k,d90c395f-27df-481b-a4de-70276ea54d99,Outdoor Activities,"Camping (tent camping, RV camping)"
q62478nwcm,d90c395f-27df-481b-a4de-70276ea54d99,Reading and Literature,"Non-fiction (biographies, history, self-help, psychology)"
o8utdm07eh,0a6be1cc-6c67-42ac-a7e6-d550e33e3797,Reading and Literature,"Non-fiction (biographies, history, self-help, psychology)"
3oy2635ir2,0a6be1cc-6c67-42ac-a7e6-d550e33e3797,Health and Wellness,Practicing mindfulness meditation
8eryisrsku,d806f6cd-c337-4326-9370-4ba1d064a6d0,Travel and Exploration,Urban exploration and historical tours
4i59d7twkg,2a3bbeb8-5396-4be5-a8f1-8c4407705460,Health and Wellness,Holistic health practices (acupuncture herbalism)
6edjhs5j9g,00b2744b-14d6-43a5-885d-232b3e4b7b0a,Travel and Exploration,Cruise vacations and sailing adventures
8lajfsb92z,00b2744b-14d6-43a5-885d-232b3e4b7b0a,Reading and Literature,Reading challenges and book clubs
sakfxxkxaj,00b2744b-14d6-43a5-885d-232b3e4b7b0a,Health and Wellness,Practicing mindfulness meditation
p744567wcp,5eb8461a-8ae7-4adc-86f4-5d46d112d814,Outdoor Activities,Wilderness survival skills
e0r434zm57,5eb8461a-8ae7-4adc-86f4-5d46d112d814,Reading and Literature,Literary analysis and book discussions
cf9952yjgo,c8420f54-dbd9-4558-9b75-c75c1ad48bb0,Outdoor Activities,Hiking and nature walks
2l5cpa72v1,c8420f54-dbd9-4558-9b75-c75c1ad48bb0,Reading and Literature,"Non-fiction (biographies, history, self-help, psychology)"
wsebpeixdb,c8420f54-dbd9-4558-9b75-c75c1ad48bb0,Reading and Literature,"Fiction (novels, short stories, fantasy, science fiction)"
mxtjq1ni77,731bd10c-0ea8-4d1b-8e1b-dc7d3a6aa4db,Reading and Literature,Literary analysis and book discussions
99jqkw0k9x,731bd10c-0ea8-4d1b-8e1b-dc7d3a6aa4db,Health and Wellness,Yoga retreats wellness tourism
9m34cha76o,6f1b4cd3-b9d7-43e7-92ff-5667b28da6f3,Reading and Literature,Literary analysis and book discussions
obefdrmbml,6f1b4cd3-b9d7-43e7-92ff-5667b28da6f3,Outdoor Activities,Hiking and nature walks
whaq2hdlb1,6f1b4cd3-b9d7-43e7-92ff-5667b28da6f3,Health and Wellness,Practicing mindfulness meditation
3dq4b956ur,384274db-ed75-4339-9683-af80fe1e7bba,Health and Wellness,Holistic health practices (acupuncture herbalism)
gx0xqe5utg,3be3383b-990e-4677-bfa5-dab91f017c7a,Reading and Literature,"Fiction (novels, short stories, fantasy, science fiction)"
fq3rftb8wx,3be3383b-990e-4677-bfa5-dab91f017c7a,Reading and Literature,"Non-fiction (biographies, history, self-help, psychology)"
249f6w9llh,bf29a6b9-700c-457b-a038-5fb689a2ef2a,Travel and Exploration,Road trips and exploring scenic routes
ru54dk3u55,bf29a6b9-700c-457b-a038-5fb689a2ef2a,Health and Wellness,Yoga retreats wellness tourism
43c6gy2xo5,bf29a6b9-700c-457b-a038-5fb689a2ef2a,Outdoor Activities,"Camping (tent camping, RV camping)"
8d9qx9iwus,24009d6b-1f2a-40f7-95ea-616fa6a70a4e,Health & Wellness,Nutrition planning meal prepping
s62837sk4z,78170828-ae3b-48aa-a0d8-b055488bc14e,Reading and Literature,"Non-fiction (biographies, history, self-help, psychology)"
v2qp5ncqg6,fe091807-d498-403d-a821-8b4b1ab5211c,Outdoor Activities,"Camping (tent camping, RV camping)"
lpm1az875j,fe091807-d498-403d-a821-8b4b1ab5211c,Reading and Literature,Literary analysis and book discussions
60lvwenkfc,fe091807-d498-403d-a821-8b4b1ab5211c,Reading and Literature,Audio books and storytelling podcasts
nm9rc2l5fv,afb3bf01-3024-4db5-8c75-d9cd6e0c4ffe,Reading and Literature,"Fiction (novels, short stories, fantasy, science fiction)"
nn05mbysmy,afb3bf01-3024-4db5-8c75-d9cd6e0c4ffe,Reading and Literature,"Poetry and poetic forms (haiku, sonnets, free verse)"
0n4xg4j315,94b4db52-82f3-4638-86f4-19b28cee8315,Health and Wellness,Yoga retreats wellness tourism
diqvpk69ew,94b4db52-82f3-4638-86f4-19b28cee8315,Reading and Literature,Literary analysis and book discussions
lgdiya740f,583ff1e7-c07b-44f2-acb5-d23266975d81,Outdoor Activities,Hiking and nature walks
2w94zkww1y,dd601c90-61fb-419a-b070-bd0c79ee5895,Travel and Exploration,Cruise vacations and sailing adventures
dw1t2i6hri,dd601c90-61fb-419a-b070-bd0c79ee5895,Travel and Exploration,Backpacking and adventure travel
s3a9o20rtu,da392664-893e-468e-a696-2cde12ab2249,Reading and Literature,Audio books and storytelling podcasts
fnbhp3mj8s,da392664-893e-468e-a696-2cde12ab2249,Outdoor Activities,"Camping (tent camping, RV camping)"
ednlu2soxg,d15ec2a6-f8e0-4eb0-983e-57f3f54bd6ba,Outdoor Activities,Hiking and nature walks
mejwt7h37k,d15ec2a6-f8e0-4eb0-983e-57f3f54bd6ba,Outdoor Activities,Wilderness survival skills
h1hfzuf3tv,ce211790-cf19-47e6-bdc0-c072b4cc9d54,Reading and Literature,"Poetry and poetic forms (haiku, sonnets, free verse)"
myuak578a4,c6c0c2b8-8ce4-4ea7-9f10-2410eb7bd26e,Travel and Exploration,Road trips and exploring scenic routes
gnjb44myjb,c6c0c2b8-8ce4-4ea7-9f10-2410eb7bd26e,Outdoor Activities,Wilderness survival skills
5sd5alzb6x,c6c0c2b8-8ce4-4ea7-9f10-2410eb7bd26e,Travel and Exploration,Ecotourism and sustainable travel
7jcgrkahyr,b3ce178d-432b-467f-88a2-c5da90e3133b,Health and Wellness,Holistic health practices (acupuncture herbalism)
l2drknw342,b3ce178d-432b-467f-88a2-c5da90e3133b,Reading and Literature,"Poetry and poetic forms (haiku, sonnets, free verse)"
843ustu144,d4041865-1351-4ce2-bdc2-ac01a9646922,Reading and Literature,Reading challenges and book clubs
vb9t1isuco,2a17c521-0afd-48d9-9fd6-0974aa1073c8,Outdoor Activities,"Camping (tent camping, RV camping)"
4j4qym9kq7,3772c865-81fb-4f38-a57e-c8c001cb7303,Reading and Literature,Audio books and storytelling podcasts
mr20wi4jdp,3772c865-81fb-4f38-a57e-c8c001cb7303,Health and Wellness,Fitness obstacle course races
lcbnrfezii,3772c865-81fb-4f38-a57e-c8c001cb7303,Outdoor Activities,Hiking and nature walks
2pyvy30ly7,6329aed8-1ab9-4f1b-bc8c-a1659190fe6d,Travel and Exploration,Cruise vacations and sailing adventures
1s52ijzukp,6329aed8-1ab9-4f1b-bc8c-a1659190fe6d,Reading and Literature,Literary analysis and book discussions
cwwumbdmqe,8b46c6f2-19e2-430c-8b16-402437c43d55,Outdoor Activities,Wilderness survival skills
492j6vva7r,8b46c6f2-19e2-430c-8b16-402437c43d55,Travel and Exploration,Cruise vacations and sailing adventures
m9do2eiq0m,9e313f83-24e9-4d1d-b375-c1c96dea1b8a,Outdoor Activities,Wilderness survival skills
6rwkjhnuho,9e313f83-24e9-4d1d-b375-c1c96dea1b8a,Travel and Exploration,Ecotourism and sustainable travel
3ijhmp7y0p,9e313f83-24e9-4d1d-b375-c1c96dea1b8a,Health and Wellness,Yoga retreats wellness tourism
ieh50x1m7i,d2702d94-ccea-4b91-bf97-4daf5b812493,Travel and Exploration,Ecotourism and sustainable travel
sbt4ckchou,d2702d94-ccea-4b91-bf97-4daf5b812493,Health and Wellness,Fitness obstacle course races
9l79x9byqx,d2702d94-ccea-4b91-bf97-4daf5b812493,Health and Wellness,Holistic health practices (acupuncture herbalism)
7y0qxy6jly,1653db57-504f-443e-95f9-efaf04ccb8cd,Travel and Exploration,Ecotourism and sustainable travel
idrem2bos0,aa8592ef-7370-4c10-9caa-27f57a56238c,Outdoor Activities,Hiking and nature walks
j3q1u7dpk2,5831b241-ec64-421b-aa80-4b802bfed582,Reading and Literature,"Fiction (novels, short stories, fantasy, science fiction)"
97q13triko,5831b241-ec64-421b-aa80-4b802bfed582,Reading and Literature,Audio books and storytelling podcasts
zprc4yhh31,5831b241-ec64-421b-aa80-4b802bfed582,Health and Wellness,Yoga retreats wellness tourism
biqr2jehf1,0a81c4d2-4bbb-4f9d-a53a-caf49d5821ce,Reading and Literature,Reading challenges and book clubs
ugx1p8ehcs,0a81c4d2-4bbb-4f9d-a53a-caf49d5821ce,Reading and Literature,"Poetry and poetic forms (haiku, sonnets, free verse)"
ikizarkp50,efd7ba16-f102-4a6a-a788-78520e8e5405,Travel and Exploration,Cruise vacations and sailing adventures
iszn6cdd9d,f7c440ab-eb9a-41f4-a0ef-8504fae968ad,Travel and Exploration,Visiting new countries and cultures
sqt0wkq8lw,38fe4ce3-ed76-4a64-9653-af4c4923316f,Health and Wellness,Fitness obstacle course races
wxo8hgpcja,38fe4ce3-ed76-4a64-9653-af4c4923316f,Travel and Exploration,Backpacking and adventure travel
s3jk7powg6,e946e521-be03-47f0-b78d-63196f2d3d1c,Outdoor Activities,Hiking and nature walks
fxf3ilm7cb,0641295b-ce22-4d25-bd22-235a9c19808a,Reading and Literature,Literary analysis and book discussions
7stvvo5il0,0641295b-ce22-4d25-bd22-235a9c19808a,Reading and Literature,"Poetry and poetic forms (haiku, sonnets, free verse)"
mj4befn0tl,c24c89d1-518c-4398-a2ee-b56dc67ef2cc,Health and Wellness,Yoga retreats wellness tourism
besrjdyiqq,c24c89d1-518c-4398-a2ee-b56dc67ef2cc,Health & Wellness,Nutrition planning meal prepping
qxomyoi60q,4ea89c44-3c13-45a4-8c11-ef8c93e050e8,Health & Wellness,Nutrition planning meal prepping
6czm2b0obr,4ea89c44-3c13-45a4-8c11-ef8c93e050e8,Health and Wellness,Holistic health practices (acupuncture herbalism)
3lef1m3fnq,5331c61a-44d2-4826-b678-e428a9783dbb,Travel and Exploration,Backpacking and adventure travel
nxm0vfrfwo,5331c61a-44d2-4826-b678-e428a9783dbb,Travel and Exploration,Cruise vacations and sailing adventures
gbucn90th7,5331c61a-44d2-4826-b678-e428a9783dbb,Travel and Exploration,Ecotourism and sustainable travel
gf15y2mrnz,1af28cf5-4aa5-460c-881d-9f7a684f9fd1,Reading and Literature,Literary analysis and book discussions
lij240rl8k,1af28cf5-4aa5-460c-881d-9f7a684f9fd1,Travel and Exploration,Road trips and exploring scenic routes
don14c348h,1af28cf5-4aa5-460c-881d-9f7a684f9fd1,Outdoor Activities,Hiking and nature walks
t1rv5f7pav,0e4c7eae-8e91-4187-be4a-69f19582623d,Travel and Exploration,Road trips and exploring scenic routes
ysizgzngq5,0e4c7eae-8e91-4187-be4a-69f19582623d,Travel and Exploration,Backpacking and adventure travel
c2u5s2cma1,0e4c7eae-8e91-4187-be4a-69f19582623d,Outdoor Activities,"Camping (tent camping, RV camping)"
g6diq72246,7c6b2713-98e3-4cca-a8ff-2af6f7e0e37b,Outdoor Activities,Hiking and nature walks
aibr0io86l,7c6b2713-98e3-4cca-a8ff-2af6f7e0e37b,Travel and Exploration,Ecotourism and sustainable travel
2wki59ds52,9f3d65b1-49e0-46b2-8a99-57137de7775d,Travel and Exploration,Ecotourism and sustainable travel
omfrvgz27w,9f3d65b1-49e0-46b2-8a99-57137de7775d,Travel and Exploration,Visiting new countries and cultures
rs95pna61z,7f3bb756-9849-4c9f-be33-d41c882ca9e7,Travel and Exploration,Backpacking and adventure travel
urcmd97lpb,7f3bb756-9849-4c9f-be33-d41c882ca9e7,Outdoor Activities,Wilderness survival skills
v4gzg8fipr,7f3bb756-9849-4c9f-be33-d41c882ca9e7,Health and Wellness,Holistic health practices (acupuncture herbalism)
hwsmxr2b9l,1624fb6d-d734-4455-ad82-f77dfd78cf89,Outdoor Activities,"Camping (tent camping, RV camping)"
i059jd8h3k,6402defd-144b-45fb-a5cc-8ff168b4db9a,Reading and Literature,"Non-fiction (biographies, history, self-help, psychology)"
17yr322hzu,6402defd-144b-45fb-a5cc-8ff168b4db9a,Outdoor Activities,"Camping (tent camping, RV camping)"
as3pvglb6v,48a211bd-0cad-48b3-9571-d400234457cf,Health and Wellness,Practicing mindfulness meditation
mn5smfcp5o,c898ae70-6be9-4afc-afa3-e68e05273a2b,Travel and Exploration,Urban exploration and historical tours
1xjwv8vwuh,017dafb9-2614-4e69-a87d-4444a55e83c9,Reading and Literature,"Poetry and poetic forms (haiku, sonnets, free verse)"
uecbrcdvx0,017dafb9-2614-4e69-a87d-4444a55e83c9,Health & Wellness,Nutrition planning meal prepping
iaugktgfxp,34f80897-2080-46d9-a7a3-2bcdcaa37d89,Travel and Exploration,Visiting new countries and cultures
6kcdjfjfub,34f80897-2080-46d9-a7a3-2bcdcaa37d89,Outdoor Activities,Hiking and nature walks
6qc8d3size,acaa7e5e-d908-4641-8239-af6edfa02d9d,Health and Wellness,Holistic health practices (acupuncture herbalism)
8kpyunxwv3,23eb6caa-c8cd-46f3-ae56-170ed4514a4b,Travel and Exploration,Road trips and exploring scenic routes
04bcdx94rq,cc61581c-5408-4783-852c-ceb792d94461,Reading and Literature,"Poetry and poetic forms (haiku, sonnets, free verse)"
393rcr8wpv,cc61581c-5408-4783-852c-ceb792d94461,Travel and Exploration,Cruise vacations and sailing adventures
tdysyqhwa0,cc61581c-5408-4783-852c-ceb792d94461,Reading and Literature,Literary analysis and book discussions
shjiu4qdja,35e97df2-344e-45da-b822-5b2b728979cc,Health and Wellness,Practicing mindfulness meditation
ftasqn7z65,35e97df2-344e-45da-b822-5b2b728979cc,Reading and Literature,Literary analysis and book discussions
vskjylszuq,35e97df2-344e-45da-b822-5b2b728979cc,Reading and Literature,Audio books and storytelling podcasts
c1wwxqni30,c36f0ef4-9639-4852-a94b-849c94e30893,Travel and Exploration,Ecotourism and sustainable travel
u7v24sjoc2,c36f0ef4-9639-4852-a94b-849c94e30893,Reading and Literature,Audio books and storytelling podcasts
gfgu222sbz,a98dffce-9c37-4e40-b670-90ec90880b2a,Travel and Exploration,Ecotourism and sustainable travel
sxc3lsuizc,a98dffce-9c37-4e40-b670-90ec90880b2a,Health and Wellness,Fitness obstacle course races
fqewfr6qwa,a98dffce-9c37-4e40-b670-90ec90880b2a,Reading and Literature,Reading challenges and book clubs
1da5we3yfr,5267a01b-6aba-4397-8563-240b76eea5ff,Reading and Literature,Reading challenges and book clubs
eb2fq5gi4e,5267a01b-6aba-4397-8563-240b76eea5ff,Reading and Literature,Audio books and storytelling podcasts
1mye6dhrcc,5267a01b-6aba-4397-8563-240b76eea5ff,Health and Wellness,Fitness obstacle course races
5gynke2zlq,032be5bb-852d-4ace-a3b4-ec7e72c75126,Outdoor Activities,Wilderness survival skills
6o2zkkv10h,032be5bb-852d-4ace-a3b4-ec7e72c75126,Reading and Literature,Reading challenges and book clubs
n304ppg8xi,032be5bb-852d-4ace-a3b4-ec7e72c75126,Health and Wellness,Holistic health practices (acupuncture herbalism)
wq7q4bbdcd,769f1f98-185a-4d47-b69e-4b033e4d2b3b,Outdoor Activities,"Camping (tent camping, RV camping)"
zth5hbg90q,769f1f98-185a-4d47-b69e-4b033e4d2b3b,Travel and Exploration,Cruise vacations and sailing adventures
a3red357gd,769f1f98-185a-4d47-b69e-4b033e4d2b3b,Travel and Exploration,Backpacking and adventure travel
58bygoheww,5a54bd5e-bc08-4852-befc-cff0f7c2d3f9,Reading and Literature,Audio books and storytelling podcasts
lca1o33w54,7eb4361a-0346-4266-b3f4-2743e267cd25,Reading and Literature,Reading challenges and book clubs
wx9qtug9g2,7eb4361a-0346-4266-b3f4-2743e267cd25,Reading and Literature,Audio books and storytelling podcasts
r935utud2t,19e8ff80-c4dc-4bbc-a310-a044cc15730c,Reading and Literature,Audio books and storytelling podcasts
o7i3na09uh,19e8ff80-c4dc-4bbc-a310-a044cc15730c,Health and Wellness,Holistic health practices (acupuncture herbalism)
uread89l6p,19e8ff80-c4dc-4bbc-a310-a044cc15730c,Travel and Exploration,Ecotourism and sustainable travel
vghl6yljh2,66e16738-0686-4928-ab32-53571ee18a2f,Outdoor Activities,Hiking and nature walks
exfg83co1f,29f0b517-7c10-4698-87ad-1881dc20ea1a,Outdoor Activities,"Camping (tent camping, RV camping)"
36eug8b8qe,446a6736-d918-46fd-adbb-fedfa481339d,Travel and Exploration,Urban exploration and historical tours
aum6k09afi,8e64804f-0676-4f63-8f4f-a7345c585314,Health and Wellness,Practicing mindfulness meditation
m8uqv5aoqj,8e64804f-0676-4f63-8f4f-a7345c585314,Travel and Exploration,Visiting new countries and cultures
9ewklp05z0,8e64804f-0676-4f63-8f4f-a7345c585314,Health and Wellness,Holistic health practices (acupuncture herbalism)
zydygr0hzo,57b1481a-397b-45ca-89f7-a21359b9c83a,Reading and Literature,"Poetry and poetic forms (haiku, sonnets, free verse)"
mdlnxhx51m,57b1481a-397b-45ca-89f7-a21359b9c83a,Travel and Exploration,Visiting new countries and cultures
4411xtfyrl,57b1481a-397b-45ca-89f7-a21359b9c83a,Health and Wellness,Practicing mindfulness meditation
mz9o8cgpxb,cba45ba3-72a6-4c86-ad93-6d225f4700aa,Outdoor Activities,Wilderness survival skills
goj8rr7h3n,cba45ba3-72a6-4c86-ad93-6d225f4700aa,Reading and Literature,"Non-fiction (biographies, history, self-help, psychology)"
lcsvvoip3k,9abdd8c2-1764-49c1-afe1-f574293840fe,Reading and Literature,Reading challenges and book clubs
fblbt6kyc0,9abdd8c2-1764-49c1-afe1-f574293840fe,Health and Wellness,Holistic health practices (acupuncture herbalism)
9w1kt1w0jf,9abdd8c2-1764-49c1-afe1-f574293840fe,Outdoor Activities,Hiking and nature walks
72zgb0pyt9,2b8ee594-8f21-4d3f-9de4-881662f13a31,Travel and Exploration,Visiting new countries and cultures
7ppjsmptbl,2b8ee594-8f21-4d3f-9de4-881662f13a31,Travel and Exploration,Urban exploration and historical tours
a39d7l0oy3,2b8ee594-8f21-4d3f-9de4-881662f13a31,Health and Wellness,Fitness obstacle course races
ly4pkp6rae,4d21c025-7c10-489c-b83e-85d1c3bb8c66,Reading and Literature,"Fiction (novels, short stories, fantasy, science fiction)"
cc7iubrdv9,1248d5c7-2813-43e3-9404-a7fa3ea924c7,Travel and Exploration,Visiting new countries and cultures
9jsgdgvrkx,1248d5c7-2813-43e3-9404-a7fa3ea924c7,Travel and Exploration,Ecotourism and sustainable travel
0o10sz0a6c,a8879e8b-368d-4bff-9b03-d699e21d684d,Reading and Literature,"Fiction (novels, short stories, fantasy, science fiction)"
0i6jyox107,a8879e8b-368d-4bff-9b03-d699e21d684d,Outdoor Activities,Wilderness survival skills
u7vrba4dij,a8879e8b-368d-4bff-9b03-d699e21d684d,Travel and Exploration,Urban exploration and historical tours
gzbi433n2o,2d9b6320-d18f-40d7-b716-dafb2137cbe0,Health and Wellness,Fitness obstacle course races
5xbp8xbdb2,2d9b6320-d18f-40d7-b716-dafb2137cbe0,Travel and Exploration,Visiting new countries and cultures
1fqi292l70,2d9b6320-d18f-40d7-b716-dafb2137cbe0,Travel and Exploration,Backpacking and adventure travel
1hvyj2ygv0,0a6bb360-9e2f-4814-833f-5918fdcd6525,Travel and Exploration,Ecotourism and sustainable travel
f1a5ha0hvo,05d13956-e1a5-4ff8-9204-2af2f626d2e7,Health & Wellness,Nutrition planning meal prepping
6a33pwhgyo,3a5943b0-df83-430f-a8eb-0bf14a45091d,Reading and Literature,Reading challenges and book clubs
wnedpkamze,3a5943b0-df83-430f-a8eb-0bf14a45091d,Outdoor Activities,"Camping (tent camping, RV camping)"
3sru47pwgf,3a5943b0-df83-430f-a8eb-0bf14a45091d,Travel and Exploration,Visiting new countries and cultures
o4minxzf7i,13430e1d-25ef-422f-a98d-6fbe30614260,Reading and Literature,"Poetry and poetic forms (haiku, sonnets, free verse)"
711j3775sd,13430e1d-25ef-422f-a98d-6fbe30614260,Health & Wellness,Nutrition planning meal prepping
n8vf0fqjdy,62ed2ab1-dbcb-4c58-9a45-1c0b7abc0e02,Travel and Exploration,Visiting new countries and cultures
xsiaxtkcc2,62ed2ab1-dbcb-4c58-9a45-1c0b7abc0e02,Travel and Exploration,Ecotourism and sustainable travel
jfnd4s187s,a0a22061-b48a-4383-83f4-540792c88a60,Reading and Literature,Reading challenges and book clubs
ja1wwsnji1,9c8cea12-bf89-4927-8f7e-499e48cec2a5,Travel and Exploration,Visiting new countries and cultures
p4a7c747ni,b33b4dec-5054-43c4-a991-f69f32442b93,Reading and Literature,"Poetry and poetic forms (haiku, sonnets, free verse)"
jqd6tvcg70,b33b4dec-5054-43c4-a991-f69f32442b93,Health and Wellness,Practicing mindfulness meditation
vzov46kvzh,b33b4dec-5054-43c4-a991-f69f32442b93,Outdoor Activities,Hiking and nature walks
0ptbnqnely,9cac4a37-d8b0-458b-8aad-b2598385d3e3,Travel and Exploration,Road trips and exploring scenic routes
5171r9xtzt,d1c646c0-3b46-4b62-9896-b4a193e0776d,Reading and Literature,Reading challenges and book clubs
odgk56879l,d1c646c0-3b46-4b62-9896-b4a193e0776d,Travel and Exploration,Road trips and exploring scenic routes
iztd2p22a7,d1c646c0-3b46-4b62-9896-b4a193e0776d,Reading and Literature,"Non-fiction (biographies, history, self-help, psychology)"
egxw23lhsg,3d3e3a5c-ef36-476c-b31f-2c0a899f79e5,Travel and Exploration,Road trips and exploring scenic routes
ooig4ia2hh,3d3e3a5c-ef36-476c-b31f-2c0a899f79e5,Travel and Exploration,Backpacking and adventure travel
3z6x9t5pb1,e195d64d-856c-4651-a687-41a3651517c6,Health & Wellness,Nutrition planning meal prepping
ug7pyi666b,e195d64d-856c-4651-a687-41a3651517c6,Reading and Literature,Literary analysis and book discussions
ci18aolumk,168d4986-f441-48f6-ab17-8d02e91a06ae,Reading and Literature,"Non-fiction (biographies, history, self-help, psychology)"
mtbp731h51,168d4986-f441-48f6-ab17-8d02e91a06ae,Reading and Literature,Reading challenges and book clubs
q637fgl579,168d4986-f441-48f6-ab17-8d02e91a06ae,Reading and Literature,"Fiction (novels, short stories, fantasy, science fiction)"
m8n8t4tx34,84d92b1c-752c-4656-aff1-72bb2f683c01,Outdoor Activities,Wilderness survival skills
yv37frqu0y,e100e16d-8092-4960-8a41-ee2bb2ccbb60,Reading and Literature,Reading challenges and book clubs
xxqctj74ha,e100e16d-8092-4960-8a41-ee2bb2ccbb60,Travel and Exploration,Backpacking and adventure travel
219rvpumph,784976b4-a654-4f49-8337-4c8d4115eb10,Reading and Literature,"Poetry and poetic forms (haiku, sonnets, free verse)"
jduyt32qek,a9740197-7659-4b8f-9470-80a4608c3608,Travel and Exploration,Backpacking and adventure travel
01wmmju7um,a9740197-7659-4b8f-9470-80a4608c3608,Travel and Exploration,Visiting new countries and cultures
setyv963yw,d08250b4-b3d9-4846-9aef-459af3cb1135,Health and Wellness,Holistic health practices (acupuncture herbalism)
cifjvdupo7,d08250b4-b3d9-4846-9aef-459af3cb1135,Outdoor Activities,"Camping (tent camping, RV camping)"
vbxd2xzg1v,d08250b4-b3d9-4846-9aef-459af3cb1135,Health and Wellness,Fitness obstacle course races
mv49138uvh,40d549ce-c65a-45e1-8681-c80cae22d689,Reading and Literature,"Non-fiction (biographies, history, self-help, psychology)"
f7subo75bj,40d549ce-c65a-45e1-8681-c80cae22d689,Travel and Exploration,Ecotourism and sustainable travel
8spqsmpamy,40d549ce-c65a-45e1-8681-c80cae22d689,Travel and Exploration,Road trips and exploring scenic routes
uvbunxr5bh,2bdf7d6d-dee1-4e06-b23c-e3f75fee32f5,Outdoor Activities,Wilderness survival skills
25ycgn38g0,2bdf7d6d-dee1-4e06-b23c-e3f75fee32f5,Health and Wellness,Holistic health practices (acupuncture herbalism)
dv3bdocawf,2bdf7d6d-dee1-4e06-b23c-e3f75fee32f5,Reading and Literature,Audio books and storytelling podcasts
xq3nlvtzrs,b196f8f2-a41f-450b-bef8-4831de113d09,Health and Wellness,Practicing mindfulness meditation
o27sj89a2j,b196f8f2-a41f-450b-bef8-4831de113d09,Health and Wellness,Fitness obstacle course races
trm7bumrq2,f98271d1-0a1b-4c0f-afa1-befda3ca347f,Health and Wellness,Practicing mindfulness meditation
oxddncpl2r,85cec75e-6d78-41b8-9ffd-de0be4afd8fa,Outdoor Activities,Wilderness survival skills
5mm55se2dj,fb898339-208e-486c-aa32-5974b47b3f6e,Reading and Literature,Literary analysis and book discussions
o1wknfxtgs,ba58a0ff-6ef8-4870-8695-cfe007894213,Outdoor Activities,Hiking and nature walks
gqf7buz6sl,ba58a0ff-6ef8-4870-8695-cfe007894213,Reading and Literature,"Poetry and poetic forms (haiku, sonnets, free verse)"
qkbfuv2yuy,4a062f89-386c-4e4a-ae63-c3b47c060db5,Health and Wellness,Fitness obstacle course races
y1dwltndw3,4a062f89-386c-4e4a-ae63-c3b47c060db5,Outdoor Activities,"Camping (tent camping, RV camping)"
i034l0tibn,a5576e2e-c773-4037-acc7-f1331577a7a5,Reading and Literature,"Poetry and poetic forms (haiku, sonnets, free verse)"
ledixyk4yp,a5576e2e-c773-4037-acc7-f1331577a7a5,Travel and Exploration,Visiting new countries and cultures
kq86e5gtqx,1e002314-9e4c-4e5b-a86f-715f66e8e62d,Travel and Exploration,Visiting new countries and cultures
zq0vg2zn9y,1e002314-9e4c-4e5b-a86f-715f66e8e62d,Health and Wellness,Holistic health practices (acupuncture herbalism)
okc7zrdxf6,abbbe018-e0c7-4ec0-8596-7e9a0ae0b293,Travel and Exploration,Road trips and exploring scenic routes
nq3osa5eou,abbbe018-e0c7-4ec0-8596-7e9a0ae0b293,Reading and Literature,Literary analysis and book discussions
k8x8wych84,8918abdb-551c-46a9-a286-6eb0be062f06,Reading and Literature,"Fiction (novels, short stories, fantasy, science fiction)"
9jv5v6mi3x,beba6d77-2746-44cb-9115-442af30be195,Health and Wellness,Holistic health practices (acupuncture herbalism)
hmy1opazpp,beba6d77-2746-44cb-9115-442af30be195,Outdoor Activities,"Camping (tent camping, RV camping)"
c7idgg8oy3,278e3e26-17af-4c92-beba-d0227c43af08,Health and Wellness,Yoga retreats wellness tourism
ps6muxm2ir,278e3e26-17af-4c92-beba-d0227c43af08,Reading and Literature,"Fiction (novels, short stories, fantasy, science fiction)"
y4pm7fpc8f,36a86dfc-a4b1-4203-a96d-f2e6ba9db90a,Health and Wellness,Holistic health practices (acupuncture herbalism)
hg330vx46l,f169e676-dfa2-4bb2-8988-1b6de6c86faf,Travel and Exploration,Cruise vacations and sailing adventures
h5yml31yw4,f169e676-dfa2-4bb2-8988-1b6de6c86faf,Health & Wellness,Nutrition planning meal prepping
qsjt7gaddw,ab328f1e-368e-4106-a169-fc18d8930ed2,Health and Wellness,Holistic health practices (acupuncture herbalism)
1mdx013ufz,270fc4ae-8d3e-4225-b912-4a16486a8dcc,Reading and Literature,"Non-fiction (biographies, history, self-help, psychology)"
k2tuco6kk1,36255b3c-eb24-4b63-94d4-aae23cc85c18,Health & Wellness,Nutrition planning meal prepping
hdbi18in7b,36255b3c-eb24-4b63-94d4-aae23cc85c18,Outdoor Activities,Hiking and nature walks
dlfr1cpna4,36255b3c-eb24-4b63-94d4-aae23cc85c18,Travel and Exploration,Urban exploration and historical tours
vo5ai7ymgb,516a1e30-15c6-4696-b8a9-aa09ac841f68,Health and Wellness,Holistic health practices (acupuncture herbalism)
ethkwgfdbk,516a1e30-15c6-4696-b8a9-aa09ac841f68,Travel and Exploration,Visiting new countries and cultures
t6pxvel828,516a1e30-15c6-4696-b8a9-aa09ac841f68,Reading and Literature,Audio books and storytelling podcasts
akd1zvakth,2e308e78-c5ac-4d79-b75b-45352da82f6a,Travel and Exploration,Urban exploration and historical tours
rnv3l1eyq0,2e308e78-c5ac-4d79-b75b-45352da82f6a,Outdoor Activities,Wilderness survival skills
hm20226271,2e308e78-c5ac-4d79-b75b-45352da82f6a,Health and Wellness,Holistic health practices (acupuncture herbalism)
7v7gqftxf5,4545aad3-9588-49cc-8234-72d0b029af55,Travel and Exploration,Road trips and exploring scenic routes
mvvvcfw25g,4545aad3-9588-49cc-8234-72d0b029af55,Travel and Exploration,Backpacking and adventure travel
idxs9csxna,4545aad3-9588-49cc-8234-72d0b029af55,Outdoor Activities,Hiking and nature walks
hmtna1l3vy,7c1b3fe6-ea6a-4359-aed7-4ffbfe8fab81,Travel and Exploration,Road trips and exploring scenic routes
s9c3ier432,7c1b3fe6-ea6a-4359-aed7-4ffbfe8fab81,Travel and Exploration,Visiting new countries and cultures
t248dravmj,16d3a30f-01fa-467c-bc5d-1c0fc7a37cec,Reading and Literature,"Fiction (novels, short stories, fantasy, science fiction)"
e6bjwqecuv,16d3a30f-01fa-467c-bc5d-1c0fc7a37cec,Outdoor Activities,Wilderness survival skills
uuui8a8359,16d3a30f-01fa-467c-bc5d-1c0fc7a37cec,Travel and Exploration,Ecotourism and sustainable travel
xglbnjhuan,af0b011e-97a6-4828-8541-f7f292d725b7,Travel and Exploration,Cruise vacations and sailing adventures
rw7abjhuek,4c17b6f5-d033-4b76-9cc2-77ac4c0f7b3c,Outdoor Activities,"Camping (tent camping, RV camping)"
67xote4c22,4c17b6f5-d033-4b76-9cc2-77ac4c0f7b3c,Health and Wellness,Fitness obstacle course races
8wc46zrgiz,6773a374-d094-4683-9937-75e9f84285f5,Reading and Literature,"Non-fiction (biographies, history, self-help, psychology)"
34cgyoyax0,6773a374-d094-4683-9937-75e9f84285f5,Travel and Exploration,Backpacking and adventure travel
r1bi5ewkt8,6773a374-d094-4683-9937-75e9f84285f5,Reading and Literature,Literary analysis and book discussions
rh0i8mpuvm,9b016ead-f52c-4b53-bc93-f3bef9b2b10c,Outdoor Activities,"Camping (tent camping, RV camping)"
3jvt6xidci,78c163fd-54c0-48b0-a9c8-53003106c2b2,Health and Wellness,Fitness obstacle course races
ios2hyvg46,78c163fd-54c0-48b0-a9c8-53003106c2b2,Reading and Literature,"Poetry and poetic forms (haiku, sonnets, free verse)"
leh5e6wfod,b78d9ecf-aeb4-482f-a9fe-4c23b881c9f5,Reading and Literature,"Non-fiction (biographies, history, self-help, psychology)"
fztv0jasuz,b78d9ecf-aeb4-482f-a9fe-4c23b881c9f5,Reading and Literature,Literary analysis and book discussions
ypixn9w842,eab03506-cdaa-498a-ab15-cf3525ad6032,Travel and Exploration,Backpacking and adventure travel
ye3zlokzeq,eab03506-cdaa-498a-ab15-cf3525ad6032,Travel and Exploration,Urban exploration and historical tours
arfnhe9xwv,eab03506-cdaa-498a-ab15-cf3525ad6032,Reading and Literature,"Fiction (novels, short stories, fantasy, science fiction)"
7lq9jocxz8,73a7bafa-320d-49fc-924d-2974054e7bf0,Reading and Literature,Audio books and storytelling podcasts
o2jtzpbhba,73a7bafa-320d-49fc-924d-2974054e7bf0,Outdoor Activities,"Camping (tent camping, RV camping)"
uxdqn9fr1a,89ac739c-0249-40ff-a3f8-209f78a681b1,Health and Wellness,Fitness obstacle course races
r1ogid0a99,259b699d-ff6a-4158-afa7-1d9f2864af4e,Health and Wellness,Practicing mindfulness meditation
6n6xdrh7mh,259b699d-ff6a-4158-afa7-1d9f2864af4e,Reading and Literature,Audio books and storytelling podcasts
j7z93krxhd,7a6cc43f-f920-4a1d-9e6f-eb4bdd354a9d,Reading and Literature,Audio books and storytelling podcasts
xw7nt53u2p,398bab70-e0d6-49e7-b51a-37d23bd9f198,Travel and Exploration,Cruise vacations and sailing adventures
g424t8yedh,398bab70-e0d6-49e7-b51a-37d23bd9f198,Travel and Exploration,Backpacking and adventure travel
r5we37nd11,a7c749d9-a29d-4d13-b327-d13bc21e8e62,Outdoor Activities,Hiking and nature walks
j1xxfsffze,a7c749d9-a29d-4d13-b327-d13bc21e8e62,Outdoor Activities,"Camping (tent camping, RV camping)"
oc3wxts5ha,a7c749d9-a29d-4d13-b327-d13bc21e8e62,Health and Wellness,Yoga retreats wellness tourism
vqgqttgf4o,98dcde77-b2fa-43d6-a613-3206ed00316a,Health and Wellness,Yoga retreats wellness tourism
rk1b28uc9x,2ee1265f-5e93-4299-84c0-6ef0f173b6fb,Outdoor Activities,Hiking and nature walks
qikkbx3sqh,2ee1265f-5e93-4299-84c0-6ef0f173b6fb,Reading and Literature,"Fiction (novels, short stories, fantasy, science fiction)"
czpgnsuaus,65cc244f-f8ba-4e7b-9040-62b2da2533c7,Travel and Exploration,Urban exploration and historical tours
1eg5q5hg7m,65cc244f-f8ba-4e7b-9040-62b2da2533c7,Outdoor Activities,Hiking and nature walks
8v1qu6kij5,8d40631b-f87c-43bf-8d31-514d708c7bcd,Outdoor Activities,"Camping (tent camping, RV camping)"
37olh2zcsl,8d40631b-f87c-43bf-8d31-514d708c7bcd,Reading and Literature,Audio books and storytelling podcasts
66rblp8mmn,0cbf2c03-c632-4ff5-ae37-e46ea7a2be7c,Outdoor Activities,"Camping (tent camping, RV camping)"
r7efla0gu5,0fde95b8-adea-4943-9233-de8783e05c5c,Health & Wellness,Nutrition planning meal prepping
46lq94ql2y,ff2a4bb0-799b-4bb9-a71d-809ba9519cbe,Health & Wellness,Nutrition planning meal prepping
6dc55gg6f4,69cc3dfc-35ac-41bd-9cde-c9eb3f27d8a6,Travel and Exploration,Cruise vacations and sailing adventures
f0p7je61hv,69cc3dfc-35ac-41bd-9cde-c9eb3f27d8a6,Travel and Exploration,Backpacking and adventure travel
g02zd9k55h,69cc3dfc-35ac-41bd-9cde-c9eb3f27d8a6,Health and Wellness,Holistic health practices (acupuncture herbalism)
ax5bu0vlfy,2d07d31a-e76b-40c7-8aac-69d0f66b5312,Travel and Exploration,Ecotourism and sustainable travel
qiukibdohi,2d07d31a-e76b-40c7-8aac-69d0f66b5312,Reading and Literature,Reading challenges and book clubs
nib8ytuo4b,2d07d31a-e76b-40c7-8aac-69d0f66b5312,Travel and Exploration,Urban exploration and historical tours
bf62of8os2,d0338c3a-b9e7-4bcc-b1c9-635be60053d0,Travel and Exploration,Urban exploration and historical tours
as1d25oxn2,5403223d-ba31-4b88-bebd-cf22326ea238,Travel and Exploration,Cruise vacations and sailing adventures
0xq1vs6yyq,5403223d-ba31-4b88-bebd-cf22326ea238,Health & Wellness,Nutrition planning meal prepping
u0dpunkj3v,66af97f8-09a7-4c63-99a0-06bdba82b86f,Reading and Literature,Literary analysis and book discussions
1qpvkwxkhz,66af97f8-09a7-4c63-99a0-06bdba82b86f,Outdoor Activities,"Camping (tent camping, RV camping)"
ps64nlb2we,66af97f8-09a7-4c63-99a0-06bdba82b86f,Health and Wellness,Holistic health practices (acupuncture herbalism)
1xioheygoq,d898f586-4baf-408f-9d0f-ad860993e6af,Travel and Exploration,Road trips and exploring scenic routes
y7xzw52znd,19b5b86e-e459-4ee5-9be3-1e07fd2ff7b6,Health and Wellness,Practicing mindfulness meditation
3lpexhwxo4,19b5b86e-e459-4ee5-9be3-1e07fd2ff7b6,Travel and Exploration,Visiting new countries and cultures
rh0ldeygq2,c11de772-c0c8-46b1-a39e-e8e0f8b7317a,Reading and Literature,"Fiction (novels, short stories, fantasy, science fiction)"
52zqtkg4p5,c11de772-c0c8-46b1-a39e-e8e0f8b7317a,Health and Wellness,Yoga retreats wellness tourism
mdjx71rosq,c11de772-c0c8-46b1-a39e-e8e0f8b7317a,Reading and Literature,Reading challenges and book clubs
tpkozx2jcy,11ccec74-5a84-48ae-b300-67bbf4d1cb8e,Reading and Literature,Reading challenges and book clubs
n29e5lpldw,11ccec74-5a84-48ae-b300-67bbf4d1cb8e,Reading and Literature,Audio books and storytelling podcasts
cnfjndz5n6,fc2976d6-4ed8-4f3c-973f-ca00b2794b52,Outdoor Activities,"Camping (tent camping, RV camping)"
tkc8yb4sue,fc2976d6-4ed8-4f3c-973f-ca00b2794b52,Reading and Literature,"Poetry and poetic forms (haiku, sonnets, free verse)"
kxdnwiv25n,abd9026d-b0a5-4584-b406-63058e451c08,Health and Wellness,Practicing mindfulness meditation
bbqbxk901m,abd9026d-b0a5-4584-b406-63058e451c08,Reading and Literature,Audio books and storytelling podcasts
dsbkyrb7nu,e58910f5-4b38-475b-b689-ae7b3bab459f,Reading and Literature,"Non-fiction (biographies, history, self-help, psychology)"
zblxubp1ik,e58910f5-4b38-475b-b689-ae7b3bab459f,Health and Wellness,Yoga retreats wellness tourism
xpmi281ubc,cb100999-f86f-44b6-96e5-b74ecae88737,Health and Wellness,Holistic health practices (acupuncture herbalism)
lt1kyvgqkc,cb100999-f86f-44b6-96e5-b74ecae88737,Outdoor Activities,"Camping (tent camping, RV camping)"
05t25e6dx6,cb100999-f86f-44b6-96e5-b74ecae88737,Reading and Literature,"Poetry and poetic forms (haiku, sonnets, free verse)"
educvjw04p,99a410c4-7939-45da-b36e-ddc84977d52e,Reading and Literature,"Poetry and poetic forms (haiku, sonnets, free verse)"
a3oczpnvp0,99a410c4-7939-45da-b36e-ddc84977d52e,Travel and Exploration,Visiting new countries and cultures
n73yt82200,99a410c4-7939-45da-b36e-ddc84977d52e,Outdoor Activities,Hiking and nature walks
8grx3v1o55,b2111976-8e3c-4d39-809c-b5937acdd146,Reading and Literature,"Non-fiction (biographies, history, self-help, psychology)"
b0n826if04,b2111976-8e3c-4d39-809c-b5937acdd146,Travel and Exploration,Ecotourism and sustainable travel
oqyl9kvksz,b2111976-8e3c-4d39-809c-b5937acdd146,Outdoor Activities,Hiking and nature walks
3qec1qyw14,e7e7552d-12a6-4d62-b65a-fa09e27940e3,Health & Wellness,Nutrition planning meal prepping
tnc2dc5dq5,58ef9605-03ad-4439-a970-fd35bfb123bd,Health and Wellness,Practicing mindfulness meditation
nf9sdxbv26,58ef9605-03ad-4439-a970-fd35bfb123bd,Travel and Exploration,Visiting new countries and cultures
u61yzwftog,58ef9605-03ad-4439-a970-fd35bfb123bd,Reading and Literature,Reading challenges and book clubs
aj9v15w2bb,e54149ed-208b-4da8-b85c-37d0685ec9a4,Health and Wellness,Holistic health practices (acupuncture herbalism)
wnk3wz7pkc,e54149ed-208b-4da8-b85c-37d0685ec9a4,Outdoor Activities,"Camping (tent camping, RV camping)"
f4i95283v0,70e4afbe-e0fb-4e0d-9739-8f87aa81d4d8,Travel and Exploration,Ecotourism and sustainable travel
1r9x490xi0,70e4afbe-e0fb-4e0d-9739-8f87aa81d4d8,Reading and Literature,"Fiction (novels, short stories, fantasy, science fiction)"
86zmgmqzu3,70e4afbe-e0fb-4e0d-9739-8f87aa81d4d8,Health and Wellness,Holistic health practices (acupuncture herbalism)
ys9p2mair2,6d25fd17-1aef-4d94-aebf-586602b63986,Reading and Literature,"Non-fiction (biographies, history, self-help, psychology)"
7nvv5oo8as,6d25fd17-1aef-4d94-aebf-586602b63986,Travel and Exploration,Cruise vacations and sailing adventures
yp2xfk19o2,0106a48c-dfb3-4b1c-baff-563f33269393,Reading and Literature,Audio books and storytelling podcasts
si1gbt5cat,d96ef0eb-e244-4ec7-a497-32b8fbe8c3af,Outdoor Activities,"Camping (tent camping, RV camping)"
96bz1pg3al,d96ef0eb-e244-4ec7-a497-32b8fbe8c3af,Travel and Exploration,Road trips and exploring scenic routes
9q8hjicrsy,b866a009-25d3-4a5c-8310-53465df6ddbe,Reading and Literature,"Poetry and poetic forms (haiku, sonnets, free verse)"
0enxnwi5dh,b866a009-25d3-4a5c-8310-53465df6ddbe,Health and Wellness,Yoga retreats wellness tourism
rysrsqpabf,23b0d32b-f83d-474b-8315-2f9935e246df,Reading and Literature,Literary analysis and book discussions
luwrdixjej,23b0d32b-f83d-474b-8315-2f9935e246df,Reading and Literature,Reading challenges and book clubs
3rc7puvqqt,666d0b2d-434b-4b09-9363-6a6b366c0a54,Reading and Literature,"Non-fiction (biographies, history, self-help, psychology)"
m76rtwkc1s,ac7322df-4b47-4af3-ab37-7b304310ab48,Reading and Literature,Literary analysis and book discussions
whvbl7klq6,ac7322df-4b47-4af3-ab37-7b304310ab48,Travel and Exploration,Ecotourism and sustainable travel
xx7vbma11p,ac7322df-4b47-4af3-ab37-7b304310ab48,Health and Wellness,Yoga retreats wellness tourism
lhxwtofth3,24897e18-6ec4-475d-8193-38d46577b2a5,Reading and Literature,"Fiction (novels, short stories, fantasy, science fiction)"
vzp3gagxr9,24897e18-6ec4-475d-8193-38d46577b2a5,Travel and Exploration,Backpacking and adventure travel
qdfbvhv8qd,24897e18-6ec4-475d-8193-38d46577b2a5,Health and Wellness,Holistic health practices (acupuncture herbalism)
gql5e5if8i,604dc94b-2c0d-4310-a30b-26a06f8e7bab,Reading and Literature,Reading challenges and book clubs
42ysq1myt4,4ce63fb4-0066-4789-882c-cca3a4c6cfbc,Travel and Exploration,Ecotourism and sustainable travel
ivb73ob6pu,4ce63fb4-0066-4789-882c-cca3a4c6cfbc,Reading and Literature,Reading challenges and book clubs
cq32tiazcd,772ba019-7c0c-4c76-baaf-01fc34f3d4c9,Health & Wellness,Nutrition planning meal prepping
lon6xn5ngw,772ba019-7c0c-4c76-baaf-01fc34f3d4c9,Health and Wellness,Yoga retreats wellness tourism
pxag7ykmux,772ba019-7c0c-4c76-baaf-01fc34f3d4c9,Travel and Exploration,Cruise vacations and sailing adventures
zl7d63wir8,6d8ddc47-9cb4-4e5b-9050-8080dcf910de,Health and Wellness,Holistic health practices (acupuncture herbalism)
z5z86352ek,105437dc-b48f-4cbe-886d-3749629dcbc7,Outdoor Activities,Hiking and nature walks
x0ksdrw8nl,105437dc-b48f-4cbe-886d-3749629dcbc7,Travel and Exploration,Backpacking and adventure travel
l2zj53lg18,105437dc-b48f-4cbe-886d-3749629dcbc7,Travel and Exploration,Road trips and exploring scenic routes
2f5tk55esl,98d30c9b-59c0-4434-aaa3-eb0d8ba8abce,Travel and Exploration,Visiting new countries and cultures
wg5a8lsk5t,298b7709-cb1f-4587-bbf5-c3ff5b49d77e,Reading and Literature,Audio books and storytelling podcasts
r87hafgg71,298b7709-cb1f-4587-bbf5-c3ff5b49d77e,Health and Wellness,Fitness obstacle course races
xqjpdqxe32,8b904a9e-b01c-4d0a-baec-3d6e626c3622,Health and Wellness,Fitness obstacle course races
7faqbxxrq7,8b904a9e-b01c-4d0a-baec-3d6e626c3622,Outdoor Activities,"Camping (tent camping, RV camping)"
scckx88vrf,8b904a9e-b01c-4d0a-baec-3d6e626c3622,Reading and Literature,"Non-fiction (biographies, history, self-help, psychology)"
anqcs6oslg,6a4d8c8e-58fb-4d44-84a0-d9e04ba1b0aa,Health and Wellness,Yoga retreats wellness tourism
mp6kau2x7d,7a2eaa46-8a10-4586-a17d-e9b94530250a,Health and Wellness,Holistic health practices (acupuncture herbalism)
7qkw4erhj9,7a2eaa46-8a10-4586-a17d-e9b94530250a,Outdoor Activities,Wilderness survival skills
iwundb287y,7a2eaa46-8a10-4586-a17d-e9b94530250a,Travel and Exploration,Visiting new countries and cultures
qupeebq32d,ed8a81f3-1f2a-4b7a-b804-6a3af48f4f29,Reading and Literature,"Fiction (novels, short stories, fantasy, science fiction)"
arpewk3jal,ed8a81f3-1f2a-4b7a-b804-6a3af48f4f29,Reading and Literature,Audio books and storytelling podcasts
re4a2gp2nt,ed8a81f3-1f2a-4b7a-b804-6a3af48f4f29,Reading and Literature,"Non-fiction (biographies, history, self-help, psychology)"
mgbqs317pl,6de69601-efe5-48d8-bb80-ed5bd67d90d0,Travel and Exploration,Cruise vacations and sailing adventures
6208586467,6de69601-efe5-48d8-bb80-ed5bd67d90d0,Reading and Literature,Reading challenges and book clubs
aattjzqiol,6de69601-efe5-48d8-bb80-ed5bd67d90d0,Reading and Literature,"Poetry and poetic forms (haiku, sonnets, free verse)"
5bq130pxjf,738e5d65-3984-4111-a233-9a5a5876f387,Travel and Exploration,Urban exploration and historical tours
d66wno7ojt,738e5d65-3984-4111-a233-9a5a5876f387,Outdoor Activities,"Camping (tent camping, RV camping)"
vsdt8ioy4i,738e5d65-3984-4111-a233-9a5a5876f387,Reading and Literature,"Non-fiction (biographies, history, self-help, psychology)"
b523xq8i87,565628d3-5892-4f3e-bcd3-61600d3181e9,Reading and Literature,"Non-fiction (biographies, history, self-help, psychology)"
vvgqld4562,19f04b63-d76a-495d-9cf8-7462b40540e9,Outdoor Activities,Hiking and nature walks
vo37tj54b9,19f04b63-d76a-495d-9cf8-7462b40540e9,Travel and Exploration,Road trips and exploring scenic routes
06vhsqmern,e35bf3c0-b9f6-4b8a-ba5f-e3dce291b983,Health and Wellness,Holistic health practices (acupuncture herbalism)
z2f4ra465p,a310ee6a-1f7a-4d8a-b2bc-e266c9e14e7e,Travel and Exploration,Urban exploration and historical tours
47bukzowyn,13bcb143-f1e9-4495-aefe-6f998dd031e4,Reading and Literature,"Non-fiction (biographies, history, self-help, psychology)"
xmp7i8dqz4,8704d5c9-45c8-4c26-bb80-d27b816690de,Travel and Exploration,Cruise vacations and sailing adventures
cs9n1tyhru,8704d5c9-45c8-4c26-bb80-d27b816690de,Reading and Literature,Audio books and storytelling podcasts
7d0vw4276p,7d6eb8e1-f8cb-43e2-b6ee-c5f2fb5a27c9,Reading and Literature,Literary analysis and book discussions
3v98f1or00,7d6eb8e1-f8cb-43e2-b6ee-c5f2fb5a27c9,Reading and Literature,Audio books and storytelling podcasts
hkbppeqe4u,7d6eb8e1-f8cb-43e2-b6ee-c5f2fb5a27c9,Reading and Literature,"Poetry and poetic forms (haiku, sonnets, free verse)"
j9up2mtl1w,6a0680e3-a6e3-4b17-a2ef-201959e1d4ef,Reading and Literature,Literary analysis and book discussions
s3kdbz2gj7,6a0680e3-a6e3-4b17-a2ef-201959e1d4ef,Reading and Literature,"Non-fiction (biographies, history, self-help, psychology)"
4ht05jev27,6a0680e3-a6e3-4b17-a2ef-201959e1d4ef,Travel and Exploration,Backpacking and adventure travel
w2usncegox,4d919c3a-23e6-45f6-815d-d26df885ccba,Health & Wellness,Nutrition planning meal prepping
veojlypgdu,4d919c3a-23e6-45f6-815d-d26df885ccba,Outdoor Activities,Wilderness survival skills
ni2ns8eb7b,4d919c3a-23e6-45f6-815d-d26df885ccba,Reading and Literature,Literary analysis and book discussions
zrodochx75,403bef93-c3fc-4e95-b39e-96bac13fb948,Travel and Exploration,Visiting new countries and cultures
7e82q6j4su,403bef93-c3fc-4e95-b39e-96bac13fb948,Health and Wellness,Fitness obstacle course races
a347lvs26t,b8a751de-102f-47f8-96ea-a0c314d176b8,Outdoor Activities,Wilderness survival skills
76uibdq2xi,b8a751de-102f-47f8-96ea-a0c314d176b8,Health and Wellness,Fitness obstacle course races
4fvchueynm,b8a751de-102f-47f8-96ea-a0c314d176b8,Reading and Literature,Audio books and storytelling podcasts
qn1svqa1j5,e0461e2f-7efc-471b-875c-4ea9e7b9ce1f,Travel and Exploration,Urban exploration and historical tours
f3p43msrqw,e0461e2f-7efc-471b-875c-4ea9e7b9ce1f,Reading and Literature,Audio books and storytelling podcasts
4ir3xp1k5l,49ba0156-8919-4ca2-a6c5-5e5b96f32170,Travel and Exploration,Road trips and exploring scenic routes
4oidbc0zgs,49ba0156-8919-4ca2-a6c5-5e5b96f32170,Health and Wellness,Fitness obstacle course races
ljzy6lm5ni,49ba0156-8919-4ca2-a6c5-5e5b96f32170,Reading and Literature,Reading challenges and book clubs
0y9hzeh6b1,18142272-89ad-4569-a176-674397edb5af,Reading and Literature,Literary analysis and book discussions
1qui08dc8t,18142272-89ad-4569-a176-674397edb5af,Health & Wellness,Nutrition planning meal prepping
t9lxboa5h5,18142272-89ad-4569-a176-674397edb5af,Travel and Exploration,Ecotourism and sustainable travel
9z6pjkedje,e3b1ff1e-e31f-4ca6-99e8-68ee8c313d73,Health and Wellness,Practicing mindfulness meditation
qz0ahu6c4d,6e454e1f-2bd0-49ca-a062-7679329d7257,Health & Wellness,Nutrition planning meal prepping
l3usmbnrck,6e454e1f-2bd0-49ca-a062-7679329d7257,Reading and Literature,Reading challenges and book clubs
go6y8jy3ae,32aaa29b-5a3f-4a84-89af-566a59aa3956,Reading and Literature,Audio books and storytelling podcasts
o0zenj0juj,0b6d4819-16a3-4136-83ff-aaf69b07ee68,Health and Wellness,Practicing mindfulness meditation
egm6bgedd7,7f496b71-eee9-4d34-900d-3ff2495f22b5,Reading and Literature,"Non-fiction (biographies, history, self-help, psychology)"
dy811tes26,c2e3004c-02c6-4c4f-a4ee-ed2eba95b192,Health and Wellness,Practicing mindfulness meditation
nvs2k2746g,c2e3004c-02c6-4c4f-a4ee-ed2eba95b192,Reading and Literature,Reading challenges and book clubs
i7043fuksh,136cb770-701b-4a1c-884b-341a497ca7f5,Health and Wellness,Yoga retreats wellness tourism
sh1n6lfhd8,136cb770-701b-4a1c-884b-341a497ca7f5,Health and Wellness,Fitness obstacle course races
72ao2zok1z,346f3c8d-4239-412f-9af9-841e0e8d0163,Travel and Exploration,Ecotourism and sustainable travel
u4t43zrsc4,346f3c8d-4239-412f-9af9-841e0e8d0163,Health and Wellness,Fitness obstacle course races
q9ygfbtnf4,346f3c8d-4239-412f-9af9-841e0e8d0163,Reading and Literature,Audio books and storytelling podcasts
1t5pcb7kwh,e61a672e-5a6e-4971-a8a7-a0b7e4c10a38,Reading and Literature,Literary analysis and book discussions
ypmhlhvy5b,3b024fb9-9c8b-47fb-b2bf-b0b21071c8b2,Health & Wellness,Nutrition planning meal prepping
hol253imew,3b024fb9-9c8b-47fb-b2bf-b0b21071c8b2,Outdoor Activities,"Camping (tent camping, RV camping)"
gqqym0xbdg,3b024fb9-9c8b-47fb-b2bf-b0b21071c8b2,Health and Wellness,Yoga retreats wellness tourism
kwu4fjecu8,ec7c6f18-5e97-4fb1-baa9-fec7bbfb696f,Travel and Exploration,Urban exploration and historical tours
llznw3ecxa,5255f399-e4a4-4b74-bfc0-e11a84f91f66,Outdoor Activities,Hiking and nature walks
i9rk4u7ho6,5255f399-e4a4-4b74-bfc0-e11a84f91f66,Travel and Exploration,Road trips and exploring scenic routes
gr8b6pi98l,b6e5979f-6ed6-4e33-a50f-981a7637b212,Travel and Exploration,Visiting new countries and cultures
plb94wb11g,b6e5979f-6ed6-4e33-a50f-981a7637b212,Outdoor Activities,Wilderness survival skills
6uwfy4f1at,ee9d1a72-c62c-40a8-b512-f79f005cd98f,Reading and Literature,"Fiction (novels, short stories, fantasy, science fiction)"
1m20mp5sku,ee9d1a72-c62c-40a8-b512-f79f005cd98f,Health and Wellness,Yoga retreats wellness tourism
zir72p2pdb,a7699a09-8d6f-42b0-bc81-28bb359b5357,Outdoor Activities,Hiking and nature walks
5qfoaz7z3y,380243e2-55c0-4d07-aead-10e610f710f8,Outdoor Activities,"Camping (tent camping, RV camping)"
831te4oi4j,380243e2-55c0-4d07-aead-10e610f710f8,Reading and Literature,"Poetry and poetic forms (haiku, sonnets, free verse)"
f7edis09mw,438e4c86-dd44-4456-a7c7-11dabc0fdbc3,Reading and Literature,Reading challenges and book clubs
2534lx7t1u,1689a59c-95b3-457e-90d1-b5c3e196a11b,Travel and Exploration,Ecotourism and sustainable travel
eg9uez2crx,1689a59c-95b3-457e-90d1-b5c3e196a11b,Health & Wellness,Nutrition planning meal prepping
ve9lisa5jh,1689a59c-95b3-457e-90d1-b5c3e196a11b,Reading and Literature,Reading challenges and book clubs
qkiktyprbn,30752260-9f6e-49f0-b88d-370c41b4e197,Health & Wellness,Nutrition planning meal prepping
7to0e363jq,46b19fb0-ddf9-490c-8b9a-6d5ba676fdfe,Health and Wellness,Fitness obstacle course races
ttogninzzn,46b19fb0-ddf9-490c-8b9a-6d5ba676fdfe,Travel and Exploration,Visiting new countries and cultures
z6969brvbs,46b19fb0-ddf9-490c-8b9a-6d5ba676fdfe,Travel and Exploration,Road trips and exploring scenic routes
4s6y27bti5,becf4ec6-9db3-4aa3-aa0d-cb032556c1fb,Reading and Literature,"Poetry and poetic forms (haiku, sonnets, free verse)"
wpemz0731k,daf79a66-8e59-421f-a692-b5d392da8695,Travel and Exploration,Visiting new countries and cultures
up3cwytj7s,daf79a66-8e59-421f-a692-b5d392da8695,Travel and Exploration,Road trips and exploring scenic routes
acjx2fn3ny,daf79a66-8e59-421f-a692-b5d392da8695,Travel and Exploration,Ecotourism and sustainable travel
beq9hqspc7,a5c4b51a-cda6-4ec9-8e35-e63ba7a46741,Reading and Literature,"Fiction (novels, short stories, fantasy, science fiction)"
w5medvyll8,a5c4b51a-cda6-4ec9-8e35-e63ba7a46741,Travel and Exploration,Visiting new countries and cultures
g70blrwa35,d359b2bd-c315-4561-bd00-14b7b81a70dc,Travel and Exploration,Urban exploration and historical tours
d4nnwpt680,d359b2bd-c315-4561-bd00-14b7b81a70dc,Health and Wellness,Practicing mindfulness meditation
awi5o936lx,d359b2bd-c315-4561-bd00-14b7b81a70dc,Travel and Exploration,Backpacking and adventure travel
18y70hh9vv,82058d0f-2731-46e5-8511-184878437f8e,Reading and Literature,"Non-fiction (biographies, history, self-help, psychology)"
vzxy90nzhu,82058d0f-2731-46e5-8511-184878437f8e,Reading and Literature,Audio books and storytelling podcasts
ewjnwxbkc3,67a6f86b-f086-4eb4-a2f1-924bb39c8401,Travel and Exploration,Cruise vacations and sailing adventures
whvbfw1l2s,67a6f86b-f086-4eb4-a2f1-924bb39c8401,Travel and Exploration,Urban exploration and historical tours
lwby67x992,e904f5d0-cab0-4980-af78-863258dff87d,Travel and Exploration,Backpacking and adventure travel
16qkte20es,e904f5d0-cab0-4980-af78-863258dff87d,Reading and Literature,Literary analysis and book discussions
p2f7uekf5n,e904f5d0-cab0-4980-af78-863258dff87d,Health and Wellness,Yoga retreats wellness tourism
0dde4ka1dm,7c80e266-0847-4d6e-bb09-dbed0d9e2d42,Outdoor Activities,"Camping (tent camping, RV camping)"
in42hb0emr,abcbb48f-b8a3-426f-8c5f-76efbc3829c0,Reading and Literature,"Poetry and poetic forms (haiku, sonnets, free verse)"
2joldx4hj5,519e1b05-166c-488f-a7e7-577222cce099,Reading and Literature,"Non-fiction (biographies, history, self-help, psychology)"
dxpiqhg98i,11e3a800-8996-45a3-856f-a73d49ddaa84,Health and Wellness,Yoga retreats wellness tourism
tzqqkobhdz,c437d10f-face-42e3-b790-fa781b90e6ba,Outdoor Activities,Hiking and nature walks
6ezlrf3v0c,b8b814f3-858f-44ee-b943-3f13fb6b6281,Reading and Literature,"Non-fiction (biographies, history, self-help, psychology)"
s25gv7pdw4,b8b814f3-858f-44ee-b943-3f13fb6b6281,Health and Wellness,Practicing mindfulness meditation
omp8r8bs3b,6ddf2a4a-3385-40a9-9e75-3daf8273ab09,Reading and Literature,Literary analysis and book discussions
4wima81lwy,34af2720-4ea2-431a-8da9-d7bed0726624,Reading and Literature,"Fiction (novels, short stories, fantasy, science fiction)"
ldir0l1o7t,34af2720-4ea2-431a-8da9-d7bed0726624,Travel and Exploration,Road trips and exploring scenic routes
149vk6wek1,4dd1701c-060e-446c-815d-bb496dbac2cf,Travel and Exploration,Road trips and exploring scenic routes
3hmp4y2o7d,4dd1701c-060e-446c-815d-bb496dbac2cf,Travel and Exploration,Visiting new countries and cultures
0iu4wg7ln5,b509f720-495e-40ea-a8bc-6be4eace22dc,Reading and Literature,Reading challenges and book clubs
sx1lkf60lf,b509f720-495e-40ea-a8bc-6be4eace22dc,Travel and Exploration,Urban exploration and historical tours
texd4irjng,65cf1611-969e-42f2-856a-b3178c362dad,Travel and Exploration,Urban exploration and historical tours
uul9tx2tfu,65cf1611-969e-42f2-856a-b3178c362dad,Travel and Exploration,Road trips and exploring scenic routes
ogb41w6wmw,65cf1611-969e-42f2-856a-b3178c362dad,Reading and Literature,"Fiction (novels, short stories, fantasy, science fiction)"
d42uwyvp6h,b34f4a4c-0b31-4f00-bc67-19d20a92eede,Reading and Literature,"Poetry and poetic forms (haiku, sonnets, free verse)"
z6ey7tixgc,b34f4a4c-0b31-4f00-bc67-19d20a92eede,Health and Wellness,Holistic health practices (acupuncture herbalism)
dy6hh3ua7p,b34f4a4c-0b31-4f00-bc67-19d20a92eede,Travel and Exploration,Cruise vacations and sailing adventures
1rns560it2,4b63601d-2cb9-4b14-88c8-06c714e879c1,Travel and Exploration,Urban exploration and historical tours
lkqn2qvbmq,4b63601d-2cb9-4b14-88c8-06c714e879c1,Reading and Literature,"Non-fiction (biographies, history, self-help, psychology)"
ph2xh0b0xs,255c9d24-930c-427f-acf3-9ff42dae890e,Reading and Literature,"Fiction (novels, short stories, fantasy, science fiction)"
ybncfcm20g,255c9d24-930c-427f-acf3-9ff42dae890e,Health and Wellness,Yoga retreats wellness tourism
mb7hi956r5,255c9d24-930c-427f-acf3-9ff42dae890e,Health and Wellness,Practicing mindfulness meditation
8h21ixrvzt,7425af47-5edd-47d1-9095-54bbd02be9da,Reading and Literature,Literary analysis and book discussions
m3dffl5f9q,a3d97332-f6ca-4aa1-a023-118bb35e74ff,Travel and Exploration,Backpacking and adventure travel
bvm2z9tug9,f25f18f1-a5c7-427c-8702-32177dca8682,Reading and Literature,Reading challenges and book clubs
tgews9dmgs,f25f18f1-a5c7-427c-8702-32177dca8682,Health and Wellness,Practicing mindfulness meditation
pd95e3s0rl,0ad91275-dce9-492e-b6f5-330111a54564,Health & Wellness,Nutrition planning meal prepping
gc11ij5hhg,04a78df8-917b-43af-af73-e76f78a0fb2e,Outdoor Activities,Hiking and nature walks
fuzbxr2zek,04a78df8-917b-43af-af73-e76f78a0fb2e,Travel and Exploration,Backpacking and adventure travel
wqvo9esxdj,e6047c44-ae02-4005-b197-3bc46e03d15c,Travel and Exploration,Ecotourism and sustainable travel
wwv4s2ku1s,e6047c44-ae02-4005-b197-3bc46e03d15c,Reading and Literature,"Poetry and poetic forms (haiku, sonnets, free verse)"
ufq23l9wfl,f610a8ca-0775-40d0-8b5c-f3494ca94f75,Reading and Literature,"Poetry and poetic forms (haiku, sonnets, free verse)"
t4l1wbdbm6,10858d49-8760-4f06-92d3-0238fcb4db53,Travel and Exploration,Cruise vacations and sailing adventures
itslgwxfkd,10858d49-8760-4f06-92d3-0238fcb4db53,Health and Wellness,Holistic health practices (acupuncture herbalism)
5yjomaxwad,10858d49-8760-4f06-92d3-0238fcb4db53,Outdoor Activities,Hiking and nature walks
gb3lfaj4a1,7f86f7d3-1a3c-4ec2-8e1f-376aa5e11395,Health and Wellness,Practicing mindfulness meditation
p9eajosafm,960f3e70-f522-4d2f-bc1f-522024b2a84f,Reading and Literature,"Fiction (novels, short stories, fantasy, science fiction)"
1cw6zz1uko,8c2a39ba-c546-4520-8415-2d58ced519e5,Travel and Exploration,Visiting new countries and cultures
ikegz5ygph,8c2a39ba-c546-4520-8415-2d58ced519e5,Reading and Literature,"Poetry and poetic forms (haiku, sonnets, free verse)"
dvjbwgehbd,ec5710c9-bf4d-4016-934a-c4fe1700e5e7,Outdoor Activities,Hiking and nature walks
l6gsp6lt68,ec5710c9-bf4d-4016-934a-c4fe1700e5e7,Health and Wellness,Holistic health practices (acupuncture herbalism)
xp8111g780,ace75e42-e95b-4beb-9c5b-562d134c9309,Reading and Literature,Audio books and storytelling podcasts
ctvjxf71js,ace75e42-e95b-4beb-9c5b-562d134c9309,Travel and Exploration,Ecotourism and sustainable travel
k9gaprx9cm,c20542b0-a3d2-45ca-a121-f6296ef5ae6a,Health & Wellness,Nutrition planning meal prepping
3s6luul7nb,c20542b0-a3d2-45ca-a121-f6296ef5ae6a,Reading and Literature,"Poetry and poetic forms (haiku, sonnets, free verse)"
n9eo837qc6,14aa0462-7a4a-44ce-8aa8-929039c42b50,Health & Wellness,Nutrition planning meal prepping
2kiuqi9vq5,14aa0462-7a4a-44ce-8aa8-929039c42b50,Health and Wellness,Yoga retreats wellness tourism
zfv2wk4yia,14aa0462-7a4a-44ce-8aa8-929039c42b50,Travel and Exploration,Urban exploration and historical tours
9c3of73uuj,5a6af3e9-c8bf-4b65-b599-3b3f4e2791e8,Reading and Literature,"Poetry and poetic forms (haiku, sonnets, free verse)"
pe2ju80hsg,5a6af3e9-c8bf-4b65-b599-3b3f4e2791e8,Health and Wellness,Fitness obstacle course races
cm2xg8rip0,5a6af3e9-c8bf-4b65-b599-3b3f4e2791e8,Travel and Exploration,Ecotourism and sustainable travel
j2lr87c3jm,244b376a-ed74-4dcc-85c1-f0a1a26a19ef,Outdoor Activities,Wilderness survival skills
cp7p3evdl3,244b376a-ed74-4dcc-85c1-f0a1a26a19ef,Reading and Literature,Literary analysis and book discussions
w824qbryfr,244b376a-ed74-4dcc-85c1-f0a1a26a19ef,Outdoor Activities,"Camping (tent camping, RV camping)"
dgyx6nhv28,9d1a3c93-dfae-4123-b989-8c3ac0e3ecc3,Outdoor Activities,Wilderness survival skills
arsasa2uli,9d1a3c93-dfae-4123-b989-8c3ac0e3ecc3,Travel and Exploration,Urban exploration and historical tours
zrc6geyzuc,ccc54d79-fa45-4eca-af0a-b54933ad9e9f,Travel and Exploration,Road trips and exploring scenic routes
smz27qxw6x,ccc54d79-fa45-4eca-af0a-b54933ad9e9f,Travel and Exploration,Backpacking and adventure travel
1k0cmt0fld,f1060f59-ac23-4a12-a6a1-ea40c7d0b0f8,Outdoor Activities,Wilderness survival skills
0ktl0sv5f4,f1060f59-ac23-4a12-a6a1-ea40c7d0b0f8,Travel and Exploration,Urban exploration and historical tours
07f43egviz,d2e12620-cef4-494e-af1d-b239b4f1a892,Reading and Literature,Reading challenges and book clubs
si84sxygv0,d2e12620-cef4-494e-af1d-b239b4f1a892,Reading and Literature,Literary analysis and book discussions
zz53xrd4jt,d2e12620-cef4-494e-af1d-b239b4f1a892,Health and Wellness,Yoga retreats wellness tourism
rxsxtmp1k9,af047bc6-7be7-41d0-a147-e2c9d453229c,Travel and Exploration,Cruise vacations and sailing adventures
w2khaetmwo,af047bc6-7be7-41d0-a147-e2c9d453229c,Travel and Exploration,Visiting new countries and cultures
9cigffx95f,6390d174-8172-42b6-8cf6-8bac9c4ed5c9,Outdoor Activities,Wilderness survival skills
eigxtmt5ks,69cf934a-3759-4e39-9c4f-8e4d66090631,Travel and Exploration,Road trips and exploring scenic routes
04pqon74ii,2c966663-2ea8-4275-b666-af7e29533f17,Reading and Literature,Literary analysis and book discussions
4l0zgolql8,2c966663-2ea8-4275-b666-af7e29533f17,Reading and Literature,"Fiction (novels, short stories, fantasy, science fiction)"
am8prqofw5,f784b742-4c95-4ddb-b1ce-87c13426e94a,Health and Wellness,Practicing mindfulness meditation
sje9rxyfe2,45c6ad68-09df-4eef-b15b-7ae80bfe427d,Reading and Literature,Reading challenges and book clubs
p0g5xmc5d5,733893d4-6668-4b7b-8b53-915f3d577ead,Health and Wellness,Practicing mindfulness meditation
48tn4x2zmg,733893d4-6668-4b7b-8b53-915f3d577ead,Reading and Literature,Reading challenges and book clubs
sktvvuct0j,733893d4-6668-4b7b-8b53-915f3d577ead,Reading and Literature,Audio books and storytelling podcasts
kvzngc6tfz,7bcdf655-f4cc-459e-9296-f4873b6b6c95,Reading and Literature,"Non-fiction (biographies, history, self-help, psychology)"
lip5n0jqrl,7bcdf655-f4cc-459e-9296-f4873b6b6c95,Health and Wellness,Practicing mindfulness meditation
ijjnjzqjnq,f3a39504-8527-4542-a22c-fef10550dcb4,Travel and Exploration,Visiting new countries and cultures
h1we57gifq,f3a39504-8527-4542-a22c-fef10550dcb4,Reading and Literature,"Non-fiction (biographies, history, self-help, psychology)"
btybafghby,be0951ea-ea04-40d1-8263-a716991dd859,Outdoor Activities,Hiking and nature walks
438lihsbqw,be0951ea-ea04-40d1-8263-a716991dd859,Health and Wellness,Yoga retreats wellness tourism
ymhgdpnlt2,be0951ea-ea04-40d1-8263-a716991dd859,Travel and Exploration,Road trips and exploring scenic routes
yhqb76pfpw,ccf11c74-e93a-4600-b665-68e5f7f9da25,Reading and Literature,"Fiction (novels, short stories, fantasy, science fiction)"
3mzd35fyex,a981eccf-4f37-4362-a091-8eae42c7c680,Travel and Exploration,Road trips and exploring scenic routes
1ixooips3w,eb7d240b-fcd8-4de1-9104-4505c85db54a,Travel and Exploration,Visiting new countries and cultures
ylfklokyp8,eb7d240b-fcd8-4de1-9104-4505c85db54a,Health and Wellness,Yoga retreats wellness tourism
w7i5oam424,1121435c-8296-4816-baf4-6473669badaf,Travel and Exploration,Cruise vacations and sailing adventures
bnvefy776r,39586b4a-2423-411b-baf6-d5b2bd200926,Travel and Exploration,Ecotourism and sustainable travel
re8rnns13r,39586b4a-2423-411b-baf6-d5b2bd200926,Reading and Literature,Literary analysis and book discussions
e4s4nd23bk,39586b4a-2423-411b-baf6-d5b2bd200926,Health and Wellness,Practicing mindfulness meditation
y54vypl46i,2e9b35a5-a02d-4149-aefc-0f8341536a57,Health & Wellness,Nutrition planning meal prepping
nk78aorrfo,2e9b35a5-a02d-4149-aefc-0f8341536a57,Reading and Literature,Audio books and storytelling podcasts
prubdag704,2e9b35a5-a02d-4149-aefc-0f8341536a57,Travel and Exploration,Cruise vacations and sailing adventures
qmq85s8sf7,aca37f3b-c4c8-46ca-b827-c0c282e44451,Outdoor Activities,Hiking and nature walks
cm0odk1rj9,aca37f3b-c4c8-46ca-b827-c0c282e44451,Reading and Literature,Reading challenges and book clubs
dsrqeodall,2afcbbf2-a55b-4a53-af26-542e01175849,Travel and Exploration,Visiting new countries and cultures
ga6h0ehwlz,2afcbbf2-a55b-4a53-af26-542e01175849,Outdoor Activities,Wilderness survival skills
qpemxi1oev,2afcbbf2-a55b-4a53-af26-542e01175849,Health and Wellness,Yoga retreats wellness tourism
ldcu0rx4ge,9637909a-d2ba-4894-b215-221a07ad0de7,Health & Wellness,Nutrition planning meal prepping
lg1xpxf89z,9637909a-d2ba-4894-b215-221a07ad0de7,Travel and Exploration,Ecotourism and sustainable travel
hvw47vvtpk,9637909a-d2ba-4894-b215-221a07ad0de7,Reading and Literature,"Fiction (novels, short stories, fantasy, science fiction)"
qtwuzbq37s,e15ba398-ce86-4c1c-b550-4ed3d256f8ee,Reading and Literature,Literary analysis and book discussions
b3asjhz6bv,e15ba398-ce86-4c1c-b550-4ed3d256f8ee,Travel and Exploration,Ecotourism and sustainable travel
x213lvu2fl,bca47744-49a0-4af6-b27f-ab81366ff1dc,Travel and Exploration,Urban exploration and historical tours
14uk9f1yse,bca47744-49a0-4af6-b27f-ab81366ff1dc,Reading and Literature,Literary analysis and book discussions
v35y2ehf9v,bca47744-49a0-4af6-b27f-ab81366ff1dc,Travel and Exploration,Cruise vacations and sailing adventures
26pc0wbwni,672893de-206f-4505-b474-4362911ef257,Travel and Exploration,Cruise vacations and sailing adventures
8yma8x3b1u,672893de-206f-4505-b474-4362911ef257,Health & Wellness,Nutrition planning meal prepping
4x4908rvwi,672893de-206f-4505-b474-4362911ef257,Reading and Literature,Audio books and storytelling podcasts
ux9xltu3q1,8ef9e2f1-7683-4600-9479-5631b5df573d,Travel and Exploration,Road trips and exploring scenic routes
cpaj2ya7zt,8ef9e2f1-7683-4600-9479-5631b5df573d,Health and Wellness,Fitness obstacle course races
xovxc9g5a2,8ef9e2f1-7683-4600-9479-5631b5df573d,Reading and Literature,Literary analysis and book discussions
pipjv6q1d9,7fbfc2db-7784-43b3-9d25-127cf8974382,Reading and Literature,"Fiction (novels, short stories, fantasy, science fiction)"
fp9ahqoogo,ec7e92e6-d1d4-45d5-aa8d-55515a9af2f3,Outdoor Activities,Wilderness survival skills
tao2jsnpir,ec7e92e6-d1d4-45d5-aa8d-55515a9af2f3,Reading and Literature,Literary analysis and book discussions
xft0mlac7w,f8908a15-5495-4876-8d0d-f152bf0237b0,Health and Wellness,Holistic health practices (acupuncture herbalism)
ekdh8o8712,f8908a15-5495-4876-8d0d-f152bf0237b0,Travel and Exploration,Cruise vacations and sailing adventures
wfpjrsf6nh,ebfb385e-e09c-4872-9d31-7da72e3ca9f2,Reading and Literature,"Poetry and poetic forms (haiku, sonnets, free verse)"
mtfhmo52hk,ebfb385e-e09c-4872-9d31-7da72e3ca9f2,Health and Wellness,Holistic health practices (acupuncture herbalism)
x17o0k6fal,72d98ef2-1157-4ac4-b160-3c251f8af2a9,Reading and Literature,Reading challenges and book clubs
735v3dxgv9,f5b2338e-2190-423f-a20e-ad45877da53e,Health and Wellness,Holistic health practices (acupuncture herbalism)
g5qtruw2pw,90c9c816-8ab2-4dce-82bd-ba5f6f06bede,Outdoor Activities,"Camping (tent camping, RV camping)"
o0ypgl89yv,90c9c816-8ab2-4dce-82bd-ba5f6f06bede,Travel and Exploration,Cruise vacations and sailing adventures
lqh8r84whf,2a2b1a6e-c6f0-4894-b105-25387cf2aa8e,Reading and Literature,Literary analysis and book discussions
05yoljnhu5,a129aee6-965b-468f-9f85-920f5a1dfd5b,Health & Wellness,Nutrition planning meal prepping
9b99h51af6,a129aee6-965b-468f-9f85-920f5a1dfd5b,Reading and Literature,Audio books and storytelling podcasts
fl7fhc705q,28b75718-dcc4-468d-a651-2520e2a56d65,Health and Wellness,Yoga retreats wellness tourism
z44oydqatu,d9141ff3-1ba0-400e-b91a-0db20e82620e,Reading and Literature,"Poetry and poetic forms (haiku, sonnets, free verse)"
h2ag97q9r8,d9141ff3-1ba0-400e-b91a-0db20e82620e,Health and Wellness,Practicing mindfulness meditation
4jo9jy2gbr,d9141ff3-1ba0-400e-b91a-0db20e82620e,Reading and Literature,"Fiction (novels, short stories, fantasy, science fiction)"
bdg60z8jfy,aee8cfca-87db-46d2-b391-e43201444ce6,Reading and Literature,Literary analysis and book discussions
kz2uh4869s,aee8cfca-87db-46d2-b391-e43201444ce6,Health and Wellness,Practicing mindfulness meditation
x4keqkg130,aee8cfca-87db-46d2-b391-e43201444ce6,Travel and Exploration,Ecotourism and sustainable travel
t3imvlq011,de451338-83d6-4ac6-ba42-c64c69efe4c9,Travel and Exploration,Urban exploration and historical tours
iwqw2rykrr,de451338-83d6-4ac6-ba42-c64c69efe4c9,Reading and Literature,Reading challenges and book clubs
97rzh3b1eo,152a6f74-5620-4800-a46e-01aa845065b5,Outdoor Activities,Wilderness survival skills
8mcyk97wgf,010ccfd4-e940-4f1f-adb3-91f7d5f0bc27,Health and Wellness,Fitness obstacle course races
clrb1irzk3,f5158446-e232-4ed7-b400-deaa65e3f049,Outdoor Activities,"Camping (tent camping, RV camping)"
psgk5jkp2p,f5158446-e232-4ed7-b400-deaa65e3f049,Reading and Literature,Reading challenges and book clubs
9w7v8oywp0,f5158446-e232-4ed7-b400-deaa65e3f049,Reading and Literature,Audio books and storytelling podcasts
r1e00xwb2y,159a4c36-ef09-4bdc-a5da-c099e220e152,Travel and Exploration,Visiting new countries and cultures
n3rnujqnza,159a4c36-ef09-4bdc-a5da-c099e220e152,Reading and Literature,Reading challenges and book clubs
bnk7t7ng5b,159a4c36-ef09-4bdc-a5da-c099e220e152,Outdoor Activities,"Camping (tent camping, RV camping)"
79rya1qqtf,4f8a300b-b2f2-4c1a-a122-11210c3b97f4,Reading and Literature,Literary analysis and book discussions
u7owog3tbh,8829f885-6129-4c0f-8526-9cb4652de097,Outdoor Activities,Wilderness survival skills
lks0emba56,2121f9d1-f656-45f2-a0d3-5f674853f86f,Travel and Exploration,Cruise vacations and sailing adventures
xfslz6jfi0,af98c611-ae2c-48b1-9bd9-b1106d8a4844,Travel and Exploration,Visiting new countries and cultures
ss8o4iwkju,c7801749-d138-40e7-8599-d921fb78655e,Reading and Literature,Literary analysis and book discussions
cxtvp8jr16,721ec9de-ae48-4a3d-bb34-adec030666e6,Outdoor Activities,Hiking and nature walks
jnv7zvsytt,529ecb1b-7a42-4cbe-a7a6-e4352355a439,Health and Wellness,Practicing mindfulness meditation
5frguq9q66,529ecb1b-7a42-4cbe-a7a6-e4352355a439,Health and Wellness,Fitness obstacle course races
n8zmfirgnc,211c5f89-4b95-4b07-8f1b-1abfffbe992d,Reading and Literature,Audio books and storytelling podcasts
kwksl6xy1m,6aa83423-81a4-4d9e-ab1f-e888643fe26b,Reading and Literature,"Non-fiction (biographies, history, self-help, psychology)"
8e22s6j2j3,6aa83423-81a4-4d9e-ab1f-e888643fe26b,Travel and Exploration,Urban exploration and historical tours
f8w1wfs1su,6aa83423-81a4-4d9e-ab1f-e888643fe26b,Outdoor Activities,Wilderness survival skills
31xhvcgvqr,6e0a2da3-f49c-4be0-ab34-5320a3cc74b1,Reading and Literature,"Non-fiction (biographies, history, self-help, psychology)"
ycmc65yj1s,6e0a2da3-f49c-4be0-ab34-5320a3cc74b1,Outdoor Activities,Wilderness survival skills
qs6gxtt6yk,e59b3347-c2d5-4419-a24a-ebd2344e68df,Health and Wellness,Practicing mindfulness meditation
rq0axi1y80,11733031-a8ef-4abe-ba8c-03b6ff81532e,Reading and Literature,"Fiction (novels, short stories, fantasy, science fiction)"
s4aem7twut,11733031-a8ef-4abe-ba8c-03b6ff81532e,Travel and Exploration,Ecotourism and sustainable travel
haz6u73hwi,11733031-a8ef-4abe-ba8c-03b6ff81532e,Travel and Exploration,Visiting new countries and cultures
fyzos3po0i,7144194b-bd30-4e4b-ba73-b86abe656b43,Health and Wellness,Yoga retreats wellness tourism
wl1p40ks4w,7144194b-bd30-4e4b-ba73-b86abe656b43,Outdoor Activities,Wilderness survival skills
cpenxcc93x,ea682350-387b-4ae0-8b43-2a130bd135c3,Health and Wellness,Holistic health practices (acupuncture herbalism)
ojjlqx8lfk,ea682350-387b-4ae0-8b43-2a130bd135c3,Health and Wellness,Practicing mindfulness meditation
478zntjiyy,ea682350-387b-4ae0-8b43-2a130bd135c3,Outdoor Activities,"Camping (tent camping, RV camping)"
idlzm371wl,43197b74-baa5-473d-ae37-1b3c64e566c0,Travel and Exploration,Ecotourism and sustainable travel
vb02gyq7z1,28cc7203-d6f6-4804-84c9-b1b6cc9dafc8,Health and Wellness,Holistic health practices (acupuncture herbalism)
zn6hijwlw2,c57f9b60-da69-4788-ac32-f3412e486c1f,Health and Wellness,Yoga retreats wellness tourism
051el8j54q,e7204b75-204d-4432-abd6-34e47cada052,Outdoor Activities,"Camping (tent camping, RV camping)"
4yo51gr9vb,98fda998-a572-4252-9338-e6cc5108d6c6,Travel and Exploration,Backpacking and adventure travel
aqxog2eo93,98fda998-a572-4252-9338-e6cc5108d6c6,Travel and Exploration,Cruise vacations and sailing adventures
m2i83r97fo,44495928-0d83-48e2-813b-4e2fa675e710,Outdoor Activities,Hiking and nature walks
r1j5lqknbo,44495928-0d83-48e2-813b-4e2fa675e710,Reading and Literature,"Non-fiction (biographies, history, self-help, psychology)"
1rwcyruwu4,11c7509f-1571-4298-af6f-c1bc99c68ee9,Health and Wellness,Practicing mindfulness meditation
r8f8sdyrpz,11c7509f-1571-4298-af6f-c1bc99c68ee9,Reading and Literature,Reading challenges and book clubs
6ceo249k7q,11c7509f-1571-4298-af6f-c1bc99c68ee9,Travel and Exploration,Cruise vacations and sailing adventures
qu3rskluo9,de8b37f5-5829-444d-9f3f-53a893f1481f,Health and Wellness,Yoga retreats wellness tourism
efe3z76a5z,410fa169-fc21-4c6a-b56a-29c5d579e97d,Reading and Literature,"Poetry and poetic forms (haiku, sonnets, free verse)"
7git0rjtbw,410fa169-fc21-4c6a-b56a-29c5d579e97d,Health & Wellness,Nutrition planning meal prepping
lug3xq5zb0,410fa169-fc21-4c6a-b56a-29c5d579e97d,Travel and Exploration,Urban exploration and historical tours
n37z849mgi,1c294395-ac18-4ca0-a216-b07355b3c514,Health and Wellness,Yoga retreats wellness tourism
w8u7am6jz9,1c294395-ac18-4ca0-a216-b07355b3c514,Travel and Exploration,Road trips and exploring scenic routes
j9oxbo4n9d,5a68837c-e8f1-409d-beca-e7056de11d42,Outdoor Activities,Wilderness survival skills
zpgfmbfnk5,64658650-5d37-43db-90ea-04abd528aeee,Travel and Exploration,Backpacking and adventure travel
p6rlm2rotp,dc8fcf95-c033-4a25-87ca-6ad0b61619ea,Health and Wellness,Fitness obstacle course races
ruhn68j8py,dc8fcf95-c033-4a25-87ca-6ad0b61619ea,Travel and Exploration,Visiting new countries and cultures
oockghmd7z,7ffe4761-7a61-44b5-97c1-766fd90dcb7b,Health and Wellness,Fitness obstacle course races
uyhy0mdbhg,7ffe4761-7a61-44b5-97c1-766fd90dcb7b,Outdoor Activities,"Camping (tent camping, RV camping)"
24xf5o3q0f,3292cb01-0f37-45fa-87c5-c4077a323754,Outdoor Activities,Hiking and nature walks
e9xf7jteo4,3292cb01-0f37-45fa-87c5-c4077a323754,Travel and Exploration,Backpacking and adventure travel
b2t6hxreal,29c5d0bb-ee77-45e6-9624-fdc0cb500a65,Travel and Exploration,Visiting new countries and cultures
bpqia69vty,29c5d0bb-ee77-45e6-9624-fdc0cb500a65,Outdoor Activities,"Camping (tent camping, RV camping)"
974e8lnswj,e19658e5-b81b-441f-a613-dc3ec6507184,Travel and Exploration,Road trips and exploring scenic routes
ebgk92usvf,e19658e5-b81b-441f-a613-dc3ec6507184,Travel and Exploration,Urban exploration and historical tours
8ljt5kbvaz,2643dea1-ccbe-4dd7-ac97-a5a3d7a27e12,Travel and Exploration,Urban exploration and historical tours
xqudwpe9mr,a31b931d-5357-421e-8c7a-421ecb00cf6f,Reading and Literature,Audio books and storytelling podcasts
shikhbsget,a31b931d-5357-421e-8c7a-421ecb00cf6f,Travel and Exploration,Backpacking and adventure travel
abmtvtqmoz,f7a71c46-6add-433c-b9a3-990b75f54cb3,Health & Wellness,Nutrition planning meal prepping
26dxt3c0wc,022cf4b6-2aff-494c-af73-bd4bf94f8475,Outdoor Activities,Hiking and nature walks
7hj7rd5s9x,ec9997a0-8df0-47c9-80c8-ae43b12baac4,Reading and Literature,Audio books and storytelling podcasts
099mojuxt3,ec9997a0-8df0-47c9-80c8-ae43b12baac4,Health & Wellness,Nutrition planning meal prepping
l1nkzvhfbp,59a5a27f-6eb2-4dd1-a884-81b16b3474f6,Travel and Exploration,Visiting new countries and cultures
q5v05wja23,59a5a27f-6eb2-4dd1-a884-81b16b3474f6,Outdoor Activities,Wilderness survival skills
sh6yz7rl5n,802831c4-73b8-4cda-be99-2db4dc5ce0dc,Travel and Exploration,Ecotourism and sustainable travel
g4w4iynmdk,17fcb4d5-de08-45fa-89ce-306ea8a52b47,Health & Wellness,Nutrition planning meal prepping
r0y6dhhvn4,17fcb4d5-de08-45fa-89ce-306ea8a52b47,Health and Wellness,Holistic health practices (acupuncture herbalism)
4nk49tva6x,3708ef1e-550c-4180-bd11-4258496e0dc3,Reading and Literature,"Fiction (novels, short stories, fantasy, science fiction)"
o5ipafd8uf,3708ef1e-550c-4180-bd11-4258496e0dc3,Outdoor Activities,Wilderness survival skills
otvq1fg3zk,45fd584e-e2c8-4652-84ab-151e4474c652,Travel and Exploration,Ecotourism and sustainable travel
ot2u71walq,45fd584e-e2c8-4652-84ab-151e4474c652,Travel and Exploration,Urban exploration and historical tours
fv91v01qi2,777776ff-ba1d-48a6-b706-9bbc05c22efd,Health and Wellness,Yoga retreats wellness tourism
ed5vh7pcwl,777776ff-ba1d-48a6-b706-9bbc05c22efd,Reading and Literature,"Fiction (novels, short stories, fantasy, science fiction)"
ugfhqqby4h,777776ff-ba1d-48a6-b706-9bbc05c22efd,Health & Wellness,Nutrition planning meal prepping
ezway25o3e,7f077b11-b852-4830-9953-316816dfd2c5,Reading and Literature,Reading challenges and book clubs
ni92gylt2h,3de548e3-801c-41d6-b0b8-28e8389795f1,Reading and Literature,Audio books and storytelling podcasts
ilv2gwh03k,3de548e3-801c-41d6-b0b8-28e8389795f1,Travel and Exploration,Visiting new countries and cultures
82wcw98yg3,3de548e3-801c-41d6-b0b8-28e8389795f1,Travel and Exploration,Road trips and exploring scenic routes
qycd1b2xol,4a881899-37f1-430c-93fb-b40ad86c5965,Travel and Exploration,Urban exploration and historical tours
hs89byoofm,4a881899-37f1-430c-93fb-b40ad86c5965,Reading and Literature,"Poetry and poetic forms (haiku, sonnets, free verse)"
42vcy58gd4,dc6a8330-abbc-4924-ab6c-1d417e9038fd,Reading and Literature,Reading challenges and book clubs
0p435geeeg,dc6a8330-abbc-4924-ab6c-1d417e9038fd,Health & Wellness,Nutrition planning meal prepping
alwtzsyn3g,dc6a8330-abbc-4924-ab6c-1d417e9038fd,Travel and Exploration,Visiting new countries and cultures
pqealbol48,969734ae-ea97-4cf1-a93e-292045e192b6,Reading and Literature,Audio books and storytelling podcasts
daw7pdp2k8,969734ae-ea97-4cf1-a93e-292045e192b6,Health and Wellness,Practicing mindfulness meditation
obeutmquw3,e435b5cd-085e-401e-85f4-a967bcaedc9f,Health and Wellness,Holistic health practices (acupuncture herbalism)
2axy6jgtn7,e435b5cd-085e-401e-85f4-a967bcaedc9f,Outdoor Activities,Wilderness survival skills
rn9b9wapnr,e435b5cd-085e-401e-85f4-a967bcaedc9f,Health and Wellness,Yoga retreats wellness tourism
bpke0v976x,6b041c73-0b9b-4e54-9e41-1c3ab42381eb,Reading and Literature,"Poetry and poetic forms (haiku, sonnets, free verse)"
35fnjcmews,6b041c73-0b9b-4e54-9e41-1c3ab42381eb,Outdoor Activities,Hiking and nature walks
vwuju9rp2g,00684172-e806-46da-9c17-eb839869ecc8,Reading and Literature,Literary analysis and book discussions
kczs6i74qk,00684172-e806-46da-9c17-eb839869ecc8,Reading and Literature,"Fiction (novels, short stories, fantasy, science fiction)"
i0yezaexjb,00684172-e806-46da-9c17-eb839869ecc8,Travel and Exploration,Cruise vacations and sailing adventures
u0e4m4m1fy,a5a7adec-5810-4b03-9154-79e281be1071,Travel and Exploration,Urban exploration and historical tours
nfjync6drk,a5a7adec-5810-4b03-9154-79e281be1071,Reading and Literature,Literary analysis and book discussions
bducoqepm8,a5a7adec-5810-4b03-9154-79e281be1071,Travel and Exploration,Backpacking and adventure travel
68mbugz1hn,9ea0f0cc-c8fa-4c20-b8b0-b5a0d5d33d72,Travel and Exploration,Backpacking and adventure travel
wd026n5v5o,9ea0f0cc-c8fa-4c20-b8b0-b5a0d5d33d72,Health and Wellness,Practicing mindfulness meditation
mncqkhdl1m,9ea0f0cc-c8fa-4c20-b8b0-b5a0d5d33d72,Outdoor Activities,Wilderness survival skills
9kbn4icba7,3a51421f-fdde-4b52-aa20-67301b3b1f9c,Health and Wellness,Practicing mindfulness meditation
zkwtn2rdfu,294d3756-5571-4a92-8bdf-94f3678d862c,Health and Wellness,Holistic health practices (acupuncture herbalism)
n8ha5xtbxa,294d3756-5571-4a92-8bdf-94f3678d862c,Travel and Exploration,Urban exploration and historical tours
appqzqxazd,294d3756-5571-4a92-8bdf-94f3678d862c,Travel and Exploration,Backpacking and adventure travel
t5ets91635,0093fcb3-b524-416f-b6fe-b8cae32d411a,Health & Wellness,Nutrition planning meal prepping
lle7vlr1bi,1b034431-e502-4c31-ba6a-1df051e09b3c,Health and Wellness,Holistic health practices (acupuncture herbalism)
yf4e8awr6k,1b034431-e502-4c31-ba6a-1df051e09b3c,Reading and Literature,"Non-fiction (biographies, history, self-help, psychology)"
mj2kw86idq,b065186b-9246-4feb-8aa1-d4845adaf808,Reading and Literature,Literary analysis and book discussions
k03fr1a8hx,b065186b-9246-4feb-8aa1-d4845adaf808,Reading and Literature,"Poetry and poetic forms (haiku, sonnets, free verse)"
kmljil2slq,b065186b-9246-4feb-8aa1-d4845adaf808,Outdoor Activities,Wilderness survival skills
inz2gu5i4b,42e2ee2b-9c1f-49d5-9b02-ea4b9d4c37d4,Outdoor Activities,Wilderness survival skills
5zgmyxxbxb,42e2ee2b-9c1f-49d5-9b02-ea4b9d4c37d4,Travel and Exploration,Backpacking and adventure travel
mmjmg89czh,1c54f805-5784-4ff7-84d8-51797d64d76a,Travel and Exploration,Cruise vacations and sailing adventures
y7wfpuxnfj,1c54f805-5784-4ff7-84d8-51797d64d76a,Travel and Exploration,Road trips and exploring scenic routes
57b9vrsky0,0493bf09-1fff-465f-b3bc-e9733a8c0fad,Reading and Literature,"Non-fiction (biographies, history, self-help, psychology)"
8fvt0n0vg4,0493bf09-1fff-465f-b3bc-e9733a8c0fad,Travel and Exploration,Cruise vacations and sailing adventures
cvqnsapir3,0493bf09-1fff-465f-b3bc-e9733a8c0fad,Health and Wellness,Holistic health practices (acupuncture herbalism)
eursbjpal9,42695f54-7e3f-4b93-955a-e3a43ebf9573,Health and Wellness,Yoga retreats wellness tourism
kuwq500pjb,1df81b8d-32ee-4c9c-9120-2c842688ff43,Reading and Literature,"Fiction (novels, short stories, fantasy, science fiction)"
i6e9rxn13u,1df81b8d-32ee-4c9c-9120-2c842688ff43,Outdoor Activities,Hiking and nature walks
17gs3j8w54,1df81b8d-32ee-4c9c-9120-2c842688ff43,Travel and Exploration,Backpacking and adventure travel
tva21re6wt,71e79106-87b1-49b9-8735-78e565a3520f,Outdoor Activities,Hiking and nature walks
pil86b69zh,71e79106-87b1-49b9-8735-78e565a3520f,Travel and Exploration,Backpacking and adventure travel
em1ioprdsy,92d5f1c9-9210-4769-ad2d-f83da37e378c,Reading and Literature,Reading challenges and book clubs
l33mw4bkyq,92d5f1c9-9210-4769-ad2d-f83da37e378c,Travel and Exploration,Urban exploration and historical tours
8197pwdo96,bb312740-7110-4a53-a9db-1627e7ae05a7,Health and Wellness,Practicing mindfulness meditation
fykvjuaki2,bb312740-7110-4a53-a9db-1627e7ae05a7,Outdoor Activities,"Camping (tent camping, RV camping)"
nxggq1rkrx,bb312740-7110-4a53-a9db-1627e7ae05a7,Health and Wellness,Fitness obstacle course races
yjb4j206dz,edfc244d-2764-407d-9779-0351eae344a0,Travel and Exploration,Urban exploration and historical tours
4zc8lb6xiq,6a1cd465-fd6a-4aab-a114-e01991c1186f,Reading and Literature,Audio books and storytelling podcasts
rpnxckbi6l,b7502587-286c-4312-9bc8-5caf8de3c8ae,Health and Wellness,Practicing mindfulness meditation
moaws0esla,b7502587-286c-4312-9bc8-5caf8de3c8ae,Reading and Literature,"Fiction (novels, short stories, fantasy, science fiction)"
lrt5gqp9wb,d4984361-7bae-4c1c-aa08-e32a4a3003d6,Reading and Literature,Reading challenges and book clubs
bi7m8ks8fy,d4984361-7bae-4c1c-aa08-e32a4a3003d6,Travel and Exploration,Urban exploration and historical tours
lfycr2swy7,faef25b4-bbb3-4e53-8fe7-9b2395a9fee7,Health and Wellness,Practicing mindfulness meditation
ccvhux7i48,5172eaad-3021-47a7-ada5-7c33193c2d83,Travel and Exploration,Urban exploration and historical tours
wxbmpqcrff,5172eaad-3021-47a7-ada5-7c33193c2d83,Travel and Exploration,Cruise vacations and sailing adventures
nrumqg9sud,5172eaad-3021-47a7-ada5-7c33193c2d83,Reading and Literature,Audio books and storytelling podcasts
gzkxxrfwea,9d538e95-f695-476f-9ab0-87aebbb5d6fb,Health and Wellness,Holistic health practices (acupuncture herbalism)
lpp4p3u8df,9d538e95-f695-476f-9ab0-87aebbb5d6fb,Travel and Exploration,Backpacking and adventure travel
wfnzxpwu2d,27ec0765-a7d0-41c9-96db-24ecd936ba1f,Health and Wellness,Holistic health practices (acupuncture herbalism)
8dr1jncmxv,556ec505-4932-416e-b7d2-f79bce6db5f0,Reading and Literature,"Poetry and poetic forms (haiku, sonnets, free verse)"
w77z83z94x,556ec505-4932-416e-b7d2-f79bce6db5f0,Travel and Exploration,Visiting new countries and cultures
ito8ok9buv,c2832902-096d-4cc7-b00e-287be79d00fd,Reading and Literature,"Non-fiction (biographies, history, self-help, psychology)"
q0vqv5wxbp,c2832902-096d-4cc7-b00e-287be79d00fd,Reading and Literature,Audio books and storytelling podcasts
2zo6ekldq8,c2832902-096d-4cc7-b00e-287be79d00fd,Health and Wellness,Fitness obstacle course races
hjnjkta7dx,350aedcb-4317-48aa-a9bd-8bb3a7fe3cb7,Health and Wellness,Practicing mindfulness meditation
9nrui4jfj6,4947996d-5b95-47a2-93ae-943c5d8be880,Reading and Literature,Audio books and storytelling podcasts
0ikc9vv16y,4947996d-5b95-47a2-93ae-943c5d8be880,Health and Wellness,Holistic health practices (acupuncture herbalism)
8yu3c4mgmz,fa4a6c50-18f2-4264-a13f-5ea4669b7242,Outdoor Activities,Wilderness survival skills
t1lbpokk3e,fa4a6c50-18f2-4264-a13f-5ea4669b7242,Health and Wellness,Practicing mindfulness meditation
vsp1ul0m5h,fa4a6c50-18f2-4264-a13f-5ea4669b7242,Outdoor Activities,Hiking and nature walks
gq4i91f8or,4c6fe2ef-1713-433e-adfd-82cb5d6e5db3,Travel and Exploration,Visiting new countries and cultures
gm6invuyel,4c6fe2ef-1713-433e-adfd-82cb5d6e5db3,Reading and Literature,"Fiction (novels, short stories, fantasy, science fiction)"
vwffpe6xrh,98120be1-cd9f-44cd-ac21-e51b43881569,Outdoor Activities,Wilderness survival skills
vkd8csmxej,98120be1-cd9f-44cd-ac21-e51b43881569,Health and Wellness,Yoga retreats wellness tourism
xzzz5zwm3f,98120be1-cd9f-44cd-ac21-e51b43881569,Outdoor Activities,"Camping (tent camping, RV camping)"
dlovnh8vln,8444675b-b852-4a2a-b0a0-97a4b7af9991,Outdoor Activities,"Camping (tent camping, RV camping)"
e3sf70o3u5,8444675b-b852-4a2a-b0a0-97a4b7af9991,Travel and Exploration,Visiting new countries and cultures
skr1fkuyso,8444675b-b852-4a2a-b0a0-97a4b7af9991,Travel and Exploration,Backpacking and adventure travel
p9vrbeeygt,1c4eeaf9-063b-4464-8c18-122a20f62c0b,Health and Wellness,Fitness obstacle course races
nal1vpoq8w,8f4012e0-5a0f-4ef6-887f-c348acf10f1c,Health and Wellness,Holistic health practices (acupuncture herbalism)
la585i2abq,8f4012e0-5a0f-4ef6-887f-c348acf10f1c,Outdoor Activities,Hiking and nature walks
ec1t49a85l,8f4012e0-5a0f-4ef6-887f-c348acf10f1c,Reading and Literature,Reading challenges and book clubs
jopl66a4w3,ab6f336b-43a7-42d8-9bd0-f624b695ac23,Travel and Exploration,Road trips and exploring scenic routes
sl2t6utfgo,ab6f336b-43a7-42d8-9bd0-f624b695ac23,Reading and Literature,"Poetry and poetic forms (haiku, sonnets, free verse)"
xuznjm9x4v,a95cc641-46af-4be5-ae63-b3603178b982,Travel and Exploration,Cruise vacations and sailing adventures
fib0tfd5vq,a95cc641-46af-4be5-ae63-b3603178b982,Reading and Literature,"Non-fiction (biographies, history, self-help, psychology)"
93fl55r7og,a95cc641-46af-4be5-ae63-b3603178b982,Reading and Literature,"Fiction (novels, short stories, fantasy, science fiction)"
unvtv31hsj,082ff939-d3a4-4410-b531-56ee76bdf63c,Reading and Literature,"Fiction (novels, short stories, fantasy, science fiction)"
6axhy13hpp,082ff939-d3a4-4410-b531-56ee76bdf63c,Travel and Exploration,Backpacking and adventure travel
e5ssxmm4u1,082ff939-d3a4-4410-b531-56ee76bdf63c,Travel and Exploration,Urban exploration and historical tours
iied21g61a,0213e574-1095-49cc-9c3d-388db5cce7f9,Travel and Exploration,Urban exploration and historical tours
jvmkz9urua,12054914-5bbd-4481-bf0b-e42d7603e6c7,Travel and Exploration,Backpacking and adventure travel
1vvrh5rxpy,12054914-5bbd-4481-bf0b-e42d7603e6c7,Health & Wellness,Nutrition planning meal prepping
4ag0vegjqc,12054914-5bbd-4481-bf0b-e42d7603e6c7,Reading and Literature,Reading challenges and book clubs
iwhkn7fp3t,41830018-d25d-4ce6-ad73-778e0f7ff546,Travel and Exploration,Urban exploration and historical tours
1v75kcbhqc,41830018-d25d-4ce6-ad73-778e0f7ff546,Health and Wellness,Fitness obstacle course races
q47vqhq8ia,41830018-d25d-4ce6-ad73-778e0f7ff546,Health and Wellness,Practicing mindfulness meditation
92tb41knc7,66797b58-e96d-4d40-99d3-5cda775a24e7,Travel and Exploration,Visiting new countries and cultures
k16bfma3ok,66797b58-e96d-4d40-99d3-5cda775a24e7,Travel and Exploration,Road trips and exploring scenic routes
lt8pugi534,bda8a225-e102-45b3-8e95-8ac1288f3d4a,Reading and Literature,Reading challenges and book clubs
gpxufzegrb,0a7a7de1-80d3-43b8-9168-c7e595aae3f7,Reading and Literature,Audio books and storytelling podcasts
90gdh69c6k,d5b4b31e-1a99-4af4-abd5-7303d9917246,Travel and Exploration,Visiting new countries and cultures
rctxwcynav,d366719b-120d-4a9b-8bd9-9f95a8bace87,Travel and Exploration,Urban exploration and historical tours
f8mh4xbyzk,d366719b-120d-4a9b-8bd9-9f95a8bace87,Health and Wellness,Practicing mindfulness meditation
8tnaqopk9k,d366719b-120d-4a9b-8bd9-9f95a8bace87,Reading and Literature,Audio books and storytelling podcasts
vt3bpcfq3j,e716d28f-b1d9-4e54-9107-6618a13ab5ca,Health and Wellness,Yoga retreats wellness tourism
h55pxe9pp4,e7ebbb5e-7594-41cc-9e97-bfcbfcf37a1e,Outdoor Activities,"Camping (tent camping, RV camping)"
dtioc0ho0h,e7ebbb5e-7594-41cc-9e97-bfcbfcf37a1e,Health and Wellness,Yoga retreats wellness tourism
y4eld9bt0l,e7ebbb5e-7594-41cc-9e97-bfcbfcf37a1e,Health & Wellness,Nutrition planning meal prepping
7s2s5qoq8c,cb474fef-8992-4bca-9874-c4ddbf18e5ba,Health and Wellness,Holistic health practices (acupuncture herbalism)
xaj5tgtsjv,cb474fef-8992-4bca-9874-c4ddbf18e5ba,Reading and Literature,"Poetry and poetic forms (haiku, sonnets, free verse)"
dxd5n8ifba,cb474fef-8992-4bca-9874-c4ddbf18e5ba,Travel and Exploration,Visiting new countries and cultures
10bbh1rt78,942aa537-2320-4860-973d-5173d79278dd,Reading and Literature,"Non-fiction (biographies, history, self-help, psychology)"
u1k227pz81,942aa537-2320-4860-973d-5173d79278dd,Health and Wellness,Fitness obstacle course races
q547ea6spr,2db0bb95-91e4-4b5e-99b7-cd1f8ab72983,Travel and Exploration,Visiting new countries and cultures
3dxcjb26os,2db0bb95-91e4-4b5e-99b7-cd1f8ab72983,Reading and Literature,Literary analysis and book discussions
af61gsqxkt,cf57dc6c-144c-4186-9239-234b73974baa,Travel and Exploration,Backpacking and adventure travel
oehe1d0pq3,cf57dc6c-144c-4186-9239-234b73974baa,Health & Wellness,Nutrition planning meal prepping
uke2wmbbx2,edc9a9c9-b425-4d8c-a450-6f870707f0e5,Travel and Exploration,Cruise vacations and sailing adventures
dmpuf9t8dx,edc9a9c9-b425-4d8c-a450-6f870707f0e5,Health and Wellness,Yoga retreats wellness tourism
54dotakwzv,82381eee-2931-4ab0-83f9-23b0a2847b60,Outdoor Activities,"Camping (tent camping, RV camping)"
op7b3fg4wc,82381eee-2931-4ab0-83f9-23b0a2847b60,Outdoor Activities,Wilderness survival skills
um3wxrs5hq,82b83843-625d-4c91-878e-3f3ea584339a,Reading and Literature,Reading challenges and book clubs
rm7oqf0ifx,82b83843-625d-4c91-878e-3f3ea584339a,Travel and Exploration,Backpacking and adventure travel
b0je3hn2k9,82b83843-625d-4c91-878e-3f3ea584339a,Health & Wellness,Nutrition planning meal prepping
iwzmp1zzxd,a7e85683-6f69-42c3-95be-f323277c750e,Reading and Literature,Reading challenges and book clubs
3vk1gxwbxo,a7e85683-6f69-42c3-95be-f323277c750e,Health and Wellness,Practicing mindfulness meditation
qo225og1q9,a7e85683-6f69-42c3-95be-f323277c750e,Travel and Exploration,Cruise vacations and sailing adventures
mqevtzylgb,ae5a2c4e-4a02-4338-8702-f53cb2cbcaf1,Travel and Exploration,Backpacking and adventure travel
jw2g4oxbgw,de0f2413-52c1-4a2e-bbed-2111cedab261,Reading and Literature,"Poetry and poetic forms (haiku, sonnets, free verse)"
xrm8j1oc8n,de0f2413-52c1-4a2e-bbed-2111cedab261,Health & Wellness,Nutrition planning meal prepping
c7brg010kr,de0f2413-52c1-4a2e-bbed-2111cedab261,Health and Wellness,Yoga retreats wellness tourism
hjg5srgw5y,51badf6d-e3f4-4516-b1e1-650c1487e93a,Reading and Literature,"Non-fiction (biographies, history, self-help, psychology)"
bpvjukufbf,51badf6d-e3f4-4516-b1e1-650c1487e93a,Health and Wellness,Yoga retreats wellness tourism
eho11h036h,51badf6d-e3f4-4516-b1e1-650c1487e93a,Health and Wellness,Holistic health practices (acupuncture herbalism)
hy3eidyi7u,2dd1b902-b67e-4c39-8890-535aa0f412d6,Reading and Literature,Reading challenges and book clubs
aw8yo3qnge,2dd1b902-b67e-4c39-8890-535aa0f412d6,Outdoor Activities,Wilderness survival skills
wxuyo79wvc,096d9182-70c9-4066-b200-1f480c9c5c0e,Reading and Literature,"Fiction (novels, short stories, fantasy, science fiction)"
bshcggt7fr,096d9182-70c9-4066-b200-1f480c9c5c0e,Travel and Exploration,Urban exploration and historical tours
o1otjqhsv1,096d9182-70c9-4066-b200-1f480c9c5c0e,Reading and Literature,Literary analysis and book discussions
3yqjff0mjm,02566141-6b8b-431a-be96-232fc318b69b,Reading and Literature,Audio books and storytelling podcasts
heqldgr37k,02566141-6b8b-431a-be96-232fc318b69b,Outdoor Activities,"Camping (tent camping, RV camping)"
9fdt72827x,b98f8536-1f17-4ee3-b803-345874ec9f76,Health and Wellness,Holistic health practices (acupuncture herbalism)
meofwldzbd,40a91195-6bd4-4ae7-a001-9ef2c3fffcc1,Health and Wellness,Fitness obstacle course races
66tx9v4wxn,ea40176a-a127-4e8d-8cb6-b3cc64924901,Travel and Exploration,Backpacking and adventure travel
xj67vcecn0,ea40176a-a127-4e8d-8cb6-b3cc64924901,Outdoor Activities,Hiking and nature walks
zghjr52wyc,ea40176a-a127-4e8d-8cb6-b3cc64924901,Reading and Literature,"Fiction (novels, short stories, fantasy, science fiction)"
kctv5998ab,065c5194-b678-44dd-9df6-29101fa5d57b,Health and Wellness,Fitness obstacle course races
o0p2wbydud,4e1d9c44-53d8-4f66-8231-f4d483beb40b,Reading and Literature,Audio books and storytelling podcasts
3ql2uc89by,4e1d9c44-53d8-4f66-8231-f4d483beb40b,Health and Wellness,Fitness obstacle course races
7fo8ht9h9c,4e1d9c44-53d8-4f66-8231-f4d483beb40b,Health and Wellness,Yoga retreats wellness tourism
30iwyz204e,26882ccb-bb29-4670-87f3-12afbd161d8a,Travel and Exploration,Cruise vacations and sailing adventures
3oecocq0sg,59f5c052-5630-48f4-9622-ccbf22bcb00d,Outdoor Activities,Wilderness survival skills
t6jq0dzsa3,59f5c052-5630-48f4-9622-ccbf22bcb00d,Reading and Literature,"Fiction (novels, short stories, fantasy, science fiction)"
3n7jm0bz6r,4c845e6a-24ce-42f5-9575-d42416dc51dd,Outdoor Activities,Hiking and nature walks
z2ajiul0da,4c845e6a-24ce-42f5-9575-d42416dc51dd,Travel and Exploration,Cruise vacations and sailing adventures
1dmaswrr91,00cba771-fb33-4590-a41e-b4140ec0c527,Health and Wellness,Holistic health practices (acupuncture herbalism)
twprs62gpi,00cba771-fb33-4590-a41e-b4140ec0c527,Reading and Literature,"Non-fiction (biographies, history, self-help, psychology)"
m8l02fgjl6,65f81cdc-25e1-46cc-8b49-d6fce989a1e7,Reading and Literature,Literary analysis and book discussions
kn798et4rp,65f81cdc-25e1-46cc-8b49-d6fce989a1e7,Travel and Exploration,Visiting new countries and cultures
kgmobc0643,85b7760a-80b1-413d-a55b-54425c9a47e1,Outdoor Activities,"Camping (tent camping, RV camping)"
wzcxy8rzjk,85b7760a-80b1-413d-a55b-54425c9a47e1,Travel and Exploration,Cruise vacations and sailing adventures
zxe38qcbe7,85b7760a-80b1-413d-a55b-54425c9a47e1,Travel and Exploration,Visiting new countries and cultures
qb8ekxd6n3,2b3b89a4-1f0d-4ffb-9728-993b36d01245,Health and Wellness,Practicing mindfulness meditation
xd2kwyx4ij,05c72f13-f2ff-4d01-b68b-eb1dd3ac7468,Reading and Literature,"Non-fiction (biographies, history, self-help, psychology)"
na3kpmpq34,05c72f13-f2ff-4d01-b68b-eb1dd3ac7468,Travel and Exploration,Cruise vacations and sailing adventures
xpa55qw1rc,05c72f13-f2ff-4d01-b68b-eb1dd3ac7468,Outdoor Activities,"Camping (tent camping, RV camping)"
u1g3ohk01x,e1834296-55ee-4ca1-b52a-821fe749239c,Travel and Exploration,Ecotourism and sustainable travel
j4elo420ln,e1834296-55ee-4ca1-b52a-821fe749239c,Health and Wellness,Practicing mindfulness meditation
ovpbr4xudg,0ccde19e-d62c-4c13-a5ef-5fd265a090ea,Health and Wellness,Holistic health practices (acupuncture herbalism)
k2arp0z86f,0ccde19e-d62c-4c13-a5ef-5fd265a090ea,Health and Wellness,Yoga retreats wellness tourism
iglrz28jzm,0ccde19e-d62c-4c13-a5ef-5fd265a090ea,Travel and Exploration,Visiting new countries and cultures
5dtuiaglqa,2cab6e9a-02ff-4c51-b54c-c8f16f6bf888,Health and Wellness,Holistic health practices (acupuncture herbalism)
ffd3rxvwqo,8a3c4bf8-c292-4711-9331-b35221ad3629,Reading and Literature,Audio books and storytelling podcasts
ws5yirgzvk,8a3c4bf8-c292-4711-9331-b35221ad3629,Reading and Literature,Reading challenges and book clubs
05nd9gfg31,8a3c4bf8-c292-4711-9331-b35221ad3629,Travel and Exploration,Visiting new countries and cultures
yf45wx3nqo,1dc1ac41-96a0-4ef0-9b41-aab3ff667eba,Travel and Exploration,Road trips and exploring scenic routes
h67ldvhlg9,19e5baac-7774-44b2-bb53-b045dc52f6ec,Reading and Literature,Audio books and storytelling podcasts
3hkrlgh5w0,19e5baac-7774-44b2-bb53-b045dc52f6ec,Travel and Exploration,Ecotourism and sustainable travel
k7vjyg3v26,19e5baac-7774-44b2-bb53-b045dc52f6ec,Health and Wellness,Holistic health practices (acupuncture herbalism)
s0goc3sxpd,e2d50936-917e-40fd-a5b3-796d4aa4b96e,Travel and Exploration,Urban exploration and historical tours
mcb9c75nfo,93792167-a15f-4674-ad0d-383ec3e2e196,Outdoor Activities,Hiking and nature walks
rrwxs8sbff,6522c11f-1206-4ee3-827e-1e0484aa132c,Outdoor Activities,Hiking and nature walks
gv3gst39hq,6522c11f-1206-4ee3-827e-1e0484aa132c,Reading and Literature,Reading challenges and book clubs
ou8t3t8pwj,cc99978a-329c-4a17-bb42-7ec97b74a9cb,Health & Wellness,Nutrition planning meal prepping
ckuk13kle6,cc482931-609d-48ae-9eff-a73c58fa2e37,Outdoor Activities,Wilderness survival skills
u6i5r1m12d,cc482931-609d-48ae-9eff-a73c58fa2e37,Travel and Exploration,Backpacking and adventure travel
unwearhhhx,d7a6f0d0-4aec-4433-afa9-1298a6d5a4f0,Reading and Literature,"Non-fiction (biographies, history, self-help, psychology)"
qscia17kb9,d7a6f0d0-4aec-4433-afa9-1298a6d5a4f0,Outdoor Activities,Wilderness survival skills
2r1myldi91,407a033d-f54e-4319-acc7-03055947d012,Outdoor Activities,Wilderness survival skills
p77j9yktnl,407a033d-f54e-4319-acc7-03055947d012,Health and Wellness,Yoga retreats wellness tourism
975759uzut,1ca624e5-c0fa-4e94-aedb-5c74be4f79f0,Outdoor Activities,"Camping (tent camping, RV camping)"
k4pu63qklc,1ca624e5-c0fa-4e94-aedb-5c74be4f79f0,Travel and Exploration,Backpacking and adventure travel
gtstphu4jf,1ca624e5-c0fa-4e94-aedb-5c74be4f79f0,Health and Wellness,Yoga retreats wellness tourism
dvlqi6rcg1,4eaf318a-2cc3-4035-97ef-5fc2dd10d5d3,Reading and Literature,Audio books and storytelling podcasts
qa8q11ozbz,4eaf318a-2cc3-4035-97ef-5fc2dd10d5d3,Health and Wellness,Practicing mindfulness meditation
tlnkfom2n5,4eaf318a-2cc3-4035-97ef-5fc2dd10d5d3,Reading and Literature,"Fiction (novels, short stories, fantasy, science fiction)"
cztgo2plkw,c2fb786b-7820-47e5-b2f6-0f8138c74ce6,Travel and Exploration,Urban exploration and historical tours
amhfypla5z,c2fb786b-7820-47e5-b2f6-0f8138c74ce6,Outdoor Activities,Wilderness survival skills
fsb4z0ak8c,c2fb786b-7820-47e5-b2f6-0f8138c74ce6,Travel and Exploration,Road trips and exploring scenic routes
fhfuhaws75,415ba58a-91f8-476d-9d23-e53c300920bc,Reading and Literature,"Fiction (novels, short stories, fantasy, science fiction)"
w9eqc1ojur,415ba58a-91f8-476d-9d23-e53c300920bc,Reading and Literature,Audio books and storytelling podcasts
f5udn6dr3d,415ba58a-91f8-476d-9d23-e53c300920bc,Outdoor Activities,"Camping (tent camping, RV camping)"
ml7pj7cd4u,f757f405-4b35-4c6f-a61c-1052b802a37d,Health and Wellness,Practicing mindfulness meditation
raj83bprsf,4a6ae36d-0c36-444c-b505-154e23b2a1da,Health & Wellness,Nutrition planning meal prepping
j2lihuzkj8,ab4fa334-9949-4f77-af06-2abe1fd4dc34,Travel and Exploration,Ecotourism and sustainable travel
u0cg2q7v6e,ab4fa334-9949-4f77-af06-2abe1fd4dc34,Outdoor Activities,Hiking and nature walks
pnczu745qu,ab4fa334-9949-4f77-af06-2abe1fd4dc34,Travel and Exploration,Urban exploration and historical tours
v6lnq2nzko,89f503ec-bec6-4f7e-9653-dfa77098f90c,Reading and Literature,"Non-fiction (biographies, history, self-help, psychology)"
jt57eavt50,a7ea9c7f-91fa-4d51-a1a1-b9726a865670,Travel and Exploration,Road trips and exploring scenic routes
0sr5fkcvo3,0718c6fe-b52e-4df5-b353-754a863ab27b,Reading and Literature,"Fiction (novels, short stories, fantasy, science fiction)"
7aq5c2eigs,0718c6fe-b52e-4df5-b353-754a863ab27b,Reading and Literature,"Non-fiction (biographies, history, self-help, psychology)"
ejylfntoka,a3269770-94c7-40e7-bd0b-9086cabbf163,Travel and Exploration,Road trips and exploring scenic routes
cqa2f8lp4o,a3269770-94c7-40e7-bd0b-9086cabbf163,Travel and Exploration,Cruise vacations and sailing adventures
u68lj94wpe,0b309f63-fa38-40af-a7df-3c4200a4aaa7,Health and Wellness,Holistic health practices (acupuncture herbalism)
uqefzs71ft,0b309f63-fa38-40af-a7df-3c4200a4aaa7,Outdoor Activities,Hiking and nature walks
1sgsgebd26,51bc23c5-e2f2-45ee-8541-33023c9c6b93,Health and Wellness,Holistic health practices (acupuncture herbalism)
cfpuuu8qmg,51bc23c5-e2f2-45ee-8541-33023c9c6b93,Reading and Literature,"Fiction (novels, short stories, fantasy, science fiction)"
3en4jddde9,23719638-0d53-4da6-817a-cf37034d97c1,Travel and Exploration,Cruise vacations and sailing adventures
nnywa398tp,8e8a87d1-c3b8-44e7-8867-e2692e02f190,Travel and Exploration,Road trips and exploring scenic routes
b8ad1cue7d,8e8a87d1-c3b8-44e7-8867-e2692e02f190,Reading and Literature,"Fiction (novels, short stories, fantasy, science fiction)"
l9furzhwf3,8e8a87d1-c3b8-44e7-8867-e2692e02f190,Health and Wellness,Fitness obstacle course races
zuulozctnl,2d9a78c4-6526-4d43-b065-62614cdd999f,Travel and Exploration,Cruise vacations and sailing adventures
mmqwoh6tv2,91ea5d72-1d40-45c6-a4cb-892ed1484ebe,Travel and Exploration,Ecotourism and sustainable travel
xhnhdchb7e,97fb7aab-d3ee-4a52-b4d8-87cbd44d2da1,Outdoor Activities,Hiking and nature walks
iizksk5hdi,6b1c0ea6-7214-47db-9de2-53b4b01e2a8a,Reading and Literature,"Poetry and poetic forms (haiku, sonnets, free verse)"
4n8lvsrgrk,6b1c0ea6-7214-47db-9de2-53b4b01e2a8a,Health and Wellness,Holistic health practices (acupuncture herbalism)
9jldnqac73,c494576f-5cbc-4050-a27a-61e5b36b75e4,Reading and Literature,Audio books and storytelling podcasts
w3jcif3zy8,c494576f-5cbc-4050-a27a-61e5b36b75e4,Reading and Literature,Literary analysis and book discussions
7ki2obsgk8,0d09e507-7494-4116-adf2-8b32a9990fbc,Reading and Literature,Reading challenges and book clubs
1vteeehj81,0d09e507-7494-4116-adf2-8b32a9990fbc,Reading and Literature,"Non-fiction (biographies, history, self-help, psychology)"
o3bl2lziky,05177781-6211-404b-ba5a-be47c96484eb,Travel and Exploration,Backpacking and adventure travel
n7evjgs29x,05177781-6211-404b-ba5a-be47c96484eb,Travel and Exploration,Visiting new countries and cultures
xw2p2sb2ac,05177781-6211-404b-ba5a-be47c96484eb,Reading and Literature,Literary analysis and book discussions
rlpbxesjrf,0fc55c9f-d71c-4922-8adc-3fd2854bc142,Health and Wellness,Yoga retreats wellness tourism
i9b86fwhx9,190e60fa-50fd-4237-b948-cfb1bef2bf26,Health and Wellness,Practicing mindfulness meditation
u573vn4iia,190e60fa-50fd-4237-b948-cfb1bef2bf26,Reading and Literature,Literary analysis and book discussions
ezqcb120ct,190e60fa-50fd-4237-b948-cfb1bef2bf26,Reading and Literature,"Fiction (novels, short stories, fantasy, science fiction)"
cr4xtnggn9,060bd9f8-b730-4977-806d-03e1dfe5cd42,Outdoor Activities,"Camping (tent camping, RV camping)"
pp879mks39,060bd9f8-b730-4977-806d-03e1dfe5cd42,Reading and Literature,Audio books and storytelling podcasts
yh0t7xhohy,42814efe-597b-43e8-972b-00c16a51fa9b,Travel and Exploration,Backpacking and adventure travel
cxvdqv9x9c,42814efe-597b-43e8-972b-00c16a51fa9b,Reading and Literature,"Non-fiction (biographies, history, self-help, psychology)"
79kug3ec3q,42814efe-597b-43e8-972b-00c16a51fa9b,Travel and Exploration,Road trips and exploring scenic routes
ljvhdrexji,0850b612-3950-41e3-8ce0-11737d091b64,Outdoor Activities,Wilderness survival skills
b9oj4lqi3k,df230bf4-dc6c-46e4-a62d-e895e3a1da6d,Travel and Exploration,Backpacking and adventure travel
66p3kv05px,c7627650-238f-468c-a4ce-be81d2e99dbd,Travel and Exploration,Cruise vacations and sailing adventures
iu2sxuc95j,c7627650-238f-468c-a4ce-be81d2e99dbd,Reading and Literature,"Non-fiction (biographies, history, self-help, psychology)"
pbo3v44oif,16e43025-10f1-42e6-9793-e0e2f333d79c,Outdoor Activities,Hiking and nature walks
90ptobsu56,16e43025-10f1-42e6-9793-e0e2f333d79c,Travel and Exploration,Visiting new countries and cultures
t387aj7csx,11395d9d-ccf8-4f27-86c3-460e7db0e446,Travel and Exploration,Backpacking and adventure travel
62vhrk9wz1,11395d9d-ccf8-4f27-86c3-460e7db0e446,Reading and Literature,Literary analysis and book discussions
qoeh5j9j4u,11395d9d-ccf8-4f27-86c3-460e7db0e446,Reading and Literature,"Non-fiction (biographies, history, self-help, psychology)"
370m8ymu17,71fda347-4547-4c77-a264-6ee2bdced115,Health and Wellness,Practicing mindfulness meditation
dab0355jpb,71fda347-4547-4c77-a264-6ee2bdced115,Health and Wellness,Fitness obstacle course races
aj5wk009rd,65885ed0-ea50-4ad4-95e6-3240fd6625e6,Reading and Literature,"Poetry and poetic forms (haiku, sonnets, free verse)"
5h4mrvj0wp,65885ed0-ea50-4ad4-95e6-3240fd6625e6,Reading and Literature,"Non-fiction (biographies, history, self-help, psychology)"
53tmjb73ry,10ad5a48-bcf2-452a-8c9a-dd0f0e6afe72,Reading and Literature,Literary analysis and book discussions
yc7m6u1950,09f6f90b-e8c9-4f8c-81e8-bec7f1f010e7,Travel and Exploration,Cruise vacations and sailing adventures
6kpc6vpxhd,09f6f90b-e8c9-4f8c-81e8-bec7f1f010e7,Health & Wellness,Nutrition planning meal prepping
dmwrszetxt,fe1ca8d4-4e93-4a01-b19a-050c99915b6d,Health and Wellness,Holistic health practices (acupuncture herbalism)
6ywwx4kh7z,fe1ca8d4-4e93-4a01-b19a-050c99915b6d,Travel and Exploration,Cruise vacations and sailing adventures
yby5mcdp30,c6fd010e-42bf-4835-9651-d52379fc9ffe,Reading and Literature,"Fiction (novels, short stories, fantasy, science fiction)"
6olwoau01b,424dc1e0-1974-4a40-a055-6b375ee686bb,Health and Wellness,Yoga retreats wellness tourism
drmx8gxujq,d711cd5a-8762-4048-8c3e-e8ca94adbbe0,Travel and Exploration,Visiting new countries and cultures
hrbu419dkz,d711cd5a-8762-4048-8c3e-e8ca94adbbe0,Travel and Exploration,Road trips and exploring scenic routes
4hpp7imxca,d711cd5a-8762-4048-8c3e-e8ca94adbbe0,Outdoor Activities,Wilderness survival skills
tfjg81gp3w,7c71e6b2-2fc4-4398-aacc-d794eb50578f,Reading and Literature,Reading challenges and book clubs
mtnb4jbhnk,7c71e6b2-2fc4-4398-aacc-d794eb50578f,Health & Wellness,Nutrition planning meal prepping
gclew9ufmo,14af4818-b72b-489d-abc6-e024f096fbb7,Travel and Exploration,Road trips and exploring scenic routes
uecsil5vci,1ef95bf6-1c34-47bf-847a-418ef71e9f47,Reading and Literature,Reading challenges and book clubs
ydvry6l0w2,1ef95bf6-1c34-47bf-847a-418ef71e9f47,Reading and Literature,Audio books and storytelling podcasts
yjccm9kvm2,1ef95bf6-1c34-47bf-847a-418ef71e9f47,Travel and Exploration,Ecotourism and sustainable travel
gfgo1bwmn5,37f9561f-f66f-441e-9db4-8ea086e68fc7,Health and Wellness,Fitness obstacle course races
3juivkg8oi,37f9561f-f66f-441e-9db4-8ea086e68fc7,Reading and Literature,Literary analysis and book discussions
43gpimz0d8,37f9561f-f66f-441e-9db4-8ea086e68fc7,Outdoor Activities,Wilderness survival skills
3tq71b4hmr,c3d56892-a1d8-4e7e-ac22-ac8753436dd4,Reading and Literature,Reading challenges and book clubs
lsnlcz1t96,c3d56892-a1d8-4e7e-ac22-ac8753436dd4,Travel and Exploration,Ecotourism and sustainable travel
q0oiwubfxg,6d0a5e82-e8d6-4c5b-aed0-f9ae016dd504,Reading and Literature,Literary analysis and book discussions
d257a14w0f,6d0a5e82-e8d6-4c5b-aed0-f9ae016dd504,Travel and Exploration,Road trips and exploring scenic routes
f621f4crq9,9d54b98c-14e9-4117-8fc9-869d845a4fce,Outdoor Activities,"Camping (tent camping, RV camping)"
ecqg5kvndv,9d54b98c-14e9-4117-8fc9-869d845a4fce,Health and Wellness,Holistic health practices (acupuncture herbalism)
k5qbh98qez,9d54b98c-14e9-4117-8fc9-869d845a4fce,Outdoor Activities,Wilderness survival skills
ylrhfawyv9,0b874b28-e3bc-4d1a-8664-7e06a33d833a,Outdoor Activities,"Camping (tent camping, RV camping)"
sl2amulo71,fbaf0402-c9c4-4e1d-b5c9-e4d0efea5665,Reading and Literature,Audio books and storytelling podcasts
mfvi8ndk63,fbaf0402-c9c4-4e1d-b5c9-e4d0efea5665,Health and Wellness,Yoga retreats wellness tourism
xfz6nowsyw,fbaf0402-c9c4-4e1d-b5c9-e4d0efea5665,Health & Wellness,Nutrition planning meal prepping
epbva05cfs,5d4c5f97-c9c0-45e1-a1d9-a349d0300450,Health & Wellness,Nutrition planning meal prepping
c01wfmztkx,5d4c5f97-c9c0-45e1-a1d9-a349d0300450,Reading and Literature,"Non-fiction (biographies, history, self-help, psychology)"
x5612kziw4,a21c033b-1c6b-44bd-b9ad-95727a188fb4,Travel and Exploration,Backpacking and adventure travel
qcemdq45oj,0c050158-6ab8-4a27-8793-e4e35c6dfe1c,Reading and Literature,"Poetry and poetic forms (haiku, sonnets, free verse)"
yq2c2fc7bv,3698b8c9-78f7-43b1-b807-6df2b63c3802,Travel and Exploration,Urban exploration and historical tours
xnv19v29xb,3698b8c9-78f7-43b1-b807-6df2b63c3802,Travel and Exploration,Backpacking and adventure travel
an2m3mivw4,3698b8c9-78f7-43b1-b807-6df2b63c3802,Health and Wellness,Yoga retreats wellness tourism
fkf9wdc2pz,094e4237-55bc-438a-af41-ef1259b44f0f,Reading and Literature,Literary analysis and book discussions
obml2tnvcd,094e4237-55bc-438a-af41-ef1259b44f0f,Health & Wellness,Nutrition planning meal prepping
c4d3jclc3f,e4eeca33-6c0e-446b-930e-fbac67251baf,Health and Wellness,Holistic health practices (acupuncture herbalism)
23p6t7d9sh,e4eeca33-6c0e-446b-930e-fbac67251baf,Reading and Literature,"Non-fiction (biographies, history, self-help, psychology)"
275jutejkz,e4eeca33-6c0e-446b-930e-fbac67251baf,Outdoor Activities,Wilderness survival skills
fnuzka9pcp,9fcc6925-2f88-4f02-858b-efc0744c183a,Health and Wellness,Practicing mindfulness meditation
6kxigwb0xb,9fcc6925-2f88-4f02-858b-efc0744c183a,Health and Wellness,Holistic health practices (acupuncture herbalism)
d7rwodctaa,9fcc6925-2f88-4f02-858b-efc0744c183a,Travel and Exploration,Road trips and exploring scenic routes
i22p9bgwzv,735c8f0a-f4c8-47b0-9554-5c4ea7ffe79f,Reading and Literature,"Non-fiction (biographies, history, self-help, psychology)"
2h4mrsdnm7,735c8f0a-f4c8-47b0-9554-5c4ea7ffe79f,Health and Wellness,Practicing mindfulness meditation
tyk6dsmqvg,735c8f0a-f4c8-47b0-9554-5c4ea7ffe79f,Travel and Exploration,Road trips and exploring scenic routes
t2it4ckwte,dbb2a09c-7d1c-4117-b0d7-d8451f0d4c2f,Travel and Exploration,Urban exploration and historical tours
il1msjysrd,d79fb4ee-2c09-4936-8679-e76b5a9eba51,Health and Wellness,Holistic health practices (acupuncture herbalism)
i6bvyhnm1m,d0a73205-fd69-4997-8000-3e901219b4f2,Travel and Exploration,Road trips and exploring scenic routes
67eb4hx0y5,d0a73205-fd69-4997-8000-3e901219b4f2,Travel and Exploration,Backpacking and adventure travel
yqkgcn7vtu,613675aa-9e33-4d93-89a2-22f0d4207036,Reading and Literature,"Fiction (novels, short stories, fantasy, science fiction)"
00q8vlh483,613675aa-9e33-4d93-89a2-22f0d4207036,Health & Wellness,Nutrition planning meal prepping
405mqhnjw5,7db846e1-dc74-42a8-939f-659f03572ef9,Reading and Literature,"Non-fiction (biographies, history, self-help, psychology)"
zj2zv5bbqd,7db846e1-dc74-42a8-939f-659f03572ef9,Travel and Exploration,Road trips and exploring scenic routes
o6pind9ih0,7db846e1-dc74-42a8-939f-659f03572ef9,Travel and Exploration,Ecotourism and sustainable travel
e8h19arf15,304ef720-bd8d-4b8a-885d-a2b4fe8b1fed,Reading and Literature,"Non-fiction (biographies, history, self-help, psychology)"
ay7h4c3531,304ef720-bd8d-4b8a-885d-a2b4fe8b1fed,Reading and Literature,Audio books and storytelling podcasts
exq3406a3b,304ef720-bd8d-4b8a-885d-a2b4fe8b1fed,Outdoor Activities,Wilderness survival skills
6prpxt70ai,1d1dd54b-ccaf-4c97-a1ac-b8d8bdfb79ee,Travel and Exploration,Visiting new countries and cultures
e2wl7bxerq,1d1dd54b-ccaf-4c97-a1ac-b8d8bdfb79ee,Health and Wellness,Fitness obstacle course races
inz36txb8i,1d1dd54b-ccaf-4c97-a1ac-b8d8bdfb79ee,Reading and Literature,"Non-fiction (biographies, history, self-help, psychology)"
s5ucs8j604,c2ec2419-cc6d-4697-a51c-9a3135086963,Reading and Literature,Reading challenges and book clubs
vyj1lj2p6d,c2ec2419-cc6d-4697-a51c-9a3135086963,Travel and Exploration,Ecotourism and sustainable travel
g4rupmv6g6,226358e9-3b10-4161-b407-1a02964b6834,Reading and Literature,Reading challenges and book clubs
gzxgepvznp,9a2b2709-5da9-4e4d-95f3-7d4ae9c729bf,Health and Wellness,Holistic health practices (acupuncture herbalism)
u6xd1voekv,0efa7f0a-9c9f-4e09-ad5f-916165662862,Outdoor Activities,Wilderness survival skills
d6p8hqrnk1,0efa7f0a-9c9f-4e09-ad5f-916165662862,Outdoor Activities,Hiking and nature walks
ow7jzly2gj,0efa7f0a-9c9f-4e09-ad5f-916165662862,Reading and Literature,Literary analysis and book discussions
ongq25v476,ce99cc30-9478-4212-a40a-69c6ee336dd7,Reading and Literature,Reading challenges and book clubs
k9fp3jvp80,ce99cc30-9478-4212-a40a-69c6ee336dd7,Travel and Exploration,Urban exploration and historical tours
emlql09bni,ce99cc30-9478-4212-a40a-69c6ee336dd7,Reading and Literature,"Poetry and poetic forms (haiku, sonnets, free verse)"
w4itsqw105,52a27cd7-fa27-43ff-8082-7e6067211565,Outdoor Activities,Hiking and nature walks
gxfc9rb0tk,52a27cd7-fa27-43ff-8082-7e6067211565,Travel and Exploration,Ecotourism and sustainable travel
belhq2xwnu,52a27cd7-fa27-43ff-8082-7e6067211565,Reading and Literature,Audio books and storytelling podcasts
toey54ppk9,1ef97db5-3528-4164-a550-4445acf4ac65,Travel and Exploration,Backpacking and adventure travel
nlbizmm91z,1ef97db5-3528-4164-a550-4445acf4ac65,Reading and Literature,Literary analysis and book discussions
19hzbpnv3r,1ef97db5-3528-4164-a550-4445acf4ac65,Reading and Literature,"Non-fiction (biographies, history, self-help, psychology)"
zhahuz12jr,bbf27be0-afe3-4eb4-98e8-d2353663cfcf,Reading and Literature,Reading challenges and book clubs
omdbfprfxg,bbf27be0-afe3-4eb4-98e8-d2353663cfcf,Travel and Exploration,Ecotourism and sustainable travel
w75jvc6er8,ff178aeb-2b27-48a2-8702-26bfb37f008e,Outdoor Activities,"Camping (tent camping, RV camping)"
anr8m2ehxo,0b470338-548c-4ff3-84ec-b51dfb13c44f,Travel and Exploration,Urban exploration and historical tours
p9q74d4d4a,0b470338-548c-4ff3-84ec-b51dfb13c44f,Travel and Exploration,Cruise vacations and sailing adventures
x2ykv2pza5,0b470338-548c-4ff3-84ec-b51dfb13c44f,Reading and Literature,Audio books and storytelling podcasts
pmyctpwb7e,037be562-0921-4828-a51c-e788ce5e37ff,Travel and Exploration,Cruise vacations and sailing adventures
m08lbk95ri,037be562-0921-4828-a51c-e788ce5e37ff,Health & Wellness,Nutrition planning meal prepping
venjh8hfj7,bd0fa4bd-f1fb-47a4-ba95-a5c46309e613,Reading and Literature,Reading challenges and book clubs
hbyec7lfb9,bd0fa4bd-f1fb-47a4-ba95-a5c46309e613,Health and Wellness,Yoga retreats wellness tourism
8bjg64ms51,bd0fa4bd-f1fb-47a4-ba95-a5c46309e613,Travel and Exploration,Cruise vacations and sailing adventures
fn4joxq5sm,d6b929f4-2852-4d6b-b816-2cf7812b7d4f,Travel and Exploration,Cruise vacations and sailing adventures
pivg9k7itp,d6b929f4-2852-4d6b-b816-2cf7812b7d4f,Reading and Literature,Reading challenges and book clubs
ijy4fmxrq4,d6b929f4-2852-4d6b-b816-2cf7812b7d4f,Travel and Exploration,Urban exploration and historical tours
gkakw942wa,38084d37-2d0d-4acd-9da9-d371f32c6b1b,Health and Wellness,Practicing mindfulness meditation
mw8tpvk8as,59bd81b3-8686-4d08-8c1f-0b6dd461c20b,Health and Wellness,Practicing mindfulness meditation
ebkn2ysnr8,59bd81b3-8686-4d08-8c1f-0b6dd461c20b,Travel and Exploration,Road trips and exploring scenic routes
re8khhedqx,59bd81b3-8686-4d08-8c1f-0b6dd461c20b,Outdoor Activities,"Camping (tent camping, RV camping)"
96355feavp,e7736a73-d986-4894-a75d-d7610b8c8e93,Travel and Exploration,Road trips and exploring scenic routes
5qhtpyqytu,c4495c78-e487-465d-aa86-f3e6036910e3,Outdoor Activities,Wilderness survival skills
jqrdjo7k8o,002ee4ed-6085-4969-9cf0-0776607ee397,Reading and Literature,"Non-fiction (biographies, history, self-help, psychology)"
8c03wypwq8,b06e9c18-2542-496f-a9ff-3cd3131a766f,Reading and Literature,"Fiction (novels, short stories, fantasy, science fiction)"
xmadoj1cfp,b06e9c18-2542-496f-a9ff-3cd3131a766f,Reading and Literature,Literary analysis and book discussions
wbox60hb8o,8d0b1e25-41a2-4cc9-b3f1-1244d8ad409c,Health and Wellness,Fitness obstacle course races
scsq8tfrdy,8d0b1e25-41a2-4cc9-b3f1-1244d8ad409c,Travel and Exploration,Road trips and exploring scenic routes
hw5qm0bvl5,8e1211cf-8afb-4f56-9748-66d9b1d343ce,Outdoor Activities,"Camping (tent camping, RV camping)"
xyu7yy3zhi,9f2df0b4-dce0-46e8-b77b-96403206cac6,Reading and Literature,Literary analysis and book discussions
rgay0gop37,9f2df0b4-dce0-46e8-b77b-96403206cac6,Reading and Literature,Audio books and storytelling podcasts
4biw4plr3w,9f2df0b4-dce0-46e8-b77b-96403206cac6,Outdoor Activities,"Camping (tent camping, RV camping)"
ex4temta0e,0a414243-d75b-40e2-b980-0ee52544dd21,Reading and Literature,Literary analysis and book discussions
y2qit5h734,a5f80138-2d12-44ef-aa6f-f54480157696,Reading and Literature,"Non-fiction (biographies, history, self-help, psychology)"
e5g6id37bz,a5f80138-2d12-44ef-aa6f-f54480157696,Travel and Exploration,Ecotourism and sustainable travel
3l35ksh9fr,a5f80138-2d12-44ef-aa6f-f54480157696,Reading and Literature,Audio books and storytelling podcasts
8ldwawi8vx,532c2a8c-0662-447a-b806-10b30503a241,Health & Wellness,Nutrition planning meal prepping
dqlt3355kh,f47b43ec-14a5-47b4-a60d-1fcd2af40e60,Health & Wellness,Nutrition planning meal prepping
6ejafmlwsh,f47b43ec-14a5-47b4-a60d-1fcd2af40e60,Travel and Exploration,Cruise vacations and sailing adventures
c4g4alol30,f47b43ec-14a5-47b4-a60d-1fcd2af40e60,Travel and Exploration,Visiting new countries and cultures
03akkf9kcg,84d8063b-ebde-43ad-a92e-9d1bde15ab93,Reading and Literature,"Non-fiction (biographies, history, self-help, psychology)"
w1bdxxls5m,84d8063b-ebde-43ad-a92e-9d1bde15ab93,Outdoor Activities,"Camping (tent camping, RV camping)"
7arujxqupg,627dc70b-1d3d-47be-920f-fb42d68c054e,Outdoor Activities,"Camping (tent camping, RV camping)"
2s6dyp02e0,627dc70b-1d3d-47be-920f-fb42d68c054e,Outdoor Activities,Wilderness survival skills
ugpnot5kio,627dc70b-1d3d-47be-920f-fb42d68c054e,Outdoor Activities,Hiking and nature walks
bfdw37m8gq,f7b53c95-8860-41c7-9311-f82c3ca9a3db,Travel and Exploration,Visiting new countries and cultures
cjlm6q0n9x,a539da1d-97db-4cd3-98f0-40e4de45dbb6,Travel and Exploration,Backpacking and adventure travel
5p0k1949dm,a539da1d-97db-4cd3-98f0-40e4de45dbb6,Reading and Literature,Audio books and storytelling podcasts
myleweo2z6,cbc604d8-d1cd-414f-b43c-a207b27ba22c,Health and Wellness,Practicing mindfulness meditation
gbpizdgty7,cbc604d8-d1cd-414f-b43c-a207b27ba22c,Outdoor Activities,Hiking and nature walks
lqth6vugea,cbc604d8-d1cd-414f-b43c-a207b27ba22c,Health and Wellness,Yoga retreats wellness tourism
erg9bcz415,c04b6345-927e-46ac-8e34-09658f18ee34,Reading and Literature,"Non-fiction (biographies, history, self-help, psychology)"
6ix72szeh3,c04b6345-927e-46ac-8e34-09658f18ee34,Health & Wellness,Nutrition planning meal prepping
mt0wfzga39,c04b6345-927e-46ac-8e34-09658f18ee34,Health and Wellness,Fitness obstacle course races
yqtzmau6hr,31bc4e35-ac69-4186-a76f-3bf9795ba28c,Health & Wellness,Nutrition planning meal prepping
uaiwtb7wyd,31bc4e35-ac69-4186-a76f-3bf9795ba28c,Travel and Exploration,Road trips and exploring scenic routes
3iuys6c2k8,31bc4e35-ac69-4186-a76f-3bf9795ba28c,Outdoor Activities,"Camping (tent camping, RV camping)"
c226rz45zt,dd70c18e-7036-4b1c-99d4-6ac28fe3c24d,Reading and Literature,"Non-fiction (biographies, history, self-help, psychology)"
4qealv6oce,dd70c18e-7036-4b1c-99d4-6ac28fe3c24d,Reading and Literature,"Fiction (novels, short stories, fantasy, science fiction)"
csbrond6ln,dd70c18e-7036-4b1c-99d4-6ac28fe3c24d,Outdoor Activities,"Camping (tent camping, RV camping)"
flqs3rxu4v,a74d9e92-ae80-47db-84a3-7d67b990da75,Travel and Exploration,Backpacking and adventure travel
uxnz2i7cpz,a74d9e92-ae80-47db-84a3-7d67b990da75,Reading and Literature,Literary analysis and book discussions
yev8gkstgq,a74d9e92-ae80-47db-84a3-7d67b990da75,Reading and Literature,Reading challenges and book clubs
7j0evc1488,ac0539f5-924e-4cd0-8c25-d4a957f6bf9f,Reading and Literature,Audio books and storytelling podcasts
uh21lenddv,ac0539f5-924e-4cd0-8c25-d4a957f6bf9f,Health and Wellness,Fitness obstacle course races
tjobnwrrox,0c5539c4-61cd-4fb9-bd5e-e210e9e41af6,Reading and Literature,"Poetry and poetic forms (haiku, sonnets, free verse)"
qkiu3i6ptj,0c5539c4-61cd-4fb9-bd5e-e210e9e41af6,Travel and Exploration,Cruise vacations and sailing adventures
kbywt70az5,5541028b-d585-4298-a217-933cce47ecd0,Outdoor Activities,"Camping (tent camping, RV camping)"
s9tupjahwi,5541028b-d585-4298-a217-933cce47ecd0,Reading and Literature,"Non-fiction (biographies, history, self-help, psychology)"
zmh0foj530,a82988f3-1072-485e-9c3a-663039bd92ed,Travel and Exploration,Visiting new countries and cultures
6unx31v3o2,a82988f3-1072-485e-9c3a-663039bd92ed,Travel and Exploration,Ecotourism and sustainable travel
td3ayvj0se,688a6926-1880-4b54-a5f1-dd81b782c79f,Outdoor Activities,"Camping (tent camping, RV camping)"
f1t6adpsn7,0748175f-9a12-4919-8233-33c7b187f869,Health and Wellness,Holistic health practices (acupuncture herbalism)
cbx9488q2u,0748175f-9a12-4919-8233-33c7b187f869,Travel and Exploration,Ecotourism and sustainable travel
ue0eerxc04,6be87429-f4c3-4a4c-b31c-ed500b50e926,Health & Wellness,Nutrition planning meal prepping
1z858da5us,6be87429-f4c3-4a4c-b31c-ed500b50e926,Travel and Exploration,Road trips and exploring scenic routes
95iwkpmsrb,6be87429-f4c3-4a4c-b31c-ed500b50e926,Reading and Literature,"Poetry and poetic forms (haiku, sonnets, free verse)"
s1az7j4nuv,ae408ba4-4e3e-47fe-808c-7f7f4123391f,Outdoor Activities,Wilderness survival skills
wwytg2eupc,ae408ba4-4e3e-47fe-808c-7f7f4123391f,Travel and Exploration,Ecotourism and sustainable travel
gfrage4o6u,ae408ba4-4e3e-47fe-808c-7f7f4123391f,Reading and Literature,Audio books and storytelling podcasts
v4dc3q0ye5,1b0a2e8f-022a-456e-bd21-228a0facad9d,Health and Wellness,Practicing mindfulness meditation
2pmdafbthx,1b0a2e8f-022a-456e-bd21-228a0facad9d,Outdoor Activities,"Camping (tent camping, RV camping)"
b4362z3c0v,1207e494-171a-43c8-ab47-25e2a7c147b8,Reading and Literature,Reading challenges and book clubs
lrik1e78m0,1207e494-171a-43c8-ab47-25e2a7c147b8,Health and Wellness,Yoga retreats wellness tourism
qfo2vmmu1k,1207e494-171a-43c8-ab47-25e2a7c147b8,Reading and Literature,"Poetry and poetic forms (haiku, sonnets, free verse)"
lzujedr3is,8b82192d-a8ac-47b0-8255-94461330dc44,Reading and Literature,Reading challenges and book clubs
v9v3ts1drz,8b82192d-a8ac-47b0-8255-94461330dc44,Outdoor Activities,Hiking and nature walks
8k1y41uy5s,2e876271-f190-466b-89a9-b0840d35949a,Travel and Exploration,Road trips and exploring scenic routes
1iyjsxl1xv,2e876271-f190-466b-89a9-b0840d35949a,Travel and Exploration,Visiting new countries and cultures
rp5bwobn8c,2e876271-f190-466b-89a9-b0840d35949a,Reading and Literature,"Fiction (novels, short stories, fantasy, science fiction)"
37ef3ezyrh,b76dfb71-8aed-4c8b-84cd-d0c005b2456c,Travel and Exploration,Backpacking and adventure travel
a0kjwzkmcu,93e87cef-4d3e-4901-b6a8-4c29842becd1,Reading and Literature,"Fiction (novels, short stories, fantasy, science fiction)"
s1nsydkn8q,e917b350-36ea-4995-aab6-a3f6f33b1a5a,Reading and Literature,"Poetry and poetic forms (haiku, sonnets, free verse)"
ouao8epz9b,e917b350-36ea-4995-aab6-a3f6f33b1a5a,Health & Wellness,Nutrition planning meal prepping
5v72sn3qph,c175cc75-0e0d-4ed5-9b38-9b9b1bfec567,Travel and Exploration,Ecotourism and sustainable travel
405s42qcx4,c175cc75-0e0d-4ed5-9b38-9b9b1bfec567,Travel and Exploration,Backpacking and adventure travel
rkorw0l36e,ce3c2916-59c0-471b-96da-f857a648ac1a,Reading and Literature,Reading challenges and book clubs
lga5tmlcwj,ce3c2916-59c0-471b-96da-f857a648ac1a,Health and Wellness,Practicing mindfulness meditation
79zwli079f,a4049c9c-5d45-458e-ba64-c75631f4baec,Health and Wellness,Practicing mindfulness meditation
fj8cx28gf4,a4049c9c-5d45-458e-ba64-c75631f4baec,Health and Wellness,Fitness obstacle course races
w3a8zkuoeg,a4049c9c-5d45-458e-ba64-c75631f4baec,Travel and Exploration,Ecotourism and sustainable travel
he2fiw4eye,00dfd0dd-b64f-42df-bf25-4eec7f829f6b,Health and Wellness,Holistic health practices (acupuncture herbalism)
vz1udnq449,00dfd0dd-b64f-42df-bf25-4eec7f829f6b,Outdoor Activities,Wilderness survival skills
9zgf2r2qj2,381ca84e-5029-49fb-b200-a7ce5cd3be94,Reading and Literature,Audio books and storytelling podcasts
3mnzmszahl,5897feec-4546-4099-90f5-57570e5b32d6,Health and Wellness,Fitness obstacle course races
3sxo38dv0o,5897feec-4546-4099-90f5-57570e5b32d6,Travel and Exploration,Urban exploration and historical tours
x44hixmel2,5897feec-4546-4099-90f5-57570e5b32d6,Outdoor Activities,Wilderness survival skills
jojpmrxl92,20c8a983-1235-453a-bc74-11871370a49f,Travel and Exploration,Urban exploration and historical tours
0waq14rw8o,20c8a983-1235-453a-bc74-11871370a49f,Travel and Exploration,Road trips and exploring scenic routes
8ghf7h6kyy,6fbd2461-da38-4274-9625-22efb63951d9,Reading and Literature,Literary analysis and book discussions
itbkwzu4qr,6fbd2461-da38-4274-9625-22efb63951d9,Reading and Literature,"Non-fiction (biographies, history, self-help, psychology)"
nbh13kew2z,6fbd2461-da38-4274-9625-22efb63951d9,Travel and Exploration,Road trips and exploring scenic routes
bc8oz9hnoz,30627a78-b7a4-47e9-8a37-c9540bcdb94d,Outdoor Activities,Hiking and nature walks
gq364ozpoh,30627a78-b7a4-47e9-8a37-c9540bcdb94d,Reading and Literature,"Non-fiction (biographies, history, self-help, psychology)"
2ilus574l1,30627a78-b7a4-47e9-8a37-c9540bcdb94d,Health and Wellness,Yoga retreats wellness tourism
un46qnavia,72cb67ff-562a-49bd-9c31-b8d802b27789,Health and Wellness,Holistic health practices (acupuncture herbalism)
bgw6p1qebv,72cb67ff-562a-49bd-9c31-b8d802b27789,Travel and Exploration,Ecotourism and sustainable travel
2tbn4h6cdu,743429e5-3c4f-4700-b377-cf7e54efe4fd,Health & Wellness,Nutrition planning meal prepping
40xh0fe9tg,743429e5-3c4f-4700-b377-cf7e54efe4fd,Travel and Exploration,Road trips and exploring scenic routes
vsnbieeb0v,743429e5-3c4f-4700-b377-cf7e54efe4fd,Reading and Literature,Reading challenges and book clubs
qw85cm6mev,da9523ff-526f-4e90-8a64-6e5460ed446f,Reading and Literature,"Fiction (novels, short stories, fantasy, science fiction)"
yabntpb03d,9fb66deb-131e-4a50-92ec-7800774efade,Outdoor Activities,Hiking and nature walks
x00uhmdm5j,3988e327-1472-419a-b79a-2a712e2bbc66,Health and Wellness,Holistic health practices (acupuncture herbalism)
e5saar3ldr,3988e327-1472-419a-b79a-2a712e2bbc66,Travel and Exploration,Cruise vacations and sailing adventures
14d74lr65t,3988e327-1472-419a-b79a-2a712e2bbc66,Reading and Literature,"Poetry and poetic forms (haiku, sonnets, free verse)"
d3958fjsv0,a3e86fef-69e6-498b-b035-2ba04d12537e,Travel and Exploration,Visiting new countries and cultures
ytof7m1wei,a3e86fef-69e6-498b-b035-2ba04d12537e,Health & Wellness,Nutrition planning meal prepping
xt7r0tn32s,e15a678f-dc7b-4755-8c1c-fe8c102efe32,Outdoor Activities,"Camping (tent camping, RV camping)"
ifu8klypf7,e15a678f-dc7b-4755-8c1c-fe8c102efe32,Health and Wellness,Yoga retreats wellness tourism
v5m57qn4r6,e15a678f-dc7b-4755-8c1c-fe8c102efe32,Travel and Exploration,Ecotourism and sustainable travel
c6e0xdkfh4,97d5488f-081b-4de1-84d9-aca83df5d318,Health and Wellness,Yoga retreats wellness tourism
tiy9e8vuij,79ce593e-4858-4ec1-b3c9-05661e25d4eb,Travel and Exploration,Urban exploration and historical tours
6hld6d7b04,79ce593e-4858-4ec1-b3c9-05661e25d4eb,Health and Wellness,Practicing mindfulness meditation
89svopm7l5,79ce593e-4858-4ec1-b3c9-05661e25d4eb,Reading and Literature,Audio books and storytelling podcasts
83zeti3kw9,3d499e2f-dbdb-4a38-baf2-5d911d0adb2a,Outdoor Activities,Hiking and nature walks
mag5g21wmz,3d499e2f-dbdb-4a38-baf2-5d911d0adb2a,Health and Wellness,Yoga retreats wellness tourism
83h0i8nm4n,3d499e2f-dbdb-4a38-baf2-5d911d0adb2a,Reading and Literature,Literary analysis and book discussions
9j35fjtabp,5db3f904-7c96-4a64-b33c-72c0bec0b119,Health & Wellness,Nutrition planning meal prepping
3h2vgmami8,ebf2c94b-8c05-4f2e-bd2b-95eb54f88ced,Outdoor Activities,"Camping (tent camping, RV camping)"
crfhncxqmx,ebf2c94b-8c05-4f2e-bd2b-95eb54f88ced,Outdoor Activities,Hiking and nature walks
kquiyhiu65,ebf2c94b-8c05-4f2e-bd2b-95eb54f88ced,Travel and Exploration,Visiting new countries and cultures
6f09buej8j,6e3be9f0-50bb-4eb9-afc7-8f626737eda7,Travel and Exploration,Visiting new countries and cultures
b4p9f7hyk4,6e3be9f0-50bb-4eb9-afc7-8f626737eda7,Reading and Literature,Reading challenges and book clubs
qpk6rkpxbz,6e3be9f0-50bb-4eb9-afc7-8f626737eda7,Health and Wellness,Yoga retreats wellness tourism
h4rozs66vw,5bffdb65-9ad8-4439-b35c-f9ededfcac60,Travel and Exploration,Urban exploration and historical tours
po3xe3tqgc,5bffdb65-9ad8-4439-b35c-f9ededfcac60,Outdoor Activities,"Camping (tent camping, RV camping)"
zqqmw9hzrk,42078308-3e2e-4291-8f20-f8816b41fbdb,Travel and Exploration,Cruise vacations and sailing adventures
bigzsnvwjo,42078308-3e2e-4291-8f20-f8816b41fbdb,Health and Wellness,Holistic health practices (acupuncture herbalism)
eo9z52ym3p,9c902b10-3893-42ae-89b4-da4bc5d96a6e,Travel and Exploration,Visiting new countries and cultures
tp9hxjuuqv,56a68870-1ee0-4ce1-bd87-074c6ea5a548,Health and Wellness,Fitness obstacle course races
uuhid48vdb,b1f8517a-b869-4e06-8b12-2f92288a5109,Travel and Exploration,Ecotourism and sustainable travel
w6hixwtxux,b09e6260-1c31-4a39-88b1-4718a37252e8,Travel and Exploration,Road trips and exploring scenic routes
fhy9tg3ocb,b09e6260-1c31-4a39-88b1-4718a37252e8,Travel and Exploration,Cruise vacations and sailing adventures
0v3e3ghu5j,943c953a-9774-4e9d-9f1f-2a4ad560c7ab,Health & Wellness,Nutrition planning meal prepping
2zzq1glp8v,82ba8901-eed5-4abd-93da-aafc04d4c93f,Health and Wellness,Yoga retreats wellness tourism
i3f9tcuenn,2e48d2ec-3f38-4f2a-ab29-8d5860a39d4c,Health and Wellness,Yoga retreats wellness tourism
95bfg32d67,524f2e0b-2bf3-4f93-9d7b-c8084b317610,Travel and Exploration,Ecotourism and sustainable travel
5fuhhq3d71,524f2e0b-2bf3-4f93-9d7b-c8084b317610,Travel and Exploration,Backpacking and adventure travel
o0wdtks79o,c5496821-6d6a-4413-9943-a7b5cd2d9d28,Travel and Exploration,Urban exploration and historical tours
v27rx4bmg3,c5496821-6d6a-4413-9943-a7b5cd2d9d28,Reading and Literature,"Poetry and poetic forms (haiku, sonnets, free verse)"
lkj3xgq8vd,c5496821-6d6a-4413-9943-a7b5cd2d9d28,Reading and Literature,"Non-fiction (biographies, history, self-help, psychology)"
q5d1gbujz9,2d46b923-8f88-4c01-97dd-334b2c7d0906,Travel and Exploration,Road trips and exploring scenic routes
w7pf906y9n,7a848901-156d-4441-9762-03cbe822c97b,Health and Wellness,Holistic health practices (acupuncture herbalism)
ppnocm073f,7a848901-156d-4441-9762-03cbe822c97b,Health and Wellness,Fitness obstacle course races
o1irmfckgt,7a848901-156d-4441-9762-03cbe822c97b,Outdoor Activities,Hiking and nature walks
kizirw102l,6421c5a3-431a-4987-9bf3-965132b32b1a,Health and Wellness,Holistic health practices (acupuncture herbalism)
sfv1ho266o,5cdd19df-9a02-4034-866f-f61249e4f911,Reading and Literature,"Fiction (novels, short stories, fantasy, science fiction)"
xnpzpqa93x,5cdd19df-9a02-4034-866f-f61249e4f911,Outdoor Activities,"Camping (tent camping, RV camping)"
tfvuawrr1x,5cdd19df-9a02-4034-866f-f61249e4f911,Health and Wellness,Yoga retreats wellness tourism
0oteu9o7g4,82fac26d-2be3-4624-842f-73b74c7f6d98,Outdoor Activities,Hiking and nature walks
o81f8vlhg5,82fac26d-2be3-4624-842f-73b74c7f6d98,Travel and Exploration,Ecotourism and sustainable travel
5syl59gprz,7b38833b-4cf3-4cbc-a4b2-7728f7fdc852,Reading and Literature,"Poetry and poetic forms (haiku, sonnets, free verse)"
c0flg4llal,7b38833b-4cf3-4cbc-a4b2-7728f7fdc852,Health & Wellness,Nutrition planning meal prepping
qash1rstkk,c4fd8158-0bb9-457e-9f57-48ae864c4b70,Travel and Exploration,Road trips and exploring scenic routes
s0bw2i3k9i,c004d851-2dc4-485a-baa3-9a9e44751a2c,Health and Wellness,Practicing mindfulness meditation
f3c7fd2t9f,c004d851-2dc4-485a-baa3-9a9e44751a2c,Health and Wellness,Fitness obstacle course races
c58l1rstxe,c004d851-2dc4-485a-baa3-9a9e44751a2c,Health & Wellness,Nutrition planning meal prepping
ksiq0yk1qj,c4c797d7-45c1-4b91-b1cf-845ba9e6919a,Travel and Exploration,Cruise vacations and sailing adventures
0c7jjyweqz,c4c797d7-45c1-4b91-b1cf-845ba9e6919a,Travel and Exploration,Backpacking and adventure travel
8zz74801gd,c083e157-8020-4908-86a7-9b697f67ebb2,Outdoor Activities,Wilderness survival skills
87x7am451g,d2e1e70c-1220-4fd5-b9ad-3a332285d788,Travel and Exploration,Road trips and exploring scenic routes
u5wpps9ch5,a19e7679-db28-49b6-b11f-44fd4c9b6e81,Health and Wellness,Yoga retreats wellness tourism
cu04j08ue5,a19e7679-db28-49b6-b11f-44fd4c9b6e81,Health & Wellness,Nutrition planning meal prepping
pq7u8jjeu8,d95b3ae3-493c-43f8-b057-28f44f8c8e32,Travel and Exploration,Urban exploration and historical tours
ophcnk8ft0,d95b3ae3-493c-43f8-b057-28f44f8c8e32,Health and Wellness,Fitness obstacle course races
osq50kdvw7,e074ce82-4286-48db-9a11-4631348facf2,Travel and Exploration,Road trips and exploring scenic routes
x8f5tgbi6n,9fe54c1c-2904-4f31-9ad6-f24c2e1bb1f5,Health & Wellness,Nutrition planning meal prepping
8s9noiwd2h,9fe54c1c-2904-4f31-9ad6-f24c2e1bb1f5,Travel and Exploration,Urban exploration and historical tours
crne1hrmh0,9fe54c1c-2904-4f31-9ad6-f24c2e1bb1f5,Travel and Exploration,Road trips and exploring scenic routes
rbcl8adiv8,70415692-1554-4dfe-9446-aa68827a8b6e,Travel and Exploration,Ecotourism and sustainable travel
0661vyl59h,70415692-1554-4dfe-9446-aa68827a8b6e,Outdoor Activities,Hiking and nature walks
5h43n653va,70415692-1554-4dfe-9446-aa68827a8b6e,Travel and Exploration,Cruise vacations and sailing adventures
kfwj3btvn0,09cc5a9d-b3eb-45c6-8203-f3293060a4ba,Outdoor Activities,"Camping (tent camping, RV camping)"
p2jf2wcfdm,09cc5a9d-b3eb-45c6-8203-f3293060a4ba,Reading and Literature,"Poetry and poetic forms (haiku, sonnets, free verse)"
7png9dfnh0,09cc5a9d-b3eb-45c6-8203-f3293060a4ba,Health and Wellness,Practicing mindfulness meditation
77q97m3hik,9832a28e-deb4-4481-9ec3-9c0369107e37,Health and Wellness,Practicing mindfulness meditation
qre5e1u8qu,671ef4c9-18d9-48fd-83f5-e07c757286b1,Health and Wellness,Practicing mindfulness meditation
a5ql89tgyy,671ef4c9-18d9-48fd-83f5-e07c757286b1,Reading and Literature,"Non-fiction (biographies, history, self-help, psychology)"
634r47a87v,a5a5bfad-18db-400a-953c-696823222c96,Health & Wellness,Nutrition planning meal prepping
zrqv12xx31,52902dfb-c5a6-4a76-8260-4fe657d2fbda,Reading and Literature,Reading challenges and book clubs
bb8r32dhy4,52902dfb-c5a6-4a76-8260-4fe657d2fbda,Outdoor Activities,"Camping (tent camping, RV camping)"
h1g7i2nyxs,c6255c8f-5647-4158-9509-a6aa4b3a25c6,Outdoor Activities,"Camping (tent camping, RV camping)"
hek4w16f2f,c6255c8f-5647-4158-9509-a6aa4b3a25c6,Travel and Exploration,Backpacking and adventure travel
4i2tifhx4z,c6255c8f-5647-4158-9509-a6aa4b3a25c6,Travel and Exploration,Ecotourism and sustainable travel
64k439u601,068815af-4e70-447a-b267-8fb55972f649,Reading and Literature,Audio books and storytelling podcasts
3gmwe20zgg,068815af-4e70-447a-b267-8fb55972f649,Outdoor Activities,Hiking and nature walks
rgkba1b6gf,068815af-4e70-447a-b267-8fb55972f649,Health & Wellness,Nutrition planning meal prepping
lpx2l2w8i7,10b493ac-5c91-436e-98c1-57a0283dc589,Travel and Exploration,Urban exploration and historical tours
kizx7eyiyn,10b493ac-5c91-436e-98c1-57a0283dc589,Health and Wellness,Fitness obstacle course races
siodilq5gq,93ace85f-3e3a-4534-a611-970a3f707ced,Outdoor Activities,Hiking and nature walks
q9gdz8t01j,93ace85f-3e3a-4534-a611-970a3f707ced,Reading and Literature,Reading challenges and book clubs
3rlo79unlg,760c8c98-997c-4b79-9db0-82c8eb3efb37,Reading and Literature,"Non-fiction (biographies, history, self-help, psychology)"
7kmn2jmngn,d8bd8f04-f8ee-4301-9b73-89f5bca7dd64,Outdoor Activities,Wilderness survival skills
tbhgc85j8y,d8bd8f04-f8ee-4301-9b73-89f5bca7dd64,Reading and Literature,Literary analysis and book discussions
q82zq1bh6y,d8bd8f04-f8ee-4301-9b73-89f5bca7dd64,Travel and Exploration,Ecotourism and sustainable travel
c239fnugme,6807ee2f-e481-475d-9e34-7a940a273fa4,Health and Wellness,Fitness obstacle course races
048ar8yred,9dc2282b-b259-4048-a57a-84a2c88fe46e,Reading and Literature,Reading challenges and book clubs
h255j21rcc,3e876e2b-9513-4b74-8615-66ea985d7cf2,Travel and Exploration,Visiting new countries and cultures
qvuwvclyl1,e29ab3f5-defc-4a34-933a-055f3f4e3841,Reading and Literature,Reading challenges and book clubs
2l297ybmcy,e29ab3f5-defc-4a34-933a-055f3f4e3841,Outdoor Activities,Wilderness survival skills
wbe9qh7nbo,e29ab3f5-defc-4a34-933a-055f3f4e3841,Reading and Literature,"Poetry and poetic forms (haiku, sonnets, free verse)"
hpxt4jpg4o,2c9141a5-059e-4c4a-9e45-16fcb8dd75f2,Health and Wellness,Practicing mindfulness meditation
ul6j6m5zub,30496670-dc28-45b4-bf30-6d17450a9f45,Travel and Exploration,Road trips and exploring scenic routes
z0rmqkwtpd,82093f81-342e-41aa-a6ec-578a2864a82e,Health and Wellness,Fitness obstacle course races
0qy2ync4oj,71774d31-5012-49e0-a968-230c56573c5b,Reading and Literature,"Fiction (novels, short stories, fantasy, science fiction)"
p6g6lt7lqb,68ece8ca-4d44-462c-ad1e-489b9b983d08,Reading and Literature,Audio books and storytelling podcasts
xiac7eilkp,f0e70f75-05b8-4d51-a524-5391e78d8445,Reading and Literature,Audio books and storytelling podcasts
q167ry4pld,3adf7f85-695e-4ad1-ad9f-d4189829e16f,Outdoor Activities,Wilderness survival skills
dpqbt647w7,3adf7f85-695e-4ad1-ad9f-d4189829e16f,Reading and Literature,"Non-fiction (biographies, history, self-help, psychology)"
mmam20yi0r,3adf7f85-695e-4ad1-ad9f-d4189829e16f,Travel and Exploration,Ecotourism and sustainable travel
i8b9qs6ozf,be483ed6-a35a-4be3-8770-b2e5c6e9fa28,Reading and Literature,"Non-fiction (biographies, history, self-help, psychology)"
vgipmrp4zj,bacc2424-397d-47c9-a3b7-8fae7a132895,Reading and Literature,"Non-fiction (biographies, history, self-help, psychology)"
gc3zzzd4f4,bacc2424-397d-47c9-a3b7-8fae7a132895,Health and Wellness,Holistic health practices (acupuncture herbalism)
w6mt84l12t,cbf5fb99-7c6d-49b3-bcc7-08b025dfa0d1,Health and Wellness,Holistic health practices (acupuncture herbalism)
yrsrfdz19r,504d7481-bcf4-4fc8-a597-e8277f2c2e1c,Reading and Literature,Reading challenges and book clubs
zhy8tro6lu,15ff619f-592e-4d64-b017-3ac3a7366f4d,Reading and Literature,"Fiction (novels, short stories, fantasy, science fiction)"
4957g90ezx,15ff619f-592e-4d64-b017-3ac3a7366f4d,Outdoor Activities,Wilderness survival skills
cygde11yjc,15ff619f-592e-4d64-b017-3ac3a7366f4d,Reading and Literature,"Poetry and poetic forms (haiku, sonnets, free verse)"
xcrz1wsm4f,9521d878-2d9f-48c7-ab65-6884567b59c5,Travel and Exploration,Ecotourism and sustainable travel
nexeei3nk8,9521d878-2d9f-48c7-ab65-6884567b59c5,Reading and Literature,Reading challenges and book clubs
csanox6cvi,9521d878-2d9f-48c7-ab65-6884567b59c5,Health and Wellness,Practicing mindfulness meditation
jkintvnzq5,048326c0-b939-471c-9a6f-f80369497a2b,Outdoor Activities,"Camping (tent camping, RV camping)"
7wqkfj21my,048326c0-b939-471c-9a6f-f80369497a2b,Travel and Exploration,Visiting new countries and cultures
lm6z6gwpst,596fff6c-81a6-488f-b781-a084e5213f2c,Travel and Exploration,Backpacking and adventure travel
b45u0b8fyc,596fff6c-81a6-488f-b781-a084e5213f2c,Reading and Literature,Literary analysis and book discussions
mk6dda50te,0b1d32c9-a5bc-48fb-9bb2-897afc133a69,Outdoor Activities,Hiking and nature walks
ikjsaw7o4a,0b1d32c9-a5bc-48fb-9bb2-897afc133a69,Travel and Exploration,Urban exploration and historical tours
izw2zx6uhe,0b1d32c9-a5bc-48fb-9bb2-897afc133a69,Health and Wellness,Practicing mindfulness meditation
07gq8jqqfs,f6ccd5df-76a0-4786-8d8f-426e0297d713,Travel and Exploration,Cruise vacations and sailing adventures
gzg7h95saz,f6ccd5df-76a0-4786-8d8f-426e0297d713,Health & Wellness,Nutrition planning meal prepping
7ykah66he7,f6ccd5df-76a0-4786-8d8f-426e0297d713,Health and Wellness,Practicing mindfulness meditation
km55ki8z2q,9cf3ed5b-f19a-48c1-b660-4a26f38ed72e,Travel and Exploration,Ecotourism and sustainable travel
inemr94i6y,6f1fc422-e7fa-48c5-a643-3bf16adb6756,Travel and Exploration,Road trips and exploring scenic routes
6gmo0u6pz3,6f1fc422-e7fa-48c5-a643-3bf16adb6756,Health & Wellness,Nutrition planning meal prepping
05tkzpdxch,6f1fc422-e7fa-48c5-a643-3bf16adb6756,Outdoor Activities,"Camping (tent camping, RV camping)"
o9isxsq4hj,ad830383-f01e-4a70-aec9-f15b6569ff09,Health and Wellness,Yoga retreats wellness tourism
mm781ceunu,ad830383-f01e-4a70-aec9-f15b6569ff09,Reading and Literature,"Fiction (novels, short stories, fantasy, science fiction)"
x1obz2uy0o,f071da9a-2d5b-4dff-a6a7-603b04805b62,Reading and Literature,Literary analysis and book discussions
fpa278ioou,8c21d16f-fbf7-4bee-b350-5cf98e98049e,Travel and Exploration,Cruise vacations and sailing adventures
7ko86thod5,8c21d16f-fbf7-4bee-b350-5cf98e98049e,Travel and Exploration,Visiting new countries and cultures
nyvu6svoi5,95ac62dc-dd42-4669-bd4e-fd05366dbdcb,Travel and Exploration,Urban exploration and historical tours
dq3q2b8g1z,e36495f1-e268-44ef-9d3d-69a55bf34773,Health and Wellness,Practicing mindfulness meditation
3nh4bn2x9s,e36495f1-e268-44ef-9d3d-69a55bf34773,Health and Wellness,Yoga retreats wellness tourism
rd1qa6z1u4,e36495f1-e268-44ef-9d3d-69a55bf34773,Travel and Exploration,Cruise vacations and sailing adventures
ukeko6pa54,f94c137f-1226-4dcc-9836-1b85de7f922f,Outdoor Activities,"Camping (tent camping, RV camping)"
6xe0efszaj,f94c137f-1226-4dcc-9836-1b85de7f922f,Travel and Exploration,Visiting new countries and cultures
yl12lbjd9j,3d2c44fe-4d3c-49ce-8474-b55b87d31a55,Health and Wellness,Fitness obstacle course races
2jdd69p6fj,2b811bef-5500-47a3-8959-7d87242bcbaf,Travel and Exploration,Urban exploration and historical tours
2ce32b143y,9a5577f0-1787-4235-9bda-d270b061212e,Travel and Exploration,Ecotourism and sustainable travel
oepzm4yj62,9a5577f0-1787-4235-9bda-d270b061212e,Reading and Literature,Reading challenges and book clubs
fxzsttwwg8,9a5577f0-1787-4235-9bda-d270b061212e,Travel and Exploration,Urban exploration and historical tours
5xrtvs585i,0278342a-c105-42f1-a1a0-bae8531734c8,Travel and Exploration,Ecotourism and sustainable travel
fkpaljplwj,0278342a-c105-42f1-a1a0-bae8531734c8,Outdoor Activities,"Camping (tent camping, RV camping)"
nctyj56c8r,0278342a-c105-42f1-a1a0-bae8531734c8,Travel and Exploration,Backpacking and adventure travel
ciowynpeoo,9df7a516-9b54-4461-9fb7-376f251c1cf3,Reading and Literature,Audio books and storytelling podcasts
k26xt3ar82,9df7a516-9b54-4461-9fb7-376f251c1cf3,Reading and Literature,"Fiction (novels, short stories, fantasy, science fiction)"
xmcqd35hcc,9df7a516-9b54-4461-9fb7-376f251c1cf3,Reading and Literature,"Non-fiction (biographies, history, self-help, psychology)"
6l4bdb9hyk,b2fb4745-c4e5-40f5-8d97-526de1d25c4b,Travel and Exploration,Urban exploration and historical tours
kaekvfgquw,b2fb4745-c4e5-40f5-8d97-526de1d25c4b,Reading and Literature,"Fiction (novels, short stories, fantasy, science fiction)"
48mslm8bwf,e8526a19-3508-44ad-9762-c37ae3c63d77,Reading and Literature,Reading challenges and book clubs
ltuv4bbwe2,775eba9e-765c-4ac8-948f-e949945ba7a4,Health and Wellness,Practicing mindfulness meditation
v588u9ai52,775eba9e-765c-4ac8-948f-e949945ba7a4,Health & Wellness,Nutrition planning meal prepping
8l1mlb2gb8,775eba9e-765c-4ac8-948f-e949945ba7a4,Outdoor Activities,Hiking and nature walks
j2cibgx3kp,157ac65e-9acc-41e3-8194-d0e6b0fee253,Health and Wellness,Yoga retreats wellness tourism
6q08g4e6o5,157ac65e-9acc-41e3-8194-d0e6b0fee253,Health and Wellness,Practicing mindfulness meditation
9kyrm8kg66,b3691ae6-a183-45a5-8e02-b1f4eb2006af,Outdoor Activities,"Camping (tent camping, RV camping)"
0k20utxojr,b3691ae6-a183-45a5-8e02-b1f4eb2006af,Health and Wellness,Yoga retreats wellness tourism
qqd30hpwg4,9c1eef1a-cb8e-45b0-b418-c57f0240b7e5,Outdoor Activities,Hiking and nature walks
gp4uksz3by,9c1eef1a-cb8e-45b0-b418-c57f0240b7e5,Health and Wellness,Fitness obstacle course races
236webv7zg,a1cae212-a29d-40f2-a6df-7e7882151a95,Travel and Exploration,Visiting new countries and cultures
fw2m041fu9,a1cae212-a29d-40f2-a6df-7e7882151a95,Health and Wellness,Fitness obstacle course races
7tnkweapyr,a1cae212-a29d-40f2-a6df-7e7882151a95,Reading and Literature,"Poetry and poetic forms (haiku, sonnets, free verse)"
qv1p7ecobe,cf73e10e-3f71-4f04-ab8d-5396dcf49a2f,Outdoor Activities,Hiking and nature walks
pvzk9v0kk5,cf73e10e-3f71-4f04-ab8d-5396dcf49a2f,Reading and Literature,"Non-fiction (biographies, history, self-help, psychology)"
lg6jfo69rh,cf73e10e-3f71-4f04-ab8d-5396dcf49a2f,Reading and Literature,"Fiction (novels, short stories, fantasy, science fiction)"
e90h72iaxr,72ea8d86-176c-4b42-b9fe-17aa98fc794d,Health and Wellness,Yoga retreats wellness tourism
kvtvigv4t4,3bf4f128-796c-4fd0-a2e7-42d0dbbef475,Outdoor Activities,Wilderness survival skills
wlg1tumq25,78d4e9ff-bd52-4c83-bc8d-fdc6c9136e39,Reading and Literature,"Poetry and poetic forms (haiku, sonnets, free verse)"
kv7in5286m,78d4e9ff-bd52-4c83-bc8d-fdc6c9136e39,Health and Wellness,Practicing mindfulness meditation
appol0e209,78d4e9ff-bd52-4c83-bc8d-fdc6c9136e39,Travel and Exploration,Visiting new countries and cultures
zm00fd8dft,8c5bc334-a70f-44c7-81e2-c12e6d9b2ae0,Reading and Literature,"Poetry and poetic forms (haiku, sonnets, free verse)"
f5kv40t7tj,8c5bc334-a70f-44c7-81e2-c12e6d9b2ae0,Reading and Literature,Reading challenges and book clubs
15v6mmqnu3,82c0f34c-6750-4512-9b29-377cd817a500,Travel and Exploration,Urban exploration and historical tours
tgmrwcxb7d,82c0f34c-6750-4512-9b29-377cd817a500,Reading and Literature,"Non-fiction (biographies, history, self-help, psychology)"
ts3sjv17x3,4886b6fb-1896-4d35-8ab7-9ec8c8020433,Outdoor Activities,"Camping (tent camping, RV camping)"
fzbiv7biyh,4886b6fb-1896-4d35-8ab7-9ec8c8020433,Travel and Exploration,Road trips and exploring scenic routes
j7mb6ffw5w,5fb9a25a-eb75-4b6c-a18e-c24256c3cb98,Reading and Literature,"Fiction (novels, short stories, fantasy, science fiction)"
vqmufk74da,5151e715-226a-45f6-99cf-6ef6fe3b2dbc,Health & Wellness,Nutrition planning meal prepping
dugfdz92my,5151e715-226a-45f6-99cf-6ef6fe3b2dbc,Reading and Literature,Reading challenges and book clubs
j3q93zyx0w,1cefe0d9-ca0e-4a94-8a43-d6c097b1ee8b,Reading and Literature,Literary analysis and book discussions
04jxmxcte5,5c189619-0b00-4ad8-babf-febae683b101,Reading and Literature,Audio books and storytelling podcasts
lxspswb6xm,fe4a117e-8e0f-4e72-a8bb-cc6c331bb856,Reading and Literature,"Non-fiction (biographies, history, self-help, psychology)"
i5xpebhkc7,fe4a117e-8e0f-4e72-a8bb-cc6c331bb856,Reading and Literature,Audio books and storytelling podcasts
6gwzi0f5e7,d208a03f-b78c-495c-a604-35cc3068cc53,Health and Wellness,Fitness obstacle course races
k7vni62dw8,d208a03f-b78c-495c-a604-35cc3068cc53,Travel and Exploration,Backpacking and adventure travel
4qdu7uhpwm,95ada078-5f03-4edc-8904-1b6c42ae8305,Health and Wellness,Holistic health practices (acupuncture herbalism)
nciuqj98r1,95ada078-5f03-4edc-8904-1b6c42ae8305,Travel and Exploration,Visiting new countries and cultures
sxk2m66njr,95ada078-5f03-4edc-8904-1b6c42ae8305,Health & Wellness,Nutrition planning meal prepping
xfptrlggzc,be0d7c38-de79-41da-9608-1da42edb5943,Health & Wellness,Nutrition planning meal prepping
21ju44xg9t,be0d7c38-de79-41da-9608-1da42edb5943,Travel and Exploration,Urban exploration and historical tours
gs48rn4b22,be0d7c38-de79-41da-9608-1da42edb5943,Health and Wellness,Fitness obstacle course races
qar7fg6mn0,b8125e43-ee7b-45a4-a5c4-10a5ce9ecb4e,Reading and Literature,Audio books and storytelling podcasts
n34ruof0pb,b8125e43-ee7b-45a4-a5c4-10a5ce9ecb4e,Outdoor Activities,Wilderness survival skills
k9wd1aptwh,d145de77-2ad2-4330-9b1e-aa31a47a4748,Reading and Literature,Literary analysis and book discussions
7e08fo1wnb,7610d3ae-7730-456e-bb12-37af3a444062,Travel and Exploration,Visiting new countries and cultures
vklwfc0uti,9d2b111e-d1d1-4c25-9982-b9dea49a7382,Outdoor Activities,"Camping (tent camping, RV camping)"
t8kzuh9jiy,88c85b3a-39ff-4cbc-a7bb-457ac7a778a4,Outdoor Activities,"Camping (tent camping, RV camping)"
rz29oqvmoi,0cf81293-7a5c-48e8-b7b8-8a2069a39867,Outdoor Activities,Hiking and nature walks
8u8wb70bpf,c70a5850-749e-4aec-81b3-b3ecbfb9e920,Travel and Exploration,Road trips and exploring scenic routes
f3khiitxai,c70a5850-749e-4aec-81b3-b3ecbfb9e920,Reading and Literature,"Non-fiction (biographies, history, self-help, psychology)"
8uur2ubmab,c70a5850-749e-4aec-81b3-b3ecbfb9e920,Outdoor Activities,Wilderness survival skills
p3bjka1hy7,45765bdc-d12d-4a45-a2aa-f58644fd215e,Travel and Exploration,Road trips and exploring scenic routes
xcabvvnv93,45765bdc-d12d-4a45-a2aa-f58644fd215e,Outdoor Activities,"Camping (tent camping, RV camping)"
v6hkg0f5ki,97791bae-9f7f-457b-b8fd-f955db06c263,Reading and Literature,"Fiction (novels, short stories, fantasy, science fiction)"
vady575qrr,97791bae-9f7f-457b-b8fd-f955db06c263,Health and Wellness,Practicing mindfulness meditation
0qi0pkxf81,97791bae-9f7f-457b-b8fd-f955db06c263,Travel and Exploration,Cruise vacations and sailing adventures
dvsr2hboh4,98c0224f-b76a-4518-ae4a-fdaf2a641dad,Travel and Exploration,Urban exploration and historical tours
cqxwthnr75,70aea8c8-9a14-42ce-a6c8-e249b8dd281a,Reading and Literature,"Fiction (novels, short stories, fantasy, science fiction)"
3mvtcdbedg,77d08491-a608-4a20-b1a5-41170b28e51b,Travel and Exploration,Urban exploration and historical tours
pr3ai7vj2z,85296b27-7956-4dec-84d7-b2674913a3e6,Travel and Exploration,Road trips and exploring scenic routes
8axgdio5vu,ad913f20-1366-41ba-a19d-53c56b7f3b43,Health and Wellness,Fitness obstacle course races
stsfv6says,ad913f20-1366-41ba-a19d-53c56b7f3b43,Reading and Literature,"Non-fiction (biographies, history, self-help, psychology)"
ixfgzalp9g,e34360b4-28cd-4daa-a38f-3093fb550439,Travel and Exploration,Urban exploration and historical tours
s66njuf5wr,bab4920a-9bdc-41c8-90fe-924015961032,Travel and Exploration,Backpacking and adventure travel
v1blnlnta7,bab4920a-9bdc-41c8-90fe-924015961032,Reading and Literature,Reading challenges and book clubs
2mzydj385j,702fd453-3f19-4d07-9511-2fd39eda8654,Health and Wellness,Fitness obstacle course races
vgvjq4wt0b,d7b397d3-c204-401d-bd28-fd4aa9d0a445,Reading and Literature,Literary analysis and book discussions
dqyuehqq9n,d7b397d3-c204-401d-bd28-fd4aa9d0a445,Reading and Literature,"Poetry and poetic forms (haiku, sonnets, free verse)"
0oaxzmf7ka,6b5560e1-2177-4e31-907d-94f9a9b9a4e2,Reading and Literature,"Fiction (novels, short stories, fantasy, science fiction)"
exz9n67z66,6b5560e1-2177-4e31-907d-94f9a9b9a4e2,Reading and Literature,Audio books and storytelling podcasts
ak176f1k5u,6b5560e1-2177-4e31-907d-94f9a9b9a4e2,Outdoor Activities,"Camping (tent camping, RV camping)"
8ooc5et5kv,5cbff725-e6e3-4c0d-a448-5718fcffcf0d,Reading and Literature,Reading challenges and book clubs
978bk7x205,59e9daf3-4e62-454e-9549-a44a87d6f545,Travel and Exploration,Urban exploration and historical tours
s564dmw52d,59e9daf3-4e62-454e-9549-a44a87d6f545,Health & Wellness,Nutrition planning meal prepping
vm4xi96mqc,38c71011-204f-4da3-999e-956ea8791977,Reading and Literature,Audio books and storytelling podcasts
jex2gvphrc,38c71011-204f-4da3-999e-956ea8791977,Outdoor Activities,Hiking and nature walks
4izmob56aa,38c71011-204f-4da3-999e-956ea8791977,Outdoor Activities,Wilderness survival skills
pcos2f6btq,2227e897-490d-4e6d-b415-0b78f3db9abc,Reading and Literature,"Fiction (novels, short stories, fantasy, science fiction)"
aer7bhzpp7,095d853b-5ffa-4f29-9f51-7e0bfebbfc9a,Travel and Exploration,Cruise vacations and sailing adventures
4vdr71frw7,d5394ff9-076d-4f74-8a42-0755e2c4b0eb,Health & Wellness,Nutrition planning meal prepping
nfbuqq96gz,37ada321-4743-473d-9885-ea8ee205fa0d,Reading and Literature,Reading challenges and book clubs
hb5gbi7kt1,37ada321-4743-473d-9885-ea8ee205fa0d,Health & Wellness,Nutrition planning meal prepping
vt5jrska1q,30aefd35-cd61-4e9b-80dd-1b6194c6e336,Health and Wellness,Fitness obstacle course races
hgj3robolp,30aefd35-cd61-4e9b-80dd-1b6194c6e336,Travel and Exploration,Ecotourism and sustainable travel
qsnut1utoa,163372ae-8721-44dc-98f7-282564d8704a,Outdoor Activities,Hiking and nature walks
w8ovsylf03,163372ae-8721-44dc-98f7-282564d8704a,Health and Wellness,Holistic health practices (acupuncture herbalism)
ixlb91409a,163372ae-8721-44dc-98f7-282564d8704a,Health and Wellness,Practicing mindfulness meditation
zc2u2dv82g,841aa32c-db5b-46ee-af0e-be32f31dbf66,Health and Wellness,Yoga retreats wellness tourism
2bls64y5e1,841aa32c-db5b-46ee-af0e-be32f31dbf66,Health and Wellness,Holistic health practices (acupuncture herbalism)
gv3he813fp,de8f9777-11ef-4e3e-b47b-220069351143,Travel and Exploration,Road trips and exploring scenic routes
yxzxxtx0jb,de8f9777-11ef-4e3e-b47b-220069351143,Health and Wellness,Yoga retreats wellness tourism
opgtutzt5i,b3201ffc-d21a-47a4-bec2-8c0ee8e4380c,Travel and Exploration,Ecotourism and sustainable travel
b4xwno53xi,b0ded163-8e2c-44f7-87c0-81c8f774da4d,Health and Wellness,Yoga retreats wellness tourism
xb14nf2zpp,49805db7-1eb3-428c-8892-a7e70d6bc9c4,Travel and Exploration,Road trips and exploring scenic routes
i18d14jfwp,07338794-c8f2-464c-b29a-9f1722ff75a3,Travel and Exploration,Road trips and exploring scenic routes
hosaeitdv7,a71a159d-6876-4bce-a8f8-33bc7d3cbff6,Travel and Exploration,Visiting new countries and cultures
5fjj5wi524,6ef5a269-c956-4957-89b3-5712c17a14eb,Health and Wellness,Practicing mindfulness meditation
1ws95m9c0o,c07b6f10-0a74-4c9e-bb28-a0a69f8bd1d1,Health and Wellness,Yoga retreats wellness tourism
x8kab8i1p4,ef4a5283-c71a-4937-9056-65c6cca2d956,Reading and Literature,Literary analysis and book discussions
rgggtl16xb,ef4a5283-c71a-4937-9056-65c6cca2d956,Outdoor Activities,Wilderness survival skills
gm3h7nqgrm,ef4a5283-c71a-4937-9056-65c6cca2d956,Travel and Exploration,Ecotourism and sustainable travel
3vp8lyj212,2340712b-6ff2-419f-8a99-01f4057ee136,Travel and Exploration,Backpacking and adventure travel
0653tpzr7p,2340712b-6ff2-419f-8a99-01f4057ee136,Health & Wellness,Nutrition planning meal prepping
1q2glk08kp,2340712b-6ff2-419f-8a99-01f4057ee136,Reading and Literature,"Poetry and poetic forms (haiku, sonnets, free verse)"
f41rs5n8xj,045eb9b0-29b3-4ba5-988a-6b04237c9875,Travel and Exploration,Road trips and exploring scenic routes
eyymmej45k,045eb9b0-29b3-4ba5-988a-6b04237c9875,Travel and Exploration,Ecotourism and sustainable travel
bmwdej5gzr,045eb9b0-29b3-4ba5-988a-6b04237c9875,Reading and Literature,Audio books and storytelling podcasts
kwo87tsviw,fc568017-35d5-4e6a-a842-e4343d1cf008,Outdoor Activities,"Camping (tent camping, RV camping)"
yotpeovrhb,fc568017-35d5-4e6a-a842-e4343d1cf008,Health and Wellness,Yoga retreats wellness tourism
zabrj5zlo7,fc568017-35d5-4e6a-a842-e4343d1cf008,Travel and Exploration,Ecotourism and sustainable travel
hoq4tx4nbi,518a0c42-1771-42d5-81a2-df1c8691bd6b,Outdoor Activities,Wilderness survival skills
62cip5gch0,f88ab902-9836-41d1-be5b-97af09f95c75,Outdoor Activities,Wilderness survival skills
dspec4eos3,f88ab902-9836-41d1-be5b-97af09f95c75,Travel and Exploration,Ecotourism and sustainable travel
1zdewgjttb,f88ab902-9836-41d1-be5b-97af09f95c75,Travel and Exploration,Visiting new countries and cultures
0m2ojsetjh,ba7dc998-391b-42ef-87e8-e7baa4aaa22a,Reading and Literature,"Poetry and poetic forms (haiku, sonnets, free verse)"
a76sv6ug1q,7bfe650c-c833-4b83-8f58-e7cc56f62046,Reading and Literature,Audio books and storytelling podcasts
m57h6kjf8d,7bfe650c-c833-4b83-8f58-e7cc56f62046,Outdoor Activities,"Camping (tent camping, RV camping)"
e7lkr31k4z,7bfe650c-c833-4b83-8f58-e7cc56f62046,Reading and Literature,Literary analysis and book discussions
g3k04age3i,ca44a151-be76-4e2f-9f44-8d30b4c8fd40,Outdoor Activities,Wilderness survival skills
c7fzzcyhql,ca44a151-be76-4e2f-9f44-8d30b4c8fd40,Travel and Exploration,Urban exploration and historical tours
j2zh2r5g7k,5d5f83c4-3ca3-45e6-badf-12d8815734f8,Travel and Exploration,Visiting new countries and cultures
5aj3160zd1,5d5f83c4-3ca3-45e6-badf-12d8815734f8,Travel and Exploration,Urban exploration and historical tours
yb11n5n6o6,5d5f83c4-3ca3-45e6-badf-12d8815734f8,Reading and Literature,"Fiction (novels, short stories, fantasy, science fiction)"
fvrswwr1qe,17efca01-b251-4116-af78-e8b0f105c5d6,Outdoor Activities,Hiking and nature walks
t30qk8o7yc,17efca01-b251-4116-af78-e8b0f105c5d6,Travel and Exploration,Cruise vacations and sailing adventures
8vx7eophoc,17efca01-b251-4116-af78-e8b0f105c5d6,Travel and Exploration,Urban exploration and historical tours
5e3ji8tlnb,735cf305-cc16-4e2a-8886-246f57a833ed,Health and Wellness,Holistic health practices (acupuncture herbalism)
6x881q4t0s,38e8e9c5-9578-40b5-8f4f-74a01ffb850f,Reading and Literature,Reading challenges and book clubs
tirgjjrgd0,38e8e9c5-9578-40b5-8f4f-74a01ffb850f,Health and Wellness,Practicing mindfulness meditation
7defm9th31,38e8e9c5-9578-40b5-8f4f-74a01ffb850f,Reading and Literature,Audio books and storytelling podcasts
vrleotqj6f,531a2a4e-4676-4b51-81e8-ab193f70183b,Outdoor Activities,"Camping (tent camping, RV camping)"
0afmv1eupr,531a2a4e-4676-4b51-81e8-ab193f70183b,Reading and Literature,"Fiction (novels, short stories, fantasy, science fiction)"
m8m2matp6z,610fd4a2-07da-4385-80cd-34cedcb463ae,Reading and Literature,Audio books and storytelling podcasts
3gjtai7y5x,e749da40-c3b6-426e-9ec6-0060639e0cc6,Health and Wellness,Fitness obstacle course races
f2zr6njxt6,ce681af8-71cf-4abf-958b-95559c3889f1,Reading and Literature,Reading challenges and book clubs
yp16b162ms,ce681af8-71cf-4abf-958b-95559c3889f1,Travel and Exploration,Ecotourism and sustainable travel
71nubnxcc8,ce681af8-71cf-4abf-958b-95559c3889f1,Travel and Exploration,Cruise vacations and sailing adventures
lo15mwpaui,5bb4389f-a469-459e-8afe-14b348830d4d,Reading and Literature,"Non-fiction (biographies, history, self-help, psychology)"
2jg6ed4zir,33315ee4-6589-42f7-a230-2867b7ca80d9,Reading and Literature,Literary analysis and book discussions
qb5v0hjq5n,8c5f87d8-6de7-49ba-a93a-ddec2903c65a,Health & Wellness,Nutrition planning meal prepping
5xv9r75o4y,687e95e6-db48-4bab-b82f-db95f54f9500,Travel and Exploration,Road trips and exploring scenic routes
8syu60zpwy,d29a96f2-364d-4b9e-8ada-4fb12f6cb77b,Outdoor Activities,"Camping (tent camping, RV camping)"
bbjf71muoy,4b7e87ed-994e-419b-b36b-6ee3045ecef0,Travel and Exploration,Backpacking and adventure travel
izuur6uw5o,0e6153f5-edfd-4536-982c-6e86318ca951,Reading and Literature,Reading challenges and book clubs
d2rphpmiz0,0e6153f5-edfd-4536-982c-6e86318ca951,Travel and Exploration,Visiting new countries and cultures
f7or92rax3,34301b6e-a517-4484-9730-0a61551f4f4c,Reading and Literature,"Poetry and poetic forms (haiku, sonnets, free verse)"
3wfuag6a76,34301b6e-a517-4484-9730-0a61551f4f4c,Reading and Literature,"Non-fiction (biographies, history, self-help, psychology)"
szf683uisz,34301b6e-a517-4484-9730-0a61551f4f4c,Health and Wellness,Yoga retreats wellness tourism
9l9g9c0brt,f32a9ed9-4aee-4f0a-a797-f9d7df2ad6a6,Reading and Literature,Literary analysis and book discussions
ssx51iqvx2,f32a9ed9-4aee-4f0a-a797-f9d7df2ad6a6,Travel and Exploration,Ecotourism and sustainable travel
159ez17ga8,7b1611a8-fac3-47e1-8a59-d329d58504f1,Travel and Exploration,Ecotourism and sustainable travel
wxm4khm7l7,4a6f5289-8477-491c-beec-92c5c1b5c79d,Travel and Exploration,Road trips and exploring scenic routes
1phg9yubvi,f43c1241-a458-4077-9bb0-8871514d0ac3,Reading and Literature,"Non-fiction (biographies, history, self-help, psychology)"
dlsldllyuy,f43c1241-a458-4077-9bb0-8871514d0ac3,Health and Wellness,Practicing mindfulness meditation
1cis05u88k,f43c1241-a458-4077-9bb0-8871514d0ac3,Health and Wellness,Yoga retreats wellness tourism
er3ubr1fdj,0b113918-d94f-40ee-b572-3b18a96579ce,Health and Wellness,Holistic health practices (acupuncture herbalism)
ekt5567so5,0b113918-d94f-40ee-b572-3b18a96579ce,Travel and Exploration,Ecotourism and sustainable travel
a18paslmwc,6b20b125-d886-4680-876b-34ade4a2786b,Outdoor Activities,Wilderness survival skills
c2xahns5yg,6b20b125-d886-4680-876b-34ade4a2786b,Reading and Literature,"Non-fiction (biographies, history, self-help, psychology)"
t3pi1x7xhp,6b20b125-d886-4680-876b-34ade4a2786b,Outdoor Activities,"Camping (tent camping, RV camping)"
1kd34qx1et,c469624a-637b-410f-b10e-629a7022cd1a,Travel and Exploration,Road trips and exploring scenic routes
3i55ga7avf,c469624a-637b-410f-b10e-629a7022cd1a,Travel and Exploration,Visiting new countries and cultures
hmoidjd449,f425f27f-eff7-40d8-94cb-f93c422344c2,Health and Wellness,Practicing mindfulness meditation
lolwrqimuh,604ba0df-e51e-4a29-a32f-c12009497e01,Travel and Exploration,Cruise vacations and sailing adventures
unm5g36uum,604ba0df-e51e-4a29-a32f-c12009497e01,Reading and Literature,"Poetry and poetic forms (haiku, sonnets, free verse)"
7kn6krsk8p,604ba0df-e51e-4a29-a32f-c12009497e01,Outdoor Activities,Wilderness survival skills
9kux576dwq,3ce5f49a-1a6e-4439-a0b8-badf2c3d3524,Reading and Literature,"Fiction (novels, short stories, fantasy, science fiction)"
z2hpb32jn0,3ce5f49a-1a6e-4439-a0b8-badf2c3d3524,Outdoor Activities,Hiking and nature walks
5cmbo9bii8,3ce5f49a-1a6e-4439-a0b8-badf2c3d3524,Reading and Literature,Literary analysis and book discussions
t8xugcag01,a4ac44ba-d0fd-46fc-96b7-cbb197bce11c,Reading and Literature,"Poetry and poetic forms (haiku, sonnets, free verse)"
f8rjc0khbd,aac30ea8-5174-44d3-b103-8892e8bb630d,Outdoor Activities,Hiking and nature walks
shcqyd7l9a,aac30ea8-5174-44d3-b103-8892e8bb630d,Reading and Literature,Literary analysis and book discussions
kocalvcq58,aac30ea8-5174-44d3-b103-8892e8bb630d,Reading and Literature,"Non-fiction (biographies, history, self-help, psychology)"
c9e5sjg899,010c1b43-81e6-4cdc-8d78-a65acef426f5,Travel and Exploration,Backpacking and adventure travel
yvd5t0svv9,010c1b43-81e6-4cdc-8d78-a65acef426f5,Outdoor Activities,Wilderness survival skills
9gj2ncp4ij,30b4d3c8-d001-4018-8cd2-4ecf672d5ee0,Travel and Exploration,Cruise vacations and sailing adventures
q8z6b2efk3,30b4d3c8-d001-4018-8cd2-4ecf672d5ee0,Reading and Literature,"Poetry and poetic forms (haiku, sonnets, free verse)"
f4i7uvefcn,23c49ed9-6c02-4526-bb5e-54d846a04d6c,Outdoor Activities,"Camping (tent camping, RV camping)"
s2l5x63r23,23c49ed9-6c02-4526-bb5e-54d846a04d6c,Health and Wellness,Fitness obstacle course races
up4snfgick,88fe6610-12d2-48df-9172-0a27972789b0,Health and Wellness,Holistic health practices (acupuncture herbalism)
w78bytgufo,88fe6610-12d2-48df-9172-0a27972789b0,Health and Wellness,Practicing mindfulness meditation
oxop0mk7xy,9af08dc3-4067-404b-b4a0-a3e4ea418922,Health and Wellness,Holistic health practices (acupuncture herbalism)
iu2hnllbtb,e02a2f03-333a-478e-bf3a-d49c53530f9f,Reading and Literature,Audio books and storytelling podcasts
dfm4k2y4v5,e02a2f03-333a-478e-bf3a-d49c53530f9f,Health & Wellness,Nutrition planning meal prepping
928rd320tr,e02a2f03-333a-478e-bf3a-d49c53530f9f,Outdoor Activities,Hiking and nature walks
ql3po7b8eg,5561a945-e8d3-43fa-bd75-85a1590eb089,Travel and Exploration,Cruise vacations and sailing adventures
4gphqwe0rb,5561a945-e8d3-43fa-bd75-85a1590eb089,Travel and Exploration,Ecotourism and sustainable travel
4wn9904gx8,e09dd95d-1732-48a0-9aad-2e617a24b111,Travel and Exploration,Visiting new countries and cultures
duduadu0g9,ef19487a-400e-4886-91b7-885bbeb264b7,Health and Wellness,Holistic health practices (acupuncture herbalism)
6b0fj7fk42,ef19487a-400e-4886-91b7-885bbeb264b7,Travel and Exploration,Cruise vacations and sailing adventures
wj6easg28e,ef19487a-400e-4886-91b7-885bbeb264b7,Reading and Literature,Audio books and storytelling podcasts
bv6uq6tdjn,555f67ff-06ea-4f5b-a740-42521c87e538,Travel and Exploration,Backpacking and adventure travel
86j6b0j6wu,555f67ff-06ea-4f5b-a740-42521c87e538,Health and Wellness,Practicing mindfulness meditation
t4reyc9fgs,555f67ff-06ea-4f5b-a740-42521c87e538,Outdoor Activities,Wilderness survival skills
upmtke4q8e,6b8cd2ac-f0c0-4626-9af9-91c06bf3bf15,Reading and Literature,Audio books and storytelling podcasts
bn5dzzjggw,1437267d-0c5c-4ac8-8b0e-10cdfce02c71,Health and Wellness,Yoga retreats wellness tourism
r3x5coaf2a,71896438-d12a-4722-aceb-5bd712a4cc1e,Travel and Exploration,Urban exploration and historical tours
391v32hsz7,71896438-d12a-4722-aceb-5bd712a4cc1e,Travel and Exploration,Backpacking and adventure travel
87y4mtkq2k,cb27667e-2ebf-454d-927b-01295d0b52f9,Travel and Exploration,Urban exploration and historical tours
xxlmxh5bzg,cb27667e-2ebf-454d-927b-01295d0b52f9,Health and Wellness,Fitness obstacle course races
v4kdt6r8wz,cb27667e-2ebf-454d-927b-01295d0b52f9,Reading and Literature,Reading challenges and book clubs
nd141bb1lg,210c134c-b1d6-4987-89a1-8bc60511a383,Health and Wellness,Practicing mindfulness meditation
8g8e691dso,210c134c-b1d6-4987-89a1-8bc60511a383,Outdoor Activities,Hiking and nature walks
l97bdm996v,210c134c-b1d6-4987-89a1-8bc60511a383,Outdoor Activities,"Camping (tent camping, RV camping)"
uiho7llj2t,2b177450-699d-44b1-b572-0da4331c05eb,Travel and Exploration,Urban exploration and historical tours
3n7d24xduu,ef55715e-9346-4ae0-a5be-96849a0ec020,Travel and Exploration,Cruise vacations and sailing adventures
jjb0efyb9s,ef55715e-9346-4ae0-a5be-96849a0ec020,Travel and Exploration,Backpacking and adventure travel
o9ztd07lur,ef55715e-9346-4ae0-a5be-96849a0ec020,Reading and Literature,Literary analysis and book discussions
ls89k5t4e9,836e51e5-2668-4cda-974f-1d89d2dc782b,Travel and Exploration,Urban exploration and historical tours
fjgi5wd09s,836e51e5-2668-4cda-974f-1d89d2dc782b,Outdoor Activities,"Camping (tent camping, RV camping)"
yeki0dhxu8,4037c715-6506-4bde-91c8-d85fd5dd6093,Travel and Exploration,Ecotourism and sustainable travel
2a359id2oj,4037c715-6506-4bde-91c8-d85fd5dd6093,Outdoor Activities,Hiking and nature walks
wak9dkpc78,4037c715-6506-4bde-91c8-d85fd5dd6093,Health and Wellness,Fitness obstacle course races
kkyda6t4cq,ad4687b9-9465-4075-bcba-2b1162a81e6e,Health and Wellness,Yoga retreats wellness tourism
0586ypgr88,80fa98e4-cc39-45dc-b441-530db0b5b105,Reading and Literature,Audio books and storytelling podcasts
ql9ow4hyqd,6260938d-2e34-4d0f-a368-9b96bdf99ce5,Travel and Exploration,Ecotourism and sustainable travel
l7ibjwlh59,6260938d-2e34-4d0f-a368-9b96bdf99ce5,Reading and Literature,Reading challenges and book clubs
isslfkcdys,e0433c78-4d32-46af-9436-c2668a0ac104,Health and Wellness,Yoga retreats wellness tourism
w5n6025v8k,e0433c78-4d32-46af-9436-c2668a0ac104,Travel and Exploration,Urban exploration and historical tours
36eyzlnb5x,6113893f-d658-4d82-9c79-96b64b4063a9,Outdoor Activities,Wilderness survival skills
25x200vtjb,6113893f-d658-4d82-9c79-96b64b4063a9,Health and Wellness,Practicing mindfulness meditation
uf9hg7p9hx,6113893f-d658-4d82-9c79-96b64b4063a9,Health and Wellness,Fitness obstacle course races
i9m0b1xefd,a122f941-ba43-40a5-a1fe-28bb00938fc5,Reading and Literature,Reading challenges and book clubs
1jrdgud3g6,a122f941-ba43-40a5-a1fe-28bb00938fc5,Reading and Literature,Literary analysis and book discussions
iq8jpyevty,a122f941-ba43-40a5-a1fe-28bb00938fc5,Health and Wellness,Practicing mindfulness meditation
d3x8pobirn,9cbc078e-ce91-43eb-bd13-c0cdced2c8df,Travel and Exploration,Visiting new countries and cultures
97xs5885so,bdf4dee3-f13a-42cd-aa1a-fd27fb49e2ad,Travel and Exploration,Cruise vacations and sailing adventures
frzwe0cvuj,bdf4dee3-f13a-42cd-aa1a-fd27fb49e2ad,Outdoor Activities,"Camping (tent camping, RV camping)"
x8985rzuol,fd9f18be-ebde-4b56-8e47-e692f93c65c3,Health and Wellness,Holistic health practices (acupuncture herbalism)
cd2fns7rzs,fd9f18be-ebde-4b56-8e47-e692f93c65c3,Reading and Literature,Audio books and storytelling podcasts
a44iu3i4yc,405ed805-b182-4e59-9bf1-de2aa24305e0,Health and Wellness,Fitness obstacle course races
nuphb2lv46,405ed805-b182-4e59-9bf1-de2aa24305e0,Travel and Exploration,Urban exploration and historical tours
r37odcrtbp,01e97589-44e7-44d2-83ec-f215c6058414,Travel and Exploration,Urban exploration and historical tours
hxettqupzn,01e97589-44e7-44d2-83ec-f215c6058414,Reading and Literature,"Non-fiction (biographies, history, self-help, psychology)"
emw54bjixa,01e97589-44e7-44d2-83ec-f215c6058414,Reading and Literature,"Fiction (novels, short stories, fantasy, science fiction)"
3c3hfbivqj,2d121bb4-7cca-456c-91fa-7b139041aef7,Travel and Exploration,Ecotourism and sustainable travel
cfd8inzds4,2d121bb4-7cca-456c-91fa-7b139041aef7,Reading and Literature,"Poetry and poetic forms (haiku, sonnets, free verse)"
vsegfduies,a4c83137-3ef5-46a8-91d1-2483bd35d93d,Reading and Literature,Literary analysis and book discussions
9m4psmjhwk,a9204726-9d4b-41c4-bdea-c0e23fbe3c5c,Reading and Literature,Literary analysis and book discussions
jbzj7qvhpq,d8a1dc3a-af46-44a8-9e36-7b509f07c046,Reading and Literature,"Non-fiction (biographies, history, self-help, psychology)"
7rrcqw9a1v,d8a1dc3a-af46-44a8-9e36-7b509f07c046,Travel and Exploration,Urban exploration and historical tours
pids2o6s2k,d8a1dc3a-af46-44a8-9e36-7b509f07c046,Reading and Literature,Audio books and storytelling podcasts
ypfdzm1cgk,2b8e2232-3e0c-4a24-91e9-962fbb766f15,Health and Wellness,Practicing mindfulness meditation
8vjx3nopgr,2b8e2232-3e0c-4a24-91e9-962fbb766f15,Travel and Exploration,Urban exploration and historical tours
6pupgfwtis,2b8e2232-3e0c-4a24-91e9-962fbb766f15,Health and Wellness,Yoga retreats wellness tourism
3djoe6niob,36275826-41cf-44cb-a0a5-ad501e31e781,Reading and Literature,Literary analysis and book discussions
aen1qzv569,36275826-41cf-44cb-a0a5-ad501e31e781,Health and Wellness,Holistic health practices (acupuncture herbalism)
miqa4o73o0,3a9f0539-da30-4630-8247-b158b442c57f,Outdoor Activities,"Camping (tent camping, RV camping)"
5nc3p8ew2i,3a9f0539-da30-4630-8247-b158b442c57f,Outdoor Activities,Wilderness survival skills
pcmq4xaivi,3a9f0539-da30-4630-8247-b158b442c57f,Health & Wellness,Nutrition planning meal prepping
hszzl4iwrr,1a6d5b7c-eba2-4786-8a64-57b6578eb534,Outdoor Activities,Wilderness survival skills
tgoa3fmemw,72dcbaa9-2f99-4ecd-bdb6-c1729a27f9ef,Reading and Literature,"Non-fiction (biographies, history, self-help, psychology)"
z1x3wekpst,72dcbaa9-2f99-4ecd-bdb6-c1729a27f9ef,Outdoor Activities,Wilderness survival skills
7aynqgdor2,9f36f66d-dad0-4f0c-bc47-646917720a2d,Outdoor Activities,Hiking and nature walks
5lrtnu13uv,cdc1dd97-2cb2-40dd-a789-6e0f9adfd03a,Health and Wellness,Yoga retreats wellness tourism
4k37l607m4,cdc1dd97-2cb2-40dd-a789-6e0f9adfd03a,Travel and Exploration,Road trips and exploring scenic routes
4aqkepjygo,80501fd9-87bd-4725-a83d-b0e9739f8cb6,Reading and Literature,"Fiction (novels, short stories, fantasy, science fiction)"
83pkgnrf0u,80501fd9-87bd-4725-a83d-b0e9739f8cb6,Reading and Literature,Reading challenges and book clubs
nws1ix10zl,80501fd9-87bd-4725-a83d-b0e9739f8cb6,Outdoor Activities,"Camping (tent camping, RV camping)"
vx4aul4j4l,f7f3997f-dd96-4f4c-9c8e-7e8895b313ef,Reading and Literature,"Poetry and poetic forms (haiku, sonnets, free verse)"
n8mnn3p80o,f7f3997f-dd96-4f4c-9c8e-7e8895b313ef,Reading and Literature,Literary analysis and book discussions
kofzo3zo2t,0b3f7650-a98b-4350-ac57-585e86d1a27b,Travel and Exploration,Cruise vacations and sailing adventures
n8ts3p6ejz,0b3f7650-a98b-4350-ac57-585e86d1a27b,Reading and Literature,Literary analysis and book discussions
3i6sh4nt81,80247eda-f93e-44d1-8627-37839835db21,Reading and Literature,Reading challenges and book clubs
8mbziow64w,8993350b-dd5f-4dbc-bfe3-fc3c8ae1596d,Reading and Literature,"Non-fiction (biographies, history, self-help, psychology)"
29wx41h657,8bc4c9ed-e807-41f1-b937-d7f0f8a1d191,Outdoor Activities,"Camping (tent camping, RV camping)"
zpup09uipo,8bc4c9ed-e807-41f1-b937-d7f0f8a1d191,Reading and Literature,Audio books and storytelling podcasts
1ax3j6wnjb,f3c0dd6b-99de-4903-9ad0-66f487e89354,Health and Wellness,Practicing mindfulness meditation
vwkuu1vlnm,f3c0dd6b-99de-4903-9ad0-66f487e89354,Travel and Exploration,Urban exploration and historical tours
3cp2qij00y,f3c0dd6b-99de-4903-9ad0-66f487e89354,Reading and Literature,Reading challenges and book clubs
l8tc8tw94y,a87992c7-802a-4a38-9451-968124c4a5d9,Reading and Literature,"Poetry and poetic forms (haiku, sonnets, free verse)"
wfd5bf11ly,a87992c7-802a-4a38-9451-968124c4a5d9,Outdoor Activities,"Camping (tent camping, RV camping)"
553a1w1rbb,a87992c7-802a-4a38-9451-968124c4a5d9,Reading and Literature,"Fiction (novels, short stories, fantasy, science fiction)"
dnowwho2qh,566303e4-4ab5-462d-bad5-e4d90059ad31,Reading and Literature,"Non-fiction (biographies, history, self-help, psychology)"
u0kcvg8n4s,e930062f-252d-48d2-b693-f2e3b7fd64bf,Travel and Exploration,Urban exploration and historical tours
kkr78rxum3,e930062f-252d-48d2-b693-f2e3b7fd64bf,Travel and Exploration,Cruise vacations and sailing adventures
7wzcq9pt1m,e930062f-252d-48d2-b693-f2e3b7fd64bf,Health and Wellness,Yoga retreats wellness tourism
4d4d7usw4n,7ee83718-5df5-4611-bbdb-b91c9437b9e6,Health and Wellness,Practicing mindfulness meditation
7lyl3ph5km,132f2389-a0f4-41a6-93c7-b894c1cb906c,Travel and Exploration,Backpacking and adventure travel
2m4rgeh6p6,132f2389-a0f4-41a6-93c7-b894c1cb906c,Reading and Literature,"Poetry and poetic forms (haiku, sonnets, free verse)"
avfe4xpyf5,132f2389-a0f4-41a6-93c7-b894c1cb906c,Travel and Exploration,Cruise vacations and sailing adventures
gj3940gaqm,8c652811-fed3-48d6-bd44-c11c55a83ffc,Health and Wellness,Yoga retreats wellness tourism
4y0qg7az33,8c652811-fed3-48d6-bd44-c11c55a83ffc,Outdoor Activities,Hiking and nature walks
od72yqifqi,dcc0b624-4a4f-46e2-88fa-4ea972e9c282,Travel and Exploration,Ecotourism and sustainable travel
vq9ahf6182,ff867839-4277-4dc8-a5b1-ea7867ea2243,Travel and Exploration,Backpacking and adventure travel
ck4gt12zcg,64fa859e-c631-4a55-b9a2-851238e4c30b,Reading and Literature,"Non-fiction (biographies, history, self-help, psychology)"
toohp2jvpc,64fa859e-c631-4a55-b9a2-851238e4c30b,Health & Wellness,Nutrition planning meal prepping
7mldhqwj62,47820821-606c-46eb-8ab1-43ea1ce9a19b,Outdoor Activities,Wilderness survival skills
izalpfqw38,57d12c08-e268-4923-a4d0-34d5939a18e0,Reading and Literature,"Poetry and poetic forms (haiku, sonnets, free verse)"
mrptbl6q6q,57d12c08-e268-4923-a4d0-34d5939a18e0,Health and Wellness,Fitness obstacle course races
7z5812e8ww,57d12c08-e268-4923-a4d0-34d5939a18e0,Travel and Exploration,Backpacking and adventure travel
z1883w8hyt,9d804c3d-a4a4-4dea-940f-60c0d7b74419,Reading and Literature,Audio books and storytelling podcasts
cgs5lgh594,9d804c3d-a4a4-4dea-940f-60c0d7b74419,Reading and Literature,"Poetry and poetic forms (haiku, sonnets, free verse)"
2zpd5vox50,9d804c3d-a4a4-4dea-940f-60c0d7b74419,Health & Wellness,Nutrition planning meal prepping
p4kycfqw2x,a7077efc-0948-4424-a190-5ba160d6bdce,Health and Wellness,Practicing mindfulness meditation
bszwic6282,d697e430-024b-4afa-97b4-322772aa2537,Reading and Literature,Literary analysis and book discussions
u3l0d22jja,d697e430-024b-4afa-97b4-322772aa2537,Travel and Exploration,Cruise vacations and sailing adventures
bi59t4ewle,d697e430-024b-4afa-97b4-322772aa2537,Travel and Exploration,Backpacking and adventure travel
gkbdykdx5k,a2ef46c9-4984-42d6-a223-e3134606fb57,Travel and Exploration,Visiting new countries and cultures
mrlovm27rf,3b9b6e7e-a8ef-442f-8227-01a97533d69e,Reading and Literature,"Fiction (novels, short stories, fantasy, science fiction)"
5es5gdsg5b,3b9b6e7e-a8ef-442f-8227-01a97533d69e,Health and Wellness,Practicing mindfulness meditation
i2269bcjd6,445f3020-c8b4-4401-835f-d2b9438d8716,Health & Wellness,Nutrition planning meal prepping
q1yf6pw9fm,93d40395-9017-4711-8566-793a92496b83,Reading and Literature,"Non-fiction (biographies, history, self-help, psychology)"
zybhfzygsa,93d40395-9017-4711-8566-793a92496b83,Health & Wellness,Nutrition planning meal prepping
g19wr53hri,8fa7df59-5f98-4cb4-8552-5f7ec3c70f13,Reading and Literature,Audio books and storytelling podcasts
tcko5q49uq,8fa7df59-5f98-4cb4-8552-5f7ec3c70f13,Health and Wellness,Practicing mindfulness meditation
fkm32jx73x,8fa7df59-5f98-4cb4-8552-5f7ec3c70f13,Travel and Exploration,Road trips and exploring scenic routes
weu2azvri8,65dc13fb-44da-4b9d-b210-da6be27c0965,Health and Wellness,Yoga retreats wellness tourism
l1ix2j2orz,65dc13fb-44da-4b9d-b210-da6be27c0965,Outdoor Activities,Wilderness survival skills
265l9964bx,3fd5da33-92af-46c6-a4e8-4d9b76079863,Health and Wellness,Yoga retreats wellness tourism
dadrds9vd7,3fd5da33-92af-46c6-a4e8-4d9b76079863,Travel and Exploration,Urban exploration and historical tours
jwiq125ef1,3fd5da33-92af-46c6-a4e8-4d9b76079863,Reading and Literature,"Fiction (novels, short stories, fantasy, science fiction)"
km7p97647u,4d887c2a-ad0c-4840-8cb4-51e7fb1c0dbc,Reading and Literature,Literary analysis and book discussions
3e456w0d2j,f4857e78-ad41-427f-ac62-e03e90988960,Travel and Exploration,Cruise vacations and sailing adventures
0993vw2ul8,f4857e78-ad41-427f-ac62-e03e90988960,Health and Wellness,Practicing mindfulness meditation
65vanbvfor,f4857e78-ad41-427f-ac62-e03e90988960,Reading and Literature,"Poetry and poetic forms (haiku, sonnets, free verse)"
dy8f3dgrg8,e45038f7-784f-4e04-a167-9755f22dd960,Travel and Exploration,Urban exploration and historical tours
5vqh75ydxe,c7342c85-c153-4838-a3dc-860bf7afe3e8,Travel and Exploration,Visiting new countries and cultures
z2g8uthrz3,95224d92-d76d-4031-a2dd-e931114cec2e,Reading and Literature,"Fiction (novels, short stories, fantasy, science fiction)"
k9md8s9mly,95224d92-d76d-4031-a2dd-e931114cec2e,Travel and Exploration,Backpacking and adventure travel
707fzvuyp7,65091c58-9a4e-4f16-9207-0ff2caec896e,Reading and Literature,Audio books and storytelling podcasts
0gotpx463g,65091c58-9a4e-4f16-9207-0ff2caec896e,Travel and Exploration,Road trips and exploring scenic routes
ogr0sopczp,0eee9534-51d0-4ca3-af3c-50a8c90586ca,Reading and Literature,Literary analysis and book discussions
8qz8e0gf6l,0eee9534-51d0-4ca3-af3c-50a8c90586ca,Outdoor Activities,Wilderness survival skills
4qhwmt1hv8,5db8cd02-0d7b-4130-8f5a-1956ee454186,Travel and Exploration,Road trips and exploring scenic routes
4fcbrg04pw,5db8cd02-0d7b-4130-8f5a-1956ee454186,Travel and Exploration,Backpacking and adventure travel
fsqooed9iv,d91b8ad4-527c-410a-b0a9-19c05307aea1,Reading and Literature,"Poetry and poetic forms (haiku, sonnets, free verse)"
dw3umul1cm,d91b8ad4-527c-410a-b0a9-19c05307aea1,Health and Wellness,Fitness obstacle course races
5cjenqtu78,d91b8ad4-527c-410a-b0a9-19c05307aea1,Travel and Exploration,Ecotourism and sustainable travel
mux9iza8r1,8a4d83b3-6455-4e5f-90de-f145d81d0378,Health & Wellness,Nutrition planning meal prepping
ra7v1xr5no,8a4d83b3-6455-4e5f-90de-f145d81d0378,Travel and Exploration,Cruise vacations and sailing adventures
m8ey0aabsb,8a4d83b3-6455-4e5f-90de-f145d81d0378,Health and Wellness,Practicing mindfulness meditation
stb4wu5dvo,691f350e-cf3c-4245-b528-c0e6be03863b,Reading and Literature,Reading challenges and book clubs
xty8fxm485,691f350e-cf3c-4245-b528-c0e6be03863b,Travel and Exploration,Ecotourism and sustainable travel
8c6dr6ohff,691f350e-cf3c-4245-b528-c0e6be03863b,Health and Wellness,Yoga retreats wellness tourism
xwbir68uxy,0f3d3a3c-32e4-418f-a401-f27ca3a29698,Travel and Exploration,Ecotourism and sustainable travel
x7v5hy9b6x,510a83d0-c7ae-437f-a9bb-4f4ced75ab2b,Travel and Exploration,Urban exploration and historical tours
1zfhfkw8gs,510a83d0-c7ae-437f-a9bb-4f4ced75ab2b,Travel and Exploration,Backpacking and adventure travel
giscj9p9er,510a83d0-c7ae-437f-a9bb-4f4ced75ab2b,Health and Wellness,Yoga retreats wellness tourism
kkfd2jnnii,f2daeb27-c7d2-4042-b138-8ef0652d1427,Reading and Literature,"Fiction (novels, short stories, fantasy, science fiction)"
3ptiyw23e3,f2daeb27-c7d2-4042-b138-8ef0652d1427,Reading and Literature,"Poetry and poetic forms (haiku, sonnets, free verse)"
e2wjuce3qs,f2daeb27-c7d2-4042-b138-8ef0652d1427,Reading and Literature,Literary analysis and book discussions
v6t9mypz2a,4dcb45f5-74e1-4500-8278-c24eabb9bffe,Reading and Literature,Literary analysis and book discussions
i96dm44bmc,4dcb45f5-74e1-4500-8278-c24eabb9bffe,Outdoor Activities,Hiking and nature walks
i043rexw5d,4dcb45f5-74e1-4500-8278-c24eabb9bffe,Travel and Exploration,Urban exploration and historical tours
e45m2jzq8g,2e1728e2-5932-4a10-b4b0-40f07b3192ab,Health and Wellness,Yoga retreats wellness tourism
5vl5pnxmh9,2e1728e2-5932-4a10-b4b0-40f07b3192ab,Reading and Literature,Audio books and storytelling podcasts
241978qgwr,2266a0ca-1d55-4af3-984c-297ada1ae07c,Travel and Exploration,Ecotourism and sustainable travel
17rcvn5mo1,2266a0ca-1d55-4af3-984c-297ada1ae07c,Travel and Exploration,Urban exploration and historical tours
4da66y20e7,2266a0ca-1d55-4af3-984c-297ada1ae07c,Health & Wellness,Nutrition planning meal prepping
uj3fdsx64q,50d1b918-9726-4a31-ab09-5fb1ae33be84,Health and Wellness,Practicing mindfulness meditation
q43yj4igv2,7628f5d1-ef0b-4b75-a7bd-dec5ae88850d,Health and Wellness,Holistic health practices (acupuncture herbalism)
6f0464n2ad,7628f5d1-ef0b-4b75-a7bd-dec5ae88850d,Reading and Literature,Reading challenges and book clubs
ck13jqfmc0,67f8518c-9f3a-4552-a443-e5c5d5b6735d,Health and Wellness,Yoga retreats wellness tourism
ppcpit9ibg,6df91c5d-d64b-44aa-9cd4-3cea7a81c626,Travel and Exploration,Road trips and exploring scenic routes
9kpdsme9j9,6df91c5d-d64b-44aa-9cd4-3cea7a81c626,Travel and Exploration,Ecotourism and sustainable travel
xqwyoudmy1,6df91c5d-d64b-44aa-9cd4-3cea7a81c626,Reading and Literature,"Fiction (novels, short stories, fantasy, science fiction)"
njupoly85d,05772823-69a7-45c9-bd3a-beca07d3a481,Reading and Literature,"Non-fiction (biographies, history, self-help, psychology)"
it8hrsuv3r,05772823-69a7-45c9-bd3a-beca07d3a481,Outdoor Activities,Wilderness survival skills
6p3resrqfh,b0459064-f7a9-41f0-a301-2a5e1609120d,Reading and Literature,"Poetry and poetic forms (haiku, sonnets, free verse)"
bxy8rttu6o,db30a29e-1c37-4b84-9c30-d868bb4d81da,Travel and Exploration,Urban exploration and historical tours
g8t5oge78y,db30a29e-1c37-4b84-9c30-d868bb4d81da,Reading and Literature,Audio books and storytelling podcasts
c6q1sjql1l,db30a29e-1c37-4b84-9c30-d868bb4d81da,Health and Wellness,Practicing mindfulness meditation
8rc4ezg32c,7e10f7e5-da7f-48f5-8126-aec6b0490c72,Reading and Literature,Literary analysis and book discussions
7qbn5f335a,6f48996e-6c94-4ac3-98d6-bfbc2e6791e4,Reading and Literature,"Non-fiction (biographies, history, self-help, psychology)"
8ln2e1qq6m,62f9eca1-1392-48d3-8676-35afc59113a3,Health and Wellness,Yoga retreats wellness tourism
c5tgnj62en,9e1bc5ba-c19c-4e80-bc29-97cb6ba09d4a,Travel and Exploration,Urban exploration and historical tours
fi53nviuj6,9e1bc5ba-c19c-4e80-bc29-97cb6ba09d4a,Health and Wellness,Holistic health practices (acupuncture herbalism)
hnphtsm7i1,9e1bc5ba-c19c-4e80-bc29-97cb6ba09d4a,Travel and Exploration,Cruise vacations and sailing adventures
efpy7o0g3r,ffcb3c1d-46d1-46c8-bbaa-fbeb9710cb18,Travel and Exploration,Ecotourism and sustainable travel
8ysjjw7ksm,ffcb3c1d-46d1-46c8-bbaa-fbeb9710cb18,Outdoor Activities,Wilderness survival skills
6u9qlacgqq,ffcb3c1d-46d1-46c8-bbaa-fbeb9710cb18,Outdoor Activities,"Camping (tent camping, RV camping)"
hdo7t93e3u,006ced9f-89da-468a-9c8c-1a0ef98e8cd5,Reading and Literature,Literary analysis and book discussions
v8fji737i4,7f91ada6-c58d-47bf-9f45-940282f6a292,Health and Wellness,Yoga retreats wellness tourism
3tdh5tdr5e,7f91ada6-c58d-47bf-9f45-940282f6a292,Reading and Literature,"Poetry and poetic forms (haiku, sonnets, free verse)"
p8tv6zro9u,dd4dd762-8340-4723-aa99-89fbd89d0bcf,Outdoor Activities,Wilderness survival skills
3zt1lpxkf6,dd4dd762-8340-4723-aa99-89fbd89d0bcf,Reading and Literature,Literary analysis and book discussions
u1a16wmxij,219bc148-4687-4cfd-8073-93f2c450a316,Travel and Exploration,Backpacking and adventure travel
dwfxr8jw7t,219bc148-4687-4cfd-8073-93f2c450a316,Travel and Exploration,Ecotourism and sustainable travel
y4lfhbrysq,219bc148-4687-4cfd-8073-93f2c450a316,Travel and Exploration,Visiting new countries and cultures
sq27plxgfa,ca262697-6aa1-4d73-b418-583213cdd4e1,Health and Wellness,Yoga retreats wellness tourism
s0u5ksl14b,ca262697-6aa1-4d73-b418-583213cdd4e1,Outdoor Activities,Wilderness survival skills
lwfpzks1w9,ca262697-6aa1-4d73-b418-583213cdd4e1,Health and Wellness,Fitness obstacle course races
b3o8d5tzvu,e9ad1911-62f8-4c6d-b8d6-c135e8f1d75a,Outdoor Activities,Wilderness survival skills
52pbu1d5xx,e9ad1911-62f8-4c6d-b8d6-c135e8f1d75a,Reading and Literature,Audio books and storytelling podcasts
kaudxpgy0l,e9ad1911-62f8-4c6d-b8d6-c135e8f1d75a,Travel and Exploration,Ecotourism and sustainable travel
s0dl20yf4m,3777d4dc-fb4d-40be-9ba0-6ee697af2441,Travel and Exploration,Ecotourism and sustainable travel
5ra5e6m2fw,3777d4dc-fb4d-40be-9ba0-6ee697af2441,Reading and Literature,Audio books and storytelling podcasts
rsuqt1cbxl,3777d4dc-fb4d-40be-9ba0-6ee697af2441,Health and Wellness,Fitness obstacle course races
aq5ntdomt7,7f8735b9-bfff-4c72-be7a-6f49088d8aea,Reading and Literature,Literary analysis and book discussions
bykj9kiwb9,7f8735b9-bfff-4c72-be7a-6f49088d8aea,Outdoor Activities,"Camping (tent camping, RV camping)"
7u293ecumw,7f8735b9-bfff-4c72-be7a-6f49088d8aea,Travel and Exploration,Visiting new countries and cultures
fdr3pis5bk,8a2c1ea1-5ed2-4584-8949-409e4f6c61f5,Health and Wellness,Fitness obstacle course races
l6joca8wnd,8a2c1ea1-5ed2-4584-8949-409e4f6c61f5,Travel and Exploration,Backpacking and adventure travel
28k0e3wga5,69c2efb1-15a3-4580-8194-3c5636df84ca,Outdoor Activities,Hiking and nature walks
rw0illi7rg,69c2efb1-15a3-4580-8194-3c5636df84ca,Reading and Literature,"Fiction (novels, short stories, fantasy, science fiction)"
u05a5fosnx,69c2efb1-15a3-4580-8194-3c5636df84ca,Travel and Exploration,Road trips and exploring scenic routes
ylz9yaw3g1,e4ec6c8c-22bd-4b84-acf0-91723b9a3ba2,Travel and Exploration,Cruise vacations and sailing adventures
kbqnnli4v8,26dbbfe8-00e7-41af-9db5-cba2a706e547,Outdoor Activities,"Camping (tent camping, RV camping)"
nnstjq68hn,af561ef8-6e56-44b8-a0f2-06ddfdd5b406,Health and Wellness,Holistic health practices (acupuncture herbalism)
2u56pjn8s2,af561ef8-6e56-44b8-a0f2-06ddfdd5b406,Reading and Literature,Reading challenges and book clubs
2ropkub3h7,c86158d9-0d4d-43c3-aa10-b4770a3bb447,Health and Wellness,Practicing mindfulness meditation
p9vpq2sput,27ca132e-76a8-4dc5-ace2-31ed889c0dfb,Reading and Literature,Reading challenges and book clubs
q8ni46ogbm,27ca132e-76a8-4dc5-ace2-31ed889c0dfb,Travel and Exploration,Visiting new countries and cultures
11fst37chn,126d7c06-4a0d-49bf-9919-0809c49d5d93,Reading and Literature,Reading challenges and book clubs
8wnn3rc4rf,126d7c06-4a0d-49bf-9919-0809c49d5d93,Health and Wellness,Fitness obstacle course races
bougygfwkh,94d05938-44cd-4d19-8e5f-a913422e3cca,Travel and Exploration,Cruise vacations and sailing adventures
wcfzthcisg,9d9befad-6412-49c3-89d1-c0770bc27800,Reading and Literature,Audio books and storytelling podcasts
j51s6snaaw,9d9befad-6412-49c3-89d1-c0770bc27800,Travel and Exploration,Cruise vacations and sailing adventures
hztw1if8gq,9d9befad-6412-49c3-89d1-c0770bc27800,Outdoor Activities,Wilderness survival skills
k049iwk3ng,461b829a-5f6d-4b51-bbd4-2f2cd68ff9a7,Reading and Literature,"Poetry and poetic forms (haiku, sonnets, free verse)"
g7u0rmupu4,06071549-207d-45e2-8da3-8465615dcc08,Reading and Literature,Audio books and storytelling podcasts
n140e9acka,c8347acf-1aa9-4f56-b8bc-330fa57224ab,Travel and Exploration,Cruise vacations and sailing adventures
kpxvg5v102,c8347acf-1aa9-4f56-b8bc-330fa57224ab,Outdoor Activities,Wilderness survival skills
o28wdyey3a,5ab17456-cc3d-456c-85a4-012e9d2ed334,Outdoor Activities,Hiking and nature walks
ew1h09t1gh,696fb37e-34c1-499c-8113-aca8f90dd352,Outdoor Activities,Wilderness survival skills
o8o6d4gg28,696fb37e-34c1-499c-8113-aca8f90dd352,Travel and Exploration,Visiting new countries and cultures
gp51sastdf,b0a8e5f3-7ca3-4084-b5b4-0aa81e6a7282,Health and Wellness,Holistic health practices (acupuncture herbalism)
gespjg1a6k,b0a8e5f3-7ca3-4084-b5b4-0aa81e6a7282,Health and Wellness,Practicing mindfulness meditation
gykatwtr7w,b0a8e5f3-7ca3-4084-b5b4-0aa81e6a7282,Outdoor Activities,"Camping (tent camping, RV camping)"
4bm4cppdjd,8f04dc00-46df-4c2a-a801-d3060f7a275b,Health and Wellness,Holistic health practices (acupuncture herbalism)
jdo457q7tr,8f04dc00-46df-4c2a-a801-d3060f7a275b,Health and Wellness,Practicing mindfulness meditation
c7soz55rb5,8f04dc00-46df-4c2a-a801-d3060f7a275b,Reading and Literature,Literary analysis and book discussions
73tnqswyuq,971f6cdc-22fa-4964-8bc9-4648dc7824f4,Travel and Exploration,Road trips and exploring scenic routes
sgq0fuzml8,971f6cdc-22fa-4964-8bc9-4648dc7824f4,Reading and Literature,Audio books and storytelling podcasts
t3lqm2upmd,971f6cdc-22fa-4964-8bc9-4648dc7824f4,Health and Wellness,Yoga retreats wellness tourism
5xveujyf57,3a91dc36-f9e0-47a4-b452-26b83dae2ce0,Outdoor Activities,Wilderness survival skills
3bvjsbxnew,7b940cbe-a309-4bb0-9060-356255b4607f,Health and Wellness,Fitness obstacle course races
xh2pseleye,7b940cbe-a309-4bb0-9060-356255b4607f,Health and Wellness,Yoga retreats wellness tourism
4yrc4m4758,5087d838-7069-4676-80de-9914fee3eb7f,Health and Wellness,Yoga retreats wellness tourism
odv56mr5fm,5087d838-7069-4676-80de-9914fee3eb7f,Outdoor Activities,Hiking and nature walks
t1kw2nr4ez,5087d838-7069-4676-80de-9914fee3eb7f,Reading and Literature,"Non-fiction (biographies, history, self-help, psychology)"
3ls0zebpov,3109d7ee-9545-4dec-aeb3-c80296c275f1,Outdoor Activities,Hiking and nature walks
68k8qmqbko,3109d7ee-9545-4dec-aeb3-c80296c275f1,Travel and Exploration,Cruise vacations and sailing adventures
54ccioqlae,3fafb65b-27ce-4d14-b3fb-09ef4a60362d,Outdoor Activities,Hiking and nature walks
doiyefjx2f,3fafb65b-27ce-4d14-b3fb-09ef4a60362d,Reading and Literature,Audio books and storytelling podcasts
vyvv1a845b,2903ab25-fa9b-4ed8-890a-535849ce5cb9,Health & Wellness,Nutrition planning meal prepping
t5n0ux3r5m,2903ab25-fa9b-4ed8-890a-535849ce5cb9,Travel and Exploration,Ecotourism and sustainable travel
zfyq02vw7h,2903ab25-fa9b-4ed8-890a-535849ce5cb9,Outdoor Activities,Hiking and nature walks
fggxdjo90v,0199ebd2-5287-4cec-9f95-e93b7305a7a4,Outdoor Activities,"Camping (tent camping, RV camping)"
1n04auzr24,0199ebd2-5287-4cec-9f95-e93b7305a7a4,Reading and Literature,"Poetry and poetic forms (haiku, sonnets, free verse)"
vih52drgmu,0199ebd2-5287-4cec-9f95-e93b7305a7a4,Outdoor Activities,Wilderness survival skills
f3w8v4thd8,54dc4f21-5f3c-4192-a4fb-933719df5a54,Health and Wellness,Holistic health practices (acupuncture herbalism)
mp47scg2bl,54dc4f21-5f3c-4192-a4fb-933719df5a54,Health and Wellness,Yoga retreats wellness tourism
nukr28llrz,044b5b1b-62da-4416-aafe-25ea04e084d8,Travel and Exploration,Cruise vacations and sailing adventures
sow2bz14oj,044b5b1b-62da-4416-aafe-25ea04e084d8,Reading and Literature,"Non-fiction (biographies, history, self-help, psychology)"
e8ansatajf,044b5b1b-62da-4416-aafe-25ea04e084d8,Health and Wellness,Holistic health practices (acupuncture herbalism)
pec487hkzu,722fa3c2-b613-43e8-a0db-ff0030cfba64,Travel and Exploration,Backpacking and adventure travel
ljb969d3sn,722fa3c2-b613-43e8-a0db-ff0030cfba64,Reading and Literature,Reading challenges and book clubs
y3kkj32brg,e353bc53-160e-4c68-89ab-e00b4b55d2dd,Health and Wellness,Yoga retreats wellness tourism
t0a7neap6v,e353bc53-160e-4c68-89ab-e00b4b55d2dd,Travel and Exploration,Cruise vacations and sailing adventures
552fwsoka6,68c1662e-af77-4e67-b4e4-10046ed54ac2,Travel and Exploration,Cruise vacations and sailing adventures
m0f7kyqnf6,68c1662e-af77-4e67-b4e4-10046ed54ac2,Reading and Literature,"Non-fiction (biographies, history, self-help, psychology)"
bsqyrb9eqz,68c1662e-af77-4e67-b4e4-10046ed54ac2,Health & Wellness,Nutrition planning meal prepping
xmz9fr0e4x,ec4078b8-efa7-4346-9b4d-109843a854e4,Reading and Literature,"Poetry and poetic forms (haiku, sonnets, free verse)"
vpfk8ij76r,31f96637-9136-4932-ab57-8bc686e7b327,Travel and Exploration,Road trips and exploring scenic routes
9xvvr4cjft,31f96637-9136-4932-ab57-8bc686e7b327,Outdoor Activities,"Camping (tent camping, RV camping)"
ecgnahj8x8,31f96637-9136-4932-ab57-8bc686e7b327,Health and Wellness,Yoga retreats wellness tourism
nzzolc8txc,736e4593-5806-4745-b109-9a65677529b6,Travel and Exploration,Ecotourism and sustainable travel
3bgacq93fr,419b52e9-86e1-46f1-8b10-de4127699b00,Outdoor Activities,Wilderness survival skills
j2p1hf6cmx,419b52e9-86e1-46f1-8b10-de4127699b00,Travel and Exploration,Road trips and exploring scenic routes
3zt54zfsvj,60a9a331-4869-41b3-860a-e5a9a0518f55,Travel and Exploration,Visiting new countries and cultures
c2hm0d401s,60a9a331-4869-41b3-860a-e5a9a0518f55,Travel and Exploration,Backpacking and adventure travel
qn08ifhl0o,f2853c94-35a5-411f-add6-238008ad0671,Travel and Exploration,Visiting new countries and cultures
2e9kfrvy4n,8858b229-f760-4d8a-9eb4-7ebe943d5a48,Travel and Exploration,Cruise vacations and sailing adventures
k2ybs0bzho,8858b229-f760-4d8a-9eb4-7ebe943d5a48,Travel and Exploration,Road trips and exploring scenic routes
3catlz36fl,9c725bba-b698-4cd0-82b0-e7380d9e7759,Health and Wellness,Practicing mindfulness meditation
g38vceweu1,1e312448-db61-4f83-8dd8-88ba89650197,Reading and Literature,Reading challenges and book clubs
lbenhdqlgf,b6dc69cf-ec03-4910-89aa-5230686eeee1,Health & Wellness,Nutrition planning meal prepping
0ih3rdu3dn,b6dc69cf-ec03-4910-89aa-5230686eeee1,Travel and Exploration,Urban exploration and historical tours
9u4cvoci6b,919194b4-960f-49e0-8e93-95b5683d9c0b,Health and Wellness,Yoga retreats wellness tourism
hie2s8f2fv,642e1fd5-523b-4ed1-8d60-05cb21eb580f,Reading and Literature,Literary analysis and book discussions
ko4qvb04c2,642e1fd5-523b-4ed1-8d60-05cb21eb580f,Outdoor Activities,Hiking and nature walks
s7zi8q2759,642e1fd5-523b-4ed1-8d60-05cb21eb580f,Health and Wellness,Yoga retreats wellness tourism
9uw9lhoyk4,dfe5303c-955a-431d-b964-7c134aac2c45,Travel and Exploration,Cruise vacations and sailing adventures
2hwr3uciy2,dfe5303c-955a-431d-b964-7c134aac2c45,Travel and Exploration,Road trips and exploring scenic routes
etf0bc89pq,dfe5303c-955a-431d-b964-7c134aac2c45,Outdoor Activities,Wilderness survival skills
mv24axd0zo,3bdb787b-d329-4051-a192-7c90efc4c677,Reading and Literature,Reading challenges and book clubs
v3k6vfvjni,3bdb787b-d329-4051-a192-7c90efc4c677,Travel and Exploration,Ecotourism and sustainable travel
bpv3if5vsu,133a007b-9784-4920-a5a9-9ea44cc1174d,Travel and Exploration,Visiting new countries and cultures
qhfu0h0oyl,133a007b-9784-4920-a5a9-9ea44cc1174d,Health and Wellness,Practicing mindfulness meditation
dk3mtmdie3,79d665d3-26ec-4608-8441-9c01986bc12f,Reading and Literature,"Fiction (novels, short stories, fantasy, science fiction)"
eu9o4drdc1,6c1b7af1-d7c8-480e-9e0d-7a7c4e37c62e,Travel and Exploration,Cruise vacations and sailing adventures
pimis86gvx,a91c7a41-981c-4ee3-ac0f-45a5e6740ed1,Outdoor Activities,Hiking and nature walks
fmvj6a7kf6,4cc3bbbd-d1b7-4fe2-9271-e5e4aaa76f55,Health & Wellness,Nutrition planning meal prepping
z8zzyjgfdx,55127d3c-0e51-4a93-aabc-6efe62d285d8,Travel and Exploration,Backpacking and adventure travel
vwgdyroakf,55127d3c-0e51-4a93-aabc-6efe62d285d8,Reading and Literature,"Fiction (novels, short stories, fantasy, science fiction)"
rps0ozlo8a,55127d3c-0e51-4a93-aabc-6efe62d285d8,Travel and Exploration,Ecotourism and sustainable travel
0k3yqpeprt,c8cff5a9-b882-4a19-8f8b-aadf5286496b,Travel and Exploration,Cruise vacations and sailing adventures
u55y7ysflj,c8cff5a9-b882-4a19-8f8b-aadf5286496b,Health and Wellness,Practicing mindfulness meditation
k1ap8drk23,c8cff5a9-b882-4a19-8f8b-aadf5286496b,Health and Wellness,Fitness obstacle course races
awvfmrdfx4,459b9fd1-dcf6-4b2b-a342-f1da407eaf7a,Outdoor Activities,Hiking and nature walks
yl5op3iu64,459b9fd1-dcf6-4b2b-a342-f1da407eaf7a,Reading and Literature,Reading challenges and book clubs
lkujhh2iwt,f2efb22a-0ef8-4da1-bebb-dfccca4ea79d,Travel and Exploration,Road trips and exploring scenic routes
iwa088unh8,017aecc1-ec5b-44dc-a629-b78f64de6e68,Outdoor Activities,Hiking and nature walks
30t22t2h0a,100f52f6-a875-492e-9000-520fd0bbc2b5,Health and Wellness,Yoga retreats wellness tourism
2dfzgqcpfy,100f52f6-a875-492e-9000-520fd0bbc2b5,Outdoor Activities,"Camping (tent camping, RV camping)"
y0j4rnhznn,ad161f13-5ed0-4186-b156-f79d0fb68d9d,Travel and Exploration,Road trips and exploring scenic routes
q12c9nyrme,a520edfa-365f-4585-b36f-833d96fdc345,Reading and Literature,Reading challenges and book clubs
6sea9hauw6,fae9a331-1996-4654-a254-33b24245f93c,Outdoor Activities,"Camping (tent camping, RV camping)"
ma0u6q2zo3,74bcb8f5-9631-48f6-9837-e94b83c90594,Outdoor Activities,"Camping (tent camping, RV camping)"
zfd61k6clk,7c1ebb0e-d020-4d85-af43-df1016ef525a,Travel and Exploration,Ecotourism and sustainable travel
6274vpkt6s,fa8d9ea3-f1fe-437b-8592-ea7c61931a9b,Health and Wellness,Yoga retreats wellness tourism
4zegw4mvkw,fa8d9ea3-f1fe-437b-8592-ea7c61931a9b,Health and Wellness,Holistic health practices (acupuncture herbalism)
oqz5hp6ug4,17e68de2-4b56-48b1-beea-5f003762fb5c,Health and Wellness,Yoga retreats wellness tourism
wkrt53j643,93a0a9ef-70d6-43b8-bd43-15d1e06ab8ae,Health & Wellness,Nutrition planning meal prepping
9x3me7roo8,93a0a9ef-70d6-43b8-bd43-15d1e06ab8ae,Reading and Literature,Audio books and storytelling podcasts
po0gdbsh7t,7e9af4a6-f30b-4bd6-ae2d-27db3b567488,Reading and Literature,"Poetry and poetic forms (haiku, sonnets, free verse)"
l63h43zfjb,f90667aa-0466-4777-ace5-28970ae29ab0,Reading and Literature,Literary analysis and book discussions
dan37sgb2r,f90667aa-0466-4777-ace5-28970ae29ab0,Health & Wellness,Nutrition planning meal prepping
v2j3met71u,f90667aa-0466-4777-ace5-28970ae29ab0,Health and Wellness,Practicing mindfulness meditation
whrr15zpax,d527f42c-6f5a-48fd-b4a5-61a4d5da2471,Outdoor Activities,Hiking and nature walks
8bsz45u0yo,d527f42c-6f5a-48fd-b4a5-61a4d5da2471,Travel and Exploration,Ecotourism and sustainable travel
dcodkuojci,d527f42c-6f5a-48fd-b4a5-61a4d5da2471,Health and Wellness,Fitness obstacle course races
nix35oi3mw,4a973682-6e26-4072-b73d-68ea551d2080,Reading and Literature,Audio books and storytelling podcasts
xkqdrgi6kr,4a973682-6e26-4072-b73d-68ea551d2080,Health & Wellness,Nutrition planning meal prepping
zmyiuflm0v,4a973682-6e26-4072-b73d-68ea551d2080,Travel and Exploration,Road trips and exploring scenic routes
urkp0ks8ic,16c300e7-5b18-4759-b3a6-e9cd6fc6c7ed,Health and Wellness,Fitness obstacle course races
ovwheofbdu,16c300e7-5b18-4759-b3a6-e9cd6fc6c7ed,Travel and Exploration,Visiting new countries and cultures
906638a20y,16c300e7-5b18-4759-b3a6-e9cd6fc6c7ed,Travel and Exploration,Road trips and exploring scenic routes
sfs4cs5z2d,266216c5-3a7d-4704-ad8f-9f27bc051a59,Outdoor Activities,Hiking and nature walks
ayihfcqrsb,266216c5-3a7d-4704-ad8f-9f27bc051a59,Health and Wellness,Fitness obstacle course races
m9zu5ypjjw,3c6d6df4-fd43-41f7-a2c1-ce517a65cb3b,Reading and Literature,"Fiction (novels, short stories, fantasy, science fiction)"
m8zze55eq4,3c6d6df4-fd43-41f7-a2c1-ce517a65cb3b,Travel and Exploration,Backpacking and adventure travel
7p15scoda8,dcd95f89-989c-49ec-9084-d2e31d213f38,Health and Wellness,Practicing mindfulness meditation
gt6w49f24z,db55f288-8523-45a2-be49-654f7abf1358,Reading and Literature,"Non-fiction (biographies, history, self-help, psychology)"
z2gxwfq9g9,db55f288-8523-45a2-be49-654f7abf1358,Health and Wellness,Fitness obstacle course races
st8jwzm4cv,db55f288-8523-45a2-be49-654f7abf1358,Health and Wellness,Yoga retreats wellness tourism
4aajyq9s86,f067eb17-1a91-489f-a87a-7faf4c015b28,Travel and Exploration,Visiting new countries and cultures
445zqy6d1s,f067eb17-1a91-489f-a87a-7faf4c015b28,Travel and Exploration,Backpacking and adventure travel
sg5nfkroko,fe91fbf5-5af3-402b-a36d-1b3c6ded1ab8,Reading and Literature,"Poetry and poetic forms (haiku, sonnets, free verse)"
ib2ta7yy5c,404a7dd6-ab7e-413e-8828-be5956935ea0,Health & Wellness,Nutrition planning meal prepping
ddnacrmp5n,fdb1a245-2915-41f2-937f-ed8cf093c359,Travel and Exploration,Road trips and exploring scenic routes
lp3m9uszim,fdb1a245-2915-41f2-937f-ed8cf093c359,Reading and Literature,"Poetry and poetic forms (haiku, sonnets, free verse)"
vz73qn0mno,89588a8a-0afe-43b2-ae7b-861a7e99fff1,Health and Wellness,Fitness obstacle course races
48qega697s,89588a8a-0afe-43b2-ae7b-861a7e99fff1,Health and Wellness,Holistic health practices (acupuncture herbalism)
5lmj7zsswq,89588a8a-0afe-43b2-ae7b-861a7e99fff1,Reading and Literature,"Fiction (novels, short stories, fantasy, science fiction)"
e5jhfpqqhk,3af8f95e-ad1c-48a3-ae06-29c7e56ed572,Outdoor Activities,Wilderness survival skills
lokla93zkb,139e3c4b-7159-4d2f-9249-cc6462fdef03,Outdoor Activities,Wilderness survival skills
f7yeg30ztq,139e3c4b-7159-4d2f-9249-cc6462fdef03,Reading and Literature,"Non-fiction (biographies, history, self-help, psychology)"
kr8afx6j36,139e3c4b-7159-4d2f-9249-cc6462fdef03,Travel and Exploration,Ecotourism and sustainable travel
7zkciikclw,a0ff68a0-8779-4009-b8a0-30c95cc1b347,Travel and Exploration,Ecotourism and sustainable travel
fc2b4byvil,a0ff68a0-8779-4009-b8a0-30c95cc1b347,Travel and Exploration,Road trips and exploring scenic routes
3efu1iikbx,a0ff68a0-8779-4009-b8a0-30c95cc1b347,Reading and Literature,"Non-fiction (biographies, history, self-help, psychology)"
jqczmbtqzh,9b8588d7-4185-4a9c-82db-7ffe59cf08f8,Travel and Exploration,Urban exploration and historical tours
zu79pcqb0n,9b8588d7-4185-4a9c-82db-7ffe59cf08f8,Outdoor Activities,Wilderness survival skills
ld6hg008gl,9b8588d7-4185-4a9c-82db-7ffe59cf08f8,Health and Wellness,Yoga retreats wellness tourism
dfxsc96zoq,0178e78b-ca2b-4c1d-8478-c54d654da361,Reading and Literature,Reading challenges and book clubs
lj7gke3chd,c6a00161-86b7-44f6-b088-57742be3b16a,Health and Wellness,Fitness obstacle course races
ut2hc9ue3y,c6a00161-86b7-44f6-b088-57742be3b16a,Outdoor Activities,Hiking and nature walks
infs0xr2cd,c6a00161-86b7-44f6-b088-57742be3b16a,Reading and Literature,"Fiction (novels, short stories, fantasy, science fiction)"
1z9n6et4hb,89a337cc-0cc7-4e98-86f8-93110c411e9f,Outdoor Activities,"Camping (tent camping, RV camping)"
c7beqjub5i,fb2f20ed-7071-4d38-a52b-bffb7517e382,Reading and Literature,"Fiction (novels, short stories, fantasy, science fiction)"
v5aes7svpl,fb2f20ed-7071-4d38-a52b-bffb7517e382,Health and Wellness,Practicing mindfulness meditation
r9aspa1uiu,fb2f20ed-7071-4d38-a52b-bffb7517e382,Reading and Literature,Audio books and storytelling podcasts
x5n3ji9uv2,42b9a85e-17a1-480a-9821-6ab8f0d9ee99,Travel and Exploration,Cruise vacations and sailing adventures
4ra30oc0tm,c6e12252-fd03-417e-8d02-77a7a3795b99,Outdoor Activities,Hiking and nature walks
x2x27c4uj0,c6e12252-fd03-417e-8d02-77a7a3795b99,Health and Wellness,Fitness obstacle course races
jhs2hubydz,c6e12252-fd03-417e-8d02-77a7a3795b99,Reading and Literature,"Poetry and poetic forms (haiku, sonnets, free verse)"
jro4dbfo0n,51536b25-5a6d-4c09-8cba-3f6b43c4c9aa,Travel and Exploration,Ecotourism and sustainable travel
n87yuatt1i,51536b25-5a6d-4c09-8cba-3f6b43c4c9aa,Travel and Exploration,Backpacking and adventure travel
xr8ju82dtr,d0f5136a-0f40-414b-99a7-5f11b9abeb49,Reading and Literature,Literary analysis and book discussions
sytwttjw5d,d0f5136a-0f40-414b-99a7-5f11b9abeb49,Reading and Literature,"Poetry and poetic forms (haiku, sonnets, free verse)"
sspf81xib4,d0f5136a-0f40-414b-99a7-5f11b9abeb49,Travel and Exploration,Backpacking and adventure travel
fmyu87eucb,8194e0d0-2d32-4c4f-8e51-b660c5102687,Travel and Exploration,Backpacking and adventure travel
0dcv98uif5,8194e0d0-2d32-4c4f-8e51-b660c5102687,Outdoor Activities,Wilderness survival skills
b77xm2cujf,8194e0d0-2d32-4c4f-8e51-b660c5102687,Reading and Literature,"Poetry and poetic forms (haiku, sonnets, free verse)"
zspkkeozmv,d62f7d16-ee96-4751-b7d1-7a737f6d09d9,Travel and Exploration,Cruise vacations and sailing adventures
3rscbz2qd8,c2929836-84e2-4733-8c65-1035d01c588a,Reading and Literature,Audio books and storytelling podcasts
x8ybd995oo,79d0c8a5-cccb-4e2b-9b7f-5c1754b5a664,Health and Wellness,Holistic health practices (acupuncture herbalism)
zxe8jith7h,79d0c8a5-cccb-4e2b-9b7f-5c1754b5a664,Reading and Literature,"Non-fiction (biographies, history, self-help, psychology)"
ji31drzaxg,79d0c8a5-cccb-4e2b-9b7f-5c1754b5a664,Health & Wellness,Nutrition planning meal prepping
zz2qa24269,ef5e4699-7dcb-479e-8c2d-2de5d8cfecb5,Health and Wellness,Fitness obstacle course races
7ak6x3pki7,ef5e4699-7dcb-479e-8c2d-2de5d8cfecb5,Travel and Exploration,Visiting new countries and cultures
z4h9fkrfry,23c106b5-143d-4c2c-ba9c-bb4614f0e31b,Reading and Literature,Audio books and storytelling podcasts
2dnt9r01rz,23c106b5-143d-4c2c-ba9c-bb4614f0e31b,Outdoor Activities,Wilderness survival skills
ks7pmjk4jb,65b35da8-73c2-4302-8314-96621401ae8a,Travel and Exploration,Visiting new countries and cultures
rkv6x4gn8x,d11e0602-7e6f-4cf5-975d-1c6a4fba3bb7,Outdoor Activities,Wilderness survival skills
05xaa05urw,d11e0602-7e6f-4cf5-975d-1c6a4fba3bb7,Reading and Literature,"Non-fiction (biographies, history, self-help, psychology)"
m0hz8kx7j8,1c37ae67-dc31-48cc-aac8-3a3d85bf0468,Outdoor Activities,Wilderness survival skills
ihdc4wnpgy,1c37ae67-dc31-48cc-aac8-3a3d85bf0468,Travel and Exploration,Urban exploration and historical tours
0h27o7b8xi,1c37ae67-dc31-48cc-aac8-3a3d85bf0468,Reading and Literature,Reading challenges and book clubs
p0oufhygzf,024e3509-a54b-49b7-a351-3dc54163aa52,Reading and Literature,"Fiction (novels, short stories, fantasy, science fiction)"
ddsrawbc0g,e215ac32-7add-4115-a8c9-b9f6d5a3abf3,Health and Wellness,Holistic health practices (acupuncture herbalism)
ng8lc4wtux,e215ac32-7add-4115-a8c9-b9f6d5a3abf3,Travel and Exploration,Visiting new countries and cultures
899zgd97kf,e215ac32-7add-4115-a8c9-b9f6d5a3abf3,Travel and Exploration,Urban exploration and historical tours
jis94ul345,36d04ab3-8dc9-4d20-ae6a-52e060614395,Reading and Literature,Reading challenges and book clubs
25gj1udcig,f7cc4e1d-4b37-468d-aebe-e96507630ecb,Reading and Literature,Audio books and storytelling podcasts
u1tnicdms8,b19f26a9-522a-401f-b7ed-bdfe89d05eaf,Reading and Literature,"Fiction (novels, short stories, fantasy, science fiction)"
ajag2pwlx4,1c5b3091-2d0b-4727-82c4-c8020eb48431,Health and Wellness,Holistic health practices (acupuncture herbalism)
k9s7wzit50,04765b66-2a12-4483-961c-b68158b78604,Reading and Literature,Audio books and storytelling podcasts
oglxihibpu,04765b66-2a12-4483-961c-b68158b78604,Reading and Literature,"Poetry and poetic forms (haiku, sonnets, free verse)"
yjch9raa1y,5fb259d8-e6d5-4936-9b98-980021c0cc83,Reading and Literature,Reading challenges and book clubs
xk4o01kqcf,5fb259d8-e6d5-4936-9b98-980021c0cc83,Travel and Exploration,Urban exploration and historical tours
abvfu66yl2,5fb259d8-e6d5-4936-9b98-980021c0cc83,Health and Wellness,Fitness obstacle course races
id72lx3feh,84b17d6e-3bea-4497-9dda-7c3215689184,Travel and Exploration,Cruise vacations and sailing adventures
6bpwlxcl2l,84b17d6e-3bea-4497-9dda-7c3215689184,Health and Wellness,Yoga retreats wellness tourism
e4rlnirx2k,84b17d6e-3bea-4497-9dda-7c3215689184,Reading and Literature,Reading challenges and book clubs
sr5tf98hpm,b2ecdfe3-1f09-4f3a-b955-14b55dfa26ea,Travel and Exploration,Cruise vacations and sailing adventures
wiv4wvg39z,b2ecdfe3-1f09-4f3a-b955-14b55dfa26ea,Outdoor Activities,"Camping (tent camping, RV camping)"
dco32cr0qq,b2ecdfe3-1f09-4f3a-b955-14b55dfa26ea,Travel and Exploration,Backpacking and adventure travel
ze2ym4v24r,3a7bea4b-7c3e-4439-904f-0aaf4ed1162f,Health and Wellness,Yoga retreats wellness tourism
1txlnbkoj8,d9582a46-e3c4-4339-9187-2f2e6b015e7b,Travel and Exploration,Backpacking and adventure travel
ivc3n9tco4,d9582a46-e3c4-4339-9187-2f2e6b015e7b,Travel and Exploration,Visiting new countries and cultures
uhb4trzqyu,fad2e532-2541-452e-b5f1-83c43ccad175,Health and Wellness,Fitness obstacle course races
067vebiw8a,fad2e532-2541-452e-b5f1-83c43ccad175,Health and Wellness,Practicing mindfulness meditation
t8fhwe3jya,fad2e532-2541-452e-b5f1-83c43ccad175,Reading and Literature,Reading challenges and book clubs
4bhb5eaivr,5528077d-766a-4f76-b93c-1c1026d0aad5,Reading and Literature,Audio books and storytelling podcasts
xsrxalqjgt,5528077d-766a-4f76-b93c-1c1026d0aad5,Outdoor Activities,Hiking and nature walks
f9nqoy79k5,eb2666a9-6419-45a4-9797-2ff4b1cf3ccf,Reading and Literature,Audio books and storytelling podcasts
l2qwgitsmx,4e2a50dd-c749-43be-b1a4-975c0338074d,Travel and Exploration,Cruise vacations and sailing adventures
w9i2gz23zq,4e2a50dd-c749-43be-b1a4-975c0338074d,Health & Wellness,Nutrition planning meal prepping
xj55jdbi5o,4e2a50dd-c749-43be-b1a4-975c0338074d,Health and Wellness,Fitness obstacle course races
qz71bhcltf,dbc40c9f-147f-4b69-9811-a550fa141b9c,Travel and Exploration,Cruise vacations and sailing adventures
bizvgvg9io,dbc40c9f-147f-4b69-9811-a550fa141b9c,Travel and Exploration,Visiting new countries and cultures
9grldbuiob,9e133745-17ed-4482-86d7-215c1818413a,Reading and Literature,Literary analysis and book discussions
gumzq8vrc2,96238e52-c177-4aab-9c6e-d1ca3c9afd54,Reading and Literature,Audio books and storytelling podcasts
7aiw9fw0f5,96238e52-c177-4aab-9c6e-d1ca3c9afd54,Reading and Literature,Literary analysis and book discussions
qnzqod9rt1,b6c609a5-e107-43fe-ab6a-f1a0d922d3b8,Outdoor Activities,Wilderness survival skills
l8a8ax9xtw,b6c609a5-e107-43fe-ab6a-f1a0d922d3b8,Travel and Exploration,Cruise vacations and sailing adventures
lniza84jsp,b6c609a5-e107-43fe-ab6a-f1a0d922d3b8,Health and Wellness,Fitness obstacle course races
tjiaei9k5p,c58bfeed-2f46-419f-865e-7fbf8d44525a,Outdoor Activities,Wilderness survival skills
pgdpfrrjoc,c58bfeed-2f46-419f-865e-7fbf8d44525a,Outdoor Activities,"Camping (tent camping, RV camping)"
d4uz5wr9og,c58bfeed-2f46-419f-865e-7fbf8d44525a,Health & Wellness,Nutrition planning meal prepping
thufr20r0s,d5197492-3441-4323-a0bc-109529538345,Travel and Exploration,Urban exploration and historical tours
5fto6cn5tt,a77c6909-50e7-4309-bfd6-103f5b5e7fd0,Travel and Exploration,Ecotourism and sustainable travel
bu1y9q5aph,e87707f4-b803-4227-937f-ee62350fc8d0,Health and Wellness,Yoga retreats wellness tourism
rdx55rdnng,65d3d040-2a09-4e55-907d-f4e05106e7ac,Outdoor Activities,Wilderness survival skills
8jhzqyxija,65d3d040-2a09-4e55-907d-f4e05106e7ac,Travel and Exploration,Ecotourism and sustainable travel
i61p5t5k2c,ce6b1187-f07d-4be6-8974-5f2f07292b6a,Travel and Exploration,Cruise vacations and sailing adventures
l7dbi26xwm,ce6b1187-f07d-4be6-8974-5f2f07292b6a,Travel and Exploration,Urban exploration and historical tours
r5ewbtol7s,1457ac4a-c875-4110-8f6d-fc0f14d78473,Travel and Exploration,Cruise vacations and sailing adventures
ocjm31sexl,1457ac4a-c875-4110-8f6d-fc0f14d78473,Reading and Literature,Reading challenges and book clubs
mbacrs47pe,78e7527f-d85a-4433-87e1-59448d3f1c44,Travel and Exploration,Cruise vacations and sailing adventures
q15wfjt7x4,99ee2f43-f622-439c-b3a9-b17c87832c15,Health and Wellness,Fitness obstacle course races
s5xgprbn3c,99ee2f43-f622-439c-b3a9-b17c87832c15,Travel and Exploration,Backpacking and adventure travel
o4mt1vhmvi,99ee2f43-f622-439c-b3a9-b17c87832c15,Outdoor Activities,"Camping (tent camping, RV camping)"
3p9u5qcylt,67dbf18a-fc63-46b2-853c-8ef32f603305,Health and Wellness,Practicing mindfulness meditation
eeuqbf3tlb,67dbf18a-fc63-46b2-853c-8ef32f603305,Travel and Exploration,Ecotourism and sustainable travel
uwv1xeya9w,67dbf18a-fc63-46b2-853c-8ef32f603305,Reading and Literature,"Non-fiction (biographies, history, self-help, psychology)"
rf2qqw8dxe,d89e5cae-9e68-4e8b-b7f9-a41f5c4b9531,Outdoor Activities,"Camping (tent camping, RV camping)"
i94vvjc353,d89e5cae-9e68-4e8b-b7f9-a41f5c4b9531,Health and Wellness,Practicing mindfulness meditation
rjphhrfafz,6f564ada-3438-4c9a-a0f1-d5cff4a880eb,Travel and Exploration,Road trips and exploring scenic routes
ivk5kpgt5x,6f564ada-3438-4c9a-a0f1-d5cff4a880eb,Reading and Literature,Audio books and storytelling podcasts
uyvla9gfnm,72f246cf-48f3-4013-aeb2-e3636ccebf6a,Reading and Literature,Reading challenges and book clubs
jt1z0rdpso,72f246cf-48f3-4013-aeb2-e3636ccebf6a,Reading and Literature,Literary analysis and book discussions
9zhv778ntd,72f246cf-48f3-4013-aeb2-e3636ccebf6a,Travel and Exploration,Cruise vacations and sailing adventures
djvpc88ijj,13114049-e5f1-403b-b8f8-dae36995f861,Health & Wellness,Nutrition planning meal prepping
vj3f7g87mn,13114049-e5f1-403b-b8f8-dae36995f861,Outdoor Activities,Hiking and nature walks
dvmd037q4g,13114049-e5f1-403b-b8f8-dae36995f861,Reading and Literature,Reading challenges and book clubs
j2spkgk59d,ee9b6c05-9376-4f00-8ab2-ac02b89a65fe,Travel and Exploration,Urban exploration and historical tours
37n44l9jgs,ee9b6c05-9376-4f00-8ab2-ac02b89a65fe,Outdoor Activities,Wilderness survival skills
ulyymcb5ho,e32aa34e-f7c7-4f72-9d7f-85421b5c8614,Health and Wellness,Holistic health practices (acupuncture herbalism)
myv287ek28,e32aa34e-f7c7-4f72-9d7f-85421b5c8614,Travel and Exploration,Ecotourism and sustainable travel
6kdppz3tvt,3f5892cd-4111-48f4-a8e3-fe4439168819,Health and Wellness,Fitness obstacle course races
1gbpvmzrxo,3f5892cd-4111-48f4-a8e3-fe4439168819,Reading and Literature,"Fiction (novels, short stories, fantasy, science fiction)"
1wdoz7bs2h,3f5892cd-4111-48f4-a8e3-fe4439168819,Travel and Exploration,Cruise vacations and sailing adventures
4nu6zlevq2,932be56f-c6d8-4d25-ab52-cb1b1900fc55,Outdoor Activities,"Camping (tent camping, RV camping)"
cug0x3lp8l,a1782b4f-cc13-4728-8271-b82e444c4c5f,Reading and Literature,"Fiction (novels, short stories, fantasy, science fiction)"
c4s4rfoc2a,a1782b4f-cc13-4728-8271-b82e444c4c5f,Health and Wellness,Fitness obstacle course races
5jxjq22374,d8ae0379-4d80-45dd-ab48-24821b0a24ec,Reading and Literature,"Fiction (novels, short stories, fantasy, science fiction)"
vxbh24jh24,d8ae0379-4d80-45dd-ab48-24821b0a24ec,Outdoor Activities,Hiking and nature walks
tvf29lxyao,d8ae0379-4d80-45dd-ab48-24821b0a24ec,Health and Wellness,Fitness obstacle course races
oz0cqmh3bu,0c1def4f-0e4a-4e55-9f28-1d92864f3588,Travel and Exploration,Ecotourism and sustainable travel
g9j9d95db2,0c1def4f-0e4a-4e55-9f28-1d92864f3588,Health and Wellness,Fitness obstacle course races
8tytrkx93t,0c1def4f-0e4a-4e55-9f28-1d92864f3588,Reading and Literature,"Fiction (novels, short stories, fantasy, science fiction)"
a9pwc41j6a,baa33748-f12a-4ef6-979c-9b18902b1c1d,Health & Wellness,Nutrition planning meal prepping
x4e9jxco77,baa33748-f12a-4ef6-979c-9b18902b1c1d,Reading and Literature,Audio books and storytelling podcasts
5xbymdzmjl,baa33748-f12a-4ef6-979c-9b18902b1c1d,Travel and Exploration,Visiting new countries and cultures
7sbjh5fbms,ba6b6ac4-c270-4f11-8f1e-68656367701d,Health and Wellness,Holistic health practices (acupuncture herbalism)
vkcuv4wiyk,ba6b6ac4-c270-4f11-8f1e-68656367701d,Reading and Literature,"Fiction (novels, short stories, fantasy, science fiction)"
y1123x2hxf,ba6b6ac4-c270-4f11-8f1e-68656367701d,Health & Wellness,Nutrition planning meal prepping
vi4gijorat,483a6387-82b4-4b77-aa75-752c4c61aea0,Reading and Literature,Audio books and storytelling podcasts
j3o0nums7l,e1cdeef0-92de-4616-958d-d59eb5a2e1c1,Travel and Exploration,Road trips and exploring scenic routes
08jab70db9,e1cdeef0-92de-4616-958d-d59eb5a2e1c1,Travel and Exploration,Ecotourism and sustainable travel
gdply2tg9i,e1cdeef0-92de-4616-958d-d59eb5a2e1c1,Reading and Literature,Reading challenges and book clubs
uru2gdcuds,93f1f1e0-f9a9-4155-9d64-282dbc9fef15,Travel and Exploration,Urban exploration and historical tours
6p172ttupc,93f1f1e0-f9a9-4155-9d64-282dbc9fef15,Reading and Literature,Literary analysis and book discussions
3bn8yh7rde,0611d350-4243-461b-ae77-857e2cf5e39e,Health and Wellness,Holistic health practices (acupuncture herbalism)
710073gx8q,13045a5e-2fd3-4785-ac1b-5461a6dbe715,Travel and Exploration,Visiting new countries and cultures
coevqct9sh,13045a5e-2fd3-4785-ac1b-5461a6dbe715,Reading and Literature,"Fiction (novels, short stories, fantasy, science fiction)"
g6n1dk9xa7,13045a5e-2fd3-4785-ac1b-5461a6dbe715,Reading and Literature,Literary analysis and book discussions
chfags6mhv,31888ce7-dde8-42e4-8b93-687a749b5efe,Travel and Exploration,Visiting new countries and cultures
xetikh4ewg,f7625cd9-200b-4ef5-85ee-6326b9502d5a,Outdoor Activities,"Camping (tent camping, RV camping)"
t4bzo5odc5,f7625cd9-200b-4ef5-85ee-6326b9502d5a,Reading and Literature,Literary analysis and book discussions
ux9juvv89z,193a439d-4798-4148-98ae-79346f779a98,Travel and Exploration,Ecotourism and sustainable travel
pzir0all7k,193a439d-4798-4148-98ae-79346f779a98,Outdoor Activities,Wilderness survival skills
hvzcl0g58u,193a439d-4798-4148-98ae-79346f779a98,Travel and Exploration,Road trips and exploring scenic routes
vhhg21d9pp,f0eefcdd-0350-4561-af7e-3a383f23ccdf,Travel and Exploration,Road trips and exploring scenic routes
3wjdnkq46x,f0eefcdd-0350-4561-af7e-3a383f23ccdf,Travel and Exploration,Cruise vacations and sailing adventures
la8pikq1hl,907689da-f0c0-4781-bb20-f958f730d4fe,Outdoor Activities,Wilderness survival skills
rpvmtnhg0y,907689da-f0c0-4781-bb20-f958f730d4fe,Travel and Exploration,Backpacking and adventure travel
htbuwnjizg,907689da-f0c0-4781-bb20-f958f730d4fe,Reading and Literature,"Non-fiction (biographies, history, self-help, psychology)"
q1sabtyeif,f0a30a5c-f646-4e88-a53f-58d0087f105c,Health and Wellness,Holistic health practices (acupuncture herbalism)
12ebn5ucp0,f0a30a5c-f646-4e88-a53f-58d0087f105c,Travel and Exploration,Backpacking and adventure travel
1zpyhj1428,f0a30a5c-f646-4e88-a53f-58d0087f105c,Reading and Literature,Reading challenges and book clubs
dodbjeeexu,00d3e7b9-a9c2-4fd5-b3bb-1440c6f2cbe9,Health and Wellness,Fitness obstacle course races
rvr9t0ehmx,00d3e7b9-a9c2-4fd5-b3bb-1440c6f2cbe9,Outdoor Activities,Wilderness survival skills
bv00uwnzmd,00d3e7b9-a9c2-4fd5-b3bb-1440c6f2cbe9,Travel and Exploration,Backpacking and adventure travel
cfhev9ktrq,808e685e-b337-49ea-ba06-fc4960515bc3,Health and Wellness,Fitness obstacle course races
r2scclfvr6,808e685e-b337-49ea-ba06-fc4960515bc3,Reading and Literature,Literary analysis and book discussions
x2afbiiqk0,808e685e-b337-49ea-ba06-fc4960515bc3,Reading and Literature,"Poetry and poetic forms (haiku, sonnets, free verse)"
kfvpn0o25w,f2b8a4e7-6ae4-40ea-a9e1-274a328de346,Travel and Exploration,Visiting new countries and cultures
fka8s4f30l,f2b8a4e7-6ae4-40ea-a9e1-274a328de346,Travel and Exploration,Backpacking and adventure travel
5fvj18luce,f2b8a4e7-6ae4-40ea-a9e1-274a328de346,Outdoor Activities,Wilderness survival skills
eolek9c4ot,8750c819-345b-48a2-a2c3-93afd17269eb,Travel and Exploration,Visiting new countries and cultures
1994cit9oq,384bd388-fae4-4a4e-9081-6e97165d7390,Outdoor Activities,Hiking and nature walks
wiopvksqji,384bd388-fae4-4a4e-9081-6e97165d7390,Outdoor Activities,"Camping (tent camping, RV camping)"
ry6bfmypgq,384bd388-fae4-4a4e-9081-6e97165d7390,Travel and Exploration,Visiting new countries and cultures
au7bwy851u,20252f79-aa6b-44b3-98c8-20cc1086b41a,Reading and Literature,"Non-fiction (biographies, history, self-help, psychology)"
w6wb4xhju0,20252f79-aa6b-44b3-98c8-20cc1086b41a,Health and Wellness,Practicing mindfulness meditation
v496nepzl3,20252f79-aa6b-44b3-98c8-20cc1086b41a,Health and Wellness,Holistic health practices (acupuncture herbalism)
zibl3cjhnq,ab21b441-6a1f-4c12-b96c-1601d6774fc2,Outdoor Activities,"Camping (tent camping, RV camping)"
l1amqo7k7m,71a195b8-952b-4668-aec2-b25046f88a55,Travel and Exploration,Cruise vacations and sailing adventures
meqylmnb40,de5b0fee-1a2b-402a-8568-807708453d22,Health & Wellness,Nutrition planning meal prepping
x3y55ya1vs,6f787969-9846-4090-85e3-9951c3ae4e34,Reading and Literature,Literary analysis and book discussions
qkahgss75g,cdb93205-62e7-434d-baba-fda00c7680e6,Reading and Literature,"Fiction (novels, short stories, fantasy, science fiction)"
afwof8lr11,f06a84ef-14a5-498b-8981-64c372698332,Health and Wellness,Fitness obstacle course races
4zsarv5pf4,4c799dee-08d3-4761-ae9b-847aa7b643aa,Health and Wellness,Fitness obstacle course races
jutre3p2vz,4c799dee-08d3-4761-ae9b-847aa7b643aa,Health and Wellness,Yoga retreats wellness tourism
yjj64ctgv9,4c799dee-08d3-4761-ae9b-847aa7b643aa,Travel and Exploration,Urban exploration and historical tours
ydms2sg8fp,2bb53d30-e2a2-435d-863e-f58dcb8f72af,Reading and Literature,Literary analysis and book discussions
l1n809f4d1,2bb53d30-e2a2-435d-863e-f58dcb8f72af,Health and Wellness,Practicing mindfulness meditation
qq0376r456,2bb53d30-e2a2-435d-863e-f58dcb8f72af,Reading and Literature,Reading challenges and book clubs
pqnmkfdzft,da889cb8-2fc0-46c5-823a-041505807704,Travel and Exploration,Backpacking and adventure travel
oilg1aq6sj,da889cb8-2fc0-46c5-823a-041505807704,Travel and Exploration,Road trips and exploring scenic routes
1vbbvdd4vs,214b2e5b-3cbb-48ce-bcdf-cc3e556ae671,Health and Wellness,Practicing mindfulness meditation
ruc3ldhyvh,214b2e5b-3cbb-48ce-bcdf-cc3e556ae671,Health and Wellness,Yoga retreats wellness tourism
rteraca5om,214b2e5b-3cbb-48ce-bcdf-cc3e556ae671,Reading and Literature,Audio books and storytelling podcasts
7c3ztx160r,d22e37f4-f7e6-4fdb-94a4-43662f53b188,Outdoor Activities,Hiking and nature walks
uv0rbspij5,d22e37f4-f7e6-4fdb-94a4-43662f53b188,Travel and Exploration,Ecotourism and sustainable travel
5s9zfb3qoa,d22e37f4-f7e6-4fdb-94a4-43662f53b188,Health and Wellness,Yoga retreats wellness tourism
c45bojk8bu,aa46c674-fba6-4176-b387-6cd603b91d8b,Outdoor Activities,Hiking and nature walks
4epuvbjpig,b9b3cd17-1a6a-4cff-ba28-63cc8abeb791,Travel and Exploration,Ecotourism and sustainable travel
y0ot2yc2u7,12b56280-ef2d-4753-807c-a9f958c77a2a,Travel and Exploration,Road trips and exploring scenic routes
jtsv33o0iw,12b56280-ef2d-4753-807c-a9f958c77a2a,Reading and Literature,"Non-fiction (biographies, history, self-help, psychology)"
b3xxqmd2h9,12b56280-ef2d-4753-807c-a9f958c77a2a,Reading and Literature,Reading challenges and book clubs
ebvs2imu67,3a9e2de6-fde8-4940-8ea5-adfe7377ac87,Health & Wellness,Nutrition planning meal prepping
49ysbtefp6,3a9e2de6-fde8-4940-8ea5-adfe7377ac87,Outdoor Activities,"Camping (tent camping, RV camping)"
8ra7vvmiw5,4e38e20a-7e84-41b3-b0f3-aefff477f3d6,Health and Wellness,Fitness obstacle course races
8gnrhaupnh,fd5d4e43-68a0-44ca-8e29-db2f47bed9dc,Reading and Literature,"Fiction (novels, short stories, fantasy, science fiction)"
tkdhosu1sa,fd5d4e43-68a0-44ca-8e29-db2f47bed9dc,Travel and Exploration,Cruise vacations and sailing adventures
ilwbbermuu,fd5d4e43-68a0-44ca-8e29-db2f47bed9dc,Outdoor Activities,Wilderness survival skills
v9qymv59mu,ef914cbb-52d6-43b3-aa9f-b6e772b62903,Health and Wellness,Holistic health practices (acupuncture herbalism)
c6r72mdhkb,ef914cbb-52d6-43b3-aa9f-b6e772b62903,Reading and Literature,Literary analysis and book discussions
o8czmmce8t,ef914cbb-52d6-43b3-aa9f-b6e772b62903,Outdoor Activities,"Camping (tent camping, RV camping)"
70dku6g9n5,431c5776-506e-41cd-b6e9-fe6d6ea0796c,Health and Wellness,Practicing mindfulness meditation
8odyh5q6hn,431c5776-506e-41cd-b6e9-fe6d6ea0796c,Travel and Exploration,Cruise vacations and sailing adventures
8y1v99lmfe,e358257b-4c64-4189-978a-867e6df10a9b,Travel and Exploration,Backpacking and adventure travel
q1o1822l39,e358257b-4c64-4189-978a-867e6df10a9b,Health and Wellness,Yoga retreats wellness tourism
4vtkqtwogl,74dc02ef-56ca-4a05-a5a8-e5477bef7392,Reading and Literature,Reading challenges and book clubs
s563iz8j9i,3bc42d1e-d7a7-467b-9657-4ba80a9435c8,Reading and Literature,"Poetry and poetic forms (haiku, sonnets, free verse)"
9p740j59dd,3bc42d1e-d7a7-467b-9657-4ba80a9435c8,Travel and Exploration,Road trips and exploring scenic routes
a64b7zuwaa,e7b814c8-7ff9-42d4-bcc2-e212144d67cd,Health and Wellness,Fitness obstacle course races
l0vl0ueex9,e7b814c8-7ff9-42d4-bcc2-e212144d67cd,Travel and Exploration,Road trips and exploring scenic routes
aj4lc3har1,e7b814c8-7ff9-42d4-bcc2-e212144d67cd,Health & Wellness,Nutrition planning meal prepping
ms2cf6hcci,982e344f-5a30-4708-86f3-90cdfc18858a,Health and Wellness,Holistic health practices (acupuncture herbalism)
2u1sgrahyw,982e344f-5a30-4708-86f3-90cdfc18858a,Health and Wellness,Fitness obstacle course races
bm6ccd7kdf,982e344f-5a30-4708-86f3-90cdfc18858a,Reading and Literature,Audio books and storytelling podcasts
bkv0plvbh0,121d2b90-7870-4a64-8ec4-9451820810e2,Travel and Exploration,Urban exploration and historical tours
yslgqbz2t0,121d2b90-7870-4a64-8ec4-9451820810e2,Health and Wellness,Practicing mindfulness meditation
0rwf6gifwr,daaa7116-a311-4aed-93b3-500e1302e814,Travel and Exploration,Urban exploration and historical tours
5bphp11tf9,daaa7116-a311-4aed-93b3-500e1302e814,Health and Wellness,Yoga retreats wellness tourism
a4rxv9xi5w,f598296f-5282-4087-bc59-9858ea4452f8,Reading and Literature,Reading challenges and book clubs
ic1cms3qpw,f598296f-5282-4087-bc59-9858ea4452f8,Reading and Literature,Literary analysis and book discussions
zl8ty0turz,31844c38-8b77-4e36-879b-e157056d7141,Health & Wellness,Nutrition planning meal prepping
yitihmnmxx,31844c38-8b77-4e36-879b-e157056d7141,Health and Wellness,Fitness obstacle course races
oj9xczpsu9,78d798ae-5fc8-4bad-a4a1-80e47835ec09,Reading and Literature,Audio books and storytelling podcasts
kqx02jpb0f,ef3f7d85-b2db-4966-9582-4acc95f72719,Travel and Exploration,Urban exploration and historical tours
oceag2zwoy,ef3f7d85-b2db-4966-9582-4acc95f72719,Health and Wellness,Fitness obstacle course races
np4xmvyb28,515ce4d0-8f31-4c60-91e5-760bfd9a18cd,Travel and Exploration,Cruise vacations and sailing adventures
a2prbxxz14,b035eb8f-e5b2-4666-8920-26676d843f98,Travel and Exploration,Visiting new countries and cultures
6repjymwyw,b035eb8f-e5b2-4666-8920-26676d843f98,Outdoor Activities,Wilderness survival skills
m4d58oc5i6,b035eb8f-e5b2-4666-8920-26676d843f98,Reading and Literature,Audio books and storytelling podcasts
siyc4kyrgg,39c0f010-b8fb-491a-85db-78182780d6dc,Travel and Exploration,Cruise vacations and sailing adventures
hbi878w3kl,39c0f010-b8fb-491a-85db-78182780d6dc,Travel and Exploration,Ecotourism and sustainable travel
3rgkvtyaje,ad5e575d-6f07-4c9e-a45e-68ba7f35be0d,Reading and Literature,Audio books and storytelling podcasts
rvnb05ax51,177d7144-f619-4b7f-a4ee-0ba709093065,Health & Wellness,Nutrition planning meal prepping
6xj0kmu32s,177d7144-f619-4b7f-a4ee-0ba709093065,Outdoor Activities,Hiking and nature walks
fy581bohlb,94c97915-363d-4db2-8cf9-f7ed59047192,Reading and Literature,"Non-fiction (biographies, history, self-help, psychology)"
01xvb55qxn,94c97915-363d-4db2-8cf9-f7ed59047192,Reading and Literature,"Fiction (novels, short stories, fantasy, science fiction)"
cyb6lp7u1s,94c97915-363d-4db2-8cf9-f7ed59047192,Health and Wellness,Practicing mindfulness meditation
ptwnlyjo75,9ec5700f-941d-450f-90a0-f38a5ec11d19,Health and Wellness,Yoga retreats wellness tourism
fdjag934t6,9ec5700f-941d-450f-90a0-f38a5ec11d19,Travel and Exploration,Cruise vacations and sailing adventures
7tj8nd9ij7,9ec5700f-941d-450f-90a0-f38a5ec11d19,Travel and Exploration,Backpacking and adventure travel
zofmht4es0,4ac05beb-094a-4bce-b53a-9fee9d87022e,Health and Wellness,Fitness obstacle course races
tmwmgfs2d3,4ac05beb-094a-4bce-b53a-9fee9d87022e,Travel and Exploration,Urban exploration and historical tours
tqfj4xhgei,4ac05beb-094a-4bce-b53a-9fee9d87022e,Health and Wellness,Yoga retreats wellness tourism
wcir2a5641,1200df2c-d983-4f3c-869c-b1968f83bf72,Travel and Exploration,Ecotourism and sustainable travel
lk3iaj0ote,1200df2c-d983-4f3c-869c-b1968f83bf72,Health and Wellness,Holistic health practices (acupuncture herbalism)
0w6kaimavk,5ff360de-20b4-4ebb-9e3c-cf0d0a7bc0b2,Health and Wellness,Fitness obstacle course races
717d4yrnom,5ff360de-20b4-4ebb-9e3c-cf0d0a7bc0b2,Health and Wellness,Practicing mindfulness meditation
szwc96ucct,c69bf53d-4765-4217-9309-0fbcaccbfdca,Health and Wellness,Yoga retreats wellness tourism
94u9f2xyzx,7c5a5884-27ac-496f-bd5a-cb7de74cc7ea,Reading and Literature,"Fiction (novels, short stories, fantasy, science fiction)"
lgcrcospm1,7c5a5884-27ac-496f-bd5a-cb7de74cc7ea,Reading and Literature,"Poetry and poetic forms (haiku, sonnets, free verse)"
ookrl1ehwt,7c5a5884-27ac-496f-bd5a-cb7de74cc7ea,Travel and Exploration,Ecotourism and sustainable travel
92bn8c1j7p,1820d636-4396-406b-8ffd-f99a3a929382,Travel and Exploration,Urban exploration and historical tours
tjgkcb80l8,1820d636-4396-406b-8ffd-f99a3a929382,Reading and Literature,Literary analysis and book discussions
i5wqh5hepm,d20c27bd-bd15-47d8-9cdb-669d2d5b8cbd,Health and Wellness,Holistic health practices (acupuncture herbalism)
hsjcoyua68,d20c27bd-bd15-47d8-9cdb-669d2d5b8cbd,Health & Wellness,Nutrition planning meal prepping
wuaq3aw9b2,d20c27bd-bd15-47d8-9cdb-669d2d5b8cbd,Travel and Exploration,Road trips and exploring scenic routes
5mjztei2eq,700024fc-f148-4200-8b14-d80fef2701f6,Outdoor Activities,Wilderness survival skills
grejbvaqtr,700024fc-f148-4200-8b14-d80fef2701f6,Reading and Literature,Audio books and storytelling podcasts
alphw212mi,700024fc-f148-4200-8b14-d80fef2701f6,Reading and Literature,"Fiction (novels, short stories, fantasy, science fiction)"
x9xindt0eq,235f04d6-95e2-4f87-b2bc-58b97a0eaab4,Reading and Literature,Audio books and storytelling podcasts
cc8s6dsoov,2538308f-40a1-4989-951b-bb72f5b24ab9,Reading and Literature,"Fiction (novels, short stories, fantasy, science fiction)"
0bm0ax9qy2,e8da460a-e6b9-48c2-b231-c1e0463c76fe,Health and Wellness,Fitness obstacle course races
zprwhinkg5,310bc8a7-787a-4928-8d16-6a484d43e553,Reading and Literature,Literary analysis and book discussions
5rqzxd2v2f,0f868f00-a2cc-44ac-a685-1b44c46d0644,Reading and Literature,Literary analysis and book discussions
s388zkvpah,0f868f00-a2cc-44ac-a685-1b44c46d0644,Travel and Exploration,Ecotourism and sustainable travel
f3ri34r2yn,0f868f00-a2cc-44ac-a685-1b44c46d0644,Health and Wellness,Fitness obstacle course races
pfrph4nkgd,9d167ecc-900a-41b2-9dd5-1983f09ed4e2,Travel and Exploration,Urban exploration and historical tours
9gzbbstd39,18da29d0-0334-4a61-b49f-8e2c644063ae,Health and Wellness,Fitness obstacle course races
ewla3uxvho,bd0d0386-ff02-4fb0-9394-847efa271303,Outdoor Activities,Hiking and nature walks
rpnpbdisd5,6994e448-67f5-4eae-8eaf-ad58dc3400d5,Health and Wellness,Fitness obstacle course races
t8uzn9hjy7,1e6a6ae6-b9f4-481a-b3ab-f3984984d2ae,Travel and Exploration,Cruise vacations and sailing adventures
r6e5431jnl,1e6a6ae6-b9f4-481a-b3ab-f3984984d2ae,Outdoor Activities,Hiking and nature walks
qrjuc3biu9,1e6a6ae6-b9f4-481a-b3ab-f3984984d2ae,Reading and Literature,"Non-fiction (biographies, history, self-help, psychology)"
4usauxcxx2,ba0590d4-540f-498c-82a2-2585c0238075,Travel and Exploration,Cruise vacations and sailing adventures
bzvo9mo2wy,e0b6c0d9-6993-43d2-b291-9d0a1bcc61e6,Reading and Literature,"Non-fiction (biographies, history, self-help, psychology)"
5qpxmlpets,e0b6c0d9-6993-43d2-b291-9d0a1bcc61e6,Reading and Literature,Literary analysis and book discussions
bttwm5lwai,e0b6c0d9-6993-43d2-b291-9d0a1bcc61e6,Health and Wellness,Fitness obstacle course races
750yi1mbid,f20cb430-3f58-4a77-9a60-a01433f4ebd9,Reading and Literature,Literary analysis and book discussions
lybf0thi33,f20cb430-3f58-4a77-9a60-a01433f4ebd9,Travel and Exploration,Visiting new countries and cultures
nc544ztozn,dafbe5a4-f72d-4e5e-a39d-c594d0204109,Health & Wellness,Nutrition planning meal prepping
h72wzu08zz,dafbe5a4-f72d-4e5e-a39d-c594d0204109,Travel and Exploration,Ecotourism and sustainable travel
1qq3ice6oy,dafbe5a4-f72d-4e5e-a39d-c594d0204109,Outdoor Activities,Hiking and nature walks
l2dpn1fixa,ef5ad8f8-1eca-4386-8c17-2cd29d8dacb8,Reading and Literature,"Fiction (novels, short stories, fantasy, science fiction)"
ulobuek959,ef5ad8f8-1eca-4386-8c17-2cd29d8dacb8,Health and Wellness,Holistic health practices (acupuncture herbalism)
qx4fo11bj2,ef5ad8f8-1eca-4386-8c17-2cd29d8dacb8,Reading and Literature,Audio books and storytelling podcasts
qz542vcxst,95688b04-5fd5-4d61-a2bd-01918914565d,Health and Wellness,Practicing mindfulness meditation
it8qn7gtrq,d6015a2b-6ba5-46de-9db6-ce04ed5e9537,Travel and Exploration,Urban exploration and historical tours
3wmvfbmvyg,d6015a2b-6ba5-46de-9db6-ce04ed5e9537,Outdoor Activities,Hiking and nature walks
o03cnmzvl6,b8313ad3-93c9-4696-971f-f7e27c817318,Reading and Literature,Reading challenges and book clubs
tpvoggrfyz,b8313ad3-93c9-4696-971f-f7e27c817318,Health & Wellness,Nutrition planning meal prepping
k9ss049huv,2fe5c101-7d45-4d43-9760-33b83dbcd20a,Travel and Exploration,Backpacking and adventure travel
f0dp83i2gz,2fe5c101-7d45-4d43-9760-33b83dbcd20a,Health and Wellness,Practicing mindfulness meditation
hzai1qdulh,e142d90a-f7f1-4930-a795-29f67c58c6d8,Travel and Exploration,Cruise vacations and sailing adventures
xf5hpocap9,e142d90a-f7f1-4930-a795-29f67c58c6d8,Health and Wellness,Fitness obstacle course races
rohkyw8fww,6c1e7e66-3574-42e8-8297-ac0b4fa243a0,Reading and Literature,"Fiction (novels, short stories, fantasy, science fiction)"
70x62u4m8b,6c1e7e66-3574-42e8-8297-ac0b4fa243a0,Health and Wellness,Fitness obstacle course races
6hlogou50x,6c1e7e66-3574-42e8-8297-ac0b4fa243a0,Travel and Exploration,Cruise vacations and sailing adventures
n0upcuga49,ccd04e1e-57d4-4ebe-b194-e403e7fa4ed2,Travel and Exploration,Backpacking and adventure travel
osrrjeglu4,ccd04e1e-57d4-4ebe-b194-e403e7fa4ed2,Reading and Literature,Literary analysis and book discussions
1e57nz09bc,1aa0e41c-82eb-42ef-809c-e99d32fa2196,Outdoor Activities,"Camping (tent camping, RV camping)"
xkafvxlfn2,1aa0e41c-82eb-42ef-809c-e99d32fa2196,Travel and Exploration,Visiting new countries and cultures
t02c0mwrbp,1aa0e41c-82eb-42ef-809c-e99d32fa2196,Health and Wellness,Fitness obstacle course races
dj0rw64ufn,4e6581cc-8718-45bc-b501-c59fe8300945,Travel and Exploration,Urban exploration and historical tours
2byzcu2y3m,4e6581cc-8718-45bc-b501-c59fe8300945,Reading and Literature,"Non-fiction (biographies, history, self-help, psychology)"
em037mrodn,4e6581cc-8718-45bc-b501-c59fe8300945,Reading and Literature,Literary analysis and book discussions
chbcqnom0y,003c374e-1358-471e-8f22-8a59276a0747,Travel and Exploration,Backpacking and adventure travel
m1wnspu5ki,003c374e-1358-471e-8f22-8a59276a0747,Health and Wellness,Fitness obstacle course races
expgsshdzi,003c374e-1358-471e-8f22-8a59276a0747,Travel and Exploration,Ecotourism and sustainable travel
239qy9v41j,0e174672-fa48-4e6e-b265-96087895f4d1,Health and Wellness,Yoga retreats wellness tourism
i0cri9p3uz,0e174672-fa48-4e6e-b265-96087895f4d1,Health and Wellness,Holistic health practices (acupuncture herbalism)
3txy9ciggc,575d1545-3d3b-4468-8cf6-389608021e79,Travel and Exploration,Cruise vacations and sailing adventures
6dxesvo44n,f411cb08-5b3c-430f-b616-72f4bf1766a5,Health and Wellness,Practicing mindfulness meditation
wod50zsmow,786ffa59-f8e2-4497-aecc-0a520daf30fb,Reading and Literature,"Non-fiction (biographies, history, self-help, psychology)"
yi15wcbeq1,786ffa59-f8e2-4497-aecc-0a520daf30fb,Reading and Literature,Audio books and storytelling podcasts
dkc78xdu2e,d3be13aa-6e46-4ece-9fa1-36b3425d6d65,Travel and Exploration,Backpacking and adventure travel
lp4h494oof,d2764fe8-5967-406c-a912-b4cd6f940c3b,Health and Wellness,Practicing mindfulness meditation
atfkie0fzt,f03fc0cc-3f18-4131-b619-06ca78670be5,Outdoor Activities,Wilderness survival skills
ukjycgwpu9,f03fc0cc-3f18-4131-b619-06ca78670be5,Travel and Exploration,Cruise vacations and sailing adventures
xihf7mhsss,f03fc0cc-3f18-4131-b619-06ca78670be5,Health & Wellness,Nutrition planning meal prepping
6lyosjsnv2,b5f0a7e7-85b7-45ae-9324-51ab1d05404b,Travel and Exploration,Ecotourism and sustainable travel
sgvc8agp7s,b5f0a7e7-85b7-45ae-9324-51ab1d05404b,Travel and Exploration,Visiting new countries and cultures
rb33fp7sv0,b5f0a7e7-85b7-45ae-9324-51ab1d05404b,Travel and Exploration,Backpacking and adventure travel
9t8j5vcis0,b5cfafa5-38c0-4f07-b3dc-aaf4ed3898ba,Travel and Exploration,Backpacking and adventure travel
6oa78an59g,b5cfafa5-38c0-4f07-b3dc-aaf4ed3898ba,Health and Wellness,Fitness obstacle course races
xia88fs49h,c672efb2-4938-40f7-8a3d-4e3c57da2858,Travel and Exploration,Backpacking and adventure travel
br6inx0zba,c672efb2-4938-40f7-8a3d-4e3c57da2858,Reading and Literature,Reading challenges and book clubs
u2nlpaez49,a6b11b13-a4aa-4d35-8da3-0966a4d0c45b,Travel and Exploration,Ecotourism and sustainable travel
qt4z7hjtzm,e76b4ef0-d1b7-450e-814f-62c64f55e10d,Reading and Literature,"Poetry and poetic forms (haiku, sonnets, free verse)"
dovxs08j3z,e76b4ef0-d1b7-450e-814f-62c64f55e10d,Travel and Exploration,Visiting new countries and cultures
6nmp11nyyn,e76b4ef0-d1b7-450e-814f-62c64f55e10d,Travel and Exploration,Cruise vacations and sailing adventures
b9w6u22hf8,376052f6-ff79-4123-b74e-209234a0b213,Outdoor Activities,"Camping (tent camping, RV camping)"
zo593zkabb,376052f6-ff79-4123-b74e-209234a0b213,Health and Wellness,Practicing mindfulness meditation
06dwvfip32,c47f2645-9cd1-40fd-9b3f-8f4000964adb,Travel and Exploration,Visiting new countries and cultures
a22if69hw9,c47f2645-9cd1-40fd-9b3f-8f4000964adb,Reading and Literature,"Fiction (novels, short stories, fantasy, science fiction)"
l63lr0txxd,934aa4c3-dcb3-4fae-a0a2-9e0546f840ee,Travel and Exploration,Urban exploration and historical tours
g6ptsa0r7e,934aa4c3-dcb3-4fae-a0a2-9e0546f840ee,Reading and Literature,"Fiction (novels, short stories, fantasy, science fiction)"
c745woy9if,dc65e0ca-6293-4ce4-b0b7-61d22044d376,Travel and Exploration,Visiting new countries and cultures
f8drjbaqix,dc65e0ca-6293-4ce4-b0b7-61d22044d376,Outdoor Activities,"Camping (tent camping, RV camping)"
elb4cmo0ft,a21eb0d3-a335-424b-921d-923691545039,Health & Wellness,Nutrition planning meal prepping
tlnzojcm38,a21eb0d3-a335-424b-921d-923691545039,Travel and Exploration,Road trips and exploring scenic routes
xwcjnwa44i,ed7b7c70-2505-4ed8-a730-c1b23784087d,Travel and Exploration,Road trips and exploring scenic routes
64k7nnges1,ed7b7c70-2505-4ed8-a730-c1b23784087d,Reading and Literature,"Non-fiction (biographies, history, self-help, psychology)"
yndvzf6s82,d1f61c0c-edf2-49bc-9b49-6fd0681e5316,Reading and Literature,"Non-fiction (biographies, history, self-help, psychology)"
qzl5w3bdvq,d9abe70f-92c7-4bce-9522-c9547479c4d0,Travel and Exploration,Cruise vacations and sailing adventures
5ga8bq3k3h,d9abe70f-92c7-4bce-9522-c9547479c4d0,Health and Wellness,Holistic health practices (acupuncture herbalism)
xu6w7sfpst,d9abe70f-92c7-4bce-9522-c9547479c4d0,Reading and Literature,"Fiction (novels, short stories, fantasy, science fiction)"
eknft25l0r,b2adaae5-c362-45f7-8b67-69f870755642,Travel and Exploration,Ecotourism and sustainable travel
30f51a812m,b2adaae5-c362-45f7-8b67-69f870755642,Health and Wellness,Holistic health practices (acupuncture herbalism)
p27u7s1ld1,b2adaae5-c362-45f7-8b67-69f870755642,Reading and Literature,Audio books and storytelling podcasts
s7b6atf35g,518e74af-07c7-43f7-9a4c-35fe6d2a98b8,Reading and Literature,"Poetry and poetic forms (haiku, sonnets, free verse)"
umvk5l0g4f,518e74af-07c7-43f7-9a4c-35fe6d2a98b8,Health and Wellness,Fitness obstacle course races
rbc14yolp9,ea442318-2bf4-4385-b3f0-795ef6d5d404,Outdoor Activities,Hiking and nature walks
phkc8xo126,ea442318-2bf4-4385-b3f0-795ef6d5d404,Health and Wellness,Practicing mindfulness meditation
wxp4k2020a,ea442318-2bf4-4385-b3f0-795ef6d5d404,Travel and Exploration,Visiting new countries and cultures
z3bfoqc8m0,a27350bc-8d58-4db6-bbf8-0da334d51c42,Outdoor Activities,Hiking and nature walks
n66xjgyx1u,a27350bc-8d58-4db6-bbf8-0da334d51c42,Health & Wellness,Nutrition planning meal prepping
6yso3j4gfy,a27350bc-8d58-4db6-bbf8-0da334d51c42,Travel and Exploration,Cruise vacations and sailing adventures
26mx6er92z,e27c5da5-556b-4c6b-a52c-5996a66dcdd0,Reading and Literature,"Fiction (novels, short stories, fantasy, science fiction)"
4ktl6qxwof,e27c5da5-556b-4c6b-a52c-5996a66dcdd0,Travel and Exploration,Cruise vacations and sailing adventures
ecn4llyim8,e27c5da5-556b-4c6b-a52c-5996a66dcdd0,Travel and Exploration,Backpacking and adventure travel
oj259l7hty,da0e9a7a-85b3-46b8-9bf8-37f2b7fac69d,Travel and Exploration,Ecotourism and sustainable travel
beco2wic6h,da0e9a7a-85b3-46b8-9bf8-37f2b7fac69d,Reading and Literature,Literary analysis and book discussions
dg5v5u5bx0,28b1a9f3-fa88-4856-83e5-08e32984df79,Travel and Exploration,Road trips and exploring scenic routes
hjc9s6u6s8,28b1a9f3-fa88-4856-83e5-08e32984df79,Health and Wellness,Yoga retreats wellness tourism
6p4skppy1q,4f438c77-8520-494f-92e1-e425e68a534f,Reading and Literature,Audio books and storytelling podcasts
8rf4k91y95,4f438c77-8520-494f-92e1-e425e68a534f,Travel and Exploration,Ecotourism and sustainable travel
wtxxxmme6k,4f438c77-8520-494f-92e1-e425e68a534f,Travel and Exploration,Visiting new countries and cultures
nkw0p82eeg,b936ee96-8632-462a-ada6-9d4d533b434d,Health and Wellness,Holistic health practices (acupuncture herbalism)
kneby4d4eu,b936ee96-8632-462a-ada6-9d4d533b434d,Health & Wellness,Nutrition planning meal prepping
xdjhbdh0t9,b936ee96-8632-462a-ada6-9d4d533b434d,Outdoor Activities,Hiking and nature walks
9qtyg84eav,befa5b7f-8fa5-462b-afc3-3dba0e8000c9,Health and Wellness,Holistic health practices (acupuncture herbalism)
t1xrvvc8ze,befa5b7f-8fa5-462b-afc3-3dba0e8000c9,Health and Wellness,Fitness obstacle course races
g4zkoyzvhf,58aad0a8-4bb7-465c-a227-0208d36ac8d5,Travel and Exploration,Cruise vacations and sailing adventures
cmpy693rmx,b11dff27-27cc-4b5f-b628-39ac0ae923b5,Health & Wellness,Nutrition planning meal prepping
w1jky3de3v,b11dff27-27cc-4b5f-b628-39ac0ae923b5,Reading and Literature,"Poetry and poetic forms (haiku, sonnets, free verse)"
jm4icf9e01,b11dff27-27cc-4b5f-b628-39ac0ae923b5,Outdoor Activities,"Camping (tent camping, RV camping)"
kpjs8rnihl,a579a105-a7af-4d8f-8df0-e41e2e49a8b1,Travel and Exploration,Road trips and exploring scenic routes
7d0xu981sx,7ba1befc-e4d6-4cc9-ba5a-178a50afefd6,Travel and Exploration,Ecotourism and sustainable travel
y2i1rv5dzh,7ba1befc-e4d6-4cc9-ba5a-178a50afefd6,Health and Wellness,Practicing mindfulness meditation
t56spl3int,7ba1befc-e4d6-4cc9-ba5a-178a50afefd6,Travel and Exploration,Visiting new countries and cultures
ulrixy6x5p,4cfd4f4b-0fbf-43c2-bd1e-3954ec4d1cdf,Reading and Literature,"Fiction (novels, short stories, fantasy, science fiction)"
l3i6lr0lkr,4d748b14-f240-48ca-a05a-50c9e4ff0d62,Outdoor Activities,Hiking and nature walks
v7chbebu6r,a83c52a2-f547-4fcd-aa6d-a193cb2866fb,Health and Wellness,Yoga retreats wellness tourism
56cvb1pndv,b31f113b-afdd-4355-b447-64da974445a1,Health & Wellness,Nutrition planning meal prepping
15cymwiybb,b31f113b-afdd-4355-b447-64da974445a1,Travel and Exploration,Backpacking and adventure travel
namakyjbmq,b5b08c71-0530-48e6-908a-9dc8d605458d,Outdoor Activities,"Camping (tent camping, RV camping)"
e3wqp4343u,a1324167-56ea-41a4-9a19-053bdb057d12,Travel and Exploration,Ecotourism and sustainable travel
1lcs7949mi,f8674325-0325-4d58-b81e-7dfe6ec64dfb,Reading and Literature,Audio books and storytelling podcasts
5uep5wqy6p,a1ec5cf6-d265-41b3-a4d6-13a49c0a8f51,Health and Wellness,Fitness obstacle course races
3v9aolb6r4,a1ec5cf6-d265-41b3-a4d6-13a49c0a8f51,Reading and Literature,Literary analysis and book discussions
kyn6b5z83k,a1ec5cf6-d265-41b3-a4d6-13a49c0a8f51,Health and Wellness,Yoga retreats wellness tourism
pl3mgg3p8l,c1dc90fd-e3e7-46d3-831f-8d61f26f4cf3,Reading and Literature,Literary analysis and book discussions
yf7o9lyfrm,afdc65e6-8168-47bf-a7a6-1d52b55574c3,Reading and Literature,"Fiction (novels, short stories, fantasy, science fiction)"
9t324yykp6,afdc65e6-8168-47bf-a7a6-1d52b55574c3,Travel and Exploration,Cruise vacations and sailing adventures
l7u38c09ow,afdc65e6-8168-47bf-a7a6-1d52b55574c3,Travel and Exploration,Ecotourism and sustainable travel
5s8wxfjwqa,c5c1f02c-e225-4743-9687-5711d1000211,Reading and Literature,Audio books and storytelling podcasts
pomq564dzf,d646f8c2-982e-4496-828f-7a20b3760272,Reading and Literature,"Poetry and poetic forms (haiku, sonnets, free verse)"
de84lxrxxx,ae500cd5-1cd6-4bb8-b33f-83aa2a837ca1,Travel and Exploration,Visiting new countries and cultures
dqx0cswwt6,ae500cd5-1cd6-4bb8-b33f-83aa2a837ca1,Reading and Literature,Reading challenges and book clubs
qo0w6uoji9,f4fae78e-c1da-45eb-9dbb-b82747ab2ed2,Health and Wellness,Yoga retreats wellness tourism
fei0b7ooa2,f4fae78e-c1da-45eb-9dbb-b82747ab2ed2,Reading and Literature,"Fiction (novels, short stories, fantasy, science fiction)"
or3zmh2hoz,f4fae78e-c1da-45eb-9dbb-b82747ab2ed2,Travel and Exploration,Visiting new countries and cultures
j9ea1kouhj,f192c0b6-d402-42e9-8b1f-186f993864a1,Health and Wellness,Holistic health practices (acupuncture herbalism)
1rcvpeebkn,d2f5c7c6-e70c-4407-9fad-18007c933ca9,Travel and Exploration,Road trips and exploring scenic routes
144y40but3,d2f5c7c6-e70c-4407-9fad-18007c933ca9,Travel and Exploration,Backpacking and adventure travel
yc5yyiku7f,d2f5c7c6-e70c-4407-9fad-18007c933ca9,Reading and Literature,"Fiction (novels, short stories, fantasy, science fiction)"
pwu7gu4s4o,ebefd26c-477e-480c-a167-78e5fbd6d4da,Health & Wellness,Nutrition planning meal prepping
hmyhurzplb,ebefd26c-477e-480c-a167-78e5fbd6d4da,Health and Wellness,Fitness obstacle course races
cs0zo6ffm7,ebefd26c-477e-480c-a167-78e5fbd6d4da,Reading and Literature,"Fiction (novels, short stories, fantasy, science fiction)"
il9r39d3nf,656db031-4b53-4d6c-ab60-a008ad0e1b33,Travel and Exploration,Road trips and exploring scenic routes
g2i8ii5944,656db031-4b53-4d6c-ab60-a008ad0e1b33,Health and Wellness,Holistic health practices (acupuncture herbalism)
hvjwox8xfl,4ebb4c23-dbd5-4257-8b30-dac260df4174,Travel and Exploration,Road trips and exploring scenic routes
1y8z4ne82t,4ebb4c23-dbd5-4257-8b30-dac260df4174,Health and Wellness,Holistic health practices (acupuncture herbalism)
aqada4c15p,8057511f-90a8-435a-bd6f-71ca429a1396,Outdoor Activities,"Camping (tent camping, RV camping)"
keol6tdq8m,8057511f-90a8-435a-bd6f-71ca429a1396,Health & Wellness,Nutrition planning meal prepping
5zcgt1aw1r,eaadf81e-7b37-4231-92df-1878e8658235,Reading and Literature,Literary analysis and book discussions
qxm6ho12p5,eaadf81e-7b37-4231-92df-1878e8658235,Travel and Exploration,Cruise vacations and sailing adventures
thkr0fu9di,4406f8c8-b5a1-475d-a01d-eff07eefcede,Reading and Literature,Audio books and storytelling podcasts
c9t4ginmw7,4406f8c8-b5a1-475d-a01d-eff07eefcede,Health and Wellness,Holistic health practices (acupuncture herbalism)
v2thad869l,53b6b352-d2e3-4cde-b142-d3289bb71949,Outdoor Activities,Wilderness survival skills
2s6gw1kuif,53b6b352-d2e3-4cde-b142-d3289bb71949,Health and Wellness,Practicing mindfulness meditation
zvdkebjj7e,46a36e9c-4f76-4c52-85a9-b78e1704eeee,Outdoor Activities,Hiking and nature walks
r1vp8opxal,46a36e9c-4f76-4c52-85a9-b78e1704eeee,Travel and Exploration,Cruise vacations and sailing adventures
ydbnr0kjv9,8e477cf9-508b-4b37-ad9f-dbd5a590edb8,Outdoor Activities,Wilderness survival skills
e3k6aws07u,8e477cf9-508b-4b37-ad9f-dbd5a590edb8,Health and Wellness,Fitness obstacle course races
u5fjbc0o3u,a367cb43-42f5-4655-995f-681bb6eb55e9,Health and Wellness,Fitness obstacle course races
uren2glpbb,dd11be37-f080-4c25-8156-06fce3f1af19,Health and Wellness,Yoga retreats wellness tourism
b1nlkgau7x,dd11be37-f080-4c25-8156-06fce3f1af19,Reading and Literature,"Non-fiction (biographies, history, self-help, psychology)"
9q61my4m9d,dd11be37-f080-4c25-8156-06fce3f1af19,Travel and Exploration,Road trips and exploring scenic routes
a76ivf2a1l,99c43c15-49d9-43d9-ac73-06b949567b10,Reading and Literature,"Poetry and poetic forms (haiku, sonnets, free verse)"
5hl9g07v7o,99c43c15-49d9-43d9-ac73-06b949567b10,Reading and Literature,Literary analysis and book discussions
re3qbqiea0,4082bb0d-deab-460c-aa28-325641cb2156,Reading and Literature,Audio books and storytelling podcasts
m9x38uu7l9,4082bb0d-deab-460c-aa28-325641cb2156,Reading and Literature,Literary analysis and book discussions
8sn18e03cs,871dba56-c9f0-49e0-a996-e23908c168ce,Reading and Literature,"Non-fiction (biographies, history, self-help, psychology)"
ossma9kqoe,871dba56-c9f0-49e0-a996-e23908c168ce,Travel and Exploration,Road trips and exploring scenic routes
f71k5s3utj,871dba56-c9f0-49e0-a996-e23908c168ce,Outdoor Activities,Hiking and nature walks
ctxlxldxt8,420ad0de-9c2c-4697-b698-c5d3399eb306,Health and Wellness,Holistic health practices (acupuncture herbalism)
lkvu720cq0,9b7713f5-2197-4b99-9e14-56d8904377d5,Outdoor Activities,Wilderness survival skills
2zv1iwupnu,9b7713f5-2197-4b99-9e14-56d8904377d5,Travel and Exploration,Visiting new countries and cultures
nhm9fnttbk,9b7713f5-2197-4b99-9e14-56d8904377d5,Travel and Exploration,Cruise vacations and sailing adventures
qb20ni4k0x,d83f274b-b3d3-4ccf-a0e2-d73e92fe06e7,Reading and Literature,Audio books and storytelling podcasts
qbw843povt,d83f274b-b3d3-4ccf-a0e2-d73e92fe06e7,Health and Wellness,Holistic health practices (acupuncture herbalism)
09yte37mty,d83f274b-b3d3-4ccf-a0e2-d73e92fe06e7,Outdoor Activities,"Camping (tent camping, RV camping)"
0lpwpnii0i,5f8a6ea4-f0a2-4b98-bbbc-3503bb1d120f,Health and Wellness,Holistic health practices (acupuncture herbalism)
cig95jbahc,5f8a6ea4-f0a2-4b98-bbbc-3503bb1d120f,Reading and Literature,Audio books and storytelling podcasts
ojxk2mdqu1,ec0b662c-4bbb-4eb0-af18-73222ea2992d,Outdoor Activities,Hiking and nature walks
oqfg0mxr5n,ec0b662c-4bbb-4eb0-af18-73222ea2992d,Reading and Literature,Literary analysis and book discussions
kmrvgl7cww,ec0b662c-4bbb-4eb0-af18-73222ea2992d,Health and Wellness,Yoga retreats wellness tourism
iazdw2tpni,b8c53187-e03d-4b49-898c-50243a201d48,Health and Wellness,Practicing mindfulness meditation
4uns1q794z,b8c53187-e03d-4b49-898c-50243a201d48,Health and Wellness,Holistic health practices (acupuncture herbalism)
dy57bh8jq7,b8c53187-e03d-4b49-898c-50243a201d48,Health and Wellness,Fitness obstacle course races
t4l75pgco7,3b7b9138-780e-41c6-8cba-32b3b95c5136,Travel and Exploration,Visiting new countries and cultures
z3u3ac1opa,3b7b9138-780e-41c6-8cba-32b3b95c5136,Reading and Literature,Audio books and storytelling podcasts
uhha0qyqxz,e13680fd-0548-4a90-bc2f-506ec5ae7c18,Reading and Literature,"Fiction (novels, short stories, fantasy, science fiction)"
2ipezrcl20,e13680fd-0548-4a90-bc2f-506ec5ae7c18,Outdoor Activities,Hiking and nature walks
14uomdzl21,0b6beb5b-9df9-46a1-a46b-4235e2d840f1,Reading and Literature,Literary analysis and book discussions
2f2vw6qtqh,0b6beb5b-9df9-46a1-a46b-4235e2d840f1,Reading and Literature,Audio books and storytelling podcasts
1ic3oojxfb,8194f57a-0884-4f34-89e8-a285644d8cf9,Outdoor Activities,Hiking and nature walks
8le33r7mzv,8194f57a-0884-4f34-89e8-a285644d8cf9,Reading and Literature,"Fiction (novels, short stories, fantasy, science fiction)"
lmjq2l957x,450d44bc-f85c-49e9-8dbe-b45cc228af5e,Reading and Literature,Reading challenges and book clubs
v21xhuywzk,450d44bc-f85c-49e9-8dbe-b45cc228af5e,Reading and Literature,"Poetry and poetic forms (haiku, sonnets, free verse)"
xnoba4ej2s,450d44bc-f85c-49e9-8dbe-b45cc228af5e,Health and Wellness,Practicing mindfulness meditation
f8qidtnfj2,a33a4941-cb8c-4b0c-93ee-08ed95ce6693,Reading and Literature,Audio books and storytelling podcasts
0rl7wwr98g,a33a4941-cb8c-4b0c-93ee-08ed95ce6693,Outdoor Activities,Wilderness survival skills
pr9746r6eh,a33a4941-cb8c-4b0c-93ee-08ed95ce6693,Travel and Exploration,Ecotourism and sustainable travel
92ni3vrj53,5e244042-2a1b-465a-9fda-40a65de7dc68,Reading and Literature,Audio books and storytelling podcasts
asmq5ba1h5,6dadfd7b-0ff1-4d47-8750-17b4fbcbbc87,Reading and Literature,"Non-fiction (biographies, history, self-help, psychology)"
nxja7a0f8q,ce2087b2-3929-4186-aa1a-d382ea512fae,Travel and Exploration,Road trips and exploring scenic routes
3jtde2h2tz,ce2087b2-3929-4186-aa1a-d382ea512fae,Health and Wellness,Practicing mindfulness meditation
y9mzqgzt5e,ce2087b2-3929-4186-aa1a-d382ea512fae,Reading and Literature,Audio books and storytelling podcasts
j372kgc12v,dc222915-fcac-464c-8a37-5b7d289fec0c,Reading and Literature,"Fiction (novels, short stories, fantasy, science fiction)"
qat1ccmm1u,bfc7f96a-0536-4a55-a800-ef0234e2bf4c,Health and Wellness,Holistic health practices (acupuncture herbalism)
ctcg2jqzou,bfc7f96a-0536-4a55-a800-ef0234e2bf4c,Reading and Literature,"Fiction (novels, short stories, fantasy, science fiction)"
rwqzqv9ua9,bfc7f96a-0536-4a55-a800-ef0234e2bf4c,Outdoor Activities,Wilderness survival skills
oblsd1ho52,70e4a70d-9c73-4cd1-8bb9-88217c4b214e,Reading and Literature,"Non-fiction (biographies, history, self-help, psychology)"
9h90qjpwh9,cba0f848-bbe4-482e-bfba-7a77f6bf6646,Health and Wellness,Yoga retreats wellness tourism
qd8a16sh3s,cba0f848-bbe4-482e-bfba-7a77f6bf6646,Health and Wellness,Practicing mindfulness meditation
853yasl10g,8343fb23-b137-4f10-8431-f112916914b2,Health & Wellness,Nutrition planning meal prepping
209vaq4227,1937244a-3912-4e51-9247-f7178af1c7be,Travel and Exploration,Visiting new countries and cultures
cq7hmzra7g,1937244a-3912-4e51-9247-f7178af1c7be,Travel and Exploration,Road trips and exploring scenic routes
ukugalw3o6,308b4326-3f39-4acd-9ab7-9ec06ee2906f,Health and Wellness,Yoga retreats wellness tourism
bqfp67kn9s,308b4326-3f39-4acd-9ab7-9ec06ee2906f,Travel and Exploration,Ecotourism and sustainable travel
nehnac0hgx,652c3e1b-0b12-4469-a5ac-5b123617766e,Travel and Exploration,Backpacking and adventure travel
unciyl997q,652c3e1b-0b12-4469-a5ac-5b123617766e,Health and Wellness,Fitness obstacle course races
45artdpkxj,6e777950-54d2-436c-a069-57dd6731d473,Reading and Literature,"Poetry and poetic forms (haiku, sonnets, free verse)"
0o6ocg7lv9,6e777950-54d2-436c-a069-57dd6731d473,Travel and Exploration,Cruise vacations and sailing adventures
zvaytkun4c,30e1ca0b-5f92-4c48-9b6f-9e50a8347461,Travel and Exploration,Cruise vacations and sailing adventures
064556hkw0,62372212-29f8-4612-adcf-69c1cb51644d,Health and Wellness,Holistic health practices (acupuncture herbalism)
382hc2jpy0,62372212-29f8-4612-adcf-69c1cb51644d,Travel and Exploration,Visiting new countries and cultures
ftsmyu3wyu,62372212-29f8-4612-adcf-69c1cb51644d,Reading and Literature,Audio books and storytelling podcasts
h36647xzyu,eac0337c-0285-4b7b-85e2-4c0bf6db1dce,Reading and Literature,Audio books and storytelling podcasts
bkzngdoxto,eac0337c-0285-4b7b-85e2-4c0bf6db1dce,Reading and Literature,Reading challenges and book clubs
fy487ei7e5,a0bb9600-8861-41ed-a92b-c5e83d88e1ab,Travel and Exploration,Ecotourism and sustainable travel
j3esm8ruet,824fc3ba-f6dc-430b-82d2-c92eef22bccb,Outdoor Activities,Hiking and nature walks
b6to05c2rm,824fc3ba-f6dc-430b-82d2-c92eef22bccb,Travel and Exploration,Urban exploration and historical tours
9aags538t2,e50c537a-a003-451b-ab4d-ca47db4efc55,Travel and Exploration,Cruise vacations and sailing adventures
pw2u4ccukn,4e6acaba-d49f-4d5a-b6a3-830796cb1fb2,Travel and Exploration,Road trips and exploring scenic routes
amf2cmplq7,f0d9bed1-8942-4f68-8ecd-3dd0fcf75882,Reading and Literature,Audio books and storytelling podcasts
blfhar3zf2,4b4f894c-905d-41e7-878b-1a9e84237dc9,Travel and Exploration,Backpacking and adventure travel
blnnm0zdx4,4b4f894c-905d-41e7-878b-1a9e84237dc9,Travel and Exploration,Road trips and exploring scenic routes
dngn56enjz,4b4f894c-905d-41e7-878b-1a9e84237dc9,Reading and Literature,"Fiction (novels, short stories, fantasy, science fiction)"
2u4lejqeyt,e174d44e-4cc5-4a14-bef8-245d3155ecf9,Outdoor Activities,Hiking and nature walks
x64evdjusv,79d37ebf-dfe7-43a1-96ab-fb99154550c7,Health and Wellness,Fitness obstacle course races
8z9hylzoef,ca29c124-866f-4f09-b5f9-03885f5babb9,Travel and Exploration,Urban exploration and historical tours
0c75rsrhwj,ca29c124-866f-4f09-b5f9-03885f5babb9,Health and Wellness,Practicing mindfulness meditation
ddkzw4s01g,ca29c124-866f-4f09-b5f9-03885f5babb9,Outdoor Activities,"Camping (tent camping, RV camping)"
7g9rlbk8tw,5aa9674a-cc4e-4cb9-a115-e65b515ca3e9,Reading and Literature,Audio books and storytelling podcasts
tzsohpbyq5,5aa9674a-cc4e-4cb9-a115-e65b515ca3e9,Travel and Exploration,Visiting new countries and cultures
kgr0jhi3dv,5aa9674a-cc4e-4cb9-a115-e65b515ca3e9,Outdoor Activities,Hiking and nature walks
oeqbdqocvr,5422a619-8c00-48c8-a635-df3fbe100373,Outdoor Activities,Wilderness survival skills
776o1oli9r,0bb41e3b-7359-424f-b644-945ecc019b7e,Reading and Literature,Reading challenges and book clubs
2qxqvrj4bq,0bb41e3b-7359-424f-b644-945ecc019b7e,Health and Wellness,Practicing mindfulness meditation
nmq630etmz,0bb41e3b-7359-424f-b644-945ecc019b7e,Travel and Exploration,Cruise vacations and sailing adventures
aaf4i39aes,6600e210-ea7b-4568-b135-4ccb8403d3ac,Reading and Literature,Reading challenges and book clubs
ujwy2mp2f6,6600e210-ea7b-4568-b135-4ccb8403d3ac,Reading and Literature,Audio books and storytelling podcasts
2yv8n9eamn,e09a13af-7fc5-4fa5-8524-f978fdc22f1a,Reading and Literature,Reading challenges and book clubs
cbdj6bwy57,e09a13af-7fc5-4fa5-8524-f978fdc22f1a,Travel and Exploration,Road trips and exploring scenic routes
0ne4x9yyzv,cdcfab01-aab3-4c54-a130-019575e98add,Travel and Exploration,Road trips and exploring scenic routes
roucwd6jk6,cdcfab01-aab3-4c54-a130-019575e98add,Outdoor Activities,"Camping (tent camping, RV camping)"
oe0ai5b4x1,cdcfab01-aab3-4c54-a130-019575e98add,Travel and Exploration,Backpacking and adventure travel
6vlv6h42uq,31ef152b-e2b7-4c0d-b244-34f0d2ab2c7c,Reading and Literature,Audio books and storytelling podcasts
gty70prgi8,31ef152b-e2b7-4c0d-b244-34f0d2ab2c7c,Travel and Exploration,Road trips and exploring scenic routes
e7pii26ylg,31ef152b-e2b7-4c0d-b244-34f0d2ab2c7c,Travel and Exploration,Visiting new countries and cultures
3jjvk3ywbm,3da61d27-cea9-4a4c-9c46-ba96abaa926e,Travel and Exploration,Urban exploration and historical tours
fvro5ryqg5,899e8b18-1f43-4ac1-98c5-93932d92f53f,Health and Wellness,Yoga retreats wellness tourism
shosqvv9u9,899e8b18-1f43-4ac1-98c5-93932d92f53f,Travel and Exploration,Road trips and exploring scenic routes
hums8xrnrz,899e8b18-1f43-4ac1-98c5-93932d92f53f,Health and Wellness,Holistic health practices (acupuncture herbalism)
s7v0mtdhaj,86ecc685-b5e5-4708-8b41-717a89ee32f7,Reading and Literature,"Poetry and poetic forms (haiku, sonnets, free verse)"
cle7oz9r1h,753dd4eb-cd0e-48eb-9ab1-9694f36d1fe1,Reading and Literature,"Poetry and poetic forms (haiku, sonnets, free verse)"
3abmb3w8ga,753dd4eb-cd0e-48eb-9ab1-9694f36d1fe1,Health and Wellness,Holistic health practices (acupuncture herbalism)
57j5tjo8zx,63b1ff75-692f-4101-af16-96c02d92a449,Reading and Literature,Reading challenges and book clubs
ddvxn9328s,63b1ff75-692f-4101-af16-96c02d92a449,Health and Wellness,Fitness obstacle course races
hwjdv6vgxo,63b1ff75-692f-4101-af16-96c02d92a449,Reading and Literature,"Poetry and poetic forms (haiku, sonnets, free verse)"
2np9fdjrox,18982ba5-26b5-4a7b-a589-18d90a80c9b6,Health and Wellness,Practicing mindfulness meditation
i7evkq3iki,10e1ef02-03fe-4e56-b660-62229ce21722,Reading and Literature,"Non-fiction (biographies, history, self-help, psychology)"
l5yomoi0hj,864df466-8d4a-47ff-a494-328e4138f200,Outdoor Activities,"Camping (tent camping, RV camping)"
wolaqphf05,864df466-8d4a-47ff-a494-328e4138f200,Health & Wellness,Nutrition planning meal prepping
wn19lo6zwq,0496be7b-16fc-4c98-b744-4158eab6da46,Travel and Exploration,Backpacking and adventure travel
g2y3fqvjzh,0496be7b-16fc-4c98-b744-4158eab6da46,Travel and Exploration,Visiting new countries and cultures
vchm9y969u,0496be7b-16fc-4c98-b744-4158eab6da46,Travel and Exploration,Cruise vacations and sailing adventures
cru9nqfyjo,816d11d7-1a47-4037-a48d-f625d931e058,Travel and Exploration,Cruise vacations and sailing adventures
9dfyhc6xls,816d11d7-1a47-4037-a48d-f625d931e058,Health and Wellness,Holistic health practices (acupuncture herbalism)
4qias6q1vy,1c815e5f-1ef9-4a96-ae87-1ddfdb57650f,Travel and Exploration,Visiting new countries and cultures
41d02ksw52,c3cd7028-227d-47f8-97ed-054b534a3cdf,Travel and Exploration,Urban exploration and historical tours
jl8hv7b5yu,e58267b4-95c5-4914-9b71-fb3749f8ad75,Travel and Exploration,Urban exploration and historical tours
xdlvrtj6hm,e58267b4-95c5-4914-9b71-fb3749f8ad75,Outdoor Activities,"Camping (tent camping, RV camping)"
1ktz79qpz6,e58267b4-95c5-4914-9b71-fb3749f8ad75,Reading and Literature,"Fiction (novels, short stories, fantasy, science fiction)"
c96v2y523o,2f5ce024-d518-466a-9b3a-f0b373c6f23c,Reading and Literature,Audio books and storytelling podcasts
ybr5vp2wsb,2417fa65-0562-424e-b1ff-2b0590ec7c28,Travel and Exploration,Visiting new countries and cultures
rijgyseqjr,2417fa65-0562-424e-b1ff-2b0590ec7c28,Health and Wellness,Yoga retreats wellness tourism
h5behs26ng,2417fa65-0562-424e-b1ff-2b0590ec7c28,Travel and Exploration,Urban exploration and historical tours
fybswdok8v,345a89ca-23f3-45f4-9237-4d435135c6e2,Travel and Exploration,Backpacking and adventure travel
r8ozj43g67,345a89ca-23f3-45f4-9237-4d435135c6e2,Travel and Exploration,Urban exploration and historical tours
boyjblfj3l,d9dfb3df-3b72-4db5-bd87-c589c08f674f,Reading and Literature,"Fiction (novels, short stories, fantasy, science fiction)"
aay05cvva5,d9dfb3df-3b72-4db5-bd87-c589c08f674f,Travel and Exploration,Visiting new countries and cultures
np2cc5n3ie,d9dfb3df-3b72-4db5-bd87-c589c08f674f,Reading and Literature,Audio books and storytelling podcasts
qdkl1jhwfr,3081ad3e-b963-4253-ac1f-42a0822036cf,Reading and Literature,"Poetry and poetic forms (haiku, sonnets, free verse)"
4tjlinyofp,3081ad3e-b963-4253-ac1f-42a0822036cf,Health and Wellness,Practicing mindfulness meditation
d6hp93upt3,3081ad3e-b963-4253-ac1f-42a0822036cf,Outdoor Activities,Hiking and nature walks
b8eo7bloiw,49032342-3eaf-4285-bf1e-69a4aeb4322a,Reading and Literature,Literary analysis and book discussions
kzfpzw5cnf,c4c2dd39-8e09-422d-b376-addf54c392bb,Health and Wellness,Yoga retreats wellness tourism
ohe79bjjp7,96673557-d4cc-472d-8dfe-66152db70cac,Reading and Literature,"Poetry and poetic forms (haiku, sonnets, free verse)"
d16ruirpte,96673557-d4cc-472d-8dfe-66152db70cac,Reading and Literature,Reading challenges and book clubs
jriy4yfkt9,96673557-d4cc-472d-8dfe-66152db70cac,Outdoor Activities,Wilderness survival skills
2zcyiloe1y,8b301228-bd1f-4ebb-9b47-2e85a7acfb25,Outdoor Activities,Wilderness survival skills
mqchfsxab0,c1b60a82-1a32-4da6-8139-86da295427ec,Health and Wellness,Fitness obstacle course races
seqoa4p80a,4f3bfcce-c376-4bcb-a8d2-be5c1f7742d7,Outdoor Activities,Wilderness survival skills
5a1j0pcf2i,955f0ade-074f-4393-b25a-b570d0313e9f,Reading and Literature,"Non-fiction (biographies, history, self-help, psychology)"
wasqppm4ff,955f0ade-074f-4393-b25a-b570d0313e9f,Travel and Exploration,Urban exploration and historical tours
e8new8bfa4,955f0ade-074f-4393-b25a-b570d0313e9f,Health and Wellness,Holistic health practices (acupuncture herbalism)
h75yybu1hv,afaaa1d1-77dc-4602-bdc2-95c2671ede81,Travel and Exploration,Backpacking and adventure travel
43trw52rsr,405975b3-353c-48f0-aa5e-78c05664b514,Reading and Literature,"Poetry and poetic forms (haiku, sonnets, free verse)"
6rwai90tw1,405975b3-353c-48f0-aa5e-78c05664b514,Travel and Exploration,Urban exploration and historical tours
yvn9hrazkm,405975b3-353c-48f0-aa5e-78c05664b514,Health and Wellness,Yoga retreats wellness tourism
yn57ctmrp2,ed00ad05-a679-4a2e-8e56-44a1a01b9363,Health and Wellness,Practicing mindfulness meditation
sij2rvoxho,07ba2820-2d0b-411c-9bc8-b02a8f3cbbf5,Travel and Exploration,Urban exploration and historical tours
679rof2mk6,07ba2820-2d0b-411c-9bc8-b02a8f3cbbf5,Outdoor Activities,Hiking and nature walks
stpy78n95s,ea639e03-1eee-4984-9dbe-d3381977c8a9,Outdoor Activities,Hiking and nature walks
2sahx9xjcb,015c2ed2-b249-4da9-bb78-c24bc01bfda8,Health and Wellness,Practicing mindfulness meditation
08hyr68pn8,996c3bf5-0985-4cf2-a122-a2cddc621774,Reading and Literature,"Non-fiction (biographies, history, self-help, psychology)"
0gkzra7aiw,996c3bf5-0985-4cf2-a122-a2cddc621774,Outdoor Activities,Hiking and nature walks
lf1cgew4xu,996c3bf5-0985-4cf2-a122-a2cddc621774,Outdoor Activities,"Camping (tent camping, RV camping)"
fj1c7t7424,88bfd87e-b40c-4911-90bb-5848217feaa1,Health and Wellness,Yoga retreats wellness tourism
01669yyfkj,88bfd87e-b40c-4911-90bb-5848217feaa1,Health and Wellness,Practicing mindfulness meditation
z3g7866zbz,88bfd87e-b40c-4911-90bb-5848217feaa1,Health & Wellness,Nutrition planning meal prepping
l4u39yczzy,3c1107e2-8968-4862-a6c5-1426fb0691f7,Travel and Exploration,Backpacking and adventure travel
s5unir5nil,2f682037-a568-495a-b7a1-1ea3412c62f5,Travel and Exploration,Ecotourism and sustainable travel
pcpsnrf4tq,2f682037-a568-495a-b7a1-1ea3412c62f5,Reading and Literature,Reading challenges and book clubs
dju9tko96b,179a078c-de8f-423b-b2c5-127c5ddfaa57,Reading and Literature,Reading challenges and book clubs
0mz6amchjw,61965c1a-c8c8-4f22-a1a5-7f09019c8779,Reading and Literature,"Poetry and poetic forms (haiku, sonnets, free verse)"
5gk94b6z7u,1a6b7642-1cf4-47e1-ac92-ae3c7dee34b4,Travel and Exploration,Backpacking and adventure travel
vpim1ckbtw,1a6b7642-1cf4-47e1-ac92-ae3c7dee34b4,Reading and Literature,"Non-fiction (biographies, history, self-help, psychology)"
zgxacf5iwe,650ae2fa-1154-4dfd-93b6-322fc8dc0aaa,Reading and Literature,"Fiction (novels, short stories, fantasy, science fiction)"
5rwi222z2j,650ae2fa-1154-4dfd-93b6-322fc8dc0aaa,Travel and Exploration,Backpacking and adventure travel
qf8xgkm7pe,650ae2fa-1154-4dfd-93b6-322fc8dc0aaa,Travel and Exploration,Urban exploration and historical tours
eun6d995pv,8a26a9e4-7864-4f1a-afed-af0a20b08a19,Outdoor Activities,Hiking and nature walks
x3si4g663t,6f6d7147-4993-4601-9888-7465137cef8f,Reading and Literature,Reading challenges and book clubs
iumc307ybp,6f6d7147-4993-4601-9888-7465137cef8f,Outdoor Activities,"Camping (tent camping, RV camping)"
oyruchmajx,6f6d7147-4993-4601-9888-7465137cef8f,Travel and Exploration,Urban exploration and historical tours
xuv1jb32jk,2b4d1634-1bb7-4d56-981b-16b714732f0c,Health and Wellness,Yoga retreats wellness tourism
ad2nz87z1n,2b4d1634-1bb7-4d56-981b-16b714732f0c,Travel and Exploration,Road trips and exploring scenic routes
ex3jdsbdvc,2b4d1634-1bb7-4d56-981b-16b714732f0c,Reading and Literature,Literary analysis and book discussions
mdg4xmtmo4,e27841c1-9aca-40ac-a1bd-6510b0a1e7dd,Health & Wellness,Nutrition planning meal prepping
ow6ikfzqk0,e27841c1-9aca-40ac-a1bd-6510b0a1e7dd,Outdoor Activities,"Camping (tent camping, RV camping)"
od2awktjhm,5a236741-58ff-437c-95db-34736ab8ef00,Outdoor Activities,Wilderness survival skills
ef5mp4r7xd,5a236741-58ff-437c-95db-34736ab8ef00,Outdoor Activities,"Camping (tent camping, RV camping)"
t2kao92n3v,e068b776-b700-4080-986d-1f25efed62c8,Travel and Exploration,Backpacking and adventure travel
l4xwq22em8,e068b776-b700-4080-986d-1f25efed62c8,Travel and Exploration,Visiting new countries and cultures
avncpfef6v,e068b776-b700-4080-986d-1f25efed62c8,Health & Wellness,Nutrition planning meal prepping
18x4yqqamp,25619f61-84e1-4542-a3b2-038b6431a49b,Outdoor Activities,"Camping (tent camping, RV camping)"
i33zdn8ohw,dd578375-7537-4b20-a939-ece4714c1d28,Travel and Exploration,Backpacking and adventure travel
0v6c3nwxfu,dd578375-7537-4b20-a939-ece4714c1d28,Reading and Literature,"Non-fiction (biographies, history, self-help, psychology)"
oqdee9ucfu,dd578375-7537-4b20-a939-ece4714c1d28,Reading and Literature,Reading challenges and book clubs
lygry063j8,8107af39-d3ec-482d-bc27-bbcac070e249,Travel and Exploration,Urban exploration and historical tours
b7nu18itjb,a49f3d1d-a2cc-4d6e-9841-297a7c36781d,Health and Wellness,Yoga retreats wellness tourism
vxaycrjnki,e08407a9-1d00-4e9b-a3ae-ebd28cc9bf36,Reading and Literature,Literary analysis and book discussions
2o7mpmdg64,e08407a9-1d00-4e9b-a3ae-ebd28cc9bf36,Health and Wellness,Holistic health practices (acupuncture herbalism)
zng1fj2dk4,bff02dfe-5389-4330-bc47-5871bd618812,Health and Wellness,Yoga retreats wellness tourism
3xxjqalekl,38e7717f-b462-4b58-992c-79b4f8e78b1b,Health and Wellness,Fitness obstacle course races
835l5sd07a,ff853704-6db1-42ff-86d9-f010f7716886,Travel and Exploration,Ecotourism and sustainable travel
yqvden73uz,ff853704-6db1-42ff-86d9-f010f7716886,Reading and Literature,Literary analysis and book discussions
js7fgdlro8,ff853704-6db1-42ff-86d9-f010f7716886,Health and Wellness,Fitness obstacle course races
eq1jbe2pvz,67260a9b-4a15-4dfb-9c52-c8882df6c63e,Travel and Exploration,Road trips and exploring scenic routes
ngyhlq9gu6,67260a9b-4a15-4dfb-9c52-c8882df6c63e,Outdoor Activities,Wilderness survival skills
bueudk6iua,f052624c-43e0-4088-b84d-a3b7ec01dc54,Outdoor Activities,"Camping (tent camping, RV camping)"
cdj0xkxxo1,2285f9a2-4005-4575-afa3-4626e87c2c6b,Travel and Exploration,Cruise vacations and sailing adventures
40di4a9iin,7ec1068d-cae3-42ef-9fb2-f48291f7eab0,Outdoor Activities,"Camping (tent camping, RV camping)"
rzlgm2bcwz,7ec1068d-cae3-42ef-9fb2-f48291f7eab0,Reading and Literature,"Non-fiction (biographies, history, self-help, psychology)"
vomk1ypzc4,189d3a9d-4aef-43b3-b840-7e6f23e3cdd2,Health and Wellness,Yoga retreats wellness tourism
f1l69808ha,189d3a9d-4aef-43b3-b840-7e6f23e3cdd2,Travel and Exploration,Cruise vacations and sailing adventures
syw29rcrqh,189d3a9d-4aef-43b3-b840-7e6f23e3cdd2,Reading and Literature,Reading challenges and book clubs
ye9uspa0hj,14651697-8629-4439-a39f-3782ebe4a17f,Travel and Exploration,Ecotourism and sustainable travel
3v7i0h54ti,14651697-8629-4439-a39f-3782ebe4a17f,Travel and Exploration,Visiting new countries and cultures
8m82d9hx1e,cbb2c2e8-a23d-4c73-92d9-f4f8d2bd2319,Travel and Exploration,Road trips and exploring scenic routes
oucxnugmgj,cbb2c2e8-a23d-4c73-92d9-f4f8d2bd2319,Travel and Exploration,Ecotourism and sustainable travel
yowsxzc3w0,5bf1d4e8-8915-43ad-b403-43b982f7a0de,Reading and Literature,Literary analysis and book discussions
jut7csfb7t,31178197-d467-41a4-a2ad-ff55c0eb362a,Outdoor Activities,Hiking and nature walks
evb3bx7e4c,57b62f77-e1e4-47d5-b41e-bf776ff8b59c,Health and Wellness,Practicing mindfulness meditation
r7wk3954h6,57b62f77-e1e4-47d5-b41e-bf776ff8b59c,Reading and Literature,Audio books and storytelling podcasts
0lskkevu52,57b62f77-e1e4-47d5-b41e-bf776ff8b59c,Travel and Exploration,Cruise vacations and sailing adventures
twsnwr10ps,c23e3d8d-7db3-4cc1-a4da-87a87209c30f,Reading and Literature,"Fiction (novels, short stories, fantasy, science fiction)"
yqigerrdh9,eb87508b-f4b7-471c-a18d-013d8779f1a9,Travel and Exploration,Ecotourism and sustainable travel
p7n1uybkcn,e57c544a-160a-4db0-9ef7-8c409f45d525,Outdoor Activities,Wilderness survival skills
wk9szfxeyc,e57c544a-160a-4db0-9ef7-8c409f45d525,Health and Wellness,Fitness obstacle course races
h51zwqlqej,923bd22b-12f5-4630-ab02-29c386695647,Travel and Exploration,Ecotourism and sustainable travel
qd9tqs7m40,453f42c0-c359-449d-bd34-f7b704f775f2,Reading and Literature,"Poetry and poetic forms (haiku, sonnets, free verse)"
it6qruknjd,453f42c0-c359-449d-bd34-f7b704f775f2,Health and Wellness,Holistic health practices (acupuncture herbalism)
hfz4oyuuil,453f42c0-c359-449d-bd34-f7b704f775f2,Reading and Literature,Reading challenges and book clubs
zd5ulwunyn,b6a78550-3642-49e9-828f-74f86c8fa6d1,Health and Wellness,Yoga retreats wellness tourism
victjfbppg,b6a78550-3642-49e9-828f-74f86c8fa6d1,Travel and Exploration,Visiting new countries and cultures
x0rhg4z6mj,81ceeebb-77ef-4f6e-a9a3-957bbbd463d6,Reading and Literature,"Fiction (novels, short stories, fantasy, science fiction)"
fmtzkp230c,81ceeebb-77ef-4f6e-a9a3-957bbbd463d6,Outdoor Activities,"Camping (tent camping, RV camping)"
3tjq8haibl,81ceeebb-77ef-4f6e-a9a3-957bbbd463d6,Travel and Exploration,Ecotourism and sustainable travel
qq8uypz2sz,821c1d20-8cf1-497e-924e-e859106c9fa2,Travel and Exploration,Road trips and exploring scenic routes
dhmc6q79k6,821c1d20-8cf1-497e-924e-e859106c9fa2,Travel and Exploration,Ecotourism and sustainable travel
ao4g6vaed9,b628f240-343f-4e34-9325-ec2a8f356a05,Health and Wellness,Yoga retreats wellness tourism
s6w4b48nvi,f0efc164-22cc-4aa3-a456-9fa10d70011e,Health and Wellness,Yoga retreats wellness tourism
2xh07dq962,f0efc164-22cc-4aa3-a456-9fa10d70011e,Reading and Literature,"Fiction (novels, short stories, fantasy, science fiction)"
0quybvno7v,cc80dd2c-7239-4612-84c8-40f9e131a70c,Health and Wellness,Practicing mindfulness meditation
sj5ku8diw0,cc80dd2c-7239-4612-84c8-40f9e131a70c,Health and Wellness,Fitness obstacle course races
v15s7yg00x,8d65c830-d49b-4775-9e0c-8d5a147d319d,Travel and Exploration,Backpacking and adventure travel
5j0sn6o0il,19209e14-434d-440e-acaa-9310d23b6f45,Health and Wellness,Fitness obstacle course races
4wwdtpbete,04346619-f18e-42eb-9374-d60fc94bf18d,Health and Wellness,Yoga retreats wellness tourism
bvua1djnrl,04346619-f18e-42eb-9374-d60fc94bf18d,Reading and Literature,Reading challenges and book clubs
afrf7dcebi,04346619-f18e-42eb-9374-d60fc94bf18d,Outdoor Activities,"Camping (tent camping, RV camping)"
th5d7zcpa1,633bfd40-4b6b-4030-9427-13303c15dc98,Outdoor Activities,"Camping (tent camping, RV camping)"
d3tdcwp0d2,633bfd40-4b6b-4030-9427-13303c15dc98,Reading and Literature,Audio books and storytelling podcasts
xo9okgc9v7,633bfd40-4b6b-4030-9427-13303c15dc98,Reading and Literature,Literary analysis and book discussions
tdf5jwqcfj,3ee8e075-960b-4bad-9285-a0b87422554b,Health and Wellness,Yoga retreats wellness tourism
yt0stv72kg,bb833c4f-f25c-4d3c-a564-6d194e7e0012,Health and Wellness,Yoga retreats wellness tourism
vmncsso7rd,beea4c63-dfd7-4603-b9d8-ec530af98c11,Reading and Literature,Literary analysis and book discussions
ukht4m5wgr,fb02ada2-e615-472a-ac15-654e4c78ffbf,Health and Wellness,Fitness obstacle course races
07yglh0c7c,fb02ada2-e615-472a-ac15-654e4c78ffbf,Reading and Literature,"Fiction (novels, short stories, fantasy, science fiction)"
uewam8aeb8,b1a1a1ed-10ca-4907-93a8-9f43a5d89ed0,Health and Wellness,Yoga retreats wellness tourism
o0ceg4paxq,b1a1a1ed-10ca-4907-93a8-9f43a5d89ed0,Travel and Exploration,Road trips and exploring scenic routes
f2ed813hyg,0b2d4489-0c42-4a0c-8861-a46c9a6a0555,Health and Wellness,Fitness obstacle course races
fpy44ws74u,0b2d4489-0c42-4a0c-8861-a46c9a6a0555,Travel and Exploration,Ecotourism and sustainable travel
qdpzjr8xij,af14b345-3671-4898-801a-937e4abc77b8,Health & Wellness,Nutrition planning meal prepping
ggim77ols6,71d0f278-a5ac-4d10-ad46-809ca9e48d3a,Reading and Literature,Literary analysis and book discussions
2hym1lgkq9,71d0f278-a5ac-4d10-ad46-809ca9e48d3a,Reading and Literature,Audio books and storytelling podcasts
4xb5cnjflk,71d0f278-a5ac-4d10-ad46-809ca9e48d3a,Reading and Literature,Reading challenges and book clubs
oosrbkzdge,450e5816-4a0c-49b2-a8d5-ffeabe1ac073,Travel and Exploration,Urban exploration and historical tours
may46414wm,afc6ed18-6abc-4072-bc63-809a716a1639,Reading and Literature,"Non-fiction (biographies, history, self-help, psychology)"
z3cpk01245,afc6ed18-6abc-4072-bc63-809a716a1639,Travel and Exploration,Visiting new countries and cultures
h6oo9rtwou,6355eb46-7f5f-4e4c-bd98-505a14d9ff8a,Travel and Exploration,Urban exploration and historical tours
4unfi8nc82,6355eb46-7f5f-4e4c-bd98-505a14d9ff8a,Reading and Literature,Audio books and storytelling podcasts
k4054twv7t,1debd7bd-d621-4005-a721-8895d7dafd87,Health and Wellness,Fitness obstacle course races
s8n98ggu4z,01170fce-33a9-44c3-8990-1891c89b08ab,Outdoor Activities,"Camping (tent camping, RV camping)"
l2cfnch32e,2852573c-f4bc-4907-8202-b5be8a0ccedc,Health and Wellness,Yoga retreats wellness tourism
k5haj39g1a,2852573c-f4bc-4907-8202-b5be8a0ccedc,Travel and Exploration,Backpacking and adventure travel
o6c0lppjtd,49ffc478-78ae-4ba1-a2c5-b77a3f7de45b,Outdoor Activities,Hiking and nature walks
32j7tb6cq2,49ffc478-78ae-4ba1-a2c5-b77a3f7de45b,Travel and Exploration,Backpacking and adventure travel
hx45w4id8e,304ea99a-2c46-4be8-a510-5f8138f65faf,Reading and Literature,"Fiction (novels, short stories, fantasy, science fiction)"
mou57g419y,304ea99a-2c46-4be8-a510-5f8138f65faf,Travel and Exploration,Urban exploration and historical tours
mfujyc2q9h,a73e1650-f132-4afd-8386-236dd8820d46,Reading and Literature,Audio books and storytelling podcasts
ynjwqyylle,1508a870-ce1d-443b-85ae-192cdc3531bc,Reading and Literature,"Poetry and poetic forms (haiku, sonnets, free verse)"
6hjhp52zup,1508a870-ce1d-443b-85ae-192cdc3531bc,Health and Wellness,Practicing mindfulness meditation
e9erurl6yy,69db4a94-2f02-4689-999c-5300dacf8d61,Travel and Exploration,Backpacking and adventure travel
giex6il6aq,69db4a94-2f02-4689-999c-5300dacf8d61,Reading and Literature,"Poetry and poetic forms (haiku, sonnets, free verse)"
451tkdaz20,019b7753-5b69-42be-9b68-9d11394df183,Travel and Exploration,Cruise vacations and sailing adventures
np8rvcudvp,019b7753-5b69-42be-9b68-9d11394df183,Outdoor Activities,"Camping (tent camping, RV camping)"
4tfbvz625q,019b7753-5b69-42be-9b68-9d11394df183,Health and Wellness,Yoga retreats wellness tourism
g250fuecer,4ef45869-4153-4e60-85d9-f53563b14c2d,Reading and Literature,"Poetry and poetic forms (haiku, sonnets, free verse)"
7g0az47uqa,eb0c7204-7de8-4be7-978b-0a0369ebf743,Travel and Exploration,Visiting new countries and cultures
jtybmtja1b,eb0c7204-7de8-4be7-978b-0a0369ebf743,Health and Wellness,Fitness obstacle course races
2am9im00az,eb0c7204-7de8-4be7-978b-0a0369ebf743,Outdoor Activities,Hiking and nature walks
1nmmwaorez,c32d3380-a6b3-416e-a283-8f7854443d50,Health & Wellness,Nutrition planning meal prepping
8htu22saje,c32d3380-a6b3-416e-a283-8f7854443d50,Outdoor Activities,"Camping (tent camping, RV camping)"
3ju47sffre,c32d3380-a6b3-416e-a283-8f7854443d50,Reading and Literature,Reading challenges and book clubs
rgxia8f4zs,959b918c-2a29-42c2-a73d-dd5cc91ce5e9,Travel and Exploration,Backpacking and adventure travel
nl17l67kah,959b918c-2a29-42c2-a73d-dd5cc91ce5e9,Travel and Exploration,Visiting new countries and cultures
s71v1a5io5,c59d7218-625c-4008-b959-57665a433f6b,Health and Wellness,Yoga retreats wellness tourism
mcsk7vpdd5,694986ab-fd3e-45bb-b093-7218d7c08813,Outdoor Activities,"Camping (tent camping, RV camping)"
ogfsqs06xi,694986ab-fd3e-45bb-b093-7218d7c08813,Travel and Exploration,Urban exploration and historical tours
9kqbk4ezbe,a3d6bbd3-14a9-4be5-b677-a015ecb68e84,Travel and Exploration,Backpacking and adventure travel
es51g63uzc,cce41020-05d5-4452-bb45-35a4203cb747,Health and Wellness,Holistic health practices (acupuncture herbalism)
c9ionuadza,cce41020-05d5-4452-bb45-35a4203cb747,Reading and Literature,Audio books and storytelling podcasts
w647pvbxg8,cce41020-05d5-4452-bb45-35a4203cb747,Health & Wellness,Nutrition planning meal prepping
k81ele0mmu,f18742c4-db8b-4efa-8cf1-469e1d6e356a,Reading and Literature,"Poetry and poetic forms (haiku, sonnets, free verse)"
kjv2p3wphj,44cb141f-df48-408e-ac9a-c5fdb66eb199,Travel and Exploration,Backpacking and adventure travel
ei7r2slkn6,44cb141f-df48-408e-ac9a-c5fdb66eb199,Outdoor Activities,Wilderness survival skills
6xt1ewtllr,f8668ca0-7feb-43f8-9d87-5b3ec975cd2c,Reading and Literature,Reading challenges and book clubs
o003p5q2ar,f8668ca0-7feb-43f8-9d87-5b3ec975cd2c,Travel and Exploration,Cruise vacations and sailing adventures
wszfeng2sa,55252131-49e7-4357-9859-fdf3ee86f7cd,Health and Wellness,Fitness obstacle course races
4idld0nc80,55252131-49e7-4357-9859-fdf3ee86f7cd,Reading and Literature,"Non-fiction (biographies, history, self-help, psychology)"
cvvgqcj6n7,78f11e9e-afc1-4a1c-9266-f3ee5e2d2933,Reading and Literature,"Poetry and poetic forms (haiku, sonnets, free verse)"
v7ff8bb1z5,17e03002-2a14-49ef-8595-68c8a02b0250,Outdoor Activities,Wilderness survival skills
8vfvhic3rt,17e03002-2a14-49ef-8595-68c8a02b0250,Health and Wellness,Yoga retreats wellness tourism
6fteb0mmde,17e03002-2a14-49ef-8595-68c8a02b0250,Reading and Literature,"Fiction (novels, short stories, fantasy, science fiction)"
pxdw6jpm6v,e736afea-97e2-4f65-b042-2f0f2b22407c,Health & Wellness,Nutrition planning meal prepping
www6fgezfw,e736afea-97e2-4f65-b042-2f0f2b22407c,Travel and Exploration,Visiting new countries and cultures
kcacmoloz8,e736afea-97e2-4f65-b042-2f0f2b22407c,Health and Wellness,Fitness obstacle course races
05fgaha0kg,7bbb6837-e9d8-4460-8d72-d54a504895e2,Reading and Literature,Reading challenges and book clubs
kasms8aut0,57af099f-7593-48fe-aff6-9219bf7bdd24,Reading and Literature,Reading challenges and book clubs
t62e88twjf,57af099f-7593-48fe-aff6-9219bf7bdd24,Travel and Exploration,Urban exploration and historical tours
eqejgfdb4r,c23cc544-5659-43b7-88d4-93de261ad429,Reading and Literature,Reading challenges and book clubs
3te5oxjfyy,c23cc544-5659-43b7-88d4-93de261ad429,Outdoor Activities,"Camping (tent camping, RV camping)"
x4wqk4qa3f,c23cc544-5659-43b7-88d4-93de261ad429,Travel and Exploration,Visiting new countries and cultures
rlvqdg18v9,dad66b35-abae-4363-b38b-b84e0bf7e086,Reading and Literature,"Non-fiction (biographies, history, self-help, psychology)"
8w5ouls6br,dad66b35-abae-4363-b38b-b84e0bf7e086,Health and Wellness,Practicing mindfulness meditation
jx54ooc2a8,3fa705aa-f883-4f7d-9e6b-9076be84ce43,Travel and Exploration,Urban exploration and historical tours
n9h3mkbx5i,8a54bd0b-54e1-41ff-8e15-d7b7b38b8a97,Outdoor Activities,Wilderness survival skills
ujpwqa6hqs,8a54bd0b-54e1-41ff-8e15-d7b7b38b8a97,Health and Wellness,Yoga retreats wellness tourism
