id,donor_id,interest_category,interest_name
gen_eb16cd64-48b3-4f4f-bb3a-3e3b0e7a3a4e,002ee4ed-6085-4969-9cf0-0776607ee397,Lifestyle,Music
gen_b5c07b03-ac72-4ec5-b8fd-c41099d093f3,002ee4ed-6085-4969-9cf0-0776607ee397,Nutrition,Meal Prep
gen_0e9df64a-68df-4fa9-b4bd-7b54c6226eed,003c374e-1358-471e-8f22-8a59276a0747,Wellness,Yoga
gen_1cecdfad-9b4b-44fb-81c0-043275325aef,003c374e-1358-471e-8f22-8a59276a0747,Leisure,Cooking
gen_ce3f5f6d-6398-491a-8040-509287340a4f,003c374e-1358-471e-8f22-8a59276a0747,Fitness,Cycling
gen_b798dbf4-4989-488d-a99f-332313f44059,004f1a5a-796e-4d24-92f5-663c0c7fb445,Hobbies,Gardening
gen_75ea021d-3cf1-4db1-a8c7-b3bb067caec1,004f1a5a-796e-4d24-92f5-663c0c7fb445,Nutrition,Meal Prep
gen_e0283f0b-f90c-458d-85bf-416c3e4ad836,00684172-e806-46da-9c17-eb839869ecc8,Fitness,Strength Training
gen_36362098-008a-4f44-b290-a194816ebe9e,00684172-e806-46da-9c17-eb839869ecc8,Nutrition,Vegan Diet
gen_bf09f425-5e4a-4370-8ce3-4e8a365a136f,006ced9f-89da-468a-9c8c-1a0ef98e8cd5,Lifestyle,Music
gen_c2a9a08d-caca-4f64-a37d-144b2a0e6be8,006ced9f-89da-468a-9c8c-1a0ef98e8cd5,Fitness,Running
gen_22dc4e36-5289-412a-a242-ab1936c15915,0093fcb3-b524-416f-b6fe-b8cae32d411a,Wellness,Yoga
gen_044ed2de-47ae-4f69-9c92-8098b849d0f3,0093fcb3-b524-416f-b6fe-b8cae32d411a,Lifestyle,Digital Detox
gen_3701e8d0-7670-4e30-8645-edfa38ea5d00,00b2744b-14d6-43a5-885d-232b3e4b7b0a,Lifestyle,Digital Detox
gen_2c9ef71b-a01a-42fe-8fbe-4aa1c53a546f,00b2744b-14d6-43a5-885d-232b3e4b7b0a,Wellness,Yoga
gen_8cc9aa43-ed2b-4dc1-9274-109f101b601f,00cba771-fb33-4590-a41e-b4140ec0c527,Wellness,Yoga
gen_5c379c6d-ab97-45cc-8f6d-805ba2cc53b1,00cba771-fb33-4590-a41e-b4140ec0c527,Lifestyle,Minimalism
gen_0ffef336-597a-49ad-8e97-b2aab6304d47,00cba771-fb33-4590-a41e-b4140ec0c527,Fitness,Strength Training
gen_2652f623-b654-4941-9af6-d7be47bdf2e7,00d3e7b9-a9c2-4fd5-b3bb-1440c6f2cbe9,Leisure,Reading
gen_ee51879c-6ae3-42be-aa61-c6cda8b5b516,00d3e7b9-a9c2-4fd5-b3bb-1440c6f2cbe9,Community,Volunteering
gen_0f4502ac-2108-41f4-aebb-1ada5b6701b4,00d3e7b9-a9c2-4fd5-b3bb-1440c6f2cbe9,Lifestyle,Music
gen_d4284771-1852-42f4-afdc-b2ad698e949d,00dfd0dd-b64f-42df-bf25-4eec7f829f6b,Nutrition,Meal Prep
gen_55118b7f-7e74-4279-ba1b-c49015d06011,00dfd0dd-b64f-42df-bf25-4eec7f829f6b,Nutrition,Vegan Diet
gen_b49f72de-b877-47bd-9c04-b0d861149344,0106a48c-dfb3-4b1c-baff-563f33269393,Wellness,Meditation
gen_b606c19e-21cb-47e1-9048-dd3c6155cb88,0106a48c-dfb3-4b1c-baff-563f33269393,Fitness,Cycling
gen_cd42af21-a5fe-47d9-8b36-aeec2faba8cc,0106a48c-dfb3-4b1c-baff-563f33269393,Wellness,Yoga
gen_6a003e25-8342-4405-b295-bcdae698695e,010c1b43-81e6-4cdc-8d78-a65acef426f5,Fitness,Running
gen_9b67e3cf-982e-4072-b7b3-5b3a2e0dec7c,010c1b43-81e6-4cdc-8d78-a65acef426f5,Leisure,Cooking
gen_34756f80-9163-4d35-911b-2e0f878b392e,010c1b43-81e6-4cdc-8d78-a65acef426f5,Nutrition,Vegan Diet
gen_fd58b3cc-950b-4cea-8802-d726a68cb9bc,010ccfd4-e940-4f1f-adb3-91f7d5f0bc27,Nutrition,Keto Diet
gen_3d7f3d87-aaed-4990-bb5b-7100ed841875,010ccfd4-e940-4f1f-adb3-91f7d5f0bc27,Community,Volunteering
gen_9b721432-1e6e-45e0-8cbb-4f7cf4f4bb4b,01170fce-33a9-44c3-8990-1891c89b08ab,Fitness,Strength Training
gen_b218a049-4471-480e-bc7b-42a6dc9e6ef1,01170fce-33a9-44c3-8990-1891c89b08ab,Wellness,Meditation
gen_76fb9979-062d-487b-92de-21ecb2f115b1,01170fce-33a9-44c3-8990-1891c89b08ab,Leisure,Reading
gen_e5b109d9-d8f5-441f-90a5-893e3f6c1cdb,015c2ed2-b249-4da9-bb78-c24bc01bfda8,Nutrition,Meal Prep
gen_be5c7330-ef43-4ba0-b606-191a4fdf4f10,015c2ed2-b249-4da9-bb78-c24bc01bfda8,Lifestyle,Minimalism
gen_236f31f0-7eef-4847-8932-2427401318e2,01642303-43b9-4565-b1ea-cff93eb2b335,Leisure,Cooking
gen_3ba3c0fa-10ba-4d6f-9755-952f2601c568,01642303-43b9-4565-b1ea-cff93eb2b335,Nutrition,Vegan Diet
gen_06d2cd41-8b42-4b1a-a9c0-15d76619b86c,0178e78b-ca2b-4c1d-8478-c54d654da361,Lifestyle,Digital Detox
gen_98251cd3-da60-4847-addd-615f17961656,0178e78b-ca2b-4c1d-8478-c54d654da361,Wellness,Meditation
gen_3eed9286-d7c3-40c4-a244-7ea2e2c13d3e,017aecc1-ec5b-44dc-a629-b78f64de6e68,Fitness,Strength Training
gen_515eb8a2-dc84-47ab-9b33-e3cc07feea8d,017aecc1-ec5b-44dc-a629-b78f64de6e68,Wellness,Yoga
gen_cd15ba69-9758-44c5-bf21-ebad2d16a7ae,017aecc1-ec5b-44dc-a629-b78f64de6e68,Nutrition,Meal Prep
gen_4858a926-e94e-48f0-a12b-d5812ac59447,017dafb9-2614-4e69-a87d-4444a55e83c9,Lifestyle,Music
gen_6debec0e-1250-43a9-8d48-ff4213127ce3,017dafb9-2614-4e69-a87d-4444a55e83c9,Hobbies,Gardening
gen_6cc1241a-08c2-4a3e-86b2-9b75fc375740,0199ebd2-5287-4cec-9f95-e93b7305a7a4,Leisure,Reading
gen_2e4afbce-2914-499c-a03d-4dc3c9527947,0199ebd2-5287-4cec-9f95-e93b7305a7a4,Wellness,Meditation
gen_bd0ea8b2-546f-4487-9242-abe653908e5a,019b7753-5b69-42be-9b68-9d11394df183,Community,Volunteering
gen_3f6064cd-265a-4d0a-a4b7-426c61724a14,019b7753-5b69-42be-9b68-9d11394df183,Wellness,Yoga
gen_b317ba98-4359-4515-a527-fd2d42567552,01d00b8f-8335-498e-9eba-5d8294235b03,Nutrition,Vegan Diet
gen_506f4762-23b5-4f86-b4f3-6df28a13f9f1,01d00b8f-8335-498e-9eba-5d8294235b03,Wellness,Meditation
gen_28daa6c2-e6bd-486a-b3ec-62b15bd3a531,01e97589-44e7-44d2-83ec-f215c6058414,Hobbies,Gardening
gen_34f2f59c-4a25-4597-b78e-313b48e91069,01e97589-44e7-44d2-83ec-f215c6058414,Community,Volunteering
gen_fc88f09b-bb68-468e-9696-0fee76d4f023,01e97589-44e7-44d2-83ec-f215c6058414,Nutrition,Keto Diet
gen_94e0e6a9-a65e-4c84-9057-8a867d191ca6,020e7cbc-2b2a-455f-8bfa-fa9e7156bc41,Nutrition,Keto Diet
gen_ceac769b-5241-4601-ab4c-d7d0d6e55e4c,020e7cbc-2b2a-455f-8bfa-fa9e7156bc41,Leisure,Cooking
gen_83fd7983-d7fc-4950-a890-af0618626e99,0213e574-1095-49cc-9c3d-388db5cce7f9,Hobbies,Gardening
gen_3bbeb91b-bb17-4909-8b18-4acf14ee0efc,0213e574-1095-49cc-9c3d-388db5cce7f9,Wellness,Meditation
gen_db4ee793-6937-4752-9d86-21904ddfdc8a,02220334-d27f-4b3f-bef7-639443a58d57,Fitness,Strength Training
gen_7c561c46-dfc4-47fd-9066-26a574082cfb,02220334-d27f-4b3f-bef7-639443a58d57,Hobbies,Gardening
gen_c4c77bd2-3568-436d-8ffe-4923042b2869,022cf4b6-2aff-494c-af73-bd4bf94f8475,Lifestyle,Digital Detox
gen_666f2f49-ca6f-41cc-8436-0ee0b7fe12f3,022cf4b6-2aff-494c-af73-bd4bf94f8475,Nutrition,Meal Prep
gen_49ece052-718d-48a6-8ae1-f907867708cf,024e3509-a54b-49b7-a351-3dc54163aa52,Fitness,Cycling
gen_8cd13ae5-3191-4ebf-887f-347b8087dfc7,024e3509-a54b-49b7-a351-3dc54163aa52,Lifestyle,Minimalism
gen_638d36c4-bc47-4a28-be6e-284540ff832c,02566141-6b8b-431a-be96-232fc318b69b,Wellness,Meditation
gen_02693fb6-3129-4554-8161-328452c6f3b6,02566141-6b8b-431a-be96-232fc318b69b,Hobbies,Gardening
gen_d032d93d-3869-4fd3-a1c8-976ad6c04618,02566141-6b8b-431a-be96-232fc318b69b,Nutrition,Meal Prep
gen_27582e6f-61ca-4352-8075-e6ce5ce631a5,0278342a-c105-42f1-a1a0-bae8531734c8,Hobbies,Gardening
gen_c116f034-4440-41f8-9a3c-aedab6bd846c,0278342a-c105-42f1-a1a0-bae8531734c8,Nutrition,Keto Diet
gen_6408baee-bb1e-4485-8ca9-022657bce613,02ab02f6-2bac-4a0d-bdc2-f84b166e3154,Wellness,Yoga
gen_738d8c34-8d5f-4189-8172-72a5ca0f9d4c,02ab02f6-2bac-4a0d-bdc2-f84b166e3154,Community,Volunteering
gen_4d45b44a-5870-42cb-a899-90d25b969538,02ab2c2c-de2d-43e0-9171-0a096c632b21,Leisure,Reading
gen_edc3e483-ec03-4e27-b5a5-61b0265f87ba,02ab2c2c-de2d-43e0-9171-0a096c632b21,Nutrition,Keto Diet
gen_daf164d6-fb7f-4409-b776-697d1d0db96f,032be5bb-852d-4ace-a3b4-ec7e72c75126,Wellness,Meditation
gen_ac2c7078-52db-4c76-bf5b-ed4d022980ae,032be5bb-852d-4ace-a3b4-ec7e72c75126,Fitness,Running
gen_f0b7ad29-76f6-4068-987a-1d1d4f85ef3c,032be5bb-852d-4ace-a3b4-ec7e72c75126,Wellness,Yoga
gen_cff4f936-ef70-4991-a129-fec9382fb0ff,0345bcfa-cc1d-4786-8c26-d52992b03849,Wellness,Yoga
gen_67595189-d045-496b-a50a-060b1c0a27c3,0345bcfa-cc1d-4786-8c26-d52992b03849,Hobbies,Gardening
gen_b83f6aaf-9226-4913-b197-a23641cd4123,0345bcfa-cc1d-4786-8c26-d52992b03849,Lifestyle,Minimalism
gen_a5972b98-e2b8-4caa-9189-4d58f2de1bb2,037be562-0921-4828-a51c-e788ce5e37ff,Leisure,Cooking
gen_aaeb3ddc-a6a2-44d6-a189-c93e5bd40232,037be562-0921-4828-a51c-e788ce5e37ff,Hobbies,Gardening
gen_d512f3fc-f420-4c88-ba7a-ad139ec73797,037be562-0921-4828-a51c-e788ce5e37ff,Lifestyle,Minimalism
gen_6aceea7b-5d8e-4689-9149-1568eba29c68,04346619-f18e-42eb-9374-d60fc94bf18d,Wellness,Meditation
gen_6620c11c-28dc-4d0a-9d43-b79278e32cbf,04346619-f18e-42eb-9374-d60fc94bf18d,Fitness,Cycling
gen_da4c7842-33f1-472e-ba0c-9cafb3fab278,044b5b1b-62da-4416-aafe-25ea04e084d8,Nutrition,Meal Prep
gen_48a7f72a-b9b0-46a1-8100-82b0a91b88df,044b5b1b-62da-4416-aafe-25ea04e084d8,Lifestyle,Digital Detox
gen_315ff759-b7f7-4532-97d9-390702fe836b,045eb9b0-29b3-4ba5-988a-6b04237c9875,Nutrition,Meal Prep
gen_31f00702-7c8e-4fd0-b261-ff84041bc55b,045eb9b0-29b3-4ba5-988a-6b04237c9875,Fitness,Strength Training
gen_08775cba-0699-4123-a9b3-f1a8b73ed11a,045eb9b0-29b3-4ba5-988a-6b04237c9875,Nutrition,Vegan Diet
gen_ff2c36e6-33c2-418b-8673-70b51f50c467,04765b66-2a12-4483-961c-b68158b78604,Nutrition,Keto Diet
gen_6c3d5944-46f3-46a8-a3fc-77df85a374ac,04765b66-2a12-4483-961c-b68158b78604,Wellness,Yoga
gen_87c6c761-0e2d-4dab-9fc7-93899785ceb4,04765b66-2a12-4483-961c-b68158b78604,Fitness,Cycling
gen_00ceb8e3-2334-4a2b-b58f-8a156b74dd6e,048326c0-b939-471c-9a6f-f80369497a2b,Fitness,Running
gen_6737ab35-60ff-451b-9025-36d06e8a9e51,048326c0-b939-471c-9a6f-f80369497a2b,Leisure,Reading
gen_5ebb6b75-321d-44a6-b7a3-05b6415859b7,048326c0-b939-471c-9a6f-f80369497a2b,Lifestyle,Music
gen_ce7c6966-6b8f-45cf-aee2-8d3aa2fc2ed4,0493bf09-1fff-465f-b3bc-e9733a8c0fad,Fitness,Cycling
gen_a2eafa69-72fa-43bf-9e48-72a51bf9c40c,0493bf09-1fff-465f-b3bc-e9733a8c0fad,Hobbies,Gardening
gen_dc04a127-768b-4b9b-9259-90976143d4e2,0496be7b-16fc-4c98-b744-4158eab6da46,Leisure,Reading
gen_2b723602-7303-4a15-9c05-94f270d32e5c,0496be7b-16fc-4c98-b744-4158eab6da46,Hobbies,Gardening
gen_363f4243-1648-4ae9-a500-9db6f8edc41d,04a78df8-917b-43af-af73-e76f78a0fb2e,Fitness,Strength Training
gen_e629d612-318b-44ef-b811-3f858fb6a5a4,04a78df8-917b-43af-af73-e76f78a0fb2e,Fitness,Running
gen_eafc9b2b-4029-4550-88ab-2ed3fd053763,04a78df8-917b-43af-af73-e76f78a0fb2e,Nutrition,Vegan Diet
gen_a23a5132-03cb-461c-a8be-eaa02eb28c54,05177781-6211-404b-ba5a-be47c96484eb,Fitness,Strength Training
gen_cf977381-c24b-485a-8830-a1263284e38e,05177781-6211-404b-ba5a-be47c96484eb,Lifestyle,Minimalism
gen_9be6e169-0ba5-4eb0-a3b7-99abcd910c42,05177781-6211-404b-ba5a-be47c96484eb,Lifestyle,Digital Detox
gen_4776b047-7268-4bea-874f-baa90e11b8da,0526a2c4-523c-4576-82d6-8390bb4195b0,Lifestyle,Digital Detox
gen_374e721f-95e0-4ebf-b419-291521bd7577,0526a2c4-523c-4576-82d6-8390bb4195b0,Community,Volunteering
gen_4fb9a82f-3699-4cc4-84cb-27f748459fff,0526a2c4-523c-4576-82d6-8390bb4195b0,Lifestyle,Music
gen_b7ee1940-cf53-4f01-a26d-a12d04201cf0,052a6deb-e5e3-4548-a7e6-3d9b82add0c7,Hobbies,Gardening
gen_ada3cf69-70a9-4fec-a777-891c7911f970,052a6deb-e5e3-4548-a7e6-3d9b82add0c7,Lifestyle,Digital Detox
gen_ed4f688c-9e31-4c4b-8b48-dd93b3e20fd4,05620726-05e5-446e-b6f7-2ab3ba04c8af,Leisure,Reading
gen_aa81db83-d31f-4487-ac4a-8d58a060a262,05620726-05e5-446e-b6f7-2ab3ba04c8af,Hobbies,Gardening
gen_b36dd4cf-d560-4681-9e50-418ab195a030,05620726-05e5-446e-b6f7-2ab3ba04c8af,Nutrition,Keto Diet
gen_9a847b0b-bc67-4098-9664-1645ed7f642a,05772823-69a7-45c9-bd3a-beca07d3a481,Wellness,Meditation
gen_faf976ff-ac70-4999-a983-678ddbabbc80,05772823-69a7-45c9-bd3a-beca07d3a481,Nutrition,Vegan Diet
gen_b159cdf2-c269-45f6-9c69-78f5df5900db,05c72f13-f2ff-4d01-b68b-eb1dd3ac7468,Lifestyle,Minimalism
gen_1d288340-2ae7-4f2b-a5c5-8cfa7dfa1d3b,05c72f13-f2ff-4d01-b68b-eb1dd3ac7468,Lifestyle,Music
gen_22f5aafc-8d98-401c-aade-be2921996d77,05d13956-e1a5-4ff8-9204-2af2f626d2e7,Lifestyle,Digital Detox
gen_748eae14-ad9b-4c9c-ac9f-9ee04e3d7441,05d13956-e1a5-4ff8-9204-2af2f626d2e7,Leisure,Reading
gen_f51d4741-7d30-417d-9583-98958163c633,05d13956-e1a5-4ff8-9204-2af2f626d2e7,Fitness,Cycling
gen_0b444e72-1a92-4b54-97c2-1d3ce20621c7,05f4a56f-911e-452e-a64d-bfffa0051e2c,Community,Volunteering
gen_f8d55913-c588-493a-9e57-34d19778343a,05f4a56f-911e-452e-a64d-bfffa0051e2c,Hobbies,Gardening
gen_fd335dc7-5e98-43b2-ab26-bf15defe5124,06071549-207d-45e2-8da3-8465615dcc08,Community,Volunteering
gen_880adb13-93ba-4351-a0c9-b1ca7aea06a5,06071549-207d-45e2-8da3-8465615dcc08,Hobbies,Gardening
gen_3fba2d93-6af7-48ad-8be7-93d56ea876d9,06071549-207d-45e2-8da3-8465615dcc08,Lifestyle,Digital Detox
gen_83eda2a8-e57f-4dc2-9619-284703cb0f13,0609ae86-5c1f-41fd-acb5-2ddcd9efd0e1,Fitness,Cycling
gen_da708193-a948-4e75-bc96-ca09db4993ab,0609ae86-5c1f-41fd-acb5-2ddcd9efd0e1,Nutrition,Keto Diet
gen_3e6fa43e-1cb7-4a3a-bdc3-f7bf851d58c4,060bd9f8-b730-4977-806d-03e1dfe5cd42,Lifestyle,Digital Detox
gen_13d8a938-b3df-4b7e-9909-fef07b80994e,060bd9f8-b730-4977-806d-03e1dfe5cd42,Leisure,Reading
gen_56e69e4f-8965-4e7c-a344-aa265376af78,0611d350-4243-461b-ae77-857e2cf5e39e,Fitness,Strength Training
gen_282be6ab-04c1-4b92-8715-69e2443fc151,0611d350-4243-461b-ae77-857e2cf5e39e,Nutrition,Keto Diet
gen_46386c5e-93e4-4cc8-94f8-17e23f0a44da,0641295b-ce22-4d25-bd22-235a9c19808a,Lifestyle,Music
gen_2b6fbad9-238b-4132-a9d1-ed3c3b5678db,0641295b-ce22-4d25-bd22-235a9c19808a,Fitness,Running
gen_14bb9c49-42d8-46df-ad6e-691a4bd85829,0641295b-ce22-4d25-bd22-235a9c19808a,Nutrition,Keto Diet
gen_027701e3-d3ce-4fd2-a811-a7854cab5113,065c5194-b678-44dd-9df6-29101fa5d57b,Wellness,Yoga
gen_9faafdb2-2236-4d7f-9029-53fd978ef120,065c5194-b678-44dd-9df6-29101fa5d57b,Lifestyle,Music
gen_0c4f6618-09d2-4c92-ac9b-2035cabd6a9d,065c5194-b678-44dd-9df6-29101fa5d57b,Leisure,Cooking
gen_d0130042-a3d0-482f-8f0a-1813c5cdc6d1,067c7536-bbb2-4aa7-9b5f-7d50dc620a50,Fitness,Running
gen_4a4b4c75-56c0-4048-8b51-03fcaa7324d1,067c7536-bbb2-4aa7-9b5f-7d50dc620a50,Nutrition,Meal Prep
gen_ac90924c-0b25-4d01-bfa6-b9747f9014a8,068815af-4e70-447a-b267-8fb55972f649,Community,Volunteering
gen_78375754-f16d-4dcd-b617-5df093040fda,068815af-4e70-447a-b267-8fb55972f649,Fitness,Running
gen_f0ce262a-e271-47b7-9165-eea05ba3f6f9,068815af-4e70-447a-b267-8fb55972f649,Leisure,Reading
gen_27da6f3c-7222-4e5d-a9d4-5864fea5dd60,069081fa-e46f-47b7-aa16-619ad3671862,Fitness,Cycling
gen_ca9bcee3-a405-4d5c-962b-da58014198ee,069081fa-e46f-47b7-aa16-619ad3671862,Hobbies,Gardening
gen_68977a1e-3b94-47e0-bf19-a2fced7036f1,06b2c83a-8f99-4891-91ca-4279b310d78c,Lifestyle,Digital Detox
gen_dfabac23-2e68-4770-8d7d-76e6a41e9fb7,06b2c83a-8f99-4891-91ca-4279b310d78c,Fitness,Cycling
gen_cbbee713-fff3-458e-a897-3fb1b3e4eac7,06b2c83a-8f99-4891-91ca-4279b310d78c,Wellness,Meditation
gen_b118ff6c-1d21-45ac-8468-1e6be3ac3346,0718c6fe-b52e-4df5-b353-754a863ab27b,Wellness,Yoga
gen_deb46725-e04f-4111-8afb-c2eb9b772735,0718c6fe-b52e-4df5-b353-754a863ab27b,Lifestyle,Digital Detox
gen_cbf8adf1-3a70-44a4-80c0-538ab7f37600,0718c6fe-b52e-4df5-b353-754a863ab27b,Leisure,Reading
gen_3d990495-7ce7-4dff-bbc2-b0b2b76d146b,07338794-c8f2-464c-b29a-9f1722ff75a3,Nutrition,Meal Prep
gen_a375067e-3f79-450b-93fc-2a2b2c429574,07338794-c8f2-464c-b29a-9f1722ff75a3,Wellness,Meditation
gen_62b1cc9a-f3d4-4a61-b557-1354dcd60d7f,0748175f-9a12-4919-8233-33c7b187f869,Hobbies,Gardening
gen_53ef0aa5-68b1-4c34-a9dd-b510bcd86fc6,0748175f-9a12-4919-8233-33c7b187f869,Leisure,Cooking
gen_034d8b2e-4031-494f-b727-7839d2cee4db,0748175f-9a12-4919-8233-33c7b187f869,Nutrition,Keto Diet
gen_6ecea885-1b99-4c19-9e19-1d1c8e230823,077c848e-21dd-4f42-9209-bb7bf309722c,Leisure,Cooking
gen_a10b01e5-76af-4136-8547-d8b292bae891,077c848e-21dd-4f42-9209-bb7bf309722c,Lifestyle,Digital Detox
gen_770833c4-0173-4fa8-9962-026caad1ce8d,077c848e-21dd-4f42-9209-bb7bf309722c,Lifestyle,Minimalism
gen_63b6be1d-c5d3-4d80-9c12-36ae5efdf17c,07ba2820-2d0b-411c-9bc8-b02a8f3cbbf5,Wellness,Yoga
gen_a9b5c3e5-d8bc-468a-a025-7e3097c30073,07ba2820-2d0b-411c-9bc8-b02a8f3cbbf5,Leisure,Cooking
gen_50611cdf-49ae-4d12-85a4-d31212762a84,07c08a95-b20e-4c0c-a920-c478180d67f3,Nutrition,Keto Diet
gen_bb273014-f3a7-4dfa-b2fe-d47f5e998682,07c08a95-b20e-4c0c-a920-c478180d67f3,Lifestyle,Music
gen_d2ec13b5-4048-434a-9898-c709fa46f5b1,082ff939-d3a4-4410-b531-56ee76bdf63c,Fitness,Strength Training
gen_cd502ef2-2dcb-4735-b881-eedc3239a01b,082ff939-d3a4-4410-b531-56ee76bdf63c,Wellness,Yoga
gen_b58e84cb-0206-4554-82ae-28d9abf74531,083b4153-5acd-4bcc-9fe2-62b22a964279,Fitness,Running
gen_64769381-4b03-4ea3-a371-486246bc9a95,083b4153-5acd-4bcc-9fe2-62b22a964279,Nutrition,Meal Prep
gen_d549094c-933f-4c1c-847c-2b5990e65157,0850b612-3950-41e3-8ce0-11737d091b64,Wellness,Yoga
gen_08b53f66-a8d5-40ce-8989-c96f6c97f8e7,0850b612-3950-41e3-8ce0-11737d091b64,Fitness,Running
gen_5950d80e-569d-4af9-a0b8-15c148d34975,0859aa9f-b527-4dda-ab22-2b9f935444e5,Community,Volunteering
gen_f9c3db20-d740-4d53-addf-bab6107d2f55,0859aa9f-b527-4dda-ab22-2b9f935444e5,Nutrition,Keto Diet
gen_7f42762a-9f77-4a50-98c9-e9a1ee43547b,0880292e-7620-468e-8b64-2ac0c7eb23a0,Lifestyle,Digital Detox
gen_ec4e7f33-73f7-47c4-a1e0-a34219dc0701,0880292e-7620-468e-8b64-2ac0c7eb23a0,Wellness,Yoga
gen_7c341455-ef97-4b6e-9670-2668962a4be8,08b688ff-5974-463c-8d73-78b65024ed33,Hobbies,Gardening
gen_7b7e980b-0929-4816-8c53-31bf510759f9,08b688ff-5974-463c-8d73-78b65024ed33,Lifestyle,Minimalism
gen_5294f5f5-24f1-4d50-b286-e98c4f7d9d9b,08b688ff-5974-463c-8d73-78b65024ed33,Wellness,Yoga
gen_372ea4eb-e9bb-41b7-883b-84f6a07a3cff,08e6e9a2-5438-456c-881c-a42c597d8a40,Nutrition,Meal Prep
gen_992c4390-74ac-413e-97cf-01e70de6bca3,08e6e9a2-5438-456c-881c-a42c597d8a40,Fitness,Strength Training
gen_357e606d-b548-4926-a9ea-515d99910661,08ec7f35-6afd-44aa-8380-b5155d710f89,Wellness,Yoga
gen_342e55ad-2ca0-4cbb-b117-588468c41cfd,08ec7f35-6afd-44aa-8380-b5155d710f89,Leisure,Reading
gen_5d301f86-4da8-4fd8-8b71-0cee45e4619b,08ec7f35-6afd-44aa-8380-b5155d710f89,Lifestyle,Minimalism
gen_e725e709-f046-4dd6-a108-735095ad0188,094e4237-55bc-438a-af41-ef1259b44f0f,Wellness,Yoga
gen_edfe1f5d-20d1-4885-8bff-88d6bd8f7d28,094e4237-55bc-438a-af41-ef1259b44f0f,Fitness,Running
gen_31bb1806-a95c-447a-a37d-10fea8cd9b7d,094e4237-55bc-438a-af41-ef1259b44f0f,Community,Volunteering
gen_171532a7-c34a-4e7d-a407-165768ec29b8,095d853b-5ffa-4f29-9f51-7e0bfebbfc9a,Nutrition,Keto Diet
gen_121f2016-938d-41c2-b1ce-acd11d033f96,095d853b-5ffa-4f29-9f51-7e0bfebbfc9a,Nutrition,Vegan Diet
gen_8d735769-7d64-4e6f-a1a3-705245dc04d2,095d853b-5ffa-4f29-9f51-7e0bfebbfc9a,Community,Volunteering
gen_5ec81764-4dd6-43bc-bebe-79f9f5ced27e,09655322-124c-4513-8b6e-0b1f0060ea81,Community,Volunteering
gen_1a4d68dd-e658-487f-b110-ef6cb02533ec,09655322-124c-4513-8b6e-0b1f0060ea81,Nutrition,Meal Prep
gen_48bddfef-7b77-48e2-bd19-66bece74e199,09655322-124c-4513-8b6e-0b1f0060ea81,Lifestyle,Music
gen_8d91a735-4f85-491a-9d05-e464393adf15,096d9182-70c9-4066-b200-1f480c9c5c0e,Lifestyle,Music
gen_f5854589-19f8-4640-9bb2-2a7375d72880,096d9182-70c9-4066-b200-1f480c9c5c0e,Nutrition,Vegan Diet
gen_646d1927-ca31-49e5-8ef0-6307a63247e0,09bd34ec-e321-441d-b6c6-8b630adab478,Leisure,Reading
gen_f90581b2-1d6a-4c98-a6aa-c0ee5b666db7,09bd34ec-e321-441d-b6c6-8b630adab478,Community,Volunteering
gen_ae324e52-f7e5-4b52-8675-a0f4d378d169,09bd34ec-e321-441d-b6c6-8b630adab478,Fitness,Running
gen_12fbf2db-93f7-4dfc-af78-1c5a5ca096e0,09cc5a9d-b3eb-45c6-8203-f3293060a4ba,Wellness,Yoga
gen_8fba92c9-7a67-427b-87a2-23f09f3298e7,09cc5a9d-b3eb-45c6-8203-f3293060a4ba,Leisure,Cooking
gen_3fd52ce7-be9f-4bc3-b560-574519768c4e,09f6f90b-e8c9-4f8c-81e8-bec7f1f010e7,Fitness,Cycling
gen_2e732724-4692-473e-bf94-da5feef343a1,09f6f90b-e8c9-4f8c-81e8-bec7f1f010e7,Nutrition,Vegan Diet
gen_750da02c-e751-4bc9-a9a3-e9a2dd1da189,09f6f90b-e8c9-4f8c-81e8-bec7f1f010e7,Leisure,Cooking
gen_f5f007d9-3b65-4ccd-81cc-3e457656fb73,0a1b2bd4-a0b5-4294-a5b3-1f525f325114,Lifestyle,Minimalism
gen_cf97ac3b-ac2f-485b-a902-1a5032d54e6e,0a1b2bd4-a0b5-4294-a5b3-1f525f325114,Wellness,Yoga
gen_db4fe1ec-3ecf-47ec-a923-42c9ff4d1042,0a1b2bd4-a0b5-4294-a5b3-1f525f325114,Fitness,Running
gen_d462c66b-e282-4937-b810-89729c8a66ed,0a414243-d75b-40e2-b980-0ee52544dd21,Leisure,Reading
gen_8d4d84a8-7e82-49ce-8e68-091a11b0ab37,0a414243-d75b-40e2-b980-0ee52544dd21,Community,Volunteering
gen_0feeba3f-4a77-4ff3-9228-2f0143a60afb,0a414243-d75b-40e2-b980-0ee52544dd21,Lifestyle,Digital Detox
gen_018001a4-25c2-40fb-a8d1-b03eb47c5c4d,0a6bb360-9e2f-4814-833f-5918fdcd6525,Lifestyle,Music
gen_28ff7908-8ee2-4d4c-aa97-196cc211b768,0a6bb360-9e2f-4814-833f-5918fdcd6525,Hobbies,Gardening
gen_7688a59d-8a1b-4d9b-bcc2-44211a1ae0fa,0a6be1cc-6c67-42ac-a7e6-d550e33e3797,Fitness,Running
gen_57fd6484-0e9d-4cc8-92b5-e95af133843b,0a6be1cc-6c67-42ac-a7e6-d550e33e3797,Leisure,Reading
gen_2c919d28-6719-41e6-88b0-7d208c0582b5,0a7a7de1-80d3-43b8-9168-c7e595aae3f7,Fitness,Cycling
gen_2e4fca50-8f25-4bc5-b28e-96dcac1de978,0a7a7de1-80d3-43b8-9168-c7e595aae3f7,Nutrition,Vegan Diet
gen_5ee4e410-c626-4304-9bbd-25fd0a4def14,0a81c4d2-4bbb-4f9d-a53a-caf49d5821ce,Lifestyle,Minimalism
gen_dba283fe-e204-46e8-9d23-9893d82762c6,0a81c4d2-4bbb-4f9d-a53a-caf49d5821ce,Wellness,Yoga
gen_f944ad79-89f2-45c2-b48f-61cee76a2fdb,0a81c4d2-4bbb-4f9d-a53a-caf49d5821ce,Nutrition,Vegan Diet
gen_6b142905-faab-4c13-a0fc-ceea6d03b6ac,0a8b47e6-a7f1-4850-a8fa-45e412f2a360,Fitness,Cycling
gen_7791bd38-8042-4c99-90f2-daee8fa1b3df,0a8b47e6-a7f1-4850-a8fa-45e412f2a360,Nutrition,Vegan Diet
gen_a3838d19-420b-44e9-8e21-22a78ba5a020,0ad91275-dce9-492e-b6f5-330111a54564,Nutrition,Vegan Diet
gen_49e5e504-f6fb-42b2-bf89-8cae5c3004a9,0ad91275-dce9-492e-b6f5-330111a54564,Wellness,Meditation
gen_502f882e-9706-4e87-abf6-d4de3054b2b0,0b113918-d94f-40ee-b572-3b18a96579ce,Wellness,Meditation
gen_76782d44-3618-4a54-a9f3-8eba89eb37a0,0b113918-d94f-40ee-b572-3b18a96579ce,Nutrition,Vegan Diet
gen_b55dfb48-c43f-4d86-b63c-3913c38ddc84,0b113918-d94f-40ee-b572-3b18a96579ce,Nutrition,Meal Prep
gen_bd9d5092-4a81-4199-a71d-4dc9a7e75b15,0b1d32c9-a5bc-48fb-9bb2-897afc133a69,Fitness,Cycling
gen_747002b7-1ae8-44ab-88fe-852f978969aa,0b1d32c9-a5bc-48fb-9bb2-897afc133a69,Wellness,Yoga
gen_0da1d0e7-8a2c-48a7-ad27-f6db60de1bfc,0b1d32c9-a5bc-48fb-9bb2-897afc133a69,Wellness,Meditation
gen_eed84457-0694-4ed2-8b38-3934efd94da7,0b2d4489-0c42-4a0c-8861-a46c9a6a0555,Lifestyle,Music
gen_7404f102-e8f9-48c4-8938-f3bb04add117,0b2d4489-0c42-4a0c-8861-a46c9a6a0555,Fitness,Strength Training
gen_0ff41f04-0591-40ee-a145-578866a4cbe6,0b309f63-fa38-40af-a7df-3c4200a4aaa7,Nutrition,Meal Prep
gen_9a9a8cea-4a3f-40e4-8462-81efcda8218b,0b309f63-fa38-40af-a7df-3c4200a4aaa7,Nutrition,Keto Diet
gen_73c7c2fe-42a4-4ef7-9ec9-6173482f4119,0b3f7650-a98b-4350-ac57-585e86d1a27b,Lifestyle,Music
gen_3e9bf7ee-358c-4869-9cf6-59c7b2eb3776,0b3f7650-a98b-4350-ac57-585e86d1a27b,Fitness,Strength Training
gen_806c57c7-d07c-45a4-84f5-e61e46b15fd6,0b470338-548c-4ff3-84ec-b51dfb13c44f,Lifestyle,Digital Detox
gen_a07d25c0-de2c-4c60-8a74-e62ed09a8e65,0b470338-548c-4ff3-84ec-b51dfb13c44f,Community,Volunteering
gen_2b25561a-a38f-4f8f-a496-c70470f80175,0b470338-548c-4ff3-84ec-b51dfb13c44f,Leisure,Cooking
gen_b5e97bf5-ec51-408d-8daf-7a25883de7df,0b6beb5b-9df9-46a1-a46b-4235e2d840f1,Lifestyle,Music
gen_74c5bfbf-7502-4374-92b4-68cc618135ea,0b6beb5b-9df9-46a1-a46b-4235e2d840f1,Lifestyle,Digital Detox
gen_77aa36f3-47e0-4ded-98bf-6f7c1ecb0672,0b6d4819-16a3-4136-83ff-aaf69b07ee68,Community,Volunteering
gen_10465757-f38c-4463-ae5a-9d8657c389cb,0b6d4819-16a3-4136-83ff-aaf69b07ee68,Fitness,Cycling
gen_098de47e-d5e1-40ea-8a4e-b83c2a06e0a7,0b874b28-e3bc-4d1a-8664-7e06a33d833a,Fitness,Strength Training
gen_31bfb94c-6208-4c8b-a4fd-fafaaca13404,0b874b28-e3bc-4d1a-8664-7e06a33d833a,Fitness,Running
gen_b5bd509d-2df3-4b6c-8e8a-49f523efdb53,0bb41e3b-7359-424f-b644-945ecc019b7e,Nutrition,Vegan Diet
gen_3707ffed-66fd-46e7-8388-a3afdf4ebf5f,0bb41e3b-7359-424f-b644-945ecc019b7e,Fitness,Running
gen_6425be5c-741e-4d30-a212-262d7acf8bac,0bbffdb0-b3e5-452a-891d-43bc7501f262,Fitness,Strength Training
gen_21123268-c242-4129-bf72-9adba8107ee7,0bbffdb0-b3e5-452a-891d-43bc7501f262,Leisure,Cooking
gen_7d092324-3ef2-444f-bc43-7b25b79e3fe5,0bc74695-ed15-448e-a064-740f3206d009,Fitness,Strength Training
gen_e94fac30-79e3-4b3d-80c5-57d835c813e1,0bc74695-ed15-448e-a064-740f3206d009,Fitness,Running
gen_bca54030-1ac1-46a6-82a5-4f3c4a4f837c,0be5c044-3228-4950-aeeb-275ac2ccba31,Hobbies,Gardening
gen_1be770d4-fa82-458e-985d-fef162488746,0be5c044-3228-4950-aeeb-275ac2ccba31,Fitness,Strength Training
gen_1bffed8d-7dcf-4d48-b93d-14c96e5e43db,0be5c044-3228-4950-aeeb-275ac2ccba31,Community,Volunteering
gen_5a03ce3d-74e8-4920-b81e-b8a89080f27d,0c050158-6ab8-4a27-8793-e4e35c6dfe1c,Leisure,Cooking
gen_03aca043-6bfe-4569-88fc-74d9ac3904cf,0c050158-6ab8-4a27-8793-e4e35c6dfe1c,Wellness,Meditation
gen_d6eda4eb-1f97-4e1b-9616-ad7570612c26,0c050158-6ab8-4a27-8793-e4e35c6dfe1c,Wellness,Yoga
gen_b12e0190-0806-4b4c-9991-62a9ad683d2a,0c1def4f-0e4a-4e55-9f28-1d92864f3588,Wellness,Yoga
gen_d7844aa8-c146-4ada-aae9-99782b2f0844,0c1def4f-0e4a-4e55-9f28-1d92864f3588,Wellness,Meditation
gen_295d016f-f6cf-4409-8451-5810af6052c0,0c1def4f-0e4a-4e55-9f28-1d92864f3588,Nutrition,Vegan Diet
gen_13f95546-37bb-4e15-b6c6-3797113e0170,0c5539c4-61cd-4fb9-bd5e-e210e9e41af6,Hobbies,Gardening
gen_933b2b66-cd6d-44c5-99c0-dadfaea54225,0c5539c4-61cd-4fb9-bd5e-e210e9e41af6,Leisure,Cooking
gen_c471f6f4-0b36-415e-b818-c17d5cc036ec,0cbf2c03-c632-4ff5-ae37-e46ea7a2be7c,Lifestyle,Minimalism
gen_0b8d5845-628c-4bc5-811e-956c851afe12,0cbf2c03-c632-4ff5-ae37-e46ea7a2be7c,Nutrition,Keto Diet
gen_6ba68709-476a-4d83-a470-e1354b04d220,0cbf2c03-c632-4ff5-ae37-e46ea7a2be7c,Leisure,Reading
gen_67940ef6-7cf9-4780-aef2-a0b6f3734f80,0ccde19e-d62c-4c13-a5ef-5fd265a090ea,Lifestyle,Music
gen_4d14ae38-88ff-467d-a252-9e568e9d7da5,0ccde19e-d62c-4c13-a5ef-5fd265a090ea,Lifestyle,Minimalism
gen_5bfba247-6c64-42c3-957e-f82c6e84deab,0cd47a3a-4503-45bb-802c-b111b43cb890,Fitness,Running
gen_9d31591c-306f-4355-9e1b-2787b5dbfaef,0cd47a3a-4503-45bb-802c-b111b43cb890,Lifestyle,Digital Detox
gen_2d91cc07-5daa-4f29-a811-271178ad2621,0cf81293-7a5c-48e8-b7b8-8a2069a39867,Lifestyle,Digital Detox
gen_8f7b3070-c07d-4f16-bc12-8790de296e8b,0cf81293-7a5c-48e8-b7b8-8a2069a39867,Wellness,Meditation
gen_3e4a20dd-8b23-4d4c-b18d-bd57cabbecc5,0d07f10f-9445-4bdb-b5c9-437b03440626,Leisure,Cooking
gen_7d795326-f338-4b45-9bb9-c7d02a9d6a7e,0d07f10f-9445-4bdb-b5c9-437b03440626,Nutrition,Keto Diet
gen_32223109-973f-4911-bdbf-ba4be04086c1,0d09e507-7494-4116-adf2-8b32a9990fbc,Leisure,Cooking
gen_625f5606-49d5-4342-8871-0398d0582fb2,0d09e507-7494-4116-adf2-8b32a9990fbc,Wellness,Yoga
gen_ad9b42a3-f26d-4ae8-9e33-ba688dee354e,0def33bf-4d0a-41c8-ae3f-c5020521d075,Wellness,Meditation
gen_f62b56d6-e87b-4421-aa3a-ce6472021a2b,0def33bf-4d0a-41c8-ae3f-c5020521d075,Fitness,Cycling
gen_7eac913a-8de9-4d0a-b1bd-0726e0e22531,0def33bf-4d0a-41c8-ae3f-c5020521d075,Lifestyle,Minimalism
gen_6df91a1a-d581-45ad-856f-9deac9cd7066,0e174672-fa48-4e6e-b265-96087895f4d1,Fitness,Strength Training
gen_708be54a-963d-464b-97c7-a97c5b01f5b0,0e174672-fa48-4e6e-b265-96087895f4d1,Leisure,Reading
gen_5bba4c0f-a819-45a0-b108-0122dba06ad7,0e174672-fa48-4e6e-b265-96087895f4d1,Hobbies,Gardening
gen_87a6a4f5-05a5-4019-aa1d-3ffd1e416cfa,0e4c7eae-8e91-4187-be4a-69f19582623d,Hobbies,Gardening
gen_11ebf125-9789-4713-9548-f78745c6b2e2,0e4c7eae-8e91-4187-be4a-69f19582623d,Community,Volunteering
gen_f04ecfce-082f-41de-ae6a-f7cc3e2c5229,0e6153f5-edfd-4536-982c-6e86318ca951,Leisure,Cooking
gen_67e25c84-d055-4f98-8241-5ee4f0cb8991,0e6153f5-edfd-4536-982c-6e86318ca951,Hobbies,Gardening
gen_e8141c95-74b3-4bfb-a761-237107ed9ece,0e6153f5-edfd-4536-982c-6e86318ca951,Fitness,Running
gen_9cba9316-2eaf-4e48-8b77-74ed12e09796,0e7c2455-3a4d-42fb-8b04-bc984c3620cb,Wellness,Meditation
gen_33a75256-1e5c-4983-b58c-0d923932c14a,0e7c2455-3a4d-42fb-8b04-bc984c3620cb,Fitness,Running
gen_db1367e9-dbf1-4631-8740-9dda52d18c5d,0eee9534-51d0-4ca3-af3c-50a8c90586ca,Nutrition,Meal Prep
gen_1b6e5b5c-dd1f-4153-9016-becb7a4b77cd,0eee9534-51d0-4ca3-af3c-50a8c90586ca,Lifestyle,Digital Detox
gen_d402b291-1586-4369-91b3-314bfe3915b0,0efa7f0a-9c9f-4e09-ad5f-916165662862,Wellness,Meditation
gen_f093d6e0-a51c-4774-966b-0757aab4e712,0efa7f0a-9c9f-4e09-ad5f-916165662862,Leisure,Cooking
gen_bfb17ba4-ecc5-4511-a8c5-8ba7c373e781,0f2f6fd3-e4c0-4fab-baf3-2ea6f019c464,Nutrition,Meal Prep
gen_cf7be308-b83b-4bc7-991a-6713b2b0e6d1,0f2f6fd3-e4c0-4fab-baf3-2ea6f019c464,Nutrition,Keto Diet
gen_fa8b8086-f22f-4ae2-b7b7-2d2dd0ea3315,0f3d3a3c-32e4-418f-a401-f27ca3a29698,Hobbies,Gardening
gen_c23e7256-6f29-4447-946f-c5bc4c49841e,0f3d3a3c-32e4-418f-a401-f27ca3a29698,Leisure,Cooking
gen_027ec818-72f7-40cd-af46-891c26a7f48d,0f672771-5dcc-4a70-830c-1e9def14bb1a,Lifestyle,Digital Detox
gen_342b156b-ddf4-49e7-9b17-49b59b5531f0,0f672771-5dcc-4a70-830c-1e9def14bb1a,Lifestyle,Minimalism
gen_33e05b6d-35e1-4483-af93-0d5d56981d52,0f672771-5dcc-4a70-830c-1e9def14bb1a,Wellness,Meditation
gen_ec2e2d49-5c2b-43cb-ad3d-433deb79f408,0f6b61f8-366d-42e8-822b-6bf42cf7ffb5,Fitness,Running
gen_60bd21bb-4510-46d0-aac4-bb678abb2247,0f6b61f8-366d-42e8-822b-6bf42cf7ffb5,Hobbies,Gardening
gen_bd68bea0-17bc-439f-a714-409d0a7d353a,0f868f00-a2cc-44ac-a685-1b44c46d0644,Community,Volunteering
gen_e27d7add-1c47-4c09-b0cd-565363b32774,0f868f00-a2cc-44ac-a685-1b44c46d0644,Wellness,Meditation
gen_8078eab2-daea-480c-8008-835b338a563a,0f868f00-a2cc-44ac-a685-1b44c46d0644,Lifestyle,Music
gen_df47efd8-640a-44c4-bab3-198a576b945f,0fa00d8a-b92e-4dfd-bc82-bb3fad502ea6,Nutrition,Keto Diet
gen_9976f726-a7ec-4206-848c-ca858e35a272,0fa00d8a-b92e-4dfd-bc82-bb3fad502ea6,Leisure,Reading
gen_ec70ab0c-9d96-4057-afd3-0f9b6d7ea020,0fbca3ed-44d3-44eb-92ea-afee99477576,Hobbies,Gardening
gen_32b743cb-4189-403d-8cda-07e8b64bd086,0fbca3ed-44d3-44eb-92ea-afee99477576,Wellness,Meditation
gen_014f7802-98c3-4dc5-b16a-c3948659cf95,0fc55c9f-d71c-4922-8adc-3fd2854bc142,Nutrition,Meal Prep
gen_db05b5df-361c-4083-9c6a-c86bd41b09e7,0fc55c9f-d71c-4922-8adc-3fd2854bc142,Lifestyle,Minimalism
gen_14b79568-38a2-46c0-b1ec-2c5170c6a78a,0fde95b8-adea-4943-9233-de8783e05c5c,Lifestyle,Digital Detox
gen_9819d1a2-1a9b-4533-95ab-fb3701ecc4f8,0fde95b8-adea-4943-9233-de8783e05c5c,Lifestyle,Music
gen_d9a7c3cb-66f6-4378-8117-534039d5acfe,0fde95b8-adea-4943-9233-de8783e05c5c,Fitness,Running
gen_c7cb8c23-5d32-4a07-a880-ce14e98f2258,100f52f6-a875-492e-9000-520fd0bbc2b5,Leisure,Cooking
gen_dc6bff6a-edaa-4e2f-9ed6-24835e20926f,100f52f6-a875-492e-9000-520fd0bbc2b5,Nutrition,Meal Prep
gen_4b825b7c-a5c7-4520-b5ee-3f87efa0827e,10405448-9792-44c5-b790-65de50454400,Lifestyle,Digital Detox
gen_2de2b02a-9ee7-4263-8616-6aab286dc27d,10405448-9792-44c5-b790-65de50454400,Lifestyle,Music
gen_137c7c38-8b29-4cf7-93c2-cc3a571191bc,105437dc-b48f-4cbe-886d-3749629dcbc7,Fitness,Strength Training
gen_85fa2855-3dd9-49ce-a077-5f2f5b934cd0,105437dc-b48f-4cbe-886d-3749629dcbc7,Lifestyle,Digital Detox
gen_6854ea67-7078-4304-8124-34b1f204b561,105437dc-b48f-4cbe-886d-3749629dcbc7,Fitness,Cycling
gen_7e51729b-69a4-4cba-91c1-042bac5b49a5,1058a3cf-cb7b-477c-88fa-b8130b28da25,Fitness,Cycling
gen_f5f09b53-479c-48ff-b2b2-3531b3abde61,1058a3cf-cb7b-477c-88fa-b8130b28da25,Lifestyle,Music
gen_1942913d-ced9-43e7-b7b9-7a535477f670,1058a3cf-cb7b-477c-88fa-b8130b28da25,Wellness,Meditation
gen_20715b0c-5551-4eba-9ce3-4798be4f8e58,10858d49-8760-4f06-92d3-0238fcb4db53,Leisure,Cooking
gen_2239a437-5b64-4e8d-969d-fa72b77204bf,10858d49-8760-4f06-92d3-0238fcb4db53,Leisure,Reading
gen_14b19617-fd48-49f3-a76b-df006e20a7c5,10858d49-8760-4f06-92d3-0238fcb4db53,Lifestyle,Music
gen_b696dde0-fa78-40b0-9b1c-13db77fdef08,10ad5a48-bcf2-452a-8c9a-dd0f0e6afe72,Wellness,Yoga
gen_904e5381-528a-4a77-90ff-8d3a60dbf4f7,10ad5a48-bcf2-452a-8c9a-dd0f0e6afe72,Hobbies,Gardening
gen_1208a7dd-965a-4dd7-ab39-c6f36ad8ffdb,10ad5a48-bcf2-452a-8c9a-dd0f0e6afe72,Leisure,Cooking
gen_d584e2fd-1387-4fbd-ba35-dc442dc8142c,10b493ac-5c91-436e-98c1-57a0283dc589,Nutrition,Keto Diet
gen_cb5ada64-4eed-4a3f-8bcc-ef826e015d2a,10b493ac-5c91-436e-98c1-57a0283dc589,Leisure,Reading
gen_c6e3f2d0-3321-414f-9208-e4408bfe5fcd,10e1ef02-03fe-4e56-b660-62229ce21722,Fitness,Strength Training
gen_6b61a74b-194c-405b-abc7-a13e856d9d0b,10e1ef02-03fe-4e56-b660-62229ce21722,Nutrition,Meal Prep
gen_7e5db4c0-d38a-4f14-ba1a-507759e63ac1,10e1ef02-03fe-4e56-b660-62229ce21722,Fitness,Cycling
gen_5ae52189-d4aa-4c27-b0df-b02d0cbeff28,110d3cfb-a2b4-4bc5-8b2d-0abf4c670fb7,Community,Volunteering
gen_26004a8e-be89-4c21-9a5f-7abe1b7c76d3,110d3cfb-a2b4-4bc5-8b2d-0abf4c670fb7,Fitness,Cycling
gen_11716496-92ae-4c24-b7e6-63361184a3fd,1121435c-8296-4816-baf4-6473669badaf,Leisure,Cooking
gen_605f2daf-c268-4e38-9c9e-e8453f5c6dc2,1121435c-8296-4816-baf4-6473669badaf,Nutrition,Vegan Diet
gen_3b624845-1f3f-4b11-845c-e992affebd1f,11395d9d-ccf8-4f27-86c3-460e7db0e446,Fitness,Cycling
gen_a892a3f8-61fe-4c1e-9810-f5dbbad695e1,11395d9d-ccf8-4f27-86c3-460e7db0e446,Nutrition,Meal Prep
gen_26c9eae1-4407-4561-840d-fab795903c39,11733031-a8ef-4abe-ba8c-03b6ff81532e,Leisure,Reading
gen_5f11c10f-a2b3-4fd1-9372-f7d58f1d95a7,11733031-a8ef-4abe-ba8c-03b6ff81532e,Nutrition,Vegan Diet
gen_38df47ed-081f-40a3-8ebe-5e239de88252,11733031-a8ef-4abe-ba8c-03b6ff81532e,Leisure,Cooking
gen_871e51a5-95c5-43bc-9fdb-7532711cab8b,11c7509f-1571-4298-af6f-c1bc99c68ee9,Wellness,Meditation
gen_6cee904c-0ac3-4b49-ab66-1109a6e5c793,11c7509f-1571-4298-af6f-c1bc99c68ee9,Fitness,Cycling
gen_fec73cc4-ff7a-410b-86ee-cc0e8890f3cb,11ccec74-5a84-48ae-b300-67bbf4d1cb8e,Nutrition,Vegan Diet
gen_e326a65e-1eb0-4943-a5a6-f65b007ae803,11ccec74-5a84-48ae-b300-67bbf4d1cb8e,Community,Volunteering
gen_9c8c0865-7aca-4935-b3a3-8e8d7742128e,11cfd38d-41bb-4c28-ab9a-01de42032155,Community,Volunteering
gen_1bcb0c1f-7147-4ae4-9f3d-f2998c30a485,11cfd38d-41bb-4c28-ab9a-01de42032155,Lifestyle,Minimalism
gen_ec7ea2b9-2f11-4fcd-bd75-1e8e338b417f,11e3a800-8996-45a3-856f-a73d49ddaa84,Wellness,Yoga
gen_342b5439-baf8-4400-be24-9e4ec6039544,11e3a800-8996-45a3-856f-a73d49ddaa84,Community,Volunteering
gen_ad21b8e0-91a4-455c-9b80-2d4ad6bf8b2d,1200df2c-d983-4f3c-869c-b1968f83bf72,Nutrition,Keto Diet
gen_a4c4261e-78de-4cf6-b43b-33d804356469,1200df2c-d983-4f3c-869c-b1968f83bf72,Wellness,Meditation
gen_582c16c9-7380-47e1-aabd-830dc9ac60a0,1200df2c-d983-4f3c-869c-b1968f83bf72,Leisure,Reading
gen_d34af6e4-2e36-4585-a4a8-46dd8ba576f7,12054914-5bbd-4481-bf0b-e42d7603e6c7,Wellness,Yoga
gen_7fd764e7-af14-4e72-bf90-cfb873ad981e,12054914-5bbd-4481-bf0b-e42d7603e6c7,Lifestyle,Music
gen_b10739ab-bbf7-4afa-a44e-889d323fc351,1207e494-171a-43c8-ab47-25e2a7c147b8,Nutrition,Vegan Diet
gen_3689b0bb-609c-43dd-90c6-fcf91d047a48,1207e494-171a-43c8-ab47-25e2a7c147b8,Nutrition,Keto Diet
gen_308164d6-6bcd-404e-b87b-45d48a921ebe,121d2b90-7870-4a64-8ec4-9451820810e2,Community,Volunteering
gen_cbf9781c-9958-4180-9bd2-877992146c20,121d2b90-7870-4a64-8ec4-9451820810e2,Fitness,Running
gen_f21f1d88-c29e-4463-95c7-d58c42b03e85,121d2b90-7870-4a64-8ec4-9451820810e2,Leisure,Reading
gen_524311b9-85f8-46d0-a20c-72b7e5cedb0a,1248d5c7-2813-43e3-9404-a7fa3ea924c7,Nutrition,Keto Diet
gen_5a22eda0-adc9-4535-8920-cc9dbe93c901,1248d5c7-2813-43e3-9404-a7fa3ea924c7,Hobbies,Gardening
gen_ad701121-48f3-458e-8f41-964c267ee088,1248d5c7-2813-43e3-9404-a7fa3ea924c7,Lifestyle,Digital Detox
gen_fadd096a-fa36-4c4f-9d18-0523df44fad2,1268b2c3-f530-4844-b209-135d64acc9a9,Hobbies,Gardening
gen_ca126b71-a1c2-41f1-9848-8d9d379e4631,1268b2c3-f530-4844-b209-135d64acc9a9,Community,Volunteering
gen_1c915513-60d6-4083-87a1-483624456b76,1268b2c3-f530-4844-b209-135d64acc9a9,Lifestyle,Digital Detox
gen_bc7b89ef-d08f-425e-b511-efe6882d46b1,126d7c06-4a0d-49bf-9919-0809c49d5d93,Lifestyle,Music
gen_6ea3471b-5456-4d26-ba3d-9ca95a7d56c8,126d7c06-4a0d-49bf-9919-0809c49d5d93,Fitness,Running
gen_a20bf9ce-e961-47f9-a679-66161939bed2,126d7c06-4a0d-49bf-9919-0809c49d5d93,Wellness,Meditation
gen_8097ed98-1618-45ef-92ff-e81ab5819748,12b56280-ef2d-4753-807c-a9f958c77a2a,Fitness,Strength Training
gen_73fcf287-b111-4d75-ad88-49960ea37904,12b56280-ef2d-4753-807c-a9f958c77a2a,Wellness,Meditation
gen_f1071d72-a648-41b6-9e93-5cec9abac5ee,13045a5e-2fd3-4785-ac1b-5461a6dbe715,Fitness,Running
gen_27967d2a-ce06-43b2-b4bf-d195af6813d2,13045a5e-2fd3-4785-ac1b-5461a6dbe715,Fitness,Strength Training
gen_49cb1fb4-a42e-4c0f-9153-d73470cb7443,13114049-e5f1-403b-b8f8-dae36995f861,Nutrition,Keto Diet
gen_48de0c69-35ca-44fe-a957-b8d11a98e6eb,13114049-e5f1-403b-b8f8-dae36995f861,Nutrition,Meal Prep
gen_55c553d8-e973-464b-99c4-146ea548487c,13114049-e5f1-403b-b8f8-dae36995f861,Leisure,Reading
gen_70347127-01fd-4dc3-ba9c-60b97b46eace,132f2389-a0f4-41a6-93c7-b894c1cb906c,Nutrition,Vegan Diet
gen_f27a1966-51bb-4056-9da1-4f7b563a5c9a,132f2389-a0f4-41a6-93c7-b894c1cb906c,Fitness,Strength Training
gen_32253d46-317d-470d-95d3-8e5efa1649ae,132f2389-a0f4-41a6-93c7-b894c1cb906c,Lifestyle,Digital Detox
gen_c0722693-84f1-4403-bd59-3d5816648f6d,133a007b-9784-4920-a5a9-9ea44cc1174d,Nutrition,Vegan Diet
gen_dbbab1a9-bfb9-44ff-95e5-beca67cccc9a,133a007b-9784-4920-a5a9-9ea44cc1174d,Fitness,Strength Training
gen_ce7ed091-0861-428f-90da-0af304a8f390,13430e1d-25ef-422f-a98d-6fbe30614260,Wellness,Meditation
gen_2d6b3a0c-3240-424d-928b-75e22a051d72,13430e1d-25ef-422f-a98d-6fbe30614260,Lifestyle,Music
gen_36a30533-af69-4679-980a-7489b64e2d25,136cb770-701b-4a1c-884b-341a497ca7f5,Lifestyle,Music
gen_3d716d6c-1e97-4d0b-8238-017c7444e85d,136cb770-701b-4a1c-884b-341a497ca7f5,Lifestyle,Digital Detox
gen_97901b0a-16e4-44ee-bfdb-b54ef5b50fc8,136cb770-701b-4a1c-884b-341a497ca7f5,Leisure,Reading
gen_2ce016ca-51ad-4a1b-ab75-49d1a22ac581,139e3c4b-7159-4d2f-9249-cc6462fdef03,Nutrition,Keto Diet
gen_2999a512-601a-4588-8615-9e59cfb324d1,139e3c4b-7159-4d2f-9249-cc6462fdef03,Nutrition,Vegan Diet
gen_b47cc7c8-4ea4-4c94-904a-1f4e8efd5716,13bcb143-f1e9-4495-aefe-6f998dd031e4,Hobbies,Gardening
gen_558d1a1f-ddf9-4251-9708-2dc7e5eb5663,13bcb143-f1e9-4495-aefe-6f998dd031e4,Nutrition,Keto Diet
gen_17c25a19-484f-4ccd-aa6c-8d141947acb4,1437267d-0c5c-4ac8-8b0e-10cdfce02c71,Hobbies,Gardening
gen_f0776014-0734-4fb5-81cb-e35690f7aab2,1437267d-0c5c-4ac8-8b0e-10cdfce02c71,Community,Volunteering
gen_1313b6b9-3af0-4511-825d-d1f2040953b9,1437267d-0c5c-4ac8-8b0e-10cdfce02c71,Fitness,Running
gen_48c1b391-9cd1-4a6a-829d-8680ba2b4a55,1457ac4a-c875-4110-8f6d-fc0f14d78473,Lifestyle,Digital Detox
gen_4ca703c1-af82-4844-8c53-f789ee1e9fb3,1457ac4a-c875-4110-8f6d-fc0f14d78473,Wellness,Meditation
gen_829f1139-2799-4531-ab52-b4d9ab2c9034,1457ac4a-c875-4110-8f6d-fc0f14d78473,Hobbies,Gardening
gen_cad11f6d-38ea-43a9-b54f-2c14b0643219,14651697-8629-4439-a39f-3782ebe4a17f,Nutrition,Keto Diet
gen_9e2c8b69-2e78-48cf-ab04-a8cf52ee314c,14651697-8629-4439-a39f-3782ebe4a17f,Nutrition,Vegan Diet
gen_6b63b4f2-08f7-4a68-9e54-98b9f4910419,14651697-8629-4439-a39f-3782ebe4a17f,Nutrition,Meal Prep
gen_2689df2c-a50f-4fe3-a9f4-adae7e9d19a6,146646dd-7032-47d9-a785-88e28975f7f6,Lifestyle,Digital Detox
gen_b9cd3cc3-46f8-404e-aec7-fda1a4bc26c7,146646dd-7032-47d9-a785-88e28975f7f6,Fitness,Cycling
gen_9b25bbed-8f16-43ab-91f8-cfb47e355b36,146646dd-7032-47d9-a785-88e28975f7f6,Wellness,Yoga
gen_2931d099-194c-4fb9-b0aa-60097a7589e3,14895d8c-588d-48b0-b438-1fd4d8ca5a55,Hobbies,Gardening
gen_177d0bc6-d9aa-4415-aa1d-5fc3bccc6fc8,14895d8c-588d-48b0-b438-1fd4d8ca5a55,Nutrition,Vegan Diet
gen_1e9ee060-5e02-46a7-883f-1de186dcd3a3,14895d8c-588d-48b0-b438-1fd4d8ca5a55,Leisure,Cooking
gen_966cc769-508e-477a-b149-1ce2b4ec953f,14aa0462-7a4a-44ce-8aa8-929039c42b50,Fitness,Strength Training
gen_4e4605e2-c3da-4211-85b9-bc44ffbd55ce,14aa0462-7a4a-44ce-8aa8-929039c42b50,Leisure,Cooking
gen_b8ca5582-4735-41f6-8aca-86b7c1beff53,14af4818-b72b-489d-abc6-e024f096fbb7,Nutrition,Vegan Diet
gen_2462ac19-0064-4a01-83eb-716cb1789bcc,14af4818-b72b-489d-abc6-e024f096fbb7,Lifestyle,Digital Detox
gen_67acfad1-413c-4e8c-b774-1d44bf83ce2b,14af4818-b72b-489d-abc6-e024f096fbb7,Lifestyle,Music
gen_13b4f939-5c4f-408b-babb-f9c774e7b131,1508a870-ce1d-443b-85ae-192cdc3531bc,Wellness,Meditation
gen_76886cab-e0c3-4078-a720-797336940875,1508a870-ce1d-443b-85ae-192cdc3531bc,Wellness,Yoga
gen_074ab9ff-03ad-45b2-ad4b-d0681bf1b4ee,1508a870-ce1d-443b-85ae-192cdc3531bc,Nutrition,Vegan Diet
gen_da6c18ea-1ff8-4253-8e77-7c83334f2e69,152a6f74-5620-4800-a46e-01aa845065b5,Lifestyle,Minimalism
gen_5b2de36a-f795-4742-8dbd-eb9ba021b1fc,152a6f74-5620-4800-a46e-01aa845065b5,Leisure,Cooking
gen_b8252600-6a52-4750-bdfa-93440ff510d9,152a6f74-5620-4800-a46e-01aa845065b5,Community,Volunteering
gen_5edf0a41-4e62-4f7d-93c1-43dc4999fea1,1554f24b-a147-4e4b-86aa-20b3329de300,Lifestyle,Digital Detox
gen_f64ebdb9-6706-4f62-b14e-39dd712338e8,1554f24b-a147-4e4b-86aa-20b3329de300,Lifestyle,Minimalism
gen_66cf6609-e74b-4a9d-afbc-35b18fd796de,157ac65e-9acc-41e3-8194-d0e6b0fee253,Hobbies,Gardening
gen_27e75908-6138-40f0-b4d9-4d7a5f8c8d82,157ac65e-9acc-41e3-8194-d0e6b0fee253,Fitness,Running
gen_1e309fff-10cc-47b2-add2-67a3ae3a718d,158f5e29-356d-4d0c-87ab-3760e75c3617,Lifestyle,Digital Detox
gen_d3990d87-667f-4587-9000-ba0b37f9c592,158f5e29-356d-4d0c-87ab-3760e75c3617,Hobbies,Gardening
gen_423f7a0e-3753-4864-9f5a-d6ed5adef915,158f5e29-356d-4d0c-87ab-3760e75c3617,Community,Volunteering
gen_97defb1c-4967-493e-a33e-d93e5e1e14b0,159a4c36-ef09-4bdc-a5da-c099e220e152,Fitness,Running
gen_a7223496-a7e7-4392-9764-17914cc1eecc,159a4c36-ef09-4bdc-a5da-c099e220e152,Community,Volunteering
gen_dfdd9492-124a-48cf-a18c-9ad8d22faf9c,159a4c36-ef09-4bdc-a5da-c099e220e152,Leisure,Reading
gen_efa9bb72-bdd1-4c04-94c9-6196ea5c095b,15ff619f-592e-4d64-b017-3ac3a7366f4d,Hobbies,Gardening
gen_890ceb66-dabd-4a3c-b786-0972e6a73b66,15ff619f-592e-4d64-b017-3ac3a7366f4d,Wellness,Meditation
gen_e35b128c-4fc2-402f-9ccb-e893590093d9,1611f746-9a5a-4544-998b-8eb48bf135df,Leisure,Reading
gen_a9dd5165-e1e4-48ca-8de1-dd2af9ea3456,1611f746-9a5a-4544-998b-8eb48bf135df,Wellness,Yoga
gen_272fa19d-c2c3-4a9c-831f-435b505262b4,1624fb6d-d734-4455-ad82-f77dfd78cf89,Lifestyle,Music
gen_c77434b0-d576-4be8-9116-bdd558734ed9,1624fb6d-d734-4455-ad82-f77dfd78cf89,Leisure,Cooking
gen_607a6cd5-9fd8-4f2e-b6ea-fe4b09d45226,1632dcbc-873d-4a5a-8d48-7040bca9d63f,Lifestyle,Minimalism
gen_0db5ea85-fdc7-426e-a1c7-ef19555de607,1632dcbc-873d-4a5a-8d48-7040bca9d63f,Fitness,Strength Training
gen_5c222bb9-93e4-4af8-8e72-52a064389c86,163372ae-8721-44dc-98f7-282564d8704a,Lifestyle,Minimalism
gen_e56ad354-e7b1-4ebf-861d-5c9ced4e6af2,163372ae-8721-44dc-98f7-282564d8704a,Nutrition,Vegan Diet
gen_203bd90e-ad5f-48b2-b0ff-6fb5108ec14c,1653db57-504f-443e-95f9-efaf04ccb8cd,Nutrition,Meal Prep
gen_e00584c2-fd4e-498e-b4f7-281a0818fd7e,1653db57-504f-443e-95f9-efaf04ccb8cd,Leisure,Cooking
gen_ab526867-1c95-4750-bcc5-fee01a6eef70,1689a59c-95b3-457e-90d1-b5c3e196a11b,Lifestyle,Minimalism
gen_a744174e-4304-4acb-bc40-944bcaf0f230,1689a59c-95b3-457e-90d1-b5c3e196a11b,Nutrition,Vegan Diet
gen_3640fa48-2a65-4102-9a06-2ddd70a51fbc,1689a59c-95b3-457e-90d1-b5c3e196a11b,Wellness,Yoga
gen_2581cf59-67f2-487d-97ba-508743a4254a,168d4986-f441-48f6-ab17-8d02e91a06ae,Hobbies,Gardening
gen_7b5d37dc-3d0a-4b11-a786-f5831473fdfe,168d4986-f441-48f6-ab17-8d02e91a06ae,Nutrition,Meal Prep
gen_6893129c-e9ff-4a95-be21-994baf54159f,16c300e7-5b18-4759-b3a6-e9cd6fc6c7ed,Leisure,Cooking
gen_72f84404-5544-4452-99b5-827f4f37c6c6,16c300e7-5b18-4759-b3a6-e9cd6fc6c7ed,Leisure,Reading
gen_171349fe-e0f5-4ae8-b8be-ea61490cda5d,16d3a30f-01fa-467c-bc5d-1c0fc7a37cec,Leisure,Reading
gen_c19b6c17-6e52-4960-a712-60c54e52511e,16d3a30f-01fa-467c-bc5d-1c0fc7a37cec,Nutrition,Vegan Diet
gen_5a8362c5-c00c-404e-b944-ebc0730d6b3f,16dddcb0-41f0-4193-a628-301f758c7ed9,Fitness,Cycling
gen_f11df66d-056f-43f2-91fa-1c8232d21946,16dddcb0-41f0-4193-a628-301f758c7ed9,Leisure,Reading
gen_d2256a14-e564-4dc5-a546-d0f82ff9a180,16e43025-10f1-42e6-9793-e0e2f333d79c,Lifestyle,Music
gen_466f1471-7c8a-470e-b24f-0a3be45fd96b,16e43025-10f1-42e6-9793-e0e2f333d79c,Lifestyle,Digital Detox
gen_372d877d-42d5-420a-9eee-b7222cfddb1d,16e43025-10f1-42e6-9793-e0e2f333d79c,Wellness,Yoga
gen_982bf812-a446-47e9-93db-b0f0713f0925,16f560ac-76bc-449e-9474-395fb322505c,Lifestyle,Minimalism
gen_f28bebf7-5185-44f4-9169-e1c8e60ad223,16f560ac-76bc-449e-9474-395fb322505c,Fitness,Cycling
gen_2403ebdc-11c3-453f-bb90-ccdac2c3fb96,172da016-ddef-4b63-b164-cca07c1303a1,Hobbies,Gardening
gen_78b5beee-6941-4f56-9528-1b160bc4047b,172da016-ddef-4b63-b164-cca07c1303a1,Lifestyle,Digital Detox
gen_b9558ff9-53ff-4ea2-ae1d-53a11911f071,172da016-ddef-4b63-b164-cca07c1303a1,Community,Volunteering
gen_e4670e5a-145b-498a-adde-8673d9171f52,177d7144-f619-4b7f-a4ee-0ba709093065,Leisure,Reading
gen_3765c143-3187-4a77-9530-5e0a0f62fe94,177d7144-f619-4b7f-a4ee-0ba709093065,Lifestyle,Minimalism
gen_eeafe6b7-9777-491b-9db9-cbcab8521784,177d7144-f619-4b7f-a4ee-0ba709093065,Fitness,Strength Training
gen_89eb6ba9-42e1-4d24-aa77-07ed9ed58758,179a078c-de8f-423b-b2c5-127c5ddfaa57,Community,Volunteering
gen_debc59cf-eaee-4142-9d76-f566b7e30b21,179a078c-de8f-423b-b2c5-127c5ddfaa57,Lifestyle,Digital Detox
gen_992a11bb-9f76-4067-8986-b813240ae240,179a078c-de8f-423b-b2c5-127c5ddfaa57,Lifestyle,Minimalism
gen_2c6b77c6-6f69-4bba-a9a6-9256b6e73d1f,17d7d71a-5887-457e-9f51-675207d51bbb,Nutrition,Meal Prep
gen_4e6010c1-f2f9-4e66-ad21-2f335abea93b,17d7d71a-5887-457e-9f51-675207d51bbb,Community,Volunteering
gen_1ff01bdf-a4c9-49cf-a4da-59917e68cd8e,17e03002-2a14-49ef-8595-68c8a02b0250,Lifestyle,Minimalism
gen_61dbd401-b602-44b7-add7-be206ce5ef26,17e03002-2a14-49ef-8595-68c8a02b0250,Wellness,Meditation
gen_d582921a-be67-4072-a2af-49443be5644b,17e03002-2a14-49ef-8595-68c8a02b0250,Leisure,Reading
gen_bf3a08fc-7f69-448f-b70d-957e255aff8a,17e68de2-4b56-48b1-beea-5f003762fb5c,Community,Volunteering
gen_d3ab1265-1675-4933-805d-2dcea3faf78f,17e68de2-4b56-48b1-beea-5f003762fb5c,Hobbies,Gardening
gen_d812076a-0d1c-44c8-a39f-0ce901f263fd,17efca01-b251-4116-af78-e8b0f105c5d6,Leisure,Reading
gen_ec67e741-98a3-4cc0-91d1-413bff11b020,17efca01-b251-4116-af78-e8b0f105c5d6,Leisure,Cooking
gen_40abbb33-a952-4269-ad8e-1d03268bb03c,17efca01-b251-4116-af78-e8b0f105c5d6,Lifestyle,Digital Detox
gen_39037d12-8b74-4114-8b67-334468b16634,17fba6ec-64f9-45e9-a1a2-c1d09b9cf99d,Hobbies,Gardening
gen_e4cd9f0c-5107-4dba-be83-6f6ea27eea47,17fba6ec-64f9-45e9-a1a2-c1d09b9cf99d,Wellness,Yoga
gen_0fc5e57a-730f-47b5-ab87-596201e59fab,17fba6ec-64f9-45e9-a1a2-c1d09b9cf99d,Wellness,Meditation
gen_34331da7-3998-4d4a-8db6-e5409736908e,17fcb4d5-de08-45fa-89ce-306ea8a52b47,Fitness,Running
gen_8effb160-80b3-4e95-ac6b-7039bd809e90,17fcb4d5-de08-45fa-89ce-306ea8a52b47,Nutrition,Meal Prep
gen_1592e94b-94f7-48ca-a9e3-86436a4a1c80,17fcb4d5-de08-45fa-89ce-306ea8a52b47,Wellness,Meditation
gen_cc9812fd-bda1-4666-b9cc-2a0acd68ea65,1809b272-9382-4618-8ed6-81a5ba018515,Wellness,Meditation
gen_b8eaaf34-2738-4893-b164-c6fc4b463070,1809b272-9382-4618-8ed6-81a5ba018515,Nutrition,Keto Diet
gen_e6a26a93-fb76-45eb-a9a4-e10ca1e8c242,18142272-89ad-4569-a176-674397edb5af,Leisure,Cooking
gen_e73dce8f-a333-45af-8f44-456ad7d00a04,18142272-89ad-4569-a176-674397edb5af,Lifestyle,Digital Detox
gen_722865c3-cb53-4b02-90e7-c007a606205c,18142272-89ad-4569-a176-674397edb5af,Fitness,Running
gen_22255451-57c8-4607-955f-5752ccc7ad2c,18200f3d-20d8-4758-9993-9968ea666e04,Fitness,Cycling
gen_895ea9e3-8300-4834-be11-a47c3f1ba4f6,18200f3d-20d8-4758-9993-9968ea666e04,Wellness,Yoga
gen_c6a2ab47-2309-4cd9-b335-6d252b092cf3,1820d636-4396-406b-8ffd-f99a3a929382,Nutrition,Meal Prep
gen_82d7ef7b-74ae-461d-958d-0cdce3a13eff,1820d636-4396-406b-8ffd-f99a3a929382,Fitness,Cycling
gen_374d9a97-3ade-4f37-9317-e690bd3864b4,1820d636-4396-406b-8ffd-f99a3a929382,Leisure,Cooking
gen_6364a038-c9ef-4388-a904-9e5167a86e15,18366e0a-d82e-485e-8dde-059e6463051d,Fitness,Running
gen_12e932fa-8162-4e77-93f7-1c6fecd4acf6,18366e0a-d82e-485e-8dde-059e6463051d,Nutrition,Vegan Diet
gen_4027dbaa-05af-4f30-beaa-1b200f61bc7e,18817530-4407-4a92-bdcc-ede46d9ad1b7,Nutrition,Keto Diet
gen_956fdc75-b030-449c-80dd-fd6b22934f4c,18817530-4407-4a92-bdcc-ede46d9ad1b7,Lifestyle,Digital Detox
gen_b68246a5-060b-467d-bfb2-d51e9451b439,18817530-4407-4a92-bdcc-ede46d9ad1b7,Lifestyle,Minimalism
gen_f9a3f6c5-1afe-4b32-ac96-bb7d6830565d,18982ba5-26b5-4a7b-a589-18d90a80c9b6,Lifestyle,Music
gen_3f96e2b7-7d51-4fa0-a7c6-b12cf3494e99,18982ba5-26b5-4a7b-a589-18d90a80c9b6,Wellness,Yoga
gen_06143a37-8e7a-41f1-89c6-5a45adbd82ce,18982ba5-26b5-4a7b-a589-18d90a80c9b6,Nutrition,Vegan Diet
gen_1c04fb11-cb83-40d0-bd2b-5dbefd80e074,189d3a9d-4aef-43b3-b840-7e6f23e3cdd2,Leisure,Cooking
gen_58cf0574-389c-47aa-b5e8-92ed378ebdfe,189d3a9d-4aef-43b3-b840-7e6f23e3cdd2,Leisure,Reading
gen_f349e4ce-1ed1-4286-9df1-a2920a41e86c,189d3a9d-4aef-43b3-b840-7e6f23e3cdd2,Fitness,Strength Training
gen_baffc931-5a2d-4235-ad3b-d40ee49c5642,18da29d0-0334-4a61-b49f-8e2c644063ae,Community,Volunteering
gen_c71d6d47-5a92-499c-9b35-9a463f725a4c,18da29d0-0334-4a61-b49f-8e2c644063ae,Leisure,Reading
gen_465e36a2-e5b2-449b-a3bf-3a3b1a318567,18f12f0e-5abd-4833-b055-6c5dd43cd075,Lifestyle,Minimalism
gen_7ad5e2cf-b7d4-4c96-abf2-f017358565b1,18f12f0e-5abd-4833-b055-6c5dd43cd075,Lifestyle,Music
gen_c0829933-a3ce-4844-a518-82ca4b90b78a,18f12f0e-5abd-4833-b055-6c5dd43cd075,Nutrition,Keto Diet
gen_1385f9ab-da09-42f9-8f48-e9c38cae5faf,190e60fa-50fd-4237-b948-cfb1bef2bf26,Leisure,Reading
gen_62c7b1e5-4197-428e-abbe-5e3cb816ef1e,190e60fa-50fd-4237-b948-cfb1bef2bf26,Nutrition,Vegan Diet
gen_f9a32873-a6e8-4fe3-abf0-d4dbd18d0420,190e60fa-50fd-4237-b948-cfb1bef2bf26,Community,Volunteering
gen_d92d3595-1a53-4214-a719-397361e3f645,19209e14-434d-440e-acaa-9310d23b6f45,Lifestyle,Minimalism
gen_033c4791-77b6-4ed5-95b0-ae8dc0576a8f,19209e14-434d-440e-acaa-9310d23b6f45,Wellness,Yoga
gen_ae6dd84a-f6b2-47b2-8caa-3d1408be4439,1937244a-3912-4e51-9247-f7178af1c7be,Nutrition,Vegan Diet
gen_cd336c61-3620-4521-99a5-16cb1b818b36,1937244a-3912-4e51-9247-f7178af1c7be,Lifestyle,Minimalism
gen_16a278a0-cf7e-47d4-bc5e-0a0f74496ab9,1937244a-3912-4e51-9247-f7178af1c7be,Lifestyle,Music
gen_fe9e74cf-72c9-4d7f-a2e5-dcf9df894b2a,193a439d-4798-4148-98ae-79346f779a98,Nutrition,Keto Diet
gen_40fe8c16-a536-462a-86a9-4489a1cf7fe0,193a439d-4798-4148-98ae-79346f779a98,Hobbies,Gardening
gen_d02e5127-43a3-4854-b687-feee8503bea2,193a439d-4798-4148-98ae-79346f779a98,Community,Volunteering
gen_459235ca-207a-41d6-8897-bfa8947d092a,194bf1aa-82ae-46a8-8684-da06899f2ad1,Nutrition,Meal Prep
gen_13213aee-66bc-4d19-a330-86ca5cffc90f,194bf1aa-82ae-46a8-8684-da06899f2ad1,Fitness,Cycling
gen_e9cc84ec-43d3-4d4a-bfba-200e2ad738cc,194bf1aa-82ae-46a8-8684-da06899f2ad1,Lifestyle,Minimalism
gen_769ac972-1481-4aaf-848f-8593faab0a68,19b5b86e-e459-4ee5-9be3-1e07fd2ff7b6,Fitness,Strength Training
gen_c7930708-3847-434c-b2f3-5fb3580bda3d,19b5b86e-e459-4ee5-9be3-1e07fd2ff7b6,Lifestyle,Digital Detox
gen_ded5830a-7253-4246-be3c-7022a764714b,19b5c6a3-a4b3-4719-9e86-ce8247452e4e,Leisure,Cooking
gen_c16b13a6-a0fc-4c17-8310-b2488b6ad7f0,19b5c6a3-a4b3-4719-9e86-ce8247452e4e,Nutrition,Vegan Diet
gen_5679351c-3d29-4bdf-b3d1-40e800428ff5,19b745bf-28a5-48a4-bc1c-91ec64bd8427,Fitness,Running
gen_82a5ea2b-c925-46d6-b53f-11c26c3c7430,19b745bf-28a5-48a4-bc1c-91ec64bd8427,Hobbies,Gardening
gen_7116be1c-2e7c-4cbf-9626-f767452ba769,19c49bbc-c908-44cc-bff7-b389cc883a4a,Fitness,Cycling
gen_370d9f10-dfbb-4537-8741-cc6bb1df892b,19c49bbc-c908-44cc-bff7-b389cc883a4a,Community,Volunteering
gen_0906bda9-9aca-43b0-9a7d-585daee23b73,19c49bbc-c908-44cc-bff7-b389cc883a4a,Lifestyle,Minimalism
gen_ad17c613-f2a9-4cb3-a23f-e6eeabd52db5,19e5baac-7774-44b2-bb53-b045dc52f6ec,Lifestyle,Music
gen_19a3396f-ff1b-4faa-850e-9ea5b40dc809,19e5baac-7774-44b2-bb53-b045dc52f6ec,Wellness,Meditation
gen_1e5d796b-435a-498d-b3ea-3a43d0b2479e,19e8ff80-c4dc-4bbc-a310-a044cc15730c,Nutrition,Keto Diet
gen_06887237-b493-4c90-a38d-d610d7d93cb0,19e8ff80-c4dc-4bbc-a310-a044cc15730c,Wellness,Yoga
gen_847590b6-d38f-47c7-b33a-05954fee5c9f,19e8ff80-c4dc-4bbc-a310-a044cc15730c,Lifestyle,Minimalism
gen_5c28bf00-1f1f-4e41-b93c-c26cb87c8101,19f04b63-d76a-495d-9cf8-7462b40540e9,Nutrition,Keto Diet
gen_b42d6a41-cda3-4a09-b2de-00e0a5c4d3ce,19f04b63-d76a-495d-9cf8-7462b40540e9,Leisure,Reading
gen_99d407d8-d335-4012-bbfb-523253021237,19f04b63-d76a-495d-9cf8-7462b40540e9,Nutrition,Vegan Diet
gen_122f7d24-3b81-4534-938b-fc1e7234a087,1a6b7642-1cf4-47e1-ac92-ae3c7dee34b4,Leisure,Reading
gen_df6f2106-7c6d-4f89-a739-e8c7efa3b514,1a6b7642-1cf4-47e1-ac92-ae3c7dee34b4,Community,Volunteering
gen_ff23f412-8faa-46d3-afb2-f0806ccc4e01,1a6b7642-1cf4-47e1-ac92-ae3c7dee34b4,Nutrition,Vegan Diet
gen_4a6987f0-cfca-4c11-bf9a-8a4a8f0f66d4,1a6d5b7c-eba2-4786-8a64-57b6578eb534,Community,Volunteering
gen_c0a54dca-976f-4fbb-a647-359e7596b3da,1a6d5b7c-eba2-4786-8a64-57b6578eb534,Fitness,Running
gen_7cb96116-56ad-4be1-8a96-5ad6659af10e,1a6d5b7c-eba2-4786-8a64-57b6578eb534,Lifestyle,Minimalism
gen_8c4f2bf1-0d3d-4869-aea0-ef144a7d6a5f,1a9c2063-77e6-4681-b33b-dc32fed47752,Nutrition,Meal Prep
gen_026c8256-7bbe-4fdf-928a-99a88fade6c0,1a9c2063-77e6-4681-b33b-dc32fed47752,Lifestyle,Digital Detox
gen_4b19ca98-dc5e-4c48-82ab-192993fc0956,1aa0e41c-82eb-42ef-809c-e99d32fa2196,Nutrition,Keto Diet
gen_95b0d655-90fc-47d1-b17b-aa3cf9569a2a,1aa0e41c-82eb-42ef-809c-e99d32fa2196,Wellness,Yoga
gen_1bca51c5-3866-491e-bbe1-70cf94fb1c5e,1ab1c333-c442-45d3-b07a-7eea86745d2e,Leisure,Reading
gen_5c89ef7b-56c3-4d88-a068-06ec7b802f00,1ab1c333-c442-45d3-b07a-7eea86745d2e,Hobbies,Gardening
gen_09948aac-8d1d-4155-bbba-d9631c18d48d,1af28cf5-4aa5-460c-881d-9f7a684f9fd1,Leisure,Reading
gen_ccb8f400-4c86-4de4-8a06-406cd839326e,1af28cf5-4aa5-460c-881d-9f7a684f9fd1,Lifestyle,Music
gen_d4214d41-254d-4a9f-b76a-c7c1f3e31eb6,1b034431-e502-4c31-ba6a-1df051e09b3c,Wellness,Yoga
gen_214067f1-1f2e-4ef2-8ec7-acdce37ce133,1b034431-e502-4c31-ba6a-1df051e09b3c,Community,Volunteering
gen_fe016b8d-86c4-455f-9e1b-c686319ae6b3,1b0a2e8f-022a-456e-bd21-228a0facad9d,Fitness,Strength Training
gen_bfd5118a-ed8d-435a-a489-30ab83d15864,1b0a2e8f-022a-456e-bd21-228a0facad9d,Fitness,Cycling
gen_d214fd32-acca-4008-b9c3-342d97d1ed0d,1c294395-ac18-4ca0-a216-b07355b3c514,Fitness,Cycling
gen_4ed798fd-8e3e-410f-af3a-5cbaca4c2d12,1c294395-ac18-4ca0-a216-b07355b3c514,Lifestyle,Minimalism
gen_fde0504d-8373-4452-849f-8e32e371295d,1c37ae67-dc31-48cc-aac8-3a3d85bf0468,Fitness,Strength Training
gen_66d1da25-a92c-4186-9eae-531d0ef5ccca,1c37ae67-dc31-48cc-aac8-3a3d85bf0468,Wellness,Yoga
gen_826edb6a-5143-4d0f-982b-964113c0dc55,1c3f17f6-ac30-469f-9367-c99c428bf6d7,Nutrition,Meal Prep
gen_9e8c16cf-13fa-4e02-a11f-6b66c3faed4a,1c3f17f6-ac30-469f-9367-c99c428bf6d7,Wellness,Meditation
gen_0990b6db-28b4-4fc7-af2f-7c657bf31925,1c3f17f6-ac30-469f-9367-c99c428bf6d7,Leisure,Reading
gen_afdf2ad1-20a3-4e6e-8312-3fba1605ee02,1c4eeaf9-063b-4464-8c18-122a20f62c0b,Fitness,Cycling
gen_b46a608d-8336-43dd-ad89-a3394de98571,1c4eeaf9-063b-4464-8c18-122a20f62c0b,Fitness,Strength Training
gen_61c36c51-d802-4147-9205-44c2f0b1f626,1c4eeaf9-063b-4464-8c18-122a20f62c0b,Community,Volunteering
gen_e2d248bd-f980-4618-b45c-ae3aef045f59,1c54f805-5784-4ff7-84d8-51797d64d76a,Leisure,Reading
gen_109e16e3-df77-42c8-8dbe-3c13fff298ae,1c54f805-5784-4ff7-84d8-51797d64d76a,Community,Volunteering
gen_83b58e85-0417-4807-ab28-5b14da10ed57,1c5b3091-2d0b-4727-82c4-c8020eb48431,Wellness,Meditation
gen_88ed0c66-f412-43cb-a040-d8b8789c6394,1c5b3091-2d0b-4727-82c4-c8020eb48431,Fitness,Running
gen_459161db-9c7c-471b-9987-fc8e49f87193,1c815e5f-1ef9-4a96-ae87-1ddfdb57650f,Leisure,Cooking
gen_80b4856b-fbf3-4676-8f78-0a9d79ef6965,1c815e5f-1ef9-4a96-ae87-1ddfdb57650f,Wellness,Meditation
gen_1a91db65-2600-4c35-8d64-faf96757f177,1c8f62cf-f816-40ad-977e-492f64c24bfb,Nutrition,Vegan Diet
gen_3d89e48a-4fd4-4a21-9770-cb14bd601fd8,1c8f62cf-f816-40ad-977e-492f64c24bfb,Nutrition,Meal Prep
gen_cd791d20-9934-46d8-8169-21eaeb504b12,1c8f62cf-f816-40ad-977e-492f64c24bfb,Wellness,Yoga
gen_84df0a19-68b8-4767-a9fe-4fb2674988a0,1ca624e5-c0fa-4e94-aedb-5c74be4f79f0,Fitness,Strength Training
gen_26fac0ec-8f31-4d6f-b63e-2fbc48c92275,1ca624e5-c0fa-4e94-aedb-5c74be4f79f0,Nutrition,Meal Prep
gen_69f6940b-41c3-4789-89e1-dfd3a6c4414f,1ccabb0d-8398-49e3-a404-2cf0bdd071af,Fitness,Running
gen_a975c81d-1e29-4b18-a4b1-a3e7092164fb,1ccabb0d-8398-49e3-a404-2cf0bdd071af,Nutrition,Meal Prep
gen_9b2d0838-6cc6-4d51-a897-d923a0c52841,1cefe0d9-ca0e-4a94-8a43-d6c097b1ee8b,Community,Volunteering
gen_3084b629-76e1-447b-a190-0e7d3fc890d4,1cefe0d9-ca0e-4a94-8a43-d6c097b1ee8b,Hobbies,Gardening
gen_4ad6ca79-22ea-45cf-9544-0bf7691f8617,1cefe0d9-ca0e-4a94-8a43-d6c097b1ee8b,Fitness,Strength Training
gen_7a7a4961-bf88-4fa6-80f0-57b3beeab0d3,1d1dd54b-ccaf-4c97-a1ac-b8d8bdfb79ee,Leisure,Reading
gen_7535b42c-c49b-4fac-98b6-7cce7ddf8640,1d1dd54b-ccaf-4c97-a1ac-b8d8bdfb79ee,Fitness,Strength Training
gen_fef06fa2-a3f8-41ea-8880-ee4640903eeb,1d60474e-ea69-4f3c-8f1f-5fa7003e4d40,Nutrition,Keto Diet
gen_9bf4860b-e7f5-4184-bf4a-a8bcce01dc3d,1d60474e-ea69-4f3c-8f1f-5fa7003e4d40,Lifestyle,Digital Detox
gen_7b35a948-b2df-413d-b88d-255ccf148c7e,1d9bf402-6cff-43ad-86a5-e9df913d4f74,Hobbies,Gardening
gen_e7bd7f05-9c7f-413c-abeb-39c02dbde456,1d9bf402-6cff-43ad-86a5-e9df913d4f74,Nutrition,Keto Diet
gen_a36badf0-1ce4-43c4-ad33-5822a8faee83,1d9bf402-6cff-43ad-86a5-e9df913d4f74,Fitness,Running
gen_2087bb6c-0858-4bcb-ba53-f11855ef1704,1dc1ac41-96a0-4ef0-9b41-aab3ff667eba,Lifestyle,Music
gen_0f8033be-bed7-465b-88e9-e987cdfcee90,1dc1ac41-96a0-4ef0-9b41-aab3ff667eba,Community,Volunteering
gen_de0343a8-9656-4ac1-9d02-7b4c43547091,1dc1ac41-96a0-4ef0-9b41-aab3ff667eba,Nutrition,Vegan Diet
gen_b4ceedc3-35cb-4277-836b-44e6e07b8018,1ddc147f-60e7-4c3f-a645-730b00d8a7e3,Fitness,Running
gen_ac536e00-3e9a-41c9-8eb3-8717291d6262,1ddc147f-60e7-4c3f-a645-730b00d8a7e3,Nutrition,Vegan Diet
gen_168b65b0-53f0-4da8-84b4-d38ec2da5dcd,1ddc147f-60e7-4c3f-a645-730b00d8a7e3,Nutrition,Keto Diet
gen_e715a034-3eb5-49d5-a419-18d773cafdbd,1ddf3108-4cbb-47d6-bd6c-eba7931a856d,Nutrition,Meal Prep
gen_6e79c2f9-1271-4527-a025-160372b89e6d,1ddf3108-4cbb-47d6-bd6c-eba7931a856d,Fitness,Cycling
gen_5668dfbf-28dd-4859-827f-ccf021d76db8,1ddf3108-4cbb-47d6-bd6c-eba7931a856d,Nutrition,Vegan Diet
gen_84d3da97-23aa-4347-a5c6-e97a6c1568f5,1debd7bd-d621-4005-a721-8895d7dafd87,Nutrition,Meal Prep
gen_d25c5fa8-5bb2-4787-b76a-1d318b440ebe,1debd7bd-d621-4005-a721-8895d7dafd87,Lifestyle,Digital Detox
gen_1bc110c9-fc88-4870-99a0-34b3d5a64833,1df81b8d-32ee-4c9c-9120-2c842688ff43,Fitness,Strength Training
gen_7da5d58f-1244-4dd4-bd78-1b949e63968f,1df81b8d-32ee-4c9c-9120-2c842688ff43,Leisure,Reading
gen_e933cc7e-e76d-406c-a819-19a164c13c21,1df81b8d-32ee-4c9c-9120-2c842688ff43,Lifestyle,Digital Detox
gen_158e3036-2375-49ca-be4b-b0ab067363ca,1e002314-9e4c-4e5b-a86f-715f66e8e62d,Lifestyle,Minimalism
gen_fa976029-f124-45a0-b493-d7a91a9afca4,1e002314-9e4c-4e5b-a86f-715f66e8e62d,Nutrition,Vegan Diet
gen_ede6ef05-3986-4bfc-92a9-12c51df2ec2d,1e002314-9e4c-4e5b-a86f-715f66e8e62d,Nutrition,Meal Prep
gen_17d8f56e-8690-48c5-b619-abbbf1474c05,1e0a5d81-0624-426e-b9ff-77be3edd8dbf,Nutrition,Keto Diet
gen_9421152d-afaf-417f-9c5a-23e046b6a457,1e0a5d81-0624-426e-b9ff-77be3edd8dbf,Community,Volunteering
gen_751d8432-3729-4df8-b89d-235a9fd28fd9,1e0a5d81-0624-426e-b9ff-77be3edd8dbf,Wellness,Yoga
gen_aee53f0e-33f5-460e-bc8f-4e71bc0bafd3,1e2f0ef3-080c-4951-bd7c-c689e4f8c1c9,Wellness,Meditation
gen_7c39ddfb-aafb-4ffa-9539-c330b4298c4c,1e2f0ef3-080c-4951-bd7c-c689e4f8c1c9,Lifestyle,Minimalism
gen_4dfcea96-e3b5-4876-8a6a-7612aa10e1f6,1e312448-db61-4f83-8dd8-88ba89650197,Leisure,Reading
gen_77b4a448-1c09-4849-a5a1-e1172e65c749,1e312448-db61-4f83-8dd8-88ba89650197,Lifestyle,Minimalism
gen_bbf3b034-f3b8-4bca-9846-4306d7db4b3d,1e6a6ae6-b9f4-481a-b3ab-f3984984d2ae,Nutrition,Keto Diet
gen_0e16c651-e565-41d9-ba49-8823ae1d247a,1e6a6ae6-b9f4-481a-b3ab-f3984984d2ae,Lifestyle,Music
gen_68cbf651-b6fb-4860-8186-d4ebe24d3c9a,1e6a6ae6-b9f4-481a-b3ab-f3984984d2ae,Lifestyle,Minimalism
gen_49d34449-2422-4ab0-82e5-467bf331a82c,1e6b210c-03f1-4d7d-9689-4ad4ae658f41,Fitness,Cycling
gen_d9122587-a45f-44e6-a560-c0d3be6acf7e,1e6b210c-03f1-4d7d-9689-4ad4ae658f41,Lifestyle,Minimalism
gen_d8d355d7-e6b9-47a3-9360-2f5ac82fbb9d,1e6b210c-03f1-4d7d-9689-4ad4ae658f41,Wellness,Yoga
gen_a37aa528-7411-466f-b046-1dd80059bd40,1ef95bf6-1c34-47bf-847a-418ef71e9f47,Leisure,Reading
gen_b784d5a6-f574-4da0-be56-13d495d22047,1ef95bf6-1c34-47bf-847a-418ef71e9f47,Wellness,Meditation
gen_6264365e-2767-4a15-9c35-ec6b25041334,1ef95bf6-1c34-47bf-847a-418ef71e9f47,Nutrition,Keto Diet
gen_5cbc803a-ee75-4317-aaab-35e3a127a8ca,1ef97db5-3528-4164-a550-4445acf4ac65,Leisure,Cooking
gen_e0620a17-d44e-420f-bb6e-10b45a0b4d3e,1ef97db5-3528-4164-a550-4445acf4ac65,Fitness,Strength Training
gen_11ce8e00-1e75-41ce-a27c-d2f29a5af76a,1ef97db5-3528-4164-a550-4445acf4ac65,Nutrition,Meal Prep
gen_b9032c8e-efd0-4d5e-8fcf-db8c6b324340,1f102326-daf2-47d2-9448-0d607db6a5c4,Lifestyle,Digital Detox
gen_6571fc67-4857-4981-bc69-395e13c08836,1f102326-daf2-47d2-9448-0d607db6a5c4,Lifestyle,Music
gen_2f83ab31-ce8c-4d70-a00d-0f504bbd84e9,1f102326-daf2-47d2-9448-0d607db6a5c4,Leisure,Cooking
gen_c717fee5-a889-427e-a669-6255df5a0f2c,1fb4454a-9ef5-477d-831f-9cab25e0408d,Fitness,Running
gen_a762cf8f-b343-48b5-b20c-65653f976ef0,1fb4454a-9ef5-477d-831f-9cab25e0408d,Wellness,Yoga
gen_3c6742e6-01b1-4048-a74b-c4b78e30f97c,1ff2ad3a-34e7-4ead-a51a-8a4512ce576a,Lifestyle,Minimalism
gen_67a1c1e5-7d95-4a7e-9a76-15cc539096b0,1ff2ad3a-34e7-4ead-a51a-8a4512ce576a,Lifestyle,Digital Detox
gen_120a792c-f443-4b85-9913-8c1315058cae,1ff2ad3a-34e7-4ead-a51a-8a4512ce576a,Leisure,Reading
gen_8647ec68-982a-4c55-ac10-e38da0505b25,20252f79-aa6b-44b3-98c8-20cc1086b41a,Nutrition,Meal Prep
gen_996d210f-448a-4957-bf4e-a849f29e1cac,20252f79-aa6b-44b3-98c8-20cc1086b41a,Lifestyle,Minimalism
gen_5f5615a2-ed50-485f-931d-3b68831e7d33,20be7905-0bf3-4cfb-b08d-20f20e70d23b,Lifestyle,Minimalism
gen_aa4bc88d-798c-4f56-a203-7017c8ae430c,20be7905-0bf3-4cfb-b08d-20f20e70d23b,Leisure,Reading
gen_90d946f9-d726-41ac-aa11-9cec8e09db86,20be7905-0bf3-4cfb-b08d-20f20e70d23b,Lifestyle,Music
gen_0c2837d7-f607-4f6b-bca2-dac517dcee2b,20c8a983-1235-453a-bc74-11871370a49f,Wellness,Meditation
gen_c4a30f42-dd47-415f-abdd-e30c8324d29d,20c8a983-1235-453a-bc74-11871370a49f,Wellness,Yoga
gen_3a71a7a5-9dab-4ea6-86da-916cae03a269,20cca08e-6c35-4eb8-a7e5-913a7219df31,Nutrition,Meal Prep
gen_249afd5e-43e0-4b56-a5bf-ac45b8a4dc1a,20cca08e-6c35-4eb8-a7e5-913a7219df31,Wellness,Yoga
gen_f2569453-6f38-4658-b398-4a77a1aa83ef,20cca08e-6c35-4eb8-a7e5-913a7219df31,Wellness,Meditation
gen_96f10875-2c43-42a5-a6e4-c12aebf1feb7,210c134c-b1d6-4987-89a1-8bc60511a383,Lifestyle,Minimalism
gen_79882116-a0ed-40e0-b28c-4fd0f277f703,210c134c-b1d6-4987-89a1-8bc60511a383,Lifestyle,Digital Detox
gen_7b8a501b-96bd-4ef9-aa83-ce799e55e045,210c134c-b1d6-4987-89a1-8bc60511a383,Community,Volunteering
gen_6ef20ef6-84b2-47a9-92ff-a5c3ceee0fe5,211c5f89-4b95-4b07-8f1b-1abfffbe992d,Nutrition,Vegan Diet
gen_0c33c65d-3174-4cd2-8f15-f52686f105c9,211c5f89-4b95-4b07-8f1b-1abfffbe992d,Nutrition,Meal Prep
gen_57422f1b-20f1-4228-853a-6b873d857ef8,211c5f89-4b95-4b07-8f1b-1abfffbe992d,Lifestyle,Digital Detox
gen_7fa4f002-280b-4937-8a45-db634463ad6a,211d1bb7-9ca0-4b9d-bf17-4e2223fc2cb5,Nutrition,Keto Diet
gen_b7ec33a6-82ab-4281-b54e-3aec7274801f,211d1bb7-9ca0-4b9d-bf17-4e2223fc2cb5,Nutrition,Meal Prep
gen_60c17c24-0f8c-48a1-a89f-9158fd9b3314,211d1bb7-9ca0-4b9d-bf17-4e2223fc2cb5,Lifestyle,Minimalism
gen_430a10c4-cf67-46d9-a448-06e3eae6f0b3,2121f9d1-f656-45f2-a0d3-5f674853f86f,Wellness,Meditation
gen_d9557852-7bd3-4804-b9b2-a5294ceaa88f,2121f9d1-f656-45f2-a0d3-5f674853f86f,Leisure,Cooking
gen_fed290aa-d9f9-496e-84c4-9e1e5c1df434,2121f9d1-f656-45f2-a0d3-5f674853f86f,Wellness,Yoga
gen_d39656f3-5c28-4582-bfe7-29d34a224722,21222686-3647-4697-89d5-4686d32c3503,Nutrition,Meal Prep
gen_1f5d2c39-6d8b-4554-bb5c-7824d0dd4193,21222686-3647-4697-89d5-4686d32c3503,Wellness,Yoga
gen_942e512c-b996-441e-81ca-6b996643d2a6,214b2e5b-3cbb-48ce-bcdf-cc3e556ae671,Fitness,Running
gen_9a3dabb9-8f6a-4ee0-9937-283c1ed840ba,214b2e5b-3cbb-48ce-bcdf-cc3e556ae671,Nutrition,Meal Prep
gen_4d5750ad-56eb-4a79-adac-d94ce47dd1f2,214b2e5b-3cbb-48ce-bcdf-cc3e556ae671,Lifestyle,Digital Detox
gen_ae332b48-faf8-4f5a-8786-860a6b6b23c7,219bc148-4687-4cfd-8073-93f2c450a316,Wellness,Yoga
gen_dddf3129-1fbc-4488-b302-7d2901b2c2bc,219bc148-4687-4cfd-8073-93f2c450a316,Leisure,Cooking
gen_98e6fc23-a4c5-4537-8020-e83207869052,2227e897-490d-4e6d-b415-0b78f3db9abc,Wellness,Meditation
gen_afea0563-a0be-4e6d-b7cf-6859b5f6e8d4,2227e897-490d-4e6d-b415-0b78f3db9abc,Nutrition,Meal Prep
gen_9cc8b685-bf20-43a0-8b57-7f6507ad8062,2227e897-490d-4e6d-b415-0b78f3db9abc,Fitness,Strength Training
gen_800dc074-d29e-4736-be77-27f2843fb5d9,224f91b5-0f6a-49ca-b9c6-6314e96c5636,Fitness,Running
gen_58d8c0da-663c-4552-bd79-ebf0b19ecc5e,224f91b5-0f6a-49ca-b9c6-6314e96c5636,Community,Volunteering
gen_b91d974f-8ed7-41d8-9068-5b84b25c460a,224f91b5-0f6a-49ca-b9c6-6314e96c5636,Wellness,Yoga
gen_5866c932-1867-49c7-86ac-ef8f6c7cb47b,2250c4e5-bce0-49b0-b9cf-f4c86cb57e6b,Wellness,Yoga
gen_c1bde9c0-1df9-465b-8505-f2f39db7352a,2250c4e5-bce0-49b0-b9cf-f4c86cb57e6b,Nutrition,Keto Diet
gen_1fc485d1-dcdf-4932-b4fb-5f30beaba5e6,2250c4e5-bce0-49b0-b9cf-f4c86cb57e6b,Fitness,Cycling
gen_43daf4ab-8f26-4a83-bd6d-782ec4eefcc3,226358e9-3b10-4161-b407-1a02964b6834,Lifestyle,Music
gen_009f0654-e368-4fd6-b933-045a46f85014,226358e9-3b10-4161-b407-1a02964b6834,Nutrition,Meal Prep
gen_240e88c5-5809-4d2d-b19f-ee679bf13536,226358e9-3b10-4161-b407-1a02964b6834,Lifestyle,Digital Detox
gen_08541c19-5e5d-4290-82f2-12fc187d5f25,2266a0ca-1d55-4af3-984c-297ada1ae07c,Wellness,Meditation
gen_4d4dcfb9-c678-4e84-9e84-b552d94d6d1d,2266a0ca-1d55-4af3-984c-297ada1ae07c,Lifestyle,Music
gen_f5d8260d-215d-4530-9bab-3b17312daae3,2285f9a2-4005-4575-afa3-4626e87c2c6b,Lifestyle,Digital Detox
gen_2bc9d6f3-55a4-4e2d-aed3-674e46ed187d,2285f9a2-4005-4575-afa3-4626e87c2c6b,Wellness,Meditation
gen_b4e12706-6351-48a1-8c00-ef3a132c7203,2296ed0f-15ac-4c4f-b26f-f6ebb74467a4,Hobbies,Gardening
gen_85f23369-5a3e-472e-8236-38c9c31da9a4,2296ed0f-15ac-4c4f-b26f-f6ebb74467a4,Community,Volunteering
gen_90b69ea2-d5ba-43c6-8031-6e00bae44da8,22a6670c-8b34-4ebb-9d08-02b2c7fc97e7,Fitness,Running
gen_94ea167a-f6ba-458a-8ec8-bbccb6e24666,22a6670c-8b34-4ebb-9d08-02b2c7fc97e7,Community,Volunteering
gen_f045d875-9ed4-4c91-aec8-936e42c96a0e,22a6670c-8b34-4ebb-9d08-02b2c7fc97e7,Lifestyle,Music
gen_31f0ef7c-58b7-4788-a909-f20e549fc0af,22a95572-8268-405c-ab4b-a9019a947a66,Lifestyle,Minimalism
gen_8c1ee35d-dfc5-4810-b5c5-686ca4cc5a1e,22a95572-8268-405c-ab4b-a9019a947a66,Leisure,Cooking
gen_7611e290-8b35-436f-9164-f555d35b6645,22a95572-8268-405c-ab4b-a9019a947a66,Community,Volunteering
gen_f3617149-13b7-4784-9578-cd8d9a0017b9,22aa7ff0-91cd-42aa-8a8f-66d4ed7544c6,Fitness,Cycling
gen_decedb08-e0fe-4d94-95d9-9a523d4031f9,22aa7ff0-91cd-42aa-8a8f-66d4ed7544c6,Lifestyle,Music
gen_b9ff3ea0-29b0-49cb-980d-80ef445758f5,22aa7ff0-91cd-42aa-8a8f-66d4ed7544c6,Wellness,Meditation
gen_f954d3e9-0231-405d-b90a-ae082bad78c5,22ae8943-4349-430d-9787-ca7ce2f117d5,Fitness,Running
gen_7e3247d9-65cf-46cb-9ea8-33d267b05978,22ae8943-4349-430d-9787-ca7ce2f117d5,Community,Volunteering
gen_f36d2fdd-dbcc-4aea-a507-b53e3f55bace,22ae8943-4349-430d-9787-ca7ce2f117d5,Leisure,Cooking
gen_03c4f8e4-ec3a-4708-b2f2-87696402d8dc,22bb84e2-4c41-4d0a-8bc6-421473b2fc6e,Lifestyle,Minimalism
gen_e5ee06f3-efc6-46dc-a967-77da7a745dce,22bb84e2-4c41-4d0a-8bc6-421473b2fc6e,Fitness,Running
gen_453dd37e-a18b-48b7-a193-e39d0a6e4039,22bb84e2-4c41-4d0a-8bc6-421473b2fc6e,Fitness,Strength Training
gen_68cdedc0-34f7-4e0d-b1be-bc7b3860ee9c,231b939d-8da4-4f88-931f-1414d89293ae,Fitness,Cycling
gen_85b0c268-b3de-4d21-9752-bfe74a82c0d8,231b939d-8da4-4f88-931f-1414d89293ae,Leisure,Cooking
gen_f7fa8eed-8d24-4eb8-b3d8-6d41a436b837,232eef46-7ac8-47bb-b24f-3e80b561c336,Fitness,Running
gen_1bfac645-ac70-4aa2-8894-8efdcb93bd0f,232eef46-7ac8-47bb-b24f-3e80b561c336,Wellness,Yoga
gen_a9c22acf-38a0-45c4-ad90-e4ed384e142c,232eef46-7ac8-47bb-b24f-3e80b561c336,Leisure,Cooking
gen_e4b62bc3-d0d0-4547-9f06-4a3af0d22a57,2340712b-6ff2-419f-8a99-01f4057ee136,Fitness,Strength Training
gen_e0d58a72-bf5a-4d4b-acc3-f0631f589067,2340712b-6ff2-419f-8a99-01f4057ee136,Leisure,Cooking
gen_22e92c26-8cd3-4d7d-91ce-15c7ed8948cd,2340712b-6ff2-419f-8a99-01f4057ee136,Leisure,Reading
gen_8efce94b-1617-4db2-b7ba-799d5d24e86e,235f04d6-95e2-4f87-b2bc-58b97a0eaab4,Leisure,Reading
gen_71eb2195-e3f6-4bdb-bd56-e746d909a3cd,235f04d6-95e2-4f87-b2bc-58b97a0eaab4,Lifestyle,Digital Detox
gen_2ca583ba-1373-43fb-92af-f1d9c0948405,23719638-0d53-4da6-817a-cf37034d97c1,Lifestyle,Minimalism
gen_dcf4ebab-0a2e-4185-9a16-42eb8bb24c65,23719638-0d53-4da6-817a-cf37034d97c1,Leisure,Cooking
gen_05ffd869-1b7b-4213-8638-498012a2fa77,23719638-0d53-4da6-817a-cf37034d97c1,Wellness,Meditation
gen_1c84eb27-26d2-456a-b42c-1c2f9f6ee9d0,239fb45d-d42a-4bf3-8e86-79d3e552684f,Wellness,Meditation
gen_bb4141d3-4fdd-49e5-a8aa-963233d638a3,239fb45d-d42a-4bf3-8e86-79d3e552684f,Fitness,Strength Training
gen_69c403ff-9976-4436-84db-d46b86364e2c,239fb45d-d42a-4bf3-8e86-79d3e552684f,Community,Volunteering
gen_61083720-6725-4277-bc7d-4cdf373b4a5d,23b0d32b-f83d-474b-8315-2f9935e246df,Fitness,Strength Training
gen_13ce470c-a20b-43c8-9806-0d68b24b14ac,23b0d32b-f83d-474b-8315-2f9935e246df,Nutrition,Meal Prep
gen_7a0af3a4-20a6-43ec-afda-92c014b0c3c0,23c106b5-143d-4c2c-ba9c-bb4614f0e31b,Leisure,Reading
gen_8800ca23-cb7d-454c-b5ee-fca5ce22d554,23c106b5-143d-4c2c-ba9c-bb4614f0e31b,Wellness,Yoga
gen_c00ca819-7bdb-44b2-bc3d-f7ea74e7337e,23c49ed9-6c02-4526-bb5e-54d846a04d6c,Wellness,Meditation
gen_c231aa2e-57c7-48e2-96ea-c3a1e0147778,23c49ed9-6c02-4526-bb5e-54d846a04d6c,Hobbies,Gardening
gen_ea713335-8b3a-49e1-a2ee-1fb610235d59,23eb6caa-c8cd-46f3-ae56-170ed4514a4b,Fitness,Cycling
gen_af13d639-1fc5-410b-a712-7ac5ed1dda34,23eb6caa-c8cd-46f3-ae56-170ed4514a4b,Wellness,Yoga
gen_9a9ae8a0-1914-48fa-b57a-7b3eb9dcdfab,23f1dcc0-84bc-4d72-b5aa-ae44b79ae9c8,Lifestyle,Digital Detox
gen_bbae651f-f6eb-475b-9d5c-f4d885c4366c,23f1dcc0-84bc-4d72-b5aa-ae44b79ae9c8,Fitness,Running
gen_8b52a33e-49cc-4aa5-8075-cad37852e4a7,24009d6b-1f2a-40f7-95ea-616fa6a70a4e,Lifestyle,Music
gen_cf444a24-4d56-4932-8eb2-316db17e3c29,24009d6b-1f2a-40f7-95ea-616fa6a70a4e,Nutrition,Vegan Diet
gen_85d3f642-46ab-47d9-8f19-7e7a8efb08b0,2417fa65-0562-424e-b1ff-2b0590ec7c28,Nutrition,Meal Prep
gen_351c4842-9783-43cd-9f21-235dc398fd17,2417fa65-0562-424e-b1ff-2b0590ec7c28,Fitness,Strength Training
gen_11ccebcf-2627-4607-85af-4635a3265df4,2417fa65-0562-424e-b1ff-2b0590ec7c28,Lifestyle,Minimalism
gen_c57fd2da-61e7-41fe-ace0-414ec0e5d613,2430d6cb-df73-4701-8b3c-9e0cd2683d80,Lifestyle,Music
gen_d2a1538d-ecd7-4846-91d3-6d73114165f1,2430d6cb-df73-4701-8b3c-9e0cd2683d80,Wellness,Yoga
gen_9d9d89ac-aa99-43fc-b904-83cc62885e62,2430d6cb-df73-4701-8b3c-9e0cd2683d80,Wellness,Meditation
gen_69c8d46b-8c1e-4625-80cd-688c9267b122,244b376a-ed74-4dcc-85c1-f0a1a26a19ef,Nutrition,Meal Prep
gen_852dcb54-3333-455d-be9f-d1a08726ad39,244b376a-ed74-4dcc-85c1-f0a1a26a19ef,Community,Volunteering
gen_9cd8013e-c30b-447a-aff2-0f1699790712,244b376a-ed74-4dcc-85c1-f0a1a26a19ef,Lifestyle,Minimalism
gen_007ae1a8-fa4c-413a-8f35-912974072104,24897e18-6ec4-475d-8193-38d46577b2a5,Hobbies,Gardening
gen_a36c8f9a-1aa2-462a-82b7-27304c29ab12,24897e18-6ec4-475d-8193-38d46577b2a5,Wellness,Yoga
gen_a2fd3db9-aaad-4ad7-95cc-c6bcb94aa86d,24f7799e-ce9d-4aab-936d-589543cdfb25,Leisure,Reading
gen_4f7f6443-aaaf-4c78-b037-5be289a77ced,24f7799e-ce9d-4aab-936d-589543cdfb25,Leisure,Cooking
gen_4b228e96-de29-4d05-8dbf-7477204d46e3,24f7799e-ce9d-4aab-936d-589543cdfb25,Hobbies,Gardening
gen_b581f357-7a1d-4136-86fe-53298e03fb47,2538308f-40a1-4989-951b-bb72f5b24ab9,Nutrition,Vegan Diet
gen_d7dc1e57-7a33-4792-84c1-da310d754b25,2538308f-40a1-4989-951b-bb72f5b24ab9,Fitness,Running
gen_911f3e51-a8f5-49d6-92f8-ef6efda7d5b2,255c9d24-930c-427f-acf3-9ff42dae890e,Hobbies,Gardening
gen_c649fc0c-7d85-45f7-a931-11a046e44f7c,255c9d24-930c-427f-acf3-9ff42dae890e,Fitness,Cycling
gen_89cfb570-1d3f-4087-af33-68da6dfae6d7,25619f61-84e1-4542-a3b2-038b6431a49b,Community,Volunteering
gen_69ec1a41-82d6-48eb-aaf1-694caeeb347f,25619f61-84e1-4542-a3b2-038b6431a49b,Fitness,Cycling
gen_75241313-a79a-46c3-b7d0-1efb49ce0538,25619f61-84e1-4542-a3b2-038b6431a49b,Fitness,Running
gen_7b533f40-b0e2-4041-b01f-41c3f78a4afd,259b699d-ff6a-4158-afa7-1d9f2864af4e,Fitness,Cycling
gen_ccff4071-f1b4-4e2c-a169-cec121909870,259b699d-ff6a-4158-afa7-1d9f2864af4e,Leisure,Reading
gen_d55abda4-df26-4417-96ec-5dca743751af,25c49145-4ae8-444c-b633-220c22661f6d,Fitness,Strength Training
gen_08d9af83-a007-4c71-9e8a-2d7da2995d56,25c49145-4ae8-444c-b633-220c22661f6d,Nutrition,Meal Prep
gen_6cda5fca-f9ef-4a34-80e3-65f4f18e89ee,25c49145-4ae8-444c-b633-220c22661f6d,Leisure,Cooking
gen_25d7dfee-0c01-4e93-9b33-8e25fdf268f4,26105b7f-5bec-480c-b842-12253e528c3f,Lifestyle,Minimalism
gen_8d32109a-9b03-46d1-a397-c7adf864d12b,26105b7f-5bec-480c-b842-12253e528c3f,Fitness,Running
gen_40319def-1d5f-4fa2-a5c3-d19f209dd39e,26105b7f-5bec-480c-b842-12253e528c3f,Leisure,Cooking
gen_55b092e3-8765-4a66-ba68-3a22be1b5a71,2643dea1-ccbe-4dd7-ac97-a5a3d7a27e12,Nutrition,Meal Prep
gen_a298471c-0b19-4199-acd1-7b883fdcc654,2643dea1-ccbe-4dd7-ac97-a5a3d7a27e12,Nutrition,Vegan Diet
gen_c60bcc3b-7fe2-4b0d-b443-498cb1908bbb,2643dea1-ccbe-4dd7-ac97-a5a3d7a27e12,Wellness,Meditation
gen_cc07b53f-3550-477c-ba53-60f31fdf1993,265670dd-1041-4fdf-baa6-ed98ae563536,Lifestyle,Minimalism
gen_6cf79dfa-dee5-4325-966f-d973bff00444,265670dd-1041-4fdf-baa6-ed98ae563536,Fitness,Running
gen_d5897758-7b7f-42a8-87df-112a725f6b43,265670dd-1041-4fdf-baa6-ed98ae563536,Fitness,Strength Training
gen_491f3854-996a-4365-a3f8-03c8b1697ee0,266216c5-3a7d-4704-ad8f-9f27bc051a59,Leisure,Cooking
gen_26836b02-4a97-4863-942e-5a996e03f414,266216c5-3a7d-4704-ad8f-9f27bc051a59,Nutrition,Vegan Diet
gen_f1f31799-a6d0-4504-9ac6-1d0930b54013,26882ccb-bb29-4670-87f3-12afbd161d8a,Fitness,Strength Training
gen_db4c872e-ab44-41ab-ad05-6eca8df67719,26882ccb-bb29-4670-87f3-12afbd161d8a,Wellness,Meditation
gen_9dcc9385-74ed-42b1-98db-f3e5c815495a,26882ccb-bb29-4670-87f3-12afbd161d8a,Lifestyle,Music
gen_c5984fbc-a982-460b-9f39-6a3e98e44355,26b9f0cd-2c2a-43c8-9a32-ef21e3bb1776,Wellness,Yoga
gen_03ad12a9-d785-4444-a4bc-42e09bc3a19b,26b9f0cd-2c2a-43c8-9a32-ef21e3bb1776,Hobbies,Gardening
gen_007265c5-53a4-4d44-a492-2630c9b90eb4,26dbbfe8-00e7-41af-9db5-cba2a706e547,Leisure,Reading
gen_cd7f42d1-43ec-40e4-b138-4e133d8262f6,26dbbfe8-00e7-41af-9db5-cba2a706e547,Hobbies,Gardening
gen_ddd130ba-a0bd-4bed-b276-5c4a52bf9ede,26ddec8f-b792-4c44-b5e0-1f6b4db6a668,Fitness,Strength Training
gen_72b6876e-d2b8-4afd-8f14-7eddac6dab04,26ddec8f-b792-4c44-b5e0-1f6b4db6a668,Lifestyle,Music
gen_c8712639-74fa-476a-a83e-57dce9a4ef1f,26ddec8f-b792-4c44-b5e0-1f6b4db6a668,Leisure,Reading
gen_db78feb4-9d25-4523-b095-98558892c0ec,26df100c-4551-4ba1-8bc3-6011a43d5880,Lifestyle,Minimalism
gen_500eb090-c156-425d-969b-fed8491b4787,26df100c-4551-4ba1-8bc3-6011a43d5880,Lifestyle,Digital Detox
gen_744d8cd2-d85d-4f69-ae90-f664f60288cf,2704331f-9fd8-4cff-a117-836c0d78fd3c,Leisure,Cooking
gen_0a1ea61a-bc20-4827-852e-d3e4dcd0d952,2704331f-9fd8-4cff-a117-836c0d78fd3c,Wellness,Meditation
gen_2b620806-828d-42b2-8211-2879f3bf1f11,2704331f-9fd8-4cff-a117-836c0d78fd3c,Fitness,Cycling
gen_89fb7b12-02b4-4228-af8c-5d34b88d5565,270fc4ae-8d3e-4225-b912-4a16486a8dcc,Hobbies,Gardening
gen_5f00cbce-f093-4dff-87f2-cf78136108fe,270fc4ae-8d3e-4225-b912-4a16486a8dcc,Community,Volunteering
gen_754bd54b-3332-454f-bb41-3b97f17c26fd,270fc4ae-8d3e-4225-b912-4a16486a8dcc,Lifestyle,Minimalism
gen_3ba351dc-4af5-4e2b-9edf-64896ee47db4,2714ce02-d9ad-4c76-b327-9b86362984f1,Lifestyle,Minimalism
gen_d8e7d817-ca22-4dbe-b993-a100aed81fb3,2714ce02-d9ad-4c76-b327-9b86362984f1,Nutrition,Keto Diet
gen_a474013e-94f7-40ae-803b-d5d105c61bd6,2728c27d-cbf1-44ca-bf92-b64c1d18f4fa,Nutrition,Keto Diet
gen_d00a35ee-8fd2-4675-b0a9-47868fc3e4b0,2728c27d-cbf1-44ca-bf92-b64c1d18f4fa,Leisure,Cooking
gen_aec236bb-a877-43e1-9c7d-a45dee0fa973,2728c27d-cbf1-44ca-bf92-b64c1d18f4fa,Hobbies,Gardening
gen_915b29a4-2dd4-465d-b903-bf8e5c3584ff,27726b95-5ffb-4ab5-a82a-858ff1bab914,Community,Volunteering
gen_0c52bc2b-34ff-4577-872e-f9c74527c15b,27726b95-5ffb-4ab5-a82a-858ff1bab914,Fitness,Cycling
gen_21c931da-4790-469c-a4f1-cdc9b52ddb23,278e3e26-17af-4c92-beba-d0227c43af08,Nutrition,Vegan Diet
gen_06ca5b01-7981-4f80-8a88-94fa6a91f5d5,278e3e26-17af-4c92-beba-d0227c43af08,Nutrition,Meal Prep
gen_c2ce9153-5ed0-42a2-830e-505c531c8c39,278e3e26-17af-4c92-beba-d0227c43af08,Lifestyle,Minimalism
gen_458b7bd3-e26f-4f4b-9876-959cb2f0badf,27ca132e-76a8-4dc5-ace2-31ed889c0dfb,Hobbies,Gardening
gen_f42a88c8-db4f-4e87-848e-964aa7161c77,27ca132e-76a8-4dc5-ace2-31ed889c0dfb,Nutrition,Vegan Diet
gen_6802bc38-9277-432c-a51c-706528933878,27ca132e-76a8-4dc5-ace2-31ed889c0dfb,Leisure,Reading
gen_f675ba8c-f0ea-4c8d-a91d-7de139968d21,27ec0765-a7d0-41c9-96db-24ecd936ba1f,Lifestyle,Minimalism
gen_0133585d-60a3-4ffe-ae6f-27a739a43cee,27ec0765-a7d0-41c9-96db-24ecd936ba1f,Fitness,Running
gen_2ee47e1b-9ebd-4384-913f-42a7927c4f23,2852573c-f4bc-4907-8202-b5be8a0ccedc,Wellness,Meditation
gen_a741aa2a-054e-4716-a02c-6f24e35c379d,2852573c-f4bc-4907-8202-b5be8a0ccedc,Nutrition,Keto Diet
gen_be7c0564-1e83-4b8b-ae6a-f12b980465cf,2852573c-f4bc-4907-8202-b5be8a0ccedc,Fitness,Running
gen_77660da0-2741-4751-82ed-582436b5634d,2862a95b-ef8b-4645-b623-103fd42b7e80,Community,Volunteering
gen_30fc7943-fbbc-4d64-92f8-3077d3377017,2862a95b-ef8b-4645-b623-103fd42b7e80,Lifestyle,Digital Detox
gen_af41a20b-7240-46c8-b9e7-756f4edf78da,2862a95b-ef8b-4645-b623-103fd42b7e80,Lifestyle,Music
gen_12c39c2c-1d2b-4c58-bfde-1ecdc010246e,28b1a9f3-fa88-4856-83e5-08e32984df79,Nutrition,Vegan Diet
gen_63aa4ef4-d533-4795-a9d0-43d4100736dc,28b1a9f3-fa88-4856-83e5-08e32984df79,Lifestyle,Music
gen_6a699368-8d86-44e5-8973-e575449ac7a4,28b1a9f3-fa88-4856-83e5-08e32984df79,Wellness,Yoga
gen_3c51bed1-f3f7-4e27-aa91-bb0e9e1a2ac2,28b75718-dcc4-468d-a651-2520e2a56d65,Fitness,Strength Training
gen_c5cf31a0-d7bf-4445-84ae-18e837d21f5e,28b75718-dcc4-468d-a651-2520e2a56d65,Leisure,Reading
gen_72e0117c-f361-46f6-ba97-e62168d0aa64,28b75718-dcc4-468d-a651-2520e2a56d65,Lifestyle,Minimalism
gen_4ae2a64d-82a4-430a-87a0-b25e5fd259f9,28cc7203-d6f6-4804-84c9-b1b6cc9dafc8,Leisure,Reading
gen_ffde74e4-f7b3-43e1-86fb-cbbab1beb5ca,28cc7203-d6f6-4804-84c9-b1b6cc9dafc8,Lifestyle,Music
gen_7c9f2361-3e96-4fbf-adbb-3de33bf2f89e,28cc7203-d6f6-4804-84c9-b1b6cc9dafc8,Wellness,Yoga
gen_379cea32-3bbf-49a7-b3fe-1d1080c8fcc0,2903ab25-fa9b-4ed8-890a-535849ce5cb9,Lifestyle,Digital Detox
gen_bae85531-860b-44f1-9692-0cba71802565,2903ab25-fa9b-4ed8-890a-535849ce5cb9,Fitness,Cycling
gen_0c619371-86e2-41eb-8321-d3f22224613a,2903ab25-fa9b-4ed8-890a-535849ce5cb9,Wellness,Meditation
gen_8504cf9b-9a32-4fa4-9c82-61a633e8d69c,294d3756-5571-4a92-8bdf-94f3678d862c,Leisure,Cooking
gen_a1d7f980-f035-464d-938b-905d010f6e9e,294d3756-5571-4a92-8bdf-94f3678d862c,Nutrition,Meal Prep
gen_30a2f30d-b17d-4f7b-89d1-53b566f316b0,294d3756-5571-4a92-8bdf-94f3678d862c,Lifestyle,Minimalism
gen_b0e57b06-15e1-40dd-aa43-a09526875b1d,2979915f-f894-4008-87f6-75f3ac03106e,Lifestyle,Music
gen_f4d9a688-8448-4a9e-abfd-562e5c65aea9,2979915f-f894-4008-87f6-75f3ac03106e,Hobbies,Gardening
gen_328479e9-7eb0-4692-9da3-d111c96b6987,298b7709-cb1f-4587-bbf5-c3ff5b49d77e,Nutrition,Meal Prep
gen_01ece886-e1f3-48c7-a9a4-3fa8781c61a3,298b7709-cb1f-4587-bbf5-c3ff5b49d77e,Fitness,Cycling
gen_cf533d93-3f8c-4dea-bad7-62951fadd5fa,29c2749a-66d4-4d16-9961-cdb8bb8fcb6e,Lifestyle,Digital Detox
gen_950def95-c0af-4a67-bab4-4989cb62d8c8,29c2749a-66d4-4d16-9961-cdb8bb8fcb6e,Lifestyle,Music
gen_935f4793-fdbb-4e43-96b9-34a4bbb2ca67,29c2749a-66d4-4d16-9961-cdb8bb8fcb6e,Leisure,Cooking
gen_1c44e629-dee1-4bd4-bf1c-b8cf9c8413d0,29c5d0bb-ee77-45e6-9624-fdc0cb500a65,Fitness,Running
gen_92131b46-2f58-466d-a126-95b1ab182034,29c5d0bb-ee77-45e6-9624-fdc0cb500a65,Wellness,Yoga
gen_2d12f567-2dea-47f6-abba-de138e0386bb,29c5d0bb-ee77-45e6-9624-fdc0cb500a65,Leisure,Cooking
gen_d5ca6516-8447-4267-80af-d43d68ea102c,29f0b517-7c10-4698-87ad-1881dc20ea1a,Fitness,Running
gen_3250e179-660d-48a8-bd05-e524d4323ff1,29f0b517-7c10-4698-87ad-1881dc20ea1a,Hobbies,Gardening
gen_93bd8dd2-863d-468c-98b1-1f7090af588a,29f0b517-7c10-4698-87ad-1881dc20ea1a,Fitness,Cycling
gen_7c1715b7-44d4-4062-9d08-7b561fa4aedc,2a17c521-0afd-48d9-9fd6-0974aa1073c8,Leisure,Cooking
gen_b0f7b7dd-e91c-4208-84a0-18089ccff414,2a17c521-0afd-48d9-9fd6-0974aa1073c8,Nutrition,Meal Prep
gen_72e9c3fa-c617-48d7-a53b-a7ef060b79f1,2a17c521-0afd-48d9-9fd6-0974aa1073c8,Wellness,Meditation
gen_01b486c4-e017-4882-9ef7-55d54e10df6a,2a2b1a6e-c6f0-4894-b105-25387cf2aa8e,Nutrition,Vegan Diet
gen_a7898f83-2d0e-428c-9eb4-de5a4726cb8c,2a2b1a6e-c6f0-4894-b105-25387cf2aa8e,Community,Volunteering
gen_b23f2cee-540e-435c-9d0b-1faf7b39cf41,2a2b1a6e-c6f0-4894-b105-25387cf2aa8e,Lifestyle,Minimalism
gen_a73b665a-dacc-4dd3-89e9-50487293ec37,2a3bbeb8-5396-4be5-a8f1-8c4407705460,Wellness,Yoga
gen_886f7ae9-4160-4c8a-8cd6-0fcd3f5ac400,2a3bbeb8-5396-4be5-a8f1-8c4407705460,Lifestyle,Minimalism
gen_d088dcba-b34c-4f2c-9d80-b188f5553abf,2a3bbeb8-5396-4be5-a8f1-8c4407705460,Lifestyle,Digital Detox
gen_c25278cd-915e-4a66-a547-87c70089f03a,2a8194e1-b02a-4aa8-91a1-f03c2afa2341,Nutrition,Vegan Diet
gen_b0a4bf90-5b37-4d23-89a5-e4a4fde22b3c,2a8194e1-b02a-4aa8-91a1-f03c2afa2341,Wellness,Yoga
gen_68f066bb-17c2-48de-8a87-94b4777d25d2,2af08dc5-2364-4459-9276-ca39118849d0,Community,Volunteering
gen_b63ae05d-2f0b-486b-8093-509130eb289a,2af08dc5-2364-4459-9276-ca39118849d0,Fitness,Running
gen_f406fe97-7e0c-46c9-9cd5-e0db8b2db5f8,2af29d54-cb95-484d-a9ed-328441274a6c,Leisure,Reading
gen_907beae3-3a71-48a2-b699-12b21184a3ca,2af29d54-cb95-484d-a9ed-328441274a6c,Leisure,Cooking
gen_24fc54ff-44fa-4a9d-a130-bf5edf30a755,2af29d54-cb95-484d-a9ed-328441274a6c,Nutrition,Vegan Diet
gen_77684dd3-57d0-41af-8dfe-4c4caae718f4,2afcbbf2-a55b-4a53-af26-542e01175849,Leisure,Cooking
gen_4a5f633e-7ab6-454d-8e5b-718736ee1329,2afcbbf2-a55b-4a53-af26-542e01175849,Leisure,Reading
gen_388e1e20-b2bd-4bf2-a970-057ea308fec7,2afcbbf2-a55b-4a53-af26-542e01175849,Lifestyle,Digital Detox
gen_6d376cae-2fea-49a2-b293-ee6d9c1ebe9c,2b0a442a-b66d-462a-8665-6f26d5fef0d4,Community,Volunteering
gen_5e0e3820-4178-45a7-9118-96aa058c3ce9,2b0a442a-b66d-462a-8665-6f26d5fef0d4,Lifestyle,Music
gen_82bdeb50-a3ea-4fe0-a7d4-f65620a8592c,2b0a442a-b66d-462a-8665-6f26d5fef0d4,Wellness,Meditation
gen_fc4a4eac-b848-41ce-9ff3-f6d209a74ad6,2b177450-699d-44b1-b572-0da4331c05eb,Community,Volunteering
gen_fd3c3934-f790-4209-b1da-6a7bffb59065,2b177450-699d-44b1-b572-0da4331c05eb,Fitness,Strength Training
gen_2092406f-d363-49a3-8612-45acb89bdf86,2b177450-699d-44b1-b572-0da4331c05eb,Leisure,Cooking
gen_6d69e365-99ba-4934-a009-eb4fd5caf5b0,2b3b89a4-1f0d-4ffb-9728-993b36d01245,Community,Volunteering
gen_6cdaa81f-10c1-4864-83ac-52c20b22f41b,2b3b89a4-1f0d-4ffb-9728-993b36d01245,Fitness,Cycling
gen_55bdecb9-a5bb-4b28-84b0-c5082e7825f6,2b3b89a4-1f0d-4ffb-9728-993b36d01245,Lifestyle,Minimalism
gen_c855b565-761c-4944-8e6a-0e86d039e19f,2b4d1634-1bb7-4d56-981b-16b714732f0c,Nutrition,Keto Diet
gen_7db9be6e-6d5a-45f3-9fd3-37d101704658,2b4d1634-1bb7-4d56-981b-16b714732f0c,Leisure,Cooking
gen_7f043700-2c76-48de-8ac8-fce4ec4bf1db,2b4d1634-1bb7-4d56-981b-16b714732f0c,Lifestyle,Digital Detox
gen_10029c20-c0ff-4eec-94cb-87631f73213d,2b811bef-5500-47a3-8959-7d87242bcbaf,Lifestyle,Minimalism
gen_818f01df-f651-41f5-85f3-18f0cb43e7a8,2b811bef-5500-47a3-8959-7d87242bcbaf,Nutrition,Keto Diet
gen_dc5dc20f-021f-4cb1-ae41-fa56bee16e80,2b811bef-5500-47a3-8959-7d87242bcbaf,Wellness,Yoga
gen_2da2d9aa-48eb-4242-ac04-fa3ebd8ade9f,2b8725b7-b7fb-4723-9966-dc6e7c233ca6,Fitness,Strength Training
gen_68eb75ae-3e1a-4bbb-9ccf-147c2d248729,2b8725b7-b7fb-4723-9966-dc6e7c233ca6,Nutrition,Vegan Diet
gen_eef897ed-7531-4dc9-a8e5-f738de66e0fd,2b8e2232-3e0c-4a24-91e9-962fbb766f15,Community,Volunteering
gen_05280c63-2206-4e31-a16b-02e0c166095f,2b8e2232-3e0c-4a24-91e9-962fbb766f15,Leisure,Reading
gen_6f323acd-2990-4f7f-a817-428ce4965ecc,2b8ee594-8f21-4d3f-9de4-881662f13a31,Lifestyle,Music
gen_bc66f0ee-dd34-4750-b0ff-670b95c3e446,2b8ee594-8f21-4d3f-9de4-881662f13a31,Nutrition,Keto Diet
gen_f5b91605-cbe1-4bd7-8907-fbf7bcca3f3f,2b8ee594-8f21-4d3f-9de4-881662f13a31,Nutrition,Meal Prep
gen_816b9db7-c01b-4a64-9cd7-85836a0d6951,2bab1007-ad4b-4ae7-83b1-5d4cab2460d0,Nutrition,Meal Prep
gen_b5b38d15-d885-4cb0-b2de-06fe7310c47a,2bab1007-ad4b-4ae7-83b1-5d4cab2460d0,Leisure,Reading
gen_0c28d6c1-930d-470f-8360-1613a8e60ac0,2bab1007-ad4b-4ae7-83b1-5d4cab2460d0,Nutrition,Vegan Diet
gen_eba5c8e9-016e-4cc5-92f2-c333700480bd,2bb095b5-5109-4066-b608-a726e60a8c6d,Hobbies,Gardening
gen_fb771283-6a5f-4ba7-b074-94623700d0f4,2bb095b5-5109-4066-b608-a726e60a8c6d,Leisure,Reading
gen_ac7e6ea2-2ea1-48ac-b655-36a693e07db6,2bb095b5-5109-4066-b608-a726e60a8c6d,Leisure,Cooking
gen_a5427af3-ad24-4cd1-bbcc-9612c8242378,2bb402a8-7f9c-48d5-8f1c-1fe6e5b261cc,Lifestyle,Minimalism
gen_edaff6df-0c1b-4467-b860-d371373c383d,2bb402a8-7f9c-48d5-8f1c-1fe6e5b261cc,Lifestyle,Music
gen_e5189d66-9349-4aad-b10e-91ab91d9cacc,2bb53d30-e2a2-435d-863e-f58dcb8f72af,Lifestyle,Digital Detox
gen_7e1003f4-638c-421f-b86b-c10a75f14c57,2bb53d30-e2a2-435d-863e-f58dcb8f72af,Fitness,Strength Training
gen_909c2c6b-653e-4e5e-9bd8-a2447e665410,2bdf7d6d-dee1-4e06-b23c-e3f75fee32f5,Community,Volunteering
gen_e084c55f-a142-45b3-90e5-264508c9524c,2bdf7d6d-dee1-4e06-b23c-e3f75fee32f5,Fitness,Running
gen_007c69ec-7cb9-454a-93d6-0aa8865ec0eb,2bdf7d6d-dee1-4e06-b23c-e3f75fee32f5,Lifestyle,Minimalism
gen_bee399ef-f15c-4bb3-8135-24635786cd5e,2c9141a5-059e-4c4a-9e45-16fcb8dd75f2,Lifestyle,Digital Detox
gen_6b31b68c-e4bd-40fb-b2db-7082b8a80166,2c9141a5-059e-4c4a-9e45-16fcb8dd75f2,Lifestyle,Minimalism
gen_c41e05b5-982c-4886-9bf0-94c928435b5d,2c966663-2ea8-4275-b666-af7e29533f17,Nutrition,Meal Prep
gen_084c4b4c-189d-4642-b793-72baf8c13e0c,2c966663-2ea8-4275-b666-af7e29533f17,Fitness,Cycling
gen_d2471cd4-bc0d-4321-865e-38328bdc6327,2cab6e9a-02ff-4c51-b54c-c8f16f6bf888,Community,Volunteering
gen_4d59f109-3877-4014-acd7-e72b6fe9d69d,2cab6e9a-02ff-4c51-b54c-c8f16f6bf888,Hobbies,Gardening
gen_a504068f-02b4-4044-8645-aef1975a7a2f,2cab6e9a-02ff-4c51-b54c-c8f16f6bf888,Fitness,Cycling
gen_23a685cc-0cac-44ea-99e2-b1b67eb49ee2,2cb1e42f-5ea9-4c5f-bb4d-9e3a7e95fcb7,Lifestyle,Minimalism
gen_1872e568-97dd-414f-95c5-34c130ba93b6,2cb1e42f-5ea9-4c5f-bb4d-9e3a7e95fcb7,Leisure,Reading
gen_ed55127b-d47a-469c-9bf3-0cebb860c1e6,2cbbea22-341d-4739-aad8-449aff8f7470,Nutrition,Keto Diet
gen_daeee0a9-a1a1-4dfe-b31d-380ccdb46dc6,2cbbea22-341d-4739-aad8-449aff8f7470,Fitness,Strength Training
gen_6d902195-571b-4e65-92ea-ba1986316c95,2cbbea22-341d-4739-aad8-449aff8f7470,Nutrition,Meal Prep
gen_ac65b4dc-70cb-4871-a43d-43882913dcee,2cc2b739-30f8-4956-8e77-513fb057ca11,Hobbies,Gardening
gen_edac5bf7-7115-4862-aa27-5acb85c001dd,2cc2b739-30f8-4956-8e77-513fb057ca11,Fitness,Running
gen_ce771117-bfbf-4fb0-bd11-e514f39cb4a8,2cc2b739-30f8-4956-8e77-513fb057ca11,Nutrition,Keto Diet
gen_215bd856-b0f5-4620-af3b-986ebfd4b795,2cdfec1d-2f33-47cf-a81f-7442578c17b8,Nutrition,Keto Diet
gen_83a9707c-9cca-4885-b300-8cf1c768df7c,2cdfec1d-2f33-47cf-a81f-7442578c17b8,Hobbies,Gardening
gen_b06956c9-30af-47b5-9acb-0411634e1442,2cdfec1d-2f33-47cf-a81f-7442578c17b8,Nutrition,Meal Prep
gen_626abc03-2f44-4524-89d7-f16a5bc16b6d,2cfaa98c-7ba8-4a70-8523-a5513af1b5a3,Community,Volunteering
gen_a803dee9-edfa-417d-b707-32269b1c8456,2cfaa98c-7ba8-4a70-8523-a5513af1b5a3,Lifestyle,Digital Detox
gen_f0dc7af1-154c-417a-a470-cee3e2505910,2cfaa98c-7ba8-4a70-8523-a5513af1b5a3,Lifestyle,Music
gen_36a1fffe-eb9a-49fb-9651-d9f49907b791,2d07d31a-e76b-40c7-8aac-69d0f66b5312,Wellness,Yoga
gen_939ec4bf-cc3d-403c-bcff-f5b9aef8f848,2d07d31a-e76b-40c7-8aac-69d0f66b5312,Hobbies,Gardening
gen_9ce3eff4-1022-483c-84e7-37542ed59e3b,2d121bb4-7cca-456c-91fa-7b139041aef7,Wellness,Yoga
gen_28e8bacb-7f21-4c74-a610-5632ff17c085,2d121bb4-7cca-456c-91fa-7b139041aef7,Nutrition,Meal Prep
gen_60a26d5a-e03a-413d-9dbf-dfc9db9b61fb,2d121bb4-7cca-456c-91fa-7b139041aef7,Fitness,Running
gen_6f6dc0ec-4fd2-48f3-890c-57df07a2d197,2d46b923-8f88-4c01-97dd-334b2c7d0906,Fitness,Running
gen_62d7a21b-83df-4927-af7d-28c21b5d5c5c,2d46b923-8f88-4c01-97dd-334b2c7d0906,Leisure,Reading
gen_eae28e4d-32f0-4224-9415-1c51f03bd888,2d46b923-8f88-4c01-97dd-334b2c7d0906,Hobbies,Gardening
gen_1ac1d64c-84e4-47ce-bb2d-2a79343c93c6,2d66b2aa-f2a6-4a00-b55d-bced6e91663a,Lifestyle,Minimalism
gen_82da05d4-cbb8-4085-b746-2fdfea3e1b52,2d66b2aa-f2a6-4a00-b55d-bced6e91663a,Fitness,Cycling
gen_96cba44f-3145-41b9-ae30-2fd486417123,2d9a78c4-6526-4d43-b065-62614cdd999f,Leisure,Cooking
gen_8c9f4bae-7f3f-465e-9eb5-09fe6d8baa31,2d9a78c4-6526-4d43-b065-62614cdd999f,Lifestyle,Music
gen_7a06e809-7302-4b33-964d-4a4b3ae1b476,2d9a78c4-6526-4d43-b065-62614cdd999f,Community,Volunteering
gen_4cf8b51e-ed81-4e23-a3a9-8b75f5644a49,2d9b6320-d18f-40d7-b716-dafb2137cbe0,Leisure,Reading
gen_1a88a73f-9a1e-4942-aa6b-7a9b42d9efb8,2d9b6320-d18f-40d7-b716-dafb2137cbe0,Lifestyle,Music
gen_b170504b-dc23-414c-bf4d-7e432a97d537,2d9b6320-d18f-40d7-b716-dafb2137cbe0,Wellness,Meditation
gen_20e4345c-7675-4572-ab68-f20ee550f114,2d9ccd02-9d29-4728-a3af-2bcc24ae7772,Nutrition,Keto Diet
gen_9d7bef12-1efa-41e6-946c-d7955bf18fc9,2d9ccd02-9d29-4728-a3af-2bcc24ae7772,Nutrition,Vegan Diet
gen_b3bd7bfb-dd1a-4041-980e-b94da0b098b9,2d9ccd02-9d29-4728-a3af-2bcc24ae7772,Fitness,Cycling
gen_ad2b3838-7540-4f47-963a-6baea0153dbe,2db0bb95-91e4-4b5e-99b7-cd1f8ab72983,Lifestyle,Digital Detox
gen_955c7f30-bffe-488b-b27a-442f7aa31f71,2db0bb95-91e4-4b5e-99b7-cd1f8ab72983,Nutrition,Vegan Diet
gen_4331bb5e-9690-4bd7-950b-a6b37fd4476a,2dbdf825-9ea4-450d-957c-1d119b2e05c7,Fitness,Cycling
gen_381b6eb5-5bfc-4991-a266-7a3b282db275,2dbdf825-9ea4-450d-957c-1d119b2e05c7,Leisure,Cooking
gen_c585af42-582c-415a-a794-7c7c1fba9ab2,2dd1b902-b67e-4c39-8890-535aa0f412d6,Fitness,Strength Training
gen_c7ec47df-3448-4bcc-ab65-87cb9905984d,2dd1b902-b67e-4c39-8890-535aa0f412d6,Community,Volunteering
gen_21ff98c6-a9ef-4ea1-ac81-a4aec9854f5b,2dda8be8-0ac6-4ff2-ad09-fcbc3fbf92f2,Fitness,Strength Training
gen_a7a2d0a7-a8e2-43b7-8a6e-8819bffadb59,2dda8be8-0ac6-4ff2-ad09-fcbc3fbf92f2,Hobbies,Gardening
gen_fa42c721-b57a-441c-9699-35ac4d45c3ef,2dda8be8-0ac6-4ff2-ad09-fcbc3fbf92f2,Wellness,Yoga
gen_a40aebfd-2769-4034-9779-e13b89e528f8,2df1ebef-9b9d-4b82-bfd9-aa7ee83e84e0,Leisure,Cooking
gen_d1b12e78-5589-40e9-920a-f98ff2f3d27f,2df1ebef-9b9d-4b82-bfd9-aa7ee83e84e0,Fitness,Strength Training
gen_a6d61abd-18bc-429d-9f71-9b7dd410060d,2df1ebef-9b9d-4b82-bfd9-aa7ee83e84e0,Fitness,Cycling
gen_1da0644f-f172-4dbc-9993-33f8526da3b0,2df1fde1-8e0b-40d7-911a-5f2703edbd07,Lifestyle,Minimalism
gen_f31d20ce-9693-4738-9183-075664c703ef,2df1fde1-8e0b-40d7-911a-5f2703edbd07,Hobbies,Gardening
gen_5abfe424-2ad9-4be0-9850-b0e5a25b138a,2e030788-2d79-49f3-a6bc-87b3bade8bee,Lifestyle,Minimalism
gen_5a40384f-4eae-4fa2-8e6a-69913f2ba5b3,2e030788-2d79-49f3-a6bc-87b3bade8bee,Wellness,Meditation
gen_735f7f35-aaf6-4f3e-b092-637914edeb65,2e030788-2d79-49f3-a6bc-87b3bade8bee,Hobbies,Gardening
gen_cd480004-6078-4974-b12e-855c41d33f09,2e1728e2-5932-4a10-b4b0-40f07b3192ab,Leisure,Cooking
gen_d18584a9-8860-44fd-9a35-25495db88418,2e1728e2-5932-4a10-b4b0-40f07b3192ab,Leisure,Reading
gen_10184c2e-e005-422c-8b53-57c330227389,2e308e78-c5ac-4d79-b75b-45352da82f6a,Leisure,Cooking
gen_42309c62-103d-4093-a1d2-a759088d4de5,2e308e78-c5ac-4d79-b75b-45352da82f6a,Wellness,Meditation
gen_36f9872d-39bc-41e9-9fd6-54280ce0aa28,2e308e78-c5ac-4d79-b75b-45352da82f6a,Hobbies,Gardening
gen_73c20365-f6de-4894-a4d2-9a5b007eca61,2e3f035c-48a0-40e3-b02e-d93f1fbfd0b6,Fitness,Running
gen_83a984ec-22aa-42a3-8fb2-810af6b666f7,2e3f035c-48a0-40e3-b02e-d93f1fbfd0b6,Lifestyle,Minimalism
gen_48c403b5-a21c-4f9c-a7a7-1f1ccaa2ee90,2e48d2ec-3f38-4f2a-ab29-8d5860a39d4c,Fitness,Strength Training
gen_69019b31-1311-423b-bee4-ee9c4c092e31,2e48d2ec-3f38-4f2a-ab29-8d5860a39d4c,Wellness,Meditation
gen_15b15a14-4bc8-4409-ab65-a324c11d8e39,2e48d2ec-3f38-4f2a-ab29-8d5860a39d4c,Hobbies,Gardening
gen_6dd3bbaa-d3d7-4f9f-97ad-3fdd726ddfd5,2e876271-f190-466b-89a9-b0840d35949a,Nutrition,Meal Prep
gen_edcbd852-817a-4d91-ad04-c5cc58933bf0,2e876271-f190-466b-89a9-b0840d35949a,Wellness,Meditation
gen_e33509e4-517c-4d06-9776-f1ec1e9e05fa,2e876271-f190-466b-89a9-b0840d35949a,Lifestyle,Minimalism
gen_532ec5f6-bb99-474e-bb2a-cf12be6e9aa6,2e9aba02-cb84-46f1-96fe-13d75bbc9f25,Wellness,Yoga
gen_0915bf48-ac20-45db-8539-3007338ef222,2e9aba02-cb84-46f1-96fe-13d75bbc9f25,Nutrition,Vegan Diet
gen_2b1ca0d2-d2f0-441f-9bc4-7eb34e83ac9f,2e9aba02-cb84-46f1-96fe-13d75bbc9f25,Lifestyle,Minimalism
gen_25168935-ff4a-4044-985f-8e1bbeabf9c3,2e9b35a5-a02d-4149-aefc-0f8341536a57,Wellness,Yoga
gen_4a57a954-576d-4b79-8c46-00151b2f0e43,2e9b35a5-a02d-4149-aefc-0f8341536a57,Nutrition,Vegan Diet
gen_d0f08257-503b-4c11-8490-b393f566b029,2ed86b15-7378-465e-ba18-ed252848712c,Fitness,Strength Training
gen_c0245338-48da-4758-911b-50427b078d8e,2ed86b15-7378-465e-ba18-ed252848712c,Wellness,Meditation
gen_5d76b9e9-dc3a-41cf-9e1e-11e65493bd0b,2ed86b15-7378-465e-ba18-ed252848712c,Nutrition,Meal Prep
gen_6570c037-bcc1-411b-b903-f441951e35c3,2ee1265f-5e93-4299-84c0-6ef0f173b6fb,Lifestyle,Music
gen_ffb0f834-733e-4766-8a6d-0010c212d8b4,2ee1265f-5e93-4299-84c0-6ef0f173b6fb,Community,Volunteering
gen_73611c20-aaa5-42a4-8f26-c385f30ae6d9,2ee1265f-5e93-4299-84c0-6ef0f173b6fb,Hobbies,Gardening
gen_2ec996be-5c4c-46fc-9b3b-23d3298a8230,2f5ce024-d518-466a-9b3a-f0b373c6f23c,Wellness,Meditation
gen_4f7b8135-21b0-4c36-bf43-e4f3b9b388fd,2f5ce024-d518-466a-9b3a-f0b373c6f23c,Lifestyle,Music
gen_5bdd8c9a-1e42-47c5-885b-ccb8cc1d6e01,2f5ce024-d518-466a-9b3a-f0b373c6f23c,Fitness,Strength Training
gen_bd25e772-cf3b-4aec-82e6-29253be5f6a9,2f682037-a568-495a-b7a1-1ea3412c62f5,Leisure,Cooking
gen_e3a5da7c-2d58-4219-8cdd-936b20717668,2f682037-a568-495a-b7a1-1ea3412c62f5,Fitness,Strength Training
gen_4bfa1d21-c245-47a1-acee-2029a3afccf8,2f9a05fd-802d-4838-be40-039bcce449d6,Community,Volunteering
gen_5dba5a47-0769-4b3c-94da-4bb827a68c21,2f9a05fd-802d-4838-be40-039bcce449d6,Wellness,Meditation
gen_e1a074c6-8343-459a-bf59-27c8bf84d003,2f9a05fd-802d-4838-be40-039bcce449d6,Leisure,Reading
gen_97f7750c-19c8-4bbe-8a7d-a534b9451d48,2f9b8cac-07a4-418a-97be-02e2693884e3,Fitness,Strength Training
gen_3125e221-f6cc-4054-bef8-bad8dd3a01dc,2f9b8cac-07a4-418a-97be-02e2693884e3,Leisure,Reading
gen_081f4d8e-5e08-4517-add3-50127e212b24,2fa75d45-d967-443b-8671-15d8d6d1b658,Wellness,Yoga
gen_df8819d9-0064-4bf3-aa9d-97551014dc5d,2fa75d45-d967-443b-8671-15d8d6d1b658,Hobbies,Gardening
gen_51e1960e-1a94-42a6-b446-6c4e95b37d9d,2fa75d45-d967-443b-8671-15d8d6d1b658,Leisure,Cooking
gen_8b7cadde-f517-4503-906c-0b3c4bd26a8a,2fe36831-ee59-43c7-a4ff-b947a9131830,Hobbies,Gardening
gen_6bff3131-5341-434c-b4a4-21e31b8350b9,2fe36831-ee59-43c7-a4ff-b947a9131830,Leisure,Reading
gen_e11cfb27-05fb-4c3b-b2ef-bbdba9058393,2fe36831-ee59-43c7-a4ff-b947a9131830,Nutrition,Meal Prep
gen_efc38a60-4ec0-4616-8774-389a444c762a,2fe5c101-7d45-4d43-9760-33b83dbcd20a,Hobbies,Gardening
gen_715b546f-836d-4da9-a4f9-78f9c3bc3169,2fe5c101-7d45-4d43-9760-33b83dbcd20a,Fitness,Running
gen_86688b8a-6229-4fe1-815c-0b047964b6c3,2ff8b186-5786-44dc-8d19-b5141b186af9,Wellness,Meditation
gen_2e564612-b927-4604-b1e5-28d762478df4,2ff8b186-5786-44dc-8d19-b5141b186af9,Leisure,Reading
gen_0431ce70-e835-4eb8-b277-8a6078129cdd,30496670-dc28-45b4-bf30-6d17450a9f45,Lifestyle,Music
gen_180e773c-9cc6-439f-bca3-981e81864ba2,30496670-dc28-45b4-bf30-6d17450a9f45,Fitness,Strength Training
gen_d70573a6-40a7-4ffd-8907-6112a3f4ac9e,30496670-dc28-45b4-bf30-6d17450a9f45,Nutrition,Keto Diet
gen_1ce0e17c-74ee-4279-86da-f0bffb597d06,304ea99a-2c46-4be8-a510-5f8138f65faf,Fitness,Running
gen_54b6206a-eadb-42d2-80db-5d51eb2e4dac,304ea99a-2c46-4be8-a510-5f8138f65faf,Wellness,Meditation
gen_e0c2ac04-5dbd-43eb-8d1e-29fe7bbb590f,304ef720-bd8d-4b8a-885d-a2b4fe8b1fed,Nutrition,Meal Prep
gen_25ac6be0-9a04-4012-ae2a-c6b0a8cc710f,304ef720-bd8d-4b8a-885d-a2b4fe8b1fed,Nutrition,Vegan Diet
gen_5dd49292-277e-4f1d-80c2-8fbfbda3f52b,304ef720-bd8d-4b8a-885d-a2b4fe8b1fed,Fitness,Cycling
gen_3941a765-a9c3-46a1-91c6-52b391e1907e,30627a78-b7a4-47e9-8a37-c9540bcdb94d,Fitness,Cycling
gen_1c31bb1f-9ab5-4058-931b-f01203ebd917,30627a78-b7a4-47e9-8a37-c9540bcdb94d,Leisure,Reading
gen_01a08c78-4922-43cb-8082-e5ef34102053,30752260-9f6e-49f0-b88d-370c41b4e197,Lifestyle,Digital Detox
gen_814e0d90-9e17-4f3f-978c-a5e26a420bdd,30752260-9f6e-49f0-b88d-370c41b4e197,Leisure,Cooking
gen_da6012ed-e9ce-48af-a1d7-5eb118444d76,30752260-9f6e-49f0-b88d-370c41b4e197,Wellness,Meditation
gen_12d2c839-f57c-4098-a3d5-f4eea1dfda4d,3081ad3e-b963-4253-ac1f-42a0822036cf,Wellness,Meditation
gen_140f2d00-2d95-40f5-8116-7e0f0088f816,3081ad3e-b963-4253-ac1f-42a0822036cf,Community,Volunteering
gen_68b395ff-1421-42ff-8081-6c92850d1df1,308b4326-3f39-4acd-9ab7-9ec06ee2906f,Leisure,Reading
gen_42bceb04-27d7-4f2f-a9b9-be6500d11cc2,308b4326-3f39-4acd-9ab7-9ec06ee2906f,Wellness,Meditation
gen_adffd996-14e8-4a3b-b587-337cda377013,308b4326-3f39-4acd-9ab7-9ec06ee2906f,Nutrition,Meal Prep
gen_569470d7-ecce-4dcd-a534-44da7c345529,309eca59-e538-4576-8b88-90a8de6b20b2,Leisure,Reading
gen_a34082a1-6116-4c71-b2fe-cc6981e1a7e8,309eca59-e538-4576-8b88-90a8de6b20b2,Fitness,Running
gen_68526216-083d-4da9-82b2-e8829b88f1c3,309eca59-e538-4576-8b88-90a8de6b20b2,Lifestyle,Minimalism
gen_a2a422d3-e481-458b-8373-06b32c251630,30a57139-8c8a-4cb7-b9da-26a48fbc8ab1,Fitness,Cycling
gen_5521c91e-fb8c-4b50-99e3-745ff51cc43d,30a57139-8c8a-4cb7-b9da-26a48fbc8ab1,Leisure,Reading
gen_51cf60fe-c025-4528-b932-d3aaaabfec4f,30aefd35-cd61-4e9b-80dd-1b6194c6e336,Community,Volunteering
gen_b3298242-8821-4656-baf0-76d71486c07f,30aefd35-cd61-4e9b-80dd-1b6194c6e336,Hobbies,Gardening
gen_43c2e14e-2e3c-4480-9b79-6b13a695f355,30b4d3c8-d001-4018-8cd2-4ecf672d5ee0,Community,Volunteering
gen_f90271fe-3b76-45a2-a5c8-83e16245f27b,30b4d3c8-d001-4018-8cd2-4ecf672d5ee0,Leisure,Reading
gen_07776159-e45a-4bc8-952a-b6055ec44535,30b4d3c8-d001-4018-8cd2-4ecf672d5ee0,Lifestyle,Digital Detox
gen_d46a9a0f-52ab-445f-89ad-f3fd11b773e3,30e1ca0b-5f92-4c48-9b6f-9e50a8347461,Fitness,Running
gen_be414e26-b5a7-4317-b302-4e16f3b2919e,30e1ca0b-5f92-4c48-9b6f-9e50a8347461,Leisure,Reading
gen_f012c220-ce3e-4a70-8af9-3733f363f3ca,30e1ca0b-5f92-4c48-9b6f-9e50a8347461,Nutrition,Vegan Diet
gen_ff89d8db-4932-49c0-856d-22760f727181,30f6c0e7-913b-4e0f-9330-408e30e46a0f,Wellness,Meditation
gen_b65ee742-c974-416b-a5c5-7a1dff62cb16,30f6c0e7-913b-4e0f-9330-408e30e46a0f,Lifestyle,Digital Detox
gen_c89f5836-e259-4e16-b2ba-ce458e6ceb9d,3109d7ee-9545-4dec-aeb3-c80296c275f1,Lifestyle,Minimalism
gen_9f601a5f-8e78-4223-8a11-cfbc65c7efa0,3109d7ee-9545-4dec-aeb3-c80296c275f1,Nutrition,Keto Diet
gen_68c7fb39-667a-4646-9779-6bb72d3e9a95,310bc8a7-787a-4928-8d16-6a484d43e553,Fitness,Strength Training
gen_a7dc7d4d-15a2-488f-9f48-67fb13179941,310bc8a7-787a-4928-8d16-6a484d43e553,Nutrition,Vegan Diet
gen_614c390a-3f8e-48fe-aa35-e69cfdccf699,310bc8a7-787a-4928-8d16-6a484d43e553,Hobbies,Gardening
gen_708056bf-896c-4735-91dd-0a20500a85b3,31178197-d467-41a4-a2ad-ff55c0eb362a,Fitness,Running
gen_bf10cfa0-9626-4dcd-98c8-3bc28b4528ad,31178197-d467-41a4-a2ad-ff55c0eb362a,Hobbies,Gardening
gen_855ee5d6-fd79-41a1-bc9d-5c4f49ad8fe9,31178197-d467-41a4-a2ad-ff55c0eb362a,Wellness,Yoga
gen_9f868dae-11e8-4d55-83f7-3a0b209b124c,31844c38-8b77-4e36-879b-e157056d7141,Lifestyle,Music
gen_194bcbc5-a0a9-479f-b2a0-7ee03f724481,31844c38-8b77-4e36-879b-e157056d7141,Fitness,Strength Training
gen_4dcd3e2f-bf5f-4785-aae1-f6a797a5140e,31844c38-8b77-4e36-879b-e157056d7141,Lifestyle,Digital Detox
gen_4a205844-815b-4ffa-a5a7-e21bed69ec77,31888ce7-dde8-42e4-8b93-687a749b5efe,Leisure,Cooking
gen_04e210aa-79b9-4f21-b8a7-a72b068ebddb,31888ce7-dde8-42e4-8b93-687a749b5efe,Fitness,Strength Training
gen_b1456c25-e8ed-4181-9cb8-abed199e6d8e,31888ce7-dde8-42e4-8b93-687a749b5efe,Wellness,Yoga
gen_9fa14b35-d439-4d0f-912d-c511b656b71b,31bc4e35-ac69-4186-a76f-3bf9795ba28c,Hobbies,Gardening
gen_2a1e926f-8bb5-43bc-9fd9-00dc233608f6,31bc4e35-ac69-4186-a76f-3bf9795ba28c,Community,Volunteering
gen_ce2ad83b-c9bb-46df-a26e-dbce7ddd3a31,31e370c8-575a-4472-8ae9-acdd5448da16,Leisure,Cooking
gen_891aa819-bc8d-453c-b21b-be1f15be5356,31e370c8-575a-4472-8ae9-acdd5448da16,Nutrition,Meal Prep
gen_901df759-5ff6-4f71-8e66-d9bb0118c4f6,31e370c8-575a-4472-8ae9-acdd5448da16,Wellness,Meditation
gen_19b97451-2c19-44df-8a96-65b81a08f97b,31ef152b-e2b7-4c0d-b244-34f0d2ab2c7c,Fitness,Running
gen_dc398034-549f-4522-b33f-6e4ec1577f65,31ef152b-e2b7-4c0d-b244-34f0d2ab2c7c,Fitness,Cycling
gen_696fb895-7508-4b09-9f0f-98d581ea8a5a,31ef152b-e2b7-4c0d-b244-34f0d2ab2c7c,Lifestyle,Music
gen_02cd7c93-560a-469e-b11b-635996857391,31f96637-9136-4932-ab57-8bc686e7b327,Wellness,Meditation
gen_3feee2b8-57fd-453f-9b41-3d34570543c0,31f96637-9136-4932-ab57-8bc686e7b327,Lifestyle,Minimalism
gen_8970a25a-5b25-4527-b675-5c2440229246,320c1e42-4019-4c19-ae12-fc8ddfa6d990,Fitness,Running
gen_803d00fa-71f2-40d8-8aac-9f3e4ac41535,320c1e42-4019-4c19-ae12-fc8ddfa6d990,Wellness,Yoga
gen_ea9e67d1-4ac9-4d2f-8f6c-a773a14d5676,321bea51-a9a9-4940-b273-9f3dd740ffd7,Nutrition,Vegan Diet
gen_d9cc9076-31b7-4838-968f-d080bff6230a,321bea51-a9a9-4940-b273-9f3dd740ffd7,Lifestyle,Minimalism
gen_c7d90615-aa18-4fff-98dd-ed9110cb31bf,3292cb01-0f37-45fa-87c5-c4077a323754,Hobbies,Gardening
gen_60c73a0d-8398-4b50-ad11-7173562b0ef9,3292cb01-0f37-45fa-87c5-c4077a323754,Nutrition,Meal Prep
gen_403c42ef-da28-441c-b0e0-bd22c7c71e7c,3292cb01-0f37-45fa-87c5-c4077a323754,Community,Volunteering
gen_627d4653-86f9-4419-aa45-47d5dc9db335,32aaa29b-5a3f-4a84-89af-566a59aa3956,Fitness,Strength Training
gen_be9db97a-93dd-41b4-a16b-5e040abba03d,32aaa29b-5a3f-4a84-89af-566a59aa3956,Nutrition,Meal Prep
gen_7d064375-e145-4b5e-9d3f-db247aa26746,32aaa29b-5a3f-4a84-89af-566a59aa3956,Community,Volunteering
gen_23c72647-ac46-4c54-8123-9708ebbecbac,32de2a7c-66c9-499b-a9ff-67f6b22fde69,Leisure,Cooking
gen_d53cb798-4f01-4d0d-bf79-985a5bf9529f,32de2a7c-66c9-499b-a9ff-67f6b22fde69,Nutrition,Vegan Diet
gen_29928fd2-8ab4-422e-84e4-45bc9dbd2fd3,33315ee4-6589-42f7-a230-2867b7ca80d9,Community,Volunteering
gen_cfb87d92-6898-4e13-80dd-15bf9eb61746,33315ee4-6589-42f7-a230-2867b7ca80d9,Lifestyle,Minimalism
gen_7a3c67d4-c2df-4b9c-92ae-2759447c15fc,337f8e89-9e2f-4e33-913e-c7dfd29a83af,Wellness,Meditation
gen_bcc7fbc3-43e5-4b23-9263-cb0bf527da72,337f8e89-9e2f-4e33-913e-c7dfd29a83af,Lifestyle,Music
gen_2edfa594-30b9-4530-9f06-e24b1f3a573c,337f8e89-9e2f-4e33-913e-c7dfd29a83af,Nutrition,Meal Prep
gen_833a3965-aaf5-46b2-9582-a0a5a32a7186,33e3f4ab-0c63-403a-baaf-0c8560e7ce11,Wellness,Yoga
gen_070d20a4-72f7-4d5c-a405-6d3e981e2ad2,33e3f4ab-0c63-403a-baaf-0c8560e7ce11,Lifestyle,Minimalism
gen_f8d2dc0a-4c98-47df-bc81-faae883f542e,33e3f4ab-0c63-403a-baaf-0c8560e7ce11,Community,Volunteering
gen_c034aacc-b14f-48f5-a06d-2bf8c9bcba4d,3404f2db-9f6c-4919-b75a-2e033364000f,Community,Volunteering
gen_2c72e640-161d-4ff5-b501-4adbbb3dde13,3404f2db-9f6c-4919-b75a-2e033364000f,Nutrition,Keto Diet
gen_8fff43b6-c3f9-4579-b58d-8090beeb82ba,34220f8f-3c17-45d1-8c72-88ae381a6de8,Hobbies,Gardening
gen_843bfadb-1cda-4cf9-85ff-699ee4d8f677,34220f8f-3c17-45d1-8c72-88ae381a6de8,Nutrition,Keto Diet
gen_1d4d685c-a1f1-4537-ad69-9afe7112b7fe,34301b6e-a517-4484-9730-0a61551f4f4c,Lifestyle,Music
gen_19e63de2-f23e-4386-91d8-dc1deb979ad4,34301b6e-a517-4484-9730-0a61551f4f4c,Nutrition,Vegan Diet
gen_8d6a4fbf-8304-4d14-83a4-2faa419f9ddb,34301b6e-a517-4484-9730-0a61551f4f4c,Wellness,Meditation
gen_95157af7-0f8c-49e4-8526-9754edf83094,345a89ca-23f3-45f4-9237-4d435135c6e2,Fitness,Running
gen_d43cd4c1-1e3c-46d2-9a47-3889504acae4,345a89ca-23f3-45f4-9237-4d435135c6e2,Community,Volunteering
gen_ab452641-694e-45f3-9a55-27534a80959a,346f3c8d-4239-412f-9af9-841e0e8d0163,Fitness,Running
gen_f73827fd-72a7-4cba-afac-4d4c58809aed,346f3c8d-4239-412f-9af9-841e0e8d0163,Hobbies,Gardening
gen_508de30b-bf54-4913-abb2-8dbf9be3f02f,346f3c8d-4239-412f-9af9-841e0e8d0163,Wellness,Yoga
gen_ec2a4c54-82da-40bc-bfc1-9f4684fa6cfd,349a2673-773e-4f72-9bf0-5d12812b83c3,Lifestyle,Music
gen_ea0b77a5-8717-4fb5-bb28-f3b6b1f35dbb,349a2673-773e-4f72-9bf0-5d12812b83c3,Leisure,Reading
gen_228ce502-782c-43f2-b0e6-b66b547c667e,34af2720-4ea2-431a-8da9-d7bed0726624,Wellness,Yoga
gen_975e0f94-29ae-436b-b9d1-02c8c030cdec,34af2720-4ea2-431a-8da9-d7bed0726624,Fitness,Cycling
gen_e8096abe-636d-4e81-b626-79460e3e9f80,34af2720-4ea2-431a-8da9-d7bed0726624,Leisure,Reading
gen_42f86568-071a-49a8-8664-6461e364cf95,34c3c4fd-a4d1-4f06-b4e7-47efda2402c6,Fitness,Running
gen_4f3ef1e6-2776-4bc2-a8df-80c3cf2100b9,34c3c4fd-a4d1-4f06-b4e7-47efda2402c6,Community,Volunteering
gen_e4a26bae-b7d7-4cd5-825c-f16683bbc6f0,34f80897-2080-46d9-a7a3-2bcdcaa37d89,Fitness,Strength Training
gen_53c79ea2-4357-4f6f-9e16-46cb216735c1,34f80897-2080-46d9-a7a3-2bcdcaa37d89,Wellness,Yoga
gen_6feb1cb2-60e7-478f-b51a-e7e44c345dbe,350aedcb-4317-48aa-a9bd-8bb3a7fe3cb7,Nutrition,Keto Diet
gen_031ba71d-c508-483a-9829-e8e212f4c876,350aedcb-4317-48aa-a9bd-8bb3a7fe3cb7,Leisure,Reading
gen_cd505328-d20e-4c10-b0e0-122d62145f81,353e5824-7e1f-42b2-adb8-538d4009e662,Leisure,Reading
gen_11318477-e169-407e-ab4b-980aa9ff4c9f,353e5824-7e1f-42b2-adb8-538d4009e662,Fitness,Strength Training
gen_5a43d02c-8d7a-470e-b540-9e90b4fddaf4,3561aa9d-9ade-4191-a00e-bebed2de42c2,Wellness,Meditation
gen_45589d08-1b03-40a2-b5fb-f97cde93f96a,3561aa9d-9ade-4191-a00e-bebed2de42c2,Community,Volunteering
gen_9b97bafa-10ec-4e66-af80-0592246fb97b,35ab35ad-5ed2-4e26-bc9a-c49123bb28a6,Fitness,Cycling
gen_1c8ebefe-dc89-49ba-a8a5-245b1df95739,35ab35ad-5ed2-4e26-bc9a-c49123bb28a6,Lifestyle,Digital Detox
gen_11c6040b-71ad-4e96-98f8-6bc0c287e8f2,35e97df2-344e-45da-b822-5b2b728979cc,Leisure,Reading
gen_13f72d1e-8f89-484c-a009-60e91a2d89e2,35e97df2-344e-45da-b822-5b2b728979cc,Fitness,Cycling
gen_c9c21830-3c6b-40c9-a311-573b9f13941d,35e97df2-344e-45da-b822-5b2b728979cc,Fitness,Running
gen_9c482703-41ea-43b3-b09a-c5fff99714c8,35f8c79b-e9df-4a23-86f3-61419dddbdda,Fitness,Cycling
gen_cbb23da4-bf4c-4280-8c13-677a37f3eef2,35f8c79b-e9df-4a23-86f3-61419dddbdda,Lifestyle,Music
gen_65f40fea-f768-4770-b8e7-a1791ad18e66,36255b3c-eb24-4b63-94d4-aae23cc85c18,Leisure,Reading
gen_8d660251-64bd-47e0-89b1-7aaf1873325e,36255b3c-eb24-4b63-94d4-aae23cc85c18,Leisure,Cooking
gen_ce81d42b-e850-41a9-9cb6-6fd058978a7e,36255b3c-eb24-4b63-94d4-aae23cc85c18,Wellness,Yoga
gen_0f90d84d-2e05-48dc-b31a-e3cfe39d2620,36275826-41cf-44cb-a0a5-ad501e31e781,Lifestyle,Music
gen_cf6db272-c7ea-4307-9de5-f86d73e5ffd2,36275826-41cf-44cb-a0a5-ad501e31e781,Fitness,Cycling
gen_dfdff248-7dcf-467c-8514-52b966c79690,36275826-41cf-44cb-a0a5-ad501e31e781,Wellness,Meditation
gen_8a5d3aa6-9fb3-4865-af91-82dca3f809cc,362c8150-992f-4e78-a826-c34be0b245a0,Fitness,Cycling
gen_a8223e1c-34ca-4504-a1fd-bdbc814cc10a,362c8150-992f-4e78-a826-c34be0b245a0,Nutrition,Meal Prep
gen_eb94d282-36d0-4e3a-9de1-9419a6df65d6,362d0326-587a-44af-9d55-d4790090bdea,Lifestyle,Digital Detox
gen_0a4d4642-ebf3-4854-b72f-c51b0ecbd4d5,362d0326-587a-44af-9d55-d4790090bdea,Fitness,Running
gen_6b035af9-1e3c-466d-b7bb-155dd132675b,362d0326-587a-44af-9d55-d4790090bdea,Nutrition,Meal Prep
gen_aa74c0b0-89ae-4c14-a14c-82200cca48b5,3698b8c9-78f7-43b1-b807-6df2b63c3802,Lifestyle,Minimalism
gen_532b80ff-fb90-43ca-8eeb-9e42011b57c0,3698b8c9-78f7-43b1-b807-6df2b63c3802,Leisure,Cooking
gen_f4b4ca6d-eaf6-44c2-8611-64a8927580b8,36a86dfc-a4b1-4203-a96d-f2e6ba9db90a,Lifestyle,Digital Detox
gen_1d10ad32-8c19-4d90-8cf5-df826451526e,36a86dfc-a4b1-4203-a96d-f2e6ba9db90a,Fitness,Strength Training
gen_930a8269-75a2-4baf-8665-208b0a83e4ec,36a86dfc-a4b1-4203-a96d-f2e6ba9db90a,Fitness,Running
gen_34f05fa6-a29e-47c9-91e4-6762bca6aa98,36c66176-2913-4faf-80df-7e4ca59c7ec5,Lifestyle,Digital Detox
gen_10392a78-8032-42b7-9c90-8fbe9008fc30,36c66176-2913-4faf-80df-7e4ca59c7ec5,Wellness,Yoga
gen_69d6c58c-8dbd-4baf-95c2-12d0cf627d09,36c66176-2913-4faf-80df-7e4ca59c7ec5,Fitness,Strength Training
gen_953dc4ab-b3d0-4c3f-8154-f5d4857d8341,36d04ab3-8dc9-4d20-ae6a-52e060614395,Nutrition,Meal Prep
gen_e2390be3-813b-451d-a5a3-5bbf87fe9f93,36d04ab3-8dc9-4d20-ae6a-52e060614395,Leisure,Reading
gen_494b535c-aec6-4298-bea6-5baff5a10771,36d51d5f-60c7-42ff-96ba-c9edf71147fd,Lifestyle,Minimalism
gen_b78df036-fcb6-4281-a2c1-ca15871f0dce,36d51d5f-60c7-42ff-96ba-c9edf71147fd,Hobbies,Gardening
gen_e3ae52b9-38f5-43c8-b139-5a965a63c54e,36d51d5f-60c7-42ff-96ba-c9edf71147fd,Lifestyle,Music
gen_37da07af-1224-469c-92bb-780cb4418de6,36d78e8a-1f35-4b90-8d88-36086c1d12f6,Lifestyle,Minimalism
gen_67091b2e-5d9d-46d6-bbbd-64efdba21f3f,36d78e8a-1f35-4b90-8d88-36086c1d12f6,Community,Volunteering
gen_8412dcca-dda6-46c5-8ab5-5e7cdf4a5fa5,3708ef1e-550c-4180-bd11-4258496e0dc3,Nutrition,Vegan Diet
gen_3982c13f-56e4-4d38-8700-af247c2f4c52,3708ef1e-550c-4180-bd11-4258496e0dc3,Hobbies,Gardening
gen_37be3eb2-7163-4541-9a99-73156e2c0bb8,3708ef1e-550c-4180-bd11-4258496e0dc3,Fitness,Running
gen_b3015bb8-9c06-4305-b880-88a1896880a6,376052f6-ff79-4123-b74e-209234a0b213,Nutrition,Meal Prep
gen_ae00df0f-57f2-4212-933d-eaa9ab2fe241,376052f6-ff79-4123-b74e-209234a0b213,Lifestyle,Minimalism
gen_4cd94d08-51e9-4a40-9208-c548bcbce101,376052f6-ff79-4123-b74e-209234a0b213,Fitness,Running
gen_674b9da7-6f6e-4be4-99d4-435dd351b5a5,3772c865-81fb-4f38-a57e-c8c001cb7303,Nutrition,Keto Diet
gen_6bc58cae-b0c7-41a0-9d9d-acf43337b273,3772c865-81fb-4f38-a57e-c8c001cb7303,Fitness,Strength Training
gen_e753a8cf-1e66-4248-99d1-0cfbe2abad4d,3777d4dc-fb4d-40be-9ba0-6ee697af2441,Fitness,Running
gen_3349eaf8-c0e0-41a2-acfc-596fbc5000ab,3777d4dc-fb4d-40be-9ba0-6ee697af2441,Fitness,Cycling
gen_42a83134-61e2-49ce-a196-9cfebefcdc5e,37ada321-4743-473d-9885-ea8ee205fa0d,Fitness,Strength Training
gen_3db33dcf-cce6-4630-8d48-f8ba398effc4,37ada321-4743-473d-9885-ea8ee205fa0d,Hobbies,Gardening
gen_55658554-66f0-4e78-a411-3e67b7966827,37ada321-4743-473d-9885-ea8ee205fa0d,Leisure,Cooking
gen_6e10ceed-3b61-4c7a-9067-109c72c7bfe3,37f5df2c-d9d7-45e5-9161-baa79b30784f,Nutrition,Vegan Diet
gen_0bea7b50-99b3-4185-9c1c-20df9533c556,37f5df2c-d9d7-45e5-9161-baa79b30784f,Fitness,Strength Training
gen_0292edec-73b2-4e04-8b12-4f638ff71c06,37f5df2c-d9d7-45e5-9161-baa79b30784f,Lifestyle,Digital Detox
gen_48f3e330-385d-484a-9a40-a1a417fe4748,37f9561f-f66f-441e-9db4-8ea086e68fc7,Lifestyle,Minimalism
gen_25a51d2c-4ceb-456c-bb6b-a18e828c7410,37f9561f-f66f-441e-9db4-8ea086e68fc7,Lifestyle,Digital Detox
gen_8e279b5e-9238-4268-8029-23c0cd5b1a02,37f9561f-f66f-441e-9db4-8ea086e68fc7,Fitness,Strength Training
gen_8acc45ae-e393-4655-9b9d-8bc1f5d00b98,380243e2-55c0-4d07-aead-10e610f710f8,Fitness,Running
gen_3a075947-55e9-4466-9693-ba77c8d19a36,380243e2-55c0-4d07-aead-10e610f710f8,Leisure,Reading
gen_09bcae5a-2b6c-4116-9a92-ae5a5370b6f0,380243e2-55c0-4d07-aead-10e610f710f8,Nutrition,Meal Prep
gen_9cef7a09-2b69-41a0-9740-e7c150baa79c,38084d37-2d0d-4acd-9da9-d371f32c6b1b,Community,Volunteering
gen_2954fa1d-ee4f-4f86-92f4-de263f1812be,38084d37-2d0d-4acd-9da9-d371f32c6b1b,Hobbies,Gardening
gen_836407c8-6067-4211-bbc5-94b692153106,381ca84e-5029-49fb-b200-a7ce5cd3be94,Nutrition,Vegan Diet
gen_dc6a8422-378f-4ced-914c-38494058c277,381ca84e-5029-49fb-b200-a7ce5cd3be94,Lifestyle,Minimalism
gen_8fd231ad-0c5f-4dcc-b862-6f3282ea5f78,3827c716-0b88-45eb-aac4-723b83cdc474,Nutrition,Vegan Diet
gen_21368077-8fef-46e7-a7e0-89e35e719960,3827c716-0b88-45eb-aac4-723b83cdc474,Nutrition,Keto Diet
gen_27973a9d-f8f7-45f8-9c25-18d1b8a7abcb,384274db-ed75-4339-9683-af80fe1e7bba,Nutrition,Vegan Diet
gen_b0223027-4c56-4503-a65a-8c88b2704cc6,384274db-ed75-4339-9683-af80fe1e7bba,Leisure,Cooking
gen_e4af0f16-1cbf-4923-967d-5ace9cf2a0ae,384274db-ed75-4339-9683-af80fe1e7bba,Nutrition,Meal Prep
gen_ceb70991-df58-4dec-b726-21587ed5cd92,384bd388-fae4-4a4e-9081-6e97165d7390,Nutrition,Keto Diet
gen_eaa0914d-7a59-4295-a719-ac8006e43544,384bd388-fae4-4a4e-9081-6e97165d7390,Nutrition,Vegan Diet
gen_15c75f34-81c6-4ed8-bc42-ed000c5869c3,388b3e25-9421-4fe7-8eb2-8b2025274a39,Hobbies,Gardening
gen_b35f77cc-490f-4c1a-9e3a-a8d694c74473,388b3e25-9421-4fe7-8eb2-8b2025274a39,Wellness,Meditation
gen_06797010-3c90-479d-8daf-66bb6e4b8b75,388b3e25-9421-4fe7-8eb2-8b2025274a39,Nutrition,Keto Diet
gen_11f28c41-3cab-4d8e-9614-31086d9f2d8e,38c71011-204f-4da3-999e-956ea8791977,Hobbies,Gardening
gen_9bcfe776-6f5b-498d-be62-01ff94a6f49a,38c71011-204f-4da3-999e-956ea8791977,Lifestyle,Minimalism
gen_1a6a1de8-c848-4a2a-b004-b177bca48fe0,38e7717f-b462-4b58-992c-79b4f8e78b1b,Fitness,Running
gen_001de4eb-5223-48d3-999f-bb4443e07917,38e7717f-b462-4b58-992c-79b4f8e78b1b,Community,Volunteering
gen_b324f200-0182-4042-8c9c-8d87ecd7d868,38e8e9c5-9578-40b5-8f4f-74a01ffb850f,Fitness,Running
gen_586f9b35-68ca-4c15-b8dd-65be0d97342f,38e8e9c5-9578-40b5-8f4f-74a01ffb850f,Nutrition,Vegan Diet
gen_06cdf236-329a-423c-98ad-36c93b9c36e7,38fe4ce3-ed76-4a64-9653-af4c4923316f,Nutrition,Meal Prep
gen_1f5f8b7c-7bf0-44cd-aa15-0cb90694ca8e,38fe4ce3-ed76-4a64-9653-af4c4923316f,Leisure,Cooking
gen_73e5fb79-3449-4a59-b806-7ef6f0cd5bcb,39586b4a-2423-411b-baf6-d5b2bd200926,Leisure,Reading
gen_fd206c9d-939d-441f-af45-fe5f93ce1132,39586b4a-2423-411b-baf6-d5b2bd200926,Fitness,Cycling
gen_7f36a6e7-1ac7-41ef-abba-681fcb40c9e8,39586b4a-2423-411b-baf6-d5b2bd200926,Lifestyle,Digital Detox
gen_11a1141d-45bf-40df-956d-6363da0ab7c5,3959f28a-dfbc-4c20-b8c2-c7cc1cda837d,Fitness,Strength Training
gen_4f57edb2-61a1-48b4-bbab-4f89aa7a7f70,3959f28a-dfbc-4c20-b8c2-c7cc1cda837d,Lifestyle,Digital Detox
gen_79876718-0bd0-4f49-8a62-ada57c3afb57,3988e327-1472-419a-b79a-2a712e2bbc66,Hobbies,Gardening
gen_b9e43ce5-1ad4-4e4c-897e-b43902a004db,3988e327-1472-419a-b79a-2a712e2bbc66,Fitness,Running
gen_8a9608db-556e-4b8f-a321-8de4a61ac93e,3988e327-1472-419a-b79a-2a712e2bbc66,Nutrition,Vegan Diet
gen_5754da82-a7d4-42f7-84a7-b5b80ca7bc0c,398bab70-e0d6-49e7-b51a-37d23bd9f198,Community,Volunteering
gen_800cd2d7-6f8a-43f9-8457-1bca6fdc69b0,398bab70-e0d6-49e7-b51a-37d23bd9f198,Hobbies,Gardening
gen_787b094e-ac88-42ab-807e-4fe85396312e,398bab70-e0d6-49e7-b51a-37d23bd9f198,Leisure,Reading
gen_9bc1719b-7044-4eab-9ae2-3ff0f0b9c8ff,39b0bd3f-0ab4-4969-b70f-77bd594879a4,Community,Volunteering
gen_7a5d8947-2288-4a28-9442-9d643afc18fa,39b0bd3f-0ab4-4969-b70f-77bd594879a4,Nutrition,Meal Prep
gen_ed504dab-419f-42ee-957a-154851572723,39b0bd3f-0ab4-4969-b70f-77bd594879a4,Lifestyle,Music
gen_6f12d9c1-0333-426a-bc67-d2ed95aa8fda,39c0f010-b8fb-491a-85db-78182780d6dc,Fitness,Strength Training
gen_b271a68e-ec68-460a-9cd4-c1ce80f2d091,39c0f010-b8fb-491a-85db-78182780d6dc,Wellness,Meditation
gen_1b59ea4c-7ef2-45e9-b498-193653b01a2a,39c0f010-b8fb-491a-85db-78182780d6dc,Nutrition,Keto Diet
gen_fa39da53-602a-45ba-95a0-9c73baa4111a,39e1adbe-bef1-4c41-a631-272bf8219cc5,Fitness,Strength Training
gen_4eeba6d2-8d9d-42f3-9594-f0b7e6d1962b,39e1adbe-bef1-4c41-a631-272bf8219cc5,Lifestyle,Digital Detox
gen_9aaf010d-3836-485e-abed-aeb6aef5a7ee,3a2b561d-c08c-4d43-b0d9-3f7b9b2512a8,Fitness,Cycling
gen_8ca2774f-7c78-44ef-a1cc-ffee42d9a150,3a2b561d-c08c-4d43-b0d9-3f7b9b2512a8,Hobbies,Gardening
gen_8fbc9b13-7283-4279-95b4-fcca5de90a31,3a3161bc-78a1-4bfa-82ed-34c800775282,Wellness,Yoga
gen_95ad89c0-5a5d-4302-9ed2-d43276d8cfb7,3a3161bc-78a1-4bfa-82ed-34c800775282,Community,Volunteering
gen_937340e5-ddce-4855-ae75-ab3a023e2b4f,3a3161bc-78a1-4bfa-82ed-34c800775282,Fitness,Running
gen_2f305dd2-0fc7-48bd-a683-9a5538a9473d,3a51421f-fdde-4b52-aa20-67301b3b1f9c,Community,Volunteering
gen_8fb1fc0c-5ced-4e65-8365-75cd528a4650,3a51421f-fdde-4b52-aa20-67301b3b1f9c,Lifestyle,Digital Detox
gen_09f978eb-3c77-4644-b6c9-186ff929609b,3a51421f-fdde-4b52-aa20-67301b3b1f9c,Nutrition,Keto Diet
gen_0565feda-b7df-4070-80b3-54ce64eab8eb,3a5943b0-df83-430f-a8eb-0bf14a45091d,Leisure,Reading
gen_7e660452-eb2f-489d-b532-5683a99bc261,3a5943b0-df83-430f-a8eb-0bf14a45091d,Wellness,Meditation
gen_92d5563e-a806-4dd1-9d6b-3772a76e9e49,3a7bea4b-7c3e-4439-904f-0aaf4ed1162f,Leisure,Reading
gen_f8dcf55f-0868-4f72-9dbb-0216201bf928,3a7bea4b-7c3e-4439-904f-0aaf4ed1162f,Nutrition,Vegan Diet
gen_f988bc5a-8020-4b50-9b85-4547d469dbec,3a91dc36-f9e0-47a4-b452-26b83dae2ce0,Fitness,Strength Training
gen_cacd5e9c-2732-4467-af93-6f1d54f3b473,3a91dc36-f9e0-47a4-b452-26b83dae2ce0,Hobbies,Gardening
gen_0eb99a82-8653-44db-8a77-0e7ae29a366b,3a95af1d-850b-4818-a379-f5d12f7a9181,Lifestyle,Music
gen_070bb9be-0365-4e42-a6cf-58893fbcf678,3a95af1d-850b-4818-a379-f5d12f7a9181,Fitness,Cycling
gen_ccea3dbd-3c7f-4728-8f20-18fe4d1ac3f1,3a95af1d-850b-4818-a379-f5d12f7a9181,Wellness,Meditation
gen_911a130c-e63b-41fe-8def-d80fc2657302,3a9e2de6-fde8-4940-8ea5-adfe7377ac87,Leisure,Cooking
gen_e3371f7c-2fd3-4ed1-bd07-2a0c5706ed12,3a9e2de6-fde8-4940-8ea5-adfe7377ac87,Nutrition,Keto Diet
gen_7aad9b3a-ad47-4558-8eb3-371e3a37a06d,3a9e2de6-fde8-4940-8ea5-adfe7377ac87,Community,Volunteering
gen_ef387595-86df-48d3-b7e0-db07219e1776,3a9f0539-da30-4630-8247-b158b442c57f,Fitness,Cycling
gen_ddc8a0aa-fe5e-4496-8f37-0ac567662be9,3a9f0539-da30-4630-8247-b158b442c57f,Community,Volunteering
gen_3bffd449-587b-44de-bce8-82e74132a31d,3ab76751-a1a3-434d-913e-e6131ae16132,Fitness,Strength Training
gen_6c8962ca-4be6-4ab3-a147-c74fbb1a8d3c,3ab76751-a1a3-434d-913e-e6131ae16132,Hobbies,Gardening
gen_f16bd550-e996-4098-9798-59e91fc09fb2,3adf7f85-695e-4ad1-ad9f-d4189829e16f,Fitness,Running
gen_1f23119c-0192-480a-9bdd-30023b270f57,3adf7f85-695e-4ad1-ad9f-d4189829e16f,Fitness,Cycling
gen_35cfbb55-9ae4-4b7a-b310-0065c6d026a8,3adf7f85-695e-4ad1-ad9f-d4189829e16f,Nutrition,Meal Prep
gen_e4bb4572-53ab-4ff7-91a9-05b855f79651,3af8f95e-ad1c-48a3-ae06-29c7e56ed572,Fitness,Running
gen_c74a44c3-a4b5-4fcc-a977-036b73d3fd01,3af8f95e-ad1c-48a3-ae06-29c7e56ed572,Nutrition,Meal Prep
gen_f70206e3-7875-43a3-adc5-9a35e051784f,3b024fb9-9c8b-47fb-b2bf-b0b21071c8b2,Nutrition,Vegan Diet
gen_0b7e4c78-8420-4bb2-98cc-8a18ebd38730,3b024fb9-9c8b-47fb-b2bf-b0b21071c8b2,Leisure,Cooking
gen_c0a65fe3-4086-46e1-a937-b69e744dff36,3b158c6d-820d-4545-9f8a-360bea3a2804,Nutrition,Keto Diet
gen_88062557-ac37-4ae3-a14e-f8f21862bccb,3b158c6d-820d-4545-9f8a-360bea3a2804,Fitness,Cycling
gen_ed53b510-a76a-4f40-b942-bb39fa012a11,3b158c6d-820d-4545-9f8a-360bea3a2804,Leisure,Cooking
gen_a03dc0d8-c1ab-44c9-a08a-66e22148b4b2,3b230561-2113-4fc1-8a6c-924399b81ed9,Nutrition,Meal Prep
gen_b43bd50b-d36e-4127-a11f-7991b0ec30d7,3b230561-2113-4fc1-8a6c-924399b81ed9,Nutrition,Keto Diet
gen_40205137-cbfe-478c-a7a4-5abca23a9f6a,3b230561-2113-4fc1-8a6c-924399b81ed9,Leisure,Reading
gen_b057ab12-9cd6-4a98-8514-f004d9d8fd21,3b421b6d-a37a-4340-b27d-1d89dfa370f9,Leisure,Cooking
gen_ed7f4da3-6d1e-48f3-a2be-333367522de3,3b421b6d-a37a-4340-b27d-1d89dfa370f9,Lifestyle,Music
gen_e1822fca-2e4a-4ca8-81c1-42ca43a11a1c,3b4b90a9-6c32-4336-a943-131527569ef5,Fitness,Cycling
gen_cef040bc-2fe7-4e0b-b53c-33dabb343a66,3b4b90a9-6c32-4336-a943-131527569ef5,Leisure,Reading
gen_940b74d2-1a81-4f3e-a03c-692e22a23692,3b5b26a3-da2f-4d97-8d86-0a05da881084,Hobbies,Gardening
gen_819c7d31-492c-4fe2-966b-adb009faf460,3b5b26a3-da2f-4d97-8d86-0a05da881084,Fitness,Running
gen_c88658f6-daa2-4fed-9262-6b72e197a9bf,3b6fed1d-d565-4ac0-9e7e-aef281446bef,Lifestyle,Minimalism
gen_b9b38cbc-e9c6-4e25-a58a-9bf699686a48,3b6fed1d-d565-4ac0-9e7e-aef281446bef,Hobbies,Gardening
gen_66ce2cd1-122d-4a98-8c7a-f4d7e9d86c25,3b6fed1d-d565-4ac0-9e7e-aef281446bef,Nutrition,Vegan Diet
gen_9bad2d04-f133-4f19-ade5-36ae8762a55e,3b7b9138-780e-41c6-8cba-32b3b95c5136,Fitness,Strength Training
gen_ee62eb0f-5c1e-4828-b964-2c79280fa836,3b7b9138-780e-41c6-8cba-32b3b95c5136,Lifestyle,Minimalism
gen_94973f9e-f268-442b-b5ad-4bfa1dc72810,3b7b9138-780e-41c6-8cba-32b3b95c5136,Nutrition,Vegan Diet
gen_b996a893-d30e-4c06-83a3-f4cd8c5e86ed,3b7e1004-06b8-4423-88ba-a8c4341f5524,Wellness,Yoga
gen_2264afbb-a872-44ea-b849-60891af6abe9,3b7e1004-06b8-4423-88ba-a8c4341f5524,Leisure,Reading
gen_99d83f93-994c-45bf-a49a-c49ac7fc35bd,3b7e1004-06b8-4423-88ba-a8c4341f5524,Lifestyle,Digital Detox
gen_2e0c00dc-72e6-4b78-bf31-f3a13f6f9ba0,3b92171d-dae9-4b13-8567-c8439b929e43,Nutrition,Keto Diet
gen_50a2ef4c-90ab-4bde-9929-6ffe786f6aae,3b92171d-dae9-4b13-8567-c8439b929e43,Nutrition,Vegan Diet
gen_3b02163d-30b6-452e-b6f2-c9016ba7140a,3b9b6e7e-a8ef-442f-8227-01a97533d69e,Wellness,Meditation
gen_02b06d8b-d23d-491a-a921-08dc3e5ef997,3b9b6e7e-a8ef-442f-8227-01a97533d69e,Hobbies,Gardening
gen_a07be8d9-70f5-410d-a1ea-82c8d5442d6c,3bc42d1e-d7a7-467b-9657-4ba80a9435c8,Lifestyle,Digital Detox
gen_a3707263-a212-4baa-a34e-7562ef6a5d45,3bc42d1e-d7a7-467b-9657-4ba80a9435c8,Hobbies,Gardening
gen_9b200939-bc02-4112-a775-7ef4b746fc37,3bc42d1e-d7a7-467b-9657-4ba80a9435c8,Wellness,Meditation
gen_d3bf161b-520b-43c4-bc77-e83bee22a427,3bdb787b-d329-4051-a192-7c90efc4c677,Wellness,Yoga
gen_857baf58-d9e2-4fdc-8f33-8ac740aa22de,3bdb787b-d329-4051-a192-7c90efc4c677,Nutrition,Vegan Diet
gen_02dd4583-0ac5-4bfb-be26-5ca5fc8624d3,3be3383b-990e-4677-bfa5-dab91f017c7a,Lifestyle,Music
gen_0a8348d8-3bea-4b22-a27a-14bcb62abceb,3be3383b-990e-4677-bfa5-dab91f017c7a,Wellness,Yoga
gen_e4cd11db-c1d4-464d-b8b1-8a906d195da1,3bf4f128-796c-4fd0-a2e7-42d0dbbef475,Wellness,Yoga
gen_5760595c-1487-43b6-8f8d-355e46747e10,3bf4f128-796c-4fd0-a2e7-42d0dbbef475,Leisure,Reading
gen_094c929e-d43a-49b6-86c5-33bf0ad239b3,3bf4f128-796c-4fd0-a2e7-42d0dbbef475,Fitness,Cycling
gen_a29d18c4-f862-4c9f-a44f-3149dc3d293e,3c1107e2-8968-4862-a6c5-1426fb0691f7,Wellness,Meditation
gen_e4ef7fcc-acc0-4f13-a45d-4d3c207fb3a1,3c1107e2-8968-4862-a6c5-1426fb0691f7,Nutrition,Keto Diet
gen_e3d0d67b-9bf9-4f54-9fb9-44e21e4e65cf,3c1107e2-8968-4862-a6c5-1426fb0691f7,Fitness,Running
gen_65b18471-0799-4874-9a34-8e0a13fbf1b4,3c1bae20-c604-4fb5-a2a6-61dc48493676,Lifestyle,Minimalism
gen_d3c84e28-a8cc-400a-b828-4f5233cf79af,3c1bae20-c604-4fb5-a2a6-61dc48493676,Nutrition,Meal Prep
gen_1a7c7e89-8105-4017-8d22-d2dd4fd7838b,3c33050f-52b8-4d9c-95b7-e3b8f630dbba,Fitness,Cycling
gen_70efd513-05e3-4a71-b636-c2c9d3411621,3c33050f-52b8-4d9c-95b7-e3b8f630dbba,Leisure,Cooking
gen_bc20bfea-0c39-4d7b-9e64-96b43fa838f5,3c33050f-52b8-4d9c-95b7-e3b8f630dbba,Nutrition,Vegan Diet
gen_4eb6dc21-5643-44ff-8649-738926c21689,3c47cd25-a8a7-44c5-8b4f-c2aa694f224c,Lifestyle,Digital Detox
gen_3550aaa4-b5ad-4201-87ce-5cc6fdccf64c,3c47cd25-a8a7-44c5-8b4f-c2aa694f224c,Leisure,Cooking
gen_929f7932-a3a4-4222-885e-31e8cc1e5360,3c6d6df4-fd43-41f7-a2c1-ce517a65cb3b,Fitness,Running
gen_fcfbeed4-219a-47c1-aa23-e63451c3a5b3,3c6d6df4-fd43-41f7-a2c1-ce517a65cb3b,Nutrition,Vegan Diet
gen_af81914c-aa2f-408c-be14-503e6ddee495,3c6d6df4-fd43-41f7-a2c1-ce517a65cb3b,Nutrition,Meal Prep
gen_528c71a8-481c-445d-a952-63988567c149,3ca4d255-f562-48fc-8829-62ea867c07d1,Nutrition,Vegan Diet
gen_d858127c-6b72-4fa1-8298-257137e08afd,3ca4d255-f562-48fc-8829-62ea867c07d1,Lifestyle,Music
gen_559ac98d-a0fb-4abf-9a2e-80126043b36f,3ce5f49a-1a6e-4439-a0b8-badf2c3d3524,Leisure,Cooking
gen_a770324e-4200-4232-b5c9-cd9b627a4077,3ce5f49a-1a6e-4439-a0b8-badf2c3d3524,Fitness,Running
gen_31c4a065-9f76-4214-9f85-e2966a33f2ed,3ce5f49a-1a6e-4439-a0b8-badf2c3d3524,Nutrition,Keto Diet
gen_17ad140d-c700-48f7-ac2c-9a3942b98eee,3d2c44fe-4d3c-49ce-8474-b55b87d31a55,Fitness,Strength Training
gen_1b2b7755-29f6-4548-b064-bb0052edd7dc,3d2c44fe-4d3c-49ce-8474-b55b87d31a55,Nutrition,Vegan Diet
gen_482e2200-75b7-4aba-a6b3-b80ffec7743d,3d2c44fe-4d3c-49ce-8474-b55b87d31a55,Nutrition,Meal Prep
gen_04165661-b2ff-4289-b0ea-18ef1f4c61b2,3d3e3a5c-ef36-476c-b31f-2c0a899f79e5,Wellness,Meditation
gen_0077c24c-4517-408d-a92f-f8334637430a,3d3e3a5c-ef36-476c-b31f-2c0a899f79e5,Fitness,Running
gen_30a835bc-42a1-4c20-8321-b98ad7a0e6be,3d3e3a5c-ef36-476c-b31f-2c0a899f79e5,Nutrition,Vegan Diet
gen_2f6cf21f-1013-411b-bd78-5882a6247cbf,3d499e2f-dbdb-4a38-baf2-5d911d0adb2a,Nutrition,Keto Diet
gen_1107dd26-7575-4293-89c3-abe2b484094c,3d499e2f-dbdb-4a38-baf2-5d911d0adb2a,Fitness,Cycling
gen_a7505201-f4ad-456c-8fb5-f01d5fe825c3,3da61d27-cea9-4a4c-9c46-ba96abaa926e,Community,Volunteering
gen_88955b43-0e36-4c12-b909-5296b60684bb,3da61d27-cea9-4a4c-9c46-ba96abaa926e,Nutrition,Meal Prep
gen_fef5c0b6-7364-43b3-bc4f-3b6c5fda5030,3da61d27-cea9-4a4c-9c46-ba96abaa926e,Nutrition,Keto Diet
gen_4b727ab2-2e9e-47e8-8c19-fdb6840c42b7,3de548e3-801c-41d6-b0b8-28e8389795f1,Nutrition,Vegan Diet
gen_4b0f2afd-67ce-4212-bacf-8a7002ef2243,3de548e3-801c-41d6-b0b8-28e8389795f1,Community,Volunteering
gen_54272798-d87d-47ee-bd03-7485cc652fc3,3e876e2b-9513-4b74-8615-66ea985d7cf2,Wellness,Yoga
gen_ea2b8543-991d-464a-bf5e-f48ffcf84501,3e876e2b-9513-4b74-8615-66ea985d7cf2,Nutrition,Vegan Diet
gen_b6d6b328-7311-49cb-8220-bc99ef72f03a,3e9abcf9-9065-447f-b151-415b34599e5d,Lifestyle,Digital Detox
gen_9c1ec985-3b80-4262-a31a-76a7fe548122,3e9abcf9-9065-447f-b151-415b34599e5d,Fitness,Running
gen_28f1a01b-68c5-461e-9455-148ffa2304b4,3e9abcf9-9065-447f-b151-415b34599e5d,Nutrition,Vegan Diet
gen_f762bfa8-3a97-4efc-8b69-6c5a56b045de,3e9c455c-f1f9-4bbe-81f9-52e9d0b5112b,Nutrition,Meal Prep
gen_24829910-3c43-46af-ade8-d180f0fc02c1,3e9c455c-f1f9-4bbe-81f9-52e9d0b5112b,Nutrition,Keto Diet
gen_ade94208-4556-4b8e-b9a1-8c62bbabde04,3e9c455c-f1f9-4bbe-81f9-52e9d0b5112b,Wellness,Yoga
gen_8d44e0b6-8761-4e1c-9444-0c0ec93e5301,3ee57d67-7a56-4b53-86d1-9b8d346f25cf,Leisure,Reading
gen_d7461279-637e-45c4-8c84-507d112356ca,3ee57d67-7a56-4b53-86d1-9b8d346f25cf,Fitness,Cycling
gen_b3c7e295-833c-4acd-b326-3eb0f4e3e20c,3ee57d67-7a56-4b53-86d1-9b8d346f25cf,Fitness,Running
gen_03346e61-f23b-4dd7-9212-8af07296778c,3ee8e075-960b-4bad-9285-a0b87422554b,Lifestyle,Digital Detox
gen_5d0bbf24-b744-42a9-8a23-d407ef8a0993,3ee8e075-960b-4bad-9285-a0b87422554b,Leisure,Cooking
gen_b2560d21-74c5-4e0e-b2e8-6a57fa2571ee,3f5892cd-4111-48f4-a8e3-fe4439168819,Leisure,Cooking
gen_18cfb70a-46fa-46a6-aab3-8f4c69f5cc23,3f5892cd-4111-48f4-a8e3-fe4439168819,Leisure,Reading
gen_64eca9c5-da7c-432b-8230-36ce0624018f,3fa705aa-f883-4f7d-9e6b-9076be84ce43,Nutrition,Keto Diet
gen_11c28cfd-b184-428f-a856-32a5569a51c0,3fa705aa-f883-4f7d-9e6b-9076be84ce43,Nutrition,Meal Prep
gen_417e1fc5-aba8-4dfc-8f34-f2debb4cad4e,3fa705aa-f883-4f7d-9e6b-9076be84ce43,Hobbies,Gardening
gen_e1ce0753-ecf1-4ddb-acbd-9b8dd8820bc0,3fafb65b-27ce-4d14-b3fb-09ef4a60362d,Wellness,Yoga
gen_f7ba1a8e-f184-44bb-bcaa-6b7591641aae,3fafb65b-27ce-4d14-b3fb-09ef4a60362d,Fitness,Running
gen_f5ba8218-7b0f-4b09-831e-694cf8d9351a,3fd5da33-92af-46c6-a4e8-4d9b76079863,Wellness,Meditation
gen_a7211525-1d20-4b13-bf27-1ae3b865c3ca,3fd5da33-92af-46c6-a4e8-4d9b76079863,Wellness,Yoga
gen_56c87953-2164-4cc2-a403-bd8517e22f9d,3fef7542-24d6-4800-bbf0-653fbe0ea5e2,Fitness,Strength Training
gen_4b23e066-aca2-4622-8777-134547a734a6,3fef7542-24d6-4800-bbf0-653fbe0ea5e2,Fitness,Cycling
gen_f14413b2-2c9c-4244-8b2f-64e5c734f9d2,4007f3cc-335d-4d11-9168-59327830dc72,Fitness,Cycling
gen_a1415a9d-8228-4ab6-878b-c353d970555d,4007f3cc-335d-4d11-9168-59327830dc72,Leisure,Reading
gen_f6c844d2-7ea5-49dd-9236-83cdf6808e5b,4037c715-6506-4bde-91c8-d85fd5dd6093,Lifestyle,Minimalism
gen_d3d94f13-85f6-4b4a-8cb4-cdec57f3de6f,4037c715-6506-4bde-91c8-d85fd5dd6093,Leisure,Reading
gen_b08a07fe-d327-483e-a39c-ac8bc2a7fb87,4037c715-6506-4bde-91c8-d85fd5dd6093,Fitness,Strength Training
gen_6c729e30-f0ac-4ed4-8a80-f6d898c700b3,403bef93-c3fc-4e95-b39e-96bac13fb948,Hobbies,Gardening
gen_c65c207c-580a-4755-a11e-db5d316f27dd,403bef93-c3fc-4e95-b39e-96bac13fb948,Fitness,Strength Training
gen_52ebe1df-be1e-4481-8fce-f64a5ca971e9,403bef93-c3fc-4e95-b39e-96bac13fb948,Leisure,Cooking
gen_fc752f21-f3db-462f-8ba2-3e2d48ff5e34,404a7dd6-ab7e-413e-8828-be5956935ea0,Community,Volunteering
gen_1d1c96e5-11b7-42de-a9fc-47cd3bc032c8,404a7dd6-ab7e-413e-8828-be5956935ea0,Hobbies,Gardening
gen_e0c34e4c-74f5-40d8-9525-cca93866e521,404a7dd6-ab7e-413e-8828-be5956935ea0,Nutrition,Keto Diet
gen_359ebd49-b413-46cf-90e0-b97a3bef741c,404bdacc-8b1c-4062-a8ba-4560deed497b,Lifestyle,Minimalism
gen_8d73e97f-4b81-4004-b8a7-45370a2c4e3e,404bdacc-8b1c-4062-a8ba-4560deed497b,Fitness,Running
gen_93dc0a34-d49e-4f01-8afe-1f6f087efcf8,404da108-b23e-49d4-b688-ef6cd27efdb1,Lifestyle,Minimalism
gen_32e051d1-92dd-4acf-85c3-fadaa1dc6c20,404da108-b23e-49d4-b688-ef6cd27efdb1,Hobbies,Gardening
gen_d34d23fd-3a4f-4be5-81a0-9646e3d5bd37,404da108-b23e-49d4-b688-ef6cd27efdb1,Wellness,Meditation
gen_bd5c5d93-693f-4af5-a538-e69cadbdbc6a,405975b3-353c-48f0-aa5e-78c05664b514,Fitness,Strength Training
gen_d08bff54-4f22-495f-9c12-133c932ef0a7,405975b3-353c-48f0-aa5e-78c05664b514,Lifestyle,Music
gen_a158749c-d06f-494d-8c30-13fd03081a6e,405975b3-353c-48f0-aa5e-78c05664b514,Nutrition,Keto Diet
gen_0414e21e-0036-4027-a0c2-a4f88b34825a,405ed805-b182-4e59-9bf1-de2aa24305e0,Wellness,Meditation
gen_210f526d-c054-4d7d-be25-ed721bbfcb47,405ed805-b182-4e59-9bf1-de2aa24305e0,Lifestyle,Minimalism
gen_d77fd5a4-3f06-4583-bacf-6d948ccbfe95,406e2628-55da-41c9-bdd8-e64c31ff7614,Lifestyle,Music
gen_0fda0d30-912e-42fa-a9b5-44f6e4bddf6a,406e2628-55da-41c9-bdd8-e64c31ff7614,Leisure,Cooking
gen_bff46d74-0bbd-4a07-96d4-a2ff4825d3ea,406e2628-55da-41c9-bdd8-e64c31ff7614,Nutrition,Keto Diet
gen_6362a99d-ab0e-4907-a9ec-a4502f2f32e7,407a033d-f54e-4319-acc7-03055947d012,Fitness,Running
gen_825358b5-6a27-47b8-85f4-0e2b3d4e4fb2,407a033d-f54e-4319-acc7-03055947d012,Hobbies,Gardening
gen_c61d6621-963b-4c3a-b056-80e7d3446e21,407a033d-f54e-4319-acc7-03055947d012,Leisure,Cooking
gen_c4c99a3b-8a99-4bde-99e0-2a955ffb5ef1,4082bb0d-deab-460c-aa28-325641cb2156,Lifestyle,Minimalism
gen_94cf00d8-a5ae-45c8-84cd-0988e0e819ae,4082bb0d-deab-460c-aa28-325641cb2156,Fitness,Strength Training
gen_47b33b76-f77f-4a05-a6a2-4547f124b048,4082bb0d-deab-460c-aa28-325641cb2156,Lifestyle,Digital Detox
gen_f56a8140-8242-4060-9650-2d87c9ac6564,40a91195-6bd4-4ae7-a001-9ef2c3fffcc1,Lifestyle,Minimalism
gen_8be67623-c87a-4aba-acb2-6a1af0b88e38,40a91195-6bd4-4ae7-a001-9ef2c3fffcc1,Leisure,Reading
gen_4b75e7b7-1f24-4439-9f7c-da5797263d14,40be0fdb-1a81-4f84-bde9-532961e3f995,Nutrition,Keto Diet
gen_c9d8b435-cac6-4e96-a8da-8c042473bf9a,40be0fdb-1a81-4f84-bde9-532961e3f995,Fitness,Strength Training
gen_9f856fe6-69e4-409f-8ed4-0d0000c45842,40c38096-68d3-4360-bb66-9658179bc97a,Lifestyle,Digital Detox
gen_f6e7d994-2d81-44f3-83a1-7d1b20fbb7cb,40c38096-68d3-4360-bb66-9658179bc97a,Fitness,Cycling
gen_f690b89b-9aa5-49fb-982d-a2e96eef03e9,40c38096-68d3-4360-bb66-9658179bc97a,Lifestyle,Music
gen_a8d387ad-a119-41df-a7ee-4337bed8ecf1,40d549ce-c65a-45e1-8681-c80cae22d689,Fitness,Running
gen_6f3b2ede-3381-4ca9-aa86-07b24bb966e6,40d549ce-c65a-45e1-8681-c80cae22d689,Leisure,Reading
gen_02c6a1e7-249f-47ce-9a55-f04e33391023,40d549ce-c65a-45e1-8681-c80cae22d689,Nutrition,Keto Diet
gen_7cf6633b-1f1e-4fa4-adb6-9f003ac86968,40ddbe03-82a7-449d-a864-ff61d4d889a7,Lifestyle,Digital Detox
gen_6b968fe6-a09f-4b8e-9319-c75a5ef57283,40ddbe03-82a7-449d-a864-ff61d4d889a7,Hobbies,Gardening
gen_43a4ec21-48ef-4569-a8ee-83cb99e72477,40f3d0c3-5b73-4bcd-b970-51ce1faf3ce6,Lifestyle,Music
gen_c9c43fcd-3fba-4c34-a54b-62fb677c3bea,40f3d0c3-5b73-4bcd-b970-51ce1faf3ce6,Wellness,Yoga
gen_ecac62dc-9836-4f23-92b9-0c2c44ef4188,410fa169-fc21-4c6a-b56a-29c5d579e97d,Lifestyle,Minimalism
gen_c98a3878-92df-4c64-b1c1-a3c94b6610cc,410fa169-fc21-4c6a-b56a-29c5d579e97d,Lifestyle,Digital Detox
gen_ece46819-e9a4-4a74-83f1-dfb8b4aaaa53,410fa169-fc21-4c6a-b56a-29c5d579e97d,Community,Volunteering
gen_b31fcc70-049b-461c-ac0b-e8fad8837462,411c289f-c60e-4079-8fa3-d240c0ba6bdc,Nutrition,Keto Diet
gen_34ba7e64-3683-4dfa-b7a8-effe3b43576e,411c289f-c60e-4079-8fa3-d240c0ba6bdc,Leisure,Cooking
gen_7cd16963-64b9-4583-a882-e0cedef2f3bd,415ba58a-91f8-476d-9d23-e53c300920bc,Nutrition,Vegan Diet
gen_536e8c7a-cb24-4661-9a4c-d77e6525a0d2,415ba58a-91f8-476d-9d23-e53c300920bc,Leisure,Cooking
gen_7b1f2248-907d-4852-b74c-85d7e030a694,415ba58a-91f8-476d-9d23-e53c300920bc,Leisure,Reading
gen_c30f2b93-966a-40c4-a192-a6290ec24592,415cae62-984a-4225-ac45-842a3182ecb2,Hobbies,Gardening
gen_610faf88-909c-4750-b674-7bcf7a75b903,415cae62-984a-4225-ac45-842a3182ecb2,Fitness,Strength Training
gen_24cf9db3-4ac9-43b0-9bd2-531cb107de16,415cae62-984a-4225-ac45-842a3182ecb2,Lifestyle,Music
gen_9fc164ee-3a80-414b-a54e-2611d1477b12,416fb38f-a344-4b39-ab96-261f5d126fc9,Fitness,Running
gen_dd34e2e9-fc42-44ec-b189-4eae84390419,416fb38f-a344-4b39-ab96-261f5d126fc9,Nutrition,Keto Diet
gen_df822611-6bd5-4b0f-877e-7d451557bedf,416fb38f-a344-4b39-ab96-261f5d126fc9,Leisure,Cooking
gen_d8970bbf-4012-415f-8090-1a46280ad806,41830018-d25d-4ce6-ad73-778e0f7ff546,Wellness,Meditation
gen_b94e4a8e-64a7-46e1-98fd-b794d11ce71b,41830018-d25d-4ce6-ad73-778e0f7ff546,Leisure,Cooking
gen_8c108df8-ff1f-4191-a401-c349a5f93a87,41830018-d25d-4ce6-ad73-778e0f7ff546,Nutrition,Meal Prep
gen_dedc0676-817b-4c98-9741-5280e97b8079,419b52e9-86e1-46f1-8b10-de4127699b00,Nutrition,Keto Diet
gen_58e0333e-f7ed-4621-8450-75b515859b17,419b52e9-86e1-46f1-8b10-de4127699b00,Fitness,Running
gen_01d52d2d-f9d5-4d3e-9417-e12bedbd1734,41e15505-f574-4a2a-8dd2-eb3a06b0d799,Leisure,Cooking
gen_78bc865a-cd82-48c9-9688-f2d278da58af,41e15505-f574-4a2a-8dd2-eb3a06b0d799,Nutrition,Keto Diet
gen_cc205e14-627b-4393-b063-50d971b19be9,42078308-3e2e-4291-8f20-f8816b41fbdb,Hobbies,Gardening
gen_1bb6631e-c2c1-4084-96a9-c0ee640a5483,42078308-3e2e-4291-8f20-f8816b41fbdb,Nutrition,Meal Prep
gen_aba847ab-b95b-48c9-8560-fae98ffd0d8a,42078308-3e2e-4291-8f20-f8816b41fbdb,Leisure,Cooking
gen_02968626-f63c-43c3-9544-d7547614a68d,420ad0de-9c2c-4697-b698-c5d3399eb306,Fitness,Cycling
gen_6986a83a-3f1d-4cd6-ac29-4746e8d498fb,420ad0de-9c2c-4697-b698-c5d3399eb306,Fitness,Strength Training
gen_736111d1-faf6-488a-8e47-c9bc8596dd46,420ad0de-9c2c-4697-b698-c5d3399eb306,Nutrition,Meal Prep
gen_e23dc628-2d90-491c-94d9-dc5340224b4d,424dc1e0-1974-4a40-a055-6b375ee686bb,Wellness,Meditation
gen_91985042-8712-4f05-8942-150d750ae100,424dc1e0-1974-4a40-a055-6b375ee686bb,Lifestyle,Digital Detox
gen_65ea16ce-9af9-4751-8f11-daaaa1bc1e5f,42695f54-7e3f-4b93-955a-e3a43ebf9573,Hobbies,Gardening
gen_eb562f78-10e9-4711-90ae-34740f5c161b,42695f54-7e3f-4b93-955a-e3a43ebf9573,Leisure,Reading
gen_9c7e1a2c-6a07-429d-bf81-caa93ef024ef,42695f54-7e3f-4b93-955a-e3a43ebf9573,Nutrition,Keto Diet
gen_cc9f1f0e-8d3a-4ee3-8353-c0be5a870add,426a591d-5875-4753-b0fe-1dc8ba65eeb3,Hobbies,Gardening
gen_6b196839-0fbe-4abf-9a58-b7a20a912a20,426a591d-5875-4753-b0fe-1dc8ba65eeb3,Nutrition,Meal Prep
gen_5979fae1-cfa9-40fb-b28a-bcb14f3ea463,4277970e-6be9-4631-89be-c9b286d20d1d,Hobbies,Gardening
gen_ceccf9d4-4d3f-47f7-a913-1b63c8b97b57,4277970e-6be9-4631-89be-c9b286d20d1d,Leisure,Cooking
gen_cdb2806a-396f-4a9d-b5aa-dc7655853440,42814efe-597b-43e8-972b-00c16a51fa9b,Lifestyle,Digital Detox
gen_99559616-cb78-44c5-9b6c-691cfc3af71a,42814efe-597b-43e8-972b-00c16a51fa9b,Nutrition,Keto Diet
gen_b3b2b4a8-ef02-4444-b9a8-9fe5afb5966b,42814efe-597b-43e8-972b-00c16a51fa9b,Lifestyle,Music
gen_9a914f01-b5a6-4283-8509-1f39e39332d8,42b9a85e-17a1-480a-9821-6ab8f0d9ee99,Wellness,Meditation
gen_2b8e9833-8f03-4166-b66f-f8bf7b44bf94,42b9a85e-17a1-480a-9821-6ab8f0d9ee99,Fitness,Cycling
gen_d05775d4-d669-4786-ab4e-8b465e58d6b8,42b9a85e-17a1-480a-9821-6ab8f0d9ee99,Wellness,Yoga
gen_3af490ea-c0be-4f69-9fa0-1a05a6229b0c,42e2ee2b-9c1f-49d5-9b02-ea4b9d4c37d4,Leisure,Reading
gen_9445bbd1-e046-465d-8873-b3b6c5ae191c,42e2ee2b-9c1f-49d5-9b02-ea4b9d4c37d4,Lifestyle,Minimalism
gen_49f421a6-a593-4188-8447-1968fbd3d3c2,42e2ee2b-9c1f-49d5-9b02-ea4b9d4c37d4,Wellness,Yoga
gen_1319c573-2232-4adf-8789-dd62a2a9d68e,42ea2264-d459-4d8c-9633-e409e1962756,Fitness,Cycling
gen_e3c18781-885d-4fec-b5e8-cc3246e103b2,42ea2264-d459-4d8c-9633-e409e1962756,Leisure,Cooking
gen_4b9c4aef-5493-42cd-bbeb-02056a16b4de,43197b74-baa5-473d-ae37-1b3c64e566c0,Wellness,Meditation
gen_8b430a25-45d6-426e-a460-e68d45487ba0,43197b74-baa5-473d-ae37-1b3c64e566c0,Community,Volunteering
gen_b346077b-5d7f-4081-b613-33ac97312802,431c5776-506e-41cd-b6e9-fe6d6ea0796c,Lifestyle,Digital Detox
gen_53cacca4-6afb-4f4a-a9b8-b0219af68a3e,431c5776-506e-41cd-b6e9-fe6d6ea0796c,Leisure,Reading
gen_4c80cc90-a05d-4e85-9ea5-eb967bd17284,435885f2-7f9f-4fbf-9f26-ab445c0f9147,Hobbies,Gardening
gen_dda13ea8-3d54-4846-afe9-9693ceeef49c,435885f2-7f9f-4fbf-9f26-ab445c0f9147,Nutrition,Keto Diet
gen_be293220-9c25-42c5-a1e8-fb3965287b1e,437e3d35-699c-42a4-a087-8b5c327ff197,Fitness,Strength Training
gen_d5d8a67a-91b7-4bcd-b6f8-63cf6e0d3ca0,437e3d35-699c-42a4-a087-8b5c327ff197,Nutrition,Vegan Diet
gen_31e5e7d3-de09-4350-bfc4-eb847249b74b,438e4c86-dd44-4456-a7c7-11dabc0fdbc3,Fitness,Cycling
gen_b35c4559-6dfb-4fe4-bad8-10c5d30b9c80,438e4c86-dd44-4456-a7c7-11dabc0fdbc3,Leisure,Cooking
gen_dd692238-57fa-40b4-9e31-36f5494fc210,439f2d87-91b3-413e-95b3-98e1738235d6,Nutrition,Meal Prep
gen_682716a4-8ceb-4453-ad55-c1c0b0c26f82,439f2d87-91b3-413e-95b3-98e1738235d6,Lifestyle,Minimalism
gen_c19755e9-1223-4bc8-926d-947a90ca94c9,43b5435c-1302-42ea-bc27-5a10df2c1420,Nutrition,Vegan Diet
gen_72d343a5-c351-42f4-a9b8-4c81b4f72c1f,43b5435c-1302-42ea-bc27-5a10df2c1420,Nutrition,Keto Diet
gen_94c4d069-72c4-49e5-a73f-6ed9602deec2,4406f8c8-b5a1-475d-a01d-eff07eefcede,Lifestyle,Minimalism
gen_e92c60ee-7eaa-45fe-b77f-790d876bd043,4406f8c8-b5a1-475d-a01d-eff07eefcede,Fitness,Strength Training
gen_2682338f-8147-472a-8277-baacc8be646d,4445dd3e-ced6-4cd1-847c-0e0e75ac3258,Leisure,Reading
gen_39a8e046-5050-4360-98d0-f544ffd2ad3d,4445dd3e-ced6-4cd1-847c-0e0e75ac3258,Nutrition,Meal Prep
gen_16dd49f9-ea02-4d49-a45f-ef5016b99ccd,4445dd3e-ced6-4cd1-847c-0e0e75ac3258,Leisure,Cooking
gen_dbbba26a-6be2-4ed8-aff2-287581919f19,44495928-0d83-48e2-813b-4e2fa675e710,Wellness,Yoga
gen_4e9a7a13-90f2-437f-aae6-82c0c4ef95c9,44495928-0d83-48e2-813b-4e2fa675e710,Lifestyle,Digital Detox
gen_342e3a48-1710-4ac6-8c2c-eabdd369a9ba,44495928-0d83-48e2-813b-4e2fa675e710,Leisure,Cooking
gen_4d56bbb8-fc8d-47b0-8984-9864914e7d31,445f3020-c8b4-4401-835f-d2b9438d8716,Leisure,Reading
gen_3fc61bc7-400e-4f53-adfa-68e38f903350,445f3020-c8b4-4401-835f-d2b9438d8716,Leisure,Cooking
gen_ec40f60e-97db-4d14-bef6-a746f1364684,445f3020-c8b4-4401-835f-d2b9438d8716,Lifestyle,Minimalism
gen_cceca9ac-4098-4597-ab08-faab0f50d8fb,446a6736-d918-46fd-adbb-fedfa481339d,Nutrition,Keto Diet
gen_431f71a9-b4de-4b96-84e2-b8459f1ea2c7,446a6736-d918-46fd-adbb-fedfa481339d,Hobbies,Gardening
gen_2f4c8326-43ac-4bbe-bd20-0530b278e071,44a4bb18-87cb-404b-8bf7-0838bd52d1a8,Lifestyle,Minimalism
gen_2be6e470-5c1f-48f9-8ff9-40bd0821f16d,44a4bb18-87cb-404b-8bf7-0838bd52d1a8,Leisure,Reading
gen_423ba57d-4ad7-49ef-9d1c-032cca31663e,44a4bb18-87cb-404b-8bf7-0838bd52d1a8,Wellness,Meditation
gen_394fbd3a-a928-440a-af36-f47297c7c9a3,44cb141f-df48-408e-ac9a-c5fdb66eb199,Lifestyle,Digital Detox
gen_51f3883e-0d7c-49c4-8e36-4e1aca2ca4ae,44cb141f-df48-408e-ac9a-c5fdb66eb199,Leisure,Cooking
gen_0d89d620-5219-4880-ae7d-c5f79efbda07,44cb141f-df48-408e-ac9a-c5fdb66eb199,Nutrition,Vegan Diet
gen_022dc66e-50ce-44f9-9c65-37656b423c22,450d44bc-f85c-49e9-8dbe-b45cc228af5e,Community,Volunteering
gen_f9d45b85-7517-480b-b361-d046b7d0d1a7,450d44bc-f85c-49e9-8dbe-b45cc228af5e,Wellness,Yoga
gen_f1718298-ea63-4e4f-a6a3-c90d5ad9e2b2,450e5816-4a0c-49b2-a8d5-ffeabe1ac073,Community,Volunteering
gen_37fcd2f9-e15a-4cb4-928e-c48224b3ee51,450e5816-4a0c-49b2-a8d5-ffeabe1ac073,Wellness,Meditation
gen_724537ba-02e1-4edb-8b52-25f5fc2f4c3b,453f42c0-c359-449d-bd34-f7b704f775f2,Hobbies,Gardening
gen_5c7604df-67b5-4d88-a8b7-c62145ddd342,453f42c0-c359-449d-bd34-f7b704f775f2,Lifestyle,Minimalism
gen_a7ae369a-2e73-40e9-a304-ac1782e25b29,4545aad3-9588-49cc-8234-72d0b029af55,Lifestyle,Digital Detox
gen_714145b0-f02d-4b07-84f3-5190b1bc4e32,4545aad3-9588-49cc-8234-72d0b029af55,Fitness,Running
gen_7167fdfd-24b8-4243-9f3b-a0c5975f32bc,4545aad3-9588-49cc-8234-72d0b029af55,Nutrition,Meal Prep
gen_fce854d1-48d6-4f90-aa67-bb70a6fbc4af,455148b5-f388-484c-9b96-4319bd188557,Wellness,Meditation
gen_0ef40190-857b-41a7-b7c4-cc1ce118ac64,455148b5-f388-484c-9b96-4319bd188557,Fitness,Running
gen_5d8c8aea-7331-4679-8dce-291b71dfce5a,45765bdc-d12d-4a45-a2aa-f58644fd215e,Wellness,Meditation
gen_95964f0f-51d1-41b6-bbd6-93207588840c,45765bdc-d12d-4a45-a2aa-f58644fd215e,Lifestyle,Minimalism
gen_c3156d3b-10e3-4259-98fd-bae08d5183fe,459b9fd1-dcf6-4b2b-a342-f1da407eaf7a,Community,Volunteering
gen_7967decf-f20d-4105-b0f9-0f72708e49c1,459b9fd1-dcf6-4b2b-a342-f1da407eaf7a,Nutrition,Vegan Diet
gen_751d372e-7aaf-4908-9650-4e993dfa4ed9,45b9d21a-2d20-4201-a60c-35a3f671b90a,Leisure,Cooking
gen_6e446fdd-8cdd-4269-b619-875bf50d26f2,45b9d21a-2d20-4201-a60c-35a3f671b90a,Wellness,Yoga
gen_4507b1c4-e8aa-45a6-a261-61d63ce70d14,45c02503-312b-40fa-b714-fb08b6b161a7,Leisure,Cooking
gen_0cf1d8a3-ab52-479a-a6c1-ae7aaebacec2,45c02503-312b-40fa-b714-fb08b6b161a7,Nutrition,Keto Diet
gen_22732249-cc66-4a71-8ad0-77975cd69661,45c02503-312b-40fa-b714-fb08b6b161a7,Lifestyle,Music
gen_74bb4a1d-992b-49e4-8b83-34a7fd8d8b6d,45c6ad68-09df-4eef-b15b-7ae80bfe427d,Lifestyle,Music
gen_9796e40e-1c0f-498d-8f23-d3cd65ecf6c9,45c6ad68-09df-4eef-b15b-7ae80bfe427d,Nutrition,Vegan Diet
gen_e01e0490-6d8a-4be6-9eb2-bc68ff2362b8,45c6ad68-09df-4eef-b15b-7ae80bfe427d,Lifestyle,Digital Detox
gen_bc445692-6b06-4c9a-a351-9cf059101c4c,45fca87a-fc6a-4dc7-bc8c-3a24cfc9df1b,Wellness,Yoga
gen_c2fa723a-ff2c-4fa9-89af-0166b2027ae9,45fca87a-fc6a-4dc7-bc8c-3a24cfc9df1b,Nutrition,Vegan Diet
gen_bb6cc8e0-2bf5-41ff-9b72-4543dc08a2ce,45fca87a-fc6a-4dc7-bc8c-3a24cfc9df1b,Fitness,Running
gen_1637e2d2-0bae-45be-975e-3c6ddb723fcd,45fd584e-e2c8-4652-84ab-151e4474c652,Wellness,Yoga
gen_1c90dcfc-f2f3-46dd-b4e3-2e7b029fc2c8,45fd584e-e2c8-4652-84ab-151e4474c652,Lifestyle,Music
gen_2e71bf7d-6488-4b20-ae48-7fc11d786a15,45fd584e-e2c8-4652-84ab-151e4474c652,Nutrition,Keto Diet
gen_c044f9aa-45d9-4df3-97b3-1d97462ea222,461b829a-5f6d-4b51-bbd4-2f2cd68ff9a7,Community,Volunteering
gen_ea18b9f5-860a-474c-b724-1b6dde8b23ea,461b829a-5f6d-4b51-bbd4-2f2cd68ff9a7,Nutrition,Meal Prep
gen_ecc19ead-4e25-421e-a71c-05af311fd9dd,4666405a-fe75-4c62-9a20-b17f3718b7a5,Leisure,Reading
gen_e4a2dd4b-23d1-484b-a839-2d1b7c85ad84,4666405a-fe75-4c62-9a20-b17f3718b7a5,Fitness,Cycling
gen_815caedb-ad43-4211-bb37-cb27246cc819,4666405a-fe75-4c62-9a20-b17f3718b7a5,Community,Volunteering
gen_50215f3c-b1bb-4a5d-8e07-6d96aa302e52,4685f91f-2cf3-4204-aa37-53b49d682248,Wellness,Meditation
gen_1071e49a-1fa2-4b8f-bb31-816c9de9870f,4685f91f-2cf3-4204-aa37-53b49d682248,Community,Volunteering
gen_4c08ff7f-3eae-47ec-b5d3-2d0a02cd4cc1,46a36e9c-4f76-4c52-85a9-b78e1704eeee,Nutrition,Meal Prep
gen_b7b2a4a7-abb3-414c-9e3a-c22b3f66e272,46a36e9c-4f76-4c52-85a9-b78e1704eeee,Community,Volunteering
gen_676a01ee-66c9-4e49-9509-4b546a3d5ecb,46a36e9c-4f76-4c52-85a9-b78e1704eeee,Fitness,Cycling
gen_52cbe3f5-7664-4d9f-99ba-c13747140fc8,46b19fb0-ddf9-490c-8b9a-6d5ba676fdfe,Lifestyle,Minimalism
gen_c47b3df8-54c1-4985-992f-b92f3aa42884,46b19fb0-ddf9-490c-8b9a-6d5ba676fdfe,Fitness,Strength Training
gen_4660465f-a469-455c-9415-4bb40f0979aa,46b19fb0-ddf9-490c-8b9a-6d5ba676fdfe,Lifestyle,Music
gen_3ed1fd72-2676-41b3-849d-c39e9eb15ed9,46c39309-6492-4202-b934-a866f492cd73,Lifestyle,Music
gen_721098e7-63b2-47ad-9995-0c72428ff06c,46c39309-6492-4202-b934-a866f492cd73,Wellness,Meditation
gen_62261922-3778-4e15-a593-87c55e056418,47820821-606c-46eb-8ab1-43ea1ce9a19b,Community,Volunteering
gen_0b4f87ec-1fc8-49e0-938c-bcfb56f79985,47820821-606c-46eb-8ab1-43ea1ce9a19b,Fitness,Cycling
gen_dd8433d4-6896-4782-93e5-f1595b6508f8,478b87ed-bc00-4481-8e46-496740317174,Fitness,Running
gen_621f20fe-0e94-4296-9038-c81f9b2a21c2,478b87ed-bc00-4481-8e46-496740317174,Leisure,Reading
gen_4f177b82-3816-48b8-bfe9-aa6d7a5c90c2,478b87ed-bc00-4481-8e46-496740317174,Wellness,Meditation
gen_fe68126a-f74d-4d12-aac1-5e82a6c831fc,479c6b6f-0d0d-46c7-9622-128775c0791a,Wellness,Meditation
gen_cb74b512-9b23-4220-beed-d1f8e34b1ced,479c6b6f-0d0d-46c7-9622-128775c0791a,Fitness,Running
gen_74376d83-acd4-45a9-9943-22dd08bf5b4d,47a7e962-13a2-4bdc-b635-9248039535ee,Wellness,Yoga
gen_c3cf7fda-45a2-4389-b4da-aebfe6126739,47a7e962-13a2-4bdc-b635-9248039535ee,Nutrition,Vegan Diet
gen_5c54cbb7-8ee7-4ed4-933a-58fc12c4ffbf,4801821c-e130-4bc3-849a-03fd628726c7,Fitness,Running
gen_c829aa61-4392-4043-b989-0ac5c00e644d,4801821c-e130-4bc3-849a-03fd628726c7,Leisure,Cooking
gen_4f6f1841-f873-43b7-b09d-a13e45248557,4801821c-e130-4bc3-849a-03fd628726c7,Lifestyle,Minimalism
gen_8af201a8-28a5-4b1c-9d10-44aba6e2282d,4830e868-14d4-4aa2-a616-56a4b90c6e66,Hobbies,Gardening
gen_a0b17e7b-7d99-4c1f-960c-0134d7fc01b6,4830e868-14d4-4aa2-a616-56a4b90c6e66,Lifestyle,Digital Detox
gen_6190a8e3-fe14-4f40-9bfe-2d74f63fecf2,483a6387-82b4-4b77-aa75-752c4c61aea0,Nutrition,Meal Prep
gen_86da772b-efb2-4b5c-8d9e-6c65c7891018,483a6387-82b4-4b77-aa75-752c4c61aea0,Fitness,Cycling
gen_63972722-fdd2-4df1-bbd9-0833b7927907,4886b6fb-1896-4d35-8ab7-9ec8c8020433,Nutrition,Vegan Diet
gen_c3b6b543-0032-4813-9763-9582176c1223,4886b6fb-1896-4d35-8ab7-9ec8c8020433,Lifestyle,Music
gen_9db2c412-8f12-4103-bac0-243120390a6e,4886b6fb-1896-4d35-8ab7-9ec8c8020433,Fitness,Strength Training
gen_3083eb1d-3735-46dc-9f64-409dd1a55a5c,48879151-aaa7-4735-b854-a598a0e62f60,Wellness,Yoga
gen_f7dead1e-a5b0-458b-a1a1-84e6a9be95c4,48879151-aaa7-4735-b854-a598a0e62f60,Fitness,Strength Training
gen_a20cabff-347c-43f5-b4e5-3885e80df073,48879151-aaa7-4735-b854-a598a0e62f60,Nutrition,Vegan Diet
gen_adbdd40a-4874-4c10-bdc2-345df9fd2fed,48a211bd-0cad-48b3-9571-d400234457cf,Hobbies,Gardening
gen_52d5f6c2-5c49-4529-a4e0-282140bdd0d6,48a211bd-0cad-48b3-9571-d400234457cf,Leisure,Cooking
gen_0670e7fc-8fc4-4627-a6db-07078d1b81df,48b937a2-34e0-440f-8f38-b0a9952bf3ae,Lifestyle,Digital Detox
gen_183b1ca8-4cc0-4700-84f7-f8e9139b3601,48b937a2-34e0-440f-8f38-b0a9952bf3ae,Nutrition,Keto Diet
gen_181c4dee-8e1d-4e48-bf81-15d0e86b30bd,48cabd7f-0340-4676-a9f2-2a096a9cdf9a,Lifestyle,Digital Detox
gen_13618f5d-b09e-4dd3-97cf-7eea4bc2b08d,48cabd7f-0340-4676-a9f2-2a096a9cdf9a,Leisure,Cooking
gen_667f8c6f-ceb8-4355-985a-118f2c92639f,49032342-3eaf-4285-bf1e-69a4aeb4322a,Nutrition,Vegan Diet
gen_beb96795-f06a-478a-8d70-4aee9c9a4b78,49032342-3eaf-4285-bf1e-69a4aeb4322a,Community,Volunteering
gen_5a71581f-c995-4671-9716-f8b4e09cb848,4925adfe-cb8c-402c-a7c6-f57bea9ef339,Lifestyle,Music
gen_dad0f721-90a8-436b-a125-1bff8a8f1803,4925adfe-cb8c-402c-a7c6-f57bea9ef339,Hobbies,Gardening
gen_da2919ce-d2f0-4030-838f-f7d87ef59230,4925adfe-cb8c-402c-a7c6-f57bea9ef339,Nutrition,Vegan Diet
gen_d625a0d6-e7da-4193-9191-4fc6438eef17,4947996d-5b95-47a2-93ae-943c5d8be880,Wellness,Meditation
gen_51816ff6-6431-443c-8164-6b7567b7e313,4947996d-5b95-47a2-93ae-943c5d8be880,Nutrition,Meal Prep
gen_983615b3-3033-4192-8a54-84fa527903c6,4947996d-5b95-47a2-93ae-943c5d8be880,Lifestyle,Music
gen_372db684-7df9-461f-a9a5-7ceea40dfc4f,49805db7-1eb3-428c-8892-a7e70d6bc9c4,Leisure,Reading
gen_c8f79551-123a-4975-927c-a8799ee02880,49805db7-1eb3-428c-8892-a7e70d6bc9c4,Fitness,Running
gen_bd0310e6-443a-4f83-ae4b-cb1ece8c45d5,49805db7-1eb3-428c-8892-a7e70d6bc9c4,Nutrition,Keto Diet
gen_56e5462d-a86a-404c-bd1f-21f44971b5c0,498e29e4-8ff9-455e-9d07-cafab0c11403,Nutrition,Meal Prep
gen_794ee9ae-f35d-4746-9281-ab373a595b9c,498e29e4-8ff9-455e-9d07-cafab0c11403,Hobbies,Gardening
gen_de36a2ca-6f40-433e-85c6-1a1ef78ed5a2,49ba0156-8919-4ca2-a6c5-5e5b96f32170,Leisure,Reading
gen_446e3e45-6089-4bac-90e6-137737cf4fcd,49ba0156-8919-4ca2-a6c5-5e5b96f32170,Fitness,Strength Training
gen_ad1c427a-36ce-4106-91f0-3bda9ad77a21,49c7bd36-dea6-49ce-a1d4-97c7370de174,Fitness,Cycling
gen_053ae42b-ee04-4bcd-b712-e875c1068b27,49c7bd36-dea6-49ce-a1d4-97c7370de174,Lifestyle,Music
gen_915c873f-fc57-4949-b789-1b0a285f0d7c,49c7bd36-dea6-49ce-a1d4-97c7370de174,Nutrition,Keto Diet
gen_36f5b0fa-0a4f-4bf4-a514-b338f43b22e3,49ea7e79-f1e1-42dc-a8de-75ac8fe5528c,Community,Volunteering
gen_333ef82d-c9f8-439a-8985-43f609fdbd4b,49ea7e79-f1e1-42dc-a8de-75ac8fe5528c,Hobbies,Gardening
gen_be8ca114-8387-49e3-a0aa-161a93408fe6,49ea7e79-f1e1-42dc-a8de-75ac8fe5528c,Fitness,Cycling
gen_746da894-db81-4209-8451-f621099745fa,49ffc478-78ae-4ba1-a2c5-b77a3f7de45b,Nutrition,Meal Prep
gen_465d4b13-4047-4541-8686-decbd53b1ecf,49ffc478-78ae-4ba1-a2c5-b77a3f7de45b,Lifestyle,Minimalism
gen_fb25f8fd-ed5c-472c-a222-cf0dae801e07,49ffc478-78ae-4ba1-a2c5-b77a3f7de45b,Hobbies,Gardening
gen_3b469649-6586-4021-89a1-466dae9f429e,4a062f89-386c-4e4a-ae63-c3b47c060db5,Leisure,Reading
gen_d443fc1d-ec6b-4774-bb4a-e3ce94045db7,4a062f89-386c-4e4a-ae63-c3b47c060db5,Fitness,Cycling
gen_5ed19482-9ee4-45d6-bf28-e8733abe8b80,4a497085-26d0-47e8-bd9e-2d6032b76f62,Nutrition,Meal Prep
gen_86e55bcb-1848-44e0-a5a0-2c1e6bb6ff2f,4a497085-26d0-47e8-bd9e-2d6032b76f62,Leisure,Reading
gen_8cfd67e3-593c-449c-9cb6-715ab6dd8bf9,4a6ae36d-0c36-444c-b505-154e23b2a1da,Lifestyle,Music
gen_f71524e3-7d58-44e2-bc6d-263b7ce4e6d0,4a6ae36d-0c36-444c-b505-154e23b2a1da,Wellness,Meditation
gen_b7cff73f-b111-4cc1-abaa-2e8c1ee7a4fb,4a6ae36d-0c36-444c-b505-154e23b2a1da,Wellness,Yoga
gen_96e9df59-4d22-4126-97ac-56801e8e11c4,4a6f5289-8477-491c-beec-92c5c1b5c79d,Leisure,Reading
gen_471c6b56-df31-47de-9f94-c87fe150195e,4a6f5289-8477-491c-beec-92c5c1b5c79d,Wellness,Yoga
gen_bc3b715e-86a8-41a2-851c-e7d3ddfc2b55,4a881899-37f1-430c-93fb-b40ad86c5965,Nutrition,Keto Diet
gen_c2cd5a27-4339-44cb-8011-368c4f3b9d80,4a881899-37f1-430c-93fb-b40ad86c5965,Wellness,Meditation
gen_082c70e4-bcde-4db4-b56f-b061e8512e8d,4a973682-6e26-4072-b73d-68ea551d2080,Community,Volunteering
gen_615b00af-f367-4a06-aeef-78fc15880c0f,4a973682-6e26-4072-b73d-68ea551d2080,Lifestyle,Digital Detox
gen_a70ae329-580f-4388-84da-f3b156a8140c,4a973682-6e26-4072-b73d-68ea551d2080,Lifestyle,Minimalism
gen_e4117f01-556b-4623-bee6-6a55ba861614,4aaf9aec-b960-468e-b9cd-a94a2eaf6586,Lifestyle,Music
gen_2ab37b28-930b-42f4-ac02-c14bfdef2f07,4aaf9aec-b960-468e-b9cd-a94a2eaf6586,Leisure,Reading
gen_8339ad80-1093-4dfa-a8b6-4d55022e97fa,4aaf9aec-b960-468e-b9cd-a94a2eaf6586,Hobbies,Gardening
gen_e6e46d73-0e37-403d-a4c1-289f38ea2fc2,4ac05beb-094a-4bce-b53a-9fee9d87022e,Wellness,Meditation
gen_94cad630-e514-4a02-a102-b5ccdb7970b6,4ac05beb-094a-4bce-b53a-9fee9d87022e,Nutrition,Keto Diet
gen_6fab67a2-522a-4433-a035-7c9712180f24,4ae0b32a-ee33-4e37-af5a-01f82dae9907,Community,Volunteering
gen_309443e9-7b9e-4c9f-b055-62f6be917683,4ae0b32a-ee33-4e37-af5a-01f82dae9907,Hobbies,Gardening
gen_4d6d8d1e-f3a3-4ce0-a2be-3603b7b6c7c0,4b0be842-63b2-415b-8762-9407c5bc44ce,Wellness,Meditation
gen_c962b83f-def5-4d13-b3b5-c69a4eac5fa0,4b0be842-63b2-415b-8762-9407c5bc44ce,Fitness,Running
gen_22a03fb8-2f0c-4e9f-8dbb-54632b8626a3,4b0be842-63b2-415b-8762-9407c5bc44ce,Leisure,Reading
gen_a91fe750-2276-4f06-a94e-0a1c3868f539,4b1ece72-bae2-4eb6-bf97-44a82181ea1b,Nutrition,Vegan Diet
gen_9ed50687-e42f-4c17-ba18-6d4c06c2bc5f,4b1ece72-bae2-4eb6-bf97-44a82181ea1b,Leisure,Cooking
gen_032eadd5-91ae-4fbd-9b4e-a659f05c76e2,4b1ece72-bae2-4eb6-bf97-44a82181ea1b,Nutrition,Meal Prep
gen_8170bdc9-6383-46b9-8b61-0aff48154b85,4b4f894c-905d-41e7-878b-1a9e84237dc9,Leisure,Cooking
gen_2f35f5e6-81ad-49aa-8189-6952e3da9c03,4b4f894c-905d-41e7-878b-1a9e84237dc9,Nutrition,Vegan Diet
gen_0a6b8955-935e-4e80-97c2-8f7f349125cc,4b4f894c-905d-41e7-878b-1a9e84237dc9,Nutrition,Keto Diet
gen_6708dd40-574c-4490-897c-882dca1240cd,4b5f52f1-9647-4b96-89ac-08676aab1999,Lifestyle,Minimalism
gen_22fd4510-6e23-452b-beab-a34453ecc96b,4b5f52f1-9647-4b96-89ac-08676aab1999,Nutrition,Meal Prep
gen_1cac544b-1560-44b6-a44d-003a0134f582,4b62745f-79af-4d98-95c4-4ffb0e5d6766,Nutrition,Keto Diet
gen_563a6bbf-26e7-4354-9caf-256756167c0a,4b62745f-79af-4d98-95c4-4ffb0e5d6766,Leisure,Reading
gen_b6544a4d-4b7b-4646-b1b4-2643176b5576,4b62745f-79af-4d98-95c4-4ffb0e5d6766,Lifestyle,Digital Detox
gen_ab1ef65f-15c5-4475-9238-a660c6964833,4b63601d-2cb9-4b14-88c8-06c714e879c1,Leisure,Reading
gen_1aeed947-bef1-4393-bc1d-3dd5870dd381,4b63601d-2cb9-4b14-88c8-06c714e879c1,Fitness,Running
gen_0e5a7034-f0b9-4fd0-9c4f-545a3381c821,4b63601d-2cb9-4b14-88c8-06c714e879c1,Nutrition,Meal Prep
gen_9ad74eb9-8207-462a-91a9-41a57a6cbbc8,4b7e87ed-994e-419b-b36b-6ee3045ecef0,Fitness,Running
gen_872a7212-fd3b-439c-8ef8-a2772ee2f1ea,4b7e87ed-994e-419b-b36b-6ee3045ecef0,Nutrition,Vegan Diet
gen_ea0f5ddb-74fb-4d9b-bee9-8ba15c056b7d,4b7e87ed-994e-419b-b36b-6ee3045ecef0,Fitness,Strength Training
gen_5af67500-4cd3-41f8-881f-c8dc83fe9acf,4b875652-f918-4bbd-bec4-ffe31a64c5f5,Lifestyle,Digital Detox
gen_63b0386f-5596-4e95-a527-b00b3f8946c0,4b875652-f918-4bbd-bec4-ffe31a64c5f5,Wellness,Meditation
gen_6990a566-b8d0-4afc-aadf-446d50f426bc,4bede622-30f7-4617-87e9-7aba51a7748d,Fitness,Running
gen_66076a0c-bfd5-4cb4-8c08-65bf5ff38406,4bede622-30f7-4617-87e9-7aba51a7748d,Leisure,Cooking
gen_edeacb85-95a3-4c9f-89f7-616bc2ef1ee6,4bede622-30f7-4617-87e9-7aba51a7748d,Nutrition,Keto Diet
gen_69094c5a-4937-4037-aa93-40924ca15471,4bfe2974-69e8-4c1a-a4f4-6c66839a1428,Wellness,Meditation
gen_9751b9af-b251-4144-b6bd-163b9e0e08fe,4bfe2974-69e8-4c1a-a4f4-6c66839a1428,Lifestyle,Minimalism
gen_3ce270d6-bdd7-4e57-a668-c93cf7425128,4bfe2974-69e8-4c1a-a4f4-6c66839a1428,Fitness,Strength Training
gen_32d2f197-4662-4dd1-b0e3-d75d00d47bc7,4c0852ff-09bd-40c8-b203-07975b1dc48c,Fitness,Cycling
gen_250cca40-9f39-4306-b73a-dbdb592122d0,4c0852ff-09bd-40c8-b203-07975b1dc48c,Nutrition,Meal Prep
gen_1d212abf-eee5-470c-bc51-4b904f22e7c3,4c0852ff-09bd-40c8-b203-07975b1dc48c,Lifestyle,Minimalism
gen_054ea502-24a8-4dc3-a471-1e24be3d52e9,4c17b6f5-d033-4b76-9cc2-77ac4c0f7b3c,Lifestyle,Minimalism
gen_d90aae93-b9d0-4e36-b5dd-a4072cadba38,4c17b6f5-d033-4b76-9cc2-77ac4c0f7b3c,Lifestyle,Music
gen_601075a7-3faf-44be-adb4-cb0c247f6d9a,4c17b6f5-d033-4b76-9cc2-77ac4c0f7b3c,Nutrition,Meal Prep
gen_a7d29584-d850-4350-9a59-cc9b356ae979,4c6fe2ef-1713-433e-adfd-82cb5d6e5db3,Fitness,Strength Training
gen_c631c74f-8b87-48bb-9b5c-455a68efe3cc,4c6fe2ef-1713-433e-adfd-82cb5d6e5db3,Nutrition,Vegan Diet
gen_2971e86b-d2fb-44ac-990d-e8a2fcdba218,4c6fe2ef-1713-433e-adfd-82cb5d6e5db3,Wellness,Meditation
gen_bf5555e8-9dfc-468a-a71d-4b5a1b00b5d5,4c799dee-08d3-4761-ae9b-847aa7b643aa,Fitness,Running
gen_9cc89ef2-f275-4d39-bbff-69fa61e0c556,4c799dee-08d3-4761-ae9b-847aa7b643aa,Hobbies,Gardening
gen_398e0f26-d10b-4203-ba57-1ed18eb86ec3,4c845e6a-24ce-42f5-9575-d42416dc51dd,Nutrition,Keto Diet
gen_f4cc9498-2314-42d5-856a-8428250cabcd,4c845e6a-24ce-42f5-9575-d42416dc51dd,Lifestyle,Digital Detox
gen_e79ddecf-c5ed-472f-8223-5ac3e5a4e162,4c845e6a-24ce-42f5-9575-d42416dc51dd,Leisure,Reading
gen_207a4ead-97e8-4a9c-8444-0405e92c8dc9,4cc3bbbd-d1b7-4fe2-9271-e5e4aaa76f55,Lifestyle,Music
gen_bef31582-f41c-4c24-aded-2c3c9ceac1d2,4cc3bbbd-d1b7-4fe2-9271-e5e4aaa76f55,Fitness,Cycling
gen_20d03eae-57fb-49a1-84af-b4efd6f1ff83,4ce63fb4-0066-4789-882c-cca3a4c6cfbc,Lifestyle,Music
gen_d593b005-66dd-460c-a165-d2749b052160,4ce63fb4-0066-4789-882c-cca3a4c6cfbc,Fitness,Cycling
gen_03374d29-c97f-472a-b66e-ed2484b8062b,4ce63fb4-0066-4789-882c-cca3a4c6cfbc,Fitness,Running
gen_80ceb212-20d8-412b-a905-14ac8ef6862a,4cfd4f4b-0fbf-43c2-bd1e-3954ec4d1cdf,Leisure,Reading
gen_508dd36b-0b73-4440-8faf-5f44ddc0ee32,4cfd4f4b-0fbf-43c2-bd1e-3954ec4d1cdf,Hobbies,Gardening
gen_16b12e5c-b556-401e-8c12-0293756eefdd,4d095139-c79e-446f-a51a-fb527b8e57da,Nutrition,Keto Diet
gen_2c8ae327-4d5f-4d16-b306-42e3a5af0834,4d095139-c79e-446f-a51a-fb527b8e57da,Nutrition,Vegan Diet
gen_c60fe02f-b298-49d4-a49c-3556803e8868,4d095139-c79e-446f-a51a-fb527b8e57da,Fitness,Strength Training
gen_5f226f21-fe5a-48ae-8ae1-5d8fc5292d46,4d21c025-7c10-489c-b83e-85d1c3bb8c66,Fitness,Strength Training
gen_507bf8f6-e1c5-46bb-8d48-864b1502f269,4d21c025-7c10-489c-b83e-85d1c3bb8c66,Fitness,Cycling
gen_1ca0852b-c1ca-4a9f-9de0-9070ccde9928,4d21ec4b-0bb8-44be-a19c-d34a81be0652,Nutrition,Keto Diet
gen_27b9c75e-e914-4792-b1e7-61824c371df8,4d21ec4b-0bb8-44be-a19c-d34a81be0652,Leisure,Cooking
gen_972fdd80-5123-4996-bd43-dbace6c5638b,4d21ec4b-0bb8-44be-a19c-d34a81be0652,Lifestyle,Minimalism
gen_62509e68-02e7-4ed2-b515-9c662a7617fc,4d25ae34-3926-4ef4-92ea-ff3ff06b26f5,Fitness,Strength Training
gen_9c1aa460-52c7-4809-aed3-65c72efb5df4,4d25ae34-3926-4ef4-92ea-ff3ff06b26f5,Fitness,Cycling
gen_346df78b-cbab-4fd5-b267-a7241a471751,4d748b14-f240-48ca-a05a-50c9e4ff0d62,Nutrition,Vegan Diet
gen_2d033d6e-59b3-4c29-aeb3-bfca880d87c4,4d748b14-f240-48ca-a05a-50c9e4ff0d62,Nutrition,Keto Diet
gen_f887913e-4076-4bac-b347-d48a988631fb,4d748b14-f240-48ca-a05a-50c9e4ff0d62,Hobbies,Gardening
gen_37e0b5f3-dde1-45b7-bbc5-635e65f6acc3,4d887c2a-ad0c-4840-8cb4-51e7fb1c0dbc,Wellness,Yoga
gen_b951ee36-d14e-4905-a33d-9197a3c4612e,4d887c2a-ad0c-4840-8cb4-51e7fb1c0dbc,Fitness,Running
gen_512d14a7-dfd6-43bf-b97f-517f1fdfe582,4d887c2a-ad0c-4840-8cb4-51e7fb1c0dbc,Lifestyle,Music
gen_1a93e751-8e61-423d-84ca-0c266fd91672,4d919c3a-23e6-45f6-815d-d26df885ccba,Lifestyle,Minimalism
gen_9ab63db0-30d5-489a-a740-941ef35d7c48,4d919c3a-23e6-45f6-815d-d26df885ccba,Lifestyle,Digital Detox
gen_ab5bf4f7-1685-4ad7-96ed-4df25edb516c,4dcb45f5-74e1-4500-8278-c24eabb9bffe,Leisure,Cooking
gen_e92565fc-baef-4a2c-b284-71449af323f0,4dcb45f5-74e1-4500-8278-c24eabb9bffe,Lifestyle,Digital Detox
gen_ec273c80-5425-4a8c-b18f-ef56ad80894d,4dcb45f5-74e1-4500-8278-c24eabb9bffe,Fitness,Running
gen_f29607c4-6b21-4748-a4b3-14acd6fa766e,4dd1701c-060e-446c-815d-bb496dbac2cf,Leisure,Reading
gen_05d61dab-f114-4fe6-9e1d-5e86551fdcf2,4dd1701c-060e-446c-815d-bb496dbac2cf,Wellness,Meditation
gen_cac1ef90-bbd1-49f2-bdde-8286f47abb61,4dd1701c-060e-446c-815d-bb496dbac2cf,Nutrition,Meal Prep
gen_33520e08-67d8-486f-b088-37f4e6829a91,4e177674-a34b-4d6a-b2d9-19c12c2dfc8f,Wellness,Yoga
gen_ad73d6e7-31cf-4dcf-a990-cbfe6798e162,4e177674-a34b-4d6a-b2d9-19c12c2dfc8f,Fitness,Strength Training
gen_d0270d07-c391-4458-91c3-58c18f577b31,4e177674-a34b-4d6a-b2d9-19c12c2dfc8f,Wellness,Meditation
gen_63b03015-7065-4b37-8ce4-fb4df60f2d70,4e1d9c44-53d8-4f66-8231-f4d483beb40b,Wellness,Yoga
gen_5bb4005d-c00d-4549-9e40-7afd04a8fad5,4e1d9c44-53d8-4f66-8231-f4d483beb40b,Fitness,Running
gen_d9bf4fc6-2652-48da-9384-18dd886b7dea,4e1d9c44-53d8-4f66-8231-f4d483beb40b,Fitness,Cycling
gen_77ffce3c-42bd-4a8e-a112-7ff433c335ec,4e2a50dd-c749-43be-b1a4-975c0338074d,Lifestyle,Minimalism
gen_fe1c3d73-040d-4d03-9809-7ca7f3dd3cb2,4e2a50dd-c749-43be-b1a4-975c0338074d,Fitness,Cycling
gen_72a393b5-cbbb-4171-a951-cdc1709a0ff3,4e38e20a-7e84-41b3-b0f3-aefff477f3d6,Fitness,Running
gen_e954ed10-d732-4438-96d4-d3756e6e0acf,4e38e20a-7e84-41b3-b0f3-aefff477f3d6,Leisure,Reading
gen_ab6d2185-4dbc-429b-aaba-87df65d7a2d7,4e38e20a-7e84-41b3-b0f3-aefff477f3d6,Hobbies,Gardening
gen_e4ddc14b-0938-4797-9d01-40b285372e7c,4e6581cc-8718-45bc-b501-c59fe8300945,Hobbies,Gardening
gen_14ff7c2f-1a05-4125-a480-b6ff965515ea,4e6581cc-8718-45bc-b501-c59fe8300945,Nutrition,Keto Diet
gen_90edd72b-e134-490f-9b21-df8f2913e6d9,4e6581cc-8718-45bc-b501-c59fe8300945,Nutrition,Meal Prep
gen_0ef40506-4470-4d38-8ed1-95080e7e63af,4e6acaba-d49f-4d5a-b6a3-830796cb1fb2,Lifestyle,Digital Detox
gen_4a920584-5995-4463-aee9-8344cd67f0d5,4e6acaba-d49f-4d5a-b6a3-830796cb1fb2,Leisure,Cooking
gen_b80a9286-9697-42a0-b029-e217e938b760,4ea89c44-3c13-45a4-8c11-ef8c93e050e8,Leisure,Cooking
gen_8145a945-6526-473a-be2a-6119ec9620ce,4ea89c44-3c13-45a4-8c11-ef8c93e050e8,Wellness,Meditation
gen_eb2aec96-d7a7-4a7a-a1cb-5c5eaa57fe31,4ea89c44-3c13-45a4-8c11-ef8c93e050e8,Fitness,Cycling
gen_93e811bd-c595-4bcb-b381-4ecddd3f3a93,4eaf318a-2cc3-4035-97ef-5fc2dd10d5d3,Leisure,Reading
gen_1af0091b-25b8-4694-9bdc-19ffbc43bcab,4eaf318a-2cc3-4035-97ef-5fc2dd10d5d3,Nutrition,Keto Diet
gen_d707119e-e198-44a8-abe2-1362ea8de453,4ebb4c23-dbd5-4257-8b30-dac260df4174,Fitness,Running
gen_c7784f82-ac5f-4a6f-91b2-26c680365786,4ebb4c23-dbd5-4257-8b30-dac260df4174,Wellness,Yoga
gen_c06a8dc1-d6d1-4fec-9895-d3105323b4e7,4ef45869-4153-4e60-85d9-f53563b14c2d,Wellness,Yoga
gen_45859e30-ff3c-4dab-8ff4-00c1603b9fde,4ef45869-4153-4e60-85d9-f53563b14c2d,Leisure,Reading
gen_dccb3ca0-9659-4ced-844c-0b848d36593f,4f3bfcce-c376-4bcb-a8d2-be5c1f7742d7,Lifestyle,Music
gen_81dc8e47-3b1d-48ee-96f6-ece2d30e8706,4f3bfcce-c376-4bcb-a8d2-be5c1f7742d7,Nutrition,Keto Diet
gen_cae465ce-520e-495c-bfe2-7bd73dc157b7,4f3bfcce-c376-4bcb-a8d2-be5c1f7742d7,Lifestyle,Digital Detox
gen_f61da93e-77d9-427e-92be-b4094a9fe913,4f438c77-8520-494f-92e1-e425e68a534f,Lifestyle,Minimalism
gen_edd1aaa9-8e11-4576-898a-169c8a9f0e17,4f438c77-8520-494f-92e1-e425e68a534f,Leisure,Reading
gen_e829706a-ae54-4373-887c-27a4ee42375b,4f438c77-8520-494f-92e1-e425e68a534f,Lifestyle,Digital Detox
gen_1341f1bb-ad2d-4444-b899-42ccfc649e0d,4f8a300b-b2f2-4c1a-a122-11210c3b97f4,Fitness,Strength Training
gen_73580fd4-3b7e-4aad-8927-d65344795a71,4f8a300b-b2f2-4c1a-a122-11210c3b97f4,Fitness,Running
gen_7fd218c9-730d-4b34-b340-10b0a70b54ee,4feb4ba5-a1ab-44fa-ac85-c034e091192a,Wellness,Meditation
gen_ba2ab48f-705d-4f79-bccd-2e9405c1c434,4feb4ba5-a1ab-44fa-ac85-c034e091192a,Nutrition,Vegan Diet
gen_7420e4f8-b67f-4674-bf02-aa6f06e3cf6d,50003772-4cf8-4853-b962-518ac259506f,Lifestyle,Digital Detox
gen_91c1840a-6c3e-4a89-aade-cc7955ae9e8b,50003772-4cf8-4853-b962-518ac259506f,Nutrition,Vegan Diet
gen_a0f62117-e6b1-4068-8ae8-4960bd01f3f7,50003772-4cf8-4853-b962-518ac259506f,Leisure,Reading
gen_c58436a5-3ce2-40ad-b983-e5050dd6d6e0,504d7481-bcf4-4fc8-a597-e8277f2c2e1c,Community,Volunteering
gen_2c1d7eca-777b-4c43-b0c4-f068b308d465,504d7481-bcf4-4fc8-a597-e8277f2c2e1c,Fitness,Strength Training
gen_f5b5cb25-752f-4845-a8d8-e8669f74a460,504d7481-bcf4-4fc8-a597-e8277f2c2e1c,Fitness,Running
gen_4f3486c3-3c63-4357-b542-10311d8d842b,5087d838-7069-4676-80de-9914fee3eb7f,Nutrition,Keto Diet
gen_65f5891f-1a38-4525-aaa2-8ef97f93be24,5087d838-7069-4676-80de-9914fee3eb7f,Hobbies,Gardening
gen_bbd1bb78-7ecd-49bd-bace-93f0793dee37,50c99fc5-89e6-40af-af3b-9696ea164ec2,Lifestyle,Minimalism
gen_0bddd959-edb7-44cd-8703-a9f00d9e5a05,50c99fc5-89e6-40af-af3b-9696ea164ec2,Leisure,Cooking
gen_9a193afd-d83e-4409-a51b-1cf5503b3d11,50d1b918-9726-4a31-ab09-5fb1ae33be84,Fitness,Cycling
gen_9e91868b-c249-4490-ae3d-41f2062276f6,50d1b918-9726-4a31-ab09-5fb1ae33be84,Community,Volunteering
gen_5365a83d-1749-408f-9575-7df892a3f188,50d1b918-9726-4a31-ab09-5fb1ae33be84,Leisure,Reading
gen_035ea6d2-8765-4cf8-8f23-ee818a0db49b,510a83d0-c7ae-437f-a9bb-4f4ced75ab2b,Leisure,Reading
gen_baa84f4f-32ef-4ab7-94b9-84a31028f7cb,510a83d0-c7ae-437f-a9bb-4f4ced75ab2b,Fitness,Cycling
gen_d3657417-fef4-4199-887c-5f64b183bc6d,5151e715-226a-45f6-99cf-6ef6fe3b2dbc,Lifestyle,Digital Detox
gen_40be1821-3875-44d1-bd7e-ebf7d78ada92,5151e715-226a-45f6-99cf-6ef6fe3b2dbc,Community,Volunteering
gen_b5688111-1c92-460a-ad62-5a58d2343c42,5151e715-226a-45f6-99cf-6ef6fe3b2dbc,Lifestyle,Music
gen_cbcc493f-2d3f-403f-b5f2-73e49c0fe336,51536b25-5a6d-4c09-8cba-3f6b43c4c9aa,Lifestyle,Digital Detox
gen_7d7ba088-ee39-4beb-aa91-7b35f5865d8b,51536b25-5a6d-4c09-8cba-3f6b43c4c9aa,Fitness,Cycling
gen_f2553ac2-7d66-4816-9cb6-828acf9deee9,515ce4d0-8f31-4c60-91e5-760bfd9a18cd,Fitness,Cycling
gen_5142f606-dcf8-4cab-b069-d9da37f5c049,515ce4d0-8f31-4c60-91e5-760bfd9a18cd,Leisure,Cooking
gen_e5f14d02-1ca8-4745-ab9b-e9dbc6f17011,515ce4d0-8f31-4c60-91e5-760bfd9a18cd,Nutrition,Keto Diet
gen_b3f18c82-18c2-4a10-be0d-36838af445a7,516a1e30-15c6-4696-b8a9-aa09ac841f68,Nutrition,Keto Diet
gen_0c2b1d3c-ef3d-4068-9790-49d45efb874e,516a1e30-15c6-4696-b8a9-aa09ac841f68,Lifestyle,Digital Detox
gen_b7e770d1-7655-4fd6-a9e3-13d81efaea6e,5172eaad-3021-47a7-ada5-7c33193c2d83,Community,Volunteering
gen_3052b7ba-1fe3-4602-b6d8-881d0932719f,5172eaad-3021-47a7-ada5-7c33193c2d83,Fitness,Running
gen_15287543-3f80-4909-bc3f-8b2ecaed4e09,5172eaad-3021-47a7-ada5-7c33193c2d83,Wellness,Meditation
gen_18130c12-4fda-4370-bc3c-e00f0e024ea2,518a0c42-1771-42d5-81a2-df1c8691bd6b,Hobbies,Gardening
gen_8566132a-a732-498b-98f7-67e0415a7f0c,518a0c42-1771-42d5-81a2-df1c8691bd6b,Lifestyle,Digital Detox
gen_9a412b0c-5d11-491b-8b31-6afd337873ac,518e74af-07c7-43f7-9a4c-35fe6d2a98b8,Fitness,Cycling
gen_c48b29c1-41c8-4738-bb6c-ed7c044386d7,518e74af-07c7-43f7-9a4c-35fe6d2a98b8,Hobbies,Gardening
gen_5161ef01-2fb6-4729-bccc-5aad20f9a3fc,518e74af-07c7-43f7-9a4c-35fe6d2a98b8,Wellness,Meditation
gen_9d6581ca-7fe8-4505-a47d-55c4f3ad90f2,519e1b05-166c-488f-a7e7-577222cce099,Lifestyle,Digital Detox
gen_d8b136a8-92af-452b-95dc-9a87980febaa,519e1b05-166c-488f-a7e7-577222cce099,Hobbies,Gardening
gen_5ec2baf2-6a33-44e6-b793-d583a48fbad5,51badf6d-e3f4-4516-b1e1-650c1487e93a,Fitness,Strength Training
gen_b8e9c6d5-8838-4b16-8cdc-509ac969b136,51badf6d-e3f4-4516-b1e1-650c1487e93a,Leisure,Cooking
gen_96535798-1d7f-426b-8dde-2528579ff94b,51bc23c5-e2f2-45ee-8541-33023c9c6b93,Fitness,Cycling
gen_0beef94a-9c3c-4eb8-be70-aa9058b113bd,51bc23c5-e2f2-45ee-8541-33023c9c6b93,Hobbies,Gardening
gen_e4ee6279-eae2-496d-8f6b-c16917076413,524f2e0b-2bf3-4f93-9d7b-c8084b317610,Community,Volunteering
gen_f9aa2f25-3760-4f23-b199-ee3a2e21eabb,524f2e0b-2bf3-4f93-9d7b-c8084b317610,Fitness,Strength Training
gen_86dfe03a-8b97-4b3b-98d4-220d9c8fbee9,524f2e0b-2bf3-4f93-9d7b-c8084b317610,Lifestyle,Music
gen_7c95f601-4f44-4968-9175-b19c67c0b417,5255f399-e4a4-4b74-bfc0-e11a84f91f66,Fitness,Running
gen_c99297d8-609f-471e-b665-7e725f79023a,5255f399-e4a4-4b74-bfc0-e11a84f91f66,Lifestyle,Music
gen_6f6d6004-ddef-41cc-b918-9f93e4ae3c0a,5267a01b-6aba-4397-8563-240b76eea5ff,Hobbies,Gardening
gen_d8793973-db61-406c-9603-adfcb08b857b,5267a01b-6aba-4397-8563-240b76eea5ff,Wellness,Yoga
gen_d542cb5b-a686-408f-8bd1-426f82a245c0,5267a01b-6aba-4397-8563-240b76eea5ff,Leisure,Reading
gen_9687cd32-f0fe-4c61-a213-4a26660edc5b,528f83b2-0449-4474-bfb9-8e193c4383f0,Fitness,Strength Training
gen_c92d33c5-ff33-48a3-aecb-c610b766df03,528f83b2-0449-4474-bfb9-8e193c4383f0,Hobbies,Gardening
gen_b1ae06b8-b865-4f43-8998-b2ebc5eee12d,528f83b2-0449-4474-bfb9-8e193c4383f0,Lifestyle,Music
gen_a258ac05-0098-4802-8729-d27e7c31bb5c,52902dfb-c5a6-4a76-8260-4fe657d2fbda,Leisure,Cooking
gen_8a9cf0aa-4e77-40b2-8020-343824c7b689,52902dfb-c5a6-4a76-8260-4fe657d2fbda,Hobbies,Gardening
gen_bcd11c95-0e1c-44d7-8fe5-5bd8c4053268,52902dfb-c5a6-4a76-8260-4fe657d2fbda,Lifestyle,Digital Detox
gen_b810a8fa-bc87-4e86-a9d8-a047904a18cc,529ecb1b-7a42-4cbe-a7a6-e4352355a439,Hobbies,Gardening
gen_5bcdec3d-a45a-4153-baed-15185034b0e4,529ecb1b-7a42-4cbe-a7a6-e4352355a439,Wellness,Meditation
gen_e70c49f3-5bb2-42dc-ab19-b9b81a2610fc,529ecb1b-7a42-4cbe-a7a6-e4352355a439,Lifestyle,Minimalism
gen_0bf24ea9-2711-45dd-91aa-b566efa27775,52a27cd7-fa27-43ff-8082-7e6067211565,Leisure,Reading
gen_85635a4e-3b8d-41d3-a727-f43f42b65f49,52a27cd7-fa27-43ff-8082-7e6067211565,Leisure,Cooking
gen_08e4e43e-c5a2-472b-9e7e-af36a9cf123e,52f85071-0b33-416a-88a0-4d89130353d4,Wellness,Meditation
gen_56d85fcb-50cc-4139-b7e6-15e895c9a654,52f85071-0b33-416a-88a0-4d89130353d4,Lifestyle,Minimalism
gen_8ee664e5-9918-4785-b8b9-7dd08f65eb62,52f85071-0b33-416a-88a0-4d89130353d4,Fitness,Running
gen_8747e938-aae2-4a72-bd72-6d07fe5ce754,531a2a4e-4676-4b51-81e8-ab193f70183b,Fitness,Cycling
gen_1bfa7d24-78cf-4d95-9970-2706effa8337,531a2a4e-4676-4b51-81e8-ab193f70183b,Lifestyle,Minimalism
gen_cfadb9aa-5510-4421-ad12-018e1c8551fc,532c2a8c-0662-447a-b806-10b30503a241,Lifestyle,Minimalism
gen_4f52778f-9018-409e-9b30-3048162d2746,532c2a8c-0662-447a-b806-10b30503a241,Leisure,Cooking
gen_705de0e0-bd0b-48ad-9c84-cc9206d45d0e,532c2a8c-0662-447a-b806-10b30503a241,Wellness,Yoga
gen_b1321c89-2bb7-46ab-8ab6-16322b6f72e3,5331c61a-44d2-4826-b678-e428a9783dbb,Fitness,Strength Training
gen_8985160b-44e9-4975-9ea5-a5074676a658,5331c61a-44d2-4826-b678-e428a9783dbb,Fitness,Cycling
gen_ee8023df-3d17-433b-b0b3-5fc32596b575,5331c61a-44d2-4826-b678-e428a9783dbb,Nutrition,Keto Diet
gen_f21a5636-4494-40ec-b066-589ca05138b1,53355db8-8150-4243-82e3-697ab12aad63,Nutrition,Meal Prep
gen_0f768d82-3d66-4bb9-bb5b-95b48a6dee67,53355db8-8150-4243-82e3-697ab12aad63,Community,Volunteering
gen_7643ee5b-8521-43ff-ae97-a684eea75505,53355db8-8150-4243-82e3-697ab12aad63,Nutrition,Keto Diet
gen_9fd13b98-fe02-46c7-864e-c91fe1674f5b,534b4a51-0592-4546-8887-1fc5c26f0bcc,Fitness,Cycling
gen_a0729146-e2bb-4666-9449-1c80dd68b2df,534b4a51-0592-4546-8887-1fc5c26f0bcc,Leisure,Reading
gen_27a1bda9-8cce-4a43-a6a4-522277dca1ad,534b4a51-0592-4546-8887-1fc5c26f0bcc,Nutrition,Keto Diet
gen_fce2d5c5-c85a-4949-aee5-faae40905f11,5397bf90-6ce5-4dc3-afb6-22392306f017,Nutrition,Keto Diet
gen_56d52826-18fe-48cb-b85c-6e87a57004d5,5397bf90-6ce5-4dc3-afb6-22392306f017,Wellness,Yoga
gen_47d6f395-013b-4d98-baaf-e32e623cf52e,53b6b352-d2e3-4cde-b142-d3289bb71949,Fitness,Running
gen_8e98faaf-4639-4c8f-aff2-a4f2af58644c,53b6b352-d2e3-4cde-b142-d3289bb71949,Wellness,Meditation
gen_93f8d76c-acf4-4bcf-bf21-a417e97e4d3f,53b6b352-d2e3-4cde-b142-d3289bb71949,Lifestyle,Minimalism
gen_06fe910e-5010-4aa7-aabd-89193a550dd0,5403223d-ba31-4b88-bebd-cf22326ea238,Fitness,Cycling
gen_821e3630-3741-4b8f-b99d-4b9db9a88420,5403223d-ba31-4b88-bebd-cf22326ea238,Fitness,Running
gen_e7e0e5a7-b498-4ee4-98fd-8626d512fb90,5422a619-8c00-48c8-a635-df3fbe100373,Wellness,Meditation
gen_965093af-c3fc-47b8-9990-a022b47b1fe9,5422a619-8c00-48c8-a635-df3fbe100373,Nutrition,Vegan Diet
gen_a2dae46f-9890-4ef7-9b86-fea48703cac5,54dc4f21-5f3c-4192-a4fb-933719df5a54,Wellness,Yoga
gen_dad4c1d5-87ba-4ae4-8035-6f35c3e7f70a,54dc4f21-5f3c-4192-a4fb-933719df5a54,Community,Volunteering
gen_dd66042a-9cf0-4392-8aef-344eb9efcbe8,54dc4f21-5f3c-4192-a4fb-933719df5a54,Fitness,Cycling
gen_51d9b6a1-fbb5-49ae-8078-8f40d2a803d6,55127d3c-0e51-4a93-aabc-6efe62d285d8,Leisure,Cooking
gen_ba0fb8c2-514d-4402-a583-ff26dc272b94,55127d3c-0e51-4a93-aabc-6efe62d285d8,Fitness,Strength Training
gen_2330a321-b5fc-4174-a0b4-a168607d56db,55127d3c-0e51-4a93-aabc-6efe62d285d8,Nutrition,Meal Prep
gen_d644ce71-0314-4810-b5dd-07cc8d537ca9,55252131-49e7-4357-9859-fdf3ee86f7cd,Wellness,Yoga
gen_cfe01344-215a-480d-98f2-9367d3b7d7c2,55252131-49e7-4357-9859-fdf3ee86f7cd,Leisure,Reading
gen_2ae35c2b-12bf-42d8-ab82-b7c272b925dc,55252131-49e7-4357-9859-fdf3ee86f7cd,Fitness,Cycling
gen_8ce704e0-8197-4eb5-9495-067bf8fe3b3b,5528077d-766a-4f76-b93c-1c1026d0aad5,Lifestyle,Digital Detox
gen_4112acea-8c8f-4b9b-96c2-3bf7cb61280b,5528077d-766a-4f76-b93c-1c1026d0aad5,Lifestyle,Minimalism
gen_e77bea8c-61bc-403d-b642-b9c9985ca07b,5528077d-766a-4f76-b93c-1c1026d0aad5,Community,Volunteering
gen_e6867938-65c1-4cec-b926-cc47af1a7ec8,5541028b-d585-4298-a217-933cce47ecd0,Lifestyle,Minimalism
gen_a35203c2-8c01-4473-be6e-b7e100148b49,5541028b-d585-4298-a217-933cce47ecd0,Lifestyle,Music
gen_c8892fa4-522e-4b66-83c5-43c146781eba,5541028b-d585-4298-a217-933cce47ecd0,Fitness,Running
gen_2f38bb4c-4770-46b6-844f-0b206070f8d6,555f67ff-06ea-4f5b-a740-42521c87e538,Lifestyle,Digital Detox
gen_98910016-7377-48df-b050-6b3b4c4455f5,555f67ff-06ea-4f5b-a740-42521c87e538,Lifestyle,Minimalism
gen_0dcf4c4a-cad9-41ff-b6b8-150cd747d170,555f67ff-06ea-4f5b-a740-42521c87e538,Wellness,Yoga
gen_0cf6d1f6-cd06-4be0-bf46-baf789f97b9d,5561a945-e8d3-43fa-bd75-85a1590eb089,Fitness,Strength Training
gen_f6da60cc-afcd-4ae9-ae35-b71be6ccbb82,5561a945-e8d3-43fa-bd75-85a1590eb089,Nutrition,Keto Diet
gen_88b1214d-2458-482e-b5aa-75c4510a0571,556ec505-4932-416e-b7d2-f79bce6db5f0,Lifestyle,Music
gen_b9d08c70-0853-4d1c-8f69-19ba7d0fe9f4,556ec505-4932-416e-b7d2-f79bce6db5f0,Wellness,Meditation
gen_4a7429d6-d74c-4322-b053-a369615b7380,55894235-15d5-4795-8467-277e6a4aa5d3,Fitness,Strength Training
gen_f6aa8bd3-f6af-453d-b0a7-53f4fcdcedc9,55894235-15d5-4795-8467-277e6a4aa5d3,Community,Volunteering
gen_d632c567-e3dc-4586-9b77-c2398217fac6,55894235-15d5-4795-8467-277e6a4aa5d3,Hobbies,Gardening
gen_3bd4adfc-ed64-4109-af47-f583ae0c8efe,55d8a61e-b644-4f40-87a5-d227b95c8e8b,Wellness,Meditation
gen_b144f4bd-c8f5-4332-a69e-a8761140f032,55d8a61e-b644-4f40-87a5-d227b95c8e8b,Lifestyle,Digital Detox
gen_408b3e3b-add7-4b10-bbfb-3876ffe8cbd8,55d8a61e-b644-4f40-87a5-d227b95c8e8b,Lifestyle,Music
gen_125f0765-e8e2-4605-a417-e72b8728f79e,55dc1fa8-011d-424f-bfab-60a968cc04a1,Nutrition,Vegan Diet
gen_c2feae8b-8cb1-48a5-ab67-ff47b9a2867d,55dc1fa8-011d-424f-bfab-60a968cc04a1,Fitness,Cycling
gen_ad339ee2-49f0-4cfa-9e71-8b5fea2ef025,565628d3-5892-4f3e-bcd3-61600d3181e9,Nutrition,Meal Prep
gen_6d546740-f41a-4e5f-b4d1-48e4b9e6e561,565628d3-5892-4f3e-bcd3-61600d3181e9,Nutrition,Keto Diet
gen_cf01b131-43f4-41c9-9190-8e35fbd3b208,565628d3-5892-4f3e-bcd3-61600d3181e9,Leisure,Reading
gen_b528c405-fe1c-44eb-beca-c9912ab93f5a,566303e4-4ab5-462d-bad5-e4d90059ad31,Nutrition,Keto Diet
gen_ecbff0ca-46a8-4f3c-a9ab-9659c3c7c927,566303e4-4ab5-462d-bad5-e4d90059ad31,Lifestyle,Music
gen_ca5838b3-963a-4a81-8038-e33c14a13657,566303e4-4ab5-462d-bad5-e4d90059ad31,Nutrition,Vegan Diet
gen_adb18154-05c4-47fe-848c-f64b03525879,56a68870-1ee0-4ce1-bd87-074c6ea5a548,Fitness,Strength Training
gen_05919ea7-57e8-44ff-aa16-778f710a5563,56a68870-1ee0-4ce1-bd87-074c6ea5a548,Lifestyle,Digital Detox
gen_b4ac7618-2458-4b86-b79c-31bb4518b333,575d1545-3d3b-4468-8cf6-389608021e79,Nutrition,Keto Diet
gen_175784b7-1908-4914-8362-0d3165994626,575d1545-3d3b-4468-8cf6-389608021e79,Lifestyle,Digital Detox
gen_eec59c32-b6b7-4f57-9968-1e05baf8f36b,57af099f-7593-48fe-aff6-9219bf7bdd24,Fitness,Running
gen_87c0cfc8-bf19-481a-8759-e04db8eef937,57af099f-7593-48fe-aff6-9219bf7bdd24,Nutrition,Vegan Diet
gen_45304a78-2750-4d0f-8938-0a048815f2ba,57af099f-7593-48fe-aff6-9219bf7bdd24,Lifestyle,Digital Detox
gen_c83d5020-b915-4cad-b038-98f0ed1b3e1e,57b1481a-397b-45ca-89f7-a21359b9c83a,Leisure,Reading
gen_e6651f47-4892-492b-b136-35bdaaaddf3d,57b1481a-397b-45ca-89f7-a21359b9c83a,Lifestyle,Digital Detox
gen_c76f5a02-361a-4549-b4f0-eaf79b7db3c1,57b1481a-397b-45ca-89f7-a21359b9c83a,Wellness,Meditation
gen_9df04914-dee4-4d25-b1c5-d329cec3161d,57b5fab1-297c-4b1d-82e1-a4750206a907,Fitness,Cycling
gen_e170bbd4-d360-4e18-a201-6fe6b407e74b,57b5fab1-297c-4b1d-82e1-a4750206a907,Fitness,Running
gen_c8849013-c2a2-4891-8d7b-68c9bf8084a1,57b62f77-e1e4-47d5-b41e-bf776ff8b59c,Nutrition,Keto Diet
gen_d487da51-a967-4f92-9db9-7e74e119e26c,57b62f77-e1e4-47d5-b41e-bf776ff8b59c,Leisure,Reading
gen_120f2bcc-f25b-48ad-a285-6880e01532fc,57b62f77-e1e4-47d5-b41e-bf776ff8b59c,Leisure,Cooking
gen_07422a36-ed2d-4007-b237-e27b4bdf1e64,57d12c08-e268-4923-a4d0-34d5939a18e0,Leisure,Reading
gen_8dbc342d-a2b3-48fa-b90d-00322fa37c3a,57d12c08-e268-4923-a4d0-34d5939a18e0,Fitness,Cycling
gen_3788ae24-080a-433a-95f9-3c83bccd96bd,57d12c08-e268-4923-a4d0-34d5939a18e0,Wellness,Yoga
gen_b1af4d80-846c-46b0-99cf-cd0b1cff1d14,5831b241-ec64-421b-aa80-4b802bfed582,Lifestyle,Digital Detox
gen_038a61f8-b0f5-497e-a595-1103e5386503,5831b241-ec64-421b-aa80-4b802bfed582,Lifestyle,Music
gen_5d5a0272-d8c0-4c1d-b106-b2efc12a44e3,5831b241-ec64-421b-aa80-4b802bfed582,Community,Volunteering
gen_a5923df7-b56c-4c2b-b211-d52fb6028eee,583ff1e7-c07b-44f2-acb5-d23266975d81,Fitness,Cycling
gen_99a456d2-6fb3-44e2-8e0a-ca9411630dbe,583ff1e7-c07b-44f2-acb5-d23266975d81,Nutrition,Meal Prep
gen_d9fac06d-0cdd-4bf7-8219-4073965cdd1e,5842e994-9a95-4b66-94e1-02fac0214bfa,Leisure,Reading
gen_85e27fde-3119-4fd0-98d1-04d0ccd8781b,5842e994-9a95-4b66-94e1-02fac0214bfa,Lifestyle,Minimalism
gen_1596df38-f358-4f3e-8db4-a5a81d0c3ac0,5842e994-9a95-4b66-94e1-02fac0214bfa,Lifestyle,Digital Detox
gen_becaf1ec-d2de-43bd-a1e5-923edde25c8d,5874128d-4ccf-4e36-9802-a74bad054aca,Fitness,Cycling
gen_bc376651-14dd-4903-b10a-140f34dd80d6,5874128d-4ccf-4e36-9802-a74bad054aca,Fitness,Strength Training
gen_53005b73-352c-4f08-b346-46e7a05a8738,5874128d-4ccf-4e36-9802-a74bad054aca,Lifestyle,Digital Detox
gen_db504b9f-e1b7-480d-80f9-c1a3e4781501,5897feec-4546-4099-90f5-57570e5b32d6,Nutrition,Keto Diet
gen_0231352a-7be2-44ec-8d3f-ebc319ebfc57,5897feec-4546-4099-90f5-57570e5b32d6,Fitness,Strength Training
gen_af35d3d6-26e1-4391-8c56-6d7b52328131,58aad0a8-4bb7-465c-a227-0208d36ac8d5,Fitness,Cycling
gen_c643d0eb-d089-46e0-a0f4-4cde6692a3be,58aad0a8-4bb7-465c-a227-0208d36ac8d5,Nutrition,Vegan Diet
gen_7b1a47b6-21bb-4511-8bdb-893c3ff92673,58aad0a8-4bb7-465c-a227-0208d36ac8d5,Fitness,Strength Training
gen_db83b694-fb1c-45dc-a19f-d10e46d32a2a,58bae4d9-f397-4afd-98ce-42a47d4c586a,Fitness,Strength Training
gen_eed7ef78-fd68-4e29-a3da-a89653d0e758,58bae4d9-f397-4afd-98ce-42a47d4c586a,Nutrition,Keto Diet
gen_aa2346f8-610b-48a1-a3cc-730d1c7ea6e8,58bae4d9-f397-4afd-98ce-42a47d4c586a,Lifestyle,Digital Detox
gen_c28d594c-8384-453e-a1d9-d026dbb8bdd1,58ef9605-03ad-4439-a970-fd35bfb123bd,Nutrition,Meal Prep
gen_cc7d0032-dc94-46e7-b8b2-50deac4e9b8a,58ef9605-03ad-4439-a970-fd35bfb123bd,Fitness,Strength Training
gen_1bf47d44-19cd-4d87-85b1-b5f819ecdd51,58ef9605-03ad-4439-a970-fd35bfb123bd,Wellness,Meditation
gen_57e8b89c-9f38-4e01-b78e-204ea8035791,58fc4771-353f-4a66-8985-5f2902f46321,Community,Volunteering
gen_553a6813-864e-4321-80f4-ad7b79a0b38c,58fc4771-353f-4a66-8985-5f2902f46321,Lifestyle,Music
gen_2bd8054d-b577-4837-b6f3-78a05f2a038d,58fc4771-353f-4a66-8985-5f2902f46321,Nutrition,Keto Diet
gen_bb13b230-a3c1-4e6c-9021-f62f412b67ff,596fff6c-81a6-488f-b781-a084e5213f2c,Hobbies,Gardening
gen_a1dbadd1-cf5f-4dde-bbe3-34c6e4bec489,596fff6c-81a6-488f-b781-a084e5213f2c,Fitness,Running
gen_fe5e46d7-62a7-4afd-8b33-5309d6a1b9dc,596fff6c-81a6-488f-b781-a084e5213f2c,Nutrition,Vegan Diet
gen_33cec683-4cb6-4b09-af40-794e0329e384,59a5a27f-6eb2-4dd1-a884-81b16b3474f6,Leisure,Reading
gen_3bdccec1-3b69-4537-b27f-9f10f6c41f49,59a5a27f-6eb2-4dd1-a884-81b16b3474f6,Nutrition,Meal Prep
gen_10b786eb-0489-46c9-9aec-9ef38d8e80f3,59a5a27f-6eb2-4dd1-a884-81b16b3474f6,Community,Volunteering
gen_c9812883-367f-4a3e-b43e-e0ff3e2fff60,59a9c9c0-9076-46c5-ab43-ccd5c3c03cf9,Fitness,Strength Training
gen_6fbe782d-9a7f-4940-b25e-96da3583ce65,59a9c9c0-9076-46c5-ab43-ccd5c3c03cf9,Lifestyle,Minimalism
gen_d015673f-a6e7-4586-b1ad-e5388c8180a9,59bd81b3-8686-4d08-8c1f-0b6dd461c20b,Hobbies,Gardening
gen_a8588350-201b-4f92-b3b9-31171094989d,59bd81b3-8686-4d08-8c1f-0b6dd461c20b,Leisure,Reading
gen_4d5bc32b-175c-432a-ae3e-6ba4d1f8fd19,59bd81b3-8686-4d08-8c1f-0b6dd461c20b,Community,Volunteering
gen_fc2fad36-4249-40a2-96b9-c215fc0d53e5,59e9daf3-4e62-454e-9549-a44a87d6f545,Nutrition,Meal Prep
gen_71f7397e-00ab-4c85-909d-42e4518ed96c,59e9daf3-4e62-454e-9549-a44a87d6f545,Lifestyle,Music
gen_201a2421-423d-48b3-94a5-73960086fadc,59f5c052-5630-48f4-9622-ccbf22bcb00d,Fitness,Cycling
gen_72b2dfc1-a27a-4cd8-90af-1b4f22d990eb,59f5c052-5630-48f4-9622-ccbf22bcb00d,Lifestyle,Digital Detox
gen_9739496e-958d-4b05-892b-81f53ee39ec3,59f5c052-5630-48f4-9622-ccbf22bcb00d,Hobbies,Gardening
gen_81575b5e-37a1-4c86-a9ac-fc243a278c7e,5a236741-58ff-437c-95db-34736ab8ef00,Fitness,Cycling
gen_c6a45184-b078-413d-ad8f-78f9b90dd414,5a236741-58ff-437c-95db-34736ab8ef00,Community,Volunteering
gen_cbb9fe48-a259-4287-a199-03e1a511ffed,5a236741-58ff-437c-95db-34736ab8ef00,Hobbies,Gardening
gen_2d9409e9-c7d3-4b8f-86d7-e615fff0b600,5a3058ad-95a1-48b5-a83c-345266568ace,Lifestyle,Music
gen_0a83dc45-23cc-4e91-aedd-e03bdbc9cc91,5a3058ad-95a1-48b5-a83c-345266568ace,Fitness,Strength Training
gen_bee36596-fbfc-4266-8723-1809a23e00fd,5a3a608c-ef16-4de8-9db5-ecbcd7378b82,Wellness,Yoga
gen_03891756-5356-4412-af41-d1e28b275061,5a3a608c-ef16-4de8-9db5-ecbcd7378b82,Lifestyle,Music
gen_f7ab1b2f-4079-4616-858c-14b5bd3be769,5a54bd5e-bc08-4852-befc-cff0f7c2d3f9,Nutrition,Keto Diet
gen_89b235c1-c797-4d7b-8721-fcffa3985d25,5a54bd5e-bc08-4852-befc-cff0f7c2d3f9,Nutrition,Vegan Diet
gen_be687196-a062-4c10-ae35-8072124ffff7,5a54bd5e-bc08-4852-befc-cff0f7c2d3f9,Fitness,Cycling
gen_1a7f8d0a-6b95-4fb3-841f-2d6a46d55a85,5a68837c-e8f1-409d-beca-e7056de11d42,Nutrition,Meal Prep
gen_4136b22e-d164-4efa-bf5b-f01581ea5ebc,5a68837c-e8f1-409d-beca-e7056de11d42,Wellness,Yoga
gen_406c1336-14f3-42e3-9554-da7c99eb4e08,5a68837c-e8f1-409d-beca-e7056de11d42,Nutrition,Vegan Diet
gen_c31b082f-05d1-4944-846f-2e6d22bc9c29,5a6af3e9-c8bf-4b65-b599-3b3f4e2791e8,Community,Volunteering
gen_4db29f61-072b-47db-afcb-3196fc359865,5a6af3e9-c8bf-4b65-b599-3b3f4e2791e8,Leisure,Cooking
gen_9148c5f5-9c25-4255-b134-fd1acd45f9fe,5a6af3e9-c8bf-4b65-b599-3b3f4e2791e8,Nutrition,Meal Prep
gen_3f9e652a-b8d4-41c1-b5c0-6082994d9d89,5aa9674a-cc4e-4cb9-a115-e65b515ca3e9,Nutrition,Meal Prep
gen_80c62787-22f2-4067-a05f-b5e5962e04d1,5aa9674a-cc4e-4cb9-a115-e65b515ca3e9,Fitness,Cycling
gen_27a6f5ef-db6c-4c50-b662-e9d8bbc67bf0,5ab17456-cc3d-456c-85a4-012e9d2ed334,Lifestyle,Digital Detox
gen_73251fbe-5b13-4a1a-a4ba-9064dff71041,5ab17456-cc3d-456c-85a4-012e9d2ed334,Nutrition,Keto Diet
gen_3fc68b11-c2f7-4686-8046-98d1d7ef79fb,5b549eb1-c718-48f5-9473-47108496af4c,Lifestyle,Digital Detox
gen_7092f3ec-e521-4f3f-a20b-5b36d49ac964,5b549eb1-c718-48f5-9473-47108496af4c,Nutrition,Vegan Diet
gen_a18d8b67-d396-4123-85a0-807abd9ad2ed,5b549eb1-c718-48f5-9473-47108496af4c,Nutrition,Keto Diet
gen_cfbcf830-c3d5-459d-9dee-6ce8d8d4a397,5bb4389f-a469-459e-8afe-14b348830d4d,Lifestyle,Minimalism
gen_62901cc2-539d-497d-ae09-c0cada6dd0cc,5bb4389f-a469-459e-8afe-14b348830d4d,Lifestyle,Digital Detox
gen_b84d1f43-ffeb-4a10-aec2-6114c4455247,5bf1d4e8-8915-43ad-b403-43b982f7a0de,Lifestyle,Digital Detox
gen_91414565-85f1-4902-82cc-bf52f09e012c,5bf1d4e8-8915-43ad-b403-43b982f7a0de,Nutrition,Keto Diet
gen_4fb85bcf-9406-49ea-8285-323731b81281,5bf1d4e8-8915-43ad-b403-43b982f7a0de,Hobbies,Gardening
gen_69f7d76c-411b-4fb0-847f-99c344b9064b,5bfa193e-3b6a-4d5f-a14d-0d336056f764,Fitness,Strength Training
gen_a26a338f-02a2-4b36-8fd6-b4a696e95535,5bfa193e-3b6a-4d5f-a14d-0d336056f764,Lifestyle,Minimalism
gen_330b9754-5108-416c-aa3a-199f3da24e36,5bfa193e-3b6a-4d5f-a14d-0d336056f764,Wellness,Yoga
gen_fc13ed34-b739-45f8-be81-2f0832ce9255,5bffdb65-9ad8-4439-b35c-f9ededfcac60,Wellness,Meditation
gen_6102cafc-a8c6-4c54-8e25-7679c9ce52ae,5bffdb65-9ad8-4439-b35c-f9ededfcac60,Lifestyle,Digital Detox
gen_08249946-fec8-4337-931e-34b8d4183a97,5c189619-0b00-4ad8-babf-febae683b101,Wellness,Yoga
gen_79dcb43b-69d5-458c-a352-2761c45f2abe,5c189619-0b00-4ad8-babf-febae683b101,Wellness,Meditation
gen_d32b5d46-b4a1-4132-b326-ac5c0cf50864,5c189619-0b00-4ad8-babf-febae683b101,Leisure,Reading
gen_ef009ed2-a779-44e0-9b29-68f116d9d952,5c2c81d8-3691-4654-b9c8-9d25c1f73b7d,Nutrition,Meal Prep
gen_e744b2c2-9280-44dd-9f92-dc7df5bea9d6,5c2c81d8-3691-4654-b9c8-9d25c1f73b7d,Wellness,Yoga
gen_37ad738d-f9ef-4194-94f8-673d8c3a9d9e,5c2c81d8-3691-4654-b9c8-9d25c1f73b7d,Leisure,Cooking
gen_6640501c-86b7-4ad8-afc9-5569955ca954,5cbff725-e6e3-4c0d-a448-5718fcffcf0d,Nutrition,Keto Diet
gen_2935af0b-c7d9-4235-ba48-d28c9674945e,5cbff725-e6e3-4c0d-a448-5718fcffcf0d,Lifestyle,Minimalism
gen_4b8bf743-8672-4d3f-b975-36ae33d42623,5cbff725-e6e3-4c0d-a448-5718fcffcf0d,Leisure,Cooking
gen_ad59a3f7-9dee-4b17-9734-ae5fa9d1ea93,5cdd19df-9a02-4034-866f-f61249e4f911,Wellness,Meditation
gen_216fb229-2a37-4448-a514-cff4c7d1c00c,5cdd19df-9a02-4034-866f-f61249e4f911,Fitness,Running
gen_e49e9eeb-7620-4c5b-b315-1c3593a7ff9b,5cdd19df-9a02-4034-866f-f61249e4f911,Fitness,Strength Training
gen_6da652b4-7bf1-48f3-a56d-0ef5b0903eef,5d105a05-c355-4704-ac43-81e0b06b0d53,Leisure,Cooking
gen_8d7734ff-c925-4ec4-87d3-c7e654c01897,5d105a05-c355-4704-ac43-81e0b06b0d53,Nutrition,Vegan Diet
gen_ef54df4f-7eef-4d9a-803f-3e7cc2108bf3,5d105a05-c355-4704-ac43-81e0b06b0d53,Nutrition,Keto Diet
gen_8d30469b-4ff1-4604-b66b-75e5725b376a,5d4c5f97-c9c0-45e1-a1d9-a349d0300450,Wellness,Meditation
gen_1aeca6ce-6f40-4655-a11d-f70852c79e20,5d4c5f97-c9c0-45e1-a1d9-a349d0300450,Lifestyle,Music
gen_6d4b75f8-a9b3-43bb-abc6-b37b078f31cb,5d5f83c4-3ca3-45e6-badf-12d8815734f8,Nutrition,Meal Prep
gen_7b398e57-5c11-4645-8f84-5d178cb82c90,5d5f83c4-3ca3-45e6-badf-12d8815734f8,Fitness,Running
gen_b3641c2e-5e4a-4da8-bcf0-8c67e44dbe3e,5d5f83c4-3ca3-45e6-badf-12d8815734f8,Nutrition,Keto Diet
gen_b986e7aa-d44b-43fc-80cc-a93c3172c00f,5db3f904-7c96-4a64-b33c-72c0bec0b119,Hobbies,Gardening
gen_5bbb987d-ef6e-4b1e-be0d-bef0494e05b8,5db3f904-7c96-4a64-b33c-72c0bec0b119,Wellness,Meditation
gen_e9c2de1b-75b3-4497-ad93-833825effb6f,5db3f904-7c96-4a64-b33c-72c0bec0b119,Nutrition,Meal Prep
gen_59836129-770f-4c99-a38f-d7932b067c0d,5db8cd02-0d7b-4130-8f5a-1956ee454186,Wellness,Yoga
gen_f823e45a-d328-4325-ab41-64aac6b3340e,5db8cd02-0d7b-4130-8f5a-1956ee454186,Leisure,Cooking
gen_1a2d67ae-7fd6-4044-b09d-30787f685d3b,5db8cd02-0d7b-4130-8f5a-1956ee454186,Lifestyle,Digital Detox
gen_1e239fb9-fa98-408f-a262-cfe3cd3b7468,5dd9057c-180f-40d3-b8aa-fa1548c839fd,Leisure,Cooking
gen_21704186-2fff-4968-980f-cd1564a50f39,5dd9057c-180f-40d3-b8aa-fa1548c839fd,Lifestyle,Digital Detox
gen_04c8747a-5b11-4a1e-ac16-978510f65eb1,5dd9057c-180f-40d3-b8aa-fa1548c839fd,Nutrition,Meal Prep
gen_4a622129-65bb-4a1b-bfa6-bfcc424de5c7,5e244042-2a1b-465a-9fda-40a65de7dc68,Fitness,Cycling
gen_493a48b2-e30b-497b-941c-96e72d0d6494,5e244042-2a1b-465a-9fda-40a65de7dc68,Fitness,Running
gen_06f03343-a720-488b-8a22-97b3f49f6817,5e244042-2a1b-465a-9fda-40a65de7dc68,Fitness,Strength Training
gen_9b138cc2-fde8-4363-af52-ca5895461aaf,5e360f2c-7b62-4891-b23a-7ca2a1cfceff,Wellness,Yoga
gen_908c6fed-9759-4d80-b385-69f994533c96,5e360f2c-7b62-4891-b23a-7ca2a1cfceff,Lifestyle,Music
gen_fdcee1c0-d6f6-4ed2-970d-cfb72552e86e,5e65e17c-6ea3-4309-af4a-8d8c6e69ae4e,Hobbies,Gardening
gen_a693e2fc-d794-47db-8355-a095bb995608,5e65e17c-6ea3-4309-af4a-8d8c6e69ae4e,Wellness,Yoga
gen_ffdb6110-ee28-4e8d-ac06-141865b02a44,5eb8461a-8ae7-4adc-86f4-5d46d112d814,Fitness,Running
gen_a090a0e1-93b9-4bd5-ba6b-b698cb358f84,5eb8461a-8ae7-4adc-86f4-5d46d112d814,Nutrition,Vegan Diet
gen_2c36b1fa-e009-430f-bb66-fa81bde793fb,5edf4a5d-2c85-49a9-bf47-c8ca7b680251,Nutrition,Meal Prep
gen_69367d73-2ddc-410c-846b-8c61ddea1adb,5edf4a5d-2c85-49a9-bf47-c8ca7b680251,Lifestyle,Minimalism
gen_f683b01b-8de6-42a3-8f09-21086f752453,5edf4a5d-2c85-49a9-bf47-c8ca7b680251,Fitness,Running
gen_5344d207-7d10-4c8b-a8ad-40ed0a0179f5,5f204ee6-c1b2-458f-861a-c8eb262f1424,Lifestyle,Music
gen_3659c1f3-5335-4ba1-b376-47eade4a4ec3,5f204ee6-c1b2-458f-861a-c8eb262f1424,Lifestyle,Digital Detox
gen_c445a19e-1fb6-4fab-a7c3-5f64315df55a,5f8a6ea4-f0a2-4b98-bbbc-3503bb1d120f,Nutrition,Vegan Diet
gen_e3856f04-831b-4e44-9720-4596f7ce1505,5f8a6ea4-f0a2-4b98-bbbc-3503bb1d120f,Hobbies,Gardening
gen_00d3f91e-a6c8-43c1-9226-14587df3e084,5fb259d8-e6d5-4936-9b98-980021c0cc83,Lifestyle,Minimalism
gen_bf8f97b8-6f99-4a4d-b215-d028c9b5d796,5fb259d8-e6d5-4936-9b98-980021c0cc83,Hobbies,Gardening
gen_e0c02f29-95a4-4a85-a59b-5c9934034343,5fb259d8-e6d5-4936-9b98-980021c0cc83,Wellness,Yoga
gen_95c5839f-d458-41fe-9371-dcb5f415f474,5fb9a25a-eb75-4b6c-a18e-c24256c3cb98,Nutrition,Keto Diet
gen_0507254a-a242-41c6-b9a7-7c0709ecca8c,5fb9a25a-eb75-4b6c-a18e-c24256c3cb98,Wellness,Meditation
gen_6b57ede1-6505-4892-a1c9-dd93abd429dd,5fb9a25a-eb75-4b6c-a18e-c24256c3cb98,Hobbies,Gardening
gen_19fb0ebb-c996-4734-b356-b69425daf2ef,5ff360de-20b4-4ebb-9e3c-cf0d0a7bc0b2,Leisure,Cooking
gen_e247b23c-4417-46aa-b529-bde82db221f1,5ff360de-20b4-4ebb-9e3c-cf0d0a7bc0b2,Leisure,Reading
gen_31ae107c-7e03-496d-91a3-5896aa387d88,6015006c-88b1-437c-aad8-984340ececa5,Hobbies,Gardening
gen_39df63c1-d7ee-4d9b-ba62-5c5dfb7b588b,6015006c-88b1-437c-aad8-984340ececa5,Fitness,Strength Training
gen_53baaea3-c379-4b4a-84f2-82c8834ef202,604ba0df-e51e-4a29-a32f-c12009497e01,Lifestyle,Digital Detox
gen_da28a5fa-2711-443b-8aea-4862770a3133,604ba0df-e51e-4a29-a32f-c12009497e01,Nutrition,Meal Prep
gen_025ca9d0-1ad4-4ab6-b903-3b1fc9ceb7a8,604dc94b-2c0d-4310-a30b-26a06f8e7bab,Leisure,Cooking
gen_4d291fde-204c-4da7-b7af-1d21a8112eeb,604dc94b-2c0d-4310-a30b-26a06f8e7bab,Fitness,Cycling
gen_f1a8e747-ceb2-4ce7-860a-8cdabb509285,606b64c6-a910-4659-b126-7c1b934e9978,Leisure,Cooking
gen_a628a2d5-4231-4fed-8cb3-7ae74f16bb37,606b64c6-a910-4659-b126-7c1b934e9978,Community,Volunteering
gen_f6dc4872-412b-4c51-89be-4649f772746f,606b64c6-a910-4659-b126-7c1b934e9978,Fitness,Cycling
gen_2f29ef57-97e6-475f-b2d3-b491810a752d,607037de-aa34-4b72-91a0-ebee3256f2f8,Community,Volunteering
gen_0c188cd4-b30b-4a5b-a5f9-057171297f66,607037de-aa34-4b72-91a0-ebee3256f2f8,Nutrition,Vegan Diet
gen_6f69aa64-1c6b-47bc-980c-52e2c1484296,608ac43e-ed0b-4f70-bbc4-3246df894656,Fitness,Cycling
gen_e9d40362-c412-4029-999c-238b6fa9aad5,608ac43e-ed0b-4f70-bbc4-3246df894656,Nutrition,Meal Prep
gen_d4f62f49-3a18-406d-b7ff-c15a71f310f1,608ac43e-ed0b-4f70-bbc4-3246df894656,Wellness,Meditation
gen_27c39e1d-b217-44e9-991e-30e6f15b646f,60a9a331-4869-41b3-860a-e5a9a0518f55,Lifestyle,Music
gen_387847e7-5040-4a82-b7e6-5a5b3a566636,60a9a331-4869-41b3-860a-e5a9a0518f55,Wellness,Meditation
gen_342104fd-ab6f-4dad-a4ad-671ff4a4ac12,60ad3b01-6542-4e4e-b715-36d7cc9539ae,Leisure,Cooking
gen_293d4d34-f41d-4f96-87af-662ab9ba6c52,60ad3b01-6542-4e4e-b715-36d7cc9539ae,Nutrition,Keto Diet
gen_4578c97e-b5c5-4f7f-84e2-ac7f5c3c215d,610fd4a2-07da-4385-80cd-34cedcb463ae,Lifestyle,Minimalism
gen_ba354ade-9b11-4dea-a424-69204162157a,610fd4a2-07da-4385-80cd-34cedcb463ae,Hobbies,Gardening
gen_88d2d39c-6f08-4b9a-885a-237959f92c71,610fd4a2-07da-4385-80cd-34cedcb463ae,Lifestyle,Digital Detox
gen_c8f61664-38f8-422c-8175-7f9463277d6d,6113893f-d658-4d82-9c79-96b64b4063a9,Leisure,Cooking
gen_be33ca79-48e9-4add-bdf7-58d69b602afb,6113893f-d658-4d82-9c79-96b64b4063a9,Fitness,Cycling
gen_7948f951-3838-49f2-b2ca-7c07ddd30da3,6113893f-d658-4d82-9c79-96b64b4063a9,Lifestyle,Digital Detox
gen_1d556792-c26b-48ed-b40f-e98fb51f1a2f,613675aa-9e33-4d93-89a2-22f0d4207036,Wellness,Meditation
gen_7e2e71c2-c1ba-4feb-ac22-3195ef6a9bce,613675aa-9e33-4d93-89a2-22f0d4207036,Wellness,Yoga
gen_bba347bb-ce9f-4e00-8941-8dbdfea50801,613675aa-9e33-4d93-89a2-22f0d4207036,Leisure,Reading
gen_bee53658-2463-4933-8f37-ad77b8f7523d,61965c1a-c8c8-4f22-a1a5-7f09019c8779,Nutrition,Keto Diet
gen_a442e4cf-02e1-49d6-affa-006c7db9bc7c,61965c1a-c8c8-4f22-a1a5-7f09019c8779,Fitness,Cycling
gen_a65c54ca-528e-4e5b-bea9-6b84a000a0a4,61bf640d-ef78-49cc-bb4f-c9d045902a58,Hobbies,Gardening
gen_ba2f6274-ef7f-4d92-a69a-e2551962e914,61bf640d-ef78-49cc-bb4f-c9d045902a58,Wellness,Meditation
gen_f0bffc36-bb31-40f8-84ea-9ac69b3f67fe,61bf640d-ef78-49cc-bb4f-c9d045902a58,Nutrition,Meal Prep
gen_bf71eb40-e573-470a-804a-cc78bf919697,6202aa3b-54a5-4396-977f-2189ebf144ca,Lifestyle,Music
gen_7f9c376a-191e-486c-9e39-417094db6190,6202aa3b-54a5-4396-977f-2189ebf144ca,Nutrition,Meal Prep
gen_7eb91b00-3e87-42e5-bd2c-4d4f643bfd04,62372212-29f8-4612-adcf-69c1cb51644d,Leisure,Reading
gen_d2e3b124-53cd-45d9-b4cb-a20c94019805,62372212-29f8-4612-adcf-69c1cb51644d,Wellness,Meditation
gen_51eff36c-3192-4ede-b625-52772e2e1d82,62372212-29f8-4612-adcf-69c1cb51644d,Fitness,Strength Training
gen_5d98e09d-64ad-4a8b-86de-903064a81467,6248b1f5-8416-4f6d-bf30-f6290115b1f6,Fitness,Cycling
gen_0469b28d-56b7-4b13-9b3f-a3b688f9a806,6248b1f5-8416-4f6d-bf30-f6290115b1f6,Fitness,Strength Training
gen_edbb9a88-cb04-4e35-b6ca-366a42ea5011,6260938d-2e34-4d0f-a368-9b96bdf99ce5,Community,Volunteering
gen_5eefc171-9593-4c4d-96cc-d9232690f9a9,6260938d-2e34-4d0f-a368-9b96bdf99ce5,Nutrition,Vegan Diet
gen_5f9afbf1-39e1-4725-8bc9-b36d6f89805d,6260938d-2e34-4d0f-a368-9b96bdf99ce5,Lifestyle,Digital Detox
gen_417efd3c-b248-4502-84db-5fc3529a1f81,62746641-bb9b-43f0-bb85-9c891f463a98,Fitness,Running
gen_939ac1cc-fe39-474d-af70-07b60f81029c,62746641-bb9b-43f0-bb85-9c891f463a98,Nutrition,Vegan Diet
gen_cca76bfd-5c33-44dd-b7f6-2ee7a31140e6,62746641-bb9b-43f0-bb85-9c891f463a98,Hobbies,Gardening
gen_05482738-6266-4a88-a42e-5ef43d4f5ca5,627dc70b-1d3d-47be-920f-fb42d68c054e,Fitness,Cycling
gen_084968b4-6143-4368-ac83-c8c593dc025e,627dc70b-1d3d-47be-920f-fb42d68c054e,Leisure,Cooking
gen_4a009615-c9ce-40e8-8881-068967580e0b,629a4a42-e94f-4cfd-9dad-9d766c82fd62,Nutrition,Keto Diet
gen_5090fbc8-860f-424f-85ee-a66110f30afd,629a4a42-e94f-4cfd-9dad-9d766c82fd62,Wellness,Yoga
gen_13315c86-1dad-4ea9-bd7e-da3958f04bbc,629a4a42-e94f-4cfd-9dad-9d766c82fd62,Lifestyle,Music
gen_774dbd6d-1c03-4c5b-84c5-6b32f7f0a7db,62ed2ab1-dbcb-4c58-9a45-1c0b7abc0e02,Nutrition,Vegan Diet
gen_87cc424f-8b16-41d5-b030-8dcb53d41b8e,62ed2ab1-dbcb-4c58-9a45-1c0b7abc0e02,Wellness,Yoga
gen_34e76d42-ddc2-45e5-95c1-973bde45da86,62ed2ab1-dbcb-4c58-9a45-1c0b7abc0e02,Lifestyle,Minimalism
gen_13c9206d-a7b0-4743-8236-234f1d189b2a,62f9eca1-1392-48d3-8676-35afc59113a3,Nutrition,Keto Diet
gen_7d8bc65c-c9d8-4c3e-a654-03391febbc6d,62f9eca1-1392-48d3-8676-35afc59113a3,Wellness,Meditation
gen_7ccea756-c997-4f1c-93f0-17a3b18467d3,62f9eca1-1392-48d3-8676-35afc59113a3,Fitness,Strength Training
gen_95265421-ab94-4b0f-847c-c9f8c5cd7a91,6329aed8-1ab9-4f1b-bc8c-a1659190fe6d,Wellness,Meditation
gen_e9fc69b4-2dee-4e9c-be8c-b511f6c15ab5,6329aed8-1ab9-4f1b-bc8c-a1659190fe6d,Hobbies,Gardening
gen_690826f6-da86-4da7-8717-e975a737a2a4,633bfd40-4b6b-4030-9427-13303c15dc98,Nutrition,Meal Prep
gen_722b081e-cfb3-4970-976e-4837bebe1c68,633bfd40-4b6b-4030-9427-13303c15dc98,Wellness,Yoga
gen_e785eb52-be63-4f59-ae7a-2514e22f3e2f,633bfd40-4b6b-4030-9427-13303c15dc98,Lifestyle,Music
gen_381512fa-9c3e-4de3-a988-7025b9824738,6355eb46-7f5f-4e4c-bd98-505a14d9ff8a,Lifestyle,Minimalism
gen_3fc503f1-fac9-46b4-a4bd-186195891d17,6355eb46-7f5f-4e4c-bd98-505a14d9ff8a,Wellness,Meditation
gen_16939f2a-741c-4d1b-9f92-979931193fda,63588d8c-9742-4587-8acf-a57b84686044,Nutrition,Vegan Diet
gen_b243b4e8-0b13-492e-9808-59fcc2cc4f78,63588d8c-9742-4587-8acf-a57b84686044,Hobbies,Gardening
gen_da2336b0-5f0f-4bc9-981a-d4298213a980,6390d174-8172-42b6-8cf6-8bac9c4ed5c9,Nutrition,Meal Prep
gen_9637651d-be23-4295-9fbf-a04179581566,6390d174-8172-42b6-8cf6-8bac9c4ed5c9,Fitness,Running
gen_e442fb1a-f774-477f-a811-cc614a9c6eaf,6390d174-8172-42b6-8cf6-8bac9c4ed5c9,Hobbies,Gardening
gen_0eea13eb-82ec-4dc0-8ec8-59920de436b0,63b1ff75-692f-4101-af16-96c02d92a449,Nutrition,Keto Diet
gen_97fcc76f-5369-4432-b521-6b2b53bc73b7,63b1ff75-692f-4101-af16-96c02d92a449,Fitness,Strength Training
gen_5e55d769-69c8-4670-98f0-1446867935f5,63b1ff75-692f-4101-af16-96c02d92a449,Wellness,Yoga
gen_3700e645-ccfb-453f-bc7a-adc4eb283ca5,63c7c62c-a2c8-4036-929a-d12e07067949,Fitness,Cycling
gen_47427128-51a9-48cb-a2ab-b6f0d6840f75,63c7c62c-a2c8-4036-929a-d12e07067949,Lifestyle,Minimalism
gen_323cedf4-eaf1-4078-ac94-6f660715f290,6402defd-144b-45fb-a5cc-8ff168b4db9a,Lifestyle,Minimalism
gen_2a20be0f-fb79-4d9c-8269-40174dc50624,6402defd-144b-45fb-a5cc-8ff168b4db9a,Nutrition,Meal Prep
gen_b7c0b29d-b904-4a26-8384-f62d2b5bc8e9,641cb4e7-c12b-4313-9773-fed24aeb5112,Nutrition,Vegan Diet
gen_d9359da1-38b4-45b9-aafb-afaf21f25b74,641cb4e7-c12b-4313-9773-fed24aeb5112,Nutrition,Meal Prep
gen_7f0e6581-f3a6-4996-b85c-cb687c44a694,641cb4e7-c12b-4313-9773-fed24aeb5112,Lifestyle,Digital Detox
gen_607d1f45-991b-4e1b-813d-13ad4b77a5db,6421c5a3-431a-4987-9bf3-965132b32b1a,Leisure,Reading
gen_211c90f5-e894-4d24-b1e0-44dfb6219f13,6421c5a3-431a-4987-9bf3-965132b32b1a,Lifestyle,Digital Detox
gen_60e39a5b-207d-4eac-bb99-a15aae0ab5af,6421c5a3-431a-4987-9bf3-965132b32b1a,Leisure,Cooking
gen_8033cbb1-c94e-454e-b9a5-cd80e4219461,642e1fd5-523b-4ed1-8d60-05cb21eb580f,Leisure,Reading
gen_e75663db-910c-42d3-8793-ea76165a3f64,642e1fd5-523b-4ed1-8d60-05cb21eb580f,Wellness,Yoga
gen_bf561c77-1023-4fa8-9b2a-70eb8e2b08de,645e562b-a3e8-4035-8395-689d82cdf816,Lifestyle,Digital Detox
gen_1e383da0-d21c-4bbe-858e-2f0cb2918f63,645e562b-a3e8-4035-8395-689d82cdf816,Lifestyle,Minimalism
gen_85289fcf-7b92-4b37-b5ec-008a6d419309,64658650-5d37-43db-90ea-04abd528aeee,Fitness,Running
gen_2326001a-5a3a-4608-92ec-321b43400a49,64658650-5d37-43db-90ea-04abd528aeee,Fitness,Strength Training
gen_ea53c7ed-95e7-4c6c-a898-10aea6d980bb,64658650-5d37-43db-90ea-04abd528aeee,Leisure,Cooking
gen_b135aaf4-1067-41b6-a43c-54a57f3c7cc2,6483b977-3196-4078-b5e0-d231fd771360,Community,Volunteering
gen_162b9cc3-bd40-4352-ae87-554db9fc0831,6483b977-3196-4078-b5e0-d231fd771360,Lifestyle,Digital Detox
gen_25b69f57-72cb-4148-ba9e-16d02f20ccff,64c75673-577f-4a4e-b5e5-6ad274e0b3db,Fitness,Strength Training
gen_b30a6284-5446-42c6-81a4-35e53be3efb0,64c75673-577f-4a4e-b5e5-6ad274e0b3db,Lifestyle,Digital Detox
gen_f10b3270-4622-45b4-a386-ffc33e3de9d0,64fa859e-c631-4a55-b9a2-851238e4c30b,Fitness,Cycling
gen_267d3d98-532d-4266-836c-004c17295993,64fa859e-c631-4a55-b9a2-851238e4c30b,Nutrition,Keto Diet
gen_298dc0ab-ce76-4acd-a480-2de3d1919868,65091c58-9a4e-4f16-9207-0ff2caec896e,Fitness,Running
gen_4c92c44e-eec5-4a2c-a228-6def5792f303,65091c58-9a4e-4f16-9207-0ff2caec896e,Hobbies,Gardening
gen_f9aa80df-dd59-47db-aa61-26381b50f973,65091c58-9a4e-4f16-9207-0ff2caec896e,Wellness,Yoga
gen_66980cf1-5352-4005-ad31-8dfea1792d5d,650ae2fa-1154-4dfd-93b6-322fc8dc0aaa,Fitness,Running
gen_79cb02bc-3729-4f1c-97e2-8651653979a0,650ae2fa-1154-4dfd-93b6-322fc8dc0aaa,Lifestyle,Digital Detox
gen_881f550a-7963-4710-9454-f20d3419f30e,650ae2fa-1154-4dfd-93b6-322fc8dc0aaa,Lifestyle,Minimalism
gen_e94d3aa5-ed68-4b28-9b8e-a197153432d8,65192c5d-98ee-4529-b43a-2610de2a0b18,Lifestyle,Minimalism
gen_0d9e7430-eb0e-4939-b25b-89e5366bc723,65192c5d-98ee-4529-b43a-2610de2a0b18,Fitness,Cycling
gen_1c596db1-66bf-4535-8011-08f9d23b8c04,6522c11f-1206-4ee3-827e-1e0484aa132c,Lifestyle,Minimalism
gen_450fe88d-f6f9-4b00-b240-d4cbcd5271d3,6522c11f-1206-4ee3-827e-1e0484aa132c,Fitness,Strength Training
gen_207f4112-aca9-4ec3-b3c8-9aba58359f8d,6522c11f-1206-4ee3-827e-1e0484aa132c,Lifestyle,Music
gen_16e70034-a8a9-4d1a-86c9-700814316a60,652c3e1b-0b12-4469-a5ac-5b123617766e,Hobbies,Gardening
gen_fe9ae733-8881-47d8-9fa3-444c716010f5,652c3e1b-0b12-4469-a5ac-5b123617766e,Leisure,Reading
gen_48c541d4-20f7-4266-9a89-82fe314099ed,652c3e1b-0b12-4469-a5ac-5b123617766e,Wellness,Meditation
gen_53f8b0b6-b5a4-43af-8f6b-dd6172c8a8b4,656db031-4b53-4d6c-ab60-a008ad0e1b33,Nutrition,Vegan Diet
gen_e18debb6-5fbf-4628-9126-0d6758242a46,656db031-4b53-4d6c-ab60-a008ad0e1b33,Wellness,Meditation
gen_02497e8f-20cf-4272-bed4-d513834f7e1f,65885ed0-ea50-4ad4-95e6-3240fd6625e6,Nutrition,Meal Prep
gen_f11a5fd4-1f9f-45f3-b05c-4c4061ff0639,65885ed0-ea50-4ad4-95e6-3240fd6625e6,Wellness,Yoga
gen_97326638-fe66-4694-8868-2ebf468c30f3,65b35da8-73c2-4302-8314-96621401ae8a,Lifestyle,Music
gen_617c92c5-73cc-43df-b2c9-4f9a08185d22,65b35da8-73c2-4302-8314-96621401ae8a,Nutrition,Vegan Diet
gen_f747d4f6-1a5d-4009-9540-daed1c9c8441,65cc244f-f8ba-4e7b-9040-62b2da2533c7,Nutrition,Meal Prep
gen_3241dc22-e184-450f-811b-e9058b8a1ec4,65cc244f-f8ba-4e7b-9040-62b2da2533c7,Fitness,Running
gen_82a56125-a6f3-4d4e-bccb-21d2772dbf88,65cc244f-f8ba-4e7b-9040-62b2da2533c7,Lifestyle,Digital Detox
gen_e711b829-e8d3-4ee3-96b1-1ff4f8196d3b,65cf1611-969e-42f2-856a-b3178c362dad,Leisure,Cooking
gen_9f5dfd04-9ab3-4442-8b08-4d93143d8d03,65cf1611-969e-42f2-856a-b3178c362dad,Fitness,Running
gen_9fa909c4-03be-447f-b43a-6d84e6c83125,65d3d040-2a09-4e55-907d-f4e05106e7ac,Lifestyle,Music
gen_a5a50ee2-35a5-4a1d-adb7-3e764e6471fc,65d3d040-2a09-4e55-907d-f4e05106e7ac,Wellness,Meditation
gen_afdbe265-0e5f-4138-88a8-4e5d243a63bf,65d3d040-2a09-4e55-907d-f4e05106e7ac,Nutrition,Vegan Diet
gen_bd844275-6215-4528-a372-389bb0fac75f,65dc13fb-44da-4b9d-b210-da6be27c0965,Leisure,Reading
gen_36af6bb6-5ce6-4673-95b1-6258af88b2d6,65dc13fb-44da-4b9d-b210-da6be27c0965,Fitness,Cycling
gen_c45a8760-927f-4dd8-8159-89e8db658ed3,65dfd72c-113b-42d6-90f1-7f0b1099949f,Nutrition,Keto Diet
gen_c44b1672-1c2c-427c-928c-d39263aaabcd,65dfd72c-113b-42d6-90f1-7f0b1099949f,Nutrition,Vegan Diet
gen_d21ca41f-d248-4b1d-b3e4-a66476a5df0a,65dfd72c-113b-42d6-90f1-7f0b1099949f,Lifestyle,Minimalism
gen_d60df972-b207-437a-95aa-828548ad6a9b,65f81cdc-25e1-46cc-8b49-d6fce989a1e7,Nutrition,Vegan Diet
gen_02cd969f-7751-4e58-b56a-41ab0730af62,65f81cdc-25e1-46cc-8b49-d6fce989a1e7,Fitness,Running
gen_f5a88fd4-4819-47bb-b95b-20df9c598564,65f81cdc-25e1-46cc-8b49-d6fce989a1e7,Hobbies,Gardening
gen_143f7e24-3eae-49f4-af7b-b9c1d7f48050,6600e210-ea7b-4568-b135-4ccb8403d3ac,Hobbies,Gardening
gen_b11fa625-61b4-4910-a6f6-0fc049cae25e,6600e210-ea7b-4568-b135-4ccb8403d3ac,Community,Volunteering
gen_59d3bd41-f980-4cca-988c-1e8c33e9f41d,6606d037-6e8a-4f31-9aa3-15420358c0a6,Fitness,Running
gen_eed6d911-8a02-4c7f-b1bd-6278da021067,6606d037-6e8a-4f31-9aa3-15420358c0a6,Fitness,Cycling
gen_e1c69303-36f5-4046-afb0-4d3cba4785fc,6606d037-6e8a-4f31-9aa3-15420358c0a6,Lifestyle,Digital Detox
gen_38e8b8cb-71ab-44cd-bdea-ca3c00cc069a,660bdff8-438a-4dbb-9767-1d99f1d165d5,Lifestyle,Digital Detox
gen_0f1f0c80-a583-4ce4-989c-0d1788d4218d,660bdff8-438a-4dbb-9767-1d99f1d165d5,Fitness,Cycling
gen_1a8a8c9c-0bad-461f-9120-6b56f657f029,660bdff8-438a-4dbb-9767-1d99f1d165d5,Nutrition,Meal Prep
gen_f4dc96e6-a119-44a3-8f1a-7aaf456b3641,660f161d-b84c-4b32-a0ba-357aac82ed3a,Community,Volunteering
gen_16966776-e983-4e9c-81b7-d9127e440c31,660f161d-b84c-4b32-a0ba-357aac82ed3a,Lifestyle,Music
gen_9bba6a02-bf3a-47aa-b006-f026ac6dbe63,661affd1-8a31-40e0-af92-24e9ea75dbd3,Wellness,Meditation
gen_37b5c96c-5532-4350-8bea-6c61b3972052,661affd1-8a31-40e0-af92-24e9ea75dbd3,Lifestyle,Minimalism
gen_b1da9762-1ab4-48fa-a9fa-c7dd11089489,663da3b5-652e-4b32-9925-473893e33a9f,Lifestyle,Digital Detox
gen_b42b4de1-9db1-44da-852d-2114957d426b,663da3b5-652e-4b32-9925-473893e33a9f,Nutrition,Vegan Diet
gen_da0c848e-4701-4bb7-809b-fc05bc68257c,663da3b5-652e-4b32-9925-473893e33a9f,Wellness,Yoga
gen_0a7914f2-00ab-480f-95c8-dd3a6b2a06f3,666d0b2d-434b-4b09-9363-6a6b366c0a54,Lifestyle,Minimalism
gen_9ce5bad8-5c88-4c09-bc09-cecde055a218,666d0b2d-434b-4b09-9363-6a6b366c0a54,Nutrition,Keto Diet
gen_d4021291-3cfe-40b6-a7ac-b597c6f9af65,66797b58-e96d-4d40-99d3-5cda775a24e7,Wellness,Meditation
gen_995dd361-a1b4-40e7-85e0-eb6bd16869d3,66797b58-e96d-4d40-99d3-5cda775a24e7,Wellness,Yoga
gen_2ed71fb6-d512-45fb-a4c2-ed2f6973ce0e,66af97f8-09a7-4c63-99a0-06bdba82b86f,Lifestyle,Music
gen_ce6fb440-d344-4ad1-b81c-075421492933,66af97f8-09a7-4c63-99a0-06bdba82b86f,Leisure,Reading
gen_36c63e34-4709-4e3a-93b9-e4b0d9203cc8,66e16738-0686-4928-ab32-53571ee18a2f,Fitness,Strength Training
gen_64caaf9c-fb35-448f-ac63-755b8b8fe6b5,66e16738-0686-4928-ab32-53571ee18a2f,Leisure,Reading
gen_4b747c44-ad89-4cd1-83d6-9f78b523e294,66e16738-0686-4928-ab32-53571ee18a2f,Lifestyle,Music
gen_31354015-ed08-4129-b1a9-b7931d7e940c,671ef4c9-18d9-48fd-83f5-e07c757286b1,Wellness,Yoga
gen_3f124fea-510f-451d-bb37-dddca3c534fd,671ef4c9-18d9-48fd-83f5-e07c757286b1,Fitness,Running
gen_54f23f85-5b2b-45a0-84e5-2b7af78e8b7c,67260a9b-4a15-4dfb-9c52-c8882df6c63e,Fitness,Strength Training
gen_28e57d23-4e40-484f-8b17-d90997f90f18,67260a9b-4a15-4dfb-9c52-c8882df6c63e,Lifestyle,Music
gen_3a6198ad-d608-4db4-84e9-09bcc8343ef6,672893de-206f-4505-b474-4362911ef257,Fitness,Strength Training
gen_c9beac1a-0584-42d3-b648-deeb30124758,672893de-206f-4505-b474-4362911ef257,Hobbies,Gardening
gen_3ea89572-b7f5-4dca-915e-025b2a8fff22,672893de-206f-4505-b474-4362911ef257,Nutrition,Meal Prep
gen_af194423-723e-4f9b-b7ca-23b1dae5d43b,67361d60-6e28-47b1-898f-8121f4a432dc,Wellness,Yoga
gen_147b3700-6acb-4932-9508-fb62fdf83f71,67361d60-6e28-47b1-898f-8121f4a432dc,Nutrition,Meal Prep
gen_8f47b320-5e1a-48f9-b5a0-ae10e82b3f9c,6773a374-d094-4683-9937-75e9f84285f5,Nutrition,Vegan Diet
gen_9b239cc9-65bb-4e5e-a5be-2b7d8d2ea156,6773a374-d094-4683-9937-75e9f84285f5,Lifestyle,Minimalism
gen_4cb151d1-e4b7-4dd1-831d-8b7387fc78af,67a34fb7-f44e-4445-b9b5-3a84b3bef7eb,Lifestyle,Digital Detox
gen_991f0dbd-7aab-4ad5-b01d-c47991210463,67a34fb7-f44e-4445-b9b5-3a84b3bef7eb,Wellness,Yoga
gen_d52724e0-b808-4994-a3d0-3fae46502628,67a6f86b-f086-4eb4-a2f1-924bb39c8401,Fitness,Cycling
gen_e475dca3-77f7-464e-a46a-0f2f2301e1d0,67a6f86b-f086-4eb4-a2f1-924bb39c8401,Lifestyle,Digital Detox
gen_5ecc0c24-5a6a-448e-8df1-5bbf328c4040,67dbf18a-fc63-46b2-853c-8ef32f603305,Wellness,Yoga
gen_eefbe06e-79d7-48e3-8fa7-f4079221771c,67dbf18a-fc63-46b2-853c-8ef32f603305,Community,Volunteering
gen_07684cb2-1b2f-4e6c-842c-a22cc89f8fc2,67dbf18a-fc63-46b2-853c-8ef32f603305,Nutrition,Meal Prep
gen_d6cdbe46-c640-4e18-a5a2-9a0162ecb21b,67f8518c-9f3a-4552-a443-e5c5d5b6735d,Fitness,Strength Training
gen_47f9dd30-7344-4248-8623-3588631315d0,67f8518c-9f3a-4552-a443-e5c5d5b6735d,Leisure,Cooking
gen_93665610-a91f-44f2-9b1d-7afa5423d7fe,67f8518c-9f3a-4552-a443-e5c5d5b6735d,Leisure,Reading
gen_39d6dfce-d93f-487b-9ba4-a63efcf1d8d1,6807ee2f-e481-475d-9e34-7a940a273fa4,Wellness,Yoga
gen_90f334bd-e524-4e63-89bb-0262fb5380a6,6807ee2f-e481-475d-9e34-7a940a273fa4,Wellness,Meditation
gen_6f91682d-a207-4b11-9796-3de696646436,6807ee2f-e481-475d-9e34-7a940a273fa4,Fitness,Cycling
gen_b3fa967f-8486-4730-a5f5-15fd5440313e,6866ce30-364a-4ba1-a103-b9269afd8348,Nutrition,Vegan Diet
gen_7c78e044-849e-416f-8c66-8288adb5aae8,6866ce30-364a-4ba1-a103-b9269afd8348,Wellness,Meditation
gen_13baf573-481d-4a89-a2a0-de30a6cd46b7,687e95e6-db48-4bab-b82f-db95f54f9500,Lifestyle,Music
gen_f08484b3-1476-482c-8828-0ac868fa0354,687e95e6-db48-4bab-b82f-db95f54f9500,Lifestyle,Digital Detox
gen_014daf33-335b-4776-a0df-a753e000623b,687e95e6-db48-4bab-b82f-db95f54f9500,Fitness,Strength Training
gen_ad9dacc7-e4b1-4fdc-ba3d-7622740ac38e,688a6926-1880-4b54-a5f1-dd81b782c79f,Hobbies,Gardening
gen_a445d4b9-9acd-438d-8085-eaab038f61e5,688a6926-1880-4b54-a5f1-dd81b782c79f,Leisure,Cooking
gen_a5dd03a1-cdb9-45b4-9d94-96a1d1d30ac4,68c1662e-af77-4e67-b4e4-10046ed54ac2,Lifestyle,Digital Detox
gen_5a50c6df-95d2-45e9-af40-06f56fcfa380,68c1662e-af77-4e67-b4e4-10046ed54ac2,Lifestyle,Minimalism
gen_34c6a2e6-b4c4-445f-a0f4-6be4d07ad15f,68c1662e-af77-4e67-b4e4-10046ed54ac2,Lifestyle,Music
gen_52683b27-37b8-4369-a757-0561ab32cf17,68ece8ca-4d44-462c-ad1e-489b9b983d08,Hobbies,Gardening
gen_162559f1-787f-4a96-8f78-682c1224818b,68ece8ca-4d44-462c-ad1e-489b9b983d08,Leisure,Cooking
gen_0dbb6f56-af37-472f-ab68-a78101b103ef,68ece8ca-4d44-462c-ad1e-489b9b983d08,Nutrition,Vegan Diet
gen_898d4983-24d4-4fe1-a815-31c2ec7a0129,68efc0d7-98a0-498c-9c75-2543c1e0879d,Nutrition,Meal Prep
gen_60ac1788-f087-4c0c-82f1-2049e03cf313,68efc0d7-98a0-498c-9c75-2543c1e0879d,Nutrition,Vegan Diet
gen_80d74697-e049-4161-b021-e2578489ebb6,68efc0d7-98a0-498c-9c75-2543c1e0879d,Community,Volunteering
gen_6334b80a-d412-45b6-9c95-ead8fd93d027,691f350e-cf3c-4245-b528-c0e6be03863b,Wellness,Meditation
gen_7dfefc42-afaf-44e0-8153-e5f6150c222f,691f350e-cf3c-4245-b528-c0e6be03863b,Nutrition,Vegan Diet
gen_3782dfdb-6087-4566-851c-03a5718e1dc0,694986ab-fd3e-45bb-b093-7218d7c08813,Leisure,Reading
gen_46c6a367-9f6d-4543-b8e1-b3dd68d39b8a,694986ab-fd3e-45bb-b093-7218d7c08813,Lifestyle,Digital Detox
gen_8d5fd0f7-4072-4157-8f14-ae677cac40aa,694bf2f6-1c9c-4db5-b143-70090ee6f10a,Wellness,Yoga
gen_5b5738a5-2ac3-412e-a9f8-80f21664b8ed,694bf2f6-1c9c-4db5-b143-70090ee6f10a,Community,Volunteering
gen_5e667d1d-7d42-4dc7-a218-2268b9590718,694bf2f6-1c9c-4db5-b143-70090ee6f10a,Leisure,Cooking
gen_fdc4d4a4-cb35-42ec-b456-c5f4d70a8731,696fb37e-34c1-499c-8113-aca8f90dd352,Community,Volunteering
gen_e5ae0a52-be22-4c3a-85e3-38144c9b3e89,696fb37e-34c1-499c-8113-aca8f90dd352,Nutrition,Meal Prep
gen_90785db3-0848-460e-96f0-73a14b969160,696fb37e-34c1-499c-8113-aca8f90dd352,Fitness,Cycling
gen_4fa78a7b-3b85-4d12-af8c-6d43451f5b68,69828d9a-23e8-42d7-9a07-91a38504aa02,Leisure,Cooking
gen_a3d484e2-73a6-4dca-bba2-37513b48dfe4,69828d9a-23e8-42d7-9a07-91a38504aa02,Lifestyle,Music
gen_45e87d32-a0f4-48df-8401-822fd8ab57f1,69828d9a-23e8-42d7-9a07-91a38504aa02,Lifestyle,Digital Detox
gen_002060f3-bfd9-4f1b-bc28-66beb0ff09ba,6994e448-67f5-4eae-8eaf-ad58dc3400d5,Nutrition,Vegan Diet
gen_9afaee4f-65f1-41b5-8347-d50159c3cb4e,6994e448-67f5-4eae-8eaf-ad58dc3400d5,Lifestyle,Digital Detox
gen_84d4442d-a87a-4b92-8a6c-b436fab04a16,6994e448-67f5-4eae-8eaf-ad58dc3400d5,Community,Volunteering
gen_1640e8d1-f246-414d-b90a-b4bd84bd507a,69bb3e09-4f84-44a3-94f0-4c64ebd8e70f,Nutrition,Vegan Diet
gen_ea9f62e2-46c2-4fd2-9cf6-8afe28d44bcd,69bb3e09-4f84-44a3-94f0-4c64ebd8e70f,Wellness,Yoga
gen_10ea5b70-35fe-4e23-ab5c-ae60d4615af9,69c2efb1-15a3-4580-8194-3c5636df84ca,Wellness,Yoga
gen_cafac37f-1715-49d8-8efb-bdf788629f27,69c2efb1-15a3-4580-8194-3c5636df84ca,Nutrition,Keto Diet
gen_87cad46d-a448-484e-a8cf-4c6f3b8fca8c,69c2efb1-15a3-4580-8194-3c5636df84ca,Hobbies,Gardening
gen_ea6414ab-1c44-4937-8829-12aff61834a8,69cc3dfc-35ac-41bd-9cde-c9eb3f27d8a6,Leisure,Cooking
gen_6b4a9977-4247-41a8-b8f1-07f56cb1f3f7,69cc3dfc-35ac-41bd-9cde-c9eb3f27d8a6,Lifestyle,Minimalism
gen_4545a6fe-a33b-4597-be2f-c11454e8c9f2,69cf934a-3759-4e39-9c4f-8e4d66090631,Fitness,Running
gen_c28f3482-226a-4851-aace-186abb5f9b82,69cf934a-3759-4e39-9c4f-8e4d66090631,Lifestyle,Digital Detox
gen_b9295976-7102-4f45-ae5b-bbb47a58753f,69cf934a-3759-4e39-9c4f-8e4d66090631,Nutrition,Meal Prep
gen_4ce8aee7-fbeb-458b-8964-0954808a74d6,69db4a94-2f02-4689-999c-5300dacf8d61,Lifestyle,Music
gen_f284c276-3acd-4a52-b71d-f7fa1ed38e92,69db4a94-2f02-4689-999c-5300dacf8d61,Wellness,Meditation
gen_42f5047e-3706-4e7d-86e0-660afc510157,6a0680e3-a6e3-4b17-a2ef-201959e1d4ef,Hobbies,Gardening
gen_379c27d0-0306-4e8a-8223-8a2fa6e1eb80,6a0680e3-a6e3-4b17-a2ef-201959e1d4ef,Fitness,Strength Training
gen_74237ecf-ba9e-4ef0-b937-acb8fe598085,6a0680e3-a6e3-4b17-a2ef-201959e1d4ef,Community,Volunteering
gen_2b8acbc5-b3ba-43bb-bffd-244c9e95ae7d,6a1cd465-fd6a-4aab-a114-e01991c1186f,Community,Volunteering
gen_86653457-660a-48a8-a749-0ba1a32fd7d7,6a1cd465-fd6a-4aab-a114-e01991c1186f,Fitness,Running
gen_d36d4c21-516b-4876-89a4-ea456c7d10e9,6a4d8c8e-58fb-4d44-84a0-d9e04ba1b0aa,Leisure,Reading
gen_15298e9a-4aa7-420d-a6f8-41e277309837,6a4d8c8e-58fb-4d44-84a0-d9e04ba1b0aa,Leisure,Cooking
gen_a3e34bea-c1cd-49dc-8082-36ef3e291f70,6aa83423-81a4-4d9e-ab1f-e888643fe26b,Lifestyle,Minimalism
gen_99f6b3ac-8108-4f3d-85b7-1213efe50b83,6aa83423-81a4-4d9e-ab1f-e888643fe26b,Wellness,Yoga
gen_161e0b1b-9ee7-439f-894b-97f86e11c470,6b020e8b-32f2-4b15-bb37-f7890ff19204,Wellness,Meditation
gen_fed3f953-53a2-440e-9c09-25e0cce216a2,6b020e8b-32f2-4b15-bb37-f7890ff19204,Lifestyle,Music
gen_dbe166b8-2814-4004-b341-96bf6ede4f0b,6b020e8b-32f2-4b15-bb37-f7890ff19204,Wellness,Yoga
gen_9965e902-ecc3-41d6-bdc7-5bddf6d2757d,6b041c73-0b9b-4e54-9e41-1c3ab42381eb,Nutrition,Meal Prep
gen_aaaeab7b-c774-41a0-86e6-3cc0cf90ac62,6b041c73-0b9b-4e54-9e41-1c3ab42381eb,Fitness,Running
gen_340dd023-1fab-421f-a180-7129e15edce7,6b1c0ea6-7214-47db-9de2-53b4b01e2a8a,Leisure,Cooking
gen_1fac0578-be46-40b3-a128-547bb9747c52,6b1c0ea6-7214-47db-9de2-53b4b01e2a8a,Wellness,Yoga
gen_9d2c4ac6-3e37-4d36-94e8-18b623546973,6b1c0ea6-7214-47db-9de2-53b4b01e2a8a,Nutrition,Meal Prep
gen_429df2ba-ae72-4264-a533-1da1acf65c59,6b20b125-d886-4680-876b-34ade4a2786b,Nutrition,Vegan Diet
gen_56b39f3e-4964-4a28-92e7-e7e7e335e133,6b20b125-d886-4680-876b-34ade4a2786b,Wellness,Yoga
gen_7ba30f15-3ae7-4a3c-ab09-694f22bcee5a,6b3cb82b-3642-4220-9405-99b316dbe115,Leisure,Reading
gen_67b9bfe4-8be7-4c07-9230-15bf36a510ee,6b3cb82b-3642-4220-9405-99b316dbe115,Wellness,Meditation
gen_8545a406-1d58-451a-bc8d-a8b43d93552b,6b3cb82b-3642-4220-9405-99b316dbe115,Nutrition,Vegan Diet
gen_64593951-e43e-4660-a9aa-977537edb7e2,6b5560e1-2177-4e31-907d-94f9a9b9a4e2,Lifestyle,Digital Detox
gen_32105999-c330-4d8d-8ae6-91f2b9da597c,6b5560e1-2177-4e31-907d-94f9a9b9a4e2,Hobbies,Gardening
gen_1eaeb46d-1fb9-4193-a7fc-6cc0bfa0d73a,6b5560e1-2177-4e31-907d-94f9a9b9a4e2,Nutrition,Keto Diet
gen_8fe604f4-48b8-4b2d-8123-a6cb18bc45a8,6b8cd2ac-f0c0-4626-9af9-91c06bf3bf15,Wellness,Meditation
gen_2bf0acdf-9d66-45a3-9a8e-dab6c611eb06,6b8cd2ac-f0c0-4626-9af9-91c06bf3bf15,Nutrition,Keto Diet
gen_d823ea1c-d211-42b2-936d-191fe10898eb,6b8cd2ac-f0c0-4626-9af9-91c06bf3bf15,Lifestyle,Digital Detox
gen_7ce80f19-067c-4d77-9089-86bc3c02526d,6be87429-f4c3-4a4c-b31c-ed500b50e926,Lifestyle,Minimalism
gen_bd57de99-14db-49d6-9188-c41bd3ae3363,6be87429-f4c3-4a4c-b31c-ed500b50e926,Fitness,Running
gen_b92eec4e-fe5e-40b2-a2c8-85072bdf8f54,6be87429-f4c3-4a4c-b31c-ed500b50e926,Leisure,Reading
gen_8ca228ce-2a77-43a1-81d3-4ec0dbfb8430,6c1b7af1-d7c8-480e-9e0d-7a7c4e37c62e,Leisure,Reading
gen_2bde8ffc-2c21-4bb4-878d-77524ae4833e,6c1b7af1-d7c8-480e-9e0d-7a7c4e37c62e,Community,Volunteering
gen_e2bc2b93-654f-4e5e-a33a-d2175ce17247,6c1b7af1-d7c8-480e-9e0d-7a7c4e37c62e,Nutrition,Keto Diet
gen_7509ee1b-941d-42a8-bc22-a36a511291b6,6c1e7e66-3574-42e8-8297-ac0b4fa243a0,Nutrition,Keto Diet
gen_7fb2054f-ff37-4093-9039-7fef46bec886,6c1e7e66-3574-42e8-8297-ac0b4fa243a0,Leisure,Cooking
gen_ce98eb83-9846-4d0b-a213-c6d2f4d93ea4,6c57d760-7a0a-42c5-9394-d6d993318087,Lifestyle,Music
gen_3cd1cf23-460c-4e18-8646-295ec8bc421e,6c57d760-7a0a-42c5-9394-d6d993318087,Fitness,Strength Training
gen_df61c53a-b998-4931-9328-3582f22b590c,6c57d760-7a0a-42c5-9394-d6d993318087,Wellness,Yoga
gen_e7e7bf3f-481e-44f9-8066-3c2da7e915d4,6ce2efb3-e2d0-4d83-844c-7bb8dde78b68,Lifestyle,Music
gen_c200d748-7ac3-4483-a8f4-3d6c6ce3d06d,6ce2efb3-e2d0-4d83-844c-7bb8dde78b68,Wellness,Meditation
gen_57518026-c718-4643-b875-e3641c1c0136,6ceff35b-07c1-4597-99b4-ae3219231a59,Wellness,Meditation
gen_c0da5456-2ceb-4d40-93b1-a8a2e35e13a5,6ceff35b-07c1-4597-99b4-ae3219231a59,Fitness,Cycling
gen_70d9662e-2e1a-4dbd-88e1-a6f452313327,6ceff35b-07c1-4597-99b4-ae3219231a59,Wellness,Yoga
gen_4d5205f1-ed18-42d9-b7ac-2c69187431ec,6d0a5e82-e8d6-4c5b-aed0-f9ae016dd504,Wellness,Yoga
gen_42ba596b-9a5f-4b38-8e13-5babac9d5794,6d0a5e82-e8d6-4c5b-aed0-f9ae016dd504,Nutrition,Vegan Diet
gen_4e35b79d-3ca2-4fda-b65a-eec15c443bd6,6d0a5e82-e8d6-4c5b-aed0-f9ae016dd504,Fitness,Strength Training
gen_1a0bbf0a-17fc-4e28-8122-6c5aee7666f6,6d25fd17-1aef-4d94-aebf-586602b63986,Lifestyle,Minimalism
gen_ce57c659-0297-4763-b308-37ff6418e276,6d25fd17-1aef-4d94-aebf-586602b63986,Lifestyle,Digital Detox
gen_2b1bff5a-5bad-43ab-8652-b682eefb9083,6d3ec010-28a6-4047-8076-2fe901a72aaa,Wellness,Meditation
gen_8417e231-d8a9-4bc8-8286-1e954d74281b,6d3ec010-28a6-4047-8076-2fe901a72aaa,Leisure,Reading
gen_ad5d0265-2669-4716-9a98-ed4af4dbf7b5,6d3ec010-28a6-4047-8076-2fe901a72aaa,Lifestyle,Minimalism
gen_fad88204-1eb9-4dba-8de7-568fffa4cff8,6d589897-d4fa-4604-898e-f5d1d110b927,Lifestyle,Minimalism
gen_cfe88fa1-19cf-4ec3-86ce-eaa21190bfbf,6d589897-d4fa-4604-898e-f5d1d110b927,Fitness,Cycling
gen_2afa51a6-e6c3-4029-a2e1-91f46984d693,6d589897-d4fa-4604-898e-f5d1d110b927,Nutrition,Meal Prep
gen_35c805a0-5e58-49c8-a4f4-2ee9fdf002ee,6d8ddc47-9cb4-4e5b-9050-8080dcf910de,Fitness,Cycling
gen_c5d4e83a-d78e-48eb-9660-49425d810126,6d8ddc47-9cb4-4e5b-9050-8080dcf910de,Leisure,Cooking
gen_410b0ca5-4ff1-43e6-a071-978dc54115aa,6d8ddc47-9cb4-4e5b-9050-8080dcf910de,Nutrition,Meal Prep
gen_5492a330-511c-4470-9c33-cb749738f54b,6d9bd032-4e70-4427-ba2c-c04aa0c9dc58,Fitness,Cycling
gen_8c72d240-1c09-4195-aa42-93150a5f4ff3,6d9bd032-4e70-4427-ba2c-c04aa0c9dc58,Lifestyle,Digital Detox
gen_e8ab8931-e356-47ef-ac6a-052fa1881d2d,6d9bd032-4e70-4427-ba2c-c04aa0c9dc58,Hobbies,Gardening
gen_3e9b42a1-7448-47f6-be1f-38398298314e,6dadfd7b-0ff1-4d47-8750-17b4fbcbbc87,Lifestyle,Digital Detox
gen_48a88a50-60bf-4d82-82a2-bcc3595a6651,6dadfd7b-0ff1-4d47-8750-17b4fbcbbc87,Lifestyle,Music
gen_db75276a-3dd9-4921-a3e6-4b75f53aa79a,6ddf2a4a-3385-40a9-9e75-3daf8273ab09,Community,Volunteering
gen_6232c9fa-c939-4774-8c01-52d20e596e08,6ddf2a4a-3385-40a9-9e75-3daf8273ab09,Hobbies,Gardening
gen_da15a0be-beda-407e-96b1-b1759103af0d,6de69601-efe5-48d8-bb80-ed5bd67d90d0,Leisure,Reading
gen_7b930c78-e8ba-440f-8ef7-33462cb93a35,6de69601-efe5-48d8-bb80-ed5bd67d90d0,Lifestyle,Music
gen_714690ef-4377-4541-99fe-e351816d97c9,6df91c5d-d64b-44aa-9cd4-3cea7a81c626,Fitness,Cycling
gen_91774eb6-a93a-4de9-9329-2ff43c66c42d,6df91c5d-d64b-44aa-9cd4-3cea7a81c626,Community,Volunteering
gen_7fead7a2-f5dd-44b6-8bfc-2ef92bdb56ce,6df91c5d-d64b-44aa-9cd4-3cea7a81c626,Hobbies,Gardening
gen_2c29ba17-24b0-4f4d-916b-ebf380c53081,6e0a2da3-f49c-4be0-ab34-5320a3cc74b1,Fitness,Running
gen_a512a499-0c2c-4431-a96a-47f5e67269ce,6e0a2da3-f49c-4be0-ab34-5320a3cc74b1,Nutrition,Meal Prep
gen_1cf53757-4625-402f-bfe5-7b2418386060,6e3be9f0-50bb-4eb9-afc7-8f626737eda7,Lifestyle,Music
gen_4c07a9b9-fe45-4eb8-a332-662e098d9c7e,6e3be9f0-50bb-4eb9-afc7-8f626737eda7,Wellness,Yoga
gen_fb8656b2-ddc6-4ed4-96cd-fb1e716f31be,6e454e1f-2bd0-49ca-a062-7679329d7257,Nutrition,Keto Diet
gen_cf70bf87-10a8-4056-8cac-542538490fad,6e454e1f-2bd0-49ca-a062-7679329d7257,Lifestyle,Music
gen_24b53a45-1e3e-4a61-a7db-7d186d40d2cc,6e454e1f-2bd0-49ca-a062-7679329d7257,Fitness,Strength Training
gen_7b2726bf-ce66-40b5-91c2-7d385ab300d0,6e777950-54d2-436c-a069-57dd6731d473,Hobbies,Gardening
gen_7c719697-8e2d-4c14-81e0-888989fa59b7,6e777950-54d2-436c-a069-57dd6731d473,Lifestyle,Minimalism
gen_c71fa935-ef2a-4cc9-a1c4-373c4778741a,6e777950-54d2-436c-a069-57dd6731d473,Lifestyle,Music
gen_0bf5a7bc-2c47-466c-acf9-7abe66c1e3f0,6edc3769-e348-4edd-9443-f238212e2952,Lifestyle,Digital Detox
gen_0d2a3459-c7a9-4e00-b1d2-58a918bf0037,6edc3769-e348-4edd-9443-f238212e2952,Leisure,Cooking
gen_1b53c1fb-4d0f-418d-93fc-b95722f5de97,6ef5a269-c956-4957-89b3-5712c17a14eb,Lifestyle,Music
gen_136b55de-93bc-405b-9199-708a7bc64e28,6ef5a269-c956-4957-89b3-5712c17a14eb,Leisure,Cooking
gen_e2690b50-3b53-4f5d-bc18-7f67ebfae602,6ef5a269-c956-4957-89b3-5712c17a14eb,Lifestyle,Digital Detox
gen_3bbf37e1-3eb2-45ce-87e3-581152c5dce1,6f1b4cd3-b9d7-43e7-92ff-5667b28da6f3,Lifestyle,Digital Detox
gen_2fa7aca7-8aae-4aab-8351-fe8a1abf8275,6f1b4cd3-b9d7-43e7-92ff-5667b28da6f3,Wellness,Meditation
gen_0111e50a-c7c2-4ee8-99e9-9e2706dd5233,6f1b4cd3-b9d7-43e7-92ff-5667b28da6f3,Lifestyle,Music
gen_ba073304-bf4e-4a73-b30d-f9c475985c1d,6f1c9da4-81d9-4cca-9a8d-8720938c9b80,Leisure,Reading
gen_7c54c60f-c936-4a8e-8007-fc8197543551,6f1c9da4-81d9-4cca-9a8d-8720938c9b80,Fitness,Cycling
gen_c65d78c5-0427-4463-949e-7190dea6f1ae,6f1c9da4-81d9-4cca-9a8d-8720938c9b80,Fitness,Running
gen_27c7cc1d-4d03-429e-8ff5-2006585c7766,6f1fc422-e7fa-48c5-a643-3bf16adb6756,Lifestyle,Digital Detox
gen_2b504cb4-442b-45d0-8b15-f5d6fd361c25,6f1fc422-e7fa-48c5-a643-3bf16adb6756,Fitness,Cycling
gen_d2804a8c-6b55-4e99-b4d3-d421e90c5297,6f48996e-6c94-4ac3-98d6-bfbc2e6791e4,Wellness,Yoga
gen_5db48da2-883e-4519-8969-989b5f9d09d4,6f48996e-6c94-4ac3-98d6-bfbc2e6791e4,Fitness,Strength Training
gen_2d4c079e-3c7d-4b7d-8eae-5ae93b2ab38f,6f564ada-3438-4c9a-a0f1-d5cff4a880eb,Community,Volunteering
gen_e6e236e4-99eb-4cc3-91f6-11e3694099dc,6f564ada-3438-4c9a-a0f1-d5cff4a880eb,Nutrition,Keto Diet
gen_b4700c46-1379-4214-a94a-4afeb15dedcb,6f564ada-3438-4c9a-a0f1-d5cff4a880eb,Wellness,Meditation
gen_8d1438ff-ad81-49e1-a72f-437cdce69058,6f6d7147-4993-4601-9888-7465137cef8f,Fitness,Running
gen_13046595-cc27-489d-920c-1803333a25d0,6f6d7147-4993-4601-9888-7465137cef8f,Nutrition,Keto Diet
gen_8c6d76cf-d436-4a96-93eb-23bf5e1a948c,6f6d7147-4993-4601-9888-7465137cef8f,Nutrition,Vegan Diet
gen_ff6de193-2118-4175-9b2c-e7bde06a9b25,6f765bdf-87c5-4b9b-8860-2fa65259d927,Fitness,Strength Training
gen_3b2bebf7-f172-4e17-807b-a423a2ac2b21,6f765bdf-87c5-4b9b-8860-2fa65259d927,Wellness,Yoga
gen_6b270f0f-97b2-4fe8-9abb-87dadf63c0cf,6f765bdf-87c5-4b9b-8860-2fa65259d927,Nutrition,Meal Prep
gen_637b9f51-90e2-4017-a8ce-fc9e0b4272aa,6f787969-9846-4090-85e3-9951c3ae4e34,Wellness,Meditation
gen_7c09a308-0e91-43ff-86da-4a0437c613d5,6f787969-9846-4090-85e3-9951c3ae4e34,Hobbies,Gardening
gen_79d7d1c6-1752-4523-bb2e-ed0fa80b4889,6faa814a-e5c5-4a3d-9e93-91b3fa954586,Hobbies,Gardening
gen_779e6e0f-9c12-4dca-8a5b-a614db9a9c0d,6faa814a-e5c5-4a3d-9e93-91b3fa954586,Community,Volunteering
gen_3c6f6a9a-64b4-4720-9377-24726494dee5,6fbd2461-da38-4274-9625-22efb63951d9,Fitness,Running
gen_ee75f1f7-cd55-406e-b870-ac743081889e,6fbd2461-da38-4274-9625-22efb63951d9,Nutrition,Vegan Diet
gen_5c3f933e-691f-4c89-bba9-e2432a09b7fa,700024fc-f148-4200-8b14-d80fef2701f6,Nutrition,Vegan Diet
gen_565cd8ee-f779-4925-9b28-9a3b52de9d21,700024fc-f148-4200-8b14-d80fef2701f6,Lifestyle,Digital Detox
gen_e5a40f72-034d-43ee-b3d6-cf325a601b43,700024fc-f148-4200-8b14-d80fef2701f6,Lifestyle,Minimalism
gen_7a6bfdcb-28b4-4358-b409-8e09022753db,702fd453-3f19-4d07-9511-2fd39eda8654,Hobbies,Gardening
gen_82bf53ac-bb8d-4848-9559-9135295a3f53,702fd453-3f19-4d07-9511-2fd39eda8654,Lifestyle,Music
gen_943d10bf-3c78-427f-a32d-f37024ffa4f3,70415692-1554-4dfe-9446-aa68827a8b6e,Fitness,Running
gen_70c3f072-3b35-4bbd-892b-242895677707,70415692-1554-4dfe-9446-aa68827a8b6e,Lifestyle,Minimalism
gen_0edf7176-1dcb-43a3-ab6c-818e5375cb8a,7042f8c9-51b9-43e0-a794-8ed73b6f3f4a,Hobbies,Gardening
gen_be79e304-e373-432c-ad95-83420dd8fe09,7042f8c9-51b9-43e0-a794-8ed73b6f3f4a,Leisure,Reading
gen_e47db485-69df-4bcb-b502-57d252d2d873,7042f8c9-51b9-43e0-a794-8ed73b6f3f4a,Nutrition,Keto Diet
gen_9e4abf4c-0d0b-4852-9afb-2b878f6e0372,70605461-68fe-46da-a8cd-a9be58563b12,Leisure,Cooking
gen_5e0dbfb4-7993-4d19-98d7-0b652cf00a94,70605461-68fe-46da-a8cd-a9be58563b12,Lifestyle,Digital Detox
gen_093dc5cf-4ef1-4bce-b74f-ca5e398882e0,706ef961-3093-441e-9580-a7a3a2d8fd83,Wellness,Yoga
gen_fc3ce03f-9607-4f75-8848-52d897120497,706ef961-3093-441e-9580-a7a3a2d8fd83,Leisure,Cooking
gen_3f1de01e-d240-4754-b014-79dadcbe4a22,709352a6-1fef-4e08-bdfe-deb08f3bae35,Wellness,Meditation
gen_b33f8cf8-3174-4f87-93dc-726008b656b1,709352a6-1fef-4e08-bdfe-deb08f3bae35,Lifestyle,Music
gen_42b81305-b3d7-475a-9de6-5f22fb8b3d28,709352a6-1fef-4e08-bdfe-deb08f3bae35,Fitness,Running
gen_d08671bd-4f04-4bb0-9f3f-e88bc8509a50,70aea8c8-9a14-42ce-a6c8-e249b8dd281a,Leisure,Cooking
gen_140cfcae-2908-4fa9-aae9-9da142c66a8c,70aea8c8-9a14-42ce-a6c8-e249b8dd281a,Lifestyle,Digital Detox
gen_d5180ac1-bb19-42db-8310-0cefb781cbc4,70aea8c8-9a14-42ce-a6c8-e249b8dd281a,Fitness,Strength Training
gen_1bb0c6ec-91b0-4d1b-8c58-e7c1bc342107,70e4a70d-9c73-4cd1-8bb9-88217c4b214e,Fitness,Cycling
gen_0fabe421-9a95-4d73-bd98-fac37d7a245c,70e4a70d-9c73-4cd1-8bb9-88217c4b214e,Community,Volunteering
gen_f50b9389-853c-4d30-8d9e-cc4ac6e8734f,70e4afbe-e0fb-4e0d-9739-8f87aa81d4d8,Lifestyle,Music
gen_7169b2b6-777b-44f6-8a74-3f441316afc4,70e4afbe-e0fb-4e0d-9739-8f87aa81d4d8,Wellness,Yoga
gen_bbc2dda9-543e-409d-a8e5-69e7fc4fea1f,70e4afbe-e0fb-4e0d-9739-8f87aa81d4d8,Fitness,Strength Training
gen_413d10d1-6caf-4872-8ea7-7dc171441e7b,7144194b-bd30-4e4b-ba73-b86abe656b43,Leisure,Reading
gen_7409cb78-ad79-4514-b64f-0a76cc01f3ac,7144194b-bd30-4e4b-ba73-b86abe656b43,Community,Volunteering
gen_1f35e976-6ba7-4726-9f71-3a02af98dfbe,71774d31-5012-49e0-a968-230c56573c5b,Leisure,Cooking
gen_095c52ad-29db-4701-aae9-051dcc998f22,71774d31-5012-49e0-a968-230c56573c5b,Fitness,Running
gen_f1d22aa5-e5ea-43ac-acd2-bd89ab6a15bf,71774d31-5012-49e0-a968-230c56573c5b,Wellness,Meditation
gen_b3b7c844-889a-484c-b68f-3c5545eb1b77,71896438-d12a-4722-aceb-5bd712a4cc1e,Fitness,Strength Training
gen_ce0bed38-7db4-49ca-98af-af53b5007387,71896438-d12a-4722-aceb-5bd712a4cc1e,Wellness,Yoga
gen_81d1860c-1504-4024-ad84-869d9e487459,71a195b8-952b-4668-aec2-b25046f88a55,Hobbies,Gardening
gen_0f6cdc3f-b53a-40f8-8e41-6ecea2e541b3,71a195b8-952b-4668-aec2-b25046f88a55,Lifestyle,Digital Detox
gen_26b3f820-98e0-43b0-af47-b4309af7f970,71a195b8-952b-4668-aec2-b25046f88a55,Nutrition,Keto Diet
gen_0df66011-d0b1-4d5a-877c-303508d91068,71d0f278-a5ac-4d10-ad46-809ca9e48d3a,Leisure,Reading
gen_84a1f38c-774c-41bc-a5b0-51df532e93b9,71d0f278-a5ac-4d10-ad46-809ca9e48d3a,Nutrition,Meal Prep
gen_507e1192-bbd6-4da3-ab08-5c25552de165,71d0f278-a5ac-4d10-ad46-809ca9e48d3a,Fitness,Cycling
gen_705f4f0c-2cf2-48dc-9104-1b69d1e3169c,71e79106-87b1-49b9-8735-78e565a3520f,Lifestyle,Digital Detox
gen_e90bb2a7-a568-40b8-98a9-7514974da844,71e79106-87b1-49b9-8735-78e565a3520f,Nutrition,Meal Prep
gen_7c4a8b96-33a8-4569-b1f9-4f31e9cb6278,71fda347-4547-4c77-a264-6ee2bdced115,Lifestyle,Music
gen_e19c957e-5ab7-421d-9ec1-3485d1b75234,71fda347-4547-4c77-a264-6ee2bdced115,Fitness,Running
gen_6014e491-e79b-43d3-8327-c320936b7572,71fda347-4547-4c77-a264-6ee2bdced115,Nutrition,Vegan Diet
gen_551cb198-5c47-4030-9aac-a4cadb2d12ab,721d044b-385b-4fd3-badb-14b4d016aaf9,Community,Volunteering
gen_a54aea49-af9c-428c-a9f8-46725c96d91e,721d044b-385b-4fd3-badb-14b4d016aaf9,Fitness,Running
gen_7149c93e-f107-4a46-8216-ac28faa058e4,721ec9de-ae48-4a3d-bb34-adec030666e6,Fitness,Strength Training
gen_33347ffe-615c-4ab6-8bb4-a628aff3fb30,721ec9de-ae48-4a3d-bb34-adec030666e6,Leisure,Reading
gen_9ce21614-311b-4196-9144-29f194a346ae,721ec9de-ae48-4a3d-bb34-adec030666e6,Leisure,Cooking
gen_2d123b6f-b007-41be-a29e-bc45dd97fc09,722fa3c2-b613-43e8-a0db-ff0030cfba64,Leisure,Reading
gen_d614989b-67cf-422c-8772-f15eab5b2951,722fa3c2-b613-43e8-a0db-ff0030cfba64,Nutrition,Keto Diet
gen_116245b9-423a-4004-a38d-71075d74eedc,722fa3c2-b613-43e8-a0db-ff0030cfba64,Lifestyle,Music
gen_172b9063-408e-4064-bc44-3a1f5e520fae,7243bad5-051a-4173-8fca-9e2aaedf5302,Leisure,Reading
gen_7676ae5d-5c89-4fc7-97e3-60339415b93a,7243bad5-051a-4173-8fca-9e2aaedf5302,Lifestyle,Minimalism
gen_6b0c5af9-c53b-4837-a75b-1c129890205a,7243bad5-051a-4173-8fca-9e2aaedf5302,Community,Volunteering
gen_ae3b6e68-53ac-4d5f-bc88-782e9c696852,72498ce6-c681-411c-b246-af1b88dc448e,Nutrition,Keto Diet
gen_441b6ef0-4c62-42f7-b5e8-03a2b2fc367f,72498ce6-c681-411c-b246-af1b88dc448e,Lifestyle,Digital Detox
gen_0faba51b-c5d7-4012-a398-888878fecb7e,724b0662-be32-4adf-b63e-6d0a69fa3e3b,Nutrition,Vegan Diet
gen_4c7edef9-8ade-4b4c-b6b5-26679b73001f,724b0662-be32-4adf-b63e-6d0a69fa3e3b,Fitness,Cycling
gen_84a7c765-b95c-49f5-9c66-e7ad9ad4c7f5,724b0662-be32-4adf-b63e-6d0a69fa3e3b,Hobbies,Gardening
gen_fd97e69f-8eb2-4f7f-baf8-2c9e53279836,7256c0e5-06c8-4c8b-85af-e0175599789b,Fitness,Running
gen_61b6d19a-2c82-4067-aaaa-3f840b35ecdd,7256c0e5-06c8-4c8b-85af-e0175599789b,Leisure,Reading
gen_4dc6a231-8a55-4fe9-bc4e-78f185a04f54,7256c0e5-06c8-4c8b-85af-e0175599789b,Fitness,Strength Training
gen_1d795b25-9b99-4f71-95b7-afdcfd635f16,72640ec6-a58a-4646-b46c-e2e72a162e7a,Leisure,Reading
gen_5231c22b-be71-457e-bab2-d66eb54a63d5,72640ec6-a58a-4646-b46c-e2e72a162e7a,Wellness,Yoga
gen_4b88f2e5-66e0-4225-8dc3-4aaf1a4be4a5,72640ec6-a58a-4646-b46c-e2e72a162e7a,Nutrition,Meal Prep
gen_73f37cc3-e49c-4575-be6c-119584fdddd2,72cb67ff-562a-49bd-9c31-b8d802b27789,Fitness,Running
gen_7bb8386b-102e-4df3-9718-8270ccf32973,72cb67ff-562a-49bd-9c31-b8d802b27789,Wellness,Meditation
gen_65d1bbaf-5123-4efc-ac6d-d351672c8833,72d55689-400b-4576-9815-44f78a139166,Nutrition,Vegan Diet
gen_9f4d8efe-96cf-48a0-8b02-0d10bc58d675,72d55689-400b-4576-9815-44f78a139166,Nutrition,Meal Prep
gen_3d8e8206-c8ad-42fc-b476-87b36d6ab7da,72d98ef2-1157-4ac4-b160-3c251f8af2a9,Nutrition,Meal Prep
gen_4675f7c4-976d-4ec7-8e26-bd4470cf84f5,72d98ef2-1157-4ac4-b160-3c251f8af2a9,Nutrition,Vegan Diet
gen_c073cdc2-f288-4674-b6ff-77cab01642f7,72dcbaa9-2f99-4ecd-bdb6-c1729a27f9ef,Nutrition,Keto Diet
gen_a5f5d96c-c7a7-4ea4-b0ce-39df5de06a9c,72dcbaa9-2f99-4ecd-bdb6-c1729a27f9ef,Fitness,Running
gen_31cb0fb3-360b-4334-83a5-df271c0a6707,72dcbaa9-2f99-4ecd-bdb6-c1729a27f9ef,Community,Volunteering
gen_e8d9952e-0cb9-44e8-9824-7345fe82d89c,72ea8d86-176c-4b42-b9fe-17aa98fc794d,Wellness,Meditation
gen_bb465e2e-ec20-40b7-9545-561310767630,72ea8d86-176c-4b42-b9fe-17aa98fc794d,Lifestyle,Minimalism
gen_09a7e28b-63f0-4b99-8a75-0b673b3ea943,72f246cf-48f3-4013-aeb2-e3636ccebf6a,Leisure,Reading
gen_6f202e01-057f-4436-8c89-404c24efec48,72f246cf-48f3-4013-aeb2-e3636ccebf6a,Wellness,Meditation
gen_45f61989-7049-4111-b2ec-4cb60bf56ac2,72f246cf-48f3-4013-aeb2-e3636ccebf6a,Fitness,Running
gen_dabe8178-29df-4dc7-b153-ab96e1970460,731bd10c-0ea8-4d1b-8e1b-dc7d3a6aa4db,Fitness,Running
gen_28b231a2-b6b6-4221-8489-b7612ef06eb6,731bd10c-0ea8-4d1b-8e1b-dc7d3a6aa4db,Fitness,Cycling
gen_af31fdd8-300c-456f-b35d-84d9c04bad39,7327de32-1fb3-477b-867b-85df579bdb79,Lifestyle,Minimalism
gen_4411c682-47f1-406c-b916-99559ad3b27d,7327de32-1fb3-477b-867b-85df579bdb79,Lifestyle,Digital Detox
gen_fa425d49-6c74-42fe-ad1f-f7212e6f758b,7327de32-1fb3-477b-867b-85df579bdb79,Community,Volunteering
gen_68525ae5-8f7c-4f0b-a391-591ca6f99868,73320fcd-d6ec-4938-b84c-6546e5e1353e,Fitness,Running
gen_5ebf040d-a299-47a2-9018-ebf5e3f9ca6e,73320fcd-d6ec-4938-b84c-6546e5e1353e,Lifestyle,Music
gen_105e40c9-a206-41f6-b986-9baeb6696300,73320fcd-d6ec-4938-b84c-6546e5e1353e,Leisure,Cooking
gen_5a46a798-d6d1-4099-a5bf-db119030e262,733893d4-6668-4b7b-8b53-915f3d577ead,Lifestyle,Digital Detox
gen_a130fa65-a899-45a8-8837-6427867940f2,733893d4-6668-4b7b-8b53-915f3d577ead,Fitness,Running
gen_d2386ca6-2d20-4319-ab49-8a1f14baa951,733893d4-6668-4b7b-8b53-915f3d577ead,Fitness,Strength Training
gen_73363832-24b2-451a-8296-0a6e6392b585,735c8f0a-f4c8-47b0-9554-5c4ea7ffe79f,Community,Volunteering
gen_3badd599-26ce-4752-8074-cb0ad761eb1e,735c8f0a-f4c8-47b0-9554-5c4ea7ffe79f,Nutrition,Vegan Diet
gen_2d9d8af9-5505-474a-a78b-9d4bf60dabd3,735c8f0a-f4c8-47b0-9554-5c4ea7ffe79f,Lifestyle,Music
gen_4bacbb00-d1d5-4cf4-ba77-d82aa943187d,735cf305-cc16-4e2a-8886-246f57a833ed,Nutrition,Vegan Diet
gen_8ee43104-f213-4ea3-acd6-51cbc686ec25,735cf305-cc16-4e2a-8886-246f57a833ed,Leisure,Cooking
gen_53f41c33-6d9d-45a0-9220-5ed434690310,735cf305-cc16-4e2a-8886-246f57a833ed,Leisure,Reading
gen_ca822529-eb51-426c-8a83-a16001760c73,736e4593-5806-4745-b109-9a65677529b6,Nutrition,Meal Prep
gen_4aace332-6222-481b-966a-d93889ad0966,736e4593-5806-4745-b109-9a65677529b6,Lifestyle,Digital Detox
gen_bbcc05d4-007f-4845-b138-7a9613805c89,738e5d65-3984-4111-a233-9a5a5876f387,Fitness,Strength Training
gen_b9dd803c-4a78-4003-90b0-d4a838e0ce92,738e5d65-3984-4111-a233-9a5a5876f387,Lifestyle,Digital Detox
gen_ac3a2249-8a17-4aa2-8efe-b6c5c41289de,73a7bafa-320d-49fc-924d-2974054e7bf0,Hobbies,Gardening
gen_8fc602e4-d698-4100-9cc3-d302da31fd9b,73a7bafa-320d-49fc-924d-2974054e7bf0,Nutrition,Vegan Diet
gen_04a828f9-4de2-4fff-a6d9-868ed83674bf,7425af47-5edd-47d1-9095-54bbd02be9da,Fitness,Cycling
gen_1faf89a4-3d9d-4e88-9468-fc98f0651ffd,7425af47-5edd-47d1-9095-54bbd02be9da,Wellness,Meditation
gen_6b991358-4cca-4dda-834d-e64765a37ab0,743429e5-3c4f-4700-b377-cf7e54efe4fd,Wellness,Meditation
gen_8046c554-e08b-4dca-a938-d03156c0775b,743429e5-3c4f-4700-b377-cf7e54efe4fd,Lifestyle,Minimalism
gen_083626c9-dd29-442b-a0cd-9cd6091c9fbd,743429e5-3c4f-4700-b377-cf7e54efe4fd,Fitness,Cycling
gen_e292a416-3042-4711-a048-9a9a907b517e,743671cf-c14c-4475-9d2c-7a143fa51ef8,Fitness,Cycling
gen_7065d3c2-4222-4901-b4c5-3e7c54b7bf0c,743671cf-c14c-4475-9d2c-7a143fa51ef8,Nutrition,Vegan Diet
gen_964f7648-516c-4aab-a75b-9059f6dec734,747f3cfe-add0-4b87-ad78-2a5b57264694,Nutrition,Vegan Diet
gen_2ec98271-2046-45dd-8586-940a23e7a244,747f3cfe-add0-4b87-ad78-2a5b57264694,Wellness,Meditation
gen_929693d3-dab6-4fb5-bf23-c5b8a6e5393c,747f3cfe-add0-4b87-ad78-2a5b57264694,Lifestyle,Minimalism
gen_121b190c-f0d3-4b62-b608-33b5fbfc3d55,74a5b0af-0c1c-49b2-827c-33b0388858b1,Nutrition,Keto Diet
gen_2d0902bd-dd6b-46bd-9d4f-68e90a3b300a,74a5b0af-0c1c-49b2-827c-33b0388858b1,Wellness,Meditation
gen_45bc1150-416b-4550-8910-8d7fc19c8453,74bcb8f5-9631-48f6-9837-e94b83c90594,Nutrition,Meal Prep
gen_68a9ee50-d8c1-4f43-ac08-c35fb5ca1171,74bcb8f5-9631-48f6-9837-e94b83c90594,Hobbies,Gardening
gen_ad1055f3-9671-43f2-b9fb-04d65163d83d,74dc02ef-56ca-4a05-a5a8-e5477bef7392,Fitness,Strength Training
gen_824a0155-7dcd-4fca-b99a-4ad6d783562f,74dc02ef-56ca-4a05-a5a8-e5477bef7392,Leisure,Cooking
gen_a9a80954-3e08-41c5-86d8-071653477151,74dc02ef-56ca-4a05-a5a8-e5477bef7392,Wellness,Yoga
gen_7777176d-ce67-4b3b-afad-877b8466d2f9,753dd4eb-cd0e-48eb-9ab1-9694f36d1fe1,Fitness,Running
gen_209b4872-3f3b-4dc8-9b94-20fb36ed033b,753dd4eb-cd0e-48eb-9ab1-9694f36d1fe1,Fitness,Cycling
gen_b30262a5-5726-4eb7-8817-c34ee89fc4d3,753dd4eb-cd0e-48eb-9ab1-9694f36d1fe1,Wellness,Meditation
gen_e6139878-5b47-41a4-9336-0417b872a962,756663aa-9f90-41c7-acb8-d4e132100277,Nutrition,Vegan Diet
gen_2633f87d-edf6-4466-b05d-95705fff67dd,756663aa-9f90-41c7-acb8-d4e132100277,Nutrition,Keto Diet
gen_1bd607fb-2445-4d1c-8a71-c20bbcf1c18e,756e8866-cb0a-44a8-81bc-f9ed445d29f2,Leisure,Reading
gen_e81b6dee-1cdd-40e4-83f7-314fc3fcaf0c,756e8866-cb0a-44a8-81bc-f9ed445d29f2,Community,Volunteering
gen_4703795a-d46a-4197-8b52-88f3e841f75c,756e8866-cb0a-44a8-81bc-f9ed445d29f2,Nutrition,Keto Diet
gen_0bd2cd3b-03bd-4c0f-b480-b31777593d85,75ae0f86-3fa2-4ff6-a144-327ec3029b59,Nutrition,Keto Diet
gen_05091120-e344-4308-9fc2-2f26d108af1a,75ae0f86-3fa2-4ff6-a144-327ec3029b59,Nutrition,Vegan Diet
gen_92692c0e-775e-4486-af14-baffd9c817aa,75ae0f86-3fa2-4ff6-a144-327ec3029b59,Hobbies,Gardening
gen_41a28858-a425-48f3-a439-c21bef749428,760c8c98-997c-4b79-9db0-82c8eb3efb37,Wellness,Meditation
gen_c9f4167a-5e8c-4d4b-b63d-05c965e3055f,760c8c98-997c-4b79-9db0-82c8eb3efb37,Nutrition,Keto Diet
gen_73dc9708-a2c7-4c80-b46f-423b96847eb2,7610d3ae-7730-456e-bb12-37af3a444062,Lifestyle,Minimalism
gen_b16b2eee-49ab-4add-bb42-1793b7647d2a,7610d3ae-7730-456e-bb12-37af3a444062,Nutrition,Keto Diet
gen_e0d465b4-53da-48f8-bbf1-85e20471ba29,7628f5d1-ef0b-4b75-a7bd-dec5ae88850d,Nutrition,Vegan Diet
gen_5225ae24-dfcf-4a9d-a52f-4c16f6896c94,7628f5d1-ef0b-4b75-a7bd-dec5ae88850d,Nutrition,Keto Diet
gen_250e4623-f2ad-4ef9-b1b6-97532ebc7049,764c8faf-fd21-438e-91e4-a991a5f166a7,Nutrition,Meal Prep
gen_e92d98e8-d592-4848-910a-b18937b7f76a,764c8faf-fd21-438e-91e4-a991a5f166a7,Leisure,Cooking
gen_a506f332-d03f-4f4d-ad86-832672cad96b,764c8faf-fd21-438e-91e4-a991a5f166a7,Hobbies,Gardening
gen_c21110b5-ca48-4c15-950f-7ea98ba770c0,7661e9e7-415f-4e74-9c25-98fcf23531fc,Fitness,Strength Training
gen_55b70b56-b588-4a23-8ed1-5dbeaee72152,7661e9e7-415f-4e74-9c25-98fcf23531fc,Leisure,Reading
gen_ed0e5c05-c4dc-4cea-9e2e-425b9472f9e7,7661e9e7-415f-4e74-9c25-98fcf23531fc,Wellness,Yoga
gen_acf4c683-8d1b-435d-b328-5b9d7ff39266,7667da40-5c39-41f1-9697-07b379e1a049,Nutrition,Vegan Diet
gen_bb8ab14b-2523-47f3-a968-fcc8a76261c9,7667da40-5c39-41f1-9697-07b379e1a049,Wellness,Meditation
gen_865ddeb1-79e2-4337-8cd8-2b1d3f8946cc,7667da40-5c39-41f1-9697-07b379e1a049,Leisure,Reading
gen_b488f308-914c-4bae-9cf4-d4f7ea85c997,769606be-a02d-44f5-a557-6884d2fa1729,Nutrition,Keto Diet
gen_ee99dc9b-9e63-4374-abf7-aabf2f676eab,769606be-a02d-44f5-a557-6884d2fa1729,Fitness,Running
gen_17803ae9-e66b-493a-a8b0-65cf6625c8fd,769606be-a02d-44f5-a557-6884d2fa1729,Fitness,Strength Training
gen_c3e72951-4e68-4045-9956-073cc8ef2f80,769f1f98-185a-4d47-b69e-4b033e4d2b3b,Fitness,Strength Training
gen_1d6e6cf0-1d0e-4bb1-993c-5f78f60e8703,769f1f98-185a-4d47-b69e-4b033e4d2b3b,Lifestyle,Digital Detox
gen_e679f092-66df-4583-bb85-22c645bd1e30,76d05281-0f52-4027-829f-74dfe9ddd5d8,Hobbies,Gardening
gen_3305f0a9-3720-4bcb-9a10-cd2d45ce50ec,76d05281-0f52-4027-829f-74dfe9ddd5d8,Leisure,Reading
gen_34efde09-576d-4595-8079-0a130cfaeeef,771dc2ea-86d9-4c6a-852f-f6757880da11,Nutrition,Meal Prep
gen_69157a54-657e-4371-b187-c7f90a06c9a9,771dc2ea-86d9-4c6a-852f-f6757880da11,Lifestyle,Minimalism
gen_fb72031e-5b7e-4fa7-b69a-d59ed11cf458,772ba019-7c0c-4c76-baaf-01fc34f3d4c9,Lifestyle,Minimalism
gen_7c9e1003-215d-4013-9209-edb9367d55f3,772ba019-7c0c-4c76-baaf-01fc34f3d4c9,Leisure,Reading
gen_b40a3e66-f35a-42bf-a5ee-ea5cc5d234fe,7743f1e2-785c-459a-b882-78f5dc9e7979,Community,Volunteering
gen_1e653c24-af1a-4c95-b8d5-7df588860cbe,7743f1e2-785c-459a-b882-78f5dc9e7979,Nutrition,Meal Prep
gen_f28a2ab4-7273-46e0-8ff2-d39979aa9263,7743f1e2-785c-459a-b882-78f5dc9e7979,Fitness,Running
gen_8499917e-9bc0-4694-b059-9019bb3cd374,775eba9e-765c-4ac8-948f-e949945ba7a4,Hobbies,Gardening
gen_1f0fd9b4-f977-470d-8c9f-5c68ba936c7f,775eba9e-765c-4ac8-948f-e949945ba7a4,Lifestyle,Minimalism
gen_75a51e32-e448-4e5b-ae75-69e88c9fa734,775eba9e-765c-4ac8-948f-e949945ba7a4,Fitness,Cycling
gen_79d9d4b0-9e3e-4ec4-ac6b-ce17b335c7bf,777776ff-ba1d-48a6-b706-9bbc05c22efd,Wellness,Yoga
gen_88ab32d4-ee2e-484a-a270-8a5eda645d10,777776ff-ba1d-48a6-b706-9bbc05c22efd,Wellness,Meditation
gen_4b8ccc2b-1ee0-402c-adc2-9d9a2789ad09,777776ff-ba1d-48a6-b706-9bbc05c22efd,Hobbies,Gardening
gen_f5e3b60a-bb6f-47f4-ba33-05d4e257a194,77d08491-a608-4a20-b1a5-41170b28e51b,Nutrition,Meal Prep
gen_62e566aa-865d-43da-ae03-a551f0613805,77d08491-a608-4a20-b1a5-41170b28e51b,Nutrition,Vegan Diet
gen_63041e52-7035-4dca-b804-585b70907637,78170828-ae3b-48aa-a0d8-b055488bc14e,Fitness,Running
gen_01d157dc-7d91-4c1d-b45d-baf40318c79e,78170828-ae3b-48aa-a0d8-b055488bc14e,Lifestyle,Minimalism
gen_bec87e15-8272-4781-b95c-2cd514cdf824,78170828-ae3b-48aa-a0d8-b055488bc14e,Fitness,Strength Training
gen_44787717-8838-4eea-b95d-2b9872a656ed,7840ea91-526f-4c49-9f51-b8d575593ace,Fitness,Strength Training
gen_f118c528-cd60-4381-8e18-ac5d8904ea0a,7840ea91-526f-4c49-9f51-b8d575593ace,Nutrition,Vegan Diet
gen_2a6e1274-73cf-47cb-b0e8-9dd5456a8d2f,7840ea91-526f-4c49-9f51-b8d575593ace,Lifestyle,Digital Detox
gen_b314f9c0-d9fb-4a26-b315-b624a6652382,784976b4-a654-4f49-8337-4c8d4115eb10,Lifestyle,Digital Detox
gen_b6697876-8756-430a-b795-1aebd98186da,784976b4-a654-4f49-8337-4c8d4115eb10,Lifestyle,Music
gen_212e9210-7688-46ea-80df-df5ad3c567fc,784976b4-a654-4f49-8337-4c8d4115eb10,Leisure,Reading
gen_faed4b38-bf64-47fe-89a6-d49cdbba0035,786ffa59-f8e2-4497-aecc-0a520daf30fb,Nutrition,Meal Prep
gen_01ed0aea-bb83-4a11-9ab2-db50682128a5,786ffa59-f8e2-4497-aecc-0a520daf30fb,Leisure,Reading
gen_e0bdc578-678d-427a-b5b4-b979dffc3806,786ffa59-f8e2-4497-aecc-0a520daf30fb,Lifestyle,Digital Detox
gen_61ef86ea-a9d4-4d47-b9d3-4eca54c38dfd,78c163fd-54c0-48b0-a9c8-53003106c2b2,Fitness,Running
gen_b15c4772-7c55-4c12-a82b-d4a5026331d5,78c163fd-54c0-48b0-a9c8-53003106c2b2,Leisure,Reading
gen_70a0319f-275f-432f-bf43-2f4f1cbaccae,78d4e9ff-bd52-4c83-bc8d-fdc6c9136e39,Hobbies,Gardening
gen_725e2a99-58a5-4893-a1c5-77928cd5a438,78d4e9ff-bd52-4c83-bc8d-fdc6c9136e39,Leisure,Cooking
gen_27dcc737-33b6-4391-acdc-6208d4c5019e,78d798ae-5fc8-4bad-a4a1-80e47835ec09,Fitness,Cycling
gen_3056e25b-b3af-409b-ac41-d802fee06e32,78d798ae-5fc8-4bad-a4a1-80e47835ec09,Hobbies,Gardening
gen_59eda559-19e8-40ef-bdf6-4ae027c8ff27,78d798ae-5fc8-4bad-a4a1-80e47835ec09,Fitness,Strength Training
gen_99d279e4-1e94-4e54-ac5e-8e10a7c6eebd,78e30c1f-3001-4a92-afff-6d2f029829e0,Fitness,Strength Training
gen_06334943-2473-4a70-a06f-32c79e18651b,78e30c1f-3001-4a92-afff-6d2f029829e0,Hobbies,Gardening
gen_e665bd8d-69f5-4c45-a15d-a21952cc20f6,78e7527f-d85a-4433-87e1-59448d3f1c44,Leisure,Reading
gen_1a5280d6-403d-416f-8f42-5a24a40ca805,78e7527f-d85a-4433-87e1-59448d3f1c44,Nutrition,Keto Diet
gen_f8b90a8d-622f-4181-a002-69b023a61820,78e7527f-d85a-4433-87e1-59448d3f1c44,Leisure,Cooking
gen_700d2501-7e82-4f5a-8b6f-594328b05c45,78f11e9e-afc1-4a1c-9266-f3ee5e2d2933,Fitness,Running
gen_2401ce92-5855-4b1d-bfcc-9de10f6a26cf,78f11e9e-afc1-4a1c-9266-f3ee5e2d2933,Lifestyle,Music
gen_7d69c90d-b482-4dc7-a68d-8ed8fe9c5203,78f11e9e-afc1-4a1c-9266-f3ee5e2d2933,Leisure,Cooking
gen_946e48ba-42eb-4ec0-b6d1-6eb4bdb76d16,79ce593e-4858-4ec1-b3c9-05661e25d4eb,Wellness,Yoga
gen_f510cb48-1d33-4651-918e-9783a42dc2a0,79ce593e-4858-4ec1-b3c9-05661e25d4eb,Lifestyle,Digital Detox
gen_d81e657c-0fbc-4586-8995-54376638e4fd,79ce593e-4858-4ec1-b3c9-05661e25d4eb,Nutrition,Meal Prep
gen_9b6e6632-19e4-40c7-b746-30b713dad06a,79d0c8a5-cccb-4e2b-9b7f-5c1754b5a664,Lifestyle,Minimalism
gen_36e6b0f4-6dc2-4ffe-bcc4-836265686570,79d0c8a5-cccb-4e2b-9b7f-5c1754b5a664,Nutrition,Keto Diet
gen_e031cdb7-7d4e-4c47-bd93-86327e010725,79d37ebf-dfe7-43a1-96ab-fb99154550c7,Lifestyle,Minimalism
gen_d97524d1-7451-4433-a1e5-e96ae0fa48a0,79d37ebf-dfe7-43a1-96ab-fb99154550c7,Leisure,Reading
gen_812e272a-814c-4453-b65c-8d90aa9d8499,79d37ebf-dfe7-43a1-96ab-fb99154550c7,Hobbies,Gardening
gen_64ca8853-a3bb-4845-bab4-0153a612102b,79d665d3-26ec-4608-8441-9c01986bc12f,Nutrition,Keto Diet
gen_ccaa0903-e600-4108-b0ab-0a9f68d9d153,79d665d3-26ec-4608-8441-9c01986bc12f,Lifestyle,Music
gen_e2cdd935-ac0f-4424-9673-31633aabf277,79f53e17-ca5a-4213-baaa-4ec70100faa0,Fitness,Running
gen_21b917c5-3fdd-4564-b75b-d11dd6d70087,79f53e17-ca5a-4213-baaa-4ec70100faa0,Wellness,Meditation
gen_7c9371f8-cfba-4d91-8b55-0d68e0ef512c,79f53e17-ca5a-4213-baaa-4ec70100faa0,Nutrition,Vegan Diet
gen_55726a33-8133-4a36-8618-10f9f5a743dc,7a2eaa46-8a10-4586-a17d-e9b94530250a,Fitness,Running
gen_59cd1b2b-709e-4c09-a79f-ebf0842339e1,7a2eaa46-8a10-4586-a17d-e9b94530250a,Community,Volunteering
gen_58040ac5-9a01-4eb1-8921-97ece5623121,7a34d9e3-cd63-4987-951e-a903a25a25c3,Nutrition,Keto Diet
gen_8822f285-f466-4cbe-a37c-0383dc22240c,7a34d9e3-cd63-4987-951e-a903a25a25c3,Wellness,Meditation
gen_52463dee-265a-43ab-9342-b6fd857be477,7a38a96f-33d0-4605-8fa0-5f3bd817c466,Lifestyle,Minimalism
gen_9b00d2a8-306e-4822-9696-2f0f6c795c00,7a38a96f-33d0-4605-8fa0-5f3bd817c466,Leisure,Reading
gen_1ef0967e-1e22-49da-ae92-5736576ecb96,7a38a96f-33d0-4605-8fa0-5f3bd817c466,Wellness,Yoga
gen_118b8336-e774-484b-b319-7d2b9cde546c,7a6cc43f-f920-4a1d-9e6f-eb4bdd354a9d,Nutrition,Keto Diet
gen_63772079-1ae2-46b9-bed3-3439fa9a78f4,7a6cc43f-f920-4a1d-9e6f-eb4bdd354a9d,Lifestyle,Minimalism
gen_74168cae-2469-4e61-9c3d-0b11170db57f,7a6cc43f-f920-4a1d-9e6f-eb4bdd354a9d,Fitness,Running
gen_e5cb741e-664c-4107-942b-772a27d84ad3,7a848901-156d-4441-9762-03cbe822c97b,Nutrition,Meal Prep
gen_75d6a096-a138-4f1e-982a-11e04fcbbd58,7a848901-156d-4441-9762-03cbe822c97b,Leisure,Cooking
gen_50aee583-150a-4a6b-936a-c143bf35aada,7a848901-156d-4441-9762-03cbe822c97b,Lifestyle,Minimalism
gen_5ca01999-c7b2-4191-8de8-42e628f815c1,7ae3254e-4697-446f-a696-1e4820cef49b,Fitness,Running
gen_7d0f0236-e985-4850-b382-ec2f002abceb,7ae3254e-4697-446f-a696-1e4820cef49b,Wellness,Meditation
gen_e1c033c6-26bf-453d-b90e-e4962a4a37e0,7ae3254e-4697-446f-a696-1e4820cef49b,Lifestyle,Music
gen_451d8ded-6400-4dc1-94e7-c6c7fe0e48fe,7b1611a8-fac3-47e1-8a59-d329d58504f1,Lifestyle,Music
gen_752c159b-4dba-45f1-8fd4-a0f6613f4e33,7b1611a8-fac3-47e1-8a59-d329d58504f1,Community,Volunteering
gen_0ab6cd25-32d9-466c-9928-da846aa8f9c6,7b38833b-4cf3-4cbc-a4b2-7728f7fdc852,Hobbies,Gardening
gen_294f6202-e606-4d50-89e6-4d91842b1a52,7b38833b-4cf3-4cbc-a4b2-7728f7fdc852,Fitness,Running
gen_afdca4f1-5213-4c0b-94e3-005c08c6d48f,7b38833b-4cf3-4cbc-a4b2-7728f7fdc852,Leisure,Cooking
gen_c68c527e-65ce-480f-99af-887b2e487c2a,7b940cbe-a309-4bb0-9060-356255b4607f,Leisure,Cooking
gen_de68348b-c443-456b-92c0-b25b20cddfa5,7b940cbe-a309-4bb0-9060-356255b4607f,Nutrition,Meal Prep
gen_c9b87f15-32d4-42cc-a019-cd62f3088e8f,7ba1befc-e4d6-4cc9-ba5a-178a50afefd6,Lifestyle,Digital Detox
gen_53c3f39a-d9ec-4fd1-b10b-1be69deaddc8,7ba1befc-e4d6-4cc9-ba5a-178a50afefd6,Fitness,Cycling
gen_787e7e08-9109-4f6d-bf86-3736b53bcf2d,7ba78894-c1f2-4a33-aa1e-3bf8fcba70f2,Nutrition,Keto Diet
gen_238e1374-b79b-41ca-83ef-1ae7c2976bff,7ba78894-c1f2-4a33-aa1e-3bf8fcba70f2,Lifestyle,Digital Detox
gen_1c7276bd-4298-40ce-ac36-69a04327733d,7bb08404-e6a2-445f-831f-8d4dd2aec50b,Lifestyle,Minimalism
gen_c9b5f989-f764-4dcd-8cbb-ac87e76d10b9,7bb08404-e6a2-445f-831f-8d4dd2aec50b,Wellness,Yoga
gen_775a3810-d845-453b-a515-2a45f2da9715,7bb08404-e6a2-445f-831f-8d4dd2aec50b,Leisure,Reading
gen_61e099e1-179a-4f99-8a49-f884a34cee78,7bbb6837-e9d8-4460-8d72-d54a504895e2,Hobbies,Gardening
gen_47c724ec-2f99-462d-8d6f-eb437c57dac0,7bbb6837-e9d8-4460-8d72-d54a504895e2,Fitness,Cycling
gen_e973ee7a-1acd-4cf9-b916-0940a33a934b,7bbb6837-e9d8-4460-8d72-d54a504895e2,Community,Volunteering
gen_1f7c3c00-b9de-481a-a563-4cbcf3b6dfb3,7bcdf655-f4cc-459e-9296-f4873b6b6c95,Nutrition,Vegan Diet
gen_c240038c-4bdd-4394-8766-f715c35d90d3,7bcdf655-f4cc-459e-9296-f4873b6b6c95,Lifestyle,Music
gen_2c8af68d-aa8d-423d-80f5-b451ba663fe0,7bcdf655-f4cc-459e-9296-f4873b6b6c95,Nutrition,Meal Prep
gen_54f791a7-5766-45fc-9991-407e43bdff94,7bfe650c-c833-4b83-8f58-e7cc56f62046,Lifestyle,Minimalism
gen_14f7e3c5-653c-42bd-b489-707b554e7b28,7bfe650c-c833-4b83-8f58-e7cc56f62046,Fitness,Strength Training
gen_b51f890c-32b7-4d99-ba8f-3c33f6980148,7c12c518-6ee5-408a-971a-11487f1d3245,Nutrition,Vegan Diet
gen_55f14c81-c300-479e-9be7-98599ab80945,7c12c518-6ee5-408a-971a-11487f1d3245,Lifestyle,Music
gen_f5152781-46bd-41a1-bba0-e7eafcbe76e6,7c12c518-6ee5-408a-971a-11487f1d3245,Nutrition,Meal Prep
gen_156a3d2e-990e-4fb6-8ef8-030e4ea8d225,7c1b3fe6-ea6a-4359-aed7-4ffbfe8fab81,Wellness,Yoga
gen_8387ae88-e710-44c5-b6cc-1ba9877c5388,7c1b3fe6-ea6a-4359-aed7-4ffbfe8fab81,Wellness,Meditation
gen_326ecbd9-decb-4843-a9cd-3654d0ac8546,7c1ebb0e-d020-4d85-af43-df1016ef525a,Fitness,Strength Training
gen_b2fd77a5-ee2a-4c57-be98-8cf07c3f1613,7c1ebb0e-d020-4d85-af43-df1016ef525a,Fitness,Running
gen_ffb48089-1749-4831-9da8-b04fea7d19db,7c5a5884-27ac-496f-bd5a-cb7de74cc7ea,Nutrition,Keto Diet
gen_7e83fb8d-3bbf-4077-9d99-587b0ccb5ad5,7c5a5884-27ac-496f-bd5a-cb7de74cc7ea,Leisure,Cooking
gen_24b638ef-0b8e-4004-8fc8-f39fe40ce292,7c6b2713-98e3-4cca-a8ff-2af6f7e0e37b,Lifestyle,Minimalism
gen_6cb443dd-ac23-4caf-a121-8eb03907a983,7c6b2713-98e3-4cca-a8ff-2af6f7e0e37b,Fitness,Running
gen_2c286800-c22f-4142-b555-0cf0031c594c,7c71e6b2-2fc4-4398-aacc-d794eb50578f,Hobbies,Gardening
gen_e019615e-b9c7-41b1-8f48-da67f9b98742,7c71e6b2-2fc4-4398-aacc-d794eb50578f,Community,Volunteering
gen_a0c38f36-32c2-40a4-8331-1b83035459b8,7c71e6b2-2fc4-4398-aacc-d794eb50578f,Lifestyle,Minimalism
gen_e2b72bbd-29e5-4f7c-a36b-76ea7549bbe0,7c80e266-0847-4d6e-bb09-dbed0d9e2d42,Fitness,Strength Training
gen_bc633976-880d-4702-8e7c-ba7f363cf26c,7c80e266-0847-4d6e-bb09-dbed0d9e2d42,Nutrition,Vegan Diet
gen_7601662d-b7a0-4dc2-9512-e78131585d6e,7c80e266-0847-4d6e-bb09-dbed0d9e2d42,Leisure,Cooking
gen_55cf122b-25c7-4a29-827a-906b9252c9bf,7cc12922-61e0-4678-8f50-b7dcd02ba022,Fitness,Strength Training
gen_953569d3-2b94-4e6a-b53a-e13e33f6a21f,7cc12922-61e0-4678-8f50-b7dcd02ba022,Fitness,Running
gen_1f73b456-617b-413d-928d-60d13360ec9c,7cc12922-61e0-4678-8f50-b7dcd02ba022,Nutrition,Keto Diet
gen_4799694d-83de-4a04-b5c7-48872e981cc9,7ccb45c1-0263-4057-856d-605ee6cc6bc9,Community,Volunteering
gen_dca320d9-f3df-410d-b4df-3fc56c4104b3,7ccb45c1-0263-4057-856d-605ee6cc6bc9,Lifestyle,Minimalism
gen_576eee54-2285-4de9-a22f-bde5605f057d,7ccb45c1-0263-4057-856d-605ee6cc6bc9,Fitness,Strength Training
gen_cfb33d3c-94a3-4373-b2f7-e0f61c0351cd,7cd00e9d-9a07-4920-8f8a-70d82f25006f,Community,Volunteering
gen_db09f741-1e6e-48a8-acfe-041eff8f77d4,7cd00e9d-9a07-4920-8f8a-70d82f25006f,Hobbies,Gardening
gen_f8734437-a605-4e13-8949-dc5243727978,7d6eb8e1-f8cb-43e2-b6ee-c5f2fb5a27c9,Leisure,Cooking
gen_c0019144-d0d9-4803-a804-32d23335edf3,7d6eb8e1-f8cb-43e2-b6ee-c5f2fb5a27c9,Fitness,Strength Training
gen_ec88fef9-6b83-4e1d-897c-e83ebed5509b,7d6eb8e1-f8cb-43e2-b6ee-c5f2fb5a27c9,Community,Volunteering
gen_177691c8-6a95-4f3e-ae89-adb622820545,7db846e1-dc74-42a8-939f-659f03572ef9,Hobbies,Gardening
gen_1110fd98-7f78-43e6-98ec-401de84c233c,7db846e1-dc74-42a8-939f-659f03572ef9,Fitness,Cycling
gen_05d6a808-7096-4e61-8027-a949265d02ae,7e02fa63-f7b6-4dda-806f-31c36408b74f,Fitness,Running
gen_e285e48e-6dd0-4d80-9218-2c4d8d411a2c,7e02fa63-f7b6-4dda-806f-31c36408b74f,Wellness,Yoga
gen_b0b308d1-568d-4969-aeea-11a2b1ec2903,7e02fa63-f7b6-4dda-806f-31c36408b74f,Wellness,Meditation
gen_05ae85fd-c031-401f-a154-712488dee6c0,7e10f7e5-da7f-48f5-8126-aec6b0490c72,Fitness,Cycling
gen_1a4110f8-6366-4aec-a44a-e410c3aa7bc5,7e10f7e5-da7f-48f5-8126-aec6b0490c72,Nutrition,Keto Diet
gen_da89ab51-f811-421e-83af-26a23f555f26,7e9af4a6-f30b-4bd6-ae2d-27db3b567488,Lifestyle,Digital Detox
gen_67a08b64-27d1-4e14-8b9e-30c507ade667,7e9af4a6-f30b-4bd6-ae2d-27db3b567488,Nutrition,Vegan Diet
gen_98529122-69be-4a38-a62d-924135cbe173,7e9df94b-0af1-4f66-91f9-f9a2bcc82b90,Fitness,Strength Training
gen_ec53a2a8-730d-498e-ba9a-3bb95958dcb7,7e9df94b-0af1-4f66-91f9-f9a2bcc82b90,Fitness,Cycling
gen_c1f98abb-df07-4700-9766-24f0f528a9e3,7e9df94b-0af1-4f66-91f9-f9a2bcc82b90,Leisure,Cooking
gen_a49619db-0c8c-4038-85a2-8c3dfedbacae,7eb4361a-0346-4266-b3f4-2743e267cd25,Nutrition,Vegan Diet
gen_c93d3e5e-aeec-4cae-9296-a31cb8f5f082,7eb4361a-0346-4266-b3f4-2743e267cd25,Fitness,Cycling
gen_5644d724-6fc0-4b3b-baf5-53c93c339efb,7eb4361a-0346-4266-b3f4-2743e267cd25,Lifestyle,Minimalism
gen_0c12e5c3-13b7-4330-8d3e-8bac65ddd3f7,7ec1068d-cae3-42ef-9fb2-f48291f7eab0,Lifestyle,Digital Detox
gen_9353edfe-5f6d-4689-9e8a-ee066e07f6ee,7ec1068d-cae3-42ef-9fb2-f48291f7eab0,Fitness,Cycling
gen_2eb58ed2-8ec2-426f-80cc-2c7fcb7de86b,7ee83718-5df5-4611-bbdb-b91c9437b9e6,Wellness,Meditation
gen_a0c2a4bc-a66c-40f1-9bc6-22ecf9678a26,7ee83718-5df5-4611-bbdb-b91c9437b9e6,Fitness,Cycling
gen_f5f0ea64-8fdf-4849-adf9-a70d42b933fa,7ee83718-5df5-4611-bbdb-b91c9437b9e6,Community,Volunteering
gen_6fd2abc7-06e1-4cdd-8f70-eb994f04dbcd,7f077b11-b852-4830-9953-316816dfd2c5,Community,Volunteering
gen_952c4e60-581c-4330-aa1f-58dd15a298a9,7f077b11-b852-4830-9953-316816dfd2c5,Lifestyle,Minimalism
gen_7060d005-d08d-4014-a87f-b6aa492ecf40,7f077b11-b852-4830-9953-316816dfd2c5,Fitness,Strength Training
gen_5868a1cd-c0c7-4b1b-a856-9f1e9d47424a,7f1069e1-c3a0-46ce-8ea3-ac4b212d4f7e,Community,Volunteering
gen_295870e2-cc42-4108-a404-686fcb5b0b7d,7f1069e1-c3a0-46ce-8ea3-ac4b212d4f7e,Nutrition,Keto Diet
gen_7b7d5212-b55d-417e-8cb0-1d86f5b2c7ed,7f3bb756-9849-4c9f-be33-d41c882ca9e7,Lifestyle,Minimalism
gen_c421e888-8cfb-4b6c-aa23-4b173bbda8b0,7f3bb756-9849-4c9f-be33-d41c882ca9e7,Fitness,Cycling
gen_9a87bf18-9939-4920-a2b6-bf69d7713fa3,7f496b71-eee9-4d34-900d-3ff2495f22b5,Community,Volunteering
gen_2566bf9b-e1bf-4fc1-9df5-ff307e9db363,7f496b71-eee9-4d34-900d-3ff2495f22b5,Nutrition,Vegan Diet
gen_14aa9e40-4062-470e-9c39-bad089fa006c,7f86f7d3-1a3c-4ec2-8e1f-376aa5e11395,Nutrition,Vegan Diet
gen_2479b295-900c-4dbf-861a-fc801b8d6c9a,7f86f7d3-1a3c-4ec2-8e1f-376aa5e11395,Hobbies,Gardening
gen_a65a57d9-5e77-4fa5-9015-345c9cc546cf,7f86f7d3-1a3c-4ec2-8e1f-376aa5e11395,Lifestyle,Minimalism
gen_41becc52-11c9-43f9-8709-59f9e2e7062a,7f8735b9-bfff-4c72-be7a-6f49088d8aea,Nutrition,Meal Prep
gen_7bf470be-125c-4fd6-a97c-fdc3d83a648d,7f8735b9-bfff-4c72-be7a-6f49088d8aea,Community,Volunteering
gen_e4eb0b8e-ac5d-4aec-9a90-2fd1f2a3c9ce,7f8735b9-bfff-4c72-be7a-6f49088d8aea,Lifestyle,Minimalism
gen_af4962be-a4a0-4176-bbad-3472d7550914,7f91ada6-c58d-47bf-9f45-940282f6a292,Fitness,Cycling
gen_5ec38758-b13d-400d-86f6-ed7f7f08a60f,7f91ada6-c58d-47bf-9f45-940282f6a292,Fitness,Running
gen_9e5a2b94-1bd8-4cc0-a504-c9d790a73547,7f91ada6-c58d-47bf-9f45-940282f6a292,Fitness,Strength Training
gen_5efa6de2-d3f2-4b0e-8fbb-406a0e3bec67,7fb68c77-cb7b-4656-a97b-907f068a16be,Leisure,Reading
gen_5a66cc7d-6267-4200-b84a-c87251bfaecd,7fb68c77-cb7b-4656-a97b-907f068a16be,Leisure,Cooking
gen_10ba2ad1-063e-4f47-8aef-fc1b14a23f34,7fbfc2db-7784-43b3-9d25-127cf8974382,Wellness,Meditation
gen_75fd57a5-6e10-4b9c-b738-a85a94dbe6dc,7fbfc2db-7784-43b3-9d25-127cf8974382,Lifestyle,Music
gen_a7e8e277-f7bc-46e2-9642-cd3094a991f9,7fc9b593-1856-45ba-9057-e58b0c301926,Wellness,Yoga
gen_6810473d-3d18-4104-92fd-263adc3c41ed,7fc9b593-1856-45ba-9057-e58b0c301926,Lifestyle,Digital Detox
gen_7f246d9b-49b8-46f3-b298-529b943abc9e,7fc9b593-1856-45ba-9057-e58b0c301926,Wellness,Meditation
gen_52d8a80e-0ad9-428e-b6b2-4c17bc558d63,7ffe4761-7a61-44b5-97c1-766fd90dcb7b,Leisure,Reading
gen_cca7e4d2-0bf4-46b9-b692-bfda3da5bef9,7ffe4761-7a61-44b5-97c1-766fd90dcb7b,Lifestyle,Minimalism
gen_ed0d5e84-4fbd-4877-b7b7-0bcbe7ac2d11,80247eda-f93e-44d1-8627-37839835db21,Lifestyle,Digital Detox
gen_c922d2e2-0238-47d6-adc0-8b7c8c92e263,80247eda-f93e-44d1-8627-37839835db21,Leisure,Cooking
gen_351fae0a-9155-42c5-9d4d-6d8f8463790b,80247eda-f93e-44d1-8627-37839835db21,Fitness,Running
gen_b8bd990d-db03-4441-8639-ba944efbdd38,802831c4-73b8-4cda-be99-2db4dc5ce0dc,Wellness,Meditation
gen_5dcf2d77-ed51-43fc-a39b-ba7f1e75d39d,802831c4-73b8-4cda-be99-2db4dc5ce0dc,Leisure,Reading
gen_ec91f25d-1b57-49f0-9dee-5fda6734b166,8046811b-9f14-4968-8045-96cd82cf7138,Lifestyle,Digital Detox
gen_993adf2f-49ac-4855-910e-5498b4ef37f0,8046811b-9f14-4968-8045-96cd82cf7138,Community,Volunteering
gen_8c53d54e-38c3-4c1d-b560-a6413d24fc5b,8046811b-9f14-4968-8045-96cd82cf7138,Leisure,Reading
gen_3a73b7e0-f018-490d-bc2f-de2a1576a33a,80501fd9-87bd-4725-a83d-b0e9739f8cb6,Leisure,Reading
gen_0cef25cf-aadc-43a3-9554-ef89682bd08d,80501fd9-87bd-4725-a83d-b0e9739f8cb6,Nutrition,Meal Prep
gen_aa8e1ded-1aa4-4fe4-9611-cab674d6e7c9,8057511f-90a8-435a-bd6f-71ca429a1396,Lifestyle,Digital Detox
gen_9c7b01d8-916f-4b81-bc35-ea2ed67cb20e,8057511f-90a8-435a-bd6f-71ca429a1396,Wellness,Yoga
gen_e60f347a-8edf-416d-9573-4fb9ea7027aa,8057511f-90a8-435a-bd6f-71ca429a1396,Nutrition,Vegan Diet
gen_d12d1bac-615e-423b-b7fd-ff6ec5d2c6a5,805c1ee8-d582-4aff-af64-35e837af444d,Nutrition,Meal Prep
gen_40041206-7a77-46f4-a52b-7723e3f7b912,805c1ee8-d582-4aff-af64-35e837af444d,Community,Volunteering
gen_fb6752f3-2506-4929-8e35-7ece9e94a3e4,808e685e-b337-49ea-ba06-fc4960515bc3,Wellness,Meditation
gen_f52e9c11-633e-4e00-b7e8-0812e42bcf29,808e685e-b337-49ea-ba06-fc4960515bc3,Community,Volunteering
gen_a87d2861-6c9a-456b-9c9a-7a1b5bc296ea,80fa98e4-cc39-45dc-b441-530db0b5b105,Lifestyle,Minimalism
gen_e7ca8363-e33f-4cd4-97a5-5bc83ba805de,80fa98e4-cc39-45dc-b441-530db0b5b105,Wellness,Meditation
gen_ffb0bdad-4cd4-46e8-ba94-8f3a8810ba36,8107af39-d3ec-482d-bc27-bbcac070e249,Community,Volunteering
gen_caf95add-3885-484d-bf41-2cb4eea21715,8107af39-d3ec-482d-bc27-bbcac070e249,Leisure,Cooking
gen_e3cf56e3-5ff1-4d52-87c3-9138c58d0b90,8107af39-d3ec-482d-bc27-bbcac070e249,Fitness,Running
gen_ecf9ad6c-9489-4477-9704-3b66a157e5e2,816d11d7-1a47-4037-a48d-f625d931e058,Community,Volunteering
gen_3605a2d4-2b17-4bb2-b476-855d7fcfb1f2,816d11d7-1a47-4037-a48d-f625d931e058,Fitness,Running
gen_9a84214d-d639-4152-92be-66496f6dad42,816d11d7-1a47-4037-a48d-f625d931e058,Leisure,Reading
gen_f913f402-955e-408c-a41f-ad404ab92f60,81853109-44b3-46e7-915b-933e9b7f39ea,Wellness,Yoga
gen_e066da33-99c0-455c-a11e-cf80d12a9d77,81853109-44b3-46e7-915b-933e9b7f39ea,Leisure,Reading
gen_322081c1-69de-4da7-9bc2-3c11c19edf34,8194e0d0-2d32-4c4f-8e51-b660c5102687,Community,Volunteering
gen_31c9f970-42dc-4cdd-be59-e8c878b3b08c,8194e0d0-2d32-4c4f-8e51-b660c5102687,Nutrition,Meal Prep
gen_aae46bde-0df1-428c-a02b-a4398582627b,8194e0d0-2d32-4c4f-8e51-b660c5102687,Fitness,Strength Training
gen_dc270a11-9ca1-4afc-b01f-8c2ee19b6935,8194f57a-0884-4f34-89e8-a285644d8cf9,Fitness,Cycling
gen_61ae0402-ea07-4ebf-b963-f637293e19b9,8194f57a-0884-4f34-89e8-a285644d8cf9,Fitness,Strength Training
gen_c338e824-4a51-4e4a-8e46-33611e2da75c,8194f57a-0884-4f34-89e8-a285644d8cf9,Leisure,Cooking
gen_8d2e7ff7-1169-40f7-9c95-19ca46e908d9,81ceeebb-77ef-4f6e-a9a3-957bbbd463d6,Community,Volunteering
gen_421da075-3adc-4524-b395-cd3fcef2e42f,81ceeebb-77ef-4f6e-a9a3-957bbbd463d6,Wellness,Yoga
gen_7554bf06-7ff8-4d22-af90-eb8025fc5698,81e7ea78-d24a-4a28-9a03-4d3aaa986b53,Fitness,Strength Training
gen_a1829e52-6645-439d-a6b2-2deea6b67552,81e7ea78-d24a-4a28-9a03-4d3aaa986b53,Nutrition,Keto Diet
gen_258b6c5b-c46f-49d2-b71f-09e968dd9b8b,82058d0f-2731-46e5-8511-184878437f8e,Fitness,Strength Training
gen_855d9315-ff71-482c-8e24-ce107bbd0f53,82058d0f-2731-46e5-8511-184878437f8e,Lifestyle,Digital Detox
gen_1cf3c35a-7900-4c9f-bbeb-a144d7481c60,82058d0f-2731-46e5-8511-184878437f8e,Fitness,Cycling
gen_d27a7151-ed0a-4422-9ea9-6f3e0157cd33,82093f81-342e-41aa-a6ec-578a2864a82e,Nutrition,Meal Prep
gen_e00a8115-315e-4f5c-bf9a-14b4c97c39d3,82093f81-342e-41aa-a6ec-578a2864a82e,Wellness,Meditation
gen_3597dd14-e167-4061-9c35-9a9c099b11f0,82093f81-342e-41aa-a6ec-578a2864a82e,Community,Volunteering
gen_5d1978eb-7ab7-4632-8fc5-ce07dfc165c5,821c1d20-8cf1-497e-924e-e859106c9fa2,Community,Volunteering
gen_19b886c3-a55e-4958-a5a7-43e8c6bf2de5,821c1d20-8cf1-497e-924e-e859106c9fa2,Lifestyle,Digital Detox
gen_06ba427d-f35b-4592-bd71-836e52927472,821c1d20-8cf1-497e-924e-e859106c9fa2,Hobbies,Gardening
gen_0ce28345-ec3c-4638-8ca0-a7a22ede7819,82381eee-2931-4ab0-83f9-23b0a2847b60,Fitness,Cycling
gen_a680c432-aa00-4b72-9c56-2b516b1d49e5,82381eee-2931-4ab0-83f9-23b0a2847b60,Leisure,Reading
gen_3cd57e32-ef2f-44c0-afac-1a73e9008590,8239549a-2ba6-4532-8ef2-3b6a0278204c,Leisure,Cooking
gen_894144d9-9864-4930-9988-dda76f22d572,8239549a-2ba6-4532-8ef2-3b6a0278204c,Lifestyle,Music
gen_1a78ae5f-e26d-4de9-8384-1f4fb0a52286,8239549a-2ba6-4532-8ef2-3b6a0278204c,Wellness,Meditation
gen_a41aab57-586d-4e72-bc26-1a85b2eff2b4,824fc3ba-f6dc-430b-82d2-c92eef22bccb,Nutrition,Meal Prep
gen_18df4aa2-0a72-45de-8120-eca95074ea37,824fc3ba-f6dc-430b-82d2-c92eef22bccb,Community,Volunteering
gen_d1ea7d31-b7a7-405a-82a6-a3f79f6565e8,826b176c-4bff-4cea-a78a-eeceb8347257,Wellness,Yoga
gen_64774986-3022-437f-b01d-e66b6722e567,826b176c-4bff-4cea-a78a-eeceb8347257,Fitness,Cycling
gen_24ca4150-015d-4bb6-8eae-ec04d1ded10a,82b83843-625d-4c91-878e-3f3ea584339a,Community,Volunteering
gen_05f86ff7-a6b1-49ef-8c05-736eabfd2702,82b83843-625d-4c91-878e-3f3ea584339a,Wellness,Yoga
gen_c8aede2b-562f-4b78-8fc5-b46b4f76eb6a,82b83843-625d-4c91-878e-3f3ea584339a,Leisure,Reading
gen_10d4280a-fb62-4852-a02a-9d2aa4626660,82ba8901-eed5-4abd-93da-aafc04d4c93f,Lifestyle,Minimalism
gen_099774d9-13c3-4908-af0e-c5fc5358b721,82ba8901-eed5-4abd-93da-aafc04d4c93f,Fitness,Cycling
gen_4fbd2b12-653c-440a-8ee3-dee4f1cc58ab,82ba8901-eed5-4abd-93da-aafc04d4c93f,Fitness,Strength Training
gen_be77c556-e61e-40bb-8133-fa182b412fa6,82c0f34c-6750-4512-9b29-377cd817a500,Hobbies,Gardening
gen_af6b7e86-9e8d-40f2-ad9f-ad0bb01855a1,82c0f34c-6750-4512-9b29-377cd817a500,Nutrition,Vegan Diet
gen_1d264de1-52c3-45d2-9b3c-9ecb105fa617,82c0f34c-6750-4512-9b29-377cd817a500,Community,Volunteering
gen_0f03b660-6afa-4784-941a-ef4eaeed4c4a,82c32a70-0be2-4d07-93a8-c61199a8d0c8,Fitness,Running
gen_0233aca3-aa83-46ec-967e-5a7794602e42,82c32a70-0be2-4d07-93a8-c61199a8d0c8,Hobbies,Gardening
gen_ee646764-552e-4a9b-b763-82613342db93,82c32a70-0be2-4d07-93a8-c61199a8d0c8,Leisure,Reading
gen_bee48261-eeb2-49a4-9eb3-f1047bf9ea2c,82da3585-1817-4a13-a54d-fe4f471f2a49,Nutrition,Vegan Diet
gen_af32b75c-daab-4c9b-893c-6914e64d48ec,82da3585-1817-4a13-a54d-fe4f471f2a49,Lifestyle,Digital Detox
gen_905b4d5a-fd95-4025-9da9-61f0121699d9,82fac26d-2be3-4624-842f-73b74c7f6d98,Nutrition,Meal Prep
gen_fa6a52ad-258c-4156-aef4-77c74ba1e160,82fac26d-2be3-4624-842f-73b74c7f6d98,Nutrition,Keto Diet
gen_8acbd157-b4df-410e-9922-3e4733aa2d59,82fac26d-2be3-4624-842f-73b74c7f6d98,Lifestyle,Minimalism
gen_5e238df5-90de-4f09-9769-639c05fc313e,83001ffc-8384-426a-bbd0-0a70d63e2bba,Nutrition,Keto Diet
gen_f074cdd5-a010-46b5-b41f-2e6f8694662b,83001ffc-8384-426a-bbd0-0a70d63e2bba,Fitness,Strength Training
gen_340fa2e4-942c-48cb-a16e-a80637571463,83001ffc-8384-426a-bbd0-0a70d63e2bba,Lifestyle,Music
gen_b7ddd7ba-0c05-419a-ada9-9f20fc5f606a,8314ba31-8490-4871-89d9-c19273850f2d,Nutrition,Meal Prep
gen_a6dfed3a-d97d-4b4e-a0a9-ef5e558ed49c,8314ba31-8490-4871-89d9-c19273850f2d,Lifestyle,Minimalism
gen_59fde5ac-73a2-48de-948a-1dbce51580c3,8343fb23-b137-4f10-8431-f112916914b2,Community,Volunteering
gen_44993e8c-d059-4e03-b0ef-19d8363aed55,8343fb23-b137-4f10-8431-f112916914b2,Fitness,Running
gen_b4fb2967-977a-4949-95e4-8e83fe4dc4b0,8343fb23-b137-4f10-8431-f112916914b2,Leisure,Reading
gen_d8eeb496-09c7-425e-a3e1-efe931214e93,836e51e5-2668-4cda-974f-1d89d2dc782b,Wellness,Yoga
gen_1ad57afb-4f69-4d38-877c-2b02f5f82c53,836e51e5-2668-4cda-974f-1d89d2dc782b,Nutrition,Vegan Diet
gen_b8fa7f7c-e9cd-41ba-8c68-3464ee2eb829,836e51e5-2668-4cda-974f-1d89d2dc782b,Leisure,Cooking
gen_57546df1-41f5-4c66-97a2-968f65f8888f,83c1369f-4cc0-4d6b-9ec5-85520c4b2229,Wellness,Meditation
gen_b558f1c2-7f64-4914-911c-e94ca3aa2907,83c1369f-4cc0-4d6b-9ec5-85520c4b2229,Nutrition,Keto Diet
gen_484c5168-08b7-4686-b9e1-d09577385c4f,83c1369f-4cc0-4d6b-9ec5-85520c4b2229,Leisure,Cooking
gen_a26e6ed7-c435-4866-bd76-468c0f6355fd,83d64120-d5e7-4b26-b83d-b2219024beac,Lifestyle,Digital Detox
gen_9f98e60e-a425-4dc2-93d3-94281018e27e,83d64120-d5e7-4b26-b83d-b2219024beac,Fitness,Strength Training
gen_667b6c57-d72b-4125-bc7b-6355aeec3876,83d64120-d5e7-4b26-b83d-b2219024beac,Fitness,Cycling
gen_7c56ba21-90ac-4b74-8f05-60ae68aea520,841aa32c-db5b-46ee-af0e-be32f31dbf66,Leisure,Reading
gen_761d4ad7-e364-4418-a102-001d1cbe53e9,841aa32c-db5b-46ee-af0e-be32f31dbf66,Nutrition,Keto Diet
gen_01c8b199-5631-4856-bdf7-fd7426b61a70,841aa32c-db5b-46ee-af0e-be32f31dbf66,Hobbies,Gardening
gen_fe854d19-c41f-459f-b597-bf9513684063,8444675b-b852-4a2a-b0a0-97a4b7af9991,Lifestyle,Music
gen_60470a63-a78f-423d-bca3-240c902b70b9,8444675b-b852-4a2a-b0a0-97a4b7af9991,Fitness,Running
gen_1e1df87d-88ee-4b98-b6f7-3f7ec4185bed,848232f1-1cd2-4111-878a-45f7de8c8d5e,Lifestyle,Music
gen_62f68f70-f311-4441-b2de-a48caa4c56c3,848232f1-1cd2-4111-878a-45f7de8c8d5e,Fitness,Running
gen_a297e93c-19f5-4eef-a964-0869cd392f2f,848232f1-1cd2-4111-878a-45f7de8c8d5e,Fitness,Cycling
gen_00246b35-eb3b-4e65-a5ce-876326a522d0,84b17d6e-3bea-4497-9dda-7c3215689184,Lifestyle,Minimalism
gen_fc3dfc44-7d9c-4706-8954-1d0223e6f47d,84b17d6e-3bea-4497-9dda-7c3215689184,Lifestyle,Music
gen_12f5cb75-dd5f-4325-8efc-7c8de89cd78c,84b17d6e-3bea-4497-9dda-7c3215689184,Nutrition,Vegan Diet
gen_4d4e63ed-3e3c-42d4-b685-ff08f955e8f0,84d8063b-ebde-43ad-a92e-9d1bde15ab93,Nutrition,Meal Prep
gen_9fac7131-5d09-4fee-b30f-9f5bc3cf48fb,84d8063b-ebde-43ad-a92e-9d1bde15ab93,Fitness,Cycling
gen_68be95e0-3752-482d-a014-505b8da65bfb,84d92b1c-752c-4656-aff1-72bb2f683c01,Fitness,Cycling
gen_75551790-0528-4966-b20c-ba0ed8831f21,84d92b1c-752c-4656-aff1-72bb2f683c01,Community,Volunteering
gen_76a0508c-dcc0-4fb7-ad1f-02f42d88a117,84d92b1c-752c-4656-aff1-72bb2f683c01,Wellness,Meditation
gen_5f1cad56-2b77-4b7d-b645-a4b2ef77905e,85296b27-7956-4dec-84d7-b2674913a3e6,Hobbies,Gardening
gen_c9aca105-7cc5-4db0-b612-3b56d95a51d1,85296b27-7956-4dec-84d7-b2674913a3e6,Nutrition,Keto Diet
gen_d107384c-0bb3-43e9-b421-cddd90cc5063,85b7760a-80b1-413d-a55b-54425c9a47e1,Fitness,Running
gen_6fc13f58-cb5d-41e0-8420-4b890225c68a,85b7760a-80b1-413d-a55b-54425c9a47e1,Nutrition,Keto Diet
gen_3c0c3b09-77e7-4604-8e07-064db4bf9382,85b7760a-80b1-413d-a55b-54425c9a47e1,Hobbies,Gardening
gen_2f6a76ce-c51c-4674-a014-358c16389d9b,85cec75e-6d78-41b8-9ffd-de0be4afd8fa,Lifestyle,Music
gen_4510f1c5-5cf4-410c-b883-ca2f4943535a,85cec75e-6d78-41b8-9ffd-de0be4afd8fa,Nutrition,Vegan Diet
gen_ddfb6254-710e-42c1-877b-4229f7a5ac95,864df466-8d4a-47ff-a494-328e4138f200,Nutrition,Meal Prep
gen_78120508-ab64-4bc5-810f-6ca19ddc621f,864df466-8d4a-47ff-a494-328e4138f200,Leisure,Cooking
gen_a8ff98b7-5f5a-4bab-97fa-ac23585f7deb,864df466-8d4a-47ff-a494-328e4138f200,Leisure,Reading
gen_d86d4ecc-a369-497b-8d16-4c416ff8a736,865ca8bb-c29c-40ad-893d-3949ca517306,Nutrition,Vegan Diet
gen_847897d3-ea9a-4595-a1a2-6a045b3b88a7,865ca8bb-c29c-40ad-893d-3949ca517306,Hobbies,Gardening
gen_29bf1130-68a4-48bd-8503-db97f52fb794,865f3f40-e7ed-4ba6-8bb2-bb69377f58db,Nutrition,Meal Prep
gen_efe7e510-4b36-4148-9d13-aa1e966da403,865f3f40-e7ed-4ba6-8bb2-bb69377f58db,Fitness,Running
gen_ac0d425c-8d23-4e98-b3ce-b16a338ec7bc,869feaf2-f368-4a0d-9edd-d63114aa8f97,Wellness,Yoga
gen_3dbb3d75-b0b0-4b1e-a881-9be89e4d5fb7,869feaf2-f368-4a0d-9edd-d63114aa8f97,Lifestyle,Minimalism
gen_8fdb5ea5-9efb-42ba-931f-869f5aa8121c,86bf0181-b1de-457b-b993-4f9060017735,Fitness,Cycling
gen_a4f2d5b7-1bc4-4ba6-baed-525aa83a7bf7,86bf0181-b1de-457b-b993-4f9060017735,Fitness,Strength Training
gen_925c83a0-b608-40f9-ab45-5feb8a4e41bc,86d8d992-3849-46c2-86be-e7ad3bc5d228,Lifestyle,Digital Detox
gen_5fa02ab7-d280-4c77-adb7-28ffabf6f029,86d8d992-3849-46c2-86be-e7ad3bc5d228,Hobbies,Gardening
gen_dc819300-0f9d-48fa-9839-c67ebe904281,86ecc685-b5e5-4708-8b41-717a89ee32f7,Lifestyle,Music
gen_4acdbf3c-58b8-4de7-a4dd-5c77bde05720,86ecc685-b5e5-4708-8b41-717a89ee32f7,Leisure,Cooking
gen_2855197c-8f18-4892-a0a3-fa76f815acf9,86ecc685-b5e5-4708-8b41-717a89ee32f7,Nutrition,Meal Prep
gen_3314b51c-7a2c-4aef-aa46-4b77a34e5c9b,87007af7-2a80-4969-9104-451cd543e2b1,Community,Volunteering
gen_c3a99ab5-50f9-4872-ae09-dec56a2b4d65,87007af7-2a80-4969-9104-451cd543e2b1,Fitness,Running
gen_0272edc4-11a3-4a9b-b055-9421f45ac2f0,87007af7-2a80-4969-9104-451cd543e2b1,Nutrition,Vegan Diet
gen_3df8764f-2f23-46dd-b517-cf33305d4971,8704d5c9-45c8-4c26-bb80-d27b816690de,Lifestyle,Minimalism
gen_36e58fb9-2a58-4528-bdb3-3a53dd3e807c,8704d5c9-45c8-4c26-bb80-d27b816690de,Fitness,Running
gen_4294acda-0c40-4b35-b759-13d3e39c3eaa,871dba56-c9f0-49e0-a996-e23908c168ce,Nutrition,Vegan Diet
gen_b3dc519f-5175-4b7e-9545-aa5ed71e66e2,871dba56-c9f0-49e0-a996-e23908c168ce,Fitness,Running
gen_a55217e3-6a15-4ec8-8dc0-792e60d3cc3a,8750c819-345b-48a2-a2c3-93afd17269eb,Fitness,Running
gen_1decedb1-08ed-4134-8057-cffd510a0293,8750c819-345b-48a2-a2c3-93afd17269eb,Nutrition,Keto Diet
gen_49ad4b1a-59c9-4cda-918e-583a7fc086af,8829f885-6129-4c0f-8526-9cb4652de097,Leisure,Cooking
gen_c0c25407-08de-454c-bf50-6e0fa1ad70d6,8829f885-6129-4c0f-8526-9cb4652de097,Wellness,Meditation
gen_56956f54-2768-4cf8-8c02-12bb1ca73a03,8829f885-6129-4c0f-8526-9cb4652de097,Fitness,Cycling
gen_c1fc0ae7-0d2b-41d8-a7ab-d31325cde997,8858b229-f760-4d8a-9eb4-7ebe943d5a48,Leisure,Reading
gen_f30eadc6-1600-48bd-89ae-96a489621acc,8858b229-f760-4d8a-9eb4-7ebe943d5a48,Community,Volunteering
gen_1afa9230-7f08-452d-a62e-f5edaaa7de60,8858b229-f760-4d8a-9eb4-7ebe943d5a48,Leisure,Cooking
gen_b2159aae-f3a4-4aff-bcac-9b44b0f50c74,887d628b-af3a-4f0b-9509-ea82444bcab8,Hobbies,Gardening
gen_cfff0986-2f57-45ad-a110-b6cdec55a797,887d628b-af3a-4f0b-9509-ea82444bcab8,Leisure,Cooking
gen_c892bc41-ea28-4424-b400-2ee33415dd30,88bfd87e-b40c-4911-90bb-5848217feaa1,Fitness,Running
gen_b0a13cf2-456d-4a42-be32-061f152cd33c,88bfd87e-b40c-4911-90bb-5848217feaa1,Lifestyle,Digital Detox
gen_39d7cfa0-e446-448e-9aa9-84ef705e198d,88c85b3a-39ff-4cbc-a7bb-457ac7a778a4,Fitness,Strength Training
gen_e3be34bf-721c-4640-9f62-bd976ae52906,88c85b3a-39ff-4cbc-a7bb-457ac7a778a4,Hobbies,Gardening
gen_e73d55b9-ad3d-42aa-9277-3fa4930f6942,88d5c40e-3e96-4e48-a6e0-0de83da1ce75,Lifestyle,Minimalism
gen_19361c47-aeef-48c2-8151-f317b5692200,88d5c40e-3e96-4e48-a6e0-0de83da1ce75,Nutrition,Keto Diet
gen_312a52a2-3faa-457d-ad4f-76e35bf328a2,88fe6610-12d2-48df-9172-0a27972789b0,Hobbies,Gardening
gen_b3a3a106-2568-4c7b-811d-c17ebbfe4366,88fe6610-12d2-48df-9172-0a27972789b0,Nutrition,Meal Prep
gen_f97cb613-784b-44ee-9823-c9c7464fecf2,8918abdb-551c-46a9-a286-6eb0be062f06,Leisure,Cooking
gen_5f686c83-88f3-44bb-82f8-ddb6fed94e56,8918abdb-551c-46a9-a286-6eb0be062f06,Nutrition,Vegan Diet
gen_35e13be4-beee-42e9-9f6c-e0a164f422f0,8951923d-1bb7-4de5-b797-9c2e69934e4d,Community,Volunteering
gen_32cf954b-ec6b-4f3e-9650-82367fa4c9ed,8951923d-1bb7-4de5-b797-9c2e69934e4d,Wellness,Yoga
gen_8a072b06-fc05-4135-8cf1-df146fffd1a6,8951923d-1bb7-4de5-b797-9c2e69934e4d,Fitness,Running
gen_d655ff6d-9357-4c05-987a-7b04ae6df328,89588a8a-0afe-43b2-ae7b-861a7e99fff1,Fitness,Cycling
gen_ffcb4625-2554-4283-a8e6-f794f714f49e,89588a8a-0afe-43b2-ae7b-861a7e99fff1,Leisure,Reading
gen_a5e42e57-ed3d-4b52-ad8a-9e3bcb278c54,8993350b-dd5f-4dbc-bfe3-fc3c8ae1596d,Fitness,Strength Training
gen_faeae6f4-48e5-4623-9d1e-7c91d1cd58a3,8993350b-dd5f-4dbc-bfe3-fc3c8ae1596d,Nutrition,Meal Prep
gen_1013937c-f19f-4c22-8753-0767252e64b3,899e8b18-1f43-4ac1-98c5-93932d92f53f,Nutrition,Keto Diet
gen_42648008-c162-4c26-a4ca-8b75465f94a9,899e8b18-1f43-4ac1-98c5-93932d92f53f,Nutrition,Vegan Diet
gen_4f21a5eb-3cc2-4d4a-9ffc-9746549308d2,899e8b18-1f43-4ac1-98c5-93932d92f53f,Leisure,Cooking
gen_d2939f61-db5f-4535-82b1-436e9ac9166c,89a337cc-0cc7-4e98-86f8-93110c411e9f,Wellness,Yoga
gen_23528769-2cd7-4403-8a99-8269d44968bf,89a337cc-0cc7-4e98-86f8-93110c411e9f,Wellness,Meditation
gen_4b1fca27-6e45-4dbb-9a28-4ca677a74e8c,89ac739c-0249-40ff-a3f8-209f78a681b1,Wellness,Yoga
gen_f95bea78-cafd-49fd-8e87-187bc7ae0103,89ac739c-0249-40ff-a3f8-209f78a681b1,Lifestyle,Digital Detox
gen_7dcd0b31-6c11-4efe-ae67-4cdeb4e6bad4,89f503ec-bec6-4f7e-9653-dfa77098f90c,Leisure,Reading
gen_fe4c1e43-7cde-4523-8a5a-f12192282294,89f503ec-bec6-4f7e-9653-dfa77098f90c,Nutrition,Meal Prep
gen_f12cf9ae-8128-4ccf-860b-24c4fcc5ed3e,89f503ec-bec6-4f7e-9653-dfa77098f90c,Lifestyle,Music
gen_1f3d544a-335d-47e9-9643-83c080143b6b,8a25dcc9-325b-4a95-951a-8ea653808be2,Wellness,Yoga
gen_d6409d99-52c4-4578-9ce6-045bb6cd0f57,8a25dcc9-325b-4a95-951a-8ea653808be2,Lifestyle,Digital Detox
gen_8b2f052c-7f76-4fa4-8207-1209d3194465,8a25dcc9-325b-4a95-951a-8ea653808be2,Fitness,Strength Training
gen_b6479177-8008-4354-95ab-d4a2915064b5,8a26a9e4-7864-4f1a-afed-af0a20b08a19,Nutrition,Meal Prep
gen_bc9209a7-0c4d-47ad-87b2-90f742a1ad43,8a26a9e4-7864-4f1a-afed-af0a20b08a19,Nutrition,Vegan Diet
gen_dce0dccd-3576-4812-8348-15d4fda7d06c,8a2c1ea1-5ed2-4584-8949-409e4f6c61f5,Hobbies,Gardening
gen_1cb27c9f-1785-4a76-bc4d-d8a913a590a5,8a2c1ea1-5ed2-4584-8949-409e4f6c61f5,Lifestyle,Music
gen_1ac104c5-a9b4-4337-ae37-bde78985d11a,8a2c1ea1-5ed2-4584-8949-409e4f6c61f5,Leisure,Reading
gen_38c78472-6128-4180-b03f-23a8f334940a,8a3b698c-2952-4b72-ad0f-49e7b72a3d95,Lifestyle,Minimalism
gen_a67f65de-aa05-4191-86a9-aaaf5ae1d465,8a3b698c-2952-4b72-ad0f-49e7b72a3d95,Nutrition,Vegan Diet
gen_faeffc52-9945-4cd3-9f92-66a845229f00,8a3c4bf8-c292-4711-9331-b35221ad3629,Wellness,Yoga
gen_e3583152-1a35-4b9a-800e-b597f9088a66,8a3c4bf8-c292-4711-9331-b35221ad3629,Lifestyle,Minimalism
gen_3a3497b7-218e-4f56-8222-604951d962c9,8a475abd-cdd3-4c26-861a-3f068314c867,Lifestyle,Digital Detox
gen_1568e3b7-6d19-4f3c-8f4b-55389055b59c,8a475abd-cdd3-4c26-861a-3f068314c867,Lifestyle,Music
gen_e353d867-1f33-43eb-813b-f973075bec39,8a4d83b3-6455-4e5f-90de-f145d81d0378,Leisure,Cooking
gen_3e608979-189c-4986-ab53-a8ea38cc493e,8a4d83b3-6455-4e5f-90de-f145d81d0378,Nutrition,Keto Diet
gen_7f854122-76e4-4f87-a809-8abb68aabbb1,8a4d83b3-6455-4e5f-90de-f145d81d0378,Fitness,Cycling
gen_fe181816-af62-4c2e-b6e8-29e1964a135a,8a54bd0b-54e1-41ff-8e15-d7b7b38b8a97,Community,Volunteering
gen_0318095a-abeb-4b21-afb8-17eb2e3b1d2c,8a54bd0b-54e1-41ff-8e15-d7b7b38b8a97,Leisure,Cooking
gen_21110b57-9e96-474b-9677-5787183b889a,8a54bd0b-54e1-41ff-8e15-d7b7b38b8a97,Fitness,Strength Training
gen_6f372c3e-a3be-4a64-b5ce-dcd3296b3180,8ab67aa1-c341-41eb-9c01-c4dfe300856e,Nutrition,Keto Diet
gen_2e57497e-5efc-4bca-85b9-2538d7ce8eb6,8ab67aa1-c341-41eb-9c01-c4dfe300856e,Lifestyle,Digital Detox
gen_82e43d43-26c9-4185-a157-eb20c2214cf8,8ab67aa1-c341-41eb-9c01-c4dfe300856e,Hobbies,Gardening
gen_36540da7-1cfc-487a-a93a-852e57468aeb,8acb0c3b-3f1d-4cf0-a8c7-317439539b2d,Leisure,Reading
gen_a572de40-c70d-4a0f-bdf0-215209a43de9,8acb0c3b-3f1d-4cf0-a8c7-317439539b2d,Lifestyle,Minimalism
gen_98e3bda1-e9be-42d6-980e-a42ee01564f2,8b261ea0-c361-4193-8541-0b50268d2136,Lifestyle,Music
gen_7e3d2d1f-5b62-4215-9c12-8d5637f4b683,8b261ea0-c361-4193-8541-0b50268d2136,Fitness,Strength Training
gen_03120d21-34d6-4bd4-b5e7-edc0f7708e42,8b301228-bd1f-4ebb-9b47-2e85a7acfb25,Lifestyle,Music
gen_358a75ba-ac22-4aab-9123-c8a050c6810f,8b301228-bd1f-4ebb-9b47-2e85a7acfb25,Wellness,Meditation
gen_ed36ff65-081c-444e-ba54-575600344456,8b46c6f2-19e2-430c-8b16-402437c43d55,Lifestyle,Music
gen_b7663831-ad5b-48c6-98ba-6e5fd2df5453,8b46c6f2-19e2-430c-8b16-402437c43d55,Leisure,Cooking
gen_fb648625-2d96-4644-a017-11739a319d9b,8b82192d-a8ac-47b0-8255-94461330dc44,Lifestyle,Digital Detox
gen_80b7cbf2-3f11-4215-a156-70fba1a062e6,8b82192d-a8ac-47b0-8255-94461330dc44,Wellness,Meditation
gen_35423933-bdf4-47ec-97fe-7bcf8607ba94,8b82192d-a8ac-47b0-8255-94461330dc44,Hobbies,Gardening
gen_9efb139c-2c6e-4323-b667-7558ecf7d1eb,8b8d9716-7635-48b3-ad79-25f8dfee94eb,Nutrition,Vegan Diet
gen_1ea45ee4-dc02-4ff9-af24-aac3c7a04920,8b8d9716-7635-48b3-ad79-25f8dfee94eb,Nutrition,Meal Prep
gen_c8b39c60-af25-4782-bd78-f4f645f76e44,8b8d9716-7635-48b3-ad79-25f8dfee94eb,Leisure,Cooking
gen_fd0b3c0a-c7d5-4e40-86cb-eb0d04dfc97a,8b904a9e-b01c-4d0a-baec-3d6e626c3622,Hobbies,Gardening
gen_b4634067-e0e2-4d0f-8e50-3fbb963d75df,8b904a9e-b01c-4d0a-baec-3d6e626c3622,Lifestyle,Digital Detox
gen_8645ce57-ea88-4980-83ae-275955d5c724,8bb50e64-319d-4ba4-a083-1ab8ab321e1a,Wellness,Meditation
gen_723c077e-856a-4341-bf69-85248f65579b,8bb50e64-319d-4ba4-a083-1ab8ab321e1a,Fitness,Running
gen_3eecdfa0-bad7-4fc2-9910-9a1293203800,8bc4c9ed-e807-41f1-b937-d7f0f8a1d191,Fitness,Running
gen_8ada0918-ef77-4c48-a7dc-e0298f9a3fb6,8bc4c9ed-e807-41f1-b937-d7f0f8a1d191,Lifestyle,Digital Detox
gen_4420fd36-50fe-4339-a43c-7638a02e81cc,8bc4c9ed-e807-41f1-b937-d7f0f8a1d191,Wellness,Yoga
gen_33c668ef-c188-4860-87ee-dcfdf9ff3965,8c21d16f-fbf7-4bee-b350-5cf98e98049e,Lifestyle,Digital Detox
gen_f8409bce-193c-4ffb-835e-5dc5f1b623fc,8c21d16f-fbf7-4bee-b350-5cf98e98049e,Nutrition,Keto Diet
gen_390370c6-482e-421f-b966-81f2f0f9ddf8,8c2a39ba-c546-4520-8415-2d58ced519e5,Fitness,Strength Training
gen_5f2985b8-ef17-4449-bf0e-b48366dbf279,8c2a39ba-c546-4520-8415-2d58ced519e5,Hobbies,Gardening
gen_753b6a82-497f-48c6-ab9b-e8dbf1e468ae,8c2a39ba-c546-4520-8415-2d58ced519e5,Leisure,Reading
gen_ffaa74e6-18a4-4ce9-ae70-6c2af36e4442,8c3de9bf-e3a6-4c18-9cd3-63d8b1b49735,Wellness,Meditation
gen_382b0e9c-d3c8-4db1-b9e4-8d08f50a1f0e,8c3de9bf-e3a6-4c18-9cd3-63d8b1b49735,Nutrition,Meal Prep
gen_6fbda203-98e9-44e7-a2fc-148ac9f7756c,8c3e0e24-4116-4ce4-8ddc-6152baa5db40,Nutrition,Meal Prep
gen_6a346bcc-8b56-47f1-b157-ac0e7e25eb3f,8c3e0e24-4116-4ce4-8ddc-6152baa5db40,Community,Volunteering
gen_1e06baca-c36c-4467-b357-00f28470b484,8c3e0e24-4116-4ce4-8ddc-6152baa5db40,Wellness,Yoga
gen_ebf2cbc5-efe7-41c1-a64c-c5e64a5d76da,8c5bc334-a70f-44c7-81e2-c12e6d9b2ae0,Wellness,Yoga
gen_89c12cbe-0367-4b25-ad98-e4e70b6c7a6a,8c5bc334-a70f-44c7-81e2-c12e6d9b2ae0,Fitness,Running
gen_97c0db5e-c0e0-43be-bbdb-235db472de71,8c5f87d8-6de7-49ba-a93a-ddec2903c65a,Fitness,Running
gen_16b636f3-d77b-4606-8d10-339e52dbb284,8c5f87d8-6de7-49ba-a93a-ddec2903c65a,Lifestyle,Minimalism
gen_93eeb328-5267-45e6-a553-2c34d81c3c08,8c5f87d8-6de7-49ba-a93a-ddec2903c65a,Fitness,Strength Training
gen_ffb354fe-ea2d-4676-994f-f66fccc42ffb,8c652811-fed3-48d6-bd44-c11c55a83ffc,Wellness,Meditation
gen_647ce954-2425-483d-83a0-94216af130c5,8c652811-fed3-48d6-bd44-c11c55a83ffc,Hobbies,Gardening
gen_4b5a8ece-69fe-47cf-9ed9-81d6937118ad,8c82f2ae-adb7-4b27-b903-ea536729f5a0,Fitness,Running
gen_445a62f4-e8dc-4a0e-987f-55a9f50940a0,8c82f2ae-adb7-4b27-b903-ea536729f5a0,Lifestyle,Music
gen_c3b1a9db-f171-4805-b8c5-726ad4ab008a,8d0b1e25-41a2-4cc9-b3f1-1244d8ad409c,Nutrition,Meal Prep
gen_e1979ac0-bbe8-45f7-a4ca-36f48ac228c3,8d0b1e25-41a2-4cc9-b3f1-1244d8ad409c,Lifestyle,Music
gen_be917865-477a-4512-b31f-a45f491d9c24,8d40631b-f87c-43bf-8d31-514d708c7bcd,Lifestyle,Minimalism
gen_64f33356-6207-4712-b334-aba06c15c67b,8d40631b-f87c-43bf-8d31-514d708c7bcd,Nutrition,Keto Diet
gen_8fed26d3-7bd6-4ffe-bb3e-3445c51d9482,8d4f646c-da4e-4efa-9f89-7260168d77d7,Fitness,Cycling
gen_39d17581-083d-4b42-b7ad-d773228b5659,8d4f646c-da4e-4efa-9f89-7260168d77d7,Nutrition,Keto Diet
gen_08821812-e4bc-459b-8e63-a2ac1fa0feb1,8d4f646c-da4e-4efa-9f89-7260168d77d7,Leisure,Cooking
gen_122953f2-501f-4e7f-bc88-f9a9e28b86ef,8d65c830-d49b-4775-9e0c-8d5a147d319d,Nutrition,Meal Prep
gen_8450295d-d07f-4c8d-8a80-434ee143edb6,8d65c830-d49b-4775-9e0c-8d5a147d319d,Fitness,Running
gen_bf00917e-37ef-4e97-bb12-c1b8943226f8,8d65c830-d49b-4775-9e0c-8d5a147d319d,Leisure,Reading
gen_ad73f999-35b9-4b89-90d3-e897aeb2464f,8dc57871-d89e-405e-8ca3-5219b8ebe60a,Nutrition,Keto Diet
gen_ebd7eb56-2f28-4c31-8542-a52bbf5a3a25,8dc57871-d89e-405e-8ca3-5219b8ebe60a,Leisure,Reading
gen_5fd023a5-a347-4710-9745-e32dabda9167,8de4d78c-0be0-4f3d-992b-cb843c0791a3,Wellness,Meditation
gen_e2ccf276-114e-4927-b0d3-5aa2a41dbd97,8de4d78c-0be0-4f3d-992b-cb843c0791a3,Lifestyle,Digital Detox
gen_04522839-0ae0-4561-ad8d-9f1badab680f,8de4d78c-0be0-4f3d-992b-cb843c0791a3,Fitness,Running
gen_c2451a99-773a-463a-b01a-96a39a697940,8df637b6-4373-4373-b284-9610cbd59550,Nutrition,Meal Prep
gen_efc0ef60-0c5a-460c-8089-b82bedb914c8,8df637b6-4373-4373-b284-9610cbd59550,Fitness,Strength Training
gen_b89e5788-78a1-4870-9278-e99e6065ffcd,8df637b6-4373-4373-b284-9610cbd59550,Hobbies,Gardening
gen_1e1be7b0-b4c3-478e-9b29-609d60a2cd86,8e1211cf-8afb-4f56-9748-66d9b1d343ce,Lifestyle,Minimalism
gen_56a93be9-835e-42b7-b9da-85cfab97c67a,8e1211cf-8afb-4f56-9748-66d9b1d343ce,Leisure,Cooking
gen_2ed809c2-75c0-4ac2-a47b-d04ba42c1a58,8e477cf9-508b-4b37-ad9f-dbd5a590edb8,Lifestyle,Music
gen_fb3aa903-5402-4cd4-840f-0beb8f10edd6,8e477cf9-508b-4b37-ad9f-dbd5a590edb8,Lifestyle,Minimalism
gen_16091289-791f-47b4-8ad4-b26479a97c9f,8e477cf9-508b-4b37-ad9f-dbd5a590edb8,Fitness,Strength Training
gen_66e7f4da-837c-4988-ba3f-985b9096e7fe,8e4da1bc-5b6d-4e27-b867-6405bafa1a6a,Nutrition,Keto Diet
gen_7fed94d3-0765-4d9b-a66c-cda28e1458d7,8e4da1bc-5b6d-4e27-b867-6405bafa1a6a,Fitness,Cycling
gen_441fe3b8-1962-4cb9-afe8-dba3061bb583,8e5db93d-c20d-4a44-b7fb-f88f99349202,Leisure,Reading
gen_d95f09d8-6ec7-46c8-bcdd-65fb0fff4a62,8e5db93d-c20d-4a44-b7fb-f88f99349202,Fitness,Running
gen_3067fc19-1c78-48c8-a6f3-0f5d0f333a4f,8e5db93d-c20d-4a44-b7fb-f88f99349202,Fitness,Strength Training
gen_66cbe120-1070-4505-9ac4-61864cd7931b,8e64804f-0676-4f63-8f4f-a7345c585314,Wellness,Yoga
gen_c845c67f-1b35-4ccc-91bc-61df5a052b09,8e64804f-0676-4f63-8f4f-a7345c585314,Nutrition,Meal Prep
gen_bb8635e9-0f2f-4a94-99e2-b76414acec6c,8e8a87d1-c3b8-44e7-8867-e2692e02f190,Lifestyle,Music
gen_d9ffac20-d7cf-44b5-a973-f688d56e05e7,8e8a87d1-c3b8-44e7-8867-e2692e02f190,Community,Volunteering
gen_decbb100-5f19-431a-9042-b4d5f5f2adb4,8ef9e2f1-7683-4600-9479-5631b5df573d,Wellness,Yoga
gen_76015dc5-d16b-466f-be94-2c2195bc2578,8ef9e2f1-7683-4600-9479-5631b5df573d,Lifestyle,Music
gen_a424a647-d282-4761-ba43-5f71e05a22ef,8f04dc00-46df-4c2a-a801-d3060f7a275b,Nutrition,Keto Diet
gen_7040f919-ec6b-4190-bb17-44ecacef6028,8f04dc00-46df-4c2a-a801-d3060f7a275b,Nutrition,Vegan Diet
gen_eeea206e-ce96-4476-a514-aafc70f1ee84,8f04dc00-46df-4c2a-a801-d3060f7a275b,Fitness,Cycling
gen_bdeffd25-e750-4e9a-bf17-d778546db9ab,8f2df7e0-0708-4073-ae61-327d5c4e951a,Leisure,Cooking
gen_88bc4c44-a328-4692-97f7-514d51d08d42,8f2df7e0-0708-4073-ae61-327d5c4e951a,Community,Volunteering
gen_8c8a5cf0-aadf-499b-86c6-60dcb2bc6b5e,8f4012e0-5a0f-4ef6-887f-c348acf10f1c,Lifestyle,Digital Detox
gen_5052c133-2381-42b8-bd80-3720083c3f56,8f4012e0-5a0f-4ef6-887f-c348acf10f1c,Leisure,Reading
gen_dd8550a9-f240-461d-8708-dfcdefea2426,8f5ec432-5429-4c19-94de-b2319982c7d4,Wellness,Yoga
gen_7a029c6e-edf6-4d7e-bd2a-efbd7517f082,8f5ec432-5429-4c19-94de-b2319982c7d4,Nutrition,Keto Diet
gen_0792ec1e-5b76-4fb9-a3ca-812cc03d9819,8f5ec432-5429-4c19-94de-b2319982c7d4,Leisure,Cooking
gen_045b1823-3da3-4497-89c7-e7b98d144c0e,8fa7df59-5f98-4cb4-8552-5f7ec3c70f13,Leisure,Cooking
gen_23a70968-7e1b-46c0-9de5-db6e876fbc35,8fa7df59-5f98-4cb4-8552-5f7ec3c70f13,Nutrition,Meal Prep
gen_49f8a3d1-33f1-437e-ab2c-353edf8c6e10,8fa7df59-5f98-4cb4-8552-5f7ec3c70f13,Nutrition,Keto Diet
gen_2b1eb16a-081f-43c5-8193-a2df50467d0a,8fdb7f6d-4d49-43a7-86b3-8b417d9c0cbc,Community,Volunteering
gen_1eebffdf-68d2-44b1-a449-0145c3a7db61,8fdb7f6d-4d49-43a7-86b3-8b417d9c0cbc,Fitness,Running
gen_39a49453-3a10-4638-86d8-eabfc9efcd84,8fdb7f6d-4d49-43a7-86b3-8b417d9c0cbc,Fitness,Strength Training
gen_da2c42d8-89eb-4106-9d55-661c74cd46dd,9065c54b-e305-413b-add6-31a4e78292e4,Fitness,Running
gen_e929de44-9314-4a62-bae3-a114e7cc96f5,9065c54b-e305-413b-add6-31a4e78292e4,Lifestyle,Digital Detox
gen_ed8b22bd-1192-4c09-b12d-24369848cb73,9065c54b-e305-413b-add6-31a4e78292e4,Hobbies,Gardening
gen_4ecbae22-f39c-4575-9485-d351473c6ef5,907689da-f0c0-4781-bb20-f958f730d4fe,Fitness,Cycling
gen_c6ac147a-dd1c-4b69-aa81-140466bab459,907689da-f0c0-4781-bb20-f958f730d4fe,Wellness,Yoga
gen_d7fd0139-c667-4adb-ba59-6062eed2ccbb,90a64857-98bb-41df-afd5-e01a2b0501d2,Nutrition,Vegan Diet
gen_df2d961d-21c0-49b4-9ac4-e3921eb19b4a,90a64857-98bb-41df-afd5-e01a2b0501d2,Fitness,Running
gen_8209f3d1-324d-4b2c-9040-5420d3266cb2,90bf88f2-60fe-4741-96f2-8cd728291276,Community,Volunteering
gen_3e24d2f8-8b9b-49d8-a7a6-ee4743d91aa4,90bf88f2-60fe-4741-96f2-8cd728291276,Wellness,Meditation
gen_ac508e50-7d0e-455b-b265-a9ec4463f3a1,90bf88f2-60fe-4741-96f2-8cd728291276,Leisure,Reading
gen_63d0637f-6f97-418d-ab9b-f611d1272873,90c9c816-8ab2-4dce-82bd-ba5f6f06bede,Nutrition,Keto Diet
gen_aa5e277b-0c8a-416a-81bd-ff32669f9122,90c9c816-8ab2-4dce-82bd-ba5f6f06bede,Fitness,Running
gen_ca21806c-265f-415e-9f04-55f14a098049,90c9c816-8ab2-4dce-82bd-ba5f6f06bede,Lifestyle,Digital Detox
gen_c7b9dc27-e54d-44c6-9ca8-6312bfb0b073,90dd0881-b6eb-4a8c-84ca-c0205b14f30e,Lifestyle,Music
gen_045f4504-04a3-48ab-b43f-1ed8769d56d7,90dd0881-b6eb-4a8c-84ca-c0205b14f30e,Nutrition,Keto Diet
gen_9f919ff8-6ca0-4c60-8e4f-185035a29e9d,90dd0881-b6eb-4a8c-84ca-c0205b14f30e,Wellness,Yoga
gen_c4c5ac74-200c-48e6-866c-6a1557ef8f6e,9121bd2b-1d91-47df-9e61-d42d3589f7e3,Fitness,Strength Training
gen_ed838308-7745-4f6e-aba0-814bd3a3e696,9121bd2b-1d91-47df-9e61-d42d3589f7e3,Leisure,Reading
gen_fe45d1f8-2e40-4111-aa9d-872f838d590e,9121bd2b-1d91-47df-9e61-d42d3589f7e3,Wellness,Meditation
gen_6e0117b6-6b47-4847-93b0-7aed976a93bf,919194b4-960f-49e0-8e93-95b5683d9c0b,Lifestyle,Minimalism
gen_66b6250c-26db-41e3-a491-ed6c22427615,919194b4-960f-49e0-8e93-95b5683d9c0b,Nutrition,Keto Diet
gen_a8ce60ec-8c00-4195-92ef-1d6a19d4739d,91ea5d72-1d40-45c6-a4cb-892ed1484ebe,Leisure,Reading
gen_3e8acbe4-7f22-42ff-bcd7-2b71e3cdcc18,91ea5d72-1d40-45c6-a4cb-892ed1484ebe,Leisure,Cooking
gen_3f15a545-562a-41d6-9e0f-2d5a894a201c,91ea5d72-1d40-45c6-a4cb-892ed1484ebe,Wellness,Yoga
gen_d0f30156-f6ab-45f5-bcfd-154897cfc047,923bd22b-12f5-4630-ab02-29c386695647,Fitness,Cycling
gen_9e0ac62a-9b3d-4f3e-a078-a9d1f0915f94,923bd22b-12f5-4630-ab02-29c386695647,Lifestyle,Music
gen_16bb21e9-ea83-4127-a777-9706b059c5f0,927a2ea3-ad46-4c7e-bc05-5e13c9c6d353,Lifestyle,Music
gen_78027597-2af2-4309-90fe-23dd9b3745d6,927a2ea3-ad46-4c7e-bc05-5e13c9c6d353,Wellness,Yoga
gen_e2355eef-c599-42da-a95d-819fc043e874,927a2ea3-ad46-4c7e-bc05-5e13c9c6d353,Lifestyle,Digital Detox
gen_054fa506-bd60-4173-9f26-94ff62202d08,92a42e42-8ed9-4e46-9ef4-09f9d7059faa,Hobbies,Gardening
gen_723c086a-f4c1-4d33-a05e-8bb5da611d4e,92a42e42-8ed9-4e46-9ef4-09f9d7059faa,Community,Volunteering
gen_f6f39135-9604-431d-9d41-d66933d4c24b,92a42e42-8ed9-4e46-9ef4-09f9d7059faa,Nutrition,Meal Prep
gen_20f8f1a2-322f-4396-b5e7-908ded86c87c,92cf1336-cd2e-4592-8c03-7c820cc41148,Nutrition,Keto Diet
gen_23c3c3cd-f333-44ea-87f0-397f1551da3c,92cf1336-cd2e-4592-8c03-7c820cc41148,Lifestyle,Music
gen_a1e82ca7-7a17-4340-8d54-8fef13fa6dc4,92d5f1c9-9210-4769-ad2d-f83da37e378c,Community,Volunteering
gen_33d36655-5cef-4d08-9a71-8ef6603c692c,92d5f1c9-9210-4769-ad2d-f83da37e378c,Nutrition,Meal Prep
gen_aa7e8610-dae2-424e-9b78-cdaf03702fce,92d5f1c9-9210-4769-ad2d-f83da37e378c,Leisure,Cooking
gen_471f281c-0796-49ea-8f24-55c8a961389a,931e3614-5fb3-42a9-a893-79900f5a6828,Fitness,Running
gen_67b30fa8-dde5-4923-9e3d-1c97ff3c4741,931e3614-5fb3-42a9-a893-79900f5a6828,Wellness,Yoga
gen_b06e7e80-870e-4e2b-a6b0-840ec768410b,931e3614-5fb3-42a9-a893-79900f5a6828,Lifestyle,Digital Detox
gen_3e934220-5330-48bf-8066-13dba5f1e7c4,932be56f-c6d8-4d25-ab52-cb1b1900fc55,Nutrition,Vegan Diet
gen_58b16316-fa58-4a4a-be9b-eee09125439b,932be56f-c6d8-4d25-ab52-cb1b1900fc55,Lifestyle,Minimalism
gen_6874d1ab-e11f-4f0f-9c8d-32afd524cc5a,934aa4c3-dcb3-4fae-a0a2-9e0546f840ee,Fitness,Cycling
gen_1d5dd554-3120-47e7-a9fa-d5c90fdae9f1,934aa4c3-dcb3-4fae-a0a2-9e0546f840ee,Nutrition,Meal Prep
gen_64e6ce72-ad0a-489d-a2f1-f5fc08d825e3,9369b71e-36ec-493a-a42e-41534de83cbf,Fitness,Running
gen_0343a6fb-f0dc-4b15-b60a-fae2a41221cb,9369b71e-36ec-493a-a42e-41534de83cbf,Lifestyle,Music
gen_507f9171-ca27-4d8d-b226-f420ceec4d9a,9369b71e-36ec-493a-a42e-41534de83cbf,Wellness,Yoga
gen_99167823-98ae-4563-af7e-84a921482184,93792167-a15f-4674-ad0d-383ec3e2e196,Nutrition,Meal Prep
gen_35ff9951-34f8-4fea-a022-6f1e2b4cbb82,93792167-a15f-4674-ad0d-383ec3e2e196,Nutrition,Keto Diet
gen_4fb4a54c-4abd-4d53-a887-5725a773f3c7,93792167-a15f-4674-ad0d-383ec3e2e196,Lifestyle,Minimalism
gen_e191e543-d21a-4a9c-a1a1-453a4b6d4746,93a0a9ef-70d6-43b8-bd43-15d1e06ab8ae,Fitness,Strength Training
gen_5a62bf91-e1b4-4f74-932b-66535e152e2b,93a0a9ef-70d6-43b8-bd43-15d1e06ab8ae,Fitness,Running
gen_73533cb5-ddb8-4095-8f2a-943a1c369199,93ace85f-3e3a-4534-a611-970a3f707ced,Hobbies,Gardening
gen_d4b23c4a-3806-4cb1-a31f-d2a8acc167f7,93ace85f-3e3a-4534-a611-970a3f707ced,Community,Volunteering
gen_1025a07e-25e2-4075-b03d-f7b600650a3a,93d40395-9017-4711-8566-793a92496b83,Fitness,Running
gen_bf339681-6676-4494-9f73-ad1ac1cbac6a,93d40395-9017-4711-8566-793a92496b83,Fitness,Strength Training
gen_73d61ef2-6363-48bc-bdff-cca234c74e18,93d40395-9017-4711-8566-793a92496b83,Community,Volunteering
gen_63f25b76-648b-4f11-9ac9-7bcd83e31f40,93e87cef-4d3e-4901-b6a8-4c29842becd1,Nutrition,Vegan Diet
gen_9f756f35-8c4d-44a9-b42f-5036bc2c46e9,93e87cef-4d3e-4901-b6a8-4c29842becd1,Hobbies,Gardening
gen_854cc838-58dc-4cfa-858a-fd3d50b743b8,93f1f1e0-f9a9-4155-9d64-282dbc9fef15,Wellness,Yoga
gen_629ccc12-f3db-474c-8812-982f8d7d5316,93f1f1e0-f9a9-4155-9d64-282dbc9fef15,Wellness,Meditation
gen_a618c093-b98b-46d7-a5c7-2ee8b97d699e,942aa537-2320-4860-973d-5173d79278dd,Community,Volunteering
gen_e5a0d2f8-ee56-415d-bbe5-e93f90d9ed0e,942aa537-2320-4860-973d-5173d79278dd,Nutrition,Keto Diet
gen_cd29849e-7363-4203-8e70-f3184d613b85,942aa537-2320-4860-973d-5173d79278dd,Leisure,Reading
gen_115e2cb5-1297-473b-8aa1-2f82df3bac47,943c953a-9774-4e9d-9f1f-2a4ad560c7ab,Nutrition,Meal Prep
gen_4de7a439-96f7-4dcb-bf82-03a573d159a0,943c953a-9774-4e9d-9f1f-2a4ad560c7ab,Community,Volunteering
gen_126f95e9-0e69-45d6-a95e-d88594a39c08,943c953a-9774-4e9d-9f1f-2a4ad560c7ab,Leisure,Cooking
gen_9398ddeb-21d5-4a17-b848-d152f45d7390,94b4db52-82f3-4638-86f4-19b28cee8315,Nutrition,Keto Diet
gen_c4658d40-7dac-4d45-9bfd-286f7e8e1e05,94b4db52-82f3-4638-86f4-19b28cee8315,Lifestyle,Minimalism
gen_932782db-5ef8-4438-a43f-80b1775cd808,94b4db52-82f3-4638-86f4-19b28cee8315,Wellness,Meditation
gen_4fcaa1ff-5263-46e9-badf-7202c9570bf6,94c97915-363d-4db2-8cf9-f7ed59047192,Fitness,Running
gen_4c3f47f9-332b-4a8e-bbf3-917fe5ec3dcb,94c97915-363d-4db2-8cf9-f7ed59047192,Wellness,Yoga
gen_fe8d12fa-3633-4e53-a47d-3b5567a78f00,94d05938-44cd-4d19-8e5f-a913422e3cca,Leisure,Reading
gen_2d467c11-8661-4225-9dee-b5eba9b66499,94d05938-44cd-4d19-8e5f-a913422e3cca,Leisure,Cooking
gen_244644ec-20f4-44d0-b14d-906deeab0788,9521d878-2d9f-48c7-ab65-6884567b59c5,Fitness,Cycling
gen_1ae5c692-7d32-4f5e-a194-556247bc25e4,9521d878-2d9f-48c7-ab65-6884567b59c5,Fitness,Running
gen_9a7b3562-efc8-4af3-b5cb-ad6717bd147b,95224d92-d76d-4031-a2dd-e931114cec2e,Lifestyle,Minimalism
gen_bf346320-adb0-4eb3-8abf-3e6d876dd8a8,95224d92-d76d-4031-a2dd-e931114cec2e,Leisure,Cooking
gen_4d26dc7c-09be-495d-961a-cb99906a03f0,95539da5-1742-49fd-add5-09072ff90dfc,Nutrition,Vegan Diet
gen_baac4413-0cc5-4055-875a-214e00daa8f5,95539da5-1742-49fd-add5-09072ff90dfc,Fitness,Running
gen_5c66312d-c310-407c-8998-11b652a97f8a,95539da5-1742-49fd-add5-09072ff90dfc,Lifestyle,Digital Detox
gen_5672510e-2e15-4dee-8fc4-e5d6c6c4f2dc,955f0ade-074f-4393-b25a-b570d0313e9f,Leisure,Reading
gen_24732662-8d11-4816-86cc-6e861942c2ea,955f0ade-074f-4393-b25a-b570d0313e9f,Wellness,Yoga
gen_b9556520-439a-4aee-960a-00a7305107ca,955f0ade-074f-4393-b25a-b570d0313e9f,Lifestyle,Minimalism
gen_0de7a4b8-af1d-4286-bf30-f939ec9fc45b,95688b04-5fd5-4d61-a2bd-01918914565d,Lifestyle,Minimalism
gen_64d20955-637b-4135-bdb1-d0c960ba9b46,95688b04-5fd5-4d61-a2bd-01918914565d,Wellness,Meditation
gen_d9bf2b9f-9e0a-4dd3-ae7c-db776caf5aec,95688b04-5fd5-4d61-a2bd-01918914565d,Fitness,Running
gen_00dfe325-c93a-4fdd-b74e-290d60e09e43,959b918c-2a29-42c2-a73d-dd5cc91ce5e9,Fitness,Cycling
gen_40c8fe85-067e-48fd-b3be-ea7fc79d070f,959b918c-2a29-42c2-a73d-dd5cc91ce5e9,Leisure,Reading
gen_3676fb2a-0188-4601-9b01-e8d938098b6d,95ac62dc-dd42-4669-bd4e-fd05366dbdcb,Community,Volunteering
gen_65a2a197-6524-40e8-9af7-7ceed6098c22,95ac62dc-dd42-4669-bd4e-fd05366dbdcb,Nutrition,Meal Prep
gen_778d9dd2-d363-4ff5-afd0-bed2afb0addd,95ac62dc-dd42-4669-bd4e-fd05366dbdcb,Leisure,Cooking
gen_6ee17d59-9f8a-4842-9b58-847c553e155f,95ada078-5f03-4edc-8904-1b6c42ae8305,Wellness,Yoga
gen_43c25bad-efe3-4501-8615-9a54404a5e51,95ada078-5f03-4edc-8904-1b6c42ae8305,Community,Volunteering
gen_c23c810a-016c-49a4-88b6-c02f60a3bf93,960f3e70-f522-4d2f-bc1f-522024b2a84f,Fitness,Cycling
gen_9095328d-9d60-4bb3-a0a1-4355178fad47,960f3e70-f522-4d2f-bc1f-522024b2a84f,Fitness,Running
gen_f0a63b47-ae05-43c6-9e07-3c22f9682849,960f3e70-f522-4d2f-bc1f-522024b2a84f,Nutrition,Meal Prep
gen_169e7661-b833-4326-b9c1-fec6cce9de30,96238e52-c177-4aab-9c6e-d1ca3c9afd54,Nutrition,Keto Diet
gen_b7858be9-6f15-4e01-9339-50f81e56ac4d,96238e52-c177-4aab-9c6e-d1ca3c9afd54,Nutrition,Vegan Diet
gen_1704e852-0335-4829-a5c0-f7b1e6934d62,9637909a-d2ba-4894-b215-221a07ad0de7,Hobbies,Gardening
gen_f21087db-7a3d-4518-b806-9dbb39aafc67,9637909a-d2ba-4894-b215-221a07ad0de7,Wellness,Meditation
gen_0e96f32a-e72e-443c-9bae-83b8dabc428d,964fd378-9fd0-44a6-8be1-22fa8f0b6b26,Community,Volunteering
gen_cbc9e020-b53a-481e-90ac-d651f3481ed3,964fd378-9fd0-44a6-8be1-22fa8f0b6b26,Fitness,Cycling
gen_6670074f-aebd-46a0-b334-9c7c11c3ac5c,964fd378-9fd0-44a6-8be1-22fa8f0b6b26,Lifestyle,Music
gen_483e0520-d814-4a17-9975-c5ccdd803157,9663dbe4-4d93-4258-b8ea-4dbb6128053e,Community,Volunteering
gen_e05fe76b-bd4f-43ea-80b8-055464329d7d,9663dbe4-4d93-4258-b8ea-4dbb6128053e,Lifestyle,Minimalism
gen_44467fed-88c5-419b-aa05-30c3d985d28c,9663dbe4-4d93-4258-b8ea-4dbb6128053e,Lifestyle,Digital Detox
gen_b45d0578-47b2-4880-bba9-8df17c47f8bf,96673557-d4cc-472d-8dfe-66152db70cac,Fitness,Running
gen_682c491a-3b89-4c51-bf50-47f3b92657b9,96673557-d4cc-472d-8dfe-66152db70cac,Lifestyle,Minimalism
gen_6e906551-3925-4c1c-8f2e-05dd11b7b22c,969734ae-ea97-4cf1-a93e-292045e192b6,Leisure,Reading
gen_39fdd1cf-34f1-41e3-bef6-e7ac75fa53c7,969734ae-ea97-4cf1-a93e-292045e192b6,Leisure,Cooking
gen_d70e1fc6-fceb-4969-b6ff-90b359e84fb9,96f82fac-1970-4c03-8339-de0c2c962ef4,Fitness,Running
gen_074ac0c9-e94d-4184-bd2c-2fafd0d35788,96f82fac-1970-4c03-8339-de0c2c962ef4,Lifestyle,Music
gen_03cfe428-97a1-402d-a8dd-81b62495ef4a,971d9d2d-11ec-458c-ae0f-70dea961b5f6,Community,Volunteering
gen_b6066c97-186f-4e26-965e-8942b94f5d45,971d9d2d-11ec-458c-ae0f-70dea961b5f6,Leisure,Reading
gen_658a292a-5a2a-4227-80a9-fefc37a8b739,971f6cdc-22fa-4964-8bc9-4648dc7824f4,Fitness,Cycling
gen_9be9d0e4-5b15-43ab-8891-2d28b9b982aa,971f6cdc-22fa-4964-8bc9-4648dc7824f4,Wellness,Yoga
gen_72de954c-73d2-48a7-844d-2630a77e7243,97791bae-9f7f-457b-b8fd-f955db06c263,Nutrition,Keto Diet
gen_0c558913-fd77-4c84-b4ff-c1d73343b88c,97791bae-9f7f-457b-b8fd-f955db06c263,Hobbies,Gardening
gen_0f35c6bd-49e7-4919-93a5-c4eff31f77f8,97791bae-9f7f-457b-b8fd-f955db06c263,Community,Volunteering
gen_158fe336-df63-444c-a798-6e8772673116,97d5488f-081b-4de1-84d9-aca83df5d318,Fitness,Strength Training
gen_c37e9d14-4a31-4e16-9598-2ab9f60a85c7,97d5488f-081b-4de1-84d9-aca83df5d318,Leisure,Cooking
gen_3d98333a-abea-4563-8467-67bd68915dad,97fb7aab-d3ee-4a52-b4d8-87cbd44d2da1,Leisure,Cooking
gen_da345578-1629-4faa-89ed-a7c4c1cb0182,97fb7aab-d3ee-4a52-b4d8-87cbd44d2da1,Community,Volunteering
gen_2b4ea5ad-012d-460a-8b67-4196c172094d,97fb7aab-d3ee-4a52-b4d8-87cbd44d2da1,Fitness,Running
gen_6820d098-9323-4434-bfa4-d7d7e40477f7,98120be1-cd9f-44cd-ac21-e51b43881569,Fitness,Running
gen_53f1d796-c21f-46b1-bb16-540c56b1c0dd,98120be1-cd9f-44cd-ac21-e51b43881569,Wellness,Yoga
gen_637e7510-d077-4c30-bcd5-964462efeb10,982e344f-5a30-4708-86f3-90cdfc18858a,Leisure,Reading
gen_d65b35de-6803-4e33-8d4d-3063cdef66be,982e344f-5a30-4708-86f3-90cdfc18858a,Fitness,Cycling
gen_b741761f-2f7c-4d11-a375-766c690fe050,982e344f-5a30-4708-86f3-90cdfc18858a,Fitness,Running
gen_bc6bc66e-aea2-445a-8208-513928f36c62,9832a28e-deb4-4481-9ec3-9c0369107e37,Fitness,Running
gen_8d6ccc7d-2cf1-4d4c-be0a-2f68e9b5e614,9832a28e-deb4-4481-9ec3-9c0369107e37,Lifestyle,Music
gen_f7f43f2a-bec6-41f9-8757-45890dc1bafd,9832a28e-deb4-4481-9ec3-9c0369107e37,Lifestyle,Minimalism
gen_411698b9-08cc-430c-bcc5-95cd96b0faa1,98847d12-abc5-4ba9-b9b1-4d153d214150,Fitness,Cycling
gen_9c504550-379f-4255-80a7-4b508decb053,98847d12-abc5-4ba9-b9b1-4d153d214150,Fitness,Strength Training
gen_52489dfb-5ac6-47c8-9481-5a0ecfbab99b,98c0224f-b76a-4518-ae4a-fdaf2a641dad,Community,Volunteering
gen_74e16540-8303-426c-8f19-7ca3768a25c6,98c0224f-b76a-4518-ae4a-fdaf2a641dad,Nutrition,Meal Prep
gen_c99eaf4f-8152-4bbd-92fe-02401c2483c8,98c0224f-b76a-4518-ae4a-fdaf2a641dad,Nutrition,Vegan Diet
gen_ad915261-daf4-4a86-832b-4befd7c5594c,98d30c9b-59c0-4434-aaa3-eb0d8ba8abce,Lifestyle,Music
gen_72dc9689-cdbe-4797-8ade-25b47d63ce61,98d30c9b-59c0-4434-aaa3-eb0d8ba8abce,Nutrition,Vegan Diet
gen_fac45094-b03f-41d9-b8e4-ca812aaf110d,98d30c9b-59c0-4434-aaa3-eb0d8ba8abce,Hobbies,Gardening
gen_f16f2681-e6f2-48ce-951e-d0b0d16abc79,98dcde77-b2fa-43d6-a613-3206ed00316a,Fitness,Cycling
gen_e6ab8737-148b-45a2-a58b-55e0f7cd5546,98dcde77-b2fa-43d6-a613-3206ed00316a,Nutrition,Keto Diet
gen_69c71ca6-e3fc-4f4e-ba60-23276e56c445,98dcde77-b2fa-43d6-a613-3206ed00316a,Wellness,Yoga
gen_2a44cb8a-6849-4658-8c0a-6737c0a7660f,98fda998-a572-4252-9338-e6cc5108d6c6,Wellness,Meditation
gen_1326a205-1b27-4c0e-8335-1f66cbe12185,98fda998-a572-4252-9338-e6cc5108d6c6,Leisure,Cooking
gen_72cce206-6168-4ebf-abf4-3bfbd6e3b4dc,9907f1d6-c905-420d-9e2e-24110d7ee7ef,Leisure,Cooking
gen_d4b7f328-9963-4cb0-837a-813e7a47293e,9907f1d6-c905-420d-9e2e-24110d7ee7ef,Fitness,Cycling
gen_dfca4964-12a9-4d4f-bb5a-2b369f82cdba,9907f1d6-c905-420d-9e2e-24110d7ee7ef,Lifestyle,Music
gen_e6c8f60c-e3bf-4b64-9b96-36a0e8b025fb,9919b0a1-e0d1-48c8-8768-36e69725424d,Hobbies,Gardening
gen_de73c0a3-5209-4a40-965c-31dfbec1a891,9919b0a1-e0d1-48c8-8768-36e69725424d,Wellness,Meditation
gen_5e130ffa-fa0e-470a-a5b8-d626d5d98934,996c3bf5-0985-4cf2-a122-a2cddc621774,Nutrition,Vegan Diet
gen_471de05a-69a6-40eb-82c1-d2b41381c952,996c3bf5-0985-4cf2-a122-a2cddc621774,Lifestyle,Digital Detox
gen_b9949667-7bac-43eb-b0db-e5d37c2442fb,996c3bf5-0985-4cf2-a122-a2cddc621774,Lifestyle,Minimalism
gen_e90f1be0-875a-4430-966d-7d97a1c9487d,99a410c4-7939-45da-b36e-ddc84977d52e,Fitness,Running
gen_3aac0bf7-5194-4a05-aca5-e15bd1498ad7,99a410c4-7939-45da-b36e-ddc84977d52e,Wellness,Meditation
gen_7fd79a21-9d43-4792-b176-84c3443e6a2e,99ad5b79-acff-45ce-80e9-8aea80897c95,Fitness,Cycling
gen_b149e9bd-fc0e-43f3-9991-dd04e0c890a4,99ad5b79-acff-45ce-80e9-8aea80897c95,Nutrition,Vegan Diet
gen_65134071-f422-4ec8-bab1-e2d2cd06ea77,99ad5b79-acff-45ce-80e9-8aea80897c95,Wellness,Yoga
gen_722d9478-abff-41be-b9c5-02698ff53148,99c43c15-49d9-43d9-ac73-06b949567b10,Hobbies,Gardening
gen_31892fd6-8cb3-4eed-a334-11898c3dff0b,99c43c15-49d9-43d9-ac73-06b949567b10,Leisure,Reading
gen_6a3c6ee6-3ef8-4064-b2b3-48d6f81bb4be,99ce1385-6ae1-4acc-ad15-354ff8a5d6f7,Nutrition,Vegan Diet
gen_434bcacc-208d-433f-a28b-c203b5c98b98,99ce1385-6ae1-4acc-ad15-354ff8a5d6f7,Leisure,Reading
gen_2b9f079e-fafb-4f2b-8cd2-b74f6fa4b82e,99d27ff8-de63-4e35-9bc9-6b84074e871f,Lifestyle,Minimalism
gen_081b0564-cdd9-4869-b57c-7cbdef2bb3e1,99d27ff8-de63-4e35-9bc9-6b84074e871f,Lifestyle,Digital Detox
gen_0ff86602-1918-4a65-a6bc-645796b0c393,99d27ff8-de63-4e35-9bc9-6b84074e871f,Leisure,Reading
gen_cffe56d4-8405-45e1-bef5-386e323f7773,99ee2f43-f622-439c-b3a9-b17c87832c15,Nutrition,Keto Diet
gen_9ae74e55-14bf-4b6b-ad90-a4a3ba070a26,99ee2f43-f622-439c-b3a9-b17c87832c15,Fitness,Strength Training
gen_aaedf9d8-eab4-4454-aeeb-c91a1a1728a5,99ee2f43-f622-439c-b3a9-b17c87832c15,Lifestyle,Digital Detox
gen_d855e50c-d503-4934-abb4-94b8b2d82634,9a2b2709-5da9-4e4d-95f3-7d4ae9c729bf,Nutrition,Vegan Diet
gen_258dbc45-d20e-4d97-8ac5-3cffcef23bc5,9a2b2709-5da9-4e4d-95f3-7d4ae9c729bf,Wellness,Meditation
gen_8f08319d-c672-435d-a076-1bb03fdb4044,9a2b2709-5da9-4e4d-95f3-7d4ae9c729bf,Fitness,Cycling
gen_920cd96c-322a-49f9-ba8d-17d4077ffb6e,9a5577f0-1787-4235-9bda-d270b061212e,Nutrition,Keto Diet
gen_ecfc07cd-6f8a-4aea-ac35-0481e9d9b5f8,9a5577f0-1787-4235-9bda-d270b061212e,Fitness,Strength Training
gen_2e2e7fd7-3799-4321-88b0-3a13c919a27e,9abdd8c2-1764-49c1-afe1-f574293840fe,Lifestyle,Music
gen_e3814280-42a9-400c-8ca7-1a56f94213bd,9abdd8c2-1764-49c1-afe1-f574293840fe,Leisure,Reading
gen_fd92421a-3e21-4201-8d11-abacda5d3215,9ae9534e-9c07-4539-891c-bfcce7d4ff3b,Lifestyle,Music
gen_ff8389b2-d3ef-40f2-b92f-b5ec112bc6eb,9ae9534e-9c07-4539-891c-bfcce7d4ff3b,Leisure,Reading
gen_a3fa694b-d654-4d48-8dda-c555c70af97c,9ae9534e-9c07-4539-891c-bfcce7d4ff3b,Lifestyle,Minimalism
gen_76f413e2-c262-4d36-9640-bb8a84a6859c,9af08dc3-4067-404b-b4a0-a3e4ea418922,Leisure,Reading
gen_8a9971a3-99ce-4a7a-b7fb-6cf1aa99aab2,9af08dc3-4067-404b-b4a0-a3e4ea418922,Fitness,Strength Training
gen_de2faac0-f7de-4852-bdac-178779669081,9af08dc3-4067-404b-b4a0-a3e4ea418922,Wellness,Yoga
gen_36060c52-f89f-4417-9633-1e8cd4f3e99d,9b016ead-f52c-4b53-bc93-f3bef9b2b10c,Fitness,Running
gen_69d40fde-6cf9-4061-afc7-ca279b6746bf,9b016ead-f52c-4b53-bc93-f3bef9b2b10c,Wellness,Yoga
gen_6c4c8d10-e4aa-46c8-87b9-a3ab88687425,9b4ebbe7-8143-4f3d-845a-7bed1128ea19,Wellness,Meditation
gen_b847c5ca-5cd1-493d-8932-d27196d12119,9b4ebbe7-8143-4f3d-845a-7bed1128ea19,Lifestyle,Digital Detox
gen_f712e67e-9ae6-4e6a-a202-540b3882bbd9,9b7713f5-2197-4b99-9e14-56d8904377d5,Leisure,Reading
gen_88449b92-98e8-4f31-b460-e3c23573c7f2,9b7713f5-2197-4b99-9e14-56d8904377d5,Wellness,Yoga
gen_29d6ed30-8446-4c0f-a599-39a48264ab9a,9b8588d7-4185-4a9c-82db-7ffe59cf08f8,Nutrition,Keto Diet
gen_762650e8-b5b0-49c1-9664-a5fbbe86b538,9b8588d7-4185-4a9c-82db-7ffe59cf08f8,Community,Volunteering
gen_ed6f5b69-d3c5-4c4d-a292-ac52288dc927,9b8588d7-4185-4a9c-82db-7ffe59cf08f8,Fitness,Cycling
gen_bbeb4971-51df-4234-8193-2d51aaef69fa,9bba45f3-78cd-45bb-b413-66e6cbbb716f,Wellness,Yoga
gen_adf909b8-3540-429f-8a51-ae64ae8276a1,9bba45f3-78cd-45bb-b413-66e6cbbb716f,Fitness,Strength Training
gen_e44b2ead-4461-43b6-9b48-ba240cd9bcc9,9c1eef1a-cb8e-45b0-b418-c57f0240b7e5,Leisure,Reading
gen_e8fb9155-c029-4b51-816f-6ae1f74445ae,9c1eef1a-cb8e-45b0-b418-c57f0240b7e5,Nutrition,Meal Prep
gen_7d8cc55c-54b0-4ed9-8fcb-e94aa9edffd8,9c1eef1a-cb8e-45b0-b418-c57f0240b7e5,Community,Volunteering
gen_89b7b174-48bd-4741-9c40-492065d0eac8,9c603463-f941-4ba5-89ad-0b120fbe2a07,Leisure,Cooking
gen_1e20b0dc-f1b0-49b2-b655-41f7f0a628ca,9c603463-f941-4ba5-89ad-0b120fbe2a07,Fitness,Strength Training
gen_769d23c0-c7e5-43b0-a1bf-95f545e14714,9c603463-f941-4ba5-89ad-0b120fbe2a07,Lifestyle,Music
gen_230680ff-bb89-411e-b3a4-79c4ff588275,9c725bba-b698-4cd0-82b0-e7380d9e7759,Fitness,Strength Training
gen_09a4ae31-043e-493e-aef3-8f6c44e22118,9c725bba-b698-4cd0-82b0-e7380d9e7759,Leisure,Cooking
gen_9eb28106-dcee-41e4-a08b-5a5f2b640582,9c725bba-b698-4cd0-82b0-e7380d9e7759,Fitness,Cycling
gen_b6f7ada4-473a-429b-9144-3dfeb7d5722b,9c8cea12-bf89-4927-8f7e-499e48cec2a5,Community,Volunteering
gen_1a1a73be-70db-4301-b710-33f92900adfa,9c8cea12-bf89-4927-8f7e-499e48cec2a5,Leisure,Reading
gen_de7b1207-9f75-4a94-9035-d88f3360d7e3,9c902b10-3893-42ae-89b4-da4bc5d96a6e,Lifestyle,Digital Detox
gen_2554c603-2a87-4fea-af14-22aad6f99b22,9c902b10-3893-42ae-89b4-da4bc5d96a6e,Wellness,Meditation
gen_71cadb66-9fb2-4116-bd8c-68698fb35312,9c902b10-3893-42ae-89b4-da4bc5d96a6e,Fitness,Cycling
gen_9fdb5641-81f5-4e6e-a114-8feb7cd80df1,9cac4a37-d8b0-458b-8aad-b2598385d3e3,Lifestyle,Music
gen_eaeaeca2-6f25-4930-bfe0-f4656bce9ef5,9cac4a37-d8b0-458b-8aad-b2598385d3e3,Fitness,Running
gen_a2405207-5625-4881-b0ab-5da1a78fd79f,9cac4a37-d8b0-458b-8aad-b2598385d3e3,Leisure,Cooking
gen_867cdd17-f78d-4a4d-8057-cd399406fe24,9cbc078e-ce91-43eb-bd13-c0cdced2c8df,Fitness,Strength Training
gen_fc316581-9e7a-451e-979d-e61d8a2f9e29,9cbc078e-ce91-43eb-bd13-c0cdced2c8df,Wellness,Yoga
gen_eb1db936-cce7-47a5-b8ae-ea114255fd91,9ce67277-b21d-46db-851e-9b510b9e30e0,Lifestyle,Digital Detox
gen_87af0ccb-e074-413a-92a0-231faf047565,9ce67277-b21d-46db-851e-9b510b9e30e0,Lifestyle,Minimalism
gen_c89de0a9-8555-4e47-871f-9cd145e2c38e,9cf3ed5b-f19a-48c1-b660-4a26f38ed72e,Nutrition,Keto Diet
gen_969d3838-125a-42f2-a535-705a2d45c681,9cf3ed5b-f19a-48c1-b660-4a26f38ed72e,Fitness,Strength Training
gen_9753f046-828e-4f02-accd-ed3d4c833aa4,9cf9d538-54e2-41f4-9b24-eedd8a8e47a8,Leisure,Reading
gen_398d2023-50bd-440a-93db-74b837f2c209,9cf9d538-54e2-41f4-9b24-eedd8a8e47a8,Fitness,Cycling
gen_eeb09b4b-4699-4c2f-8e47-ea8ae4f6af89,9d167ecc-900a-41b2-9dd5-1983f09ed4e2,Nutrition,Meal Prep
gen_0cc0e250-d1c7-40bd-8b7b-ee9a08003ea8,9d167ecc-900a-41b2-9dd5-1983f09ed4e2,Fitness,Cycling
gen_42111ce5-bb7b-448e-92fc-d5c3ba8574b5,9d167ecc-900a-41b2-9dd5-1983f09ed4e2,Leisure,Reading
gen_1c283d06-7aa5-40f1-80c8-0e901e161227,9d1a3c93-dfae-4123-b989-8c3ac0e3ecc3,Lifestyle,Music
gen_27287fbb-19ad-4871-81c5-1a6a53fbe5ea,9d1a3c93-dfae-4123-b989-8c3ac0e3ecc3,Leisure,Cooking
gen_4bf50491-7aae-470b-90f9-cb370493b73a,9d1a3c93-dfae-4123-b989-8c3ac0e3ecc3,Fitness,Cycling
gen_ca2b6353-cee2-45b7-b275-776784d01932,9d2b111e-d1d1-4c25-9982-b9dea49a7382,Leisure,Reading
gen_bcd56cf7-5b51-46f7-bdda-34f53f5ac5c2,9d2b111e-d1d1-4c25-9982-b9dea49a7382,Fitness,Running
gen_0b9c8a85-bb91-4702-9c00-025ca7c285f8,9d538e95-f695-476f-9ab0-87aebbb5d6fb,Fitness,Running
gen_eed947b0-14bc-4b42-a384-3c5541f75974,9d538e95-f695-476f-9ab0-87aebbb5d6fb,Nutrition,Keto Diet
gen_6d69f78a-e915-4626-9950-9bc3656a783e,9d538e95-f695-476f-9ab0-87aebbb5d6fb,Nutrition,Meal Prep
gen_affa3b49-e80c-4bef-acff-6b040611008f,9d54b98c-14e9-4117-8fc9-869d845a4fce,Fitness,Strength Training
gen_3d7c578b-c1c6-4a42-8734-8434120ecd46,9d54b98c-14e9-4117-8fc9-869d845a4fce,Fitness,Running
gen_058a9cea-913b-4185-87d5-886b9e426d6a,9d54b98c-14e9-4117-8fc9-869d845a4fce,Nutrition,Keto Diet
gen_2ea10a54-83fa-4ee9-bd03-9e0135d54d66,9d804c3d-a4a4-4dea-940f-60c0d7b74419,Nutrition,Keto Diet
gen_02f9f642-703b-4dd3-8655-58e107099ce8,9d804c3d-a4a4-4dea-940f-60c0d7b74419,Fitness,Cycling
gen_d4b3aa38-50b4-4155-8b9d-ff0b26353e94,9d804c3d-a4a4-4dea-940f-60c0d7b74419,Community,Volunteering
gen_1b8e8fae-15a0-4f5c-9691-4d8188289bc5,9d9befad-6412-49c3-89d1-c0770bc27800,Leisure,Reading
gen_53059b71-89d1-429a-aa15-5238611172ef,9d9befad-6412-49c3-89d1-c0770bc27800,Hobbies,Gardening
gen_45ce000b-4337-4833-96db-c50c008b4106,9d9befad-6412-49c3-89d1-c0770bc27800,Lifestyle,Minimalism
gen_57bf98db-6379-4f4b-93af-087a790c3ca5,9dc2282b-b259-4048-a57a-84a2c88fe46e,Fitness,Cycling
gen_b68eada3-4920-48d6-a1ce-36f6376a1792,9dc2282b-b259-4048-a57a-84a2c88fe46e,Nutrition,Meal Prep
gen_8d4e7724-1721-43fd-8d25-5be7a28fc039,9dc2282b-b259-4048-a57a-84a2c88fe46e,Lifestyle,Digital Detox
gen_6bd82198-7eb2-4c01-afa3-c2336b9da546,9de59691-a109-4460-8031-4b1e94babc89,Wellness,Yoga
gen_34a82d5c-0b44-45e1-83c2-5ddccb2d6830,9de59691-a109-4460-8031-4b1e94babc89,Hobbies,Gardening
gen_9b77a650-cdf0-457b-944f-8cbadc58ba86,9de59691-a109-4460-8031-4b1e94babc89,Fitness,Strength Training
gen_f80a6823-09c4-4ea2-8f17-619f5adc24ba,9de79ddc-1582-463d-84aa-c9020bbdd329,Nutrition,Vegan Diet
gen_ea5866f9-e3f6-4b32-bff2-3bcc906268f1,9de79ddc-1582-463d-84aa-c9020bbdd329,Wellness,Meditation
gen_90a74816-5a1f-4af3-8591-18e7ba186cc3,9df5dd63-3be7-4712-a8f4-5e8fa62c06e5,Fitness,Cycling
gen_042e18b3-693c-4ff4-a66d-efba5a0d3fa3,9df5dd63-3be7-4712-a8f4-5e8fa62c06e5,Leisure,Cooking
gen_a1779e74-bb69-4825-a4c0-0c52ce9d4cc2,9df5dd63-3be7-4712-a8f4-5e8fa62c06e5,Nutrition,Meal Prep
gen_420d51e9-9b3a-44d4-9c5e-4b6c35fd9677,9df7a516-9b54-4461-9fb7-376f251c1cf3,Nutrition,Meal Prep
gen_945cd88b-6cb5-484e-accf-4a17372aee2a,9df7a516-9b54-4461-9fb7-376f251c1cf3,Fitness,Strength Training
gen_40949a41-de0e-4dc7-8c58-a9b534e969b9,9e133745-17ed-4482-86d7-215c1818413a,Community,Volunteering
gen_b16243e1-2c4b-4ff5-8764-e4d381eb8825,9e133745-17ed-4482-86d7-215c1818413a,Leisure,Reading
gen_6cf2bbb8-0eef-42ee-a1fe-78df29ef85d8,9e133745-17ed-4482-86d7-215c1818413a,Fitness,Strength Training
gen_e338e5bd-fd6a-4029-9e36-e43e3d5ea58d,9e1bc5ba-c19c-4e80-bc29-97cb6ba09d4a,Fitness,Cycling
gen_e8c120fd-e53e-4885-9936-52950d7487fa,9e1bc5ba-c19c-4e80-bc29-97cb6ba09d4a,Fitness,Strength Training
gen_ca24df07-c72c-4ea0-a402-8d7b4fc1c4bd,9e313f83-24e9-4d1d-b375-c1c96dea1b8a,Leisure,Cooking
gen_8b2ea01f-8a64-4f75-9c64-e43ecb7b9ec6,9e313f83-24e9-4d1d-b375-c1c96dea1b8a,Leisure,Reading
gen_40850fd1-d79a-4f33-9de8-e7af51056647,9e313f83-24e9-4d1d-b375-c1c96dea1b8a,Fitness,Strength Training
gen_177f9846-ec5f-4453-9397-b33d1e961be3,9e728378-f32e-4e1b-a56e-c5104d8417f7,Hobbies,Gardening
gen_aad7248e-10d1-409e-be16-3782b4d2500e,9e728378-f32e-4e1b-a56e-c5104d8417f7,Fitness,Strength Training
gen_7e0f6cf9-882e-4b1a-bf39-da7e60c1cd25,9ea0f0cc-c8fa-4c20-b8b0-b5a0d5d33d72,Leisure,Cooking
gen_68898eb6-9aa3-4769-ad66-af162a839948,9ea0f0cc-c8fa-4c20-b8b0-b5a0d5d33d72,Lifestyle,Minimalism
gen_2286d64b-8d94-4e22-b6ee-eae26a677335,9eb9950a-0bfd-4ea6-a60a-4cb469c044bd,Nutrition,Keto Diet
gen_acab3635-6f10-40e6-aa9e-eb63d56fc1dd,9eb9950a-0bfd-4ea6-a60a-4cb469c044bd,Nutrition,Meal Prep
gen_e0d181e1-3c8e-404a-974d-b0f5ef6a5ad4,9ec5700f-941d-450f-90a0-f38a5ec11d19,Wellness,Yoga
gen_64069e41-7ff1-4fd4-8477-6a8a84e6c939,9ec5700f-941d-450f-90a0-f38a5ec11d19,Nutrition,Keto Diet
gen_60cc4244-bfd1-4f72-970a-4e9bd1f513e0,9eee1da5-4797-4384-8af0-6968d001e995,Fitness,Cycling
gen_171d1b70-ffcf-465f-bbae-caded4793ce9,9eee1da5-4797-4384-8af0-6968d001e995,Hobbies,Gardening
gen_3d41f5cf-2b62-4464-a2ea-b119344b99c3,9eee1da5-4797-4384-8af0-6968d001e995,Fitness,Running
gen_52eaf345-914d-4c64-9c53-b43612f557fd,9f2df0b4-dce0-46e8-b77b-96403206cac6,Lifestyle,Minimalism
gen_c89385a1-0729-4216-b3e6-56fbfbf4ba15,9f2df0b4-dce0-46e8-b77b-96403206cac6,Lifestyle,Music
gen_496fc484-36e5-40f5-b505-610f8cb9f42d,9f2df0b4-dce0-46e8-b77b-96403206cac6,Wellness,Meditation
gen_27e2b836-8c5e-4397-9421-7a2e6ac7d98c,9f36f66d-dad0-4f0c-bc47-646917720a2d,Wellness,Yoga
gen_cbb83715-ba63-4c0e-afa0-ab886f846c3d,9f36f66d-dad0-4f0c-bc47-646917720a2d,Nutrition,Meal Prep
gen_c967c078-16eb-444c-81e4-285156e6a0ef,9f3d65b1-49e0-46b2-8a99-57137de7775d,Nutrition,Keto Diet
gen_1998fab9-2fc6-4dc5-8249-e33d599e8ccc,9f3d65b1-49e0-46b2-8a99-57137de7775d,Wellness,Meditation
gen_0f2a66c2-94ac-45d6-bc3e-a42695aed98a,9f5e6180-2877-4c37-b062-79819fbd3fe8,Nutrition,Meal Prep
gen_245b5422-10bb-4b14-aa8a-855e7ae43dc3,9f5e6180-2877-4c37-b062-79819fbd3fe8,Lifestyle,Music
gen_df1db6da-ea77-44bc-8de2-604bad81d254,9f6f6be5-f551-4684-91be-734298b74cf1,Nutrition,Vegan Diet
gen_328245e9-8eee-41f9-aed5-5b06f3e84d0b,9f6f6be5-f551-4684-91be-734298b74cf1,Lifestyle,Minimalism
gen_6eee05e6-c90a-418e-bec3-2b200d10592b,9fb589c8-d65f-488e-b33e-428e969b6cd6,Fitness,Cycling
gen_213c130d-f773-4876-93db-1e922316b633,9fb589c8-d65f-488e-b33e-428e969b6cd6,Nutrition,Vegan Diet
gen_c0a5b85f-de14-44a7-bf25-3f2fad0569a7,9fb589c8-d65f-488e-b33e-428e969b6cd6,Lifestyle,Minimalism
gen_05f8abdd-df1a-4f68-86eb-debc16bdb453,9fb66deb-131e-4a50-92ec-7800774efade,Nutrition,Keto Diet
gen_429eb04f-7d40-498d-a867-8d4e35f621fa,9fb66deb-131e-4a50-92ec-7800774efade,Lifestyle,Digital Detox
gen_579addf7-1e8e-4467-a207-7c291a55e82b,9fb66deb-131e-4a50-92ec-7800774efade,Nutrition,Vegan Diet
gen_f29b4999-c50f-4453-b944-e386ef33d950,9fc6b3f9-0089-4d57-9f50-90407f10ec84,Community,Volunteering
gen_9d9a047f-ba3c-4426-81c9-f716241881b8,9fc6b3f9-0089-4d57-9f50-90407f10ec84,Lifestyle,Minimalism
gen_633e48ed-d78c-4c72-ab5e-15d08b11454a,9fcc6925-2f88-4f02-858b-efc0744c183a,Fitness,Cycling
gen_f5abc549-0212-4fcc-9f34-65296382f8b4,9fcc6925-2f88-4f02-858b-efc0744c183a,Lifestyle,Minimalism
gen_742fd989-ecef-440e-8c44-46ba729ae407,9fdf23e8-f053-4b67-a8e2-808673733e4d,Leisure,Reading
gen_99eb1ddf-507a-4a78-b645-a93c1ee79ef5,9fdf23e8-f053-4b67-a8e2-808673733e4d,Community,Volunteering
gen_116ca2bf-10f6-44b9-8a68-bd0c91bd4090,9fe54c1c-2904-4f31-9ad6-f24c2e1bb1f5,Wellness,Meditation
gen_125efabf-8b71-44e3-b800-bb2ebc554f50,9fe54c1c-2904-4f31-9ad6-f24c2e1bb1f5,Lifestyle,Music
gen_250fe428-39e4-4f72-8502-68f7b580b658,a01529a2-8a11-4e3d-9a28-f3d6a5708d5a,Wellness,Meditation
gen_b5e7b95c-7edb-4bfb-95b2-18130873c0ad,a01529a2-8a11-4e3d-9a28-f3d6a5708d5a,Fitness,Running
gen_c0450880-9024-4a03-941b-2a5615c0ae0c,a01529a2-8a11-4e3d-9a28-f3d6a5708d5a,Community,Volunteering
gen_65992f5f-82cc-45a1-afd6-709d674445c9,a04748ac-7581-436f-9f83-74e49b93ee6b,Fitness,Cycling
gen_0cd7eea5-9468-49c0-b32b-933e203f1668,a04748ac-7581-436f-9f83-74e49b93ee6b,Nutrition,Vegan Diet
gen_57209101-1ab6-46b0-a92f-cf52446135fc,a04748ac-7581-436f-9f83-74e49b93ee6b,Leisure,Cooking
gen_47891767-19e6-4079-87ef-e55ad494f592,a08e189d-19cc-46b7-b1f9-b9869d8d22e9,Lifestyle,Digital Detox
gen_2f48e3ad-4364-4517-bf74-b75311a644d2,a08e189d-19cc-46b7-b1f9-b9869d8d22e9,Fitness,Running
gen_7ad1e97d-5201-410c-9209-23fe5c0c8289,a0a22061-b48a-4383-83f4-540792c88a60,Fitness,Strength Training
gen_462f5e50-9af1-4f12-9e04-94dbe38279e9,a0a22061-b48a-4383-83f4-540792c88a60,Leisure,Cooking
gen_963aaf36-9057-4cbd-b0a7-1825e4ef427e,a0a22061-b48a-4383-83f4-540792c88a60,Lifestyle,Minimalism
gen_782ca32f-1eb7-4017-8ade-e0d3a024a7ee,a0b1b591-af24-4c30-8cdd-1e31ce22962c,Nutrition,Vegan Diet
gen_ac6f9346-39b7-49b1-9f73-5fc44c81c032,a0b1b591-af24-4c30-8cdd-1e31ce22962c,Hobbies,Gardening
gen_7c314912-ed55-4a2d-890d-bcdea341d897,a0bb9600-8861-41ed-a92b-c5e83d88e1ab,Fitness,Strength Training
gen_9420c02d-fd48-48fc-8c19-d539e4a7300e,a0bb9600-8861-41ed-a92b-c5e83d88e1ab,Nutrition,Vegan Diet
gen_bc28c4ca-92e5-4106-8458-8d3dd13b6498,a0f55c8a-8e41-48aa-96e2-33ff64a5c9b3,Lifestyle,Music
gen_3feac2f6-af67-42ae-b4ef-b4d9fc67ee61,a0f55c8a-8e41-48aa-96e2-33ff64a5c9b3,Fitness,Running
gen_0303817f-6d21-41e1-ba5a-02bcdf5b97c6,a0ff68a0-8779-4009-b8a0-30c95cc1b347,Wellness,Yoga
gen_24c97b51-8267-419f-9388-8e8223790bf6,a0ff68a0-8779-4009-b8a0-30c95cc1b347,Leisure,Cooking
gen_716601d2-004a-49d5-a1e4-9f931ce0aa8a,a0ff68a0-8779-4009-b8a0-30c95cc1b347,Nutrition,Vegan Diet
gen_b5b49267-d0d4-4a1b-8462-c7833a9b5dad,a111d6f0-7c90-4bc0-9755-8175281868de,Hobbies,Gardening
gen_579e1679-8b53-4656-bed8-9dcbbda4c2ad,a111d6f0-7c90-4bc0-9755-8175281868de,Wellness,Meditation
gen_fc1446f0-d717-49a2-8e98-4dbdc73925fa,a111d6f0-7c90-4bc0-9755-8175281868de,Community,Volunteering
gen_4c7d3dfe-cef5-4e2d-9464-2036d8bd9c52,a11df6fd-7804-4c93-a133-245c99cacdf2,Fitness,Running
gen_641642f5-c5d9-4c3b-b8eb-f98c46579f3a,a11df6fd-7804-4c93-a133-245c99cacdf2,Lifestyle,Music
gen_d96ca961-7ce9-4498-b7af-af016262d5de,a122f941-ba43-40a5-a1fe-28bb00938fc5,Fitness,Strength Training
gen_fc47e647-b697-415a-96a5-88d8a4d93671,a122f941-ba43-40a5-a1fe-28bb00938fc5,Lifestyle,Digital Detox
gen_98d81ed9-c51b-4a1f-92d0-fe55f502ccf0,a122f941-ba43-40a5-a1fe-28bb00938fc5,Lifestyle,Minimalism
gen_2a0096fe-7fc5-44ec-903a-c819b2e201f3,a129aee6-965b-468f-9f85-920f5a1dfd5b,Lifestyle,Music
gen_ec2de468-2b77-425a-80c3-2482cc563c8d,a129aee6-965b-468f-9f85-920f5a1dfd5b,Nutrition,Keto Diet
gen_3b7b7968-d548-4696-9c42-2403132355d3,a1324167-56ea-41a4-9a19-053bdb057d12,Nutrition,Vegan Diet
gen_6b266faf-5087-46b2-8e1a-c5f86a29bde7,a1324167-56ea-41a4-9a19-053bdb057d12,Fitness,Running
gen_84fe4ab4-f58d-42ea-b391-c75fa286e2b3,a1529a87-ba1f-4dd1-b2e9-68bf2e0f2c2c,Community,Volunteering
gen_4616bcdb-3a22-4fd1-8799-a6804690d55f,a1529a87-ba1f-4dd1-b2e9-68bf2e0f2c2c,Hobbies,Gardening
gen_2ca835f7-8bca-4ab2-8a27-e046ce742c3d,a1529a87-ba1f-4dd1-b2e9-68bf2e0f2c2c,Leisure,Cooking
gen_d00fd667-0ad0-4009-9f07-c788a9b377c3,a1782b4f-cc13-4728-8271-b82e444c4c5f,Wellness,Yoga
gen_f715b54c-7868-4801-915a-4d2af3b2db0e,a1782b4f-cc13-4728-8271-b82e444c4c5f,Fitness,Running
gen_832d7ff9-3fa4-4708-821c-49008a5b4632,a1782b4f-cc13-4728-8271-b82e444c4c5f,Lifestyle,Music
gen_4240c74f-79b3-435c-a9a5-efbc208b3a86,a17ef7bc-5a00-4c01-be28-613b90a5e81d,Fitness,Cycling
gen_b87d0842-f9bf-4ab8-ac14-09f4ff38ed30,a17ef7bc-5a00-4c01-be28-613b90a5e81d,Hobbies,Gardening
gen_0be0db9a-91c7-4993-b0b4-7c0aedf40d0b,a19e7679-db28-49b6-b11f-44fd4c9b6e81,Fitness,Running
gen_1a77babf-1139-4c0b-85ff-f0e5d3f8eea2,a19e7679-db28-49b6-b11f-44fd4c9b6e81,Lifestyle,Minimalism
gen_e8de4442-09df-41b2-9fda-1ec406026638,a19e7679-db28-49b6-b11f-44fd4c9b6e81,Leisure,Cooking
gen_3cf79fe5-bba0-4ee9-a8de-f25a8472b9e3,a1cae212-a29d-40f2-a6df-7e7882151a95,Leisure,Reading
gen_ace891d8-81d8-4bc4-8ea6-bb3df902a336,a1cae212-a29d-40f2-a6df-7e7882151a95,Nutrition,Vegan Diet
gen_86ecb64a-da46-4714-b572-38b92bcb142c,a1cae212-a29d-40f2-a6df-7e7882151a95,Lifestyle,Minimalism
gen_956f78a7-2c79-49f9-a665-c7235ff987f4,a1ec5cf6-d265-41b3-a4d6-13a49c0a8f51,Leisure,Cooking
gen_1d48d066-889a-4651-8093-f8050adaf7e7,a1ec5cf6-d265-41b3-a4d6-13a49c0a8f51,Hobbies,Gardening
gen_3f5b1b74-761e-4b9f-bd33-8b49ede811dd,a1ec5cf6-d265-41b3-a4d6-13a49c0a8f51,Wellness,Meditation
gen_b878b3f0-c872-4987-88b3-5b63fd53ff5f,a21c033b-1c6b-44bd-b9ad-95727a188fb4,Hobbies,Gardening
gen_c91a616e-40dc-4bd8-9fe0-890f8e9aa3a4,a21c033b-1c6b-44bd-b9ad-95727a188fb4,Lifestyle,Digital Detox
gen_b7b31204-9dd3-4bff-bcc0-d0a9bb286166,a21eb0d3-a335-424b-921d-923691545039,Fitness,Cycling
gen_377ccac7-2393-46d9-9a40-2fb2e0a02b59,a21eb0d3-a335-424b-921d-923691545039,Nutrition,Keto Diet
gen_83ac1d1a-5859-4e2a-a97d-2450334ae4f8,a21eb0d3-a335-424b-921d-923691545039,Nutrition,Vegan Diet
gen_7206e06b-cf86-477e-b558-4629e2f13611,a27350bc-8d58-4db6-bbf8-0da334d51c42,Fitness,Cycling
gen_7eecf928-076d-4950-9955-bfb4dac74bc3,a27350bc-8d58-4db6-bbf8-0da334d51c42,Lifestyle,Minimalism
gen_cd8323aa-eebf-4330-9ccb-3b19d2fa93c5,a27350bc-8d58-4db6-bbf8-0da334d51c42,Lifestyle,Music
gen_05f513a9-2a21-447c-acb5-71549b43467e,a27f0096-a6ec-4db7-a0b6-231e95621a95,Lifestyle,Minimalism
gen_16d52f17-4b46-46ab-82ae-ea25e0f24453,a27f0096-a6ec-4db7-a0b6-231e95621a95,Leisure,Cooking
gen_2ba90fa9-bcf6-42de-8362-cfe9013f731f,a27f0096-a6ec-4db7-a0b6-231e95621a95,Wellness,Meditation
gen_0d0d529d-fbcb-49fc-9373-7754e9bd1606,a2cb0ec0-3202-43db-b2fe-88bff67ceefb,Community,Volunteering
gen_7c0eb169-640a-42fb-ac7b-1b2f5ad33399,a2cb0ec0-3202-43db-b2fe-88bff67ceefb,Wellness,Meditation
gen_777fafd5-9eef-414c-8090-3934133bd841,a2ef46c9-4984-42d6-a223-e3134606fb57,Fitness,Cycling
gen_83f4c541-e9c2-4da3-8b81-c613bb532398,a2ef46c9-4984-42d6-a223-e3134606fb57,Leisure,Reading
gen_67797061-f5c5-4a52-a7cc-54247a43349e,a310ee6a-1f7a-4d8a-b2bc-e266c9e14e7e,Fitness,Running
gen_35320053-795a-4196-9231-f11fcc4e77ca,a310ee6a-1f7a-4d8a-b2bc-e266c9e14e7e,Hobbies,Gardening
gen_8b994bda-eb1b-45d2-86d3-110316dffcbf,a31b931d-5357-421e-8c7a-421ecb00cf6f,Leisure,Reading
gen_35b613c5-fb2d-4e93-b357-64beb113bd40,a31b931d-5357-421e-8c7a-421ecb00cf6f,Lifestyle,Digital Detox
gen_3b4778cc-e9de-4818-a194-5c103cd30534,a31b931d-5357-421e-8c7a-421ecb00cf6f,Nutrition,Vegan Diet
gen_f7af227f-25e0-4418-a68f-5107cafd5034,a3269770-94c7-40e7-bd0b-9086cabbf163,Lifestyle,Digital Detox
gen_768db68b-76fb-4e32-acdf-6f01c4377545,a3269770-94c7-40e7-bd0b-9086cabbf163,Lifestyle,Music
gen_62498501-e206-40cb-96d3-5a45425d917a,a33a4941-cb8c-4b0c-93ee-08ed95ce6693,Community,Volunteering
gen_6114856a-bbe5-4807-9689-fb8dce9c5b2a,a33a4941-cb8c-4b0c-93ee-08ed95ce6693,Lifestyle,Digital Detox
gen_90adcf68-6d69-40c4-99c9-429578ec3333,a33a4941-cb8c-4b0c-93ee-08ed95ce6693,Nutrition,Vegan Diet
gen_4950fc6a-70a3-4c50-8de9-d2e8745fd68d,a3522b5b-5b7f-4f7a-98a5-740c83b8acef,Fitness,Strength Training
gen_fc795a2d-570b-4e39-916a-b17bb0488e06,a3522b5b-5b7f-4f7a-98a5-740c83b8acef,Wellness,Yoga
gen_b1ef6f39-9cf2-475f-8f00-3ead5ded32fb,a3522b5b-5b7f-4f7a-98a5-740c83b8acef,Lifestyle,Minimalism
gen_c455892b-27df-43b6-8c8a-e23a9e22fbb7,a367cb43-42f5-4655-995f-681bb6eb55e9,Fitness,Running
gen_e700ce0b-e8bd-488a-95a5-c329a60bf225,a367cb43-42f5-4655-995f-681bb6eb55e9,Nutrition,Vegan Diet
gen_fe97c810-83a6-42c7-a864-3926cda4dede,a367cb43-42f5-4655-995f-681bb6eb55e9,Nutrition,Meal Prep
gen_b8130858-ecbc-4a91-8136-4b1f446d5f60,a3d6bbd3-14a9-4be5-b677-a015ecb68e84,Lifestyle,Digital Detox
gen_a0eb1e35-743e-48c0-8aa0-d16282d14f07,a3d6bbd3-14a9-4be5-b677-a015ecb68e84,Fitness,Strength Training
gen_91492f23-9826-45f4-a327-842f09773660,a3d97332-f6ca-4aa1-a023-118bb35e74ff,Fitness,Running
gen_ba5cb9af-672b-45a0-a1e0-0781e465607f,a3d97332-f6ca-4aa1-a023-118bb35e74ff,Leisure,Reading
gen_a65524b3-5d19-4985-a2e8-c47bc7574aef,a3e86fef-69e6-498b-b035-2ba04d12537e,Fitness,Cycling
gen_44f8634a-ca62-4134-8aa2-4b317bae2454,a3e86fef-69e6-498b-b035-2ba04d12537e,Leisure,Cooking
gen_3331c5a3-b905-4e4e-ae0b-e76f12f5a863,a3e86fef-69e6-498b-b035-2ba04d12537e,Wellness,Yoga
gen_8428c7f2-1836-4611-b4b3-690a48ad7aac,a4049c9c-5d45-458e-ba64-c75631f4baec,Fitness,Cycling
gen_6dcdc228-5140-4c3e-aef3-de183128bc32,a4049c9c-5d45-458e-ba64-c75631f4baec,Lifestyle,Music
gen_a231fa10-fc9a-4e12-b7f0-6883ca8d1e6b,a4377ce2-d3f7-4f95-85a0-ba47640ce0e6,Fitness,Running
gen_20e1b89c-a159-4836-8dbc-e6ed44494f62,a4377ce2-d3f7-4f95-85a0-ba47640ce0e6,Hobbies,Gardening
gen_13cf697b-e2d7-4787-bcda-a3831585cee7,a4377ce2-d3f7-4f95-85a0-ba47640ce0e6,Nutrition,Vegan Diet
gen_df6f7bf4-e8c3-4bb3-95a0-497be0b07b1d,a45aa294-65f2-4a46-95fe-7383c8eb35a0,Community,Volunteering
gen_f277121c-5fc7-4358-8695-2187bbadedc8,a45aa294-65f2-4a46-95fe-7383c8eb35a0,Hobbies,Gardening
gen_49c156d2-54a4-4f66-8abb-8321b15f91ec,a467aa3c-59c5-461d-aee5-2ca6e11a8e3d,Community,Volunteering
gen_03213d24-e9d3-4811-b298-b0e3d275e589,a467aa3c-59c5-461d-aee5-2ca6e11a8e3d,Fitness,Strength Training
gen_97d55945-08b1-46d7-ad53-b85b52550384,a499369c-600f-4c95-8c4f-15b27de0781d,Nutrition,Keto Diet
gen_b737d3c0-14b7-4dff-bf12-6d35c7fcdf79,a499369c-600f-4c95-8c4f-15b27de0781d,Nutrition,Meal Prep
gen_5ecd7144-6510-41f3-9cb6-f49f7551f1cc,a499369c-600f-4c95-8c4f-15b27de0781d,Leisure,Reading
gen_8512b539-55d2-42b8-b18f-f95fc3baca92,a49f3d1d-a2cc-4d6e-9841-297a7c36781d,Fitness,Running
gen_2b8c46ba-34ef-4235-91dd-48bd03e78aa7,a49f3d1d-a2cc-4d6e-9841-297a7c36781d,Nutrition,Vegan Diet
gen_d952f0e7-7a66-451b-a2cb-a77f4e379a0b,a4ac44ba-d0fd-46fc-96b7-cbb197bce11c,Lifestyle,Digital Detox
gen_48abeabc-4987-4d09-8d65-1a2184b3d60d,a4ac44ba-d0fd-46fc-96b7-cbb197bce11c,Nutrition,Keto Diet
gen_3e3cff93-58d1-4f4c-a5ac-85c0104dc412,a4ac44ba-d0fd-46fc-96b7-cbb197bce11c,Wellness,Meditation
gen_b64b8564-153e-4a68-bc84-c362120c3c75,a4c83137-3ef5-46a8-91d1-2483bd35d93d,Leisure,Cooking
gen_7f91673b-90f3-4556-9580-7c710993b8b0,a4c83137-3ef5-46a8-91d1-2483bd35d93d,Community,Volunteering
gen_ddd8b91d-6068-47fb-a231-617be613fb65,a4c83137-3ef5-46a8-91d1-2483bd35d93d,Lifestyle,Music
gen_b343e1e6-352e-42ae-8841-f748bd8f8daa,a5007a50-6ff0-492c-8811-bfb2979e6944,Fitness,Running
gen_6172d74f-9e8e-44e3-98ca-97ab325dade4,a5007a50-6ff0-492c-8811-bfb2979e6944,Nutrition,Vegan Diet
gen_c198777b-8fe6-4629-a8bd-273f0d4cacdc,a5007a50-6ff0-492c-8811-bfb2979e6944,Fitness,Cycling
gen_c7b2b0f9-5c63-4a9c-9422-71bdc8a97a9f,a520edfa-365f-4585-b36f-833d96fdc345,Fitness,Strength Training
gen_5d7a99e2-ece0-41c6-a1a9-9aa79dabd12e,a520edfa-365f-4585-b36f-833d96fdc345,Leisure,Cooking
gen_ac940823-341f-412b-b33d-ce671568beee,a539da1d-97db-4cd3-98f0-40e4de45dbb6,Leisure,Cooking
gen_e7b49ca9-fe36-450d-aa05-7a841d09f601,a539da1d-97db-4cd3-98f0-40e4de45dbb6,Fitness,Running
gen_8633f7cc-9f8d-4237-ba98-98f22885c0da,a5576e2e-c773-4037-acc7-f1331577a7a5,Leisure,Reading
gen_39731dd3-806b-448e-9526-83abe7f527a1,a5576e2e-c773-4037-acc7-f1331577a7a5,Wellness,Meditation
gen_d06a9fdd-10de-4a99-a209-78ec270876bf,a579a105-a7af-4d8f-8df0-e41e2e49a8b1,Leisure,Cooking
gen_e0a8d166-28e4-4e45-9d52-fc47bcaa8f43,a579a105-a7af-4d8f-8df0-e41e2e49a8b1,Nutrition,Vegan Diet
gen_20c7a1b2-92bb-41f8-b063-79987340100e,a579a105-a7af-4d8f-8df0-e41e2e49a8b1,Wellness,Meditation
gen_52ba403c-0c32-418b-9a8c-ddd9fa76fb06,a58bd549-cf1b-44b5-afc1-81d961be3177,Hobbies,Gardening
gen_b75fe2b1-2d86-41b5-a60d-577346ebc76d,a58bd549-cf1b-44b5-afc1-81d961be3177,Lifestyle,Minimalism
gen_3453d341-b463-404d-9ee3-d2e6d7065d42,a58bd549-cf1b-44b5-afc1-81d961be3177,Fitness,Strength Training
gen_5417d4a6-e5dc-4c07-b185-b9307f9609fb,a596d5b0-d812-4ca3-963f-bb41db247e15,Lifestyle,Music
gen_7a28a9d6-75f1-4c70-902b-a394254eda26,a596d5b0-d812-4ca3-963f-bb41db247e15,Fitness,Cycling
gen_7a08ef9c-d019-47a6-8f91-cdc8bb0d7cfd,a596d5b0-d812-4ca3-963f-bb41db247e15,Wellness,Meditation
gen_9f84ebe1-f849-41aa-a675-0b4ac0edde2c,a5a5bfad-18db-400a-953c-696823222c96,Fitness,Cycling
gen_7b006aff-6311-4f55-935a-fe0e64034435,a5a5bfad-18db-400a-953c-696823222c96,Fitness,Strength Training
gen_169757a6-f2d4-484d-b7c8-a7fedaf7d48e,a5a5bfad-18db-400a-953c-696823222c96,Community,Volunteering
gen_c6e1007d-b851-4b89-ac66-059d5a24d15a,a5a7adec-5810-4b03-9154-79e281be1071,Lifestyle,Music
gen_44114d3f-a272-48d2-941c-41f4fd8eb5f5,a5a7adec-5810-4b03-9154-79e281be1071,Nutrition,Vegan Diet
gen_536b6eb5-1109-40ff-a03b-192b044a1003,a5a7adec-5810-4b03-9154-79e281be1071,Nutrition,Keto Diet
gen_524fe3e6-5e55-497e-8943-023e9fda500d,a5c4b51a-cda6-4ec9-8e35-e63ba7a46741,Lifestyle,Music
gen_eac5124d-5b1e-46c1-ba8e-ea1a7527fa9b,a5c4b51a-cda6-4ec9-8e35-e63ba7a46741,Nutrition,Meal Prep
gen_ed383893-7175-47ca-b8a6-0c47b48da965,a5f80138-2d12-44ef-aa6f-f54480157696,Leisure,Cooking
gen_e328701e-f3b8-4c84-8e4e-4d5f4178f9fb,a5f80138-2d12-44ef-aa6f-f54480157696,Wellness,Meditation
gen_670bf929-b754-42a1-a43f-0a6708b9e471,a5f80138-2d12-44ef-aa6f-f54480157696,Nutrition,Keto Diet
gen_822690d0-04eb-44b8-bbf9-3f42cf8f188a,a6003879-edaa-4a4e-a79a-d8e478a6aec0,Nutrition,Keto Diet
gen_ad82045e-d596-42c9-a778-888d9b15ccd4,a6003879-edaa-4a4e-a79a-d8e478a6aec0,Community,Volunteering
gen_6791a47e-87ca-435b-96d5-a393a14f289d,a6440173-87df-4ae2-bd97-a575293b710f,Wellness,Meditation
gen_73786552-8eda-4c6c-8e2c-8acca2dcae11,a6440173-87df-4ae2-bd97-a575293b710f,Leisure,Cooking
gen_743468af-4a41-47e0-bfbe-01fd6154b2ec,a6440173-87df-4ae2-bd97-a575293b710f,Lifestyle,Minimalism
gen_aa9ead5c-30a6-4aac-b5eb-8ce05b8e9080,a6b11b13-a4aa-4d35-8da3-0966a4d0c45b,Community,Volunteering
gen_da3b0785-f113-4e0f-b707-73d30df1cc3e,a6b11b13-a4aa-4d35-8da3-0966a4d0c45b,Wellness,Yoga
gen_22b3fcaf-f951-4a49-a8fc-3f5f141ca183,a6f4a572-2ef3-4c2e-aefc-30640121cb89,Wellness,Meditation
gen_22a00598-91b5-4665-a195-bdb8fccdb26e,a6f4a572-2ef3-4c2e-aefc-30640121cb89,Nutrition,Meal Prep
gen_354db02d-615e-44f6-951f-e1d71d65649f,a6fa0b16-7669-40da-9d57-6c88b93f0b23,Leisure,Reading
gen_ffa49f2d-1e38-48ba-b964-bfb1639018ba,a6fa0b16-7669-40da-9d57-6c88b93f0b23,Community,Volunteering
gen_d6beabc1-c1bd-4f1e-a200-de32740bdd06,a6fa0b16-7669-40da-9d57-6c88b93f0b23,Nutrition,Keto Diet
gen_a9d54881-1508-4f1b-ab9b-d5e45687780b,a703e8f3-9ffa-499b-a1e1-86c724c22606,Nutrition,Meal Prep
gen_9bbc72b4-e73e-4a5b-9d38-479930820874,a703e8f3-9ffa-499b-a1e1-86c724c22606,Nutrition,Vegan Diet
gen_2ef01944-d53b-45a9-915a-a1c41b26f2dd,a703e8f3-9ffa-499b-a1e1-86c724c22606,Fitness,Strength Training
gen_10d6167d-78f6-45f4-a0b8-f2fcdc828f16,a7077efc-0948-4424-a190-5ba160d6bdce,Wellness,Yoga
gen_97a4d679-40f6-48f0-a8f1-ed7487664b4a,a7077efc-0948-4424-a190-5ba160d6bdce,Lifestyle,Minimalism
gen_76ff8388-2acc-4e76-9898-b0924b56f6d8,a71a159d-6876-4bce-a8f8-33bc7d3cbff6,Leisure,Cooking
gen_6b836863-e5bd-4435-85a1-77bf2f93785d,a71a159d-6876-4bce-a8f8-33bc7d3cbff6,Community,Volunteering
gen_3394adc1-6a81-4737-8935-9789ea2b9bde,a73e1650-f132-4afd-8386-236dd8820d46,Nutrition,Meal Prep
gen_2fa97137-d6bc-4ead-a2fa-9a56f6263971,a73e1650-f132-4afd-8386-236dd8820d46,Lifestyle,Minimalism
gen_0a04fa0e-90f5-4b18-87d0-3aab507a1dbd,a73e1650-f132-4afd-8386-236dd8820d46,Leisure,Reading
gen_fd882ca2-2d52-4532-9fc0-7b07696f1c26,a74d9e92-ae80-47db-84a3-7d67b990da75,Community,Volunteering
gen_db389950-c129-4372-9d7f-de182a643490,a74d9e92-ae80-47db-84a3-7d67b990da75,Lifestyle,Music
gen_44830838-94fd-440a-9178-3137c653fcb8,a74d9e92-ae80-47db-84a3-7d67b990da75,Lifestyle,Digital Detox
gen_6daf8000-67a1-4c11-a772-b27d78efd20e,a7699a09-8d6f-42b0-bc81-28bb359b5357,Fitness,Running
gen_d7b8a872-6047-4e4a-bc0f-f63f5227ba1c,a7699a09-8d6f-42b0-bc81-28bb359b5357,Wellness,Meditation
gen_32ab9643-b3d0-4984-abdd-e339beb00949,a77c6909-50e7-4309-bfd6-103f5b5e7fd0,Fitness,Cycling
gen_1270ea5d-49d6-47da-8ae8-f0681a5a67be,a77c6909-50e7-4309-bfd6-103f5b5e7fd0,Leisure,Reading
gen_08319cec-0364-4473-9bf9-8e34a92ac4a7,a77c6909-50e7-4309-bfd6-103f5b5e7fd0,Lifestyle,Digital Detox
gen_f6c28f4a-3257-4989-83ff-12965bd494bf,a7b8f142-6b8b-4eac-bae6-5f57f113147b,Fitness,Cycling
gen_97a8a8f4-ffdf-45ed-bb1b-6909a35c231b,a7b8f142-6b8b-4eac-bae6-5f57f113147b,Wellness,Yoga
gen_ba4b4d61-f182-4fcc-b5c1-d969b785f140,a7c749d9-a29d-4d13-b327-d13bc21e8e62,Community,Volunteering
gen_0da70759-2732-4e57-8400-ee1cceb9c9bc,a7c749d9-a29d-4d13-b327-d13bc21e8e62,Lifestyle,Music
gen_90b4d7f7-da9f-4cd3-96b1-3edd542e6ec6,a7e85683-6f69-42c3-95be-f323277c750e,Lifestyle,Music
gen_1675b74b-8e25-4cd1-b90b-6962544cf550,a7e85683-6f69-42c3-95be-f323277c750e,Lifestyle,Minimalism
gen_f37a528c-0aa9-412a-b244-83f80125305b,a7ea9c7f-91fa-4d51-a1a1-b9726a865670,Leisure,Cooking
gen_23bcbde4-4c29-4ed7-a676-7e8647c86e1f,a7ea9c7f-91fa-4d51-a1a1-b9726a865670,Nutrition,Keto Diet
gen_7da29cf7-0d4e-40af-9360-dfa1049c2f4e,a82988f3-1072-485e-9c3a-663039bd92ed,Wellness,Meditation
gen_073606a8-d283-4a28-af6e-dabcd0a6f7fa,a82988f3-1072-485e-9c3a-663039bd92ed,Nutrition,Keto Diet
gen_c65c9518-2648-497d-8404-27945cd31520,a83c52a2-f547-4fcd-aa6d-a193cb2866fb,Lifestyle,Digital Detox
gen_0a575566-3301-4a03-894c-cedce84ef463,a83c52a2-f547-4fcd-aa6d-a193cb2866fb,Nutrition,Vegan Diet
gen_dbb70393-25ea-47e3-9d00-761c2b2d7368,a83c52a2-f547-4fcd-aa6d-a193cb2866fb,Hobbies,Gardening
gen_98245eae-8d23-459f-a856-f2deeffa2544,a846c488-9a3f-4ca8-9cac-edde91bf1328,Hobbies,Gardening
gen_5438c91e-d10c-43b7-9378-e3625ebceafe,a846c488-9a3f-4ca8-9cac-edde91bf1328,Lifestyle,Music
gen_062eaa74-05b3-48a9-b539-201e09c555ba,a87992c7-802a-4a38-9451-968124c4a5d9,Nutrition,Keto Diet
gen_7a897771-871b-436b-9202-73d66c988eb6,a87992c7-802a-4a38-9451-968124c4a5d9,Lifestyle,Minimalism
gen_9b38305f-76a7-48f0-a4fc-8f320e56168f,a8879e8b-368d-4bff-9b03-d699e21d684d,Fitness,Cycling
gen_38095393-6b7f-40eb-838c-c46c6ecb8e91,a8879e8b-368d-4bff-9b03-d699e21d684d,Community,Volunteering
gen_e5c75830-0962-4027-8cf4-32f03c673880,a8879e8b-368d-4bff-9b03-d699e21d684d,Lifestyle,Minimalism
gen_3f9606cf-1d02-4536-ad40-cd6d30776fed,a912d7dd-4259-4601-a565-959acbff0953,Nutrition,Keto Diet
gen_d26c31b9-ebfd-465b-a859-9431aaac9251,a912d7dd-4259-4601-a565-959acbff0953,Fitness,Cycling
gen_e7499ab2-77c7-411b-b70c-c35f656d1ff7,a912d7dd-4259-4601-a565-959acbff0953,Wellness,Meditation
gen_a5c669e8-7371-4348-ab49-49d8564916ae,a91c7a41-981c-4ee3-ac0f-45a5e6740ed1,Wellness,Meditation
gen_9e7c901b-aad4-45e2-be06-ee512f8ffc7c,a91c7a41-981c-4ee3-ac0f-45a5e6740ed1,Lifestyle,Music
gen_af99e12b-0258-4be8-af6b-ed1a3d13167d,a9204726-9d4b-41c4-bdea-c0e23fbe3c5c,Lifestyle,Music
gen_892369db-a0df-4103-aca8-733119ef7784,a9204726-9d4b-41c4-bdea-c0e23fbe3c5c,Fitness,Cycling
gen_8570ff24-ae7d-4062-bfd3-0564830a7385,a9204726-9d4b-41c4-bdea-c0e23fbe3c5c,Fitness,Strength Training
gen_4e85b4a7-aef4-4094-825f-8fe5bcddd57e,a92ca9e0-1e22-457b-b11b-008a864e050e,Community,Volunteering
gen_56c53917-1d71-42d8-a466-5cf4f6d38be1,a92ca9e0-1e22-457b-b11b-008a864e050e,Wellness,Yoga
gen_c13064a0-a3aa-4641-998a-c0fbbf8892cd,a92ecca8-4b68-486a-8c7a-00003753544f,Hobbies,Gardening
gen_ac3f33ea-cec5-40b9-9279-36a62c9d8da1,a92ecca8-4b68-486a-8c7a-00003753544f,Wellness,Yoga
gen_aa4b03ab-b63b-48fb-a151-0c1424d80b73,a95cc641-46af-4be5-ae63-b3603178b982,Hobbies,Gardening
gen_3f936c1d-5dcb-4133-9cf1-b87347890765,a95cc641-46af-4be5-ae63-b3603178b982,Nutrition,Vegan Diet
gen_0fe2dcd7-e48e-4fb3-8797-0256d6032295,a95cc641-46af-4be5-ae63-b3603178b982,Lifestyle,Digital Detox
gen_9fa2c9fc-2dab-4d0a-9b4c-25b127be908a,a9740197-7659-4b8f-9470-80a4608c3608,Community,Volunteering
gen_484ba920-a9e7-4955-9da3-e5ab6ea0fba4,a9740197-7659-4b8f-9470-80a4608c3608,Leisure,Reading
gen_571f72fc-19c8-4144-b2c0-07904e65944a,a981eccf-4f37-4362-a091-8eae42c7c680,Lifestyle,Minimalism
gen_b5653917-56f1-41b2-9c25-3e42c77fb8f3,a981eccf-4f37-4362-a091-8eae42c7c680,Fitness,Cycling
gen_90bd226a-c352-4356-b42f-3c733a553abc,a98dffce-9c37-4e40-b670-90ec90880b2a,Fitness,Strength Training
gen_9a82bfa9-6376-4f0b-aa02-090db7d6d83a,a98dffce-9c37-4e40-b670-90ec90880b2a,Leisure,Reading
gen_e2e2c17b-f614-4071-97b8-c192c6feba7d,a9e78d99-7593-41db-bde5-35ec8df458a0,Wellness,Yoga
gen_bcd99c15-3a1a-48a5-a910-1573b0976d57,a9e78d99-7593-41db-bde5-35ec8df458a0,Wellness,Meditation
gen_80b80a6e-8fc6-4501-a85e-ad93b6e4ea71,aa367e60-17de-4ac3-82d0-743333d449fd,Nutrition,Meal Prep
gen_39101fba-dd16-4fac-8664-ae0b20ad0a0f,aa367e60-17de-4ac3-82d0-743333d449fd,Leisure,Cooking
gen_cda04bea-5ce4-4ff1-bdcd-8a7a44d783d7,aa367e60-17de-4ac3-82d0-743333d449fd,Hobbies,Gardening
gen_be557ef6-d446-48cf-a0fd-66cb3c652de1,aa46c674-fba6-4176-b387-6cd603b91d8b,Nutrition,Vegan Diet
gen_469ccc6f-0ae9-400e-8505-22f0d8d368ae,aa46c674-fba6-4176-b387-6cd603b91d8b,Leisure,Cooking
gen_3e35dfbe-1e3a-452c-9035-5fc58971060a,aa46c674-fba6-4176-b387-6cd603b91d8b,Nutrition,Keto Diet
gen_2d2c4998-3466-4060-9d8f-4d5667d4a7aa,aa8592ef-7370-4c10-9caa-27f57a56238c,Wellness,Meditation
gen_75cd32dd-6397-415d-81e9-3e2fc34776b5,aa8592ef-7370-4c10-9caa-27f57a56238c,Wellness,Yoga
gen_3534f53a-dfa3-4c9c-95da-9e90bbbc85ba,aa8592ef-7370-4c10-9caa-27f57a56238c,Lifestyle,Minimalism
gen_807f6a07-3622-45df-a679-1bb87f2cc19d,aaaa5064-6b5a-48c5-92d6-420bb08ed13b,Hobbies,Gardening
gen_e1d9f7a7-d131-4100-85ef-82bba7292ef6,aaaa5064-6b5a-48c5-92d6-420bb08ed13b,Lifestyle,Digital Detox
gen_71a0f011-a0ba-4cb3-acea-56b184b1095c,aaaa5064-6b5a-48c5-92d6-420bb08ed13b,Fitness,Strength Training
gen_d700487c-4a94-490a-8fcb-fe2de86b0e33,aaae9351-55c8-4644-932a-f0c454b9c1a0,Fitness,Strength Training
gen_d2b06044-b325-4a7f-8d74-b4a5df609d60,aaae9351-55c8-4644-932a-f0c454b9c1a0,Fitness,Running
gen_4b05e51e-9c74-4af3-a63b-8c69f477212d,aaae9351-55c8-4644-932a-f0c454b9c1a0,Lifestyle,Music
gen_6d43ac32-f34a-48e8-872d-57bf6cf22769,aac30ea8-5174-44d3-b103-8892e8bb630d,Lifestyle,Digital Detox
gen_2f8ba009-6ffd-4d73-a54c-0bcb6b58950e,aac30ea8-5174-44d3-b103-8892e8bb630d,Hobbies,Gardening
gen_828bdfab-2d34-4234-97bc-e94ffb89680d,aac30ea8-5174-44d3-b103-8892e8bb630d,Fitness,Strength Training
gen_e5155610-6a51-417f-ae71-836fb51a7c22,aad74700-3fde-46a4-935a-7ed20fc0c5ed,Wellness,Meditation
gen_f703cc4b-e59e-4caf-a94d-3c007551b025,aad74700-3fde-46a4-935a-7ed20fc0c5ed,Hobbies,Gardening
gen_91c6af9d-8892-4396-87f6-8b7bab3edc8d,aad74700-3fde-46a4-935a-7ed20fc0c5ed,Fitness,Running
gen_12f7d992-0966-4dfa-b803-ee97195278b6,ab21b441-6a1f-4c12-b96c-1601d6774fc2,Fitness,Running
gen_0ad86152-07cc-4c07-8131-4e2d2adb4e5c,ab21b441-6a1f-4c12-b96c-1601d6774fc2,Nutrition,Keto Diet
gen_478a66b9-edc3-4c48-92d9-55324d211093,ab21b441-6a1f-4c12-b96c-1601d6774fc2,Wellness,Meditation
gen_741442ba-4325-4219-a7f2-63d7fb9b914e,ab328f1e-368e-4106-a169-fc18d8930ed2,Community,Volunteering
gen_07f503cd-1090-4e8f-a07b-6b10675eb76a,ab328f1e-368e-4106-a169-fc18d8930ed2,Wellness,Meditation
gen_afa3dd1a-3358-41bd-b2a6-8ca20c20d564,ab328f1e-368e-4106-a169-fc18d8930ed2,Leisure,Cooking
gen_75b65e43-e3a6-4f0f-8cc2-e521bec07303,ab4fa334-9949-4f77-af06-2abe1fd4dc34,Wellness,Yoga
gen_cb1e4c05-362f-47be-abe5-9c8bbae1f292,ab4fa334-9949-4f77-af06-2abe1fd4dc34,Fitness,Cycling
gen_ae40730d-b965-4bed-a5b8-5198740205e7,ab4fa334-9949-4f77-af06-2abe1fd4dc34,Lifestyle,Digital Detox
gen_27c52918-406a-41b0-b11d-8b177552f77e,ab662f00-8190-4fb0-9f79-e1d6f5fe7afe,Leisure,Cooking
gen_1888cfbd-01e9-45c8-9794-4b29864a2356,ab662f00-8190-4fb0-9f79-e1d6f5fe7afe,Lifestyle,Music
gen_bae310d8-6d87-4010-b7c5-4b8b4b344ece,ab6f336b-43a7-42d8-9bd0-f624b695ac23,Hobbies,Gardening
gen_96fe85a4-5808-45fa-8e4f-e1bb514d943a,ab6f336b-43a7-42d8-9bd0-f624b695ac23,Nutrition,Keto Diet
gen_9a674196-e16c-4e40-93d0-de37355b7249,ab6f336b-43a7-42d8-9bd0-f624b695ac23,Leisure,Cooking
gen_77d78a95-a053-4c26-a541-81fda80b896b,ab7ae623-bb49-4943-9dbd-1dd76623e9aa,Nutrition,Meal Prep
gen_2bda1c02-ecda-4d85-8f65-ce4152fb237f,ab7ae623-bb49-4943-9dbd-1dd76623e9aa,Lifestyle,Music
gen_81ad1444-779a-48f4-9227-b7f953c7e99c,ab8efba9-e14f-47af-aee3-9c033bd5f70e,Wellness,Meditation
gen_637e0e28-2b00-4f01-ab4b-b6447db32e39,ab8efba9-e14f-47af-aee3-9c033bd5f70e,Leisure,Cooking
gen_cdd4a456-f4b1-47e5-9804-b3458aa87a93,ab8efba9-e14f-47af-aee3-9c033bd5f70e,Nutrition,Vegan Diet
gen_3da835e0-ad47-4b1a-b5fb-9490b88f31a7,aba0e7a7-5ef4-41c5-8c8e-e52f055cfc7b,Nutrition,Vegan Diet
gen_a026a821-3466-48c1-a6d1-7e0536c4c9e4,aba0e7a7-5ef4-41c5-8c8e-e52f055cfc7b,Nutrition,Meal Prep
gen_c7257b03-26ce-4fea-9b51-e3f1b37b481f,aba0e7a7-5ef4-41c5-8c8e-e52f055cfc7b,Lifestyle,Music
gen_c173b2b0-7014-4d3e-9fac-c0ab665fddcb,abac5c69-7f23-49b3-bb20-f26d96d64796,Nutrition,Keto Diet
gen_465d0b9c-8793-426b-8233-93ad3a159bd9,abac5c69-7f23-49b3-bb20-f26d96d64796,Nutrition,Meal Prep
gen_d4293319-93f3-4252-ac24-3999af61eacd,abbbe018-e0c7-4ec0-8596-7e9a0ae0b293,Hobbies,Gardening
gen_5bc2e831-39b4-4491-ad3f-010eecfa81c6,abbbe018-e0c7-4ec0-8596-7e9a0ae0b293,Lifestyle,Digital Detox
gen_08ec1cf4-6ef4-4de5-8e75-7e9b63a3134f,abc347d8-5bcf-470b-b2d9-300f78ad6bbb,Leisure,Cooking
gen_641d4169-ab2f-4a1c-add9-2efae87d5e1e,abc347d8-5bcf-470b-b2d9-300f78ad6bbb,Hobbies,Gardening
gen_6ce7e42d-4673-4e57-b2ba-58ed860a13a8,abc347d8-5bcf-470b-b2d9-300f78ad6bbb,Nutrition,Keto Diet
gen_c930fd70-82d4-41dc-b4ec-6069fb6a9883,abcbb48f-b8a3-426f-8c5f-76efbc3829c0,Community,Volunteering
gen_8518ec6c-bfaa-4fd4-87f4-eb6c80320457,abcbb48f-b8a3-426f-8c5f-76efbc3829c0,Fitness,Cycling
gen_f114afa3-0ff2-40cd-998f-27d8199af7ae,abcbb48f-b8a3-426f-8c5f-76efbc3829c0,Hobbies,Gardening
gen_d0080e9f-9e5f-43ad-90c1-4e755f96f78e,abd9026d-b0a5-4584-b406-63058e451c08,Wellness,Meditation
gen_32d77608-6c52-43c4-9fda-a9e772880df7,abd9026d-b0a5-4584-b406-63058e451c08,Fitness,Running
gen_c4488e19-56c2-49ec-bc0a-00136cb1c056,ac0539f5-924e-4cd0-8c25-d4a957f6bf9f,Fitness,Cycling
gen_49daa795-b610-41c0-bfbe-43bef442f877,ac0539f5-924e-4cd0-8c25-d4a957f6bf9f,Nutrition,Meal Prep
gen_8152e85d-60be-4d08-9a06-2cbc11232bc5,ac0539f5-924e-4cd0-8c25-d4a957f6bf9f,Wellness,Meditation
gen_0a833b15-2fe3-4ca5-b58d-2bc5d38de7c6,ac7322df-4b47-4af3-ab37-7b304310ab48,Hobbies,Gardening
gen_69b74971-4c56-4a8f-80a4-971151682271,ac7322df-4b47-4af3-ab37-7b304310ab48,Nutrition,Keto Diet
gen_b9f96f16-4060-4671-beca-eefd4998ad4e,aca37f3b-c4c8-46ca-b827-c0c282e44451,Wellness,Yoga
gen_e6c5288d-c486-42f2-89e6-dabc29953562,aca37f3b-c4c8-46ca-b827-c0c282e44451,Nutrition,Keto Diet
gen_496377dc-f47c-48fc-acf8-037c79c667a9,acaa7e5e-d908-4641-8239-af6edfa02d9d,Nutrition,Meal Prep
gen_edaa53c0-4731-477f-9537-a6acc53c1a1e,acaa7e5e-d908-4641-8239-af6edfa02d9d,Community,Volunteering
gen_962422fc-d6eb-4596-9d5a-d054dc1a5853,ace75e42-e95b-4beb-9c5b-562d134c9309,Nutrition,Vegan Diet
gen_e999a551-087b-4a81-b398-df592e74b733,ace75e42-e95b-4beb-9c5b-562d134c9309,Leisure,Reading
gen_00164ef8-df69-4489-8d36-fd48e995fa7d,ace75e42-e95b-4beb-9c5b-562d134c9309,Nutrition,Keto Diet
gen_46353857-1734-43e1-9c08-09006aaff491,ad0f3597-0aee-4b4d-be9b-7c5fed0398c3,Wellness,Meditation
gen_9a3eed8e-55e4-4444-b812-cd9f16155357,ad0f3597-0aee-4b4d-be9b-7c5fed0398c3,Fitness,Strength Training
gen_58d99d57-77ca-4658-aedc-2be4472cbae6,ad0f3597-0aee-4b4d-be9b-7c5fed0398c3,Leisure,Cooking
gen_d363bc57-0910-4eca-b853-69b2fb90b93d,ad161f13-5ed0-4186-b156-f79d0fb68d9d,Community,Volunteering
gen_86f05a2b-dcc9-455d-be0b-dfce4645b351,ad161f13-5ed0-4186-b156-f79d0fb68d9d,Fitness,Running
gen_c9f76d67-11ca-43c8-89db-f598c99a9772,ad161f13-5ed0-4186-b156-f79d0fb68d9d,Lifestyle,Minimalism
gen_c15fbfe0-a93a-4312-9b10-226225059503,ad2a4bef-c845-4ab3-b7ef-6409ab288513,Community,Volunteering
gen_d4c3e305-8b52-45b0-9a02-9f83ffded0ca,ad2a4bef-c845-4ab3-b7ef-6409ab288513,Hobbies,Gardening
gen_c57620f1-2202-44df-8cd4-97416b7a7718,ad4687b9-9465-4075-bcba-2b1162a81e6e,Lifestyle,Minimalism
gen_7d98cc05-3c75-4024-b91e-ba12e929dd09,ad4687b9-9465-4075-bcba-2b1162a81e6e,Wellness,Yoga
gen_4924895e-3ee1-4cbb-94f9-02833a9ad06d,ad5e575d-6f07-4c9e-a45e-68ba7f35be0d,Community,Volunteering
gen_b76ab37d-3ccb-4715-9d47-662ca09d97b0,ad5e575d-6f07-4c9e-a45e-68ba7f35be0d,Hobbies,Gardening
gen_d2e95293-2b71-4a20-a08b-fe87edd0f15d,ad5f2272-be9b-467b-966f-abbf917fb623,Lifestyle,Digital Detox
gen_3faad558-69dd-4d22-aaa1-f15345a8cd50,ad5f2272-be9b-467b-966f-abbf917fb623,Wellness,Meditation
gen_9e304d06-0c4f-47f4-aa41-0bd6c1138a31,ad5f2272-be9b-467b-966f-abbf917fb623,Nutrition,Vegan Diet
gen_7260e04d-8c25-4157-807c-3a8be44cf60d,ad830383-f01e-4a70-aec9-f15b6569ff09,Community,Volunteering
gen_1bc0b0cf-ef9d-442e-b184-676809771387,ad830383-f01e-4a70-aec9-f15b6569ff09,Leisure,Cooking
gen_218cc60e-ab6f-4c8b-b35c-4153ab6bbda7,ad913f20-1366-41ba-a19d-53c56b7f3b43,Fitness,Cycling
gen_0792ee32-d497-41b6-a3f1-6cd5be8cae56,ad913f20-1366-41ba-a19d-53c56b7f3b43,Wellness,Yoga
gen_23c74266-4d74-4d12-bf0b-7f08392acde0,ae408ba4-4e3e-47fe-808c-7f7f4123391f,Nutrition,Vegan Diet
gen_2a24f702-c536-4110-a48c-ac5c69c722c3,ae408ba4-4e3e-47fe-808c-7f7f4123391f,Fitness,Strength Training
gen_9fbc4904-1e7a-4082-abaf-694e550eed09,ae408ba4-4e3e-47fe-808c-7f7f4123391f,Lifestyle,Minimalism
gen_7df0bbbd-d3a4-48a1-81a6-367d04a944cd,ae500cd5-1cd6-4bb8-b33f-83aa2a837ca1,Nutrition,Keto Diet
gen_ed6d4871-32fb-4dc6-8c1e-c6cd166f75b8,ae500cd5-1cd6-4bb8-b33f-83aa2a837ca1,Community,Volunteering
gen_cc914f54-08ad-4613-885f-0389428aa3aa,ae5a2c4e-4a02-4338-8702-f53cb2cbcaf1,Leisure,Reading
gen_19e99f4a-2ed1-4e8b-9d1f-8d9caec9a259,ae5a2c4e-4a02-4338-8702-f53cb2cbcaf1,Fitness,Running
gen_3c704b1f-a43f-4689-a0e2-293b89afee76,ae73882a-92c0-46af-8dc9-7f2f8bdaa74f,Nutrition,Keto Diet
gen_697fd1bd-648f-4cbf-959d-59ec0be7a906,ae73882a-92c0-46af-8dc9-7f2f8bdaa74f,Hobbies,Gardening
gen_2fbeb519-d00b-4a05-b205-540a798d8886,ae73882a-92c0-46af-8dc9-7f2f8bdaa74f,Fitness,Cycling
gen_494d2ca6-f230-43f8-aa40-0605c15c8348,aedaa2df-395c-4d65-a622-d5ce3361a4a6,Hobbies,Gardening
gen_354ca8d1-5680-4fb9-a2be-0f833560a601,aedaa2df-395c-4d65-a622-d5ce3361a4a6,Lifestyle,Music
gen_08c10d13-de46-4a55-8de1-10c88ed966fb,aedaa2df-395c-4d65-a622-d5ce3361a4a6,Community,Volunteering
gen_cdebba3c-5032-4d18-af58-7f1c34fc52cc,aee8cfca-87db-46d2-b391-e43201444ce6,Wellness,Meditation
gen_184b5c53-a0da-4ad4-ad8a-4feff33d53cd,aee8cfca-87db-46d2-b391-e43201444ce6,Wellness,Yoga
gen_e5d40bb8-fb06-4020-835f-43f1602bb080,aee8cfca-87db-46d2-b391-e43201444ce6,Leisure,Reading
gen_04436d11-780b-45e2-8dd0-d3270a20c854,aefd6b1e-55bf-4eaf-a289-daaa87706670,Fitness,Strength Training
gen_3e63abc8-29c0-4a94-b732-51e2443194d2,aefd6b1e-55bf-4eaf-a289-daaa87706670,Leisure,Reading
gen_fe87b762-bff6-4e67-bfa8-cc2d73906d2c,af025a99-ec4c-489a-99c5-723840442c3f,Lifestyle,Minimalism
gen_561b390b-2b11-402e-afdb-207e77d117f2,af025a99-ec4c-489a-99c5-723840442c3f,Leisure,Reading
gen_ae5f5dc7-86d9-4ac9-8aa4-c5ef03c313ad,af047bc6-7be7-41d0-a147-e2c9d453229c,Fitness,Cycling
gen_1de50718-1ad3-4a88-9609-b18d6aab6e2d,af047bc6-7be7-41d0-a147-e2c9d453229c,Fitness,Strength Training
gen_29b27b40-9098-43de-a6f2-eb753e72f712,af0b011e-97a6-4828-8541-f7f292d725b7,Hobbies,Gardening
gen_c506e8a7-8f22-4ca1-8b32-116fd0d98799,af0b011e-97a6-4828-8541-f7f292d725b7,Nutrition,Vegan Diet
gen_a55f9b68-7ea2-4e70-824c-a100e0da1e16,af0b011e-97a6-4828-8541-f7f292d725b7,Community,Volunteering
gen_4e5bac25-f7a2-4a80-b79b-c7f74946c462,af14b345-3671-4898-801a-937e4abc77b8,Lifestyle,Minimalism
gen_74f41255-29ed-43c4-b914-9bd7ec670716,af14b345-3671-4898-801a-937e4abc77b8,Nutrition,Vegan Diet
gen_5c748607-713c-46db-b383-362ed54d382f,af14b345-3671-4898-801a-937e4abc77b8,Lifestyle,Music
gen_0881d539-40e2-49fe-85f6-096ebebef337,af30e3c9-8591-46de-bf5e-e878ef34329e,Lifestyle,Digital Detox
gen_977f54fc-b087-4916-afa1-274768a950b2,af30e3c9-8591-46de-bf5e-e878ef34329e,Wellness,Yoga
gen_b3fc376d-179e-4b00-b2f2-9da959d2b80b,af561ef8-6e56-44b8-a0f2-06ddfdd5b406,Lifestyle,Music
gen_f5efff3e-e4c5-4260-bfb0-1eca32a1843a,af561ef8-6e56-44b8-a0f2-06ddfdd5b406,Nutrition,Keto Diet
gen_7fd796d9-27e4-4203-950d-08d04d107b71,af561ef8-6e56-44b8-a0f2-06ddfdd5b406,Leisure,Reading
gen_3bbe589d-5f94-4b0c-a469-b5934808da26,af98c611-ae2c-48b1-9bd9-b1106d8a4844,Lifestyle,Music
gen_61c42f69-21dc-4135-b065-a94a6c81d656,af98c611-ae2c-48b1-9bd9-b1106d8a4844,Hobbies,Gardening
gen_73dd610e-8a24-4c52-ab22-50fa3d31dbec,afaaa1d1-77dc-4602-bdc2-95c2671ede81,Hobbies,Gardening
gen_4001766d-df0b-4496-99b0-db09e0a509ff,afaaa1d1-77dc-4602-bdc2-95c2671ede81,Nutrition,Meal Prep
gen_b19993f8-1eae-42ad-ab1d-594fda3ad9c5,afb3bf01-3024-4db5-8c75-d9cd6e0c4ffe,Wellness,Yoga
gen_06b2e875-09e9-41e4-b1c2-aa1e7a8b064d,afb3bf01-3024-4db5-8c75-d9cd6e0c4ffe,Nutrition,Meal Prep
gen_58d56f02-2817-41bc-8116-3a558683a7d2,afc6ed18-6abc-4072-bc63-809a716a1639,Wellness,Meditation
gen_a160584e-7a54-4a42-a8ba-93549fff575b,afc6ed18-6abc-4072-bc63-809a716a1639,Fitness,Cycling
gen_abf8a062-af85-42d6-b2ea-31d058fab131,afc6ed18-6abc-4072-bc63-809a716a1639,Fitness,Running
gen_cb00d598-a2d5-48d6-ae82-10457787de4f,afdaa779-7acf-4ab2-9f70-9acaab767b1a,Lifestyle,Digital Detox
gen_4862203b-fa76-4892-a678-969499292b00,afdaa779-7acf-4ab2-9f70-9acaab767b1a,Fitness,Strength Training
gen_0f59ff07-a486-453b-a064-4e387b721344,afdaa779-7acf-4ab2-9f70-9acaab767b1a,Wellness,Meditation
gen_fd171a07-70e6-4e66-9941-e459a4ca678c,afdc65e6-8168-47bf-a7a6-1d52b55574c3,Fitness,Running
gen_d5db9424-34f5-4fe2-878a-3a872208e6c7,afdc65e6-8168-47bf-a7a6-1d52b55574c3,Community,Volunteering
gen_bf06abc8-4327-46c9-8011-0e2f1da4285d,b035eb8f-e5b2-4666-8920-26676d843f98,Wellness,Meditation
gen_bf26f065-0d76-4b78-9cf8-b741ab6a1a4a,b035eb8f-e5b2-4666-8920-26676d843f98,Leisure,Cooking
gen_b5779e13-99f3-460d-a0e0-75c3d7f92018,b0459064-f7a9-41f0-a301-2a5e1609120d,Nutrition,Meal Prep
gen_33210a91-14ad-4928-aec2-2922b5d58577,b0459064-f7a9-41f0-a301-2a5e1609120d,Lifestyle,Digital Detox
gen_c1d709e3-ba40-48dd-a10c-eaa7058505df,b0459064-f7a9-41f0-a301-2a5e1609120d,Fitness,Strength Training
gen_840001b5-300d-4e69-beda-b8f93756b802,b065186b-9246-4feb-8aa1-d4845adaf808,Nutrition,Vegan Diet
gen_33b3edad-cf61-4518-b3fa-5ff180f8be04,b065186b-9246-4feb-8aa1-d4845adaf808,Hobbies,Gardening
gen_e1fcec15-5a7e-4dfc-ab92-e6d7bbb4fd2c,b065186b-9246-4feb-8aa1-d4845adaf808,Fitness,Cycling
gen_e0a9eaaf-258c-4b1b-a3d1-ce76b1c38793,b06e9c18-2542-496f-a9ff-3cd3131a766f,Leisure,Cooking
gen_154cef67-953e-4665-a5aa-b7841f8b6e8d,b06e9c18-2542-496f-a9ff-3cd3131a766f,Lifestyle,Minimalism
gen_568a6930-6ca1-41b8-9b4c-0a5128beee9e,b06e9c18-2542-496f-a9ff-3cd3131a766f,Nutrition,Keto Diet
gen_082502c0-e39d-480e-a8b3-3adc3b8468cb,b09e6260-1c31-4a39-88b1-4718a37252e8,Fitness,Cycling
gen_34712573-94f9-451a-a914-d60df205b907,b09e6260-1c31-4a39-88b1-4718a37252e8,Leisure,Reading
gen_27e8929d-f540-4207-8945-d6f6426dd334,b0a8e5f3-7ca3-4084-b5b4-0aa81e6a7282,Lifestyle,Music
gen_27f5ab34-ea7f-4f77-92d3-a47317b1c14d,b0a8e5f3-7ca3-4084-b5b4-0aa81e6a7282,Wellness,Yoga
gen_16e0ef7c-f9df-4833-b3a9-d6b1721dc11e,b0a8e5f3-7ca3-4084-b5b4-0aa81e6a7282,Community,Volunteering
gen_de2f696f-21f3-4fb3-8260-0e25f915e503,b0bec2b5-c107-48ed-997e-9c82562e9075,Wellness,Yoga
gen_8ac88f51-9398-419c-8a57-378dd2b341e0,b0bec2b5-c107-48ed-997e-9c82562e9075,Nutrition,Meal Prep
gen_392769b2-4dcf-4f46-9017-ceba121b536d,b0c4ff7d-f7b3-40e0-8ced-779e378fd7f7,Fitness,Strength Training
gen_a3dea2ac-e048-4bd8-ba84-ab33dd5ba56f,b0c4ff7d-f7b3-40e0-8ced-779e378fd7f7,Lifestyle,Digital Detox
gen_f3203a94-2bca-4118-ae92-b97bcf790b69,b0ded163-8e2c-44f7-87c0-81c8f774da4d,Fitness,Running
gen_74ad344c-4392-40e2-8ab9-0b0e1bd38ae9,b0ded163-8e2c-44f7-87c0-81c8f774da4d,Nutrition,Keto Diet
gen_5376919d-7eff-4c2a-b845-49eedbe71e39,b1051b45-ff02-408f-bb8c-92b6611f659d,Nutrition,Vegan Diet
gen_f2536812-3406-429a-b996-9526455370c4,b1051b45-ff02-408f-bb8c-92b6611f659d,Hobbies,Gardening
gen_0e6b823f-f912-46b5-abdf-a1a6d96bf505,b11dff27-27cc-4b5f-b628-39ac0ae923b5,Leisure,Reading
gen_292d7ed7-897d-436c-81ed-5ae7f78c0b40,b11dff27-27cc-4b5f-b628-39ac0ae923b5,Lifestyle,Digital Detox
gen_239b8322-235e-49db-9854-20414ccdb22a,b11dff27-27cc-4b5f-b628-39ac0ae923b5,Fitness,Strength Training
gen_ab199ef3-4bd7-40df-83a6-3763e40620ad,b1205bef-b607-4b01-9a02-06bacdba875b,Fitness,Strength Training
gen_b3fafbeb-343b-4168-bbd5-00cb7772dd4e,b1205bef-b607-4b01-9a02-06bacdba875b,Lifestyle,Music
gen_956b924b-0e6d-4491-900e-abf495101c7a,b12ee20b-2b82-4b5b-9bc8-b4015a0b441a,Hobbies,Gardening
gen_e161b96f-5a36-4f97-a61f-42d92c9b91ee,b12ee20b-2b82-4b5b-9bc8-b4015a0b441a,Community,Volunteering
gen_7ff61cac-68b8-4b6b-a495-c26bfd74677e,b1699772-2c7f-43ad-a043-9f8582432dca,Lifestyle,Music
gen_a69c96e0-8b8e-422e-8f38-eb1c3c6c4ab8,b1699772-2c7f-43ad-a043-9f8582432dca,Nutrition,Meal Prep
gen_6551124d-0618-447b-b195-da0e3ea00980,b19577d2-7560-466d-90ce-62e6277013e8,Nutrition,Vegan Diet
gen_c8e3fe25-9456-40ab-9623-f978a1906bcc,b19577d2-7560-466d-90ce-62e6277013e8,Lifestyle,Minimalism
gen_3747d598-e80d-43e6-8a63-77cf3d3b7047,b196f8f2-a41f-450b-bef8-4831de113d09,Fitness,Running
gen_1056253a-7d59-47ad-81f2-ac1e64c1a2f1,b196f8f2-a41f-450b-bef8-4831de113d09,Lifestyle,Digital Detox
gen_9e2bfbb9-779a-4cff-87d6-02e19988e6ee,b196f8f2-a41f-450b-bef8-4831de113d09,Wellness,Meditation
gen_ccf8b89b-8167-4fb5-b1cb-88c2af40e62d,b19f26a9-522a-401f-b7ed-bdfe89d05eaf,Nutrition,Meal Prep
gen_95e86113-a20f-4730-96fb-08511edad626,b19f26a9-522a-401f-b7ed-bdfe89d05eaf,Fitness,Cycling
gen_5d6869bf-fec5-4031-9b60-8354c080088b,b19f26a9-522a-401f-b7ed-bdfe89d05eaf,Wellness,Yoga
gen_a3d45de0-e9c8-4046-a4aa-1389bb4cc91c,b1a15c27-84a0-488e-88f1-b9cc4ef2c1b2,Wellness,Meditation
gen_9981607b-1a55-4bdf-97a5-e9c24a6f52f5,b1a15c27-84a0-488e-88f1-b9cc4ef2c1b2,Nutrition,Vegan Diet
gen_bf0d528e-27bf-4fab-92fc-cd5a4dee2c1b,b1a1a1ed-10ca-4907-93a8-9f43a5d89ed0,Hobbies,Gardening
gen_1ddd8af8-8224-4f5d-979d-35b361e96e5f,b1a1a1ed-10ca-4907-93a8-9f43a5d89ed0,Lifestyle,Digital Detox
gen_15b5aa3b-dcf6-4bbc-8877-1652880bc894,b1e1956f-70cf-469e-a4e5-a80c078f34a1,Fitness,Strength Training
gen_ff8fab4c-f32a-405b-bde3-7c29b8431fb2,b1e1956f-70cf-469e-a4e5-a80c078f34a1,Leisure,Cooking
gen_8b0d3e86-18d2-4edd-a5b7-1ba9aed49019,b1e1956f-70cf-469e-a4e5-a80c078f34a1,Nutrition,Meal Prep
gen_fd7f5690-a2ad-4a21-86d4-ec52f5f61b97,b1f8517a-b869-4e06-8b12-2f92288a5109,Nutrition,Vegan Diet
gen_36105bdc-0951-4061-9bb3-2cb77083774d,b1f8517a-b869-4e06-8b12-2f92288a5109,Community,Volunteering
gen_cfa8e65d-c894-4f37-a072-46505c501c39,b2111976-8e3c-4d39-809c-b5937acdd146,Lifestyle,Digital Detox
gen_96e51ffb-4724-4556-8f37-4d7c3dc7b44f,b2111976-8e3c-4d39-809c-b5937acdd146,Nutrition,Meal Prep
gen_76ca1d2a-b469-40dc-9497-b2c8c16a0c99,b223875d-ea0c-420a-8dbe-59dc42f28eb7,Wellness,Meditation
gen_a9806af5-d510-4b1e-a363-2343ef9aba26,b223875d-ea0c-420a-8dbe-59dc42f28eb7,Fitness,Running
gen_1faafb8b-5b33-4f2f-bae7-ee41ec325116,b267e252-bc36-4817-ac07-e1f07ce173d4,Lifestyle,Minimalism
gen_bb9cd996-722a-4ab5-8abc-c1d3bdfd5c6c,b267e252-bc36-4817-ac07-e1f07ce173d4,Wellness,Yoga
gen_82e370d5-0528-4607-8947-7dc616706d16,b2870368-ab65-4bea-bc50-052bb41cacc6,Leisure,Reading
gen_debaa7d2-3064-457f-8cc2-14e266c87d71,b2870368-ab65-4bea-bc50-052bb41cacc6,Wellness,Meditation
gen_119c2f5a-af11-474e-ae3b-5f8d7ad26e3e,b2adaae5-c362-45f7-8b67-69f870755642,Nutrition,Keto Diet
gen_5f8ecf77-aa48-475f-b822-a38f63052f76,b2adaae5-c362-45f7-8b67-69f870755642,Nutrition,Meal Prep
gen_8f49238b-2621-4489-b138-2d1dfc0b6050,b2ecdfe3-1f09-4f3a-b955-14b55dfa26ea,Wellness,Meditation
gen_de930c1b-a526-4166-aa1d-90906c595a36,b2ecdfe3-1f09-4f3a-b955-14b55dfa26ea,Fitness,Cycling
gen_4bc9e81b-37de-4f9d-8bab-d07efbcf193b,b2ecdfe3-1f09-4f3a-b955-14b55dfa26ea,Lifestyle,Music
gen_993b5b0d-732a-43d1-8fed-31ce2fb308d9,b2fb4745-c4e5-40f5-8d97-526de1d25c4b,Leisure,Cooking
gen_0883c18e-601d-47ce-ba2f-d808c704b0a6,b2fb4745-c4e5-40f5-8d97-526de1d25c4b,Wellness,Yoga
gen_31dda276-3fb2-4649-9d4f-7d8c973e8efa,b2fb4745-c4e5-40f5-8d97-526de1d25c4b,Nutrition,Meal Prep
gen_7709a69c-f11c-45fd-be36-1b5ca5ad5cc1,b31f113b-afdd-4355-b447-64da974445a1,Nutrition,Keto Diet
gen_da05935c-8a16-4809-b85a-00d8b7314891,b31f113b-afdd-4355-b447-64da974445a1,Wellness,Yoga
gen_bbfe5004-310f-4925-bfdc-cb2c98964c6d,b31f113b-afdd-4355-b447-64da974445a1,Lifestyle,Music
gen_2090c1b4-9df8-4118-ad7d-6f27f0a4f3d9,b3201ffc-d21a-47a4-bec2-8c0ee8e4380c,Hobbies,Gardening
gen_01e5af43-e81c-4ab4-bef3-c4cd44b4ff2c,b3201ffc-d21a-47a4-bec2-8c0ee8e4380c,Fitness,Running
gen_1f7014f5-9581-48ea-b928-1b460a7a6021,b33b4dec-5054-43c4-a991-f69f32442b93,Community,Volunteering
gen_89c16766-1802-4cee-b42e-d87374be9549,b33b4dec-5054-43c4-a991-f69f32442b93,Fitness,Strength Training
gen_dc31d93a-519a-4159-83dd-eddf5470d2b4,b34f4a4c-0b31-4f00-bc67-19d20a92eede,Fitness,Cycling
gen_33a2d9b4-c254-42e2-9ca4-752a8eac7088,b34f4a4c-0b31-4f00-bc67-19d20a92eede,Fitness,Running
gen_34cbdf6e-3915-4b09-b1f8-a7f369f4fde1,b34f4a4c-0b31-4f00-bc67-19d20a92eede,Leisure,Reading
gen_c7724acf-9ff6-4bb8-8162-ad89ad4043f9,b3691ae6-a183-45a5-8e02-b1f4eb2006af,Nutrition,Meal Prep
gen_ed6215bb-e13b-432e-b8f4-4788ddf10f51,b3691ae6-a183-45a5-8e02-b1f4eb2006af,Leisure,Cooking
gen_758b38c2-6f63-4158-96c9-522b9e141e14,b3a060b0-fb45-44cd-930a-e24e78969590,Leisure,Cooking
gen_2831a267-9e52-4bea-8b66-9c1221ad28cd,b3a060b0-fb45-44cd-930a-e24e78969590,Wellness,Meditation
gen_61f478ce-906c-46f6-96b6-763281b448fe,b3ce178d-432b-467f-88a2-c5da90e3133b,Lifestyle,Minimalism
gen_95c7d3a3-2e01-4e73-8ef4-14c7e4207eec,b3ce178d-432b-467f-88a2-c5da90e3133b,Wellness,Meditation
gen_56097f73-e835-4d8c-bf9d-6f9bd7abda34,b509f720-495e-40ea-a8bc-6be4eace22dc,Lifestyle,Minimalism
gen_9ad9eb83-ce0c-49a8-87ce-e6a205a96d2f,b509f720-495e-40ea-a8bc-6be4eace22dc,Lifestyle,Music
gen_f93dec6a-45ca-4a22-b82f-4c3efb9b7c90,b509f720-495e-40ea-a8bc-6be4eace22dc,Fitness,Running
gen_79eea1b1-fe33-4f03-8c4c-d715fddfc690,b542fce5-de2a-4030-87ac-2638d5f94818,Community,Volunteering
gen_594894a9-2305-4f15-b8d7-abaf87d4056b,b542fce5-de2a-4030-87ac-2638d5f94818,Lifestyle,Music
gen_58873484-34dc-4abb-9669-dd3e2f063d6a,b5b08c71-0530-48e6-908a-9dc8d605458d,Nutrition,Keto Diet
gen_39d7c4cb-c0db-497b-8f32-bd76962d3be5,b5b08c71-0530-48e6-908a-9dc8d605458d,Leisure,Reading
gen_4cd23ac5-6c0b-43b2-8c56-d929d4fb96a6,b5b08c71-0530-48e6-908a-9dc8d605458d,Hobbies,Gardening
gen_b5009926-7a22-42ae-b521-57a1ea00861f,b5cfafa5-38c0-4f07-b3dc-aaf4ed3898ba,Nutrition,Vegan Diet
gen_e29931f2-0ecc-4ad2-909b-9887845d6a2c,b5cfafa5-38c0-4f07-b3dc-aaf4ed3898ba,Nutrition,Meal Prep
gen_0a0d6529-45d1-440d-8a5d-07bc92dc1b56,b5cfafa5-38c0-4f07-b3dc-aaf4ed3898ba,Fitness,Running
gen_70fe8305-c183-4447-9a74-d406c6f89c52,b5f0a7e7-85b7-45ae-9324-51ab1d05404b,Community,Volunteering
gen_5bbdec80-c346-47a6-b04d-ca9a213ac0fe,b5f0a7e7-85b7-45ae-9324-51ab1d05404b,Leisure,Reading
gen_356cefba-a963-44a8-b88c-105d5bc77d6a,b628f240-343f-4e34-9325-ec2a8f356a05,Lifestyle,Music
gen_7499bcb4-1487-4d7a-865b-0d5340d29962,b628f240-343f-4e34-9325-ec2a8f356a05,Community,Volunteering
gen_482146b2-7c09-4f8a-b19d-c530c9e3d0d3,b69cb89c-384e-41e2-8caa-30a597f1c06e,Hobbies,Gardening
gen_4f7120a3-db1c-448c-932f-cb2741fd3bbb,b69cb89c-384e-41e2-8caa-30a597f1c06e,Leisure,Cooking
gen_4bcbf9ab-322e-421c-b205-d79616dac713,b6a78550-3642-49e9-828f-74f86c8fa6d1,Nutrition,Keto Diet
gen_1b788647-309e-4c2d-af5b-598a9a0b493b,b6a78550-3642-49e9-828f-74f86c8fa6d1,Leisure,Cooking
gen_a51e5286-e66e-4e9d-9c68-96d6cb602b42,b6b65202-d1e8-42bb-8762-22dfe657828d,Fitness,Strength Training
gen_570ab539-018e-4454-91bf-7f75bf5f5c9d,b6b65202-d1e8-42bb-8762-22dfe657828d,Wellness,Meditation
gen_e1c4a441-f531-410c-8774-861aa5353f11,b6b65202-d1e8-42bb-8762-22dfe657828d,Nutrition,Meal Prep
gen_8a3294d5-010e-4257-a207-d3fef87c879b,b6c609a5-e107-43fe-ab6a-f1a0d922d3b8,Nutrition,Keto Diet
gen_7353e9ea-872e-4da1-b8b3-5b424256a497,b6c609a5-e107-43fe-ab6a-f1a0d922d3b8,Community,Volunteering
gen_efb5b6e6-3e00-489e-bf39-db4399b6cb06,b6dc69cf-ec03-4910-89aa-5230686eeee1,Fitness,Cycling
gen_7dbe54b5-6660-4c57-86c2-dc69d12b60bd,b6dc69cf-ec03-4910-89aa-5230686eeee1,Fitness,Running
gen_4067521d-93cb-4830-94c5-7790ad54e0df,b6dc69cf-ec03-4910-89aa-5230686eeee1,Nutrition,Vegan Diet
gen_806d75d1-3fea-4041-a418-eb21b56fed9a,b6e5979f-6ed6-4e33-a50f-981a7637b212,Lifestyle,Minimalism
gen_3055a217-ae64-400d-818b-14cf3605fd20,b6e5979f-6ed6-4e33-a50f-981a7637b212,Wellness,Meditation
gen_9bcc09af-1054-4a24-aa4e-f1c0d85140cc,b6e5979f-6ed6-4e33-a50f-981a7637b212,Nutrition,Vegan Diet
gen_ecbb857a-7008-4610-91c4-fae998dc90e7,b7502587-286c-4312-9bc8-5caf8de3c8ae,Leisure,Reading
gen_b554a374-5b65-43f5-8395-5e5e8b5c4b44,b7502587-286c-4312-9bc8-5caf8de3c8ae,Nutrition,Vegan Diet
gen_1f8e9ea6-c047-4de2-a34a-c52212a3aa28,b7502587-286c-4312-9bc8-5caf8de3c8ae,Hobbies,Gardening
gen_f30e5b65-4605-4964-b0e9-12f5877412fd,b762f48e-5f81-477e-9743-d452548ea94b,Fitness,Running
gen_350d66cd-b32b-4df6-96ae-495051d6ff75,b762f48e-5f81-477e-9743-d452548ea94b,Fitness,Cycling
gen_1bfdbf28-65c2-4936-82c4-3e5ba3e00b69,b76dfb71-8aed-4c8b-84cd-d0c005b2456c,Community,Volunteering
gen_1750273f-914b-4eaa-9f98-49705bc17a7b,b76dfb71-8aed-4c8b-84cd-d0c005b2456c,Fitness,Cycling
gen_a42b02a9-a8c7-427d-98fd-c0d722cdf272,b78d9ecf-aeb4-482f-a9fe-4c23b881c9f5,Nutrition,Vegan Diet
gen_d42d4a8a-aedc-4ce0-af78-ba9948a9b27b,b78d9ecf-aeb4-482f-a9fe-4c23b881c9f5,Fitness,Strength Training
gen_a6182bbd-6ce3-4164-a9ba-4eef28067440,b791cc0a-b106-4871-8057-50b6be15840d,Leisure,Reading
gen_0e1cede4-e1d7-48b4-8bbb-b7f5ecccf208,b791cc0a-b106-4871-8057-50b6be15840d,Fitness,Strength Training
gen_60124064-64b8-4497-9694-0a807ab26026,b791cc0a-b106-4871-8057-50b6be15840d,Hobbies,Gardening
gen_03cc7544-9eaf-4e05-a7c7-e58d420929d3,b7cbc0b1-f884-468b-aae3-40a233a4b6a0,Fitness,Cycling
gen_919605a6-0055-41f0-947b-02ceb9d33f90,b7cbc0b1-f884-468b-aae3-40a233a4b6a0,Fitness,Strength Training
gen_9317d16e-8462-421c-b469-083b63505e0f,b7cbc0b1-f884-468b-aae3-40a233a4b6a0,Nutrition,Vegan Diet
gen_62292e50-a127-447a-b9c5-5f1697bc248b,b8125e43-ee7b-45a4-a5c4-10a5ce9ecb4e,Fitness,Strength Training
gen_75bd35dc-0f64-41a1-9f86-2277db1bf9a9,b8125e43-ee7b-45a4-a5c4-10a5ce9ecb4e,Lifestyle,Music
gen_4acf89a4-0baa-4ea3-a1f7-058e57176047,b8125e43-ee7b-45a4-a5c4-10a5ce9ecb4e,Hobbies,Gardening
gen_58c3c9d6-106c-4c09-9abd-2e99bc56b1c9,b8180c74-b691-4da9-9b25-48b3bc0ca0c3,Lifestyle,Minimalism
gen_ae3f22fa-19f8-42cf-a0e6-e84ffe3a935c,b8180c74-b691-4da9-9b25-48b3bc0ca0c3,Leisure,Cooking
gen_814a00a6-2132-483c-930c-fce140d8a0ed,b8313ad3-93c9-4696-971f-f7e27c817318,Leisure,Cooking
gen_4d0c60f8-ca29-4846-a1d2-d02b48e4116d,b8313ad3-93c9-4696-971f-f7e27c817318,Nutrition,Vegan Diet
gen_847f8583-1f03-419b-bbf7-ef56846d6e9c,b866a009-25d3-4a5c-8310-53465df6ddbe,Lifestyle,Music
gen_175ab131-07f7-41c5-bdb5-144eea651245,b866a009-25d3-4a5c-8310-53465df6ddbe,Fitness,Running
gen_58906305-4a00-4b8d-a32b-2e6e894bc3a0,b866a009-25d3-4a5c-8310-53465df6ddbe,Wellness,Meditation
gen_f7406abb-aa3b-425d-a72d-8936998a77e6,b8a751de-102f-47f8-96ea-a0c314d176b8,Lifestyle,Music
gen_f4b6c2e2-e948-43cd-8bc4-18e1d4d6983f,b8a751de-102f-47f8-96ea-a0c314d176b8,Nutrition,Meal Prep
gen_9a813269-7795-41b6-b29a-c49b8617389e,b8a751de-102f-47f8-96ea-a0c314d176b8,Hobbies,Gardening
gen_61fbd282-a41c-4332-b0a0-b0f45a6f18de,b8b814f3-858f-44ee-b943-3f13fb6b6281,Hobbies,Gardening
gen_2951ba88-a01e-4380-ae19-9f27bba8e407,b8b814f3-858f-44ee-b943-3f13fb6b6281,Community,Volunteering
gen_620af00d-c2ee-429a-88af-ad4aa4e5f27a,b8c53187-e03d-4b49-898c-50243a201d48,Lifestyle,Digital Detox
gen_0954694d-1f27-4555-8cb6-1238936724f7,b8c53187-e03d-4b49-898c-50243a201d48,Leisure,Cooking
gen_244821ce-88c5-4028-a32e-72625652b135,b8c53187-e03d-4b49-898c-50243a201d48,Nutrition,Meal Prep
gen_f711395e-0334-4936-ba2d-73bdf1fd6459,b8de4927-08a5-477c-bc26-cf408883f004,Nutrition,Vegan Diet
gen_e087b693-8138-4f3d-adc7-8850ebd4ddfb,b8de4927-08a5-477c-bc26-cf408883f004,Hobbies,Gardening
gen_09533c27-2820-4163-9d87-ca5d61ecc8c1,b8f32d65-6eec-48b2-ab12-70dba39c32a4,Lifestyle,Minimalism
gen_d27e7eb6-286c-4ee7-bc1a-0b2b69b3b279,b8f32d65-6eec-48b2-ab12-70dba39c32a4,Nutrition,Keto Diet
gen_534326d8-a59c-41f4-b406-bce9f03d3f13,b91f2ee2-a407-46b8-afd9-64b0df851c77,Fitness,Cycling
gen_9b258ad6-7e53-4129-9aa9-b7c1b3feba3a,b91f2ee2-a407-46b8-afd9-64b0df851c77,Community,Volunteering
gen_ff7ef466-1050-477e-8f32-6698c5f6f240,b91f2ee2-a407-46b8-afd9-64b0df851c77,Lifestyle,Digital Detox
gen_234b32e7-8780-4a55-b4ab-ebd8f453510c,b936ee96-8632-462a-ada6-9d4d533b434d,Lifestyle,Music
gen_92de7ef8-c6f4-44a5-a2a2-cce7d3122b5b,b936ee96-8632-462a-ada6-9d4d533b434d,Hobbies,Gardening
gen_6444c534-2280-4cbb-b6fd-265c3ab1c0d3,b97d760c-08e1-4e81-8335-d9a57c1ab1a7,Lifestyle,Digital Detox
gen_d22b8fdc-df12-4c08-ba14-efcf55f40960,b97d760c-08e1-4e81-8335-d9a57c1ab1a7,Community,Volunteering
gen_6785e175-b3e2-402e-a44c-f1fcd07dadda,b98f8536-1f17-4ee3-b803-345874ec9f76,Community,Volunteering
gen_d44bce6f-202b-4598-95e4-7feb0dbf0d58,b98f8536-1f17-4ee3-b803-345874ec9f76,Lifestyle,Minimalism
gen_468d13f4-82c1-436c-8754-d7b8b36355f9,b98f8536-1f17-4ee3-b803-345874ec9f76,Fitness,Cycling
gen_2479f9eb-e902-4038-ac9d-d40cf5ef56fa,b9a9b600-777c-49e9-9a37-c2371bb8c4e7,Leisure,Reading
gen_cc17719b-45b2-43fe-862e-6532a397d95d,b9a9b600-777c-49e9-9a37-c2371bb8c4e7,Lifestyle,Minimalism
gen_ef36e1de-d094-421c-9159-c8c8e9dd80a5,b9b3cd17-1a6a-4cff-ba28-63cc8abeb791,Wellness,Yoga
gen_57d625ec-5119-4ccc-83c9-ba338ce34a20,b9b3cd17-1a6a-4cff-ba28-63cc8abeb791,Nutrition,Keto Diet
gen_84f01cb8-a664-4470-a85f-d27bb6507863,b9b3cd17-1a6a-4cff-ba28-63cc8abeb791,Wellness,Meditation
gen_25de6e40-7a29-4ae4-9606-b5f40c4b97f0,ba0590d4-540f-498c-82a2-2585c0238075,Lifestyle,Digital Detox
gen_5cccb711-d4f6-4ca7-be07-dc883136f165,ba0590d4-540f-498c-82a2-2585c0238075,Wellness,Yoga
gen_c42c9ac8-270b-40b4-801b-4893f5278141,ba3c1351-1299-4e46-b9cc-1c94b08ec5cd,Nutrition,Vegan Diet
gen_c7a51444-0141-4d54-b643-091890fb94be,ba3c1351-1299-4e46-b9cc-1c94b08ec5cd,Community,Volunteering
gen_fe0f618f-86c2-42a9-9e75-a7435bf622b9,ba3c1351-1299-4e46-b9cc-1c94b08ec5cd,Wellness,Yoga
gen_fc15bf2b-50ca-4d0f-b076-ffb00f4514bd,ba58a0ff-6ef8-4870-8695-cfe007894213,Lifestyle,Minimalism
gen_dcde59da-7069-46d2-9050-1627285d823e,ba58a0ff-6ef8-4870-8695-cfe007894213,Leisure,Cooking
gen_ed5bd82f-e059-4659-810c-3fbc9f40cbcf,ba66b7a2-8cda-4495-a021-6ebb5f4b9703,Fitness,Running
gen_66ca699a-805a-4320-b499-ba377c6a4016,ba66b7a2-8cda-4495-a021-6ebb5f4b9703,Community,Volunteering
gen_2855e9c5-9fe5-49dc-b877-75c736778590,ba66b7a2-8cda-4495-a021-6ebb5f4b9703,Lifestyle,Minimalism
gen_859ff48b-7a71-4510-8865-3f71d033ca31,ba6b6ac4-c270-4f11-8f1e-68656367701d,Nutrition,Keto Diet
gen_5e209b93-376a-45b3-a48e-175458e3ab05,ba6b6ac4-c270-4f11-8f1e-68656367701d,Fitness,Running
gen_25baabc6-cd08-4306-a553-4e0a65dea554,ba6b6ac4-c270-4f11-8f1e-68656367701d,Lifestyle,Minimalism
gen_b799464d-1109-4148-8fb8-019cb3f48731,ba7dc998-391b-42ef-87e8-e7baa4aaa22a,Fitness,Running
gen_c4085024-ea7e-4626-be20-f963fb5d0170,ba7dc998-391b-42ef-87e8-e7baa4aaa22a,Nutrition,Vegan Diet
gen_cdc09963-5509-4fd3-9d77-c339d5a3cca9,baa33748-f12a-4ef6-979c-9b18902b1c1d,Lifestyle,Music
gen_35c871ea-b098-4998-b022-f0eb31f8cc4a,baa33748-f12a-4ef6-979c-9b18902b1c1d,Lifestyle,Digital Detox
gen_5ab479c4-8f65-4c0d-808d-23026a6d6c74,baa33748-f12a-4ef6-979c-9b18902b1c1d,Community,Volunteering
gen_2add47e6-e728-4980-878d-9fa561b25abc,bab4920a-9bdc-41c8-90fe-924015961032,Community,Volunteering
gen_b62d0b6a-693e-44a3-9709-3517d8cfb483,bab4920a-9bdc-41c8-90fe-924015961032,Fitness,Running
gen_33d885f6-56fc-4313-9763-2372ef82ab31,bacc2424-397d-47c9-a3b7-8fae7a132895,Leisure,Cooking
gen_4080b054-e0d2-4bfd-8dfd-e5f54fd27d81,bacc2424-397d-47c9-a3b7-8fae7a132895,Lifestyle,Digital Detox
gen_6b66c507-a75a-47be-a503-ace18d06cfb0,bacc2424-397d-47c9-a3b7-8fae7a132895,Community,Volunteering
gen_9ea832ce-6e61-4ec7-9aa8-53bfac753184,bb312740-7110-4a53-a9db-1627e7ae05a7,Hobbies,Gardening
gen_841a6948-e19e-4230-8e3c-4ed6299b3470,bb312740-7110-4a53-a9db-1627e7ae05a7,Leisure,Cooking
gen_80e028e7-f343-4262-b70b-fb0c3abb869e,bb474d83-e0bf-4b9d-8be1-a581e6a4b6ec,Nutrition,Keto Diet
gen_e5964d1e-8c58-47c6-89b0-603a039bd96f,bb474d83-e0bf-4b9d-8be1-a581e6a4b6ec,Leisure,Cooking
gen_029fc9b5-577f-4025-9b5f-551532358067,bb474d83-e0bf-4b9d-8be1-a581e6a4b6ec,Lifestyle,Music
gen_ec102fcf-2e49-430a-880a-a0bedfafc6b2,bb7e0e50-79bb-48d8-b944-78966089a1d8,Community,Volunteering
gen_f2b842b7-7629-42d5-97a8-849c8c1a3c59,bb7e0e50-79bb-48d8-b944-78966089a1d8,Lifestyle,Minimalism
gen_0a5ff9fe-6797-4d55-a265-a73537d0161a,bb833c4f-f25c-4d3c-a564-6d194e7e0012,Lifestyle,Digital Detox
gen_80bd667f-1f95-43d9-8599-5ff791d9290d,bb833c4f-f25c-4d3c-a564-6d194e7e0012,Leisure,Reading
gen_eb28423c-4acc-4a3f-b55f-2e80bbceb76d,bb833c4f-f25c-4d3c-a564-6d194e7e0012,Fitness,Strength Training
gen_57b9e554-7374-497b-8400-dd0fb3a98ab3,bbf27be0-afe3-4eb4-98e8-d2353663cfcf,Nutrition,Meal Prep
gen_4a1b02b8-db60-466a-9bc8-8134a2e1bce3,bbf27be0-afe3-4eb4-98e8-d2353663cfcf,Hobbies,Gardening
gen_6794e442-f017-4197-8ecd-991dcafbab6a,bbf27be0-afe3-4eb4-98e8-d2353663cfcf,Nutrition,Keto Diet
gen_b3c54486-e1ec-4cd3-84a7-5493c3946295,bc06630f-c14f-40f8-b3c4-ea0cf6be52ba,Fitness,Running
gen_5fc605c0-0405-4cc0-a9dd-e831b0113158,bc06630f-c14f-40f8-b3c4-ea0cf6be52ba,Leisure,Cooking
gen_ceb64f94-73f6-42d8-a654-c2aaa9f42304,bc06630f-c14f-40f8-b3c4-ea0cf6be52ba,Leisure,Reading
gen_3422b41b-69d4-4b78-983c-1863c2fa4595,bc4112a1-243e-4cd6-afa1-931a9c2c1325,Lifestyle,Music
gen_644944e3-b8c3-40a7-a175-fa81226b2938,bc4112a1-243e-4cd6-afa1-931a9c2c1325,Nutrition,Keto Diet
gen_7ff3a581-b134-48b8-b4f7-11475f1cce25,bc4b2336-885d-435a-8ab1-3898b1645273,Community,Volunteering
gen_6be90342-ece7-4c20-95e8-2c2595ca7143,bc4b2336-885d-435a-8ab1-3898b1645273,Hobbies,Gardening
gen_000976ab-899c-4f67-8f00-dea09c6bc6cd,bc4b2336-885d-435a-8ab1-3898b1645273,Leisure,Reading
gen_c3819c9b-fd1c-4637-8a6b-3c8953e528cf,bc5e9a14-ab4d-4fc7-9fd6-dabafd1e167a,Lifestyle,Digital Detox
gen_84915a27-44d0-46e0-bdb6-6e528e71e445,bc5e9a14-ab4d-4fc7-9fd6-dabafd1e167a,Leisure,Cooking
gen_9cb7cee6-47e3-477d-a854-c9649184afbe,bc5e9a14-ab4d-4fc7-9fd6-dabafd1e167a,Nutrition,Keto Diet
gen_175b8d19-343b-467d-b973-6a28d484dac0,bca47744-49a0-4af6-b27f-ab81366ff1dc,Lifestyle,Music
gen_daeeb391-e738-4a59-b540-3dea1d5762ba,bca47744-49a0-4af6-b27f-ab81366ff1dc,Fitness,Cycling
gen_f443a840-773d-4397-b470-270647ef9dfd,bcdbe566-8534-400b-ae75-e56f008b1db4,Fitness,Cycling
gen_b5be6cd7-c1ee-48c0-83e7-f3c6c99574ec,bcdbe566-8534-400b-ae75-e56f008b1db4,Community,Volunteering
gen_f8c084dd-0ef5-47a2-be33-b6d11c28867b,bcdbe566-8534-400b-ae75-e56f008b1db4,Nutrition,Meal Prep
gen_73796cc4-cad9-46cc-87d9-0139b38a165a,bcea157f-f45e-442b-ae81-b447e258bf2f,Fitness,Running
gen_dd12c750-2e8c-4177-81a8-5e3ee663bbc6,bcea157f-f45e-442b-ae81-b447e258bf2f,Wellness,Meditation
gen_6844e667-fb73-4f83-9bde-c2fc1f70d5e4,bcea157f-f45e-442b-ae81-b447e258bf2f,Fitness,Strength Training
gen_a2c84d82-8c5b-4db7-8273-6f4ea7fe02f5,bcf792e1-8985-42fe-93f3-cf64f4e6f438,Wellness,Yoga
gen_c67e5a47-4c0b-4140-858d-961e553606f4,bcf792e1-8985-42fe-93f3-cf64f4e6f438,Fitness,Running
gen_0fdf9572-9f7b-4a3f-81a3-ac5141d7b927,bd0b9362-ca1c-4565-af1c-b574adb9b006,Wellness,Yoga
gen_1b736b82-346c-4abf-b0e9-a8475d18fa6e,bd0b9362-ca1c-4565-af1c-b574adb9b006,Lifestyle,Minimalism
gen_e404498f-7dbb-459c-aeea-a81533aa74ed,bd0b9362-ca1c-4565-af1c-b574adb9b006,Leisure,Reading
gen_6cf0573d-25ce-4695-bb0a-6ad023f6ab16,bd0d0386-ff02-4fb0-9394-847efa271303,Nutrition,Meal Prep
gen_3965b401-c908-46c5-9429-ed5bf76b3025,bd0d0386-ff02-4fb0-9394-847efa271303,Nutrition,Keto Diet
gen_da636a0c-a4c2-46fb-aa61-9e906f6b7fcf,bd0fa4bd-f1fb-47a4-ba95-a5c46309e613,Leisure,Reading
gen_fb3a37ee-e0d0-4186-999e-d8b31c03ead9,bd0fa4bd-f1fb-47a4-ba95-a5c46309e613,Nutrition,Vegan Diet
gen_a0c98a2a-b8bb-4b32-8994-7c49cc758046,bd2c80cc-227c-4521-b8ab-e854ad384c42,Leisure,Cooking
gen_b24d1af6-a677-428f-bca3-5428aa2994f1,bd2c80cc-227c-4521-b8ab-e854ad384c42,Hobbies,Gardening
gen_52ac63e9-e6c3-44f7-b7f2-88b93ec5c9bd,bd45bbeb-46c1-4413-ad6f-d7c3a983b38c,Leisure,Reading
gen_2421b7e2-88bc-4905-b9c1-852f16ee98e3,bd45bbeb-46c1-4413-ad6f-d7c3a983b38c,Lifestyle,Minimalism
gen_c0bd388f-d43c-4b82-9051-361b682fce41,bda8a225-e102-45b3-8e95-8ac1288f3d4a,Hobbies,Gardening
gen_883e16e7-4ba3-402c-8e9b-4e88b20b9ad9,bda8a225-e102-45b3-8e95-8ac1288f3d4a,Fitness,Strength Training
gen_5772ec81-1e12-45f5-866a-ab3cf464177c,bda8a225-e102-45b3-8e95-8ac1288f3d4a,Lifestyle,Digital Detox
gen_a6e8c041-ce84-47f5-8923-52e54de30b8d,bdf4dee3-f13a-42cd-aa1a-fd27fb49e2ad,Lifestyle,Minimalism
gen_38c96d36-d603-46a8-877e-0e8522d5e291,bdf4dee3-f13a-42cd-aa1a-fd27fb49e2ad,Lifestyle,Music
gen_94b6985d-78fc-43b0-869e-1932b1a25744,be0951ea-ea04-40d1-8263-a716991dd859,Lifestyle,Digital Detox
gen_8fb572b9-ff9b-4143-b1a0-62fccbea8b0a,be0951ea-ea04-40d1-8263-a716991dd859,Nutrition,Vegan Diet
gen_cabf171a-9fa1-4217-8b9b-b25e10fe032a,be0d7c38-de79-41da-9608-1da42edb5943,Leisure,Cooking
gen_f94aa447-48f7-477a-8fe1-0273b071e7a1,be0d7c38-de79-41da-9608-1da42edb5943,Lifestyle,Digital Detox
gen_3752ba7c-623d-4fe7-ad87-61c3bc57ff83,be0d7c38-de79-41da-9608-1da42edb5943,Leisure,Reading
gen_51e7b984-9295-4c1e-8541-d589570c9cea,be483ed6-a35a-4be3-8770-b2e5c6e9fa28,Nutrition,Meal Prep
gen_f2bfae6f-160c-4366-8867-eba6b1740a60,be483ed6-a35a-4be3-8770-b2e5c6e9fa28,Fitness,Strength Training
gen_1ee1518b-5f74-4632-9a7e-7857a6ded389,be63cf09-ced1-4ba3-8441-ad7f90b68307,Nutrition,Meal Prep
gen_c604056f-94df-4da2-8844-1820d4aa1db8,be63cf09-ced1-4ba3-8441-ad7f90b68307,Community,Volunteering
gen_5312a7a3-9df0-4a68-8880-a20d6909c0bb,be80724d-0551-46b7-9c5e-faa1124fbb6d,Fitness,Running
gen_509ce1ed-8839-4f99-b01f-23bbd8b5adf1,be80724d-0551-46b7-9c5e-faa1124fbb6d,Nutrition,Vegan Diet
gen_db5aec36-5c01-444a-9fc6-2d2661c4ecb3,be93539d-00d1-459c-82ec-5f4cedffda65,Lifestyle,Digital Detox
gen_a103eaf6-994d-44fc-84ab-ba6cb487ec1f,be93539d-00d1-459c-82ec-5f4cedffda65,Nutrition,Vegan Diet
gen_539cce7a-2102-4008-a52c-428a5c60cb16,be93539d-00d1-459c-82ec-5f4cedffda65,Community,Volunteering
gen_e26aa052-f8b9-4adc-8c4c-54c1ac35fb55,beb5338f-997d-4081-936c-a3148fd07e5c,Wellness,Meditation
gen_5057f798-5fd2-4fac-8b15-c177cea43fa7,beb5338f-997d-4081-936c-a3148fd07e5c,Nutrition,Vegan Diet
gen_84f1d0b8-ce99-407a-af99-c135a74fe912,beba6d77-2746-44cb-9115-442af30be195,Wellness,Meditation
gen_afe5c5ab-357c-4d80-a27e-2689faddd223,beba6d77-2746-44cb-9115-442af30be195,Lifestyle,Minimalism
gen_699895c1-6009-4334-9c43-db1ef040b4fa,beba6d77-2746-44cb-9115-442af30be195,Leisure,Reading
gen_4d632f63-747c-49ef-85fa-203e9d4e7abd,becaf540-6bd5-4392-8976-57e1ccc2a0d3,Fitness,Cycling
gen_fffd72da-191d-4a81-b56f-a3ba4b5625de,becaf540-6bd5-4392-8976-57e1ccc2a0d3,Nutrition,Vegan Diet
gen_e8e422e7-311c-4749-8948-e8aeed7297fa,becf4ec6-9db3-4aa3-aa0d-cb032556c1fb,Community,Volunteering
gen_6280ef4d-b4cf-47be-9385-7ae3b4a76cb3,becf4ec6-9db3-4aa3-aa0d-cb032556c1fb,Nutrition,Meal Prep
gen_d356a465-1e34-435c-9081-750f0b52b922,becf4ec6-9db3-4aa3-aa0d-cb032556c1fb,Lifestyle,Digital Detox
gen_aeb2dcb3-a84a-4b2a-a6aa-8cb606122823,beea4c63-dfd7-4603-b9d8-ec530af98c11,Nutrition,Meal Prep
gen_e2b1676e-1999-4a9c-bbc2-9747f7a77986,beea4c63-dfd7-4603-b9d8-ec530af98c11,Leisure,Cooking
gen_3231c9ff-86b0-4f69-a8c4-19e5c244fd2b,beea4c63-dfd7-4603-b9d8-ec530af98c11,Lifestyle,Digital Detox
gen_05d38732-51c6-4485-81f7-76a19b3fedcb,befa5b7f-8fa5-462b-afc3-3dba0e8000c9,Wellness,Yoga
gen_9b5e82d7-f7ad-430e-85ef-f65d23034362,befa5b7f-8fa5-462b-afc3-3dba0e8000c9,Leisure,Cooking
gen_38e69e55-a6f0-4770-8b78-3b49ffa2eac4,bf29a6b9-700c-457b-a038-5fb689a2ef2a,Hobbies,Gardening
gen_2d8a4d79-5b6c-471d-80b2-a2866730235a,bf29a6b9-700c-457b-a038-5fb689a2ef2a,Nutrition,Keto Diet
gen_36acff3e-e305-4969-841d-141c996c6aa9,bf29a6b9-700c-457b-a038-5fb689a2ef2a,Leisure,Cooking
gen_428626a1-c4aa-455a-a7e0-d73f2497330a,bf4763a1-bc6d-4a4f-9142-ebd70ca52418,Nutrition,Meal Prep
gen_cc741eee-a49f-4056-839c-afaa02e30f32,bf4763a1-bc6d-4a4f-9142-ebd70ca52418,Hobbies,Gardening
gen_78bd552c-b476-422f-aad5-0f2bcc799522,bf4a42d5-8e88-4728-a99e-aeefc91ea28a,Lifestyle,Digital Detox
gen_f7642272-a521-428c-827a-8dc53a302226,bf4a42d5-8e88-4728-a99e-aeefc91ea28a,Leisure,Cooking
gen_7aa3d7e2-fc6b-4574-bc70-4d41f09e59e6,bf987358-1a34-4ef5-a0f7-b6d73e27fd09,Nutrition,Meal Prep
gen_980db3d4-0918-4a77-bf9d-2b802bfa0fef,bf987358-1a34-4ef5-a0f7-b6d73e27fd09,Fitness,Running
gen_528a1930-d342-4bbd-8b49-493fda7211fa,bf987358-1a34-4ef5-a0f7-b6d73e27fd09,Leisure,Reading
gen_8e2047f7-2840-4e3c-94bf-c3215a65a7c3,bfc7f96a-0536-4a55-a800-ef0234e2bf4c,Lifestyle,Digital Detox
gen_ca544ab2-73b8-4ef7-811e-a34acb46267a,bfc7f96a-0536-4a55-a800-ef0234e2bf4c,Lifestyle,Minimalism
gen_da859726-f421-4b59-a505-4cc4d9e01115,bfc7f96a-0536-4a55-a800-ef0234e2bf4c,Fitness,Strength Training
gen_de6c1004-0777-4653-9b12-3062734edd5b,bff02dfe-5389-4330-bc47-5871bd618812,Hobbies,Gardening
gen_84ab461e-dcfe-423f-a9c9-935b978fb258,bff02dfe-5389-4330-bc47-5871bd618812,Nutrition,Meal Prep
gen_103605af-598b-421d-967d-13277ef8da35,bff02dfe-5389-4330-bc47-5871bd618812,Lifestyle,Digital Detox
gen_cd7846e0-6244-4f15-a5cb-7baba424f02e,c004d851-2dc4-485a-baa3-9a9e44751a2c,Leisure,Cooking
gen_8e977b2a-cf82-4e13-82a3-493419277ea6,c004d851-2dc4-485a-baa3-9a9e44751a2c,Community,Volunteering
gen_fe2e6fc3-bcc7-4c3c-beb1-400100b5134a,c004d851-2dc4-485a-baa3-9a9e44751a2c,Nutrition,Vegan Diet
gen_3769d26d-b98e-4523-84bc-e2f6a8eef1e2,c00c535b-18c1-40e9-a77d-7328adedd9e9,Lifestyle,Digital Detox
gen_f58ad5c3-649f-450c-bd9d-f341ffb4d2d3,c00c535b-18c1-40e9-a77d-7328adedd9e9,Fitness,Running
gen_8621e3f1-47bd-49ab-9c4d-10d291812f12,c04b6345-927e-46ac-8e34-09658f18ee34,Nutrition,Vegan Diet
gen_e21dc6ba-73d7-410d-a836-4b7f637a3d33,c04b6345-927e-46ac-8e34-09658f18ee34,Fitness,Cycling
gen_8018f058-41f5-466e-b8bb-7bca944b6801,c07b6f10-0a74-4c9e-bb28-a0a69f8bd1d1,Hobbies,Gardening
gen_9d4e75f8-0b50-4ca3-a0a0-baad4cb45d0a,c07b6f10-0a74-4c9e-bb28-a0a69f8bd1d1,Lifestyle,Music
gen_2c1f88f7-e21c-4cbb-a2e2-8cefb95cfeb0,c083e157-8020-4908-86a7-9b697f67ebb2,Wellness,Meditation
gen_ac8fd5a5-3182-42db-861a-47f33ededa6d,c083e157-8020-4908-86a7-9b697f67ebb2,Leisure,Reading
gen_6f152080-65b4-49a4-95e1-a0d09275927b,c0a60f87-fe47-446d-b0cc-22fc14f0f3e9,Wellness,Meditation
gen_6f874625-4bdc-4bce-b33e-72cb3d9dae97,c0a60f87-fe47-446d-b0cc-22fc14f0f3e9,Hobbies,Gardening
gen_2949fa86-fbc0-4114-8d18-4dc838a2dfde,c11de772-c0c8-46b1-a39e-e8e0f8b7317a,Fitness,Cycling
gen_5f51573a-c7ee-4a3c-857e-ba2e19a4ddf6,c11de772-c0c8-46b1-a39e-e8e0f8b7317a,Community,Volunteering
gen_f48218e3-ba20-4534-8ad5-96b17b43a7b1,c11de772-c0c8-46b1-a39e-e8e0f8b7317a,Lifestyle,Music
gen_710a666c-17c1-4142-8687-c30024933798,c14a6db3-7da9-45de-8432-409f5dce336a,Wellness,Yoga
gen_8f809816-3e99-41bd-b706-c578ad2ae452,c14a6db3-7da9-45de-8432-409f5dce336a,Leisure,Reading
gen_0566c447-45f6-43a4-9c97-e12164a0c4da,c14a6db3-7da9-45de-8432-409f5dce336a,Lifestyle,Digital Detox
gen_43919be6-777d-452d-9065-344d1908df42,c175cc75-0e0d-4ed5-9b38-9b9b1bfec567,Nutrition,Keto Diet
gen_c5e1e4db-02e0-4491-9155-5aa29b9fc2e6,c175cc75-0e0d-4ed5-9b38-9b9b1bfec567,Community,Volunteering
gen_48195cb8-42d0-486a-9e6e-6f30b4a41c5e,c1b60a82-1a32-4da6-8139-86da295427ec,Fitness,Running
gen_1dc7eb97-b586-4a7e-af1f-1f43f0ab2b69,c1b60a82-1a32-4da6-8139-86da295427ec,Fitness,Strength Training
gen_f8756a02-cc6e-4615-8fa3-5bde6060b19c,c1b60a82-1a32-4da6-8139-86da295427ec,Hobbies,Gardening
gen_b42b4264-1de6-4c87-8ca8-f4468340c205,c1dc90fd-e3e7-46d3-831f-8d61f26f4cf3,Nutrition,Meal Prep
gen_5fba0741-bed0-4e43-b110-949fe8a4e7af,c1dc90fd-e3e7-46d3-831f-8d61f26f4cf3,Hobbies,Gardening
gen_047a9b3e-f49f-4e11-828c-b3010c5701e4,c1e8d27c-5d08-4dee-999e-ba40c09d28ba,Wellness,Yoga
gen_18edbc0a-4da7-4f1d-90bf-b1bc1ce114b3,c1e8d27c-5d08-4dee-999e-ba40c09d28ba,Lifestyle,Digital Detox
gen_f4fcef2a-ac79-424d-a18a-45b814604937,c1e8d27c-5d08-4dee-999e-ba40c09d28ba,Leisure,Reading
gen_bf7b6f7e-6a6b-4839-858b-f28fb1820b8c,c20542b0-a3d2-45ca-a121-f6296ef5ae6a,Nutrition,Meal Prep
gen_6864f3f2-81e5-4d61-95ad-861971309318,c20542b0-a3d2-45ca-a121-f6296ef5ae6a,Hobbies,Gardening
gen_18ca3dad-0dda-4c85-a805-721825fab976,c20542b0-a3d2-45ca-a121-f6296ef5ae6a,Lifestyle,Music
gen_b645c823-885d-4c6d-8357-780c2e62be39,c23cc544-5659-43b7-88d4-93de261ad429,Nutrition,Vegan Diet
gen_b91a9e6a-e5bf-4829-991b-0840b038f1d7,c23cc544-5659-43b7-88d4-93de261ad429,Leisure,Cooking
gen_ee768de0-6663-436e-9086-f64ad1636ecf,c23cc544-5659-43b7-88d4-93de261ad429,Leisure,Reading
gen_7a58deeb-0764-4361-ba73-1c3546ad9071,c23e3d8d-7db3-4cc1-a4da-87a87209c30f,Lifestyle,Digital Detox
gen_226a484c-a1e4-49d1-9e08-d44909e47100,c23e3d8d-7db3-4cc1-a4da-87a87209c30f,Lifestyle,Music
gen_de56662f-07e5-47c2-a767-f20a2fc3a131,c23e3d8d-7db3-4cc1-a4da-87a87209c30f,Community,Volunteering
gen_186cc774-8267-44f9-9840-d408a1224e5b,c24c89d1-518c-4398-a2ee-b56dc67ef2cc,Wellness,Yoga
gen_b5dfa091-e3cb-48ec-ae93-6a2c98243674,c24c89d1-518c-4398-a2ee-b56dc67ef2cc,Fitness,Strength Training
gen_de58d317-44a1-4d0c-8976-d8c11f21078b,c24c89d1-518c-4398-a2ee-b56dc67ef2cc,Leisure,Reading
gen_71f61953-fc71-4dfa-8a31-11ef875d4e0e,c2621d77-c50a-489e-8458-e08bd895e046,Community,Volunteering
gen_1f4d1034-e682-47f2-9975-594d017053e9,c2621d77-c50a-489e-8458-e08bd895e046,Wellness,Yoga
gen_a4b122b1-9b1a-4c2f-b477-8756ed6d08f3,c2621d77-c50a-489e-8458-e08bd895e046,Hobbies,Gardening
gen_621ff846-e1c3-4377-b2f6-ea6715c335db,c2832902-096d-4cc7-b00e-287be79d00fd,Leisure,Reading
gen_da165b64-9b9f-4072-bb0b-5319768e9abe,c2832902-096d-4cc7-b00e-287be79d00fd,Fitness,Strength Training
gen_17b4257d-a7c5-4d5d-a319-f08eb6ee84af,c2832902-096d-4cc7-b00e-287be79d00fd,Lifestyle,Digital Detox
gen_6284adc0-e9c8-4044-abc5-f5db81ac8481,c2929836-84e2-4733-8c65-1035d01c588a,Leisure,Reading
gen_13a04215-ced7-4784-8ddb-925a6530fdfc,c2929836-84e2-4733-8c65-1035d01c588a,Nutrition,Meal Prep
gen_33f0feb0-1676-4522-a706-f7104ea1be65,c2e3004c-02c6-4c4f-a4ee-ed2eba95b192,Wellness,Meditation
gen_3c19ae60-dc35-41c5-a793-5e399e35ea72,c2e3004c-02c6-4c4f-a4ee-ed2eba95b192,Lifestyle,Minimalism
gen_8902eec6-00ff-436e-8e93-ce7d7f5524c8,c2ec2419-cc6d-4697-a51c-9a3135086963,Hobbies,Gardening
gen_c502bdec-c8c6-4b90-8207-0ac2e113a788,c2ec2419-cc6d-4697-a51c-9a3135086963,Fitness,Running
gen_6e208b56-7232-458b-9541-88b173a04a76,c2fb786b-7820-47e5-b2f6-0f8138c74ce6,Fitness,Cycling
gen_bcaad4e6-e1fd-4b96-af9a-a85bc68b9e14,c2fb786b-7820-47e5-b2f6-0f8138c74ce6,Nutrition,Meal Prep
gen_e13edfbd-772c-426c-864b-5ffaad313daa,c32d3380-a6b3-416e-a283-8f7854443d50,Nutrition,Vegan Diet
gen_118267ae-6827-4726-9998-6d72bdb5e1b0,c32d3380-a6b3-416e-a283-8f7854443d50,Lifestyle,Music
gen_0c4d394a-50c5-4e80-a626-30484e7f4fb5,c36f0ef4-9639-4852-a94b-849c94e30893,Wellness,Meditation
gen_d55e0f7b-7ff2-4d0b-ae03-9001b18d2359,c36f0ef4-9639-4852-a94b-849c94e30893,Lifestyle,Digital Detox
gen_2df05dcc-f491-44a0-a417-715221914f20,c36f0ef4-9639-4852-a94b-849c94e30893,Leisure,Cooking
gen_d9c3c62b-5485-441c-a0de-06e056b32b92,c38240bf-f5f0-4643-ba26-3ba9f62f78cc,Fitness,Cycling
gen_49f8db06-4389-4d6e-9608-97f70f337669,c38240bf-f5f0-4643-ba26-3ba9f62f78cc,Fitness,Strength Training
gen_8d3c12ae-99bf-4e92-bbef-fdeb9b01a3db,c382a45a-acd9-497d-bfe5-1d12336590c8,Lifestyle,Music
gen_2ef8e334-5ef7-4814-bff4-5cdfbeab6a7a,c382a45a-acd9-497d-bfe5-1d12336590c8,Nutrition,Keto Diet
gen_fa0fd102-4dc0-4ad0-b75d-0c477c993bd7,c382a45a-acd9-497d-bfe5-1d12336590c8,Lifestyle,Minimalism
gen_834754cf-da01-4631-97e5-61b4753f7a0d,c383ed1c-0bbe-4d78-a57d-caa21d3b1d16,Lifestyle,Music
gen_d96e7abc-d77b-47c4-821f-414501f9f43b,c383ed1c-0bbe-4d78-a57d-caa21d3b1d16,Fitness,Cycling
gen_0a5a3542-9522-484e-8f36-91c213c8a925,c3cd7028-227d-47f8-97ed-054b534a3cdf,Fitness,Strength Training
gen_972e4a50-a0c8-4cd6-afbd-defa48c3a2a3,c3cd7028-227d-47f8-97ed-054b534a3cdf,Lifestyle,Music
gen_29820bf8-eb15-4042-88db-c33ef00672d9,c3cd7028-227d-47f8-97ed-054b534a3cdf,Leisure,Reading
gen_c9091bf2-6040-40c6-855f-e22377a97d13,c3d56892-a1d8-4e7e-ac22-ac8753436dd4,Lifestyle,Minimalism
gen_2f93b3d5-4f45-4a58-80c9-04ac808e741e,c3d56892-a1d8-4e7e-ac22-ac8753436dd4,Leisure,Reading
gen_ec5d10bf-3811-4956-b947-860c02dc8fb2,c3d56892-a1d8-4e7e-ac22-ac8753436dd4,Fitness,Strength Training
gen_a71e305f-3401-4aab-8a3f-0e89aa2a067c,c41955f5-9513-4e99-b07f-552300997897,Fitness,Running
gen_12bdcf60-dd98-43cc-bf4d-69624833680b,c41955f5-9513-4e99-b07f-552300997897,Leisure,Reading
gen_5a8e031a-153d-4b00-a4ca-1983c98ec516,c41955f5-9513-4e99-b07f-552300997897,Nutrition,Meal Prep
gen_8b97506a-3e7f-459e-9eff-3cc087ce48c7,c437d10f-face-42e3-b790-fa781b90e6ba,Lifestyle,Digital Detox
gen_27bb1939-57f6-471e-be62-6558157d5921,c437d10f-face-42e3-b790-fa781b90e6ba,Wellness,Yoga
gen_d81e3395-6fa8-4446-9a05-833ad541f333,c437d10f-face-42e3-b790-fa781b90e6ba,Fitness,Cycling
gen_a5479a34-fdfa-4db1-a98a-4c9fb1829a5c,c4495c78-e487-465d-aa86-f3e6036910e3,Leisure,Reading
gen_7c83faac-971d-4147-9fb2-f7484bdca548,c4495c78-e487-465d-aa86-f3e6036910e3,Lifestyle,Digital Detox
gen_3479581c-5e80-4ebf-b7ce-d4ce13c5bdc0,c46770fa-5748-4e2a-bd83-c325ed7000aa,Nutrition,Vegan Diet
gen_58fb71f1-7841-4bee-abc7-26f8c2af7581,c46770fa-5748-4e2a-bd83-c325ed7000aa,Lifestyle,Digital Detox
gen_a7344fec-3fc1-4647-b473-37d2d60297bb,c469624a-637b-410f-b10e-629a7022cd1a,Fitness,Running
gen_0d22c4cc-319e-4c07-ac5b-8d031ca1af63,c469624a-637b-410f-b10e-629a7022cd1a,Nutrition,Keto Diet
gen_10519be4-d418-4286-99c8-c6f62a535d59,c469624a-637b-410f-b10e-629a7022cd1a,Wellness,Yoga
gen_0c939a09-f4d7-4f55-b378-709548f6147b,c47f2645-9cd1-40fd-9b3f-8f4000964adb,Hobbies,Gardening
gen_eb103911-7e82-4c4f-bd6a-f4f25d049930,c47f2645-9cd1-40fd-9b3f-8f4000964adb,Nutrition,Keto Diet
gen_f261770e-347e-42d6-94a2-e1929f8be726,c494576f-5cbc-4050-a27a-61e5b36b75e4,Nutrition,Keto Diet
gen_172cc3e1-6a88-495b-8c25-51557f21c8b4,c494576f-5cbc-4050-a27a-61e5b36b75e4,Wellness,Meditation
gen_90c35a81-b668-4aa1-a2ba-105b0fd49439,c494576f-5cbc-4050-a27a-61e5b36b75e4,Wellness,Yoga
gen_e256a988-7452-4e5d-a888-dc45b111f4ba,c4c2dd39-8e09-422d-b376-addf54c392bb,Lifestyle,Digital Detox
gen_34781b51-727d-49f2-9766-afdfa12428c0,c4c2dd39-8e09-422d-b376-addf54c392bb,Community,Volunteering
gen_2baded2f-26b1-4e3b-891b-c813cf6573ff,c4c2dd39-8e09-422d-b376-addf54c392bb,Leisure,Reading
gen_d58f1274-0ca3-4b19-bb3b-9add0b59203d,c4c797d7-45c1-4b91-b1cf-845ba9e6919a,Fitness,Running
gen_67e0a7cb-2a75-4028-a9f2-90bb846b149f,c4c797d7-45c1-4b91-b1cf-845ba9e6919a,Hobbies,Gardening
gen_bb5043cd-07ff-4609-b244-308448feb5d3,c4fd8158-0bb9-457e-9f57-48ae864c4b70,Lifestyle,Minimalism
gen_0a2338c9-aa16-481b-89e9-b05a7933703a,c4fd8158-0bb9-457e-9f57-48ae864c4b70,Wellness,Yoga
gen_74747e92-8dcf-486e-bd69-47f3bc804b56,c4fd8158-0bb9-457e-9f57-48ae864c4b70,Hobbies,Gardening
gen_b5de9e72-9f56-44f4-a35a-8b5041196112,c5496821-6d6a-4413-9943-a7b5cd2d9d28,Lifestyle,Music
gen_a1c97875-e921-48b5-9775-913642c21110,c5496821-6d6a-4413-9943-a7b5cd2d9d28,Hobbies,Gardening
gen_2a28ad77-a2ed-4608-9112-8d3d99feaf87,c57f9b60-da69-4788-ac32-f3412e486c1f,Nutrition,Vegan Diet
gen_bfd55ea5-ff72-4e2b-9c6c-3e27541eb5aa,c57f9b60-da69-4788-ac32-f3412e486c1f,Leisure,Reading
gen_652af64a-806a-49d2-8894-fa0520cafb9c,c57f9b60-da69-4788-ac32-f3412e486c1f,Fitness,Running
gen_d0b54f1c-0cb4-45bb-8fac-1f6f4acb81ad,c58bfeed-2f46-419f-865e-7fbf8d44525a,Wellness,Meditation
gen_74b3aaec-d5f7-4ef7-aef9-8e696fe3c83d,c58bfeed-2f46-419f-865e-7fbf8d44525a,Lifestyle,Digital Detox
gen_34f0b729-a228-4af7-b6f8-ed1a4d64c7f8,c58bfeed-2f46-419f-865e-7fbf8d44525a,Nutrition,Meal Prep
gen_65c1f280-9275-4ee8-86fb-3ba3888e85d3,c59d7218-625c-4008-b959-57665a433f6b,Lifestyle,Music
gen_0e700ecf-5d42-4d48-9d46-16a6a2031e04,c59d7218-625c-4008-b959-57665a433f6b,Lifestyle,Digital Detox
gen_807a5528-510f-4ee4-b3aa-220167f5995f,c59d7218-625c-4008-b959-57665a433f6b,Leisure,Reading
gen_290ef565-70c2-4e1b-9de3-058c7383f33f,c5c1f02c-e225-4743-9687-5711d1000211,Lifestyle,Digital Detox
gen_588b87fd-6c6a-44ec-97b4-211bdd0323ac,c5c1f02c-e225-4743-9687-5711d1000211,Leisure,Reading
gen_5d1c8c84-d8af-46c8-a264-944c2b8072b0,c5c1f02c-e225-4743-9687-5711d1000211,Leisure,Cooking
gen_47fca4aa-bbfa-4107-b37d-5b7454f45162,c61df8a4-9549-4b87-9830-b7914e71bf36,Lifestyle,Minimalism
gen_c8e054f0-1b37-4bd3-a741-f7f837909514,c61df8a4-9549-4b87-9830-b7914e71bf36,Lifestyle,Music
gen_fc9189d2-8db2-4c90-86ef-4800ebd4d08d,c61df8a4-9549-4b87-9830-b7914e71bf36,Wellness,Meditation
gen_921149ca-fa49-47f0-8dbe-c97628fa7fb8,c6255c8f-5647-4158-9509-a6aa4b3a25c6,Nutrition,Keto Diet
gen_2d524da2-a0fe-4241-af42-adfe0132dc05,c6255c8f-5647-4158-9509-a6aa4b3a25c6,Lifestyle,Digital Detox
gen_9d4993a2-6baa-4751-8eed-3952ba004aab,c63461dc-b70f-4e71-86b7-bc44b5b1c055,Fitness,Running
gen_d4d46503-243a-4fcc-a9af-4ed3eee0c421,c63461dc-b70f-4e71-86b7-bc44b5b1c055,Fitness,Cycling
gen_4fbe1af5-fde4-4ad5-8105-efbbbaff3141,c672efb2-4938-40f7-8a3d-4e3c57da2858,Hobbies,Gardening
gen_d2d04a30-f575-4872-9f9a-2c3913b2951a,c672efb2-4938-40f7-8a3d-4e3c57da2858,Fitness,Running
gen_a1eee0dc-b6f1-4488-8823-d51d72d8fc55,c69bf53d-4765-4217-9309-0fbcaccbfdca,Hobbies,Gardening
gen_1b8563af-d6ff-47d1-874d-f990e1acbafe,c69bf53d-4765-4217-9309-0fbcaccbfdca,Leisure,Cooking
gen_c4014fa7-1a34-4746-b873-485e44ce090d,c6a00161-86b7-44f6-b088-57742be3b16a,Community,Volunteering
gen_51750d4b-0cfc-4b4f-805c-3f22f647f209,c6a00161-86b7-44f6-b088-57742be3b16a,Hobbies,Gardening
gen_7aa32649-94cd-43a1-9faf-3ee02fc96fd2,c6a440d4-ce48-476e-9ab2-41a32aa8ddcc,Community,Volunteering
gen_1cbc375b-3a0d-4877-8cab-821869e80bf0,c6a440d4-ce48-476e-9ab2-41a32aa8ddcc,Fitness,Running
gen_450fe894-cc21-4133-8596-6d3037f70975,c6a440d4-ce48-476e-9ab2-41a32aa8ddcc,Wellness,Yoga
gen_e4eb6a83-901a-4d0b-9908-4525c56b1139,c6a5ad51-3fb2-4b57-b672-f70d296ecddf,Hobbies,Gardening
gen_436f41a3-09b2-4369-a345-52dd8daeb450,c6a5ad51-3fb2-4b57-b672-f70d296ecddf,Community,Volunteering
gen_76dc5d2e-25d6-4ac9-9cb1-0035591c08d6,c6a5ad51-3fb2-4b57-b672-f70d296ecddf,Fitness,Running
gen_faa32e7b-7f41-4410-80e6-b07faa7a3594,c6c0c2b8-8ce4-4ea7-9f10-2410eb7bd26e,Lifestyle,Music
gen_01ea6d68-dbfc-411a-9f38-9896f76d6009,c6c0c2b8-8ce4-4ea7-9f10-2410eb7bd26e,Lifestyle,Minimalism
gen_ee263a15-57e7-4c54-b83a-8ec21fab6d34,c6e12252-fd03-417e-8d02-77a7a3795b99,Lifestyle,Music
gen_973969e7-5d8c-4dcd-aa71-c434de0e422b,c6e12252-fd03-417e-8d02-77a7a3795b99,Fitness,Running
gen_a6ecee7a-f76b-4ab6-b49d-c876e99de658,c6e12252-fd03-417e-8d02-77a7a3795b99,Community,Volunteering
gen_fd6b9017-8c72-4229-b25a-6ea5b74dd043,c6fd010e-42bf-4835-9651-d52379fc9ffe,Fitness,Cycling
gen_b4488671-090d-47b7-9d69-65854bebd052,c6fd010e-42bf-4835-9651-d52379fc9ffe,Leisure,Reading
gen_f2126806-c836-43fc-8ac3-24e8011cb277,c709e9c7-cad6-4ace-add6-416b3854f383,Lifestyle,Digital Detox
gen_8d35ea57-8dc3-4e0e-ad02-60818982d30e,c709e9c7-cad6-4ace-add6-416b3854f383,Fitness,Running
gen_d05af49c-222a-4bd5-93e1-91dbe0ef8c3c,c709e9c7-cad6-4ace-add6-416b3854f383,Fitness,Strength Training
gen_bff7310b-b2b8-4f72-8773-f9a4d1ee6a8f,c70a5850-749e-4aec-81b3-b3ecbfb9e920,Leisure,Cooking
gen_7ef5515e-bdcf-4c8a-9774-0287e65d5e76,c70a5850-749e-4aec-81b3-b3ecbfb9e920,Wellness,Meditation
gen_06e994ee-a03d-4f8e-99ac-0573883c3432,c70fd9af-a1fb-4cb5-a531-3a204e9715b5,Nutrition,Vegan Diet
gen_076f0b83-0ee8-43e3-8620-f16c530bbdd1,c70fd9af-a1fb-4cb5-a531-3a204e9715b5,Lifestyle,Minimalism
gen_18a30ff2-c329-4b51-bef9-ca90b6cfaa3e,c70fd9af-a1fb-4cb5-a531-3a204e9715b5,Hobbies,Gardening
gen_a0971ba0-469b-4dc7-a70d-8dff40c5b2c2,c710a691-e490-4ec0-acfd-6cd9d64147b7,Nutrition,Vegan Diet
gen_5331c82e-3799-472d-8d6f-141d5d8afa80,c710a691-e490-4ec0-acfd-6cd9d64147b7,Nutrition,Keto Diet
gen_b1e6e53a-2691-436c-b519-bb2b236b0b0f,c710a691-e490-4ec0-acfd-6cd9d64147b7,Lifestyle,Music
gen_425a5944-291d-4809-b8d0-7ef3b8f2d1c2,c7342c85-c153-4838-a3dc-860bf7afe3e8,Hobbies,Gardening
gen_37c9c8d5-eb40-42ec-ad64-f7725aa33f67,c7342c85-c153-4838-a3dc-860bf7afe3e8,Fitness,Running
gen_e7e0a665-45ff-4c35-8ac6-6ab863882037,c7342c85-c153-4838-a3dc-860bf7afe3e8,Lifestyle,Digital Detox
gen_c2ca10f1-27d2-4afd-889d-849a35b29511,c74efb57-bd66-4095-a1c9-2c13e72ea47f,Hobbies,Gardening
gen_fb120530-80d3-46dc-af96-a3d796853a87,c74efb57-bd66-4095-a1c9-2c13e72ea47f,Nutrition,Meal Prep
gen_cb13fc98-31b9-43ca-8080-2df6e81b5961,c7627650-238f-468c-a4ce-be81d2e99dbd,Leisure,Reading
gen_94367836-6055-43b3-9dfa-5e883de78c86,c7627650-238f-468c-a4ce-be81d2e99dbd,Nutrition,Meal Prep
gen_b565080d-389e-46b6-ba98-e5a2a1e5a9cc,c7801749-d138-40e7-8599-d921fb78655e,Nutrition,Meal Prep
gen_fa9c8804-427e-47ac-aca2-731a71e3c41f,c7801749-d138-40e7-8599-d921fb78655e,Community,Volunteering
gen_51bf489f-4df1-40ec-88e4-a6f5c4878933,c7c73f51-10f9-4b5b-a045-d8e47a0912d8,Nutrition,Keto Diet
gen_32223b1d-7e5c-406d-8167-0ed6785a2700,c7c73f51-10f9-4b5b-a045-d8e47a0912d8,Lifestyle,Digital Detox
gen_937b3e4a-a3a7-479e-b374-5c8b5c1a79bb,c807a3f2-6396-4d88-b805-bffbca59c273,Wellness,Meditation
gen_c3c1a1f9-edd1-442d-b227-52ed8d3e8409,c807a3f2-6396-4d88-b805-bffbca59c273,Leisure,Reading
gen_2ea9b292-5e12-4d5c-83b6-859caf392f46,c821bbf2-c10e-470f-a7aa-f1f69b2e3a7c,Fitness,Strength Training
gen_36ec3de9-087b-444d-8d52-75f2f8507565,c821bbf2-c10e-470f-a7aa-f1f69b2e3a7c,Fitness,Running
gen_68077450-a78e-4da8-8ee9-3c89e0e98b85,c821bbf2-c10e-470f-a7aa-f1f69b2e3a7c,Wellness,Meditation
gen_41c0dc18-47e7-4a40-82d3-924b4f821cca,c8347acf-1aa9-4f56-b8bc-330fa57224ab,Nutrition,Vegan Diet
gen_f108985c-6b6e-4095-aca6-e72b1dfed887,c8347acf-1aa9-4f56-b8bc-330fa57224ab,Leisure,Cooking
gen_fcf91fcc-d511-44e2-8004-a975b95dcc89,c8347acf-1aa9-4f56-b8bc-330fa57224ab,Hobbies,Gardening
gen_f7fc9a65-0261-4ef7-bb10-69699e4d23d7,c8420f54-dbd9-4558-9b75-c75c1ad48bb0,Lifestyle,Minimalism
gen_413e1f17-4edc-4b9d-9dff-8400f985f40f,c8420f54-dbd9-4558-9b75-c75c1ad48bb0,Fitness,Cycling
gen_8286b1c2-067b-480a-a7d0-10740f46d4eb,c843431a-f06e-4c15-8949-44873930894f,Fitness,Cycling
gen_9232a8a0-3e7e-4cbe-9434-7313660b6769,c843431a-f06e-4c15-8949-44873930894f,Nutrition,Meal Prep
gen_49153312-f90c-4592-8834-1e6d21f9572b,c852fe63-d58f-439f-86e9-59008c5b099e,Leisure,Reading
gen_fd5fc362-616a-413e-9edb-364e3125b388,c852fe63-d58f-439f-86e9-59008c5b099e,Leisure,Cooking
gen_d8b18632-ed34-4569-a72d-ab062ecb89b7,c852fe63-d58f-439f-86e9-59008c5b099e,Lifestyle,Digital Detox
gen_293e3a09-9938-4e28-ae39-40fdcffd66bc,c85c27ac-4ee2-412c-baae-ed53f43c2de2,Hobbies,Gardening
gen_59bd4af3-27fb-4964-889f-4859723efece,c85c27ac-4ee2-412c-baae-ed53f43c2de2,Fitness,Cycling
gen_6642ebc0-667d-4022-b5ec-7f52ab8d4e9e,c85c27ac-4ee2-412c-baae-ed53f43c2de2,Wellness,Meditation
gen_d1342f69-3da0-4ee3-b075-9895edf8027b,c86158d9-0d4d-43c3-aa10-b4770a3bb447,Lifestyle,Music
gen_e04c7844-3a7a-4eb9-b2ba-9fa30aad2f59,c86158d9-0d4d-43c3-aa10-b4770a3bb447,Lifestyle,Digital Detox
gen_f17187e1-94db-473a-ac74-e4dd95e12691,c86158d9-0d4d-43c3-aa10-b4770a3bb447,Community,Volunteering
gen_92f3d4b2-07d3-4eb1-88d6-1f86d3feb791,c88b5fdd-4fa9-4821-a021-a9a305ae1056,Fitness,Running
gen_81f1623f-3bbd-42a7-bcfa-fe42e9ba38b5,c88b5fdd-4fa9-4821-a021-a9a305ae1056,Lifestyle,Music
gen_04fd2fff-30bb-4f7d-ad8d-320fa2da3f0e,c898ae70-6be9-4afc-afa3-e68e05273a2b,Fitness,Strength Training
gen_104bc08f-14d3-4573-90c5-4d9fd0ec6ffe,c898ae70-6be9-4afc-afa3-e68e05273a2b,Leisure,Cooking
gen_7179e39f-63ca-4f1c-9141-0d39db79f752,c8bbdbe3-2ec4-4022-84d3-5ce987ea5daf,Lifestyle,Digital Detox
gen_9d7c6464-2a83-4f78-97b9-a280c95d5fb2,c8bbdbe3-2ec4-4022-84d3-5ce987ea5daf,Leisure,Cooking
gen_baf752c4-4e65-415b-a473-739784a5522d,c8bbdbe3-2ec4-4022-84d3-5ce987ea5daf,Fitness,Running
gen_df9aaaa8-f194-4643-9599-9864dbc4f10c,c8cff5a9-b882-4a19-8f8b-aadf5286496b,Wellness,Yoga
gen_acdca15c-7fd7-45f5-a9ff-68bfb2653856,c8cff5a9-b882-4a19-8f8b-aadf5286496b,Nutrition,Meal Prep
gen_f2ec8992-6f8e-44e6-86f5-2f92e49255c4,c8cff5a9-b882-4a19-8f8b-aadf5286496b,Community,Volunteering
gen_45fb7b1a-a65d-410a-a612-07d37e26f60b,c8ef3d83-99e6-4c96-90f0-e511691966f7,Wellness,Yoga
gen_39a6a128-0ba9-4bf0-ab88-94a4b281d9fd,c8ef3d83-99e6-4c96-90f0-e511691966f7,Nutrition,Vegan Diet
gen_f1560e43-dd40-48f6-a1c7-e96e8060c33d,c8ef3d83-99e6-4c96-90f0-e511691966f7,Hobbies,Gardening
gen_d570fe3e-4390-4f5d-8519-a00212b9aac2,c90833c0-4806-48ff-94cc-8b429bd9bd7a,Fitness,Cycling
gen_0f721199-d4ff-4ea8-bc4f-1f4b731d9522,c90833c0-4806-48ff-94cc-8b429bd9bd7a,Leisure,Cooking
gen_5c115712-d058-4882-beb0-88931f14d1de,c94fe392-f599-4472-bd86-a03198364465,Fitness,Strength Training
gen_1365286c-3972-4e60-b766-1c95948cd3a4,c94fe392-f599-4472-bd86-a03198364465,Community,Volunteering
gen_61930206-b3b8-4ca0-b54d-451fda95891c,c9a355bc-4118-4d99-853b-7e277e0e41c9,Wellness,Yoga
gen_818a9835-1624-4f7b-bb2a-b1b5db134b11,c9a355bc-4118-4d99-853b-7e277e0e41c9,Fitness,Running
gen_e304fe6d-5934-40eb-8bda-d74725db0b03,c9a355bc-4118-4d99-853b-7e277e0e41c9,Fitness,Cycling
gen_f7d958bd-29cb-4275-ad7c-987764865195,c9e04776-af47-4fe6-8dc9-65d596100bb8,Community,Volunteering
gen_6ccb935d-2d5c-4220-8371-591a03b23128,c9e04776-af47-4fe6-8dc9-65d596100bb8,Leisure,Reading
gen_7aa13ea4-d56d-4343-a8cc-17625262c784,c9ec84b2-9547-410f-847b-ea0908abf47f,Hobbies,Gardening
gen_66d9791c-731b-46bc-9442-86857425cd58,c9ec84b2-9547-410f-847b-ea0908abf47f,Lifestyle,Digital Detox
gen_1b8a898a-a4f2-467e-84cb-1b015ec63904,c9ec84b2-9547-410f-847b-ea0908abf47f,Fitness,Running
gen_f02b8ab3-0592-4856-ac03-04a635ce326e,ca0b39d8-bd83-41a0-bf9c-c83600f25c04,Hobbies,Gardening
gen_7c835926-aa5f-4553-b53c-e4365380fc9f,ca0b39d8-bd83-41a0-bf9c-c83600f25c04,Fitness,Running
gen_be1b7eb4-75f8-4f64-b8ea-04e836f082f7,ca0b39d8-bd83-41a0-bf9c-c83600f25c04,Wellness,Meditation
gen_a991e84e-58df-45a8-a4ac-d1ec28a1239b,ca262697-6aa1-4d73-b418-583213cdd4e1,Wellness,Yoga
gen_9ded8a53-7a87-48e5-a2ae-a49e94f7350c,ca262697-6aa1-4d73-b418-583213cdd4e1,Nutrition,Meal Prep
gen_bb28e947-a347-40bb-9fa0-3e0980c0ca34,ca29c124-866f-4f09-b5f9-03885f5babb9,Nutrition,Keto Diet
gen_366e032e-4b33-40f9-89f9-68ea3aa8f0e1,ca29c124-866f-4f09-b5f9-03885f5babb9,Leisure,Cooking
gen_1ae00fa8-f3d4-46bc-be80-c92a4ed31c7c,ca29c124-866f-4f09-b5f9-03885f5babb9,Fitness,Cycling
gen_14e66cb9-fd95-4f87-bf1b-bcba723f7e0a,ca44a151-be76-4e2f-9f44-8d30b4c8fd40,Fitness,Running
gen_c2645ece-f48e-443b-9368-eabdb75d62ad,ca44a151-be76-4e2f-9f44-8d30b4c8fd40,Wellness,Meditation
gen_769575e3-d6ca-4cfb-b315-d461abe4c9be,ca743936-b8a9-4592-a351-b1b7c6578ac6,Leisure,Cooking
gen_e12e6ebe-2ab7-400b-9e5e-4f7dd1298e33,ca743936-b8a9-4592-a351-b1b7c6578ac6,Wellness,Yoga
gen_a3ff64a4-205b-4600-8b6a-e76e6578b35d,cae7106e-d5d3-4d7e-9254-91fd198b8933,Lifestyle,Minimalism
gen_d4d36c3d-6b50-447b-9d45-286dabef9031,cae7106e-d5d3-4d7e-9254-91fd198b8933,Leisure,Cooking
gen_a610af73-aea2-4ea7-a15d-b4424534be50,cae7106e-d5d3-4d7e-9254-91fd198b8933,Nutrition,Keto Diet
gen_1274a040-e85a-41cb-85af-75e3d9b282d8,cb100999-f86f-44b6-96e5-b74ecae88737,Nutrition,Meal Prep
gen_ae33fdf3-7822-422a-93aa-2313b5ba0729,cb100999-f86f-44b6-96e5-b74ecae88737,Fitness,Strength Training
gen_6258ed95-8000-47b5-b0d3-9cae7f4506ec,cb100999-f86f-44b6-96e5-b74ecae88737,Fitness,Cycling
gen_59bbd3c0-32ed-481c-abf3-42e0214a1f43,cb27667e-2ebf-454d-927b-01295d0b52f9,Leisure,Reading
gen_6db625e5-3f36-4172-9644-8140cfffc1f8,cb27667e-2ebf-454d-927b-01295d0b52f9,Nutrition,Keto Diet
gen_d9cea387-93bb-47e5-9806-155c34f04b3b,cb27667e-2ebf-454d-927b-01295d0b52f9,Nutrition,Vegan Diet
gen_26303558-1c81-41dd-aafe-94350c3f7950,cb474fef-8992-4bca-9874-c4ddbf18e5ba,Lifestyle,Music
gen_ff4f777f-2caf-4d33-9285-599d699696ad,cb474fef-8992-4bca-9874-c4ddbf18e5ba,Nutrition,Keto Diet
gen_827e99d8-4bdf-483f-b5cf-095bd8ac146d,cba0f848-bbe4-482e-bfba-7a77f6bf6646,Leisure,Reading
gen_c6e627e2-5b01-42fd-86f8-e8c77b5e2cf8,cba0f848-bbe4-482e-bfba-7a77f6bf6646,Wellness,Yoga
gen_a5558fc2-e18c-41db-b227-a48ce3354c75,cba45ba3-72a6-4c86-ad93-6d225f4700aa,Wellness,Meditation
gen_5f889200-fbb2-4c8d-b7ae-7e9aac2c5bbf,cba45ba3-72a6-4c86-ad93-6d225f4700aa,Community,Volunteering
gen_dd649f5f-90d8-4064-8bdc-fc73a459fb09,cba45ba3-72a6-4c86-ad93-6d225f4700aa,Nutrition,Keto Diet
gen_92531759-7898-4eff-9954-c69806f325dc,cbb2c2e8-a23d-4c73-92d9-f4f8d2bd2319,Hobbies,Gardening
gen_c4759114-2dbe-425a-89e4-7c8a1a08ce9b,cbb2c2e8-a23d-4c73-92d9-f4f8d2bd2319,Nutrition,Meal Prep
gen_0b0f91fb-80e7-4e56-8667-350a37675ed3,cbc604d8-d1cd-414f-b43c-a207b27ba22c,Leisure,Cooking
gen_44aef3ba-ac5d-44d1-80cf-c9a2641d8989,cbc604d8-d1cd-414f-b43c-a207b27ba22c,Lifestyle,Minimalism
gen_7835cc32-e659-4766-a746-a47682c0f2ff,cbc604d8-d1cd-414f-b43c-a207b27ba22c,Community,Volunteering
gen_0af4059b-5469-441d-9f3e-411606eebe83,cbf5fb99-7c6d-49b3-bcc7-08b025dfa0d1,Nutrition,Keto Diet
gen_734322f2-a2d8-407a-852f-90a30ade00f1,cbf5fb99-7c6d-49b3-bcc7-08b025dfa0d1,Leisure,Reading
gen_0358d196-f5be-4d35-8da9-9a92237458f4,cbf5fb99-7c6d-49b3-bcc7-08b025dfa0d1,Wellness,Meditation
gen_b55d6415-6e92-4884-83b5-43f2f6051f3c,cc482931-609d-48ae-9eff-a73c58fa2e37,Lifestyle,Digital Detox
gen_0f9991de-13da-4742-b263-b33c638fa13d,cc482931-609d-48ae-9eff-a73c58fa2e37,Fitness,Running
gen_09665557-56f0-4c05-be2f-0884cadf09c5,cc482931-609d-48ae-9eff-a73c58fa2e37,Fitness,Cycling
gen_12688eba-2817-4f32-bdd3-aec71e0a8a38,cc61581c-5408-4783-852c-ceb792d94461,Community,Volunteering
gen_6c108ea1-0805-49eb-844d-cf1cc7b0cbd2,cc61581c-5408-4783-852c-ceb792d94461,Wellness,Meditation
gen_b05e5b43-65be-4d6b-b221-d9f40aeccfad,cc69a3b5-489a-49de-9a36-1d9d8eeb3a71,Leisure,Cooking
gen_88edd0ed-6ed6-4d6f-8c39-cb8c824da291,cc69a3b5-489a-49de-9a36-1d9d8eeb3a71,Lifestyle,Digital Detox
gen_eab02a24-7d10-4137-af38-beb0ea2844d7,cc80dd2c-7239-4612-84c8-40f9e131a70c,Wellness,Meditation
gen_c32c0bd6-746f-4ab1-9709-c633df4284b9,cc80dd2c-7239-4612-84c8-40f9e131a70c,Nutrition,Meal Prep
gen_d118de38-a62d-4b51-a1c9-8de552b44b61,cc99978a-329c-4a17-bb42-7ec97b74a9cb,Nutrition,Meal Prep
gen_6bdc13bb-5e7d-4da2-822d-f8b73f229ddd,cc99978a-329c-4a17-bb42-7ec97b74a9cb,Fitness,Running
gen_b9c07f87-0bce-4ebd-9000-7d6f30e3443e,ccae97b6-bc2c-455e-9236-f902353fbf5b,Community,Volunteering
gen_f4c8198a-2471-4cb7-9d64-12aa04e392f0,ccae97b6-bc2c-455e-9236-f902353fbf5b,Lifestyle,Digital Detox
gen_15ab7cc5-f1db-46ac-9393-c32f40245671,ccc54d79-fa45-4eca-af0a-b54933ad9e9f,Community,Volunteering
gen_c740ad78-429d-45b7-8b54-7bcef0d489e2,ccc54d79-fa45-4eca-af0a-b54933ad9e9f,Fitness,Strength Training
gen_8b664a14-e053-43f7-874e-99153708a2bc,ccd04e1e-57d4-4ebe-b194-e403e7fa4ed2,Leisure,Reading
gen_e9fe1076-a14c-44bf-a34f-2c978c0d2826,ccd04e1e-57d4-4ebe-b194-e403e7fa4ed2,Fitness,Strength Training
gen_4bd899ec-db74-4580-8433-a95af13ced8d,ccd04e1e-57d4-4ebe-b194-e403e7fa4ed2,Wellness,Yoga
gen_7f963f64-27e8-4b42-9598-1c8723521f38,cce41020-05d5-4452-bb45-35a4203cb747,Lifestyle,Digital Detox
gen_50fc3e3b-f3bd-4903-900d-9bb19a284339,cce41020-05d5-4452-bb45-35a4203cb747,Wellness,Meditation
gen_233403c4-cb14-47a3-925d-2607a3227db9,ccf11c74-e93a-4600-b665-68e5f7f9da25,Hobbies,Gardening
gen_95dcc1e8-0dc2-4b2e-b3c3-00cd6d584f26,ccf11c74-e93a-4600-b665-68e5f7f9da25,Leisure,Reading
gen_83535353-93a4-4c9e-8837-9f06c3cf6802,ccf11c74-e93a-4600-b665-68e5f7f9da25,Fitness,Cycling
gen_5f619892-4d59-47eb-acd2-79d67c511a32,ccf55cda-2fbf-4629-a215-31f0bbac2c9b,Nutrition,Vegan Diet
gen_a62dc3f2-f489-46f7-94a8-0c3aac0665e2,ccf55cda-2fbf-4629-a215-31f0bbac2c9b,Wellness,Yoga
gen_0e8d97ff-d186-46e6-8376-613a3e4d9fa8,ccf55cda-2fbf-4629-a215-31f0bbac2c9b,Leisure,Reading
gen_b269ac93-b476-46e7-9df9-1b0a4bb5d72e,cd7d18b6-31b2-4362-81e8-fb6a08ea6745,Fitness,Cycling
gen_60340ed4-7cf9-48d7-8244-19b65935dfa4,cd7d18b6-31b2-4362-81e8-fb6a08ea6745,Lifestyle,Minimalism
gen_415136e7-d8f5-4e70-8a26-0a972df24c5a,cd7d18b6-31b2-4362-81e8-fb6a08ea6745,Lifestyle,Digital Detox
gen_a470fb7f-7afe-4303-a77a-48de35734150,cdaad357-34df-4a9d-8cc0-e166d2654a7a,Nutrition,Vegan Diet
gen_8d82a811-12e0-439e-aaad-dbe7bee28a26,cdaad357-34df-4a9d-8cc0-e166d2654a7a,Nutrition,Keto Diet
gen_209d06aa-0a4c-4142-9ec5-b03e2ca2a0b5,cdb93205-62e7-434d-baba-fda00c7680e6,Hobbies,Gardening
gen_e1997e85-3edc-44a1-845b-98d967b04e60,cdb93205-62e7-434d-baba-fda00c7680e6,Wellness,Yoga
gen_cc5f59b0-aea2-4843-842e-7f8f17fae08a,cdc1dd97-2cb2-40dd-a789-6e0f9adfd03a,Leisure,Reading
gen_2f7c6141-0052-49ef-8080-3229a6302115,cdc1dd97-2cb2-40dd-a789-6e0f9adfd03a,Lifestyle,Digital Detox
gen_e552c692-3c32-4680-9c2d-0de2766f11c2,cdcfab01-aab3-4c54-a130-019575e98add,Lifestyle,Minimalism
gen_c148742c-1257-400d-a940-e80cf0132f50,cdcfab01-aab3-4c54-a130-019575e98add,Fitness,Cycling
gen_432125ec-c99f-40f7-9595-042987a60bf7,ce2087b2-3929-4186-aa1a-d382ea512fae,Fitness,Strength Training
gen_71f5205c-1c31-424e-9bfd-e822089a0e24,ce2087b2-3929-4186-aa1a-d382ea512fae,Leisure,Cooking
gen_a3cbc52f-56f8-45ef-979b-e3e8df733ad2,ce211790-cf19-47e6-bdc0-c072b4cc9d54,Nutrition,Meal Prep
gen_aff65910-cb8f-44b3-88a6-d9780960e7b4,ce211790-cf19-47e6-bdc0-c072b4cc9d54,Leisure,Cooking
gen_50f9c7f8-7baa-4904-b046-45890009f644,ce25e312-a345-4cd4-8b9f-c428baa270e8,Nutrition,Keto Diet
gen_41899a49-3068-401e-9c39-c2cc22aa8336,ce25e312-a345-4cd4-8b9f-c428baa270e8,Lifestyle,Music
gen_f62ec07e-cc60-4111-8664-fc55f9607e20,ce25e312-a345-4cd4-8b9f-c428baa270e8,Wellness,Yoga
gen_152c37a1-229c-4b61-9f5e-0642f7251af7,ce3c2916-59c0-471b-96da-f857a648ac1a,Wellness,Yoga
gen_b1e11604-bf82-4687-8f4a-895493a3acee,ce3c2916-59c0-471b-96da-f857a648ac1a,Fitness,Running
gen_467985b0-78e8-4049-a46a-475985ce3d67,ce3c2916-59c0-471b-96da-f857a648ac1a,Wellness,Meditation
gen_c2821152-ca97-4cd6-bbeb-9bfeb9504182,ce681af8-71cf-4abf-958b-95559c3889f1,Wellness,Yoga
gen_30cf83a2-abf0-4428-b7ba-d5eeb95f421d,ce681af8-71cf-4abf-958b-95559c3889f1,Lifestyle,Music
gen_59c82902-3b37-4c22-8fee-204f363402e1,ce681af8-71cf-4abf-958b-95559c3889f1,Hobbies,Gardening
gen_70a16dae-d79d-4a90-ae7e-68bbd02ab9b0,ce6b1187-f07d-4be6-8974-5f2f07292b6a,Lifestyle,Digital Detox
gen_24781990-ef0d-43b6-8c67-d8ddebb79087,ce6b1187-f07d-4be6-8974-5f2f07292b6a,Leisure,Reading
gen_7b353b1b-5930-4a80-b09a-7f5314a06a26,ce913d74-b744-413c-8832-facbab62256c,Nutrition,Vegan Diet
gen_0968495d-d7f5-4e32-9639-d52986347d1b,ce913d74-b744-413c-8832-facbab62256c,Lifestyle,Minimalism
gen_74401ef1-5bbe-4f9b-b8ba-d135989fde4e,ce913d74-b744-413c-8832-facbab62256c,Community,Volunteering
gen_cd47a17f-1148-4b7b-b4af-5c7578322793,ce951884-bff1-4398-867b-8145e78d25da,Lifestyle,Music
gen_24487bdf-075a-4452-96d0-c675e09425e5,ce951884-bff1-4398-867b-8145e78d25da,Hobbies,Gardening
gen_3240763f-daef-4ac4-bdc4-6f253f72b307,ce99cc30-9478-4212-a40a-69c6ee336dd7,Fitness,Running
gen_601785f8-a801-4610-9fea-89107672859f,ce99cc30-9478-4212-a40a-69c6ee336dd7,Nutrition,Meal Prep
gen_f248602c-0e07-4481-98aa-04cde08717d5,ce99cc30-9478-4212-a40a-69c6ee336dd7,Lifestyle,Digital Detox
gen_ea569e00-17c8-47ea-b1a9-7779274ab4c9,cec3e791-da31-4a9e-9247-9ce26f557c38,Community,Volunteering
gen_2ab2cdcc-0b7c-4b38-9d7c-432549a11d38,cec3e791-da31-4a9e-9247-9ce26f557c38,Nutrition,Meal Prep
gen_a6b95a28-5b3b-4846-8010-7bf21d2714a4,cec3e791-da31-4a9e-9247-9ce26f557c38,Wellness,Meditation
gen_f7753920-60e4-4af2-86cb-fa35d1d1de62,ced3c56d-d218-4429-a50f-3cb41af028d6,Nutrition,Vegan Diet
gen_e0f6f8ab-a2d7-40a9-88b6-bf8e17d8ae3f,ced3c56d-d218-4429-a50f-3cb41af028d6,Hobbies,Gardening
gen_4d986e6a-40a6-4db6-b717-1b540fc3b47b,cf145564-2f9e-4b33-af9b-b00fc0dea6c4,Nutrition,Keto Diet
gen_83b1de4b-4505-4fae-a525-1228033153a3,cf145564-2f9e-4b33-af9b-b00fc0dea6c4,Fitness,Strength Training
gen_c80c0377-13a2-4c6e-bb19-28cd1bd333ec,cf145564-2f9e-4b33-af9b-b00fc0dea6c4,Hobbies,Gardening
gen_063b651d-92f5-4daa-8f25-24779f79a9e1,cf29d314-1f6a-4b4b-b6e2-48a88d6a3dfd,Lifestyle,Digital Detox
gen_de131bd6-6792-4958-a2e5-5917516250c0,cf29d314-1f6a-4b4b-b6e2-48a88d6a3dfd,Wellness,Meditation
gen_17ae6197-c194-44d8-a76c-1f2b47f6209b,cf4cdc7b-768c-4ae2-ac85-35c6c28148ec,Leisure,Cooking
gen_1eba05ab-9bb3-4eb9-b0e5-5fe98b8770c7,cf4cdc7b-768c-4ae2-ac85-35c6c28148ec,Wellness,Yoga
gen_f79d8f3f-e233-4749-9cc1-beff59740ee2,cf4cdc7b-768c-4ae2-ac85-35c6c28148ec,Lifestyle,Digital Detox
gen_6cf993c1-fbf8-4969-a07b-834b95628b2d,cf57dc6c-144c-4186-9239-234b73974baa,Nutrition,Keto Diet
gen_a6ec5182-6d60-4892-bd6f-5118ba243fcd,cf57dc6c-144c-4186-9239-234b73974baa,Community,Volunteering
gen_8bf2d11b-6828-4768-bdf5-ed6a059ecb10,cf57dc6c-144c-4186-9239-234b73974baa,Leisure,Cooking
gen_c067bf30-5104-4aa8-b086-83688176fe8e,cf5c76f5-9706-4464-b46f-4b6f853de886,Leisure,Reading
gen_0adb3efb-b20c-48c7-833f-8b07fcb0f8fd,cf5c76f5-9706-4464-b46f-4b6f853de886,Lifestyle,Minimalism
gen_40b74288-3665-46aa-b315-fe8d81ed9f94,cf5c76f5-9706-4464-b46f-4b6f853de886,Fitness,Strength Training
gen_30dece6b-a679-4a3e-95f7-01af123d9fcd,cf73e10e-3f71-4f04-ab8d-5396dcf49a2f,Lifestyle,Digital Detox
gen_e6bb79d6-4c61-4096-8123-6ee32a178b6a,cf73e10e-3f71-4f04-ab8d-5396dcf49a2f,Fitness,Cycling
gen_44e7a98a-eca8-4922-a81b-c5ee52497649,d0025785-6d05-404e-8828-a939ffefa714,Fitness,Cycling
gen_e743ecbc-b792-44ee-bfd8-3cb5b2104545,d0025785-6d05-404e-8828-a939ffefa714,Wellness,Yoga
gen_37f502e0-cfdc-4871-b4cf-cf94a50110c3,d0025785-6d05-404e-8828-a939ffefa714,Fitness,Running
gen_afa8a4e5-a06b-48b7-8875-aab7ce0d8d21,d031584a-fe0e-40fb-83a6-3df2d3aaa4fb,Wellness,Yoga
gen_f4d4868e-42da-48f7-9838-a5905f3e3071,d031584a-fe0e-40fb-83a6-3df2d3aaa4fb,Fitness,Cycling
gen_23c29f25-d037-49c7-837a-344158c86b7a,d031584a-fe0e-40fb-83a6-3df2d3aaa4fb,Community,Volunteering
gen_260979d1-2e5f-4c7d-be52-5f75d667ea4c,d0338c3a-b9e7-4bcc-b1c9-635be60053d0,Nutrition,Keto Diet
gen_890df887-6a00-4610-a989-f2d4b55f94a2,d0338c3a-b9e7-4bcc-b1c9-635be60053d0,Fitness,Strength Training
gen_3491a556-6b10-4b82-a1e5-2c49e675ccca,d0398941-5a3e-490c-b3ed-91764f41a3c9,Hobbies,Gardening
gen_18a3ce93-e4af-435a-b562-c66209655983,d0398941-5a3e-490c-b3ed-91764f41a3c9,Wellness,Yoga
gen_788cc822-476f-4d7b-87b5-fa284fc0f03d,d0673a99-d7ab-44ca-8e85-f7254cf59d3a,Leisure,Reading
gen_d5ba41ea-7aa2-48d8-9672-98ad4553e5ca,d0673a99-d7ab-44ca-8e85-f7254cf59d3a,Nutrition,Keto Diet
gen_c8ab9c89-d90c-4675-aa15-d029a8fa8f96,d0673a99-d7ab-44ca-8e85-f7254cf59d3a,Nutrition,Meal Prep
gen_13373e9d-32c2-4ace-883b-bb3470f07caa,d08250b4-b3d9-4846-9aef-459af3cb1135,Lifestyle,Minimalism
gen_5deaa446-ab75-4768-90a0-3539f68a4571,d08250b4-b3d9-4846-9aef-459af3cb1135,Hobbies,Gardening
gen_bd057177-290d-4674-ba07-175421800a40,d0a73205-fd69-4997-8000-3e901219b4f2,Lifestyle,Minimalism
gen_88da14fc-298c-4dfa-bb91-1ad3532e3196,d0a73205-fd69-4997-8000-3e901219b4f2,Wellness,Yoga
gen_fc776ca5-a0f5-48fa-8c56-742203ca91b2,d0a73205-fd69-4997-8000-3e901219b4f2,Fitness,Strength Training
gen_05d47cee-29d7-43ab-a6fb-6994ebdf5ccd,d0a843ce-0179-4635-8917-963fa44ebaf1,Hobbies,Gardening
gen_717f618b-4ac0-4411-83fa-34bc8089e398,d0a843ce-0179-4635-8917-963fa44ebaf1,Community,Volunteering
gen_c6fd164d-8ba0-4bfb-aa37-9c21551ffbd8,d0c3d899-de29-4074-bf7d-abb46da20767,Lifestyle,Music
gen_703f3362-53fa-413a-abdc-8d7acfdcc4f9,d0c3d899-de29-4074-bf7d-abb46da20767,Wellness,Yoga
gen_2eaf63eb-4e80-437f-9393-456e6a052f19,d0c3d899-de29-4074-bf7d-abb46da20767,Leisure,Cooking
gen_6138b226-cb8a-46f3-8390-032bf441a1f1,d0d5eb3f-9819-43e4-93ac-13dafa5571ed,Fitness,Strength Training
gen_7964605f-181f-4571-a2c5-9e98355abc4c,d0d5eb3f-9819-43e4-93ac-13dafa5571ed,Leisure,Cooking
gen_7e561709-a75e-42a5-a8b4-679cdf96cb18,d0e6fa56-051e-4576-8cf5-a19aa928773d,Fitness,Cycling
gen_3f80f4e4-f77f-47a0-aa0a-c2a9cdb397ab,d0e6fa56-051e-4576-8cf5-a19aa928773d,Hobbies,Gardening
gen_81e6c0de-db48-4937-8dd3-03f713dbefd3,d0f5136a-0f40-414b-99a7-5f11b9abeb49,Leisure,Cooking
gen_71dc1247-f20d-47fc-99ef-0a0881ad8584,d0f5136a-0f40-414b-99a7-5f11b9abeb49,Fitness,Strength Training
gen_ed932f04-180a-4a1a-9467-67cba8bb97ea,d11e0602-7e6f-4cf5-975d-1c6a4fba3bb7,Lifestyle,Music
gen_59f85ccf-9ab9-44a0-9fa1-44aeb9ae8578,d11e0602-7e6f-4cf5-975d-1c6a4fba3bb7,Fitness,Cycling
gen_cf8e1b04-a772-466e-add6-ef59c267fde5,d145de77-2ad2-4330-9b1e-aa31a47a4748,Leisure,Cooking
gen_acc6dff5-43ba-4c2b-bbd3-0f34d9e2ed13,d145de77-2ad2-4330-9b1e-aa31a47a4748,Fitness,Cycling
gen_4d2de41a-9c74-4e0c-b488-f468415661a7,d145de77-2ad2-4330-9b1e-aa31a47a4748,Lifestyle,Digital Detox
gen_6864d6f4-c7e7-40d0-8edc-dad83c76b2d0,d15ec2a6-f8e0-4eb0-983e-57f3f54bd6ba,Fitness,Strength Training
gen_0fb059d5-d333-4035-a58f-87058153e309,d15ec2a6-f8e0-4eb0-983e-57f3f54bd6ba,Leisure,Cooking
gen_ef0a285d-e250-4974-beb6-f20621c20d1d,d15ec2a6-f8e0-4eb0-983e-57f3f54bd6ba,Hobbies,Gardening
gen_c86868e0-49a8-42be-9e74-3fd06aff3c82,d1ba4a3d-3f4d-4cc1-84cb-c1a152a0cbaa,Leisure,Cooking
gen_c4ac5873-eed3-41e4-82f4-aa54d6c2e2ad,d1ba4a3d-3f4d-4cc1-84cb-c1a152a0cbaa,Nutrition,Meal Prep
gen_01f1b15e-6981-4b38-bdef-a07508cfec35,d1c646c0-3b46-4b62-9896-b4a193e0776d,Fitness,Running
gen_4460f153-6cfe-4b44-b3c5-c283d1392f4c,d1c646c0-3b46-4b62-9896-b4a193e0776d,Wellness,Yoga
gen_2153d0aa-316d-4bbb-a872-a134015a4801,d1c646c0-3b46-4b62-9896-b4a193e0776d,Lifestyle,Minimalism
gen_5ba8b1ec-aa80-428a-8247-d067c6f3602c,d1f61c0c-edf2-49bc-9b49-6fd0681e5316,Community,Volunteering
gen_d8a04eb0-0c4e-41d6-8e52-2220b1edd749,d1f61c0c-edf2-49bc-9b49-6fd0681e5316,Lifestyle,Minimalism
gen_42b87a83-f84c-4fd7-8abd-ed1aac3edab5,d1f61c0c-edf2-49bc-9b49-6fd0681e5316,Fitness,Cycling
gen_25e11fee-b7ca-4b9b-80d9-adafa67ecaa0,d2050e69-5cc7-4832-aff6-37caaaf87148,Community,Volunteering
gen_027fed5b-cdc9-47f2-bf05-5e0b057e8790,d2050e69-5cc7-4832-aff6-37caaaf87148,Nutrition,Vegan Diet
gen_c7271201-d58e-4a75-afdf-3f54872ab896,d208a03f-b78c-495c-a604-35cc3068cc53,Leisure,Reading
gen_ab291ef1-2331-4485-9b46-381284f02081,d208a03f-b78c-495c-a604-35cc3068cc53,Fitness,Strength Training
gen_6af5201f-3ec3-4719-b2ef-ec598d801bf4,d20c27bd-bd15-47d8-9cdb-669d2d5b8cbd,Fitness,Strength Training
gen_81d1b8cb-100c-40a5-aafa-eee90c85a0dd,d20c27bd-bd15-47d8-9cdb-669d2d5b8cbd,Hobbies,Gardening
gen_a6961b28-4891-4549-ac30-b050211e637d,d22e37f4-f7e6-4fdb-94a4-43662f53b188,Fitness,Cycling
gen_af25b598-68ef-4d78-ba49-3fbcb4af1d51,d22e37f4-f7e6-4fdb-94a4-43662f53b188,Nutrition,Meal Prep
gen_3cbe0de6-cea8-4e7d-bd43-ba11aa904264,d22e37f4-f7e6-4fdb-94a4-43662f53b188,Hobbies,Gardening
gen_205db5f5-9a9f-4bae-abb9-3e9510f6ce7c,d2702d94-ccea-4b91-bf97-4daf5b812493,Leisure,Cooking
gen_b27856c4-88b4-4f8b-b8d7-eb6ffc93b42a,d2702d94-ccea-4b91-bf97-4daf5b812493,Lifestyle,Minimalism
gen_3c2a30e5-528a-4113-9b54-87c2dc2caea6,d2702d94-ccea-4b91-bf97-4daf5b812493,Fitness,Strength Training
gen_4751b9b6-0182-4463-b853-d7cb9a77c500,d2764fe8-5967-406c-a912-b4cd6f940c3b,Wellness,Yoga
gen_9e0bc65f-d8d5-4da1-8607-442a390914f0,d2764fe8-5967-406c-a912-b4cd6f940c3b,Nutrition,Vegan Diet
gen_ccc18cba-d2a9-4c98-812a-f855633fcd28,d2857165-2178-473a-afec-46aa350be24d,Fitness,Cycling
gen_2ffd7880-d2c7-4365-910e-b1fa10b2ac21,d2857165-2178-473a-afec-46aa350be24d,Fitness,Running
gen_d7b3e017-c340-4a85-84ec-66f4dff552d3,d2857165-2178-473a-afec-46aa350be24d,Lifestyle,Music
gen_f7893972-0be7-47db-83de-900e304b9bec,d298b3f8-7634-4682-a538-6c70013e1248,Lifestyle,Digital Detox
gen_cf71df1c-4aeb-416e-ab68-9af2ef1cd688,d298b3f8-7634-4682-a538-6c70013e1248,Community,Volunteering
gen_c0abeceb-627a-4c8d-885e-20288ccf79c0,d29a96f2-364d-4b9e-8ada-4fb12f6cb77b,Community,Volunteering
gen_680d612f-cb0b-4bb6-bcbc-9a082cf7cbe9,d29a96f2-364d-4b9e-8ada-4fb12f6cb77b,Fitness,Cycling
gen_e2c0a197-4a90-4728-9b3b-060e3d054a44,d29a96f2-364d-4b9e-8ada-4fb12f6cb77b,Fitness,Strength Training
gen_3192fd53-182b-4d26-b1a7-f2557f7842d2,d2be4254-7fed-4376-833a-2ca93ebcad14,Fitness,Cycling
gen_352c00d9-281e-418e-b752-adc05d6604c2,d2be4254-7fed-4376-833a-2ca93ebcad14,Lifestyle,Minimalism
gen_8783ce55-4d66-4f92-a9fc-c4606c2687f0,d2e12620-cef4-494e-af1d-b239b4f1a892,Leisure,Cooking
gen_a22b4769-752f-4480-9417-25e37a880d88,d2e12620-cef4-494e-af1d-b239b4f1a892,Leisure,Reading
gen_5539e2b1-5460-4e17-b4bc-b99b02e543f5,d2e1e70c-1220-4fd5-b9ad-3a332285d788,Fitness,Running
gen_f9b3a923-3c7d-4a60-8687-3fa70a7b4df6,d2e1e70c-1220-4fd5-b9ad-3a332285d788,Lifestyle,Minimalism
gen_45f628ab-8e46-47e3-b7a3-4cbce66a0051,d2f5c7c6-e70c-4407-9fad-18007c933ca9,Leisure,Cooking
gen_8123312e-090d-4c95-b0e7-fdf8f328c6e6,d2f5c7c6-e70c-4407-9fad-18007c933ca9,Fitness,Strength Training
gen_9aef05eb-05b0-4758-8936-d70d0b78e569,d359b2bd-c315-4561-bd00-14b7b81a70dc,Leisure,Cooking
gen_071588c4-0325-4e50-8f8e-c8ea6fdd3ec0,d359b2bd-c315-4561-bd00-14b7b81a70dc,Leisure,Reading
gen_617f6291-a85c-4ea4-a37d-af894caa4bf4,d366719b-120d-4a9b-8bd9-9f95a8bace87,Lifestyle,Digital Detox
gen_95f28bd3-0113-4961-9ea4-b7421fb173e2,d366719b-120d-4a9b-8bd9-9f95a8bace87,Nutrition,Vegan Diet
gen_bc14db0b-cffb-4e18-86aa-760734661635,d366719b-120d-4a9b-8bd9-9f95a8bace87,Nutrition,Keto Diet
gen_1324a79c-7de9-4f52-a570-433b24aa20ae,d36a21aa-57f2-4190-8e43-cb5b789d716a,Nutrition,Meal Prep
gen_88e34746-6fe3-4699-92b2-58cf9518cd08,d36a21aa-57f2-4190-8e43-cb5b789d716a,Lifestyle,Digital Detox
gen_498bebf4-c83a-45b7-9389-da32f6f5da09,d3a06a2d-1401-46ba-aa4a-14641d2c8c6b,Wellness,Yoga
gen_b67f558a-48e4-4981-9b9f-c9dbc2f991d8,d3a06a2d-1401-46ba-aa4a-14641d2c8c6b,Leisure,Reading
gen_19fc0bfe-bb6a-4c15-a28d-b63d50965eb8,d3a06a2d-1401-46ba-aa4a-14641d2c8c6b,Lifestyle,Minimalism
gen_8845cf4e-720a-4ea4-912f-93e718328637,d3be13aa-6e46-4ece-9fa1-36b3425d6d65,Nutrition,Keto Diet
gen_772e20df-6ce7-4bf9-89b8-d06bbcf7b507,d3be13aa-6e46-4ece-9fa1-36b3425d6d65,Fitness,Strength Training
gen_77fe7193-ba1b-4466-99db-26b5be4cb14f,d3be13aa-6e46-4ece-9fa1-36b3425d6d65,Leisure,Reading
gen_26f410a3-d163-40e2-94d3-2547ac2054b4,d3c6532f-c6a0-4e10-b8e6-f6f5979ae7de,Nutrition,Vegan Diet
gen_6f7960e6-b28a-4773-8a20-7f4843f339d2,d3c6532f-c6a0-4e10-b8e6-f6f5979ae7de,Fitness,Cycling
gen_25b8809f-0848-4478-9f86-89d4520669f6,d4041865-1351-4ce2-bdc2-ac01a9646922,Lifestyle,Minimalism
gen_a1d22f88-70a7-43dd-bb84-9e8c73c16f9f,d4041865-1351-4ce2-bdc2-ac01a9646922,Leisure,Reading
gen_5159ae7e-7136-4f3c-8aa9-21973b9fdc85,d4041865-1351-4ce2-bdc2-ac01a9646922,Wellness,Yoga
gen_28a454dc-a374-4e5d-80e0-2f4365102b55,d4762591-c36b-44cf-a8f6-de5f90a682b9,Wellness,Meditation
gen_146f2ae4-4cef-429d-92fb-e0ff4782753f,d4762591-c36b-44cf-a8f6-de5f90a682b9,Fitness,Strength Training
gen_06805e6a-abd1-4caf-bf8b-6f7af60e1e29,d485b442-5ccb-4698-934a-6785d5ed510a,Wellness,Meditation
gen_4f36cb81-da31-47a1-b8e7-cc2cbd871883,d485b442-5ccb-4698-934a-6785d5ed510a,Wellness,Yoga
gen_9461f3ce-13d5-4146-bdb4-681f923a9026,d485b442-5ccb-4698-934a-6785d5ed510a,Lifestyle,Music
gen_eb5f0e43-6769-4975-9cfb-097ad91dce0b,d4984361-7bae-4c1c-aa08-e32a4a3003d6,Fitness,Strength Training
gen_15f7ff77-b541-4295-b1b1-7e40f30581fe,d4984361-7bae-4c1c-aa08-e32a4a3003d6,Lifestyle,Digital Detox
gen_f2cbdee9-e599-4d59-99e9-ada61d6fdd13,d4a861c3-6a99-4dc8-a4c4-8b2462b73592,Lifestyle,Digital Detox
gen_b4f8b239-84cb-484b-8867-205f6edeab29,d4a861c3-6a99-4dc8-a4c4-8b2462b73592,Lifestyle,Music
gen_3780b033-674a-4550-8c3f-91f51c1c216c,d4e40a68-3274-4f30-ba07-a76a10555433,Hobbies,Gardening
gen_ee36aa59-f881-4ad4-b429-acc480b2fbeb,d4e40a68-3274-4f30-ba07-a76a10555433,Wellness,Yoga
gen_b6e74078-690a-4fd5-a239-0aa160c22260,d4e40a68-3274-4f30-ba07-a76a10555433,Nutrition,Meal Prep
gen_75b9fba9-3b8f-48c5-8307-c8ce9c65a2e3,d5197492-3441-4323-a0bc-109529538345,Nutrition,Vegan Diet
gen_1cb0d7d8-f5c4-43ba-98fd-b3895ab3caef,d5197492-3441-4323-a0bc-109529538345,Nutrition,Keto Diet
gen_e44c4da0-a831-4dfd-a496-690f9a661f2b,d5197492-3441-4323-a0bc-109529538345,Fitness,Running
gen_12137d9f-6616-4c25-9fdb-65a6d3383621,d527f42c-6f5a-48fd-b4a5-61a4d5da2471,Nutrition,Vegan Diet
gen_e10c2a1c-7782-4541-a46c-df91127d27a3,d527f42c-6f5a-48fd-b4a5-61a4d5da2471,Hobbies,Gardening
gen_242d8172-292d-4c4e-a2b3-2534a2126f49,d5394ff9-076d-4f74-8a42-0755e2c4b0eb,Wellness,Meditation
gen_010c79db-89de-448c-a817-094cde79cf75,d5394ff9-076d-4f74-8a42-0755e2c4b0eb,Community,Volunteering
gen_39ac0557-78d1-4695-939e-05eb6e96fa40,d5394ff9-076d-4f74-8a42-0755e2c4b0eb,Lifestyle,Digital Detox
gen_b84f08d7-12cd-4cb6-8341-a5af040cbcae,d59ea746-e298-403b-8b1c-11638364dc4d,Fitness,Strength Training
gen_f1441eea-74e8-48e7-a953-63090f86c856,d59ea746-e298-403b-8b1c-11638364dc4d,Nutrition,Keto Diet
gen_fcba2019-0bdb-4bcd-b40d-2eaf9d3d9ba6,d59ea746-e298-403b-8b1c-11638364dc4d,Leisure,Cooking
gen_5ec0db51-ba7c-4659-8d5c-8ceed0bf3526,d5a1fc01-bce8-45a1-8854-506d52f03035,Hobbies,Gardening
gen_aac0054e-ee9a-43e8-8f2e-a04dc982cf7c,d5a1fc01-bce8-45a1-8854-506d52f03035,Nutrition,Vegan Diet
gen_59f92f54-296c-4079-ba3d-815735d8a3e3,d5a1fc01-bce8-45a1-8854-506d52f03035,Leisure,Reading
gen_f3572d2a-b874-4154-b8db-ca5a67261a28,d5b4b31e-1a99-4af4-abd5-7303d9917246,Nutrition,Vegan Diet
gen_ff2b0e9d-4454-4b8d-99b0-0de88b698698,d5b4b31e-1a99-4af4-abd5-7303d9917246,Lifestyle,Digital Detox
gen_01130eb4-c6e1-4071-ae94-696e0c4e2cb6,d6015a2b-6ba5-46de-9db6-ce04ed5e9537,Fitness,Cycling
gen_f292b6ef-30db-4fba-b87b-baa889a3d5c0,d6015a2b-6ba5-46de-9db6-ce04ed5e9537,Nutrition,Keto Diet
gen_c73e8ece-1a79-46ad-a704-3b8b112690ba,d6015a2b-6ba5-46de-9db6-ce04ed5e9537,Lifestyle,Digital Detox
gen_011cd25a-7526-4fa0-b27b-a76f8fb9c60a,d62f7d16-ee96-4751-b7d1-7a737f6d09d9,Wellness,Meditation
gen_bb10a12e-030b-4e4d-a8de-fd6f4ebe1be8,d62f7d16-ee96-4751-b7d1-7a737f6d09d9,Leisure,Cooking
gen_2360e3c4-c078-47fe-a2be-5e25a86e162b,d62f7d16-ee96-4751-b7d1-7a737f6d09d9,Fitness,Strength Training
gen_3ce463da-db4d-49a1-af54-66231cdf2786,d646f8c2-982e-4496-828f-7a20b3760272,Leisure,Reading
gen_1858cbc2-01cf-498f-8d63-6dbe7fd16cc8,d646f8c2-982e-4496-828f-7a20b3760272,Nutrition,Meal Prep
gen_2e566362-e4b6-4b35-9c45-6af20fd0f200,d646f8c2-982e-4496-828f-7a20b3760272,Nutrition,Vegan Diet
gen_f920353d-837a-43d9-ac9e-f3af4181e505,d64fdfe8-4c8a-47eb-9c94-c78593abe450,Community,Volunteering
gen_357f80eb-11d1-417d-a5be-9f505c227d26,d64fdfe8-4c8a-47eb-9c94-c78593abe450,Leisure,Cooking
gen_6aef30c2-7d5b-429a-9762-c0811ee54bb9,d697e430-024b-4afa-97b4-322772aa2537,Nutrition,Meal Prep
gen_3c9afab0-fff8-4fcf-b57d-35dbaff6cff3,d697e430-024b-4afa-97b4-322772aa2537,Wellness,Yoga
gen_e9fd8618-09d5-4aad-8f6d-05724e321e51,d69b915f-fea8-448e-85f0-2786c483bff2,Leisure,Reading
gen_4cba024c-8c8b-4134-b6b6-46f6f1154ac7,d69b915f-fea8-448e-85f0-2786c483bff2,Nutrition,Meal Prep
gen_fd2d7e42-4501-4f33-ad62-b4c9cfcb286a,d69b915f-fea8-448e-85f0-2786c483bff2,Fitness,Cycling
gen_8603d34c-59b3-42b7-9714-b239edd4c3b2,d6b929f4-2852-4d6b-b816-2cf7812b7d4f,Wellness,Yoga
gen_051680d1-00fa-4497-888d-dfe5a1960d84,d6b929f4-2852-4d6b-b816-2cf7812b7d4f,Lifestyle,Digital Detox
gen_cd04194d-4c7f-41bb-b52c-1cfd9e24ab4c,d711cd5a-8762-4048-8c3e-e8ca94adbbe0,Leisure,Reading
gen_701e48e2-67b7-4d8c-945b-38224cd41a28,d711cd5a-8762-4048-8c3e-e8ca94adbbe0,Nutrition,Keto Diet
gen_4fbdbc44-5b56-4833-99dd-f895169e3e0a,d711cd5a-8762-4048-8c3e-e8ca94adbbe0,Leisure,Cooking
gen_2f53f299-7ed6-4618-84e2-5f87bb9310b7,d7147c7f-cda8-429f-970f-a336fff6d4f0,Fitness,Cycling
gen_7b5c6767-06e4-4254-af1c-102f68f595dc,d7147c7f-cda8-429f-970f-a336fff6d4f0,Nutrition,Vegan Diet
gen_8134503f-9c80-4886-908a-7bb670a3456c,d79fb4ee-2c09-4936-8679-e76b5a9eba51,Leisure,Reading
gen_6b06f448-5c0e-4bc4-bf48-4b9da0523a03,d79fb4ee-2c09-4936-8679-e76b5a9eba51,Fitness,Running
gen_20d6c38a-35fe-4599-879d-a232a0775026,d7a6f0d0-4aec-4433-afa9-1298a6d5a4f0,Lifestyle,Minimalism
gen_ab6aa25c-c6f1-481a-8409-bdfb47d45713,d7a6f0d0-4aec-4433-afa9-1298a6d5a4f0,Fitness,Strength Training
gen_8f6b6012-a783-42a5-97b0-1ec4ed807b8d,d7b397d3-c204-401d-bd28-fd4aa9d0a445,Fitness,Running
gen_397a3b92-922c-45ea-98bf-d9cf7ece7f46,d7b397d3-c204-401d-bd28-fd4aa9d0a445,Leisure,Cooking
gen_13b8f0ea-8222-4634-af0f-e5fc28608c45,d7b397d3-c204-401d-bd28-fd4aa9d0a445,Wellness,Meditation
gen_5f52bf95-9b31-4aca-9fbf-3e42f94cba58,d7de2100-d03d-4982-8e02-8a6f57b9228c,Nutrition,Keto Diet
gen_946ba6d9-0f9b-4766-8ec7-25ee4907f5bd,d7de2100-d03d-4982-8e02-8a6f57b9228c,Fitness,Running
gen_a287042f-507a-423b-b4bf-9f1663d412da,d7eeceb9-64ef-482e-8bc9-2b14bd4081f7,Nutrition,Meal Prep
gen_e85d41b3-9992-4f5f-8f1d-ffb4a87756cb,d7eeceb9-64ef-482e-8bc9-2b14bd4081f7,Nutrition,Vegan Diet
gen_fab3357f-1319-4b12-8855-992cd1fed605,d7f26a55-bac2-4106-921e-53187377783d,Fitness,Strength Training
gen_ee534443-8aae-4d53-b722-0d185cf07f42,d7f26a55-bac2-4106-921e-53187377783d,Hobbies,Gardening
gen_a56d5ff6-5070-4621-8fe8-5410f4d2b2e1,d7f26a55-bac2-4106-921e-53187377783d,Lifestyle,Digital Detox
gen_ef445dbf-7305-4bc7-9e11-d6197c33241f,d7f939be-8652-4c15-9838-cc4a9f665f94,Nutrition,Meal Prep
gen_450cd5fa-040c-429a-82a4-692573cef4c8,d7f939be-8652-4c15-9838-cc4a9f665f94,Fitness,Strength Training
gen_18e1c7cb-9821-4ed2-8cc4-28bb573c8bb1,d7f939be-8652-4c15-9838-cc4a9f665f94,Lifestyle,Music
gen_a6efa9dd-2a12-4968-98cb-5896e89634dc,d806f6cd-c337-4326-9370-4ba1d064a6d0,Hobbies,Gardening
gen_14441d08-65c0-4fed-b978-26568236df15,d806f6cd-c337-4326-9370-4ba1d064a6d0,Lifestyle,Minimalism
gen_88c322de-4f6e-44bb-b9a6-5c0b37b7a9b0,d83f274b-b3d3-4ccf-a0e2-d73e92fe06e7,Lifestyle,Music
gen_6633e612-d5c7-46f0-a8a8-9ce01f0b08ff,d83f274b-b3d3-4ccf-a0e2-d73e92fe06e7,Wellness,Yoga
gen_4171c29e-e455-4ebc-89cf-4af8a5c1364c,d83f274b-b3d3-4ccf-a0e2-d73e92fe06e7,Hobbies,Gardening
gen_f8dad2fe-a800-4f1e-b27d-d977ea05fd32,d86df308-a096-4330-8203-a01b097f880f,Wellness,Yoga
gen_029af0ff-e1e3-45ba-94bb-37fb301173b1,d86df308-a096-4330-8203-a01b097f880f,Lifestyle,Music
gen_ba5be401-cb81-4d2b-a875-b878457b7383,d86df308-a096-4330-8203-a01b097f880f,Leisure,Reading
gen_fa90a4a5-a6f9-409e-b3be-617e75a431b1,d898f586-4baf-408f-9d0f-ad860993e6af,Fitness,Strength Training
gen_bfdadf48-86d7-411c-a4e9-b1a0f429693d,d898f586-4baf-408f-9d0f-ad860993e6af,Fitness,Cycling
gen_fb93b2f8-9056-4aae-83be-0b022e48a3f3,d89e5cae-9e68-4e8b-b7f9-a41f5c4b9531,Nutrition,Keto Diet
gen_49730e9d-fa2c-4ae3-af0c-0aa3a2bda3ad,d89e5cae-9e68-4e8b-b7f9-a41f5c4b9531,Wellness,Yoga
gen_6353d4e6-3296-482b-94c4-0222aa4fbf55,d8a1dc3a-af46-44a8-9e36-7b509f07c046,Fitness,Cycling
gen_01c27695-a492-4d0b-9061-2f47a9f04b25,d8a1dc3a-af46-44a8-9e36-7b509f07c046,Fitness,Running
gen_6f2b986a-0c17-4b49-8df8-bf47d3fe2f11,d8ae0379-4d80-45dd-ab48-24821b0a24ec,Leisure,Reading
gen_f2fc8c22-ab9c-4eb4-a444-593f82903987,d8ae0379-4d80-45dd-ab48-24821b0a24ec,Nutrition,Vegan Diet
gen_07fb0391-67ac-4859-96c4-60126e5e2125,d8ae0379-4d80-45dd-ab48-24821b0a24ec,Nutrition,Keto Diet
gen_d841eddc-13e1-427e-a84f-40ef4c5019b7,d8bd8f04-f8ee-4301-9b73-89f5bca7dd64,Nutrition,Vegan Diet
gen_ec40756a-2794-42e5-9132-48e4cc465565,d8bd8f04-f8ee-4301-9b73-89f5bca7dd64,Fitness,Strength Training
gen_12446b5f-25ed-4e9f-a16b-d858af0c846c,d8bd8f04-f8ee-4301-9b73-89f5bca7dd64,Wellness,Yoga
gen_61a54b81-f58b-472e-aeec-1067b6de420d,d8e2e871-e098-4fce-a71e-870330696028,Nutrition,Meal Prep
gen_9bd6a354-0ca2-4c60-a0bf-5fa21089688a,d8e2e871-e098-4fce-a71e-870330696028,Leisure,Cooking
gen_9b0ba11c-c7c1-4437-b584-f20480be9b52,d8ec0d18-ba43-4869-a0dd-85acb40a335a,Leisure,Cooking
gen_afc57b75-cdb2-4a3e-81bb-98d0a64adeee,d8ec0d18-ba43-4869-a0dd-85acb40a335a,Fitness,Running
gen_7131017f-c9b8-45d5-adb4-10f1c403424e,d8f14861-ba51-48d2-ace9-a13fce05acd2,Nutrition,Meal Prep
gen_13112695-e0f8-4042-bfa7-43e4f1d33d7a,d8f14861-ba51-48d2-ace9-a13fce05acd2,Community,Volunteering
gen_d4287805-f0f9-47b8-b811-24cf842294ff,d8f14861-ba51-48d2-ace9-a13fce05acd2,Lifestyle,Digital Detox
gen_b1681779-ac1f-4b90-a0f5-76e2fc4f5793,d90c395f-27df-481b-a4de-70276ea54d99,Nutrition,Keto Diet
gen_49f2941a-afdd-4cb0-b93f-b277e045d91a,d90c395f-27df-481b-a4de-70276ea54d99,Community,Volunteering
gen_c262fcad-a9fe-4c74-be40-99b448b2384a,d90c395f-27df-481b-a4de-70276ea54d99,Wellness,Meditation
gen_8e30985f-5111-4423-b41f-48acf4e7bc27,d9141ff3-1ba0-400e-b91a-0db20e82620e,Fitness,Strength Training
gen_a631c4c8-d17f-4b0f-9841-43145a86d29f,d9141ff3-1ba0-400e-b91a-0db20e82620e,Wellness,Yoga
gen_348fccba-14b4-4561-a40f-cdf915410494,d91b8ad4-527c-410a-b0a9-19c05307aea1,Leisure,Cooking
gen_8b4a9bf3-81d2-4efd-b666-00a296d37f79,d91b8ad4-527c-410a-b0a9-19c05307aea1,Nutrition,Vegan Diet
gen_6efaafc5-23b1-4191-9616-a72356009ceb,d91b8ad4-527c-410a-b0a9-19c05307aea1,Fitness,Strength Training
gen_8499c26e-0b1b-4f83-ad8e-76ea236362ab,d934b447-bad2-4be7-beea-784568a2ab04,Wellness,Meditation
gen_2bfb107b-a367-468c-ac00-a9225fbd28ad,d934b447-bad2-4be7-beea-784568a2ab04,Fitness,Cycling
gen_aaed7ade-183d-4f6d-92f8-d6e0ffb0e634,d9582a46-e3c4-4339-9187-2f2e6b015e7b,Lifestyle,Digital Detox
gen_94369768-ca5d-486c-b851-4edf2c1aaecb,d9582a46-e3c4-4339-9187-2f2e6b015e7b,Fitness,Running
gen_607f6d5a-6633-431b-b9c8-82a9c36594d7,d9582a46-e3c4-4339-9187-2f2e6b015e7b,Leisure,Cooking
gen_68326ce6-8258-4b6d-839a-9178886ad89e,d95b3ae3-493c-43f8-b057-28f44f8c8e32,Lifestyle,Digital Detox
gen_0ec826ad-066d-4d32-b8bf-4d50a21cb708,d95b3ae3-493c-43f8-b057-28f44f8c8e32,Wellness,Meditation
gen_eebf165d-1b3f-43f4-a89b-6de5c971d23c,d96ef0eb-e244-4ec7-a497-32b8fbe8c3af,Fitness,Running
gen_cf186541-a0c2-4e9c-9ae9-15469fe570dc,d96ef0eb-e244-4ec7-a497-32b8fbe8c3af,Leisure,Reading
gen_a6cf0ea8-8d17-4579-8899-f6a4b3562f16,d96ef0eb-e244-4ec7-a497-32b8fbe8c3af,Lifestyle,Digital Detox
gen_debd2fde-6475-49ec-a06c-ce6156376a15,d9abe70f-92c7-4bce-9522-c9547479c4d0,Leisure,Cooking
gen_763c800b-a9de-44c5-a645-2e8cece38a11,d9abe70f-92c7-4bce-9522-c9547479c4d0,Lifestyle,Digital Detox
gen_8418142e-9b7b-4267-91fc-1a2352a5bef4,d9abe70f-92c7-4bce-9522-c9547479c4d0,Leisure,Reading
gen_8a580695-3306-4fbf-a8d8-ed7380fcca41,d9bab4c0-4d22-452e-8210-e5890624c1a0,Nutrition,Meal Prep
gen_9392661c-47ad-4cc5-9daa-ccb21ae09895,d9bab4c0-4d22-452e-8210-e5890624c1a0,Lifestyle,Minimalism
gen_e12d787f-6a36-4bb8-bc7f-26c45f4848fb,d9bab4c0-4d22-452e-8210-e5890624c1a0,Nutrition,Vegan Diet
gen_f0ff5574-092b-4048-bafd-f4175c11b5c6,d9d52c4b-546c-4ae7-95d5-112d3cd0e401,Leisure,Reading
gen_3a3d31db-ddaf-47e4-bbe9-88429479596f,d9d52c4b-546c-4ae7-95d5-112d3cd0e401,Wellness,Yoga
gen_9bd756d2-2580-4fbd-be5b-bde4249d497f,d9d52c4b-546c-4ae7-95d5-112d3cd0e401,Leisure,Cooking
gen_a7b4cdfc-de3f-4dcb-953e-51c6dce9c4d7,d9dfb3df-3b72-4db5-bd87-c589c08f674f,Leisure,Reading
gen_dae2ee94-3b8e-4ccf-8648-3de5b698df48,d9dfb3df-3b72-4db5-bd87-c589c08f674f,Lifestyle,Minimalism
gen_e2b7691c-96e5-45c9-a708-0bc73f72af0b,d9dfb3df-3b72-4db5-bd87-c589c08f674f,Hobbies,Gardening
gen_4c4f5f2b-3ca8-4d6d-a9ef-22aace03c576,d9e81833-81b5-4147-8495-d0c579e6ea1c,Leisure,Cooking
gen_30b614d3-798a-4bcb-9c39-160242561b54,d9e81833-81b5-4147-8495-d0c579e6ea1c,Fitness,Strength Training
gen_70df7b03-3fda-4e65-802f-eca9dae452c1,d9e81833-81b5-4147-8495-d0c579e6ea1c,Lifestyle,Music
gen_45135b30-001b-4ecd-a497-fdcc8f7e97a1,da0e9a7a-85b3-46b8-9bf8-37f2b7fac69d,Fitness,Running
gen_89009b8b-1f20-4ac7-8208-fcb0df545f0f,da0e9a7a-85b3-46b8-9bf8-37f2b7fac69d,Wellness,Meditation
gen_c0e533ca-883e-4132-b72c-3630741e9c1a,da0e9a7a-85b3-46b8-9bf8-37f2b7fac69d,Leisure,Cooking
gen_156d364c-7fb5-438e-8ad2-3c07a4fc5fd5,da392664-893e-468e-a696-2cde12ab2249,Hobbies,Gardening
gen_1cfff26b-a348-49b2-8652-7877e97e3101,da392664-893e-468e-a696-2cde12ab2249,Leisure,Reading
gen_6e1303b5-411d-4fef-8c6d-0d03dae92ded,da392664-893e-468e-a696-2cde12ab2249,Wellness,Yoga
gen_ea4f3483-2383-41d9-a01d-aa8bc6ece4cf,da889cb8-2fc0-46c5-823a-041505807704,Leisure,Reading
gen_2db1f4b8-60d2-484b-9ade-efa1e6a09444,da889cb8-2fc0-46c5-823a-041505807704,Nutrition,Keto Diet
gen_886924fa-a855-488d-8881-897f03ef7a40,da9523ff-526f-4e90-8a64-6e5460ed446f,Nutrition,Keto Diet
gen_5ab97db7-b6be-4e80-bb0a-5cb8017a4ad9,da9523ff-526f-4e90-8a64-6e5460ed446f,Lifestyle,Digital Detox
gen_4e4d748f-6611-49c4-9150-d8b533fef846,da9523ff-526f-4e90-8a64-6e5460ed446f,Community,Volunteering
gen_a583544e-5759-4e5e-b109-c442ca540964,daaa7116-a311-4aed-93b3-500e1302e814,Nutrition,Meal Prep
gen_7118b980-4e8c-4051-8fb2-3c9bef373ace,daaa7116-a311-4aed-93b3-500e1302e814,Community,Volunteering
gen_64e5c077-1a62-4ef8-9eed-aedc3d1b5492,dad66b35-abae-4363-b38b-b84e0bf7e086,Wellness,Yoga
gen_1697e67b-c655-4c13-a94c-f5f191da8a26,dad66b35-abae-4363-b38b-b84e0bf7e086,Wellness,Meditation
gen_97d18053-3639-4702-b1a7-8695566e3c1a,dad66b35-abae-4363-b38b-b84e0bf7e086,Fitness,Running
gen_b221bea8-4a88-434a-89d8-fb13f6a1ae5e,daf79a66-8e59-421f-a692-b5d392da8695,Hobbies,Gardening
gen_80fca5ac-2d1b-4367-af61-f5f5ed3ec29d,daf79a66-8e59-421f-a692-b5d392da8695,Nutrition,Meal Prep
gen_969fd374-da7b-4575-b02c-d38436eff695,daf79a66-8e59-421f-a692-b5d392da8695,Nutrition,Keto Diet
gen_1bd48223-9c7e-4721-abdb-a4fa9d5fb302,dafbe5a4-f72d-4e5e-a39d-c594d0204109,Lifestyle,Digital Detox
gen_b4390a7e-4873-4787-be0c-eacdabf70f98,dafbe5a4-f72d-4e5e-a39d-c594d0204109,Fitness,Cycling
gen_7c0f443b-cb18-4638-82e6-006b0fa235e9,db30a29e-1c37-4b84-9c30-d868bb4d81da,Nutrition,Keto Diet
gen_c7d80f67-fd64-45a4-a55a-581bc58334b0,db30a29e-1c37-4b84-9c30-d868bb4d81da,Leisure,Cooking
gen_10e91142-0462-4ca4-bb47-508b1ed2ff9b,db30a29e-1c37-4b84-9c30-d868bb4d81da,Wellness,Yoga
gen_f97cf028-9b91-46e8-a707-1b02486262eb,db55f288-8523-45a2-be49-654f7abf1358,Fitness,Cycling
gen_f597239e-0265-4b2d-b20a-85fd3b20ae21,db55f288-8523-45a2-be49-654f7abf1358,Nutrition,Meal Prep
gen_ae8cb9f7-39ba-4b0d-ad35-7a64fb4b1d35,db55f288-8523-45a2-be49-654f7abf1358,Hobbies,Gardening
gen_8f6aad12-1a13-4077-8c9b-aed56e8b1ee8,dbaf66e2-52a0-4166-b67d-cf534ec30c1d,Lifestyle,Minimalism
gen_886c7442-8a5c-4de3-b49d-d4076f87a186,dbaf66e2-52a0-4166-b67d-cf534ec30c1d,Nutrition,Meal Prep
gen_7161bea4-3fe1-4dd2-ab1a-eaa5fc6f4131,dbb2a09c-7d1c-4117-b0d7-d8451f0d4c2f,Wellness,Yoga
gen_5b882a58-e37f-4bd9-bc01-5e80aadde427,dbb2a09c-7d1c-4117-b0d7-d8451f0d4c2f,Nutrition,Meal Prep
gen_35496a9b-af9b-4918-b868-6e2980b7713a,dbc40c9f-147f-4b69-9811-a550fa141b9c,Community,Volunteering
gen_a0509976-4371-432e-b4c0-fd7050adc190,dbc40c9f-147f-4b69-9811-a550fa141b9c,Wellness,Meditation
gen_5e60214a-c9be-47b1-a7d1-bac772759f0c,dbd1d3ed-44ac-43c9-b5d1-dd62d4f7368f,Wellness,Yoga
gen_5024326e-aa0a-4e77-8145-3e9bd5c68695,dbd1d3ed-44ac-43c9-b5d1-dd62d4f7368f,Leisure,Cooking
gen_d1a33a29-1cfc-4a73-a45f-ee59dcf9d9b1,dc222915-fcac-464c-8a37-5b7d289fec0c,Community,Volunteering
gen_e96b51e3-a754-4ef5-94b7-c3e77429777c,dc222915-fcac-464c-8a37-5b7d289fec0c,Fitness,Strength Training
gen_f0aa68a9-730c-41e4-868b-77705978c593,dc65e0ca-6293-4ce4-b0b7-61d22044d376,Fitness,Cycling
gen_2a0b14d7-88f8-444f-b810-031f294d4446,dc65e0ca-6293-4ce4-b0b7-61d22044d376,Leisure,Reading
gen_23cd0713-aaf8-40a3-ae67-9a3fd47634a3,dc65e0ca-6293-4ce4-b0b7-61d22044d376,Fitness,Running
gen_0a32822d-7b50-460c-afb7-1a6a68562111,dc6a8330-abbc-4924-ab6c-1d417e9038fd,Leisure,Cooking
gen_c2211261-4b1b-4382-91ba-86b8e9344489,dc6a8330-abbc-4924-ab6c-1d417e9038fd,Fitness,Running
gen_2969925c-da77-43c0-82aa-35b1f192d324,dc8fcf95-c033-4a25-87ca-6ad0b61619ea,Fitness,Strength Training
gen_b4a450b8-4212-4071-a7f3-76cfddc38e40,dc8fcf95-c033-4a25-87ca-6ad0b61619ea,Lifestyle,Music
gen_155dd31d-64ec-4577-b819-2f67d0992450,dc8fcf95-c033-4a25-87ca-6ad0b61619ea,Leisure,Reading
gen_856ac8e1-fe5a-4034-adad-2375d7ee0407,dcc0b624-4a4f-46e2-88fa-4ea972e9c282,Community,Volunteering
gen_49ae4a94-0694-48b2-aa3f-77338a96902b,dcc0b624-4a4f-46e2-88fa-4ea972e9c282,Lifestyle,Minimalism
gen_325ef626-9bd8-40a3-b886-a9f2293aa0c5,dccb0cc3-c581-4d0d-abfe-fad8d47885a4,Fitness,Strength Training
gen_7c2f61b5-0bdf-4578-ad24-168940fe0eb0,dccb0cc3-c581-4d0d-abfe-fad8d47885a4,Nutrition,Keto Diet
gen_be8e4a9c-4b6c-463e-97a6-7ac62d3e5902,dccb0cc3-c581-4d0d-abfe-fad8d47885a4,Lifestyle,Minimalism
gen_d91dcbd6-f896-4dca-a502-3a0d3dabee2e,dcd95f89-989c-49ec-9084-d2e31d213f38,Lifestyle,Minimalism
gen_66a9ac3f-9d9b-469e-a70c-8807f2ee620a,dcd95f89-989c-49ec-9084-d2e31d213f38,Fitness,Cycling
gen_81191335-644a-4685-8f2b-33440773cd18,dcd95f89-989c-49ec-9084-d2e31d213f38,Leisure,Reading
gen_b84a1e9a-3484-492b-99be-81741f37fd18,dd06265c-0590-421f-b9cc-df433538adce,Nutrition,Vegan Diet
gen_bbaa68ca-679b-4b82-ab64-9edb36cc525c,dd06265c-0590-421f-b9cc-df433538adce,Wellness,Yoga
gen_d2787c1b-30c0-4f85-a65b-de37e9dddf17,dd06265c-0590-421f-b9cc-df433538adce,Leisure,Reading
gen_01c9f36f-dfe6-4b38-b9fc-989fdda22c21,dd11be37-f080-4c25-8156-06fce3f1af19,Lifestyle,Music
gen_4e99a275-e561-47d6-bfba-d256db6e7893,dd11be37-f080-4c25-8156-06fce3f1af19,Lifestyle,Digital Detox
gen_b5087950-1938-40d7-b44b-4470a708330f,dd4dd762-8340-4723-aa99-89fbd89d0bcf,Lifestyle,Minimalism
gen_70c15d3f-74a3-4706-9b06-c046f9368648,dd4dd762-8340-4723-aa99-89fbd89d0bcf,Lifestyle,Digital Detox
gen_c0e4fa4a-8f80-42e1-9d38-2bd3fcd43638,dd4dd762-8340-4723-aa99-89fbd89d0bcf,Lifestyle,Music
gen_48d2b4c4-d8d7-4b1b-851e-1cc17f1741e2,dd5661c5-c91c-4fd0-8a29-eced81279e83,Nutrition,Vegan Diet
gen_efbcaed0-f801-49d4-840f-18353d14402b,dd5661c5-c91c-4fd0-8a29-eced81279e83,Community,Volunteering
gen_63b8566e-549e-4aad-82b4-82f8a6f9ea36,dd5661c5-c91c-4fd0-8a29-eced81279e83,Hobbies,Gardening
gen_91fc5c04-7833-43eb-8255-b679ccc2111d,dd578375-7537-4b20-a939-ece4714c1d28,Lifestyle,Minimalism
gen_678a1188-a9c3-48e6-958b-25cc20a58837,dd578375-7537-4b20-a939-ece4714c1d28,Fitness,Running
gen_3171f10c-c5a8-47b0-865b-586984e5e10b,dd601c90-61fb-419a-b070-bd0c79ee5895,Nutrition,Keto Diet
gen_5c8fc79d-4fe0-433b-832f-5d7cbf942b25,dd601c90-61fb-419a-b070-bd0c79ee5895,Nutrition,Meal Prep
gen_9d50e632-b0fc-468f-a2cb-5a7904cbc2b4,dd601c90-61fb-419a-b070-bd0c79ee5895,Lifestyle,Music
gen_d851077f-5107-4ec1-8049-19d519f32968,dd70c18e-7036-4b1c-99d4-6ac28fe3c24d,Hobbies,Gardening
gen_39843459-70e3-4395-860c-a9057289f038,dd70c18e-7036-4b1c-99d4-6ac28fe3c24d,Wellness,Yoga
gen_d52fd1a3-2718-4b16-8521-16977ab00f48,dd983f93-297c-4d18-b507-92a08d1eb5e2,Fitness,Strength Training
gen_e38de0f9-b50d-4665-8c1b-622090b036d3,dd983f93-297c-4d18-b507-92a08d1eb5e2,Fitness,Running
gen_c3216ba5-73b4-4243-a92f-eaf1ff04171f,dd983f93-297c-4d18-b507-92a08d1eb5e2,Nutrition,Keto Diet
gen_7d074038-6595-45a5-b37a-c5eeace3fe2c,de09a56a-c65a-4b4b-9982-6b100650e488,Fitness,Strength Training
gen_05d566dc-5629-406c-93a3-136dcd70a6dd,de09a56a-c65a-4b4b-9982-6b100650e488,Community,Volunteering
gen_0d2c71dc-b54c-4d83-b4ce-ce9b1f7852fb,de09a56a-c65a-4b4b-9982-6b100650e488,Wellness,Meditation
gen_d84279f6-89cc-4ed5-bb09-9d89ecc37567,de0f2413-52c1-4a2e-bbed-2111cedab261,Lifestyle,Digital Detox
gen_3f75bb1e-f90d-4d07-a099-4080e1e1b468,de0f2413-52c1-4a2e-bbed-2111cedab261,Wellness,Meditation
gen_ad4aa1a9-ea46-47ae-9ae5-4a6615156829,de37fe36-8637-4173-825e-fc983a0d1dc2,Wellness,Meditation
gen_bfa94010-b800-405a-b883-8f1d96fd8219,de37fe36-8637-4173-825e-fc983a0d1dc2,Lifestyle,Minimalism
gen_4a2da912-e680-4d93-a63c-1b1e7ab8305c,de451338-83d6-4ac6-ba42-c64c69efe4c9,Nutrition,Keto Diet
gen_33e388fa-ed24-480e-a01f-c2aec588a84e,de451338-83d6-4ac6-ba42-c64c69efe4c9,Fitness,Cycling
gen_43a055be-80c5-467d-b5fb-a5dce179fc53,de451338-83d6-4ac6-ba42-c64c69efe4c9,Lifestyle,Minimalism
gen_82b85554-b5b3-41da-9a06-54d639733f1b,de5b0fee-1a2b-402a-8568-807708453d22,Wellness,Yoga
gen_a70b315d-7eb2-46c3-9d9b-88daa98b332d,de5b0fee-1a2b-402a-8568-807708453d22,Nutrition,Vegan Diet
gen_2507ef34-8d39-46ed-898d-e320af850efb,de5b0fee-1a2b-402a-8568-807708453d22,Nutrition,Meal Prep
gen_f3edb2c5-a0bd-4b89-8ce5-46a16a34336f,de8b37f5-5829-444d-9f3f-53a893f1481f,Nutrition,Keto Diet
gen_e5ff8fec-d01e-4715-83a2-75bea51b81db,de8b37f5-5829-444d-9f3f-53a893f1481f,Community,Volunteering
gen_b8a20562-2c5c-47d5-90a7-cee5779eda57,de8b37f5-5829-444d-9f3f-53a893f1481f,Nutrition,Vegan Diet
gen_08e1c009-5305-4d5a-bef9-3fe7458bff67,de8f9777-11ef-4e3e-b47b-220069351143,Lifestyle,Minimalism
gen_8904008d-578d-4584-b451-7481ddda7a5d,de8f9777-11ef-4e3e-b47b-220069351143,Fitness,Cycling
gen_13079555-351a-4b71-9f90-5a4694c3b4c3,de8f9777-11ef-4e3e-b47b-220069351143,Fitness,Strength Training
gen_0bea952e-908d-4bf8-a67c-17102f6691ab,decd134d-3dcc-4947-a3fb-8d0aca66dbba,Fitness,Strength Training
gen_32e687f0-5bf8-4378-b684-6d92867cb086,decd134d-3dcc-4947-a3fb-8d0aca66dbba,Hobbies,Gardening
gen_e2464911-299b-4e37-b2cc-83af95933437,decece81-bba0-4910-a795-e6cad31e6d8d,Community,Volunteering
gen_d59fe30c-2cee-4e94-8ae1-5876e7f90aab,decece81-bba0-4910-a795-e6cad31e6d8d,Fitness,Running
gen_a7d7efe3-050b-4c7c-bac1-e0e75a574d07,ded02442-a6b2-4184-9e7d-e1629abca6e1,Leisure,Reading
gen_44eff322-f8e2-4280-9409-e1cc5957aa96,ded02442-a6b2-4184-9e7d-e1629abca6e1,Wellness,Yoga
gen_a7a17298-2b81-4955-b9a8-6497de336e4d,ded02442-a6b2-4184-9e7d-e1629abca6e1,Lifestyle,Digital Detox
gen_c60026f4-c1c5-4efc-aa92-25cac28da29c,dee2ce38-e75a-40c7-acad-94db96f87e84,Community,Volunteering
gen_ef808a17-13a9-4b0f-9ac2-8c163fb798f3,dee2ce38-e75a-40c7-acad-94db96f87e84,Nutrition,Vegan Diet
gen_d89415ea-9b6d-495b-b5ee-eebbd9397bb3,dee2ce38-e75a-40c7-acad-94db96f87e84,Wellness,Yoga
gen_e3284718-05ae-4eb1-b866-61fd8771458a,df230bf4-dc6c-46e4-a62d-e895e3a1da6d,Leisure,Reading
gen_6d61af38-8b5a-4201-84f4-ef503cd786da,df230bf4-dc6c-46e4-a62d-e895e3a1da6d,Nutrition,Meal Prep
gen_75b155cb-2270-4654-ac8e-0270d0ad488d,df32676b-ef3d-44dd-8366-fc3671b3baaf,Lifestyle,Minimalism
gen_ae42397a-e275-482c-a8c0-6f77cdcdccd5,df32676b-ef3d-44dd-8366-fc3671b3baaf,Leisure,Reading
gen_9dc12c00-07fa-45bc-936f-08126ea2314c,dfe5303c-955a-431d-b964-7c134aac2c45,Fitness,Cycling
gen_eb018a87-dc5c-4cce-a8bb-531dba5df7a9,dfe5303c-955a-431d-b964-7c134aac2c45,Nutrition,Vegan Diet
gen_d9e015af-4844-4d90-8ad3-46eb9f291402,e0292b72-2c00-419f-bfce-b6d0eef2f703,Fitness,Cycling
gen_aa8e4f86-883a-4848-b496-e66c4558decd,e0292b72-2c00-419f-bfce-b6d0eef2f703,Community,Volunteering
gen_a723857b-375a-49f9-8186-27f1e0263beb,e0292b72-2c00-419f-bfce-b6d0eef2f703,Hobbies,Gardening
gen_0227c833-ec60-40f4-bb59-543b3f20ec4a,e02a2f03-333a-478e-bf3a-d49c53530f9f,Leisure,Reading
gen_27cd5fcd-9add-49a8-b091-e2c1867bf235,e02a2f03-333a-478e-bf3a-d49c53530f9f,Lifestyle,Minimalism
gen_b306b289-6ee2-4c5e-a55c-ca436818dacf,e02a2f03-333a-478e-bf3a-d49c53530f9f,Wellness,Meditation
gen_95cdc9a4-a392-4c2a-bb8d-8ebc50e4b445,e036cc5b-c0e2-4d81-9b6e-360a3a7811e4,Lifestyle,Digital Detox
gen_2d4210ab-9dea-4c32-94b2-19368dc6e0ea,e036cc5b-c0e2-4d81-9b6e-360a3a7811e4,Community,Volunteering
gen_75a8ae52-d77c-4c5c-b8b2-47c1f9997507,e036cc5b-c0e2-4d81-9b6e-360a3a7811e4,Fitness,Strength Training
gen_d490df9d-5254-486d-a6a6-cce843b4c566,e0433c78-4d32-46af-9436-c2668a0ac104,Nutrition,Vegan Diet
gen_7674ff22-ce76-4cff-bdcd-278d48014aa0,e0433c78-4d32-46af-9436-c2668a0ac104,Fitness,Running
gen_a06f5bd5-c718-4985-b888-73d0f8c7a2aa,e0461e2f-7efc-471b-875c-4ea9e7b9ce1f,Lifestyle,Music
gen_522d654b-fffe-41e6-a541-706e0a499252,e0461e2f-7efc-471b-875c-4ea9e7b9ce1f,Wellness,Yoga
gen_45608a4d-bf78-455d-9877-439016995b6c,e068b776-b700-4080-986d-1f25efed62c8,Lifestyle,Minimalism
gen_fa52dbf0-1527-493b-b29d-28ad993092b8,e068b776-b700-4080-986d-1f25efed62c8,Community,Volunteering
gen_f71b0d6b-74ac-4a03-9c98-913d024d7557,e068b776-b700-4080-986d-1f25efed62c8,Hobbies,Gardening
gen_40c4be0e-1582-4158-8772-0d5804df9d15,e074ce82-4286-48db-9a11-4631348facf2,Lifestyle,Minimalism
gen_5a8ae326-38e5-400c-9c58-df7994d54452,e074ce82-4286-48db-9a11-4631348facf2,Nutrition,Meal Prep
gen_91fae353-4d2d-413e-8804-a6d894346da0,e08407a9-1d00-4e9b-a3ae-ebd28cc9bf36,Wellness,Meditation
gen_7e8b76d7-0513-4541-a31d-5b63d40cb165,e08407a9-1d00-4e9b-a3ae-ebd28cc9bf36,Nutrition,Keto Diet
gen_eac42365-b22a-4030-aaa2-8e0623a614bc,e08407a9-1d00-4e9b-a3ae-ebd28cc9bf36,Community,Volunteering
gen_62b49259-c7ef-495d-9ef9-52e91e767ddb,e09a13af-7fc5-4fa5-8524-f978fdc22f1a,Nutrition,Keto Diet
gen_4eea8bdd-c618-407b-8979-7313180d42af,e09a13af-7fc5-4fa5-8524-f978fdc22f1a,Lifestyle,Music
gen_a6b6c162-7135-46a6-a031-35c67b5d9597,e09a13af-7fc5-4fa5-8524-f978fdc22f1a,Nutrition,Vegan Diet
gen_2b903185-e873-4268-b6ea-7f7007fa95ac,e09dd95d-1732-48a0-9aad-2e617a24b111,Nutrition,Keto Diet
gen_56134130-1f75-498b-8138-7e2811629ea7,e09dd95d-1732-48a0-9aad-2e617a24b111,Community,Volunteering
gen_44b26553-ea22-4c97-92c1-aea5b1e9e771,e0b6c0d9-6993-43d2-b291-9d0a1bcc61e6,Fitness,Strength Training
gen_8d33f59f-563e-45e7-b906-3aaf7198b7d4,e0b6c0d9-6993-43d2-b291-9d0a1bcc61e6,Leisure,Cooking
gen_27402aee-f541-414e-a7a3-4f6ed0cb51ae,e0dbaaf1-dd2a-4196-aece-07fa798e361b,Leisure,Reading
gen_f78e8915-6478-4085-bb79-608fb0ac83f2,e0dbaaf1-dd2a-4196-aece-07fa798e361b,Wellness,Meditation
gen_04294f47-bf65-4311-a7f0-5549d52819c0,e100e16d-8092-4960-8a41-ee2bb2ccbb60,Nutrition,Keto Diet
gen_9df7c93e-c61b-4686-a51c-ea4cba9741f8,e100e16d-8092-4960-8a41-ee2bb2ccbb60,Hobbies,Gardening
gen_13ac0950-9dd2-4e6b-96be-23227896c30e,e100e16d-8092-4960-8a41-ee2bb2ccbb60,Lifestyle,Digital Detox
gen_8eaf1166-8517-4a9c-872a-69af9b7c7de6,e1270a63-46e8-4e6c-89d0-b0658a875af5,Leisure,Reading
gen_d2f5d9dd-44e4-49b0-98d6-76c17f1b7cec,e1270a63-46e8-4e6c-89d0-b0658a875af5,Nutrition,Meal Prep
gen_a77ac301-dd48-4f30-885e-5faab5747637,e1270a63-46e8-4e6c-89d0-b0658a875af5,Lifestyle,Minimalism
gen_a6d90383-c05d-495b-a711-cedc5549d038,e13680fd-0548-4a90-bc2f-506ec5ae7c18,Nutrition,Vegan Diet
gen_4839eb58-8cfe-4e6a-8ada-a5e3b9bf4509,e13680fd-0548-4a90-bc2f-506ec5ae7c18,Fitness,Strength Training
gen_96034f4c-a116-416e-b84c-681aab8241cd,e142d90a-f7f1-4930-a795-29f67c58c6d8,Lifestyle,Minimalism
gen_c16c139e-1f25-45c3-bc3c-10dc0d731ac1,e142d90a-f7f1-4930-a795-29f67c58c6d8,Hobbies,Gardening
gen_bdf2d69a-0f7f-4adf-8ac7-d48c0595a0f1,e142d90a-f7f1-4930-a795-29f67c58c6d8,Fitness,Cycling
gen_d6386bed-91e7-489c-a1c5-04da1cb51a5b,e15a678f-dc7b-4755-8c1c-fe8c102efe32,Hobbies,Gardening
gen_243446ed-5828-421f-aac3-96d3054de968,e15a678f-dc7b-4755-8c1c-fe8c102efe32,Leisure,Reading
gen_c677cd77-2f75-4cbb-aad7-165aeb3aa1b0,e15ba398-ce86-4c1c-b550-4ed3d256f8ee,Nutrition,Vegan Diet
gen_5a601b7f-968a-4e32-b5cd-8c36b3b26904,e15ba398-ce86-4c1c-b550-4ed3d256f8ee,Hobbies,Gardening
gen_889f3cfe-d651-4f97-b2b5-96cb98009f51,e15ba398-ce86-4c1c-b550-4ed3d256f8ee,Fitness,Strength Training
gen_1e98ff0a-55b0-4820-b300-c086f66b78c9,e1665060-8238-415b-8637-6f0a8ee0fdf4,Community,Volunteering
gen_98228232-d941-4b2c-adcd-706cffbb4105,e1665060-8238-415b-8637-6f0a8ee0fdf4,Fitness,Running
gen_ab9be2aa-5403-4b68-a700-6133948bc751,e1665060-8238-415b-8637-6f0a8ee0fdf4,Leisure,Cooking
gen_7bdc1cfd-4ca0-405c-8c4e-6a8416a7cfd6,e174d44e-4cc5-4a14-bef8-245d3155ecf9,Nutrition,Keto Diet
gen_b60d0ab2-cf45-4ea1-b982-c504de3b2044,e174d44e-4cc5-4a14-bef8-245d3155ecf9,Wellness,Yoga
gen_fb268673-c832-476a-a7c1-ca458f4c54f4,e1834296-55ee-4ca1-b52a-821fe749239c,Nutrition,Keto Diet
gen_593833b2-e3da-4f40-ad94-461164adae42,e1834296-55ee-4ca1-b52a-821fe749239c,Hobbies,Gardening
gen_8aa0434f-bf96-4263-aa58-f151308a5b69,e1834296-55ee-4ca1-b52a-821fe749239c,Wellness,Meditation
gen_2f30ec44-135b-49ca-910f-75cda2eb5570,e195d64d-856c-4651-a687-41a3651517c6,Fitness,Strength Training
gen_a10bbd7a-32ef-4cb8-9da6-4a884c251f1c,e195d64d-856c-4651-a687-41a3651517c6,Hobbies,Gardening
gen_b59a738a-5b55-4b63-abd4-72bf512eb5c7,e195d64d-856c-4651-a687-41a3651517c6,Nutrition,Vegan Diet
gen_7d7367eb-2b7d-4e63-98f9-235e7cb0957a,e19658e5-b81b-441f-a613-dc3ec6507184,Leisure,Cooking
gen_034c1807-c9b1-43fe-a556-0af72efc0692,e19658e5-b81b-441f-a613-dc3ec6507184,Lifestyle,Minimalism
gen_44c9da72-5b04-4809-acff-31faf082f21e,e19658e5-b81b-441f-a613-dc3ec6507184,Leisure,Reading
gen_76236752-b7c1-46fe-ae1a-84586e5d05c1,e197d2ce-b409-4f7d-a30b-ac64189c5e5e,Nutrition,Meal Prep
gen_13d30840-daeb-4f9f-a2e3-3a0c9779cf1f,e197d2ce-b409-4f7d-a30b-ac64189c5e5e,Fitness,Strength Training
gen_5e0fceff-60a3-4bfe-a9cc-987348e71d01,e197d2ce-b409-4f7d-a30b-ac64189c5e5e,Lifestyle,Digital Detox
gen_61d9861e-929b-4efe-9b66-3338f46be37c,e19b0f5b-b2a5-4fff-8062-41c8f44f4afa,Nutrition,Vegan Diet
gen_be1cd464-8dab-46cd-ab59-a4b6816f9527,e19b0f5b-b2a5-4fff-8062-41c8f44f4afa,Fitness,Cycling
gen_8aec4b0a-65f3-4576-a274-0eb1c0e44533,e19b0f5b-b2a5-4fff-8062-41c8f44f4afa,Community,Volunteering
gen_962b261e-d669-4518-8305-e0f8b4dc25e8,e1cdeef0-92de-4616-958d-d59eb5a2e1c1,Fitness,Cycling
gen_c66bb445-8115-43ca-afcd-0322312503e3,e1cdeef0-92de-4616-958d-d59eb5a2e1c1,Nutrition,Meal Prep
gen_5f795907-70f3-4e49-8a9a-5c81cb99a6f0,e1d3536e-2db5-42e1-922f-c6b4ad8484d6,Hobbies,Gardening
gen_078cecb8-d9b8-4c86-99cc-ffacf6c3ed9c,e1d3536e-2db5-42e1-922f-c6b4ad8484d6,Wellness,Meditation
gen_ad3a0825-184f-4681-8f2f-ee4861886f02,e215ac32-7add-4115-a8c9-b9f6d5a3abf3,Wellness,Yoga
gen_e8246d58-f0ea-4a55-9daa-da8b48d5991e,e215ac32-7add-4115-a8c9-b9f6d5a3abf3,Fitness,Cycling
gen_ea055765-5fb2-4cb7-880d-5a9cc090f7bb,e256ce94-293a-497b-8e0b-a702a89e44d0,Fitness,Running
gen_76a9b0cf-7c3c-4a1b-9a21-237beacf5d31,e256ce94-293a-497b-8e0b-a702a89e44d0,Leisure,Cooking
gen_a7ff6903-822d-4304-b899-729747b86e94,e256ce94-293a-497b-8e0b-a702a89e44d0,Community,Volunteering
gen_9d5eb47b-0e7f-4bff-aeb0-983b0cfd6f97,e27841c1-9aca-40ac-a1bd-6510b0a1e7dd,Lifestyle,Digital Detox
gen_1d72a581-c0bc-4bc7-90fd-f538c966376d,e27841c1-9aca-40ac-a1bd-6510b0a1e7dd,Lifestyle,Music
gen_90f76ffe-9044-415a-9792-ad3a5535c290,e27841c1-9aca-40ac-a1bd-6510b0a1e7dd,Community,Volunteering
gen_0bf4b588-6c18-49f9-9a24-61882784fe63,e27c5da5-556b-4c6b-a52c-5996a66dcdd0,Lifestyle,Digital Detox
gen_38df5146-61ee-48c1-9487-7d35cca3acfd,e27c5da5-556b-4c6b-a52c-5996a66dcdd0,Leisure,Reading
gen_b7f1f15d-c181-456f-8441-f5daf99b8883,e27c5da5-556b-4c6b-a52c-5996a66dcdd0,Fitness,Running
gen_1334d479-494a-4f38-8a76-9b6af626fcc4,e29ab3f5-defc-4a34-933a-055f3f4e3841,Wellness,Meditation
gen_187707ad-614f-4317-ba47-92c1ae003927,e29ab3f5-defc-4a34-933a-055f3f4e3841,Fitness,Strength Training
gen_ce0aa1c2-bad7-4ab1-9072-bfae874a255b,e2d50936-917e-40fd-a5b3-796d4aa4b96e,Fitness,Running
gen_61c5cd32-0a36-4075-bf0f-7698b8999fc3,e2d50936-917e-40fd-a5b3-796d4aa4b96e,Hobbies,Gardening
gen_f05ff363-0f67-4017-a60b-8b9e361da53d,e32aa34e-f7c7-4f72-9d7f-85421b5c8614,Wellness,Meditation
gen_89943925-0e97-4221-b660-6f4af53f8560,e32aa34e-f7c7-4f72-9d7f-85421b5c8614,Wellness,Yoga
gen_7a59f37b-6e13-4fe2-9170-c25db951a941,e32aa34e-f7c7-4f72-9d7f-85421b5c8614,Community,Volunteering
gen_4b7136ba-81df-439f-967b-1be2edd6fda8,e34360b4-28cd-4daa-a38f-3093fb550439,Lifestyle,Minimalism
gen_667a3f54-1511-4614-8c6c-1de9931579f9,e34360b4-28cd-4daa-a38f-3093fb550439,Hobbies,Gardening
gen_5187460c-6ef1-4e6b-a1cf-7af4b21ed25c,e34360b4-28cd-4daa-a38f-3093fb550439,Fitness,Cycling
gen_48a149f7-66ef-4942-939e-97b1a5103f16,e353bc53-160e-4c68-89ab-e00b4b55d2dd,Lifestyle,Digital Detox
gen_1b6f1662-b689-4b61-b37a-e241baa37983,e353bc53-160e-4c68-89ab-e00b4b55d2dd,Community,Volunteering
gen_48228f8a-63c9-420e-8148-f7e4889c3a0b,e358257b-4c64-4189-978a-867e6df10a9b,Lifestyle,Music
gen_599d858b-f534-49be-a69f-efcf91d68c96,e358257b-4c64-4189-978a-867e6df10a9b,Leisure,Cooking
gen_41efae19-f99c-4519-b713-86db5ebd9df8,e35bf3c0-b9f6-4b8a-ba5f-e3dce291b983,Community,Volunteering
gen_17f896a0-4085-4da8-b792-1abe72affc4f,e35bf3c0-b9f6-4b8a-ba5f-e3dce291b983,Nutrition,Keto Diet
gen_5f4a6d48-9a29-4bdb-8482-441ddbbc8bf6,e35bf3c0-b9f6-4b8a-ba5f-e3dce291b983,Lifestyle,Minimalism
gen_225b1911-7766-47df-8714-5f2901db4a42,e36495f1-e268-44ef-9d3d-69a55bf34773,Community,Volunteering
gen_8e24c75a-e2fc-40e2-9dc9-c979892492c3,e36495f1-e268-44ef-9d3d-69a55bf34773,Lifestyle,Digital Detox
gen_391ac801-12fd-4415-998e-534ce7d08d71,e36495f1-e268-44ef-9d3d-69a55bf34773,Wellness,Meditation
gen_63da7a9c-4023-4133-bd72-b0397e080eef,e38b3e51-b215-431d-a6ae-7dd14c91717e,Fitness,Cycling
gen_11f297b1-6f46-4f49-bfd1-cd65f5d8b854,e38b3e51-b215-431d-a6ae-7dd14c91717e,Nutrition,Meal Prep
gen_fd94b4d3-3fb1-4ee2-a9e1-39e5ec1e8588,e38b3e51-b215-431d-a6ae-7dd14c91717e,Lifestyle,Digital Detox
gen_65bb6284-31e8-4c47-b9e4-ceeef2e6a0e0,e3b1ff1e-e31f-4ca6-99e8-68ee8c313d73,Fitness,Strength Training
gen_d5e1a745-a6a5-48c9-9292-3f39a22e1184,e3b1ff1e-e31f-4ca6-99e8-68ee8c313d73,Leisure,Cooking
gen_bd7367eb-8a6a-4fc1-a052-af0eedd3417f,e3b55b93-7372-4b04-a39e-87beab4ab37a,Hobbies,Gardening
gen_2d5ac38d-c4fd-49b6-bd7f-4da5cc8259d3,e3b55b93-7372-4b04-a39e-87beab4ab37a,Nutrition,Meal Prep
gen_97e3865e-a907-4b33-88a0-3063e76e679c,e3b55b93-7372-4b04-a39e-87beab4ab37a,Leisure,Cooking
gen_91d4504b-010f-4541-8ac3-f63b200d6297,e3ca4e21-7acc-4620-9158-a6a8699bdb72,Lifestyle,Digital Detox
gen_55e455d3-2173-469a-882f-f90301aafa1d,e3ca4e21-7acc-4620-9158-a6a8699bdb72,Hobbies,Gardening
gen_0339eb9c-163b-4061-9bf4-5e0dfd49c2db,e3ca4e21-7acc-4620-9158-a6a8699bdb72,Community,Volunteering
gen_e16c22d7-acda-418b-82db-d6b31588296a,e435b5cd-085e-401e-85f4-a967bcaedc9f,Leisure,Cooking
gen_30a9adcf-9219-48dc-9911-0f46622acb52,e435b5cd-085e-401e-85f4-a967bcaedc9f,Nutrition,Keto Diet
gen_7e44b8c2-46b7-46be-bdeb-4d1d17d02e94,e435b5cd-085e-401e-85f4-a967bcaedc9f,Lifestyle,Minimalism
gen_06d6d1d3-28a2-49d1-82bc-81cc61deeb19,e45038f7-784f-4e04-a167-9755f22dd960,Leisure,Reading
gen_5ea0b5b1-e4f2-4099-b09f-34f02014e486,e45038f7-784f-4e04-a167-9755f22dd960,Fitness,Running
gen_56684fb2-3936-4534-8916-e7d4cb483349,e46e3a05-911f-4d33-a78c-7cd9c8d40973,Wellness,Meditation
gen_ca43c4fa-5058-4d0b-a79a-2089438bc970,e46e3a05-911f-4d33-a78c-7cd9c8d40973,Nutrition,Keto Diet
gen_325a8b39-553b-41d4-b9e0-3df3624d61de,e46e3a05-911f-4d33-a78c-7cd9c8d40973,Nutrition,Vegan Diet
gen_e3872531-1ba4-49b5-92f1-f73555569f44,e4cd9cf3-b717-4fcb-9390-172fbffc2ab1,Fitness,Cycling
gen_e176c347-2b8a-486b-9201-f320bdc88c2d,e4cd9cf3-b717-4fcb-9390-172fbffc2ab1,Wellness,Meditation
gen_b67f371a-3e51-4da0-8698-e5c3fba95e18,e4cd9cf3-b717-4fcb-9390-172fbffc2ab1,Lifestyle,Music
gen_ec61717d-1c92-4f5c-b030-5610e955298a,e4ec6c8c-22bd-4b84-acf0-91723b9a3ba2,Lifestyle,Digital Detox
gen_6dfa9804-db9a-4cf8-a485-828eff2807ee,e4ec6c8c-22bd-4b84-acf0-91723b9a3ba2,Community,Volunteering
gen_434ca642-8ae7-4605-af4d-0d4b146cd50e,e4eeca33-6c0e-446b-930e-fbac67251baf,Nutrition,Keto Diet
gen_dbacaf6f-358f-4adf-9a0e-e1061460b2f8,e4eeca33-6c0e-446b-930e-fbac67251baf,Wellness,Meditation
gen_5a572891-265a-444d-bf9b-daee99f25fd7,e50c537a-a003-451b-ab4d-ca47db4efc55,Lifestyle,Digital Detox
gen_e8a6a952-f62c-4ba1-b8d6-ac69377757c6,e50c537a-a003-451b-ab4d-ca47db4efc55,Lifestyle,Music
gen_7bab6ec3-60bd-441d-a69e-4d25272ff3fd,e50c537a-a003-451b-ab4d-ca47db4efc55,Nutrition,Meal Prep
gen_7a840c15-b968-4388-976b-da5d981833d7,e54149ed-208b-4da8-b85c-37d0685ec9a4,Leisure,Reading
gen_eba40803-b2a9-4efe-8251-40613c249f4f,e54149ed-208b-4da8-b85c-37d0685ec9a4,Lifestyle,Minimalism
gen_147ff326-8e0c-4dea-a6d4-22a29cfb7067,e54149ed-208b-4da8-b85c-37d0685ec9a4,Wellness,Meditation
gen_28416568-189a-4be3-84fa-bf0047236be8,e549621f-3d78-41a6-b788-2cc4e3e2b0ca,Leisure,Reading
gen_eb85dbd0-499c-40fa-8e51-45e6dc82b060,e549621f-3d78-41a6-b788-2cc4e3e2b0ca,Nutrition,Vegan Diet
gen_5368fff5-b525-4de0-9783-53e632416bca,e57c544a-160a-4db0-9ef7-8c409f45d525,Fitness,Strength Training
gen_a833d5fe-c478-43be-b01a-754598ed0786,e57c544a-160a-4db0-9ef7-8c409f45d525,Wellness,Yoga
gen_76f16e03-38b4-44e0-9118-bbf70a4fabcd,e57c544a-160a-4db0-9ef7-8c409f45d525,Leisure,Reading
gen_d1bef5c0-c706-484c-b4b6-a3b2bae0a9cf,e58267b4-95c5-4914-9b71-fb3749f8ad75,Lifestyle,Digital Detox
gen_408f1d32-fd70-4f63-b717-84d4f0f56e58,e58267b4-95c5-4914-9b71-fb3749f8ad75,Nutrition,Keto Diet
gen_4670b7af-ec9a-4a40-b921-78a52878eba2,e58910f5-4b38-475b-b689-ae7b3bab459f,Nutrition,Vegan Diet
gen_8561c362-732a-4dac-a216-dc8d7e21dcec,e58910f5-4b38-475b-b689-ae7b3bab459f,Lifestyle,Digital Detox
gen_d6bf0a09-e75a-4fa2-a267-58cfed82a960,e590afd9-51a5-449c-96a3-b9b4cd405814,Nutrition,Vegan Diet
gen_c5619715-6668-4c6e-a58e-7e9c638c4ff0,e590afd9-51a5-449c-96a3-b9b4cd405814,Wellness,Yoga
gen_acad3b80-da13-4a74-bb97-b0561306a156,e590afd9-51a5-449c-96a3-b9b4cd405814,Fitness,Cycling
gen_ac45e1f3-14e8-4c7f-a481-0884304ada68,e59b3347-c2d5-4419-a24a-ebd2344e68df,Community,Volunteering
gen_2c353e7f-7371-4138-b7ed-bb5a39a4ad11,e59b3347-c2d5-4419-a24a-ebd2344e68df,Nutrition,Vegan Diet
gen_94b15493-4c23-4c7d-a499-3daf80a7e725,e59b3347-c2d5-4419-a24a-ebd2344e68df,Wellness,Yoga
gen_309c80c2-2e67-4416-b5cc-0dd3060e699c,e6026991-342a-4a96-8aa2-18f1088190d1,Fitness,Running
gen_2be52eb7-bf65-4659-a2ef-19b936eb41fd,e6026991-342a-4a96-8aa2-18f1088190d1,Nutrition,Vegan Diet
gen_555b272b-dda2-4a3f-8fe6-ed27af3238c1,e6026991-342a-4a96-8aa2-18f1088190d1,Hobbies,Gardening
gen_0531e416-bf30-4b8c-8fd2-2ae8694c6111,e6047c44-ae02-4005-b197-3bc46e03d15c,Lifestyle,Digital Detox
gen_3cb99c9f-310d-4915-846d-8d33ad18e3f7,e6047c44-ae02-4005-b197-3bc46e03d15c,Leisure,Reading
gen_cc56589f-c5d9-4947-a62b-601d5d53c44a,e61a672e-5a6e-4971-a8a7-a0b7e4c10a38,Wellness,Meditation
gen_27e2f4a9-dcbc-4c87-b43c-5ece8015a148,e61a672e-5a6e-4971-a8a7-a0b7e4c10a38,Hobbies,Gardening
gen_f541ecfe-56f0-413f-b2a4-1a0fa0b24689,e61a672e-5a6e-4971-a8a7-a0b7e4c10a38,Nutrition,Meal Prep
gen_1332f94f-0ba3-4e5d-be47-1cb9a5788fb4,e6fb5a7b-29d1-4c42-9116-9d7e3903ff1a,Nutrition,Vegan Diet
gen_07a786b3-046e-4484-9802-05c9d74f4d9f,e6fb5a7b-29d1-4c42-9116-9d7e3903ff1a,Wellness,Yoga
gen_d64fb35e-9507-4762-8389-fe8edfb7d0b2,e6fb5a7b-29d1-4c42-9116-9d7e3903ff1a,Fitness,Running
gen_a8f753a2-cae5-425e-9501-e995f7514c05,e716d28f-b1d9-4e54-9107-6618a13ab5ca,Fitness,Cycling
gen_499293ae-115f-4c8e-9582-4001b85082f2,e716d28f-b1d9-4e54-9107-6618a13ab5ca,Wellness,Meditation
gen_90a9c5e1-2231-4275-8f02-b677df1eb5e8,e7204b75-204d-4432-abd6-34e47cada052,Hobbies,Gardening
gen_df5a1919-bf96-4c33-b169-99168a39a4f8,e7204b75-204d-4432-abd6-34e47cada052,Lifestyle,Minimalism
gen_5a802031-d544-44d4-9130-81670d01e334,e736afea-97e2-4f65-b042-2f0f2b22407c,Wellness,Meditation
gen_525969d3-d73c-465c-b1f9-146fd83757aa,e736afea-97e2-4f65-b042-2f0f2b22407c,Nutrition,Meal Prep
gen_10b0f0c7-8e23-4147-af7a-baa09b00a033,e736afea-97e2-4f65-b042-2f0f2b22407c,Fitness,Strength Training
gen_5deffbc8-dd83-4a82-9347-fc87f18abacf,e749da40-c3b6-426e-9ec6-0060639e0cc6,Wellness,Yoga
gen_2be038e5-1931-4da5-9970-537a56b99679,e749da40-c3b6-426e-9ec6-0060639e0cc6,Nutrition,Keto Diet
gen_d515d747-a5cd-4811-981b-447791c50ce5,e749da40-c3b6-426e-9ec6-0060639e0cc6,Lifestyle,Music
gen_b72351ab-9a0a-47c9-8852-89db90c23fa2,e76b4ef0-d1b7-450e-814f-62c64f55e10d,Lifestyle,Music
gen_79938169-ec65-4019-8594-42a1baed9668,e76b4ef0-d1b7-450e-814f-62c64f55e10d,Lifestyle,Digital Detox
gen_156a5d0d-8bf6-4912-be48-84ae3fee16e7,e7736a73-d986-4894-a75d-d7610b8c8e93,Fitness,Cycling
gen_a0cc95d9-3fdb-46d8-82b5-bcd2396a5cea,e7736a73-d986-4894-a75d-d7610b8c8e93,Fitness,Running
gen_ef4b5d37-ac01-4825-90cd-e2de038080cb,e7996cf1-c793-4bed-ad82-79f2ef3aa123,Wellness,Meditation
gen_ffb30775-a22f-4a85-b3c6-08e5fad9ced1,e7996cf1-c793-4bed-ad82-79f2ef3aa123,Fitness,Cycling
gen_9d854876-d7b8-4e51-ad08-95db7cc56af8,e7996cf1-c793-4bed-ad82-79f2ef3aa123,Nutrition,Meal Prep
gen_b7ccbc8f-11d2-4622-88d3-b78802becedb,e7b814c8-7ff9-42d4-bcc2-e212144d67cd,Nutrition,Meal Prep
gen_7d1d368a-4d1a-4e15-b59c-e97c6ad4e390,e7b814c8-7ff9-42d4-bcc2-e212144d67cd,Lifestyle,Music
gen_51532553-81ba-4a81-8d0e-9b3eb9e3e40b,e7b814c8-7ff9-42d4-bcc2-e212144d67cd,Wellness,Yoga
gen_993619ca-eb55-49b4-96aa-f91c4d48c69b,e7cca297-3b7c-4d9e-a27b-331c7d58a6b8,Fitness,Cycling
gen_37ab49bb-2b02-49ab-911c-4c72a2368703,e7cca297-3b7c-4d9e-a27b-331c7d58a6b8,Lifestyle,Music
gen_93c23330-0fa6-4223-8622-abeef85f12ee,e7dd93c2-d6df-4bb8-8e58-f6586f426d9c,Wellness,Yoga
gen_b59d9302-c23e-4243-b26c-0c417efebce2,e7dd93c2-d6df-4bb8-8e58-f6586f426d9c,Nutrition,Keto Diet
gen_27a23261-f523-4600-9637-64b3ab8c2b5a,e7dd93c2-d6df-4bb8-8e58-f6586f426d9c,Nutrition,Vegan Diet
gen_e0bac3de-8c07-42a6-9313-e2ead27061eb,e7df0516-b3d4-45a3-afea-7a8741edd1fe,Leisure,Reading
gen_a3bb0c6b-0dd1-4ebe-b39f-c00eeb8f98d9,e7df0516-b3d4-45a3-afea-7a8741edd1fe,Leisure,Cooking
gen_c7fd59d2-c657-4ff8-bd3c-63296a863558,e7df0516-b3d4-45a3-afea-7a8741edd1fe,Lifestyle,Minimalism
gen_3cea46bd-b2f2-47e1-acae-0d5672e7646a,e7e7552d-12a6-4d62-b65a-fa09e27940e3,Lifestyle,Minimalism
gen_4c5a9205-66e9-44b5-b724-27abde096af8,e7e7552d-12a6-4d62-b65a-fa09e27940e3,Nutrition,Meal Prep
gen_c85b8047-abdc-4ab4-a154-657716780fc9,e7e7552d-12a6-4d62-b65a-fa09e27940e3,Leisure,Reading
gen_0c1a34db-4e90-4e95-91a0-49e9d4761972,e7e7e064-a702-40e2-8ac2-a82ce555d1a3,Nutrition,Keto Diet
gen_cc0dc6b2-5ea0-46dc-abaa-a40ac3b2c0e5,e7e7e064-a702-40e2-8ac2-a82ce555d1a3,Fitness,Running
gen_7f294518-42c4-4675-998e-2f1c2b38285f,e7ebbb5e-7594-41cc-9e97-bfcbfcf37a1e,Lifestyle,Music
gen_b4710b78-9550-4fb7-9c4e-f9446e430be9,e7ebbb5e-7594-41cc-9e97-bfcbfcf37a1e,Wellness,Meditation
gen_b1ba604d-b150-4135-aa3e-2fce1a95da01,e7f3cfca-eda1-48a6-9d2f-f614bc5dbd21,Fitness,Running
gen_9668565e-14e7-40e0-8242-79ec038833a2,e7f3cfca-eda1-48a6-9d2f-f614bc5dbd21,Lifestyle,Digital Detox
gen_50329aac-9d63-43ab-b38e-28fe55b34832,e7f3cfca-eda1-48a6-9d2f-f614bc5dbd21,Lifestyle,Minimalism
gen_3b5daf44-23b3-4787-bb8a-03c718867d11,e804ac8e-2a5b-40f7-af5b-005b1a62d22a,Wellness,Yoga
gen_1a903628-41d6-4528-8f9a-d3f52418bc1a,e804ac8e-2a5b-40f7-af5b-005b1a62d22a,Community,Volunteering
gen_55b4b1cb-661a-44db-916e-c82c6df472b5,e8526a19-3508-44ad-9762-c37ae3c63d77,Community,Volunteering
gen_3674552e-7ff2-4151-b31d-2d94b6f84fe5,e8526a19-3508-44ad-9762-c37ae3c63d77,Nutrition,Vegan Diet
gen_053da5f5-9e5b-4621-a015-db275c88686e,e8526a19-3508-44ad-9762-c37ae3c63d77,Lifestyle,Music
gen_b2595612-d1a3-4229-bd94-337a7ce65e80,e8693f7e-c9f3-47eb-918b-cb7bdb711aec,Leisure,Reading
gen_e1a944f1-b6c8-439e-97d8-94ededd1558a,e8693f7e-c9f3-47eb-918b-cb7bdb711aec,Nutrition,Meal Prep
gen_67737331-980a-44a5-a31a-7c1d7eb4d4ee,e87707f4-b803-4227-937f-ee62350fc8d0,Nutrition,Vegan Diet
gen_1cc897cb-6cf4-4775-a0c4-55b63d1eaf12,e87707f4-b803-4227-937f-ee62350fc8d0,Leisure,Reading
gen_cb3a81bf-f478-4e79-923f-f7c8c36813a2,e8da460a-e6b9-48c2-b231-c1e0463c76fe,Wellness,Yoga
gen_fabdea8f-43b0-4cc0-94ce-05882faa1ba9,e8da460a-e6b9-48c2-b231-c1e0463c76fe,Nutrition,Meal Prep
gen_0ad562da-e3ec-43f3-83f2-810797068506,e8da460a-e6b9-48c2-b231-c1e0463c76fe,Lifestyle,Music
gen_89b30e7d-3633-4660-850c-46b57f03213c,e904f5d0-cab0-4980-af78-863258dff87d,Lifestyle,Minimalism
gen_bcd26a60-a6b9-415d-bfa8-c173173048ce,e904f5d0-cab0-4980-af78-863258dff87d,Nutrition,Meal Prep
gen_7ebc7035-be54-4515-a643-93f127751b67,e916d909-40f6-403d-bc9c-d4f9b8443f54,Lifestyle,Digital Detox
gen_cce393ab-d072-40e9-9aa8-721994fa483d,e916d909-40f6-403d-bc9c-d4f9b8443f54,Hobbies,Gardening
gen_544d5f1c-9f11-49b1-b80a-fcf7bdc50be1,e917b350-36ea-4995-aab6-a3f6f33b1a5a,Lifestyle,Minimalism
gen_f6e940ca-9c52-4806-870f-ac87de637433,e917b350-36ea-4995-aab6-a3f6f33b1a5a,Nutrition,Vegan Diet
gen_c5d64aa0-f641-4831-a698-dcf6e9ab6db6,e930062f-252d-48d2-b693-f2e3b7fd64bf,Leisure,Cooking
gen_b6356a80-2629-45b3-bc21-9da6d7f4bf02,e930062f-252d-48d2-b693-f2e3b7fd64bf,Nutrition,Keto Diet
gen_0d92e89b-d8e0-4dad-9e86-c4d0516c3ac3,e930062f-252d-48d2-b693-f2e3b7fd64bf,Fitness,Cycling
gen_e0702cfd-f9ff-49f8-90c6-0aaa9486f2c0,e946e521-be03-47f0-b78d-63196f2d3d1c,Nutrition,Meal Prep
gen_33eace3e-774a-44bd-ae55-4dba69663b31,e946e521-be03-47f0-b78d-63196f2d3d1c,Lifestyle,Digital Detox
gen_de95042d-033f-40a1-9fe9-2ef480b58545,e9646556-1728-4b6b-aeb9-4174c9fea8c2,Wellness,Meditation
gen_f63a76d1-6215-4b8b-8fae-55e140a686fe,e9646556-1728-4b6b-aeb9-4174c9fea8c2,Lifestyle,Minimalism
gen_aae12c2e-a611-409b-97e6-048bf96d0f6d,e9ad1911-62f8-4c6d-b8d6-c135e8f1d75a,Wellness,Yoga
gen_d0746da1-ba21-40c2-91af-d0fdbd53154e,e9ad1911-62f8-4c6d-b8d6-c135e8f1d75a,Nutrition,Keto Diet
gen_67b3cd0b-c8ac-4580-9604-9b9df482ff4c,e9ad1911-62f8-4c6d-b8d6-c135e8f1d75a,Lifestyle,Music
gen_7a62ee3a-f04c-4d1a-86de-6eace8a7c182,e9ce3f86-3a6d-445b-b65f-3e711a8b98e6,Fitness,Running
gen_f09613ba-eaf2-43eb-a0e0-37814e01e7b3,e9ce3f86-3a6d-445b-b65f-3e711a8b98e6,Wellness,Yoga
gen_ae0384e5-0611-4f97-b395-87885fca1b8f,ea091fac-75ca-478d-8cdf-abf2ac79854b,Nutrition,Keto Diet
gen_b6eee691-0910-4351-85d3-fe35c2f8bdd8,ea091fac-75ca-478d-8cdf-abf2ac79854b,Lifestyle,Music
gen_e17e4462-c830-479f-87e1-928f167817d6,ea091fac-75ca-478d-8cdf-abf2ac79854b,Fitness,Cycling
gen_2396ddd7-5ec8-4f5f-92e9-06c9ae691bd6,ea258b45-fd22-40dc-b984-b4adac3dcd31,Fitness,Strength Training
gen_96897b6d-a663-472f-9f1b-a4619ae53f9c,ea258b45-fd22-40dc-b984-b4adac3dcd31,Fitness,Running
gen_62b838c2-4bb1-4b9b-9676-ddb35e0b12e6,ea258b45-fd22-40dc-b984-b4adac3dcd31,Nutrition,Vegan Diet
gen_4cf81db1-22b0-4337-b791-1eddf075cfcc,ea40176a-a127-4e8d-8cb6-b3cc64924901,Lifestyle,Music
gen_47302e71-eab5-46e7-89ea-13dd6efee722,ea40176a-a127-4e8d-8cb6-b3cc64924901,Leisure,Cooking
gen_52ee4da3-0386-44b2-9cd1-aeaedd135311,ea442318-2bf4-4385-b3f0-795ef6d5d404,Nutrition,Meal Prep
gen_2b627627-195d-4b09-8c3c-8a1813cfd16d,ea442318-2bf4-4385-b3f0-795ef6d5d404,Fitness,Strength Training
gen_7624dc6c-0a3a-4910-9d5d-d0a9ac1ca3eb,ea442318-2bf4-4385-b3f0-795ef6d5d404,Fitness,Cycling
gen_38e18065-82dc-46d8-9c51-6b06c8e1ad34,ea639e03-1eee-4984-9dbe-d3381977c8a9,Leisure,Reading
gen_80b53841-4d45-4125-b949-03166abfb0bd,ea639e03-1eee-4984-9dbe-d3381977c8a9,Fitness,Running
gen_d9a6adcb-67bf-4ccc-920a-bf4e8eb6a066,ea639e03-1eee-4984-9dbe-d3381977c8a9,Wellness,Yoga
gen_308a7b8b-db10-45e3-bf84-405ef5e213c7,ea682350-387b-4ae0-8b43-2a130bd135c3,Lifestyle,Minimalism
gen_0d56057e-e87f-4669-b1df-2696648bd9a4,ea682350-387b-4ae0-8b43-2a130bd135c3,Fitness,Running
gen_220560d0-5054-4a96-a6cb-e001b49c7a15,ea7abb45-8900-4513-a098-d8f69332b4de,Leisure,Cooking
gen_3fa9a27c-6dd8-4f38-92c5-c614c0d48cbe,ea7abb45-8900-4513-a098-d8f69332b4de,Leisure,Reading
gen_26361ca1-c9d8-41fa-82fa-c5fed2b390bd,ea7abb45-8900-4513-a098-d8f69332b4de,Hobbies,Gardening
gen_a8575812-6a85-4cbf-a10c-43c82185b95e,eaadf81e-7b37-4231-92df-1878e8658235,Lifestyle,Music
gen_a0531cf4-b61f-4638-a221-1e611c3b69e9,eaadf81e-7b37-4231-92df-1878e8658235,Nutrition,Keto Diet
gen_579425f9-ce9a-498b-a282-81b6524686b9,eab03506-cdaa-498a-ab15-cf3525ad6032,Nutrition,Meal Prep
gen_886d7bb6-8f10-4dd6-9f39-72c3f3e3fda5,eab03506-cdaa-498a-ab15-cf3525ad6032,Lifestyle,Digital Detox
gen_82b588c7-d81e-46db-9bfe-eae8ab44b8cf,eac0337c-0285-4b7b-85e2-4c0bf6db1dce,Fitness,Cycling
gen_49064273-5ef7-41e8-bb8f-1acdef32688b,eac0337c-0285-4b7b-85e2-4c0bf6db1dce,Lifestyle,Minimalism
gen_4fea8e91-edaa-4072-a7a8-c053c684af2a,eb0c7204-7de8-4be7-978b-0a0369ebf743,Nutrition,Keto Diet
gen_afdbc604-fad2-450d-b92a-2e76c12feb05,eb0c7204-7de8-4be7-978b-0a0369ebf743,Lifestyle,Digital Detox
gen_9be83921-c24a-449e-8983-fc1c00f824c6,eb2666a9-6419-45a4-9797-2ff4b1cf3ccf,Leisure,Reading
gen_3bba8770-dc82-4a65-9be7-cc316d2d32af,eb2666a9-6419-45a4-9797-2ff4b1cf3ccf,Lifestyle,Minimalism
gen_2fbffdc0-0fe5-4af2-b27b-f06eaa539452,eb2666a9-6419-45a4-9797-2ff4b1cf3ccf,Nutrition,Meal Prep
gen_971547d8-13fc-4a2e-adde-ec7613ba4758,eb7d240b-fcd8-4de1-9104-4505c85db54a,Lifestyle,Music
gen_4c63632c-1114-45f1-95c0-d58ab241024c,eb7d240b-fcd8-4de1-9104-4505c85db54a,Nutrition,Meal Prep
gen_e3a9e294-e319-40cd-bdf9-ab6f03290f8b,eb87508b-f4b7-471c-a18d-013d8779f1a9,Nutrition,Keto Diet
gen_d87fb0d8-846a-4b64-8162-2f4ab02ebb50,eb87508b-f4b7-471c-a18d-013d8779f1a9,Nutrition,Meal Prep
gen_e46a3005-826c-41c2-9e0a-57c059faa65e,eb87508b-f4b7-471c-a18d-013d8779f1a9,Fitness,Cycling
gen_fa65727e-86a5-4e9c-b451-cd8c5bce3ac1,ebd3291d-cb94-4bb2-b07e-4869ece2440c,Leisure,Cooking
gen_f72e237b-4def-4f40-b02f-d3bff6c1f086,ebd3291d-cb94-4bb2-b07e-4869ece2440c,Lifestyle,Music
gen_c86a534f-53c0-4e46-97da-317eb446970e,ebd3291d-cb94-4bb2-b07e-4869ece2440c,Lifestyle,Minimalism
gen_7fed0c2b-fdba-4afa-b295-9cc2f9871c53,ebebbe6e-2fd4-4972-9d08-c0c387286725,Lifestyle,Digital Detox
gen_8972f7bb-789c-4d36-b527-ee85b9f3a48f,ebebbe6e-2fd4-4972-9d08-c0c387286725,Wellness,Meditation
gen_51b92766-e554-4bdf-890d-59df80158425,ebebbe6e-2fd4-4972-9d08-c0c387286725,Leisure,Cooking
gen_178337f9-6dda-4118-858f-98902a5e4305,ebefd26c-477e-480c-a167-78e5fbd6d4da,Wellness,Yoga
gen_ac80455d-2590-479a-b190-8f516b8d38dc,ebefd26c-477e-480c-a167-78e5fbd6d4da,Fitness,Strength Training
gen_d79a8d77-955f-427b-951d-8bd3a1edb71c,ebefd26c-477e-480c-a167-78e5fbd6d4da,Fitness,Cycling
gen_efca4b9d-b02c-4ec3-8278-b67549e52be4,ebf2c94b-8c05-4f2e-bd2b-95eb54f88ced,Nutrition,Keto Diet
gen_187ee91d-cd56-4200-a625-78fdcb557929,ebf2c94b-8c05-4f2e-bd2b-95eb54f88ced,Nutrition,Meal Prep
gen_a688fd1f-7b63-4d0e-a127-96c356b5eda0,ebf2c94b-8c05-4f2e-bd2b-95eb54f88ced,Lifestyle,Minimalism
gen_c08ec10a-3984-4fea-a666-7892356b6ea1,ebfb385e-e09c-4872-9d31-7da72e3ca9f2,Community,Volunteering
gen_c23acc36-30f2-40d2-8d58-1fe09ff0c490,ebfb385e-e09c-4872-9d31-7da72e3ca9f2,Leisure,Cooking
gen_6ea94ac9-a7ac-4ee0-9e96-7c35d1db4427,ebfb385e-e09c-4872-9d31-7da72e3ca9f2,Fitness,Strength Training
gen_b8842948-b4f3-4d91-b334-591eb4b801af,ec0b662c-4bbb-4eb0-af18-73222ea2992d,Fitness,Running
gen_00906e73-b79d-4a89-b5ff-87146ffa65d8,ec0b662c-4bbb-4eb0-af18-73222ea2992d,Lifestyle,Digital Detox
gen_b764c1b2-7e82-4b90-899c-80611980d0dd,ec3dbd99-663d-4042-ae2e-d2a83fbb3d4e,Lifestyle,Minimalism
gen_1a547357-b138-47ab-8d44-5eda733988c9,ec3dbd99-663d-4042-ae2e-d2a83fbb3d4e,Wellness,Meditation
gen_5b66b9ba-47aa-4052-be04-f88964bc6588,ec4078b8-efa7-4346-9b4d-109843a854e4,Lifestyle,Digital Detox
gen_3db1ea38-788b-4de2-92fd-3099e743891d,ec4078b8-efa7-4346-9b4d-109843a854e4,Nutrition,Keto Diet
gen_3aa9b43d-771f-43c3-ba15-35685ab85091,ec4078b8-efa7-4346-9b4d-109843a854e4,Lifestyle,Minimalism
gen_2d516bd5-cf1d-4ef8-989b-b1a8e29c748e,ec5710c9-bf4d-4016-934a-c4fe1700e5e7,Leisure,Reading
gen_157d63ce-58e1-4aa9-814f-becacf382d22,ec5710c9-bf4d-4016-934a-c4fe1700e5e7,Hobbies,Gardening
gen_597e1e2e-3192-457b-aa30-4b4b41d1e4bf,ec7c6f18-5e97-4fb1-baa9-fec7bbfb696f,Nutrition,Meal Prep
gen_46f93ebd-8cba-4217-9e38-b4efa1617eb6,ec7c6f18-5e97-4fb1-baa9-fec7bbfb696f,Fitness,Cycling
gen_e72a15a7-e83f-4e84-976b-249eb8f5fa65,ec7c6f18-5e97-4fb1-baa9-fec7bbfb696f,Lifestyle,Music
gen_4b67e559-1a9a-4424-877c-4765d488e2e0,ec7e92e6-d1d4-45d5-aa8d-55515a9af2f3,Leisure,Reading
gen_c564cff5-76c4-4de8-96f4-dd7c73b442e4,ec7e92e6-d1d4-45d5-aa8d-55515a9af2f3,Fitness,Strength Training
gen_ba96c6eb-9385-4255-81c6-073d7fb16db8,ec7e92e6-d1d4-45d5-aa8d-55515a9af2f3,Wellness,Yoga
gen_728ff13c-1950-403c-bee2-5d449e9ff36e,ec8989d6-3321-4872-b430-86054b1d6ff2,Nutrition,Meal Prep
gen_bf576ce4-7a44-4a1d-9f85-aa3ce1092123,ec8989d6-3321-4872-b430-86054b1d6ff2,Fitness,Running
gen_ad1e1ec7-bcfd-4dda-b39b-99ea99583753,ec8989d6-3321-4872-b430-86054b1d6ff2,Hobbies,Gardening
gen_749c8a94-321c-486a-8b63-6e4c70141ba1,ec9997a0-8df0-47c9-80c8-ae43b12baac4,Wellness,Yoga
gen_9c34701e-17a6-44ed-a8ae-9755f0fe1372,ec9997a0-8df0-47c9-80c8-ae43b12baac4,Lifestyle,Digital Detox
gen_71aca850-4ece-4295-8087-df3f4f587285,ec9997a0-8df0-47c9-80c8-ae43b12baac4,Hobbies,Gardening
gen_450bbfcc-6475-4188-bec0-12271df1afc6,eca83ec7-cad3-47c9-82a9-01dca8cc6cfe,Leisure,Reading
gen_25d1f58c-5686-49e7-b7d1-bb3d72b2064b,eca83ec7-cad3-47c9-82a9-01dca8cc6cfe,Lifestyle,Digital Detox
gen_197b3387-2183-4e1f-98f0-8317424114c2,eca83ec7-cad3-47c9-82a9-01dca8cc6cfe,Fitness,Cycling
gen_9f911fb1-1db2-422d-9b25-0cba0df95344,ecd9df79-22a9-416c-a3b7-5a207ccb2e4f,Nutrition,Keto Diet
gen_85d7c792-d39a-4e43-8ef6-5b3ff48f3f64,ecd9df79-22a9-416c-a3b7-5a207ccb2e4f,Nutrition,Vegan Diet
gen_dbcff86e-eabc-4392-b898-552203fbea72,ecd9df79-22a9-416c-a3b7-5a207ccb2e4f,Hobbies,Gardening
gen_0cb78dda-eb7e-4c00-b4bb-e5821b0f4f32,ecdeac58-8c82-4bfd-9d68-758ee79b8ad1,Fitness,Running
gen_96635c4c-ab1e-49d5-8517-f7724a1fb717,ecdeac58-8c82-4bfd-9d68-758ee79b8ad1,Leisure,Cooking
gen_d27b52bb-85f5-4318-866c-f65b37e49291,ecdeac58-8c82-4bfd-9d68-758ee79b8ad1,Lifestyle,Digital Detox
gen_8e272938-4d35-46db-8b27-ca2422b49fdd,ed00ad05-a679-4a2e-8e56-44a1a01b9363,Lifestyle,Music
gen_34f7a31f-4b0c-448e-9d1b-98f7a8e5ef14,ed00ad05-a679-4a2e-8e56-44a1a01b9363,Community,Volunteering
gen_9418a398-f62d-4a09-82b8-cc72e07b3381,ed7b7c70-2505-4ed8-a730-c1b23784087d,Fitness,Cycling
gen_f5246066-43eb-4a6c-85cb-90e05966502b,ed7b7c70-2505-4ed8-a730-c1b23784087d,Community,Volunteering
gen_4f178d0e-4227-44b4-8ad2-80803e3c221c,ed8a81f3-1f2a-4b7a-b804-6a3af48f4f29,Wellness,Yoga
gen_88d51219-d8bf-4560-944e-dff0916d3732,ed8a81f3-1f2a-4b7a-b804-6a3af48f4f29,Fitness,Running
gen_492e6284-b79a-49c0-9933-2ed8bc209a4b,edc9a9c9-b425-4d8c-a450-6f870707f0e5,Wellness,Yoga
gen_820e0385-4a84-4315-b832-cff6adb7b5fb,edc9a9c9-b425-4d8c-a450-6f870707f0e5,Fitness,Running
gen_91382659-0098-4b39-90e4-da3f4547f589,edc9a9c9-b425-4d8c-a450-6f870707f0e5,Lifestyle,Music
gen_673f62a0-6b21-4990-b574-0fce46d4b971,eddf214e-60bb-475a-aaaf-f3e75d517f0a,Hobbies,Gardening
gen_afd4e0eb-eec7-4c34-869a-d4975b5e511e,eddf214e-60bb-475a-aaaf-f3e75d517f0a,Lifestyle,Minimalism
gen_7cd61807-a8d2-49c4-ba8e-c5377f4759fc,eddf214e-60bb-475a-aaaf-f3e75d517f0a,Lifestyle,Digital Detox
gen_5285563c-8584-43cd-82c8-6dee5fad1b7e,ede7e57a-a435-4906-8881-4003c2270200,Lifestyle,Music
gen_432e7efd-5e74-45dd-883e-d25aba62f5ac,ede7e57a-a435-4906-8881-4003c2270200,Nutrition,Keto Diet
gen_76634dd7-97d6-4d9c-a967-3ea29cb4417b,ede7e57a-a435-4906-8881-4003c2270200,Wellness,Yoga
gen_5518bf99-7efb-47e7-b640-308ba1aea566,edfc244d-2764-407d-9779-0351eae344a0,Lifestyle,Music
gen_ed0d629a-f17f-4293-9c41-c52ccb24a52d,edfc244d-2764-407d-9779-0351eae344a0,Wellness,Yoga
gen_589e17e4-d3ef-4a51-a7de-ff01cdecc915,ee3b4bad-11db-4c5a-9611-bfc2cb6cf173,Leisure,Cooking
gen_c8204e91-832d-4e39-8fb7-57d14c8432fe,ee3b4bad-11db-4c5a-9611-bfc2cb6cf173,Community,Volunteering
gen_e12628b3-d312-43a2-9399-6f2aefbe0af5,ee3b4bad-11db-4c5a-9611-bfc2cb6cf173,Fitness,Running
gen_b275af9d-dcd2-4cdd-b213-ddfc14d32917,ee9b6c05-9376-4f00-8ab2-ac02b89a65fe,Leisure,Reading
gen_e100d3d0-1b5f-4746-96b7-bae26efb31fc,ee9b6c05-9376-4f00-8ab2-ac02b89a65fe,Hobbies,Gardening
gen_9542a934-ac3d-4ef7-b0ec-3027de83cbbd,ee9b6c05-9376-4f00-8ab2-ac02b89a65fe,Lifestyle,Music
gen_72e84154-d906-421c-8844-55490b7d5fab,ee9d1a72-c62c-40a8-b512-f79f005cd98f,Lifestyle,Digital Detox
gen_7144afc6-b91a-4a4d-a906-1b6f9cddcb19,ee9d1a72-c62c-40a8-b512-f79f005cd98f,Nutrition,Meal Prep
gen_11f42579-c9ff-4ec4-ade1-1d09772e6806,ee9d1a72-c62c-40a8-b512-f79f005cd98f,Nutrition,Vegan Diet
gen_c1aab12c-522a-4cc9-b11d-6e06bce1a869,eeaf82e5-7d1f-4cee-b919-dd39f529c42a,Leisure,Reading
gen_8d1a2c33-18a2-43b4-921d-81fcc095658f,eeaf82e5-7d1f-4cee-b919-dd39f529c42a,Nutrition,Meal Prep
gen_e10a66b8-4944-4192-9aef-9df01200bcc5,eeaf82e5-7d1f-4cee-b919-dd39f529c42a,Lifestyle,Music
gen_38acb6dd-ab41-415a-b9d0-9cee2b8db6b2,eecf58ab-27a5-4cda-a068-d13130ba3c2d,Lifestyle,Digital Detox
gen_a7233bf2-4b11-4f9b-a061-f7fab620f388,eecf58ab-27a5-4cda-a068-d13130ba3c2d,Lifestyle,Music
gen_257dba2f-c01f-47f8-a391-22b9b1e7e9d5,eecf58ab-27a5-4cda-a068-d13130ba3c2d,Nutrition,Meal Prep
gen_ce588b2f-4580-485c-9172-67f1b491ea46,eefa7484-8e27-49e6-861f-d77777c080a8,Community,Volunteering
gen_0ba3a680-19e9-4039-b770-487f78e6ecd6,eefa7484-8e27-49e6-861f-d77777c080a8,Wellness,Meditation
gen_1802ede6-d011-4bd7-82e2-30ad92634f79,ef19487a-400e-4886-91b7-885bbeb264b7,Wellness,Yoga
gen_34ae7e42-5ab7-424e-aeac-17e87ecb1b17,ef19487a-400e-4886-91b7-885bbeb264b7,Lifestyle,Digital Detox
gen_c5ecf8a2-974a-4b53-bb72-71b48eb618cd,ef1f9aa9-7c1d-49e6-a231-654095cf0f89,Fitness,Running
gen_870fcc87-1b65-4d10-9252-3193ec7b4752,ef1f9aa9-7c1d-49e6-a231-654095cf0f89,Nutrition,Meal Prep
gen_7d3727ee-19e7-4ba8-a8de-3d4755d755ea,ef3f7d85-b2db-4966-9582-4acc95f72719,Lifestyle,Digital Detox
gen_33b1d263-9f51-4889-b83f-337a2a5cd949,ef3f7d85-b2db-4966-9582-4acc95f72719,Nutrition,Vegan Diet
gen_289ffcba-07dd-4b26-a45f-af575263a17d,ef4a5283-c71a-4937-9056-65c6cca2d956,Wellness,Yoga
gen_6deb358e-8c6a-41e8-88c9-967cb5ab3aca,ef4a5283-c71a-4937-9056-65c6cca2d956,Lifestyle,Digital Detox
gen_3d044813-b6ee-4a8f-b419-e937b8348c6c,ef55715e-9346-4ae0-a5be-96849a0ec020,Fitness,Strength Training
gen_7b8309b3-efc8-4f20-8479-692cb95713e8,ef55715e-9346-4ae0-a5be-96849a0ec020,Hobbies,Gardening
gen_a74216b2-ae7a-485e-9386-81a1af33a2a3,ef5ad8f8-1eca-4386-8c17-2cd29d8dacb8,Lifestyle,Digital Detox
gen_d16cabd9-50a0-4c94-9166-e8496cdbe496,ef5ad8f8-1eca-4386-8c17-2cd29d8dacb8,Nutrition,Meal Prep
gen_7d359772-f84b-489a-8e0d-a7092cdcd551,ef5e4699-7dcb-479e-8c2d-2de5d8cfecb5,Nutrition,Meal Prep
gen_66def2e5-75d1-4922-905b-aa855c25643f,ef5e4699-7dcb-479e-8c2d-2de5d8cfecb5,Fitness,Running
gen_f0629f77-31bd-4461-b72b-8acaa91afe83,ef5e4699-7dcb-479e-8c2d-2de5d8cfecb5,Leisure,Reading
gen_23b42b13-5c41-4d83-91cb-d43f4d72bbe5,ef914cbb-52d6-43b3-aa9f-b6e772b62903,Hobbies,Gardening
gen_2a28d7f0-5bee-4856-aa8f-dacbdef5b11c,ef914cbb-52d6-43b3-aa9f-b6e772b62903,Lifestyle,Minimalism
gen_60926542-d214-45de-85a0-78e65e0500b3,ef914cbb-52d6-43b3-aa9f-b6e772b62903,Nutrition,Meal Prep
gen_7dbe2fc8-1f0a-4c80-af23-68bec8112ec0,efd7ba16-f102-4a6a-a788-78520e8e5405,Leisure,Cooking
gen_b7abb581-05cc-4bd8-8532-bad20292ea9b,efd7ba16-f102-4a6a-a788-78520e8e5405,Fitness,Running
gen_ec395fc2-bfef-4c95-a43d-4041e11cf1f2,efd7ba16-f102-4a6a-a788-78520e8e5405,Fitness,Cycling
gen_78b139c4-9fe7-4ff8-a7cb-deaf0ad03c94,f02ed6a7-04dc-45fe-8348-e5452a206816,Lifestyle,Digital Detox
gen_d293dd04-d497-4044-8f01-35cc2e6bc02e,f02ed6a7-04dc-45fe-8348-e5452a206816,Nutrition,Vegan Diet
gen_29e7dcee-fa2a-4393-8000-90fe3edb3027,f03fc0cc-3f18-4131-b619-06ca78670be5,Hobbies,Gardening
gen_29cde772-5fc8-4271-b7c2-2880e70aaa55,f03fc0cc-3f18-4131-b619-06ca78670be5,Fitness,Cycling
gen_9fbef71b-76a2-4a22-8a96-d4f67a35a30b,f03fc0cc-3f18-4131-b619-06ca78670be5,Lifestyle,Digital Detox
gen_d7b33a07-a2c5-48a1-b797-ee0d2fa94545,f052624c-43e0-4088-b84d-a3b7ec01dc54,Leisure,Cooking
gen_3bbf056e-1672-4309-8137-aa126060e95d,f052624c-43e0-4088-b84d-a3b7ec01dc54,Nutrition,Keto Diet
gen_a8721c70-0ddf-429d-934c-bc4e5ce9d9f7,f052624c-43e0-4088-b84d-a3b7ec01dc54,Community,Volunteering
gen_e19eb046-9747-4fec-8873-f87355cebf0b,f067eb17-1a91-489f-a87a-7faf4c015b28,Community,Volunteering
gen_d3c25706-4d27-44d5-b377-83696d69d857,f067eb17-1a91-489f-a87a-7faf4c015b28,Nutrition,Keto Diet
gen_ebfaedfd-7e8c-4178-8e5f-89cb395807d0,f067eb17-1a91-489f-a87a-7faf4c015b28,Nutrition,Vegan Diet
gen_df90bcae-8383-4820-8fe4-51fe7fecf35e,f06a84ef-14a5-498b-8981-64c372698332,Community,Volunteering
gen_86b7f8b2-591f-4cf3-bd2f-1fb78bd8763a,f06a84ef-14a5-498b-8981-64c372698332,Nutrition,Meal Prep
gen_75cd5571-d3f2-45c2-bb6d-0802654f785d,f06a84ef-14a5-498b-8981-64c372698332,Nutrition,Keto Diet
gen_8a00bc5b-5cdb-41d2-81c4-f918f612496d,f071da9a-2d5b-4dff-a6a7-603b04805b62,Fitness,Strength Training
gen_c151ce96-8a34-44b6-9c23-387c27db1bb9,f071da9a-2d5b-4dff-a6a7-603b04805b62,Lifestyle,Digital Detox
gen_f88288cb-18e1-4aae-b512-2bb50c3095d9,f0a30a5c-f646-4e88-a53f-58d0087f105c,Nutrition,Vegan Diet
gen_a0d4c168-ec1a-47d0-9c0b-72dadcfb3fac,f0a30a5c-f646-4e88-a53f-58d0087f105c,Leisure,Reading
gen_e1709e50-4278-4f17-96e5-41462b42d341,f0d9bed1-8942-4f68-8ecd-3dd0fcf75882,Nutrition,Keto Diet
gen_8a7b2e56-e145-41bf-a6db-6202896182ba,f0d9bed1-8942-4f68-8ecd-3dd0fcf75882,Lifestyle,Minimalism
gen_b4400203-11e6-4001-937a-65b7bf37df68,f0d9bed1-8942-4f68-8ecd-3dd0fcf75882,Community,Volunteering
gen_324595f3-2e24-4eb1-91ec-13e2c763c34c,f0e70f75-05b8-4d51-a524-5391e78d8445,Lifestyle,Music
gen_6e9ba0a6-f6ab-4499-9840-32424327013a,f0e70f75-05b8-4d51-a524-5391e78d8445,Nutrition,Meal Prep
gen_d154d928-0a22-48af-a04d-637f68c07172,f0e70f75-05b8-4d51-a524-5391e78d8445,Leisure,Cooking
gen_63c5ac80-de17-4ca6-9d38-42a5f9a02806,f0ecbee4-58b9-416c-bad3-7d699e4f9b65,Fitness,Strength Training
gen_70db06fc-6614-4297-91a9-ef620f50e4e2,f0ecbee4-58b9-416c-bad3-7d699e4f9b65,Lifestyle,Music
gen_e0d57411-93f8-40f9-9a18-fbed4cda316b,f0ecbee4-58b9-416c-bad3-7d699e4f9b65,Lifestyle,Digital Detox
gen_de1571e0-b99c-4960-92db-a7cf1f3d2dca,f0eefcdd-0350-4561-af7e-3a383f23ccdf,Leisure,Cooking
gen_09bcd147-fa74-4011-bce2-4f07faae78f8,f0eefcdd-0350-4561-af7e-3a383f23ccdf,Wellness,Meditation
gen_e8f2642e-c7ab-4373-af21-01622ff81886,f0efc164-22cc-4aa3-a456-9fa10d70011e,Wellness,Meditation
gen_d039c9fd-130a-415f-a06d-4c65689ecdc7,f0efc164-22cc-4aa3-a456-9fa10d70011e,Wellness,Yoga
gen_9a7d7622-c01f-4761-8b38-2ef9f893703d,f1060f59-ac23-4a12-a6a1-ea40c7d0b0f8,Community,Volunteering
gen_1c6d73f8-e0cb-4bae-b082-5932fee0adb8,f1060f59-ac23-4a12-a6a1-ea40c7d0b0f8,Nutrition,Keto Diet
gen_b3db6102-25d8-4d09-ac47-fa39a007dbd4,f167f4bb-71bc-49bf-9a92-5c6becf67f52,Leisure,Reading
gen_2105eca5-1f7f-4b02-9b54-f336a4efddfc,f167f4bb-71bc-49bf-9a92-5c6becf67f52,Community,Volunteering
gen_5b57eca1-1abb-4e4d-be47-495c4ba86c7e,f169e676-dfa2-4bb2-8988-1b6de6c86faf,Leisure,Cooking
gen_627ec12b-2f83-48fd-8c1b-ddbd62db958f,f169e676-dfa2-4bb2-8988-1b6de6c86faf,Lifestyle,Digital Detox
gen_dfe22523-1b27-4eba-96b5-7954b3086bd3,f169e676-dfa2-4bb2-8988-1b6de6c86faf,Community,Volunteering
gen_ef53aba0-9646-4ca6-88f0-062d2985f88a,f18742c4-db8b-4efa-8cf1-469e1d6e356a,Fitness,Running
gen_b9956249-8147-440c-b5be-ad10c60cc135,f18742c4-db8b-4efa-8cf1-469e1d6e356a,Lifestyle,Music
gen_773d186d-9660-4738-8031-26935b85ae5e,f192c0b6-d402-42e9-8b1f-186f993864a1,Nutrition,Keto Diet
gen_4306ad31-d458-4979-aa43-650a2f121133,f192c0b6-d402-42e9-8b1f-186f993864a1,Fitness,Cycling
gen_dd4d773a-0228-4c56-87c1-bcfdfffd3e50,f192c0b6-d402-42e9-8b1f-186f993864a1,Community,Volunteering
gen_fee9f041-55cc-4821-b165-5de73a5c94f2,f20cb430-3f58-4a77-9a60-a01433f4ebd9,Nutrition,Keto Diet
gen_c0d93cd5-ccba-408f-968b-9b17d1be6af9,f20cb430-3f58-4a77-9a60-a01433f4ebd9,Fitness,Strength Training
gen_e2a8bfe5-2a9b-491d-81a8-fdc6ba51180c,f20cb430-3f58-4a77-9a60-a01433f4ebd9,Wellness,Yoga
gen_6fa0c505-1702-4a3d-b334-74c50c76b56a,f25f18f1-a5c7-427c-8702-32177dca8682,Wellness,Meditation
gen_439d3cfa-a60d-4911-b6a5-c3b47316217c,f25f18f1-a5c7-427c-8702-32177dca8682,Leisure,Reading
gen_34927843-140c-4d9a-8b28-6b155412738d,f268cfe0-5c55-4c0b-b63e-5bd4c014f2c2,Fitness,Running
gen_e8030658-ee6d-45df-a5d4-308b404d0e56,f268cfe0-5c55-4c0b-b63e-5bd4c014f2c2,Fitness,Strength Training
gen_6b0d2b58-5f87-482e-b4d4-54c8ea327c9a,f268cfe0-5c55-4c0b-b63e-5bd4c014f2c2,Nutrition,Vegan Diet
gen_ab033656-bdca-4d2e-9c9c-8d3ab6681823,f2853c94-35a5-411f-add6-238008ad0671,Nutrition,Meal Prep
gen_29e65875-e1f9-46e2-a5ac-3b5e8c667d03,f2853c94-35a5-411f-add6-238008ad0671,Fitness,Running
gen_7a9eada6-0cf6-4e42-9ad4-9e2dcc324c43,f287783b-90e5-410f-8b3a-3a122129b7b8,Leisure,Reading
gen_1c423ae2-17f5-4928-b981-8d79a68c34a1,f287783b-90e5-410f-8b3a-3a122129b7b8,Lifestyle,Minimalism
gen_0c031b99-8f49-455e-8c1a-2c26d8ab5e1b,f287783b-90e5-410f-8b3a-3a122129b7b8,Fitness,Cycling
gen_f8db2003-75d4-41b2-84e8-e2201601d6af,f2b8a4e7-6ae4-40ea-a9e1-274a328de346,Community,Volunteering
gen_fc1d7704-8786-4f59-a6b3-5eb2dc47c42f,f2b8a4e7-6ae4-40ea-a9e1-274a328de346,Nutrition,Meal Prep
gen_0ef9bd8f-6224-4923-ba8e-a757636eb4d7,f2b8a4e7-6ae4-40ea-a9e1-274a328de346,Leisure,Cooking
gen_9c7e90e3-6f0b-48ed-8647-108a16300f57,f2daeb27-c7d2-4042-b138-8ef0652d1427,Fitness,Strength Training
gen_7436e7d6-6df7-4858-83a0-1da1945333ad,f2daeb27-c7d2-4042-b138-8ef0652d1427,Hobbies,Gardening
gen_ad626abb-1168-40ed-9090-1224ca65371c,f2efb22a-0ef8-4da1-bebb-dfccca4ea79d,Lifestyle,Music
gen_d2b21bac-f795-42a5-bd8b-6a61947b03cf,f2efb22a-0ef8-4da1-bebb-dfccca4ea79d,Nutrition,Meal Prep
gen_33805420-8428-4ad1-8a1f-ce6891fd1af0,f2efb22a-0ef8-4da1-bebb-dfccca4ea79d,Leisure,Reading
gen_572c6cdc-41eb-4092-be1f-c7359bcfe168,f32895e1-360d-4ab9-b2bb-92d39b7a42d4,Fitness,Running
gen_b456e525-6782-4dbc-94b4-db703a55e8f2,f32895e1-360d-4ab9-b2bb-92d39b7a42d4,Leisure,Reading
gen_bdfe5562-da59-4c3b-9e94-8e8f8fe996c3,f32895e1-360d-4ab9-b2bb-92d39b7a42d4,Lifestyle,Music
gen_309d1d28-02a7-4a60-85fa-0d3fb69c6598,f32a9ed9-4aee-4f0a-a797-f9d7df2ad6a6,Nutrition,Keto Diet
gen_9d670b23-f328-4063-9e40-0195d83196f9,f32a9ed9-4aee-4f0a-a797-f9d7df2ad6a6,Community,Volunteering
gen_1f7822e5-8f32-4037-b6c3-991b8b7e3cda,f32a9ed9-4aee-4f0a-a797-f9d7df2ad6a6,Nutrition,Vegan Diet
gen_181dbc57-6b94-4064-a91e-87962ed4fe75,f37706f7-420d-46bb-b005-b225d33c3f27,Leisure,Cooking
gen_2bdc5a67-199b-41bc-92ed-2da1f244bceb,f37706f7-420d-46bb-b005-b225d33c3f27,Community,Volunteering
gen_c9abf3ce-38e1-4ce9-b685-6509040ae8f2,f37706f7-420d-46bb-b005-b225d33c3f27,Fitness,Running
gen_70410ee6-891b-4030-8b4c-07aa39ac6b5b,f3809729-a159-43f7-bae4-98db5ee4b5ec,Nutrition,Meal Prep
gen_a9b6e378-ce7f-4dc0-8c47-a5f5e389a98c,f3809729-a159-43f7-bae4-98db5ee4b5ec,Hobbies,Gardening
gen_755a37c6-0949-4410-a1c0-5acfc15ccf56,f3a39504-8527-4542-a22c-fef10550dcb4,Hobbies,Gardening
gen_d1e01c4a-8f09-46e0-9465-fa1e0b89216d,f3a39504-8527-4542-a22c-fef10550dcb4,Leisure,Reading
gen_6a4c4f79-394f-4dff-bf5e-a42dfc3e1f7c,f3c0dd6b-99de-4903-9ad0-66f487e89354,Lifestyle,Music
gen_b5f664f8-7723-4a1a-8297-c60466e43896,f3c0dd6b-99de-4903-9ad0-66f487e89354,Wellness,Meditation
gen_783913cb-0efa-45c7-b8e8-a28ddcf7a4e7,f3c0dd6b-99de-4903-9ad0-66f487e89354,Lifestyle,Digital Detox
gen_fc0a3634-de42-444e-bdb6-74b8e3efcfeb,f411cb08-5b3c-430f-b616-72f4bf1766a5,Nutrition,Keto Diet
gen_0f86a01d-f27f-4f80-9c7c-f2c75ad8a967,f411cb08-5b3c-430f-b616-72f4bf1766a5,Lifestyle,Digital Detox
gen_90b85e80-f6de-4657-9d87-bc485962819d,f41f4c35-8d4b-4ad8-8687-880fca1933e6,Nutrition,Keto Diet
gen_b57fb33b-9bcf-4028-bcc5-f330eb708695,f41f4c35-8d4b-4ad8-8687-880fca1933e6,Lifestyle,Digital Detox
gen_c34732be-b1de-4444-9f25-60a86d848032,f425f27f-eff7-40d8-94cb-f93c422344c2,Fitness,Cycling
gen_7669cc47-df4f-492d-94c4-20c3f71dd3dd,f425f27f-eff7-40d8-94cb-f93c422344c2,Lifestyle,Music
gen_240e926b-01db-4109-9dee-ea8c37f77647,f43c1241-a458-4077-9bb0-8871514d0ac3,Lifestyle,Minimalism
gen_781fc00d-c0d0-4ea7-b01e-6143326c3e3e,f43c1241-a458-4077-9bb0-8871514d0ac3,Leisure,Reading
gen_cff0792a-ca00-4c21-bcca-ba79acdb28d3,f43c1241-a458-4077-9bb0-8871514d0ac3,Fitness,Strength Training
gen_1f535dad-ff5d-4db8-a9f5-8268418590e6,f4686e78-cc16-4208-b09d-a41524ece694,Wellness,Yoga
gen_5fcb3b10-3dac-4ff3-bb53-610f4b96e264,f4686e78-cc16-4208-b09d-a41524ece694,Nutrition,Vegan Diet
gen_51835a1d-c023-4fb5-890e-d1f990f4ba43,f47b43ec-14a5-47b4-a60d-1fcd2af40e60,Leisure,Reading
gen_94c7d65a-e903-4b5c-9bc1-75f5ffc1d3e3,f47b43ec-14a5-47b4-a60d-1fcd2af40e60,Nutrition,Vegan Diet
gen_e979292f-1974-4644-9de8-527dd91a0bdc,f47b43ec-14a5-47b4-a60d-1fcd2af40e60,Fitness,Cycling
gen_db15c586-5a0e-4b03-95a2-db01d4c99bf1,f4857e78-ad41-427f-ac62-e03e90988960,Nutrition,Keto Diet
gen_357b82b3-7e13-4088-b264-a62cdf4e8b90,f4857e78-ad41-427f-ac62-e03e90988960,Fitness,Running
gen_90274308-acb8-477f-8e80-c5429abe0cf6,f4a0c584-4f58-4b80-ac4d-0821e3acd404,Fitness,Strength Training
gen_9c266232-5224-4c42-8b44-d9acf017c01b,f4a0c584-4f58-4b80-ac4d-0821e3acd404,Nutrition,Meal Prep
gen_03e03be6-d99c-4068-9b82-95d149dbaba5,f4a0c584-4f58-4b80-ac4d-0821e3acd404,Lifestyle,Music
gen_8fa92daf-1d77-4fe7-9f3d-8a82dad92d62,f4a7f28c-f1b0-4b43-87e2-8cf02360c838,Wellness,Meditation
gen_d63f0fa1-847c-405b-9f8b-527e24b74b44,f4a7f28c-f1b0-4b43-87e2-8cf02360c838,Fitness,Running
gen_55995a5b-8b31-45c9-a17d-3662e12190c6,f4a7f28c-f1b0-4b43-87e2-8cf02360c838,Nutrition,Vegan Diet
gen_a9e8562b-6b55-428f-a774-df408c2be4fd,f4b983ed-f7ef-4a0a-8806-85c22427952f,Leisure,Reading
gen_aff77679-e44e-4220-932e-f7b6da178b5b,f4b983ed-f7ef-4a0a-8806-85c22427952f,Nutrition,Meal Prep
gen_b93f6e97-810b-47dd-875a-646cf1aaaeb9,f4b983ed-f7ef-4a0a-8806-85c22427952f,Fitness,Cycling
gen_ab5c7360-6f2e-4641-bae9-5bf63d84ea4d,f4fae78e-c1da-45eb-9dbb-b82747ab2ed2,Lifestyle,Minimalism
gen_49448e79-6e10-446b-899c-7122fed47cf6,f4fae78e-c1da-45eb-9dbb-b82747ab2ed2,Lifestyle,Digital Detox
gen_7942593f-41d2-4899-b6ce-168602817ee9,f5158446-e232-4ed7-b400-deaa65e3f049,Lifestyle,Minimalism
gen_66ea86cf-5bd6-4ee1-8745-410a8ff718bf,f5158446-e232-4ed7-b400-deaa65e3f049,Nutrition,Vegan Diet
gen_ced7e983-065f-4dc4-ba8b-f16027272dc1,f5356944-e5fe-4c30-8c7b-5fafae4ebd50,Lifestyle,Digital Detox
gen_7bbebb00-5308-4354-a130-4b1c1055332d,f5356944-e5fe-4c30-8c7b-5fafae4ebd50,Fitness,Strength Training
gen_87bd4183-a343-4adc-9db7-4efec77ae6e7,f598296f-5282-4087-bc59-9858ea4452f8,Wellness,Yoga
gen_2ab20651-299b-4eb8-8ee7-cddb3912248b,f598296f-5282-4087-bc59-9858ea4452f8,Fitness,Running
gen_639f64f1-b0cc-4fa3-af58-d441de000019,f5b2338e-2190-423f-a20e-ad45877da53e,Leisure,Reading
gen_8214c790-814c-4533-ac96-4c29e76a34b9,f5b2338e-2190-423f-a20e-ad45877da53e,Nutrition,Vegan Diet
gen_545551d1-d9ee-4ffb-ae36-cb57d16ee9ba,f5b2338e-2190-423f-a20e-ad45877da53e,Nutrition,Keto Diet
gen_95ad3e15-13c8-43c0-9409-e7b658f06031,f5bf843a-bb35-49f9-9bb0-ed1e4ae6bb7d,Fitness,Running
gen_32b6c3e7-7cce-49f1-8bb1-e0f2be8f18b8,f5bf843a-bb35-49f9-9bb0-ed1e4ae6bb7d,Hobbies,Gardening
gen_fc43dbdd-e40c-461c-a844-0279b1efaa92,f5d91fc1-a419-43d2-a59e-6708ca78e113,Nutrition,Vegan Diet
gen_cbe4cc80-d004-4383-a3d2-929343fad92e,f5d91fc1-a419-43d2-a59e-6708ca78e113,Nutrition,Keto Diet
gen_85212d8c-14e0-4ebc-9029-fcfb165dbd62,f5d91fc1-a419-43d2-a59e-6708ca78e113,Community,Volunteering
gen_d5f3f338-a472-4520-87a9-7cc570c5ff65,f5fa0f0d-8a02-45da-bc60-472b10c4acf2,Nutrition,Keto Diet
gen_d9547279-d893-47ef-8789-b492b2415a4a,f5fa0f0d-8a02-45da-bc60-472b10c4acf2,Leisure,Cooking
gen_0d5f6770-9527-41ce-a1db-df2eadd3e533,f610a8ca-0775-40d0-8b5c-f3494ca94f75,Leisure,Reading
gen_2fffe56b-3328-4663-b3ad-1fd8588a5d91,f610a8ca-0775-40d0-8b5c-f3494ca94f75,Wellness,Meditation
gen_7c5dc671-7690-4a47-893a-90f555908073,f6284d8d-14e4-4906-a6ec-5dfcdd62675c,Nutrition,Keto Diet
gen_49ae3b05-5bdc-44c2-a2ae-dfa9fdc11cf1,f6284d8d-14e4-4906-a6ec-5dfcdd62675c,Fitness,Strength Training
gen_0bc7deaf-4726-49f2-a865-4f35a77a26f9,f6665e77-194c-49aa-8f75-35ba4a94b23b,Fitness,Strength Training
gen_e142abf6-5298-49ee-b895-3e78d5962692,f6665e77-194c-49aa-8f75-35ba4a94b23b,Fitness,Cycling
gen_d7bbb9c7-6c3d-4fa9-aa1a-bf1478afc4a1,f6665e77-194c-49aa-8f75-35ba4a94b23b,Lifestyle,Minimalism
gen_4b880c94-8677-49f3-ac08-18951f25713a,f6ccd5df-76a0-4786-8d8f-426e0297d713,Leisure,Cooking
gen_8701b47a-b94e-4f39-ae27-f53291065b4e,f6ccd5df-76a0-4786-8d8f-426e0297d713,Community,Volunteering
gen_24d2739a-0c81-4a03-bcd3-36f93ff655f6,f709a7dc-bcba-4745-9d4f-e22245837843,Wellness,Yoga
gen_452241fe-f958-46fe-b24d-03e6dc94b1fc,f709a7dc-bcba-4745-9d4f-e22245837843,Hobbies,Gardening
gen_03ce46a7-ecd1-43a3-9bda-53fc0862b31b,f70b88bf-14ab-4d03-968a-4461fa37fd0e,Fitness,Cycling
gen_4066b599-0b91-47cd-9afb-a6859db74f74,f70b88bf-14ab-4d03-968a-4461fa37fd0e,Leisure,Reading
gen_f61c3226-eeff-4b70-8b1b-6bf1af8119ea,f70b88bf-14ab-4d03-968a-4461fa37fd0e,Nutrition,Meal Prep
gen_efc6c432-52f4-4614-a2b6-dc074a0b353f,f71e5cb6-333a-40d6-8fac-696000d93a44,Fitness,Running
gen_a7ce96f1-80a8-4e7b-a8ff-b752d7429c9c,f71e5cb6-333a-40d6-8fac-696000d93a44,Nutrition,Meal Prep
gen_995c70fe-ad8e-4ab1-a3e0-bd017b1f264d,f73b0132-b812-4a0a-b779-baaeee1fd2ef,Wellness,Yoga
gen_b360c7ae-e8c6-46b2-8686-1126712bfcc8,f73b0132-b812-4a0a-b779-baaeee1fd2ef,Fitness,Strength Training
gen_deb81dc5-49d0-40b0-a6e7-93044c2bfd4b,f757f405-4b35-4c6f-a61c-1052b802a37d,Community,Volunteering
gen_8577b5ec-9349-4dc1-be26-586eac21d2b8,f757f405-4b35-4c6f-a61c-1052b802a37d,Leisure,Cooking
gen_5d3c7972-6d23-4052-abe6-51122aaf53a0,f7625cd9-200b-4ef5-85ee-6326b9502d5a,Lifestyle,Music
gen_6607542b-87c2-4f64-a604-7cbf9d934fde,f7625cd9-200b-4ef5-85ee-6326b9502d5a,Nutrition,Keto Diet
gen_79afab93-aae0-410f-8764-8d7d2cb5b7cb,f7625cd9-200b-4ef5-85ee-6326b9502d5a,Nutrition,Meal Prep
gen_258082c5-5685-4984-8c54-7aea2c6c6f10,f76fa3bf-3f66-43e9-a10a-b3b3e3f609ab,Wellness,Meditation
gen_cded1c41-595d-40bd-91a9-8306124186e6,f76fa3bf-3f66-43e9-a10a-b3b3e3f609ab,Lifestyle,Minimalism
gen_2512342a-8512-4e61-9504-6bdddc79ee3d,f784b742-4c95-4ddb-b1ce-87c13426e94a,Lifestyle,Music
gen_a77460b3-ba6a-4dd0-a592-785bab6471b3,f784b742-4c95-4ddb-b1ce-87c13426e94a,Nutrition,Keto Diet
gen_dcbc2184-10a4-4bb5-98cb-67bdf81a08a3,f784b742-4c95-4ddb-b1ce-87c13426e94a,Wellness,Yoga
gen_2affc910-7fc6-4294-a5e0-0feaee1b5c87,f7a71c46-6add-433c-b9a3-990b75f54cb3,Wellness,Yoga
gen_bc11d3f1-328b-4fc5-a299-7b9981561e28,f7a71c46-6add-433c-b9a3-990b75f54cb3,Lifestyle,Digital Detox
gen_d2457f9b-cee1-48d4-8cf9-339fe5e39c7e,f7b53c95-8860-41c7-9311-f82c3ca9a3db,Lifestyle,Digital Detox
gen_5d80bcc0-cd86-432b-81a0-1b94027f5791,f7b53c95-8860-41c7-9311-f82c3ca9a3db,Lifestyle,Minimalism
gen_1e01f9e9-b9d6-4bab-9736-cb7ac04051d2,f7b53c95-8860-41c7-9311-f82c3ca9a3db,Fitness,Strength Training
gen_ef4f9bdb-372f-40c5-ad21-4a4e5620525f,f7c440ab-eb9a-41f4-a0ef-8504fae968ad,Nutrition,Meal Prep
gen_ba0cd5eb-edd7-4ee6-a410-8466a8bcdd5e,f7c440ab-eb9a-41f4-a0ef-8504fae968ad,Leisure,Cooking
gen_42441ec2-b623-4760-927b-c89a282b6783,f7cc4e1d-4b37-468d-aebe-e96507630ecb,Nutrition,Vegan Diet
gen_a9ffb53a-ad91-4cd9-99ea-15b597cfd466,f7cc4e1d-4b37-468d-aebe-e96507630ecb,Fitness,Strength Training
gen_5b4acde4-ad91-4b99-8c12-246728e7bd16,f7f3997f-dd96-4f4c-9c8e-7e8895b313ef,Wellness,Meditation
gen_ac1df200-bc5a-4eb2-ae82-1a8d56073c68,f7f3997f-dd96-4f4c-9c8e-7e8895b313ef,Fitness,Cycling
gen_e0814b2c-3c02-4e99-93a4-edc8f9fe8b37,f8289c1d-18c1-415e-b488-d3a7b33bc80d,Wellness,Meditation
gen_c08ba8aa-eeee-4d34-a6a7-71c673c724b0,f8289c1d-18c1-415e-b488-d3a7b33bc80d,Wellness,Yoga
gen_d7f1edd0-53d0-4049-8e32-f8e270ebbd61,f8668ca0-7feb-43f8-9d87-5b3ec975cd2c,Lifestyle,Music
gen_435e912a-26c9-4424-9d62-11032874023d,f8668ca0-7feb-43f8-9d87-5b3ec975cd2c,Lifestyle,Minimalism
gen_e494c4e5-9633-405d-807d-866549b3f733,f8668ca0-7feb-43f8-9d87-5b3ec975cd2c,Hobbies,Gardening
gen_9011aaaa-08fb-4f75-826b-385a0a234169,f8674325-0325-4d58-b81e-7dfe6ec64dfb,Fitness,Running
gen_676a7d6a-e15e-40d7-a520-aa9d448ff593,f8674325-0325-4d58-b81e-7dfe6ec64dfb,Nutrition,Vegan Diet
gen_7f329108-7d5a-438d-880d-a6564f57b157,f88ab902-9836-41d1-be5b-97af09f95c75,Hobbies,Gardening
gen_c91d5ebb-6da5-4ee6-bc25-c7e148c884de,f88ab902-9836-41d1-be5b-97af09f95c75,Community,Volunteering
gen_1cbe30d8-9978-4fa6-b2a7-6948a8d5ddaf,f88ab902-9836-41d1-be5b-97af09f95c75,Leisure,Cooking
gen_00d0110f-aff9-4eaf-b98b-c281e87ab7cc,f8908a15-5495-4876-8d0d-f152bf0237b0,Community,Volunteering
gen_91632abd-a071-4fee-95df-bb97d431482d,f8908a15-5495-4876-8d0d-f152bf0237b0,Fitness,Running
gen_8958e51d-39cc-49d9-a2e7-e266a1e254e9,f8908a15-5495-4876-8d0d-f152bf0237b0,Lifestyle,Music
gen_54329a50-a1cb-471b-a0e4-f171272de0c5,f90667aa-0466-4777-ace5-28970ae29ab0,Community,Volunteering
gen_b23b4343-f0d6-4944-8027-3d3077f1fa20,f90667aa-0466-4777-ace5-28970ae29ab0,Hobbies,Gardening
gen_948f25ff-4f6f-4b48-b007-38bba9cfe302,f90667aa-0466-4777-ace5-28970ae29ab0,Nutrition,Vegan Diet
gen_19851e46-0925-4191-9139-a996006bb491,f912bf08-f713-48d8-8baf-db0b838c1a4a,Nutrition,Vegan Diet
gen_c65f5b49-ad6c-4155-a476-c198a5152704,f912bf08-f713-48d8-8baf-db0b838c1a4a,Lifestyle,Digital Detox
gen_93b69de3-e461-4ce7-b5d9-fbe8cf9ecaf2,f9393eab-3e53-4fdb-b583-37524b0c6004,Leisure,Cooking
gen_5191b660-53af-45fe-93d7-daef689e9716,f9393eab-3e53-4fdb-b583-37524b0c6004,Nutrition,Keto Diet
gen_5263b8ec-2656-46e6-b08e-b9dbcddddb68,f94c137f-1226-4dcc-9836-1b85de7f922f,Community,Volunteering
gen_a49307c1-6efa-42cf-b6e1-c1bfa7a70aee,f94c137f-1226-4dcc-9836-1b85de7f922f,Fitness,Strength Training
gen_31c47049-af69-40c3-aa7a-95510d763311,f94c137f-1226-4dcc-9836-1b85de7f922f,Lifestyle,Digital Detox
gen_19cd435c-92de-4a15-aac0-faa8860d4be1,f970f5fa-d246-4a4a-9ea2-8f106a77a3b4,Fitness,Cycling
gen_1bf824f4-658e-4348-a8a8-89752ca80abe,f970f5fa-d246-4a4a-9ea2-8f106a77a3b4,Wellness,Yoga
gen_4d1bb480-0040-4d37-8cb2-50c649fd9609,f98271d1-0a1b-4c0f-afa1-befda3ca347f,Lifestyle,Digital Detox
gen_22d5fa36-cff8-4ee7-b744-fc0846c65cbc,f98271d1-0a1b-4c0f-afa1-befda3ca347f,Nutrition,Meal Prep
gen_fbc5cac0-0ed9-4ce8-8547-efc363d09cf7,f98271d1-0a1b-4c0f-afa1-befda3ca347f,Lifestyle,Music
gen_408dc7fb-c5bb-47f3-a103-65cf72a0f2fb,fa10f759-b498-4b2a-80e6-52b1e2dee109,Wellness,Yoga
gen_4aded8ec-9d19-4e54-a00f-941ec4096da5,fa10f759-b498-4b2a-80e6-52b1e2dee109,Lifestyle,Digital Detox
gen_20ea8900-0c6e-40ae-9867-9ce353fddb52,fa222611-5f65-494c-bbde-f2519c6b13ba,Nutrition,Keto Diet
gen_a4882a47-4e19-4b76-b77d-e3f91612d536,fa222611-5f65-494c-bbde-f2519c6b13ba,Lifestyle,Minimalism
gen_8c8a09fe-48e4-42cd-afbc-55d33e2433bb,fa222611-5f65-494c-bbde-f2519c6b13ba,Nutrition,Vegan Diet
gen_04b7161e-1bf8-4215-b4e3-046700096faa,fa4a6c50-18f2-4264-a13f-5ea4669b7242,Lifestyle,Music
gen_cf3f8d30-7838-4586-b7b8-a34f98c4e653,fa4a6c50-18f2-4264-a13f-5ea4669b7242,Nutrition,Keto Diet
gen_482f7ba8-a6b9-4fd0-ad8b-885b4c63d95b,fa8d9ea3-f1fe-437b-8592-ea7c61931a9b,Nutrition,Keto Diet
gen_c467cd02-779a-4d93-b1ff-40b90f940ed0,fa8d9ea3-f1fe-437b-8592-ea7c61931a9b,Hobbies,Gardening
gen_9f6f81a1-c29e-47ea-942d-ed235553f532,fa8d9ea3-f1fe-437b-8592-ea7c61931a9b,Wellness,Meditation
gen_7cbee970-cfdf-4aa9-b457-200fb0363961,facb40a6-0715-4ad5-9c0d-28391a979abe,Lifestyle,Digital Detox
gen_e8a906eb-ad56-4473-ac26-7d6c886123a7,facb40a6-0715-4ad5-9c0d-28391a979abe,Wellness,Meditation
gen_492ab8a2-aede-47ec-9cc1-d92888536a00,fad2d7d8-6105-4b5b-85f2-41de6653d39f,Hobbies,Gardening
gen_e107afb9-3a6a-4689-bbf8-57137c1b732a,fad2d7d8-6105-4b5b-85f2-41de6653d39f,Wellness,Meditation
gen_93de3162-db46-4fef-8ecd-4aadc80b0848,fad2e532-2541-452e-b5f1-83c43ccad175,Leisure,Cooking
gen_2138b403-b71a-482f-8eac-76ec1555c432,fad2e532-2541-452e-b5f1-83c43ccad175,Community,Volunteering
gen_d6f57c0f-641b-45e4-960a-16ccf8da75fa,fad2e532-2541-452e-b5f1-83c43ccad175,Lifestyle,Music
gen_3572fcff-4e74-46ff-a206-8f887fb54d60,fae9a331-1996-4654-a254-33b24245f93c,Wellness,Yoga
gen_8cf043d7-c3fa-46e2-b309-fbe80a420870,fae9a331-1996-4654-a254-33b24245f93c,Fitness,Cycling
gen_e6ac4cb6-1803-4ff2-8b32-06669ea31c22,fae9a331-1996-4654-a254-33b24245f93c,Nutrition,Keto Diet
gen_98bb4b13-8826-43b9-bc65-3a8c5bd92821,faef25b4-bbb3-4e53-8fe7-9b2395a9fee7,Hobbies,Gardening
gen_0e7d8804-5fae-4c62-b3db-2208cdcd041b,faef25b4-bbb3-4e53-8fe7-9b2395a9fee7,Fitness,Cycling
gen_78637f79-2c27-4008-939b-fd076e534ed2,faef25b4-bbb3-4e53-8fe7-9b2395a9fee7,Fitness,Running
gen_16f5e91d-175b-443a-993c-108a2db74a2c,fb02ada2-e615-472a-ac15-654e4c78ffbf,Lifestyle,Digital Detox
gen_1c4ea49f-c6da-4b1f-903c-82fc8ef51bb4,fb02ada2-e615-472a-ac15-654e4c78ffbf,Hobbies,Gardening
gen_5e6d4c1f-db8f-4fc9-87f0-7f7a510d6848,fb02ada2-e615-472a-ac15-654e4c78ffbf,Fitness,Strength Training
gen_4dcc1767-6728-41dc-841f-c845b3155678,fb2f20ed-7071-4d38-a52b-bffb7517e382,Nutrition,Vegan Diet
gen_e588d699-46bf-42b8-aeda-423e43398776,fb2f20ed-7071-4d38-a52b-bffb7517e382,Wellness,Yoga
gen_24ca1e97-4784-4d34-8258-ca7d4972caed,fb898339-208e-486c-aa32-5974b47b3f6e,Nutrition,Vegan Diet
gen_44a48c15-7808-4b0c-8d85-18e74a999831,fb898339-208e-486c-aa32-5974b47b3f6e,Wellness,Meditation
gen_e58e2135-61e3-4879-bdaf-7df0aed86f47,fbaf0402-c9c4-4e1d-b5c9-e4d0efea5665,Lifestyle,Minimalism
gen_96d21ab3-a17d-465e-a1ec-09e7b89b52ce,fbaf0402-c9c4-4e1d-b5c9-e4d0efea5665,Lifestyle,Digital Detox
gen_bf30e55a-9035-42ad-9d23-34c4674c69b2,fbaf0402-c9c4-4e1d-b5c9-e4d0efea5665,Fitness,Cycling
gen_aa25cc5d-27d3-4b5d-a655-2a58da9d1183,fc2976d6-4ed8-4f3c-973f-ca00b2794b52,Hobbies,Gardening
gen_338e95b6-55cf-45c1-b97a-ce581ab9c1ad,fc2976d6-4ed8-4f3c-973f-ca00b2794b52,Fitness,Cycling
gen_0f79196c-59be-40c8-9853-79e5960fa5d5,fc568017-35d5-4e6a-a842-e4343d1cf008,Community,Volunteering
gen_324a9e8f-9480-4806-a331-6eb786ba1a8f,fc568017-35d5-4e6a-a842-e4343d1cf008,Fitness,Cycling
gen_31da65c9-0c96-4ad0-9096-af64e5c0e926,fc96e975-d058-4613-9b38-b9b36cad8b80,Nutrition,Meal Prep
gen_eb8e2900-e60a-42b3-ba04-80ba902dcf8d,fc96e975-d058-4613-9b38-b9b36cad8b80,Leisure,Cooking
gen_4c297b7a-e2a9-4a76-92c2-284f24941c18,fc96e975-d058-4613-9b38-b9b36cad8b80,Lifestyle,Digital Detox
gen_40222ee3-a5d6-48f0-b276-8f395aa731f7,fcb8cac4-fce3-4226-b368-9cab03167b86,Nutrition,Vegan Diet
gen_ee7fbd93-08a5-4986-b9e5-578243083e7e,fcb8cac4-fce3-4226-b368-9cab03167b86,Leisure,Reading
gen_065a3d7c-1613-42a4-a19f-442bd0dd0f9d,fccf92cb-e227-485e-a399-d01d3dcc14e8,Hobbies,Gardening
gen_f642b013-ec09-4f1e-b437-19248108fe63,fccf92cb-e227-485e-a399-d01d3dcc14e8,Fitness,Strength Training
gen_bb9f2975-1b86-40cd-a362-1b93639bdca8,fcec3883-61a4-49b8-918d-4e82c9365d0f,Nutrition,Keto Diet
gen_11d2ba19-6f91-491e-95b3-c54f75134ae9,fcec3883-61a4-49b8-918d-4e82c9365d0f,Fitness,Running
gen_f70d357b-8ba6-4467-afc3-7cc3a4186c08,fd103237-eee6-47e2-af79-0220cfbf6c4b,Fitness,Cycling
gen_e884741e-4f6d-44a6-8417-172aa65911aa,fd103237-eee6-47e2-af79-0220cfbf6c4b,Nutrition,Keto Diet
gen_46852e06-6b5c-42e4-b24f-41de27764248,fd3e0ae4-9422-4be7-bef6-4f17e68dccb6,Nutrition,Meal Prep
gen_67261ca0-44a8-48a0-b790-44073d628863,fd3e0ae4-9422-4be7-bef6-4f17e68dccb6,Lifestyle,Music
gen_6aa75c96-e15e-4c5e-8dcc-9a18b3e0a0d9,fd5d4e43-68a0-44ca-8e29-db2f47bed9dc,Leisure,Cooking
gen_b5d0e100-2beb-4a31-a9c2-dfc5f68e7839,fd5d4e43-68a0-44ca-8e29-db2f47bed9dc,Nutrition,Vegan Diet
gen_bbb5fd83-7204-4c63-a546-e1ef3f70b1d8,fd5d4e43-68a0-44ca-8e29-db2f47bed9dc,Community,Volunteering
gen_883408b1-e4ae-49b3-a5cb-22bda3e495b6,fd9f18be-ebde-4b56-8e47-e692f93c65c3,Lifestyle,Minimalism
gen_11506cab-1ba4-472c-9aea-7409098160f3,fd9f18be-ebde-4b56-8e47-e692f93c65c3,Nutrition,Meal Prep
gen_34018380-9bb8-46f8-b124-ed89daa1b883,fd9f18be-ebde-4b56-8e47-e692f93c65c3,Hobbies,Gardening
gen_42302828-82a3-425c-8fb2-d4738cf7e30f,fdb1a245-2915-41f2-937f-ed8cf093c359,Fitness,Cycling
gen_2eb780dd-9562-4f9f-b185-347d28886256,fdb1a245-2915-41f2-937f-ed8cf093c359,Leisure,Reading
gen_7127efff-5269-402b-8ef9-aa99a03acc75,fdb1a245-2915-41f2-937f-ed8cf093c359,Wellness,Yoga
gen_04fc1964-f262-45b1-96af-af1a18c3ae07,fe091807-d498-403d-a821-8b4b1ab5211c,Fitness,Cycling
gen_a2066987-7ea1-427a-a647-3b00e5bea43e,fe091807-d498-403d-a821-8b4b1ab5211c,Leisure,Cooking
gen_7a78a9bf-1d8c-4781-9261-5a7cc358b030,fe1ca8d4-4e93-4a01-b19a-050c99915b6d,Leisure,Reading
gen_247bc609-d9c1-4baf-a69f-b458184eb3ac,fe1ca8d4-4e93-4a01-b19a-050c99915b6d,Fitness,Strength Training
gen_a9971098-c7ef-4a43-a915-b0d04cba9c90,fe1e0266-1567-4f01-ad5a-304e907199e2,Fitness,Strength Training
gen_f9ff0687-08bf-4e13-952a-0f22a1273005,fe1e0266-1567-4f01-ad5a-304e907199e2,Leisure,Cooking
gen_34201965-b601-4914-b031-13a109b12a21,fe1e0266-1567-4f01-ad5a-304e907199e2,Community,Volunteering
gen_c2e7a127-31f0-4b7e-ac03-dc356394fab4,fe4a117e-8e0f-4e72-a8bb-cc6c331bb856,Fitness,Strength Training
gen_ca856ca1-e605-48c6-9aed-6b866cf4f74e,fe4a117e-8e0f-4e72-a8bb-cc6c331bb856,Wellness,Yoga
gen_06f836a3-5b3c-41e9-b367-1510862a250d,fe61ad2d-1e45-4257-b8a2-82f3c064fd4f,Hobbies,Gardening
gen_c8d435f3-2657-4565-b1b7-9b892b499c04,fe61ad2d-1e45-4257-b8a2-82f3c064fd4f,Lifestyle,Music
gen_33f9baaa-210d-4f79-ae20-44a4219f7043,fe6a80eb-7747-41f2-9494-461250dfa1f0,Fitness,Running
gen_6da07384-8ddf-4fa1-88c0-e5782f2efa3e,fe6a80eb-7747-41f2-9494-461250dfa1f0,Nutrition,Meal Prep
gen_052e5672-f9d9-4e90-80d5-e8eaec86a86f,fe6a80eb-7747-41f2-9494-461250dfa1f0,Leisure,Reading
gen_a0fbe531-0cf9-4b92-a40c-90b51ce1857c,fe91fbf5-5af3-402b-a36d-1b3c6ded1ab8,Fitness,Cycling
gen_deda0a1a-4224-47b9-99f0-ab77bc4876e6,fe91fbf5-5af3-402b-a36d-1b3c6ded1ab8,Lifestyle,Digital Detox
gen_5368b9a2-a284-48a9-b642-72bbdb36a5e5,fe91fbf5-5af3-402b-a36d-1b3c6ded1ab8,Fitness,Strength Training
gen_74b1852e-dd87-42cb-bd7a-56407080b1e0,fea77886-b50b-438e-b24a-8be62172d203,Nutrition,Meal Prep
gen_02cf3bd3-8f24-4428-99c2-cbb697f6f06a,fea77886-b50b-438e-b24a-8be62172d203,Hobbies,Gardening
gen_0c502bb1-4efb-484e-9d6e-ed083b8d5d6f,fea77886-b50b-438e-b24a-8be62172d203,Nutrition,Keto Diet
gen_38dd0ef4-bd2f-4de5-ba7f-5651c432ae78,fea8b1b5-5a8e-49ba-a575-7f25e75961d3,Community,Volunteering
gen_2f7ef139-15fc-4ae7-a91d-ecd9aff1e606,fea8b1b5-5a8e-49ba-a575-7f25e75961d3,Nutrition,Vegan Diet
gen_ef1547b4-ef59-489f-82b8-9cbd2ce906b5,ff178aeb-2b27-48a2-8702-26bfb37f008e,Lifestyle,Minimalism
gen_b1b64491-e044-4a32-8847-a4de705b6527,ff178aeb-2b27-48a2-8702-26bfb37f008e,Fitness,Cycling
gen_d05440c4-dc32-4859-bc02-d76d23dbefb2,ff178aeb-2b27-48a2-8702-26bfb37f008e,Community,Volunteering
gen_923feec1-4e9f-46d1-afde-3693ca8c5b95,ff2a4bb0-799b-4bb9-a71d-809ba9519cbe,Wellness,Yoga
gen_0063a11b-eda5-47eb-b394-d2649546b6f1,ff2a4bb0-799b-4bb9-a71d-809ba9519cbe,Lifestyle,Music
gen_5e2e1e60-6b9e-42f7-938f-4aee3b5d0a9f,ff853704-6db1-42ff-86d9-f010f7716886,Leisure,Reading
gen_2a3be136-7b40-4f9e-aec7-c68a3735f3be,ff853704-6db1-42ff-86d9-f010f7716886,Lifestyle,Music
gen_4b5f2387-4788-4b3f-ac6b-bb2b36f0e5ea,ff853704-6db1-42ff-86d9-f010f7716886,Wellness,Meditation
gen_62a69584-fc9e-475f-a7f2-33946bd25678,ff867839-4277-4dc8-a5b1-ea7867ea2243,Wellness,Yoga
gen_cf7e687b-927b-4a18-9443-7ae67fb99d81,ff867839-4277-4dc8-a5b1-ea7867ea2243,Nutrition,Meal Prep
gen_926be46f-ac43-49c9-870c-30d9bf343284,ff867839-4277-4dc8-a5b1-ea7867ea2243,Hobbies,Gardening
gen_e924b0f8-f389-4d53-894c-65d385a8a7a0,ffa95ec2-5546-4bef-b196-cb9cd63820c7,Leisure,Reading
gen_9d34148f-65c4-4443-bbda-d60fb7b932e2,ffa95ec2-5546-4bef-b196-cb9cd63820c7,Wellness,Yoga
gen_1cf85997-8341-44d1-99b6-9611b0156759,ffcb3c1d-46d1-46c8-bbaa-fbeb9710cb18,Fitness,Cycling
gen_c61d3b04-d826-467f-af18-c994676ea7a5,ffcb3c1d-46d1-46c8-bbaa-fbeb9710cb18,Lifestyle,Minimalism
