id,donor_id,interest_category,interest_name
o87skkjl4l,ecd9df79-22a9-416c-a3b7-5a207ccb2e4f,Health and Wellness,Yoga retreats wellness tourism
tj3mpzbj6a,2cdfec1d-2f33-47cf-a81f-7442578c17b8,Health & Wellness,Nutrition planning meal prepping
i025lrlcak,ab8efba9-e14f-47af-aee3-9c033bd5f70e,Travel and Exploration,Cruise vacations and sailing adventures
8nrvlkgfxa,ab8efba9-e14f-47af-aee3-9c033bd5f70e,Health and Wellness,Holistic health practices (acupuncture herbalism)
cyy8ryjscu,ab8efba9-e14f-47af-aee3-9c033bd5f70e,Reading and Literature,"Poetry and poetic forms (haiku, sonnets, free verse)"
7j6saixtdx,724b0662-be32-4adf-b63e-6d0a69fa3e3b,Travel and Exploration,Road trips and exploring scenic routes
pw4pdj0l51,a6003879-edaa-4a4e-a79a-d8e478a6aec0,Travel and Exploration,Cruise vacations and sailing adventures
qx14d5ceeo,a467aa3c-59c5-461d-aee5-2ca6e11a8e3d,Travel and Exploration,Ecotourism and sustainable travel
0vdhq0blwo,a467aa3c-59c5-461d-aee5-2ca6e11a8e3d,Travel and Exploration,Urban exploration and historical tours
agx7uti2th,a467aa3c-59c5-461d-aee5-2ca6e11a8e3d,Reading and Literature,"Non-fiction (biographies, history, self-help, psychology)"
vou48jyqvh,7667da40-5c39-41f1-9697-07b379e1a049,Reading and Literature,Reading challenges and book clubs
t2t0ei59om,7667da40-5c39-41f1-9697-07b379e1a049,Outdoor Activities,"Camping (tent camping, RV camping)"
gvddz9mv30,7667da40-5c39-41f1-9697-07b379e1a049,Health and Wellness,Holistic health practices (acupuncture herbalism)
2wj1ghckz4,de37fe36-8637-4173-825e-fc983a0d1dc2,Reading and Literature,"Poetry and poetic forms (haiku, sonnets, free verse)"
p31g44co03,de37fe36-8637-4173-825e-fc983a0d1dc2,Reading and Literature,"Fiction (novels, short stories, fantasy, science fiction)"
i3l38mxd7m,de37fe36-8637-4173-825e-fc983a0d1dc2,Health and Wellness,Practicing mindfulness meditation
wmw00e06ez,07c08a95-b20e-4c0c-a920-c478180d67f3,Travel and Exploration,Backpacking and adventure travel
dtbxltogf6,07c08a95-b20e-4c0c-a920-c478180d67f3,Outdoor Activities,"Camping (tent camping, RV camping)"
blthvo6s9y,07c08a95-b20e-4c0c-a920-c478180d67f3,Travel and Exploration,Road trips and exploring scenic routes
nfb4s67b1o,aaaa5064-6b5a-48c5-92d6-420bb08ed13b,Reading and Literature,"Poetry and poetic forms (haiku, sonnets, free verse)"
v0y9ohkp0m,aaaa5064-6b5a-48c5-92d6-420bb08ed13b,Outdoor Activities,Hiking and nature walks
q9cliovcf8,067c7536-bbb2-4aa7-9b5f-7d50dc620a50,Health and Wellness,Fitness obstacle course races
dy4gtxfx77,067c7536-bbb2-4aa7-9b5f-7d50dc620a50,Reading and Literature,Reading challenges and book clubs
p9tjv79pvk,067c7536-bbb2-4aa7-9b5f-7d50dc620a50,Reading and Literature,Literary analysis and book discussions
b6lsyzaphw,a6f4a572-2ef3-4c2e-aefc-30640121cb89,Reading and Literature,"Fiction (novels, short stories, fantasy, science fiction)"
7uj77bxjgu,a6f4a572-2ef3-4c2e-aefc-30640121cb89,Travel and Exploration,Road trips and exploring scenic routes
mtr0xq8967,8f5ec432-5429-4c19-94de-b2319982c7d4,Travel and Exploration,Visiting new countries and cultures
in3tyt224d,8f5ec432-5429-4c19-94de-b2319982c7d4,Health & Wellness,Nutrition planning meal prepping
mdxr29bwna,4801821c-e130-4bc3-849a-03fd628726c7,Travel and Exploration,Backpacking and adventure travel
lnttvw20yt,4801821c-e130-4bc3-849a-03fd628726c7,Reading and Literature,"Poetry and poetic forms (haiku, sonnets, free verse)"
r5c2f4n6ar,2e9aba02-cb84-46f1-96fe-13d75bbc9f25,Travel and Exploration,Ecotourism and sustainable travel
g5351g1ohr,22bb84e2-4c41-4d0a-8bc6-421473b2fc6e,Health and Wellness,Practicing mindfulness meditation
5xrewi7re5,22bb84e2-4c41-4d0a-8bc6-421473b2fc6e,Travel and Exploration,Cruise vacations and sailing adventures
tbu3dmzhpi,5edf4a5d-2c85-49a9-bf47-c8ca7b680251,Health and Wellness,Practicing mindfulness meditation
1gjd8r4i84,5edf4a5d-2c85-49a9-bf47-c8ca7b680251,Health and Wellness,Yoga retreats wellness tourism
m2nhsp9bm5,10405448-9792-44c5-b790-65de50454400,Outdoor Activities,Hiking and nature walks
anw8o52nua,d36a21aa-57f2-4190-8e43-cb5b789d716a,Outdoor Activities,Wilderness survival skills
qi30lwj6dl,ec3dbd99-663d-4042-ae2e-d2a83fbb3d4e,Reading and Literature,"Poetry and poetic forms (haiku, sonnets, free verse)"
6llctjr42b,52f85071-0b33-416a-88a0-4d89130353d4,Reading and Literature,"Poetry and poetic forms (haiku, sonnets, free verse)"
7j4free11b,52f85071-0b33-416a-88a0-4d89130353d4,Travel and Exploration,Backpacking and adventure travel
34vbtrh5xn,52f85071-0b33-416a-88a0-4d89130353d4,Health and Wellness,Practicing mindfulness meditation
2c6g9l597h,d64fdfe8-4c8a-47eb-9c94-c78593abe450,Outdoor Activities,"Camping (tent camping, RV camping)"
4bz0pwbyr3,fd3e0ae4-9422-4be7-bef6-4f17e68dccb6,Reading and Literature,Audio books and storytelling podcasts
otos7rucnz,8ab67aa1-c341-41eb-9c01-c4dfe300856e,Outdoor Activities,Hiking and nature walks
99gshwx0wa,8ab67aa1-c341-41eb-9c01-c4dfe300856e,Reading and Literature,"Fiction (novels, short stories, fantasy, science fiction)"
npf0kxo3z8,f4a0c584-4f58-4b80-ac4d-0821e3acd404,Outdoor Activities,"Camping (tent camping, RV camping)"
i7a4hohn39,0bbffdb0-b3e5-452a-891d-43bc7501f262,Outdoor Activities,"Camping (tent camping, RV camping)"
3gpce1rc47,0bbffdb0-b3e5-452a-891d-43bc7501f262,Health & Wellness,Nutrition planning meal prepping
dtt1eh6tq2,0bbffdb0-b3e5-452a-891d-43bc7501f262,Health and Wellness,Fitness obstacle course races
iyyzpk1m0q,9919b0a1-e0d1-48c8-8768-36e69725424d,Outdoor Activities,Wilderness survival skills
cae8bgxup2,7a34d9e3-cd63-4987-951e-a903a25a25c3,Reading and Literature,"Poetry and poetic forms (haiku, sonnets, free verse)"
vvqmd81uzt,7a34d9e3-cd63-4987-951e-a903a25a25c3,Reading and Literature,"Non-fiction (biographies, history, self-help, psychology)"
y4vo6y8kzm,7a34d9e3-cd63-4987-951e-a903a25a25c3,Reading and Literature,Audio books and storytelling podcasts
1q66un8ebb,65192c5d-98ee-4529-b43a-2610de2a0b18,Travel and Exploration,Cruise vacations and sailing adventures
f6bv2qox6j,02ab02f6-2bac-4a0d-bdc2-f84b166e3154,Health and Wellness,Holistic health practices (acupuncture herbalism)
nii81y7kc2,4d095139-c79e-446f-a51a-fb527b8e57da,Health and Wellness,Practicing mindfulness meditation
fzhku2zc71,7743f1e2-785c-459a-b882-78f5dc9e7979,Outdoor Activities,Wilderness survival skills
evzgigvvlg,45fca87a-fc6a-4dc7-bc8c-3a24cfc9df1b,Reading and Literature,Audio books and storytelling podcasts
fi8hut17o4,45fca87a-fc6a-4dc7-bc8c-3a24cfc9df1b,Reading and Literature,Literary analysis and book discussions
xlnxh3ntg4,45fca87a-fc6a-4dc7-bc8c-3a24cfc9df1b,Travel and Exploration,Cruise vacations and sailing adventures
fx7hesncp7,72640ec6-a58a-4646-b46c-e2e72a162e7a,Health and Wellness,Holistic health practices (acupuncture herbalism)
xhpecq9jhx,72640ec6-a58a-4646-b46c-e2e72a162e7a,Health and Wellness,Fitness obstacle course races
7t5usb8pbu,72640ec6-a58a-4646-b46c-e2e72a162e7a,Travel and Exploration,Urban exploration and historical tours
24wqz4zvmj,8a475abd-cdd3-4c26-861a-3f068314c867,Reading and Literature,Audio books and storytelling podcasts
dfozm0c510,8a475abd-cdd3-4c26-861a-3f068314c867,Reading and Literature,"Poetry and poetic forms (haiku, sonnets, free verse)"
l54bfutzi6,3827c716-0b88-45eb-aac4-723b83cdc474,Outdoor Activities,Hiking and nature walks
f7135ur0o8,3827c716-0b88-45eb-aac4-723b83cdc474,Health and Wellness,Holistic health practices (acupuncture herbalism)
2kbrjc6zb0,3827c716-0b88-45eb-aac4-723b83cdc474,Reading and Literature,"Non-fiction (biographies, history, self-help, psychology)"
0z29dqsq6b,cf145564-2f9e-4b33-af9b-b00fc0dea6c4,Health and Wellness,Holistic health practices (acupuncture herbalism)
xntlrydt7e,a6440173-87df-4ae2-bd97-a575293b710f,Outdoor Activities,"Camping (tent camping, RV camping)"
1u4c86gt8s,a6440173-87df-4ae2-bd97-a575293b710f,Travel and Exploration,Road trips and exploring scenic routes
vzsiwe5e4q,8a3b698c-2952-4b72-ad0f-49e7b72a3d95,Travel and Exploration,Visiting new countries and cultures
vu8hcbnk5u,8a3b698c-2952-4b72-ad0f-49e7b72a3d95,Travel and Exploration,Road trips and exploring scenic routes
opxumj6hgl,20be7905-0bf3-4cfb-b08d-20f20e70d23b,Travel and Exploration,Road trips and exploring scenic routes
2rqttivo2s,20be7905-0bf3-4cfb-b08d-20f20e70d23b,Health and Wellness,Yoga retreats wellness tourism
mpc7yhc8xr,0fbca3ed-44d3-44eb-92ea-afee99477576,Outdoor Activities,Wilderness survival skills
evz1babmme,f5356944-e5fe-4c30-8c7b-5fafae4ebd50,Health and Wellness,Holistic health practices (acupuncture herbalism)
41q3cbdwal,f5356944-e5fe-4c30-8c7b-5fafae4ebd50,Health and Wellness,Yoga retreats wellness tourism
fbmumjtlof,f5356944-e5fe-4c30-8c7b-5fafae4ebd50,Travel and Exploration,Ecotourism and sustainable travel
merugivjoh,1fb4454a-9ef5-477d-831f-9cab25e0408d,Reading and Literature,"Fiction (novels, short stories, fantasy, science fiction)"
10dbph4m13,4830e868-14d4-4aa2-a616-56a4b90c6e66,Reading and Literature,Audio books and storytelling podcasts
aaf6uqff9i,4830e868-14d4-4aa2-a616-56a4b90c6e66,Reading and Literature,"Poetry and poetic forms (haiku, sonnets, free verse)"
zb69f8mat1,ca0b39d8-bd83-41a0-bf9c-c83600f25c04,Travel and Exploration,Urban exploration and historical tours
i95s4vnvcc,6866ce30-364a-4ba1-a103-b9269afd8348,Reading and Literature,Reading challenges and book clubs
gugh6jzv44,3ee57d67-7a56-4b53-86d1-9b8d346f25cf,Health & Wellness,Nutrition planning meal prepping
s55lgw8wkc,3ee57d67-7a56-4b53-86d1-9b8d346f25cf,Reading and Literature,"Non-fiction (biographies, history, self-help, psychology)"
9ipix0kstz,3ee57d67-7a56-4b53-86d1-9b8d346f25cf,Travel and Exploration,Road trips and exploring scenic routes
j4ubyr0yp6,709352a6-1fef-4e08-bdfe-deb08f3bae35,Reading and Literature,Reading challenges and book clubs
dtv01u3nxd,709352a6-1fef-4e08-bdfe-deb08f3bae35,Health and Wellness,Fitness obstacle course races
m5nfx4l7v3,709352a6-1fef-4e08-bdfe-deb08f3bae35,Travel and Exploration,Visiting new countries and cultures
0uauq6d5fw,0880292e-7620-468e-8b64-2ac0c7eb23a0,Health and Wellness,Holistic health practices (acupuncture herbalism)
jz2w5hm4ad,0880292e-7620-468e-8b64-2ac0c7eb23a0,Travel and Exploration,Backpacking and adventure travel
oqr3yyuczm,ced3c56d-d218-4429-a50f-3cb41af028d6,Outdoor Activities,Wilderness survival skills
ypn1vquu5t,c63461dc-b70f-4e71-86b7-bc44b5b1c055,Health and Wellness,Practicing mindfulness meditation
bx5ngg5flt,1e6b210c-03f1-4d7d-9689-4ad4ae658f41,Health & Wellness,Nutrition planning meal prepping
63w5k19zrs,1e6b210c-03f1-4d7d-9689-4ad4ae658f41,Travel and Exploration,Cruise vacations and sailing adventures
cfqat87oub,1e6b210c-03f1-4d7d-9689-4ad4ae658f41,Travel and Exploration,Road trips and exploring scenic routes
p4ae5w545c,bb7e0e50-79bb-48d8-b944-78966089a1d8,Health and Wellness,Practicing mindfulness meditation
s8xzdqjuds,19c49bbc-c908-44cc-bff7-b389cc883a4a,Health and Wellness,Fitness obstacle course races
v7clusd2m1,72d55689-400b-4576-9815-44f78a139166,Health and Wellness,Fitness obstacle course races
2ft6g88am8,df32676b-ef3d-44dd-8366-fc3671b3baaf,Reading and Literature,Literary analysis and book discussions
2gzrsw0z84,df32676b-ef3d-44dd-8366-fc3671b3baaf,Travel and Exploration,Visiting new countries and cultures
24id6mjq6k,df32676b-ef3d-44dd-8366-fc3671b3baaf,Travel and Exploration,Urban exploration and historical tours
apiitrgj28,a111d6f0-7c90-4bc0-9755-8175281868de,Travel and Exploration,Road trips and exploring scenic routes
eo8hr64qem,a111d6f0-7c90-4bc0-9755-8175281868de,Reading and Literature,Literary analysis and book discussions
4axxwd9ffy,d9bab4c0-4d22-452e-8210-e5890624c1a0,Outdoor Activities,Hiking and nature walks
b7lq9p5ozp,d9bab4c0-4d22-452e-8210-e5890624c1a0,Reading and Literature,"Fiction (novels, short stories, fantasy, science fiction)"
t10xv4pjn5,99ad5b79-acff-45ce-80e9-8aea80897c95,Travel and Exploration,Visiting new countries and cultures
n6dniobq8d,2d9ccd02-9d29-4728-a3af-2bcc24ae7772,Health and Wellness,Practicing mindfulness meditation
rdt1tp0nrm,2d9ccd02-9d29-4728-a3af-2bcc24ae7772,Reading and Literature,"Fiction (novels, short stories, fantasy, science fiction)"
xtqpqifb6v,be93539d-00d1-459c-82ec-5f4cedffda65,Reading and Literature,"Poetry and poetic forms (haiku, sonnets, free verse)"
xp39erzhyz,be93539d-00d1-459c-82ec-5f4cedffda65,Reading and Literature,Audio books and storytelling podcasts
wpuxgks2o8,be93539d-00d1-459c-82ec-5f4cedffda65,Reading and Literature,Literary analysis and book discussions
3rbwthtvbk,53355db8-8150-4243-82e3-697ab12aad63,Reading and Literature,"Fiction (novels, short stories, fantasy, science fiction)"
6hj9oxk9e8,53355db8-8150-4243-82e3-697ab12aad63,Reading and Literature,Audio books and storytelling podcasts
32j4h2vgcg,53355db8-8150-4243-82e3-697ab12aad63,Health & Wellness,Nutrition planning meal prepping
8f476ym50t,d0a843ce-0179-4635-8917-963fa44ebaf1,Outdoor Activities,Wilderness survival skills
mhgdihh5hf,d0a843ce-0179-4635-8917-963fa44ebaf1,Reading and Literature,Audio books and storytelling podcasts
u6m20358tu,8b8d9716-7635-48b3-ad79-25f8dfee94eb,Travel and Exploration,Visiting new countries and cultures
1jd5e5udid,8b8d9716-7635-48b3-ad79-25f8dfee94eb,Health and Wellness,Holistic health practices (acupuncture herbalism)
botpvu5urw,fe1e0266-1567-4f01-ad5a-304e907199e2,Outdoor Activities,Wilderness survival skills
2k99dqutny,ebebbe6e-2fd4-4972-9d08-c0c387286725,Health and Wellness,Practicing mindfulness meditation
x58qajb8vv,ebebbe6e-2fd4-4972-9d08-c0c387286725,Travel and Exploration,Cruise vacations and sailing adventures
vxmxiztrb9,7cd00e9d-9a07-4920-8f8a-70d82f25006f,Health and Wellness,Practicing mindfulness meditation
n8w228xsaq,c383ed1c-0bbe-4d78-a57d-caa21d3b1d16,Reading and Literature,Audio books and storytelling podcasts
qkd2umzugy,0def33bf-4d0a-41c8-ae3f-c5020521d075,Reading and Literature,"Fiction (novels, short stories, fantasy, science fiction)"
833cadghab,0def33bf-4d0a-41c8-ae3f-c5020521d075,Travel and Exploration,Cruise vacations and sailing adventures
06mo0d0lb2,0def33bf-4d0a-41c8-ae3f-c5020521d075,Travel and Exploration,Urban exploration and historical tours
h98jayhwgh,c00c535b-18c1-40e9-a77d-7328adedd9e9,Reading and Literature,"Fiction (novels, short stories, fantasy, science fiction)"
dz931wql8n,c00c535b-18c1-40e9-a77d-7328adedd9e9,Health and Wellness,Yoga retreats wellness tourism
le9yqd62qp,c00c535b-18c1-40e9-a77d-7328adedd9e9,Travel and Exploration,Backpacking and adventure travel
duaqibx2pq,bc06630f-c14f-40f8-b3c4-ea0cf6be52ba,Travel and Exploration,Visiting new countries and cultures
bn4ddqidbf,bc06630f-c14f-40f8-b3c4-ea0cf6be52ba,Travel and Exploration,Ecotourism and sustainable travel
652lzjuqne,bc06630f-c14f-40f8-b3c4-ea0cf6be52ba,Reading and Literature,"Poetry and poetic forms (haiku, sonnets, free verse)"
8uejauoch6,2fe36831-ee59-43c7-a4ff-b947a9131830,Travel and Exploration,Urban exploration and historical tours
ul42hqzje6,2fe36831-ee59-43c7-a4ff-b947a9131830,Outdoor Activities,Wilderness survival skills
x525271k0i,2fe36831-ee59-43c7-a4ff-b947a9131830,Reading and Literature,Reading challenges and book clubs
114tp03ggp,b267e252-bc36-4817-ac07-e1f07ce173d4,Reading and Literature,Literary analysis and book discussions
ph35woq2ph,b267e252-bc36-4817-ac07-e1f07ce173d4,Reading and Literature,Reading challenges and book clubs
7qkbz6tsx6,86bf0181-b1de-457b-b993-4f9060017735,Health & Wellness,Nutrition planning meal prepping
94zc9m9jd1,86bf0181-b1de-457b-b993-4f9060017735,Health and Wellness,Fitness obstacle course races
eowk6o4zy2,86bf0181-b1de-457b-b993-4f9060017735,Reading and Literature,"Fiction (novels, short stories, fantasy, science fiction)"
gy6f3jrdm1,606b64c6-a910-4659-b126-7c1b934e9978,Health and Wellness,Fitness obstacle course races
q21wk0f2h4,606b64c6-a910-4659-b126-7c1b934e9978,Health and Wellness,Holistic health practices (acupuncture herbalism)
wb3vyljtul,29c2749a-66d4-4d16-9961-cdb8bb8fcb6e,Outdoor Activities,Hiking and nature walks
2qyv0o29m2,29c2749a-66d4-4d16-9961-cdb8bb8fcb6e,Outdoor Activities,Wilderness survival skills
vi2yytnpjd,29c2749a-66d4-4d16-9961-cdb8bb8fcb6e,Reading and Literature,"Fiction (novels, short stories, fantasy, science fiction)"
t1164wznbk,d0d5eb3f-9819-43e4-93ac-13dafa5571ed,Travel and Exploration,Backpacking and adventure travel
msaq9exbrl,d0d5eb3f-9819-43e4-93ac-13dafa5571ed,Travel and Exploration,Urban exploration and historical tours
tkaripttnp,6483b977-3196-4078-b5e0-d231fd771360,Travel and Exploration,Visiting new countries and cultures
b29jopnmjx,2e030788-2d79-49f3-a6bc-87b3bade8bee,Health & Wellness,Nutrition planning meal prepping
fp79yvj3mk,2e030788-2d79-49f3-a6bc-87b3bade8bee,Travel and Exploration,Backpacking and adventure travel
1bwaj37o8m,e804ac8e-2a5b-40f7-af5b-005b1a62d22a,Outdoor Activities,Hiking and nature walks
lrz13lg5sf,e804ac8e-2a5b-40f7-af5b-005b1a62d22a,Travel and Exploration,Road trips and exploring scenic routes
k9e0pzfakg,0859aa9f-b527-4dda-ab22-2b9f935444e5,Outdoor Activities,Wilderness survival skills
rradhfo6sr,0859aa9f-b527-4dda-ab22-2b9f935444e5,Travel and Exploration,Visiting new countries and cultures
wpw9m31nam,0859aa9f-b527-4dda-ab22-2b9f935444e5,Travel and Exploration,Urban exploration and historical tours
1xbzjsbefb,6ceff35b-07c1-4597-99b4-ae3219231a59,Travel and Exploration,Visiting new countries and cultures
qrroam2l7v,6ceff35b-07c1-4597-99b4-ae3219231a59,Health and Wellness,Holistic health practices (acupuncture herbalism)
j9qvgbmqix,bf987358-1a34-4ef5-a0f7-b6d73e27fd09,Outdoor Activities,Wilderness survival skills
o8q9pby2nd,c852fe63-d58f-439f-86e9-59008c5b099e,Health and Wellness,Fitness obstacle course races
x244o0vsw4,d934b447-bad2-4be7-beea-784568a2ab04,Health and Wellness,Fitness obstacle course races
j9c8ixi1u2,d934b447-bad2-4be7-beea-784568a2ab04,Travel and Exploration,Ecotourism and sustainable travel
41vpqqse4o,d934b447-bad2-4be7-beea-784568a2ab04,Health and Wellness,Yoga retreats wellness tourism
6qgr5qkqsp,beb5338f-997d-4081-936c-a3148fd07e5c,Reading and Literature,Audio books and storytelling podcasts
b8323anfez,e590afd9-51a5-449c-96a3-b9b4cd405814,Travel and Exploration,Road trips and exploring scenic routes
mxyh11xq79,e590afd9-51a5-449c-96a3-b9b4cd405814,Outdoor Activities,Hiking and nature walks
a5z6e8dti9,3b158c6d-820d-4545-9f8a-360bea3a2804,Travel and Exploration,Ecotourism and sustainable travel
o5uqyd7knl,239fb45d-d42a-4bf3-8e86-79d3e552684f,Health and Wellness,Holistic health practices (acupuncture herbalism)
6jijxhk5e5,239fb45d-d42a-4bf3-8e86-79d3e552684f,Reading and Literature,"Fiction (novels, short stories, fantasy, science fiction)"
oa911swr8s,239fb45d-d42a-4bf3-8e86-79d3e552684f,Outdoor Activities,Hiking and nature walks
4okt3c8o8n,d3a06a2d-1401-46ba-aa4a-14641d2c8c6b,Outdoor Activities,Hiking and nature walks
7bqixhg95u,d3a06a2d-1401-46ba-aa4a-14641d2c8c6b,Health and Wellness,Holistic health practices (acupuncture herbalism)
zljowecnfd,c85c27ac-4ee2-412c-baae-ed53f43c2de2,Health and Wellness,Fitness obstacle course races
r9ybuoc72m,c85c27ac-4ee2-412c-baae-ed53f43c2de2,Outdoor Activities,Wilderness survival skills
ket5bu08gh,c85c27ac-4ee2-412c-baae-ed53f43c2de2,Travel and Exploration,Backpacking and adventure travel
bd31gcmk6w,de09a56a-c65a-4b4b-9982-6b100650e488,Reading and Literature,Literary analysis and book discussions
yfsxn3pz33,de09a56a-c65a-4b4b-9982-6b100650e488,Reading and Literature,Audio books and storytelling podcasts
y6a1eght9u,19b5c6a3-a4b3-4719-9e86-ce8247452e4e,Travel and Exploration,Backpacking and adventure travel
h5pz6p83xy,25c49145-4ae8-444c-b633-220c22661f6d,Travel and Exploration,Cruise vacations and sailing adventures
70nd7mittc,25c49145-4ae8-444c-b633-220c22661f6d,Health and Wellness,Yoga retreats wellness tourism
zlgwbmo0qp,25c49145-4ae8-444c-b633-220c22661f6d,Travel and Exploration,Visiting new countries and cultures
y2stcx5bqs,f02ed6a7-04dc-45fe-8348-e5452a206816,Reading and Literature,"Fiction (novels, short stories, fantasy, science fiction)"
oghgwj1aj0,f02ed6a7-04dc-45fe-8348-e5452a206816,Travel and Exploration,Cruise vacations and sailing adventures
5rzzulgls7,f02ed6a7-04dc-45fe-8348-e5452a206816,Reading and Literature,Reading challenges and book clubs
20i5m8uh3m,ea258b45-fd22-40dc-b984-b4adac3dcd31,Travel and Exploration,Road trips and exploring scenic routes
mjwa1i94aj,ea258b45-fd22-40dc-b984-b4adac3dcd31,Health and Wellness,Yoga retreats wellness tourism
sdi47yurew,50003772-4cf8-4853-b962-518ac259506f,Travel and Exploration,Ecotourism and sustainable travel
f5r986xr2k,50003772-4cf8-4853-b962-518ac259506f,Travel and Exploration,Visiting new countries and cultures
1itlxi02go,50003772-4cf8-4853-b962-518ac259506f,Reading and Literature,Literary analysis and book discussions
fa9gy4yjaw,9fc6b3f9-0089-4d57-9f50-90407f10ec84,Health and Wellness,Yoga retreats wellness tourism
ph8eacvkgf,9fc6b3f9-0089-4d57-9f50-90407f10ec84,Health and Wellness,Fitness obstacle course races
s8t61h0ybz,c2621d77-c50a-489e-8458-e08bd895e046,Travel and Exploration,Urban exploration and historical tours
okbbma76kg,c2621d77-c50a-489e-8458-e08bd895e046,Reading and Literature,"Non-fiction (biographies, history, self-help, psychology)"
42reh6ldbj,f5d91fc1-a419-43d2-a59e-6708ca78e113,Travel and Exploration,Visiting new countries and cultures
oco67lg7pu,f5d91fc1-a419-43d2-a59e-6708ca78e113,Health and Wellness,Fitness obstacle course races
aj0d8we08v,73320fcd-d6ec-4938-b84c-6546e5e1353e,Travel and Exploration,Visiting new countries and cultures
ni4uyx7chf,73320fcd-d6ec-4938-b84c-6546e5e1353e,Outdoor Activities,Hiking and nature walks
jkgyb2btw0,7e9df94b-0af1-4f66-91f9-f9a2bcc82b90,Reading and Literature,"Non-fiction (biographies, history, self-help, psychology)"
dvned0jjai,35f8c79b-e9df-4a23-86f3-61419dddbdda,Reading and Literature,"Non-fiction (biographies, history, self-help, psychology)"
bk27n9j155,35f8c79b-e9df-4a23-86f3-61419dddbdda,Travel and Exploration,Visiting new countries and cultures
xalol3fsrr,afdaa779-7acf-4ab2-9f70-9acaab767b1a,Travel and Exploration,Backpacking and adventure travel
c7tyzbtzp3,afdaa779-7acf-4ab2-9f70-9acaab767b1a,Reading and Literature,Audio books and storytelling podcasts
8g5hz31l75,afdaa779-7acf-4ab2-9f70-9acaab767b1a,Travel and Exploration,Visiting new countries and cultures
axroduwwqr,1ddc147f-60e7-4c3f-a645-730b00d8a7e3,Travel and Exploration,Visiting new countries and cultures
gjfydzc2yj,6f765bdf-87c5-4b9b-8860-2fa65259d927,Health and Wellness,Yoga retreats wellness tourism
7dppk1t3iw,6f765bdf-87c5-4b9b-8860-2fa65259d927,Reading and Literature,"Fiction (novels, short stories, fantasy, science fiction)"
cknryj3i3e,6f765bdf-87c5-4b9b-8860-2fa65259d927,Health and Wellness,Fitness obstacle course races
4pomuqv1cc,4c0852ff-09bd-40c8-b203-07975b1dc48c,Health and Wellness,Yoga retreats wellness tourism
76yug5xu8i,20cca08e-6c35-4eb8-a7e5-913a7219df31,Travel and Exploration,Urban exploration and historical tours
u8j77iqoz3,20cca08e-6c35-4eb8-a7e5-913a7219df31,Health and Wellness,Holistic health practices (acupuncture herbalism)
9rwigiz451,4b1ece72-bae2-4eb6-bf97-44a82181ea1b,Travel and Exploration,Visiting new countries and cultures
xzn1nb7rby,4277970e-6be9-4631-89be-c9b286d20d1d,Health and Wellness,Yoga retreats wellness tourism
9pv6dgs4kl,629a4a42-e94f-4cfd-9dad-9d766c82fd62,Health and Wellness,Fitness obstacle course races
a618v81faj,629a4a42-e94f-4cfd-9dad-9d766c82fd62,Reading and Literature,Literary analysis and book discussions
251y5hj0n7,629a4a42-e94f-4cfd-9dad-9d766c82fd62,Travel and Exploration,Ecotourism and sustainable travel
pbj2vfjbbj,b762f48e-5f81-477e-9743-d452548ea94b,Health and Wellness,Practicing mindfulness meditation
19f7if91a4,b762f48e-5f81-477e-9743-d452548ea94b,Travel and Exploration,Backpacking and adventure travel
kvxvsapj2l,b762f48e-5f81-477e-9743-d452548ea94b,Outdoor Activities,Hiking and nature walks
zhcxfveat8,83d64120-d5e7-4b26-b83d-b2219024beac,Health and Wellness,Fitness obstacle course races
2kav0oogbh,83d64120-d5e7-4b26-b83d-b2219024beac,Outdoor Activities,Wilderness survival skills
00hy7mgbg9,e4cd9cf3-b717-4fcb-9390-172fbffc2ab1,Health and Wellness,Yoga retreats wellness tourism
qqu06cal89,60ad3b01-6542-4e4e-b715-36d7cc9539ae,Reading and Literature,"Poetry and poetic forms (haiku, sonnets, free verse)"
oxh3o8l605,2fa75d45-d967-443b-8671-15d8d6d1b658,Health and Wellness,Practicing mindfulness meditation
qg4wweq5r4,8d4f646c-da4e-4efa-9f89-7260168d77d7,Outdoor Activities,"Camping (tent camping, RV camping)"
m3z2frataa,8d4f646c-da4e-4efa-9f89-7260168d77d7,Health & Wellness,Nutrition planning meal prepping
qaox53cp3j,7ba78894-c1f2-4a33-aa1e-3bf8fcba70f2,Reading and Literature,Audio books and storytelling podcasts
oqxrwsqrcd,7ba78894-c1f2-4a33-aa1e-3bf8fcba70f2,Health and Wellness,Practicing mindfulness meditation
7d3gp0c6b4,2cc2b739-30f8-4956-8e77-513fb057ca11,Reading and Literature,Reading challenges and book clubs
4w5vklgu5c,2cc2b739-30f8-4956-8e77-513fb057ca11,Travel and Exploration,Cruise vacations and sailing adventures
c5rx233oos,ce951884-bff1-4398-867b-8145e78d25da,Health and Wellness,Holistic health practices (acupuncture herbalism)
qidbx321zq,ce951884-bff1-4398-867b-8145e78d25da,Health & Wellness,Nutrition planning meal prepping
75vcs72pg2,e916d909-40f6-403d-bc9c-d4f9b8443f54,Travel and Exploration,Urban exploration and historical tours
xffinzods7,e916d909-40f6-403d-bc9c-d4f9b8443f54,Reading and Literature,"Non-fiction (biographies, history, self-help, psychology)"
dhpopswxlb,83001ffc-8384-426a-bbd0-0a70d63e2bba,Travel and Exploration,Backpacking and adventure travel
bjlxsqrrii,83001ffc-8384-426a-bbd0-0a70d63e2bba,Outdoor Activities,"Camping (tent camping, RV camping)"
n34wexc2c1,83001ffc-8384-426a-bbd0-0a70d63e2bba,Outdoor Activities,Hiking and nature walks
9n76u37ksm,8df637b6-4373-4373-b284-9610cbd59550,Health & Wellness,Nutrition planning meal prepping
glrbuh4tir,3c33050f-52b8-4d9c-95b7-e3b8f630dbba,Reading and Literature,"Fiction (novels, short stories, fantasy, science fiction)"
kl3snl9qqp,309eca59-e538-4576-8b88-90a8de6b20b2,Health and Wellness,Holistic health practices (acupuncture herbalism)
m1ewivpi0b,c74efb57-bd66-4095-a1c9-2c13e72ea47f,Reading and Literature,"Poetry and poetic forms (haiku, sonnets, free verse)"
baqz5f7zig,39e1adbe-bef1-4c41-a631-272bf8219cc5,Outdoor Activities,Wilderness survival skills
e6ueh2488u,7042f8c9-51b9-43e0-a794-8ed73b6f3f4a,Health & Wellness,Nutrition planning meal prepping
ubb1hz0b76,9b4ebbe7-8143-4f3d-845a-7bed1128ea19,Health and Wellness,Fitness obstacle course races
hbot21ioy5,2df1ebef-9b9d-4b82-bfd9-aa7ee83e84e0,Travel and Exploration,Visiting new countries and cultures
3l6b4cr129,f0ecbee4-58b9-416c-bad3-7d699e4f9b65,Reading and Literature,Reading challenges and book clubs
h2hn3jph61,f0ecbee4-58b9-416c-bad3-7d699e4f9b65,Travel and Exploration,Urban exploration and historical tours
9sut6xljts,f0ecbee4-58b9-416c-bad3-7d699e4f9b65,Health and Wellness,Holistic health practices (acupuncture herbalism)
27a0rpyjih,eecf58ab-27a5-4cda-a068-d13130ba3c2d,Travel and Exploration,Ecotourism and sustainable travel
z1orapzalr,5e65e17c-6ea3-4309-af4a-8d8c6e69ae4e,Travel and Exploration,Ecotourism and sustainable travel
zagrym5thk,5e65e17c-6ea3-4309-af4a-8d8c6e69ae4e,Travel and Exploration,Backpacking and adventure travel
x8tzumd7l0,5e65e17c-6ea3-4309-af4a-8d8c6e69ae4e,Health and Wellness,Holistic health practices (acupuncture herbalism)
apdtqwqe0s,40ddbe03-82a7-449d-a864-ff61d4d889a7,Reading and Literature,"Poetry and poetic forms (haiku, sonnets, free verse)"
z1m0m2p2tg,40ddbe03-82a7-449d-a864-ff61d4d889a7,Travel and Exploration,Ecotourism and sustainable travel
5mpuz84jnh,65dfd72c-113b-42d6-90f1-7f0b1099949f,Health and Wellness,Practicing mindfulness meditation
jw2mmj7j9j,9eb9950a-0bfd-4ea6-a60a-4cb469c044bd,Reading and Literature,"Fiction (novels, short stories, fantasy, science fiction)"
p6568e6dra,9eb9950a-0bfd-4ea6-a60a-4cb469c044bd,Reading and Literature,Literary analysis and book discussions
p72jmq3g7l,fccf92cb-e227-485e-a399-d01d3dcc14e8,Reading and Literature,"Non-fiction (biographies, history, self-help, psychology)"
hj5m0kt9s4,fccf92cb-e227-485e-a399-d01d3dcc14e8,Reading and Literature,"Poetry and poetic forms (haiku, sonnets, free verse)"
ie6cgz2thf,f287783b-90e5-410f-8b3a-3a122129b7b8,Travel and Exploration,Ecotourism and sustainable travel
429n35pel8,f287783b-90e5-410f-8b3a-3a122129b7b8,Reading and Literature,"Poetry and poetic forms (haiku, sonnets, free verse)"
69yoiam9ef,d9e81833-81b5-4147-8495-d0c579e6ea1c,Reading and Literature,"Fiction (novels, short stories, fantasy, science fiction)"
zw83b0jzha,d9e81833-81b5-4147-8495-d0c579e6ea1c,Outdoor Activities,Hiking and nature walks
4soqloup7r,d9e81833-81b5-4147-8495-d0c579e6ea1c,Reading and Literature,Audio books and storytelling podcasts
loaxfvgtma,c710a691-e490-4ec0-acfd-6cd9d64147b7,Reading and Literature,"Non-fiction (biographies, history, self-help, psychology)"
qjhukzzqrr,c710a691-e490-4ec0-acfd-6cd9d64147b7,Travel and Exploration,Backpacking and adventure travel
m19au1cqnu,a92ca9e0-1e22-457b-b11b-008a864e050e,Health and Wellness,Fitness obstacle course races
jbnu1g5jhp,a92ca9e0-1e22-457b-b11b-008a864e050e,Travel and Exploration,Urban exploration and historical tours
yhil03htma,26df100c-4551-4ba1-8bc3-6011a43d5880,Outdoor Activities,"Camping (tent camping, RV camping)"
qv325govm3,26df100c-4551-4ba1-8bc3-6011a43d5880,Travel and Exploration,Visiting new countries and cultures
i1f979hxo8,d69b915f-fea8-448e-85f0-2786c483bff2,Travel and Exploration,Cruise vacations and sailing adventures
m22i25n4e5,6d9bd032-4e70-4427-ba2c-c04aa0c9dc58,Health and Wellness,Practicing mindfulness meditation
i5kbs4cyt7,c9e04776-af47-4fe6-8dc9-65d596100bb8,Travel and Exploration,Cruise vacations and sailing adventures
4ghiq9gooe,c9e04776-af47-4fe6-8dc9-65d596100bb8,Travel and Exploration,Backpacking and adventure travel
kbl6yhjrx6,c9e04776-af47-4fe6-8dc9-65d596100bb8,Reading and Literature,"Fiction (novels, short stories, fantasy, science fiction)"
7640sh11to,40f3d0c3-5b73-4bcd-b970-51ce1faf3ce6,Health and Wellness,Holistic health practices (acupuncture herbalism)
uiggykd4s8,40f3d0c3-5b73-4bcd-b970-51ce1faf3ce6,Health and Wellness,Fitness obstacle course races
wg2odkye80,40f3d0c3-5b73-4bcd-b970-51ce1faf3ce6,Reading and Literature,"Non-fiction (biographies, history, self-help, psychology)"
tm1f7ur6fs,50c99fc5-89e6-40af-af3b-9696ea164ec2,Outdoor Activities,"Camping (tent camping, RV camping)"
4ms1uooxke,a2cb0ec0-3202-43db-b2fe-88bff67ceefb,Travel and Exploration,Road trips and exploring scenic routes
75r0j0u2l6,a2cb0ec0-3202-43db-b2fe-88bff67ceefb,Travel and Exploration,Cruise vacations and sailing adventures
lmj0mqe0nw,a2cb0ec0-3202-43db-b2fe-88bff67ceefb,Travel and Exploration,Ecotourism and sustainable travel
c0l1fy2hu7,1ccabb0d-8398-49e3-a404-2cf0bdd071af,Health and Wellness,Fitness obstacle course races
ko6xjyzxbo,0f672771-5dcc-4a70-830c-1e9def14bb1a,Health and Wellness,Holistic health practices (acupuncture herbalism)
bebc227vui,0f672771-5dcc-4a70-830c-1e9def14bb1a,Health and Wellness,Fitness obstacle course races
lolcwswybf,d9d52c4b-546c-4ae7-95d5-112d3cd0e401,Health and Wellness,Yoga retreats wellness tourism
1eyup8gi16,d9d52c4b-546c-4ae7-95d5-112d3cd0e401,Travel and Exploration,Road trips and exploring scenic routes
y9ciwtdpat,7840ea91-526f-4c49-9f51-b8d575593ace,Travel and Exploration,Road trips and exploring scenic routes
zzzk15ucn8,7840ea91-526f-4c49-9f51-b8d575593ace,Reading and Literature,"Non-fiction (biographies, history, self-help, psychology)"
0471ui44w3,7840ea91-526f-4c49-9f51-b8d575593ace,Health and Wellness,Yoga retreats wellness tourism
xr2n8bexzi,4b875652-f918-4bbd-bec4-ffe31a64c5f5,Health and Wellness,Yoga retreats wellness tourism
49usmgyoi1,9907f1d6-c905-420d-9e2e-24110d7ee7ef,Health & Wellness,Nutrition planning meal prepping
xspp1bms6z,2704331f-9fd8-4cff-a117-836c0d78fd3c,Reading and Literature,Literary analysis and book discussions
al1k8tvt2e,2704331f-9fd8-4cff-a117-836c0d78fd3c,Travel and Exploration,Backpacking and adventure travel
g5oy8n9jet,2704331f-9fd8-4cff-a117-836c0d78fd3c,Health & Wellness,Nutrition planning meal prepping
iscvf6s120,110d3cfb-a2b4-4bc5-8b2d-0abf4c670fb7,Travel and Exploration,Backpacking and adventure travel
s98cs5daxl,439f2d87-91b3-413e-95b3-98e1738235d6,Health and Wellness,Practicing mindfulness meditation
6wtfo2lubj,439f2d87-91b3-413e-95b3-98e1738235d6,Outdoor Activities,Wilderness survival skills
kcn9ghpsti,d7de2100-d03d-4982-8e02-8a6f57b9228c,Health and Wellness,Yoga retreats wellness tourism
v6x01jeo3x,d7de2100-d03d-4982-8e02-8a6f57b9228c,Travel and Exploration,Backpacking and adventure travel
hoee225xp7,d7de2100-d03d-4982-8e02-8a6f57b9228c,Reading and Literature,"Poetry and poetic forms (haiku, sonnets, free verse)"
c0gwtnipai,47a7e962-13a2-4bdc-b635-9248039535ee,Reading and Literature,Reading challenges and book clubs
8ll3efvxzd,47a7e962-13a2-4bdc-b635-9248039535ee,Travel and Exploration,Ecotourism and sustainable travel
hmtvox2bqx,47a7e962-13a2-4bdc-b635-9248039535ee,Health and Wellness,Yoga retreats wellness tourism
rq090mzd5m,d2be4254-7fed-4376-833a-2ca93ebcad14,Health and Wellness,Yoga retreats wellness tourism
sz8tjo1h5l,528f83b2-0449-4474-bfb9-8e193c4383f0,Outdoor Activities,Wilderness survival skills
tzxfqbtnay,528f83b2-0449-4474-bfb9-8e193c4383f0,Travel and Exploration,Backpacking and adventure travel
cjsmylblsu,528f83b2-0449-4474-bfb9-8e193c4383f0,Reading and Literature,Literary analysis and book discussions
9igudl1no5,69828d9a-23e8-42d7-9a07-91a38504aa02,Reading and Literature,Audio books and storytelling podcasts
98z7jx6mtg,0d07f10f-9445-4bdb-b5c9-437b03440626,Reading and Literature,"Fiction (novels, short stories, fantasy, science fiction)"
rh8cuml0mj,96f82fac-1970-4c03-8339-de0c2c962ef4,Travel and Exploration,Cruise vacations and sailing adventures
u0yxl791c0,f970f5fa-d246-4a4a-9ea2-8f106a77a3b4,Reading and Literature,"Poetry and poetic forms (haiku, sonnets, free verse)"
dk2mhw18rx,bd2c80cc-227c-4521-b8ab-e854ad384c42,Health and Wellness,Practicing mindfulness meditation
fw7kad1car,dd983f93-297c-4d18-b507-92a08d1eb5e2,Outdoor Activities,Hiking and nature walks
3u3ubi5rlm,dd983f93-297c-4d18-b507-92a08d1eb5e2,Travel and Exploration,Ecotourism and sustainable travel
9uk7nxjtsg,dd983f93-297c-4d18-b507-92a08d1eb5e2,Health and Wellness,Yoga retreats wellness tourism
onniyv6g9a,a0f55c8a-8e41-48aa-96e2-33ff64a5c9b3,Health and Wellness,Holistic health practices (acupuncture herbalism)
ulimg695ya,a0f55c8a-8e41-48aa-96e2-33ff64a5c9b3,Reading and Literature,"Poetry and poetic forms (haiku, sonnets, free verse)"
ikkk394gd7,19b745bf-28a5-48a4-bc1c-91ec64bd8427,Travel and Exploration,Urban exploration and historical tours
vel8py5nfg,19b745bf-28a5-48a4-bc1c-91ec64bd8427,Reading and Literature,"Fiction (novels, short stories, fantasy, science fiction)"
bstu70oj1s,e19b0f5b-b2a5-4fff-8062-41c8f44f4afa,Travel and Exploration,Backpacking and adventure travel
u9zmp2gzfj,e19b0f5b-b2a5-4fff-8062-41c8f44f4afa,Reading and Literature,"Fiction (novels, short stories, fantasy, science fiction)"
tx1wr8jicl,e19b0f5b-b2a5-4fff-8062-41c8f44f4afa,Outdoor Activities,Wilderness survival skills
deb7h9nn39,8fdb7f6d-4d49-43a7-86b3-8b417d9c0cbc,Health and Wellness,Practicing mindfulness meditation
wqa4lwubv9,8fdb7f6d-4d49-43a7-86b3-8b417d9c0cbc,Reading and Literature,"Poetry and poetic forms (haiku, sonnets, free verse)"
sgu0eczrsq,8fdb7f6d-4d49-43a7-86b3-8b417d9c0cbc,Travel and Exploration,Cruise vacations and sailing adventures
1j0tk2uu20,534b4a51-0592-4546-8887-1fc5c26f0bcc,Outdoor Activities,Wilderness survival skills
a0k285hf4a,534b4a51-0592-4546-8887-1fc5c26f0bcc,Health and Wellness,Fitness obstacle course races
1niepd3w72,f8289c1d-18c1-415e-b488-d3a7b33bc80d,Outdoor Activities,Hiking and nature walks
6bp053dv7b,f8289c1d-18c1-415e-b488-d3a7b33bc80d,Outdoor Activities,Wilderness survival skills
57yhxx0a0l,ea7abb45-8900-4513-a098-d8f69332b4de,Travel and Exploration,Cruise vacations and sailing adventures
lwthlhl8k4,ea7abb45-8900-4513-a098-d8f69332b4de,Reading and Literature,"Poetry and poetic forms (haiku, sonnets, free verse)"
iilb99vdbn,32de2a7c-66c9-499b-a9ff-67f6b22fde69,Reading and Literature,Literary analysis and book discussions
fxx4gkhgfq,32de2a7c-66c9-499b-a9ff-67f6b22fde69,Reading and Literature,"Non-fiction (biographies, history, self-help, psychology)"
2me7n5odiy,aaae9351-55c8-4644-932a-f0c454b9c1a0,Health and Wellness,Holistic health practices (acupuncture herbalism)
pzdayibm2y,aaae9351-55c8-4644-932a-f0c454b9c1a0,Health & Wellness,Nutrition planning meal prepping
3sgqqpy3gw,641cb4e7-c12b-4313-9773-fed24aeb5112,Reading and Literature,Literary analysis and book discussions
tsl6wxzwm8,ad0f3597-0aee-4b4d-be9b-7c5fed0398c3,Health and Wellness,Holistic health practices (acupuncture herbalism)
n6v87ah69i,ad0f3597-0aee-4b4d-be9b-7c5fed0398c3,Outdoor Activities,Wilderness survival skills
zwrl6q0scx,ad0f3597-0aee-4b4d-be9b-7c5fed0398c3,Reading and Literature,"Non-fiction (biographies, history, self-help, psychology)"
zscq3d1vta,6f1c9da4-81d9-4cca-9a8d-8720938c9b80,Health and Wellness,Holistic health practices (acupuncture herbalism)
r8guc4ognl,d485b442-5ccb-4698-934a-6785d5ed510a,Health and Wellness,Holistic health practices (acupuncture herbalism)
krnsn4ygpn,d485b442-5ccb-4698-934a-6785d5ed510a,Health and Wellness,Practicing mindfulness meditation
z1ouf23i7q,a5007a50-6ff0-492c-8811-bfb2979e6944,Reading and Literature,Reading challenges and book clubs
xxbuwy7i5y,a5007a50-6ff0-492c-8811-bfb2979e6944,Outdoor Activities,"Camping (tent camping, RV camping)"
1qsitq6z56,645e562b-a3e8-4035-8395-689d82cdf816,Travel and Exploration,Backpacking and adventure travel
gegq8dxr0x,645e562b-a3e8-4035-8395-689d82cdf816,Travel and Exploration,Road trips and exploring scenic routes
cnolkffu8r,e7f3cfca-eda1-48a6-9d2f-f614bc5dbd21,Health and Wellness,Fitness obstacle course races
8u0uhfks2g,9c603463-f941-4ba5-89ad-0b120fbe2a07,Health and Wellness,Yoga retreats wellness tourism
rch9e0rg40,660f161d-b84c-4b32-a0ba-357aac82ed3a,Travel and Exploration,Visiting new countries and cultures
ry74jmr08r,660f161d-b84c-4b32-a0ba-357aac82ed3a,Travel and Exploration,Ecotourism and sustainable travel
fg3hxcmuoa,58fc4771-353f-4a66-8985-5f2902f46321,Travel and Exploration,Road trips and exploring scenic routes
ah65ardofo,fe6a80eb-7747-41f2-9494-461250dfa1f0,Travel and Exploration,Cruise vacations and sailing adventures
rea0jf17yn,d5a1fc01-bce8-45a1-8854-506d52f03035,Travel and Exploration,Backpacking and adventure travel
d0d4tq5il1,d5a1fc01-bce8-45a1-8854-506d52f03035,Health and Wellness,Practicing mindfulness meditation
2ywm24sz49,9ae9534e-9c07-4539-891c-bfcce7d4ff3b,Reading and Literature,Literary analysis and book discussions
ooa1moneo4,9eee1da5-4797-4384-8af0-6968d001e995,Travel and Exploration,Ecotourism and sustainable travel
fs8gk8ssf5,9eee1da5-4797-4384-8af0-6968d001e995,Travel and Exploration,Cruise vacations and sailing adventures
odfer97upw,9eee1da5-4797-4384-8af0-6968d001e995,Reading and Literature,Literary analysis and book discussions
nm35hyyl61,4a497085-26d0-47e8-bd9e-2d6032b76f62,Health and Wellness,Yoga retreats wellness tourism
01ype2vijy,4a497085-26d0-47e8-bd9e-2d6032b76f62,Reading and Literature,Audio books and storytelling podcasts
gv2q3uk6c7,4a497085-26d0-47e8-bd9e-2d6032b76f62,Travel and Exploration,Backpacking and adventure travel
24ojstn423,2296ed0f-15ac-4c4f-b26f-f6ebb74467a4,Travel and Exploration,Visiting new countries and cultures
7pq90zmkhw,2296ed0f-15ac-4c4f-b26f-f6ebb74467a4,Reading and Literature,Literary analysis and book discussions
p745mblv0x,2296ed0f-15ac-4c4f-b26f-f6ebb74467a4,Travel and Exploration,Ecotourism and sustainable travel
l7bdox3dep,b12ee20b-2b82-4b5b-9bc8-b4015a0b441a,Health and Wellness,Fitness obstacle course races
6b2664obof,b12ee20b-2b82-4b5b-9bc8-b4015a0b441a,Reading and Literature,Audio books and storytelling podcasts
77ixyl8yge,b12ee20b-2b82-4b5b-9bc8-b4015a0b441a,Reading and Literature,"Fiction (novels, short stories, fantasy, science fiction)"
n8jt64p2pj,1c8f62cf-f816-40ad-977e-492f64c24bfb,Travel and Exploration,Backpacking and adventure travel
xeie3u3i8z,1c8f62cf-f816-40ad-977e-492f64c24bfb,Reading and Literature,"Fiction (novels, short stories, fantasy, science fiction)"
nok08tgmqx,05f4a56f-911e-452e-a64d-bfffa0051e2c,Health and Wellness,Yoga retreats wellness tourism
cjb6l83bb2,05f4a56f-911e-452e-a64d-bfffa0051e2c,Health and Wellness,Holistic health practices (acupuncture herbalism)
djs7gwfxu3,39b0bd3f-0ab4-4969-b70f-77bd594879a4,Health and Wellness,Practicing mindfulness meditation
609zvb9yh7,39b0bd3f-0ab4-4969-b70f-77bd594879a4,Health & Wellness,Nutrition planning meal prepping
173abp09pl,8dc57871-d89e-405e-8ca3-5219b8ebe60a,Reading and Literature,"Non-fiction (biographies, history, self-help, psychology)"
zyjkl3z412,8dc57871-d89e-405e-8ca3-5219b8ebe60a,Outdoor Activities,Hiking and nature walks
9gbmbnhugi,8dc57871-d89e-405e-8ca3-5219b8ebe60a,Travel and Exploration,Backpacking and adventure travel
bswdb106qb,6c57d760-7a0a-42c5-9394-d6d993318087,Reading and Literature,Audio books and storytelling podcasts
g27q8pgy3s,6c57d760-7a0a-42c5-9394-d6d993318087,Travel and Exploration,Backpacking and adventure travel
8gwuv7dbv2,6c57d760-7a0a-42c5-9394-d6d993318087,Health and Wellness,Fitness obstacle course races
9e2xgv9vi0,55d8a61e-b644-4f40-87a5-d227b95c8e8b,Travel and Exploration,Cruise vacations and sailing adventures
fj8cgoc05x,c821bbf2-c10e-470f-a7aa-f1f69b2e3a7c,Outdoor Activities,Hiking and nature walks
vsi9yzuufj,eeaf82e5-7d1f-4cee-b919-dd39f529c42a,Health & Wellness,Nutrition planning meal prepping
4cw4mue6d6,eeaf82e5-7d1f-4cee-b919-dd39f529c42a,Travel and Exploration,Visiting new countries and cultures
i4ypth12wh,eeaf82e5-7d1f-4cee-b919-dd39f529c42a,Outdoor Activities,Wilderness survival skills
44rj9pyer5,40be0fdb-1a81-4f84-bde9-532961e3f995,Reading and Literature,Literary analysis and book discussions
prv37l38pu,40be0fdb-1a81-4f84-bde9-532961e3f995,Health and Wellness,Yoga retreats wellness tourism
ghsoqxly58,40be0fdb-1a81-4f84-bde9-532961e3f995,Reading and Literature,"Non-fiction (biographies, history, self-help, psychology)"
dczi68ex85,1611f746-9a5a-4544-998b-8eb48bf135df,Travel and Exploration,Ecotourism and sustainable travel
22ulk8w41b,1611f746-9a5a-4544-998b-8eb48bf135df,Reading and Literature,"Non-fiction (biographies, history, self-help, psychology)"
rmuv77s9i6,1611f746-9a5a-4544-998b-8eb48bf135df,Travel and Exploration,Visiting new countries and cultures
laafcxrzkx,5a3058ad-95a1-48b5-a83c-345266568ace,Travel and Exploration,Visiting new countries and cultures
g7jrqlddfb,5a3058ad-95a1-48b5-a83c-345266568ace,Health and Wellness,Yoga retreats wellness tourism
enjgsiqly7,5a3058ad-95a1-48b5-a83c-345266568ace,Reading and Literature,Audio books and storytelling podcasts
6b4u3vgjo8,33e3f4ab-0c63-403a-baaf-0c8560e7ce11,Travel and Exploration,Ecotourism and sustainable travel
g1ftokmyci,1d9bf402-6cff-43ad-86a5-e9df913d4f74,Travel and Exploration,Backpacking and adventure travel
gt0zjgxmu9,1d9bf402-6cff-43ad-86a5-e9df913d4f74,Travel and Exploration,Visiting new countries and cultures
bxefrq5sgz,1d9bf402-6cff-43ad-86a5-e9df913d4f74,Health and Wellness,Fitness obstacle course races
g2iqsvreh2,be80724d-0551-46b7-9c5e-faa1124fbb6d,Reading and Literature,Reading challenges and book clubs
ux5h94ps0s,abac5c69-7f23-49b3-bb20-f26d96d64796,Outdoor Activities,"Camping (tent camping, RV camping)"
qm5vmp6932,abac5c69-7f23-49b3-bb20-f26d96d64796,Travel and Exploration,Ecotourism and sustainable travel
e8hl6h2r08,abac5c69-7f23-49b3-bb20-f26d96d64796,Travel and Exploration,Visiting new countries and cultures
bzvpnpka0o,887d628b-af3a-4f0b-9509-ea82444bcab8,Health and Wellness,Fitness obstacle course races
hkzrgjh49o,887d628b-af3a-4f0b-9509-ea82444bcab8,Health and Wellness,Yoga retreats wellness tourism
p6powpri5u,887d628b-af3a-4f0b-9509-ea82444bcab8,Reading and Literature,Audio books and storytelling podcasts
johkhbgmbt,020e7cbc-2b2a-455f-8bfa-fa9e7156bc41,Travel and Exploration,Cruise vacations and sailing adventures
g8nnny60w4,020e7cbc-2b2a-455f-8bfa-fa9e7156bc41,Travel and Exploration,Road trips and exploring scenic routes
n63kpe78h3,020e7cbc-2b2a-455f-8bfa-fa9e7156bc41,Reading and Literature,"Poetry and poetic forms (haiku, sonnets, free verse)"
j8nziqxdbx,e197d2ce-b409-4f7d-a30b-ac64189c5e5e,Outdoor Activities,Wilderness survival skills
dyz0jemlqv,077c848e-21dd-4f42-9209-bb7bf309722c,Travel and Exploration,Ecotourism and sustainable travel
i00j1sr8jq,2430d6cb-df73-4701-8b3c-9e0cd2683d80,Travel and Exploration,Road trips and exploring scenic routes
v9hj2resam,2430d6cb-df73-4701-8b3c-9e0cd2683d80,Reading and Literature,Audio books and storytelling podcasts
clkcaxxhqa,17d7d71a-5887-457e-9f51-675207d51bbb,Travel and Exploration,Backpacking and adventure travel
chyrqvz5ld,17d7d71a-5887-457e-9f51-675207d51bbb,Outdoor Activities,"Camping (tent camping, RV camping)"
axd1cxo6aw,17d7d71a-5887-457e-9f51-675207d51bbb,Outdoor Activities,Wilderness survival skills
g9jbph3fgj,57b5fab1-297c-4b1d-82e1-a4750206a907,Travel and Exploration,Ecotourism and sustainable travel
clx2bvamdl,57b5fab1-297c-4b1d-82e1-a4750206a907,Travel and Exploration,Cruise vacations and sailing adventures
6ydhx8h8p5,e7df0516-b3d4-45a3-afea-7a8741edd1fe,Reading and Literature,Audio books and storytelling podcasts
5xthk71b6g,e7df0516-b3d4-45a3-afea-7a8741edd1fe,Health and Wellness,Practicing mindfulness meditation
1kgksja383,9369b71e-36ec-493a-a42e-41534de83cbf,Health and Wellness,Yoga retreats wellness tourism
bt8r05jdfg,2cfaa98c-7ba8-4a70-8523-a5513af1b5a3,Reading and Literature,"Non-fiction (biographies, history, self-help, psychology)"
ffxw6905eb,34220f8f-3c17-45d1-8c72-88ae381a6de8,Health and Wellness,Practicing mindfulness meditation
26e489r6t3,34220f8f-3c17-45d1-8c72-88ae381a6de8,Reading and Literature,Literary analysis and book discussions
zzbh52f4su,a11df6fd-7804-4c93-a133-245c99cacdf2,Reading and Literature,"Fiction (novels, short stories, fantasy, science fiction)"
qvswe1hiwy,a11df6fd-7804-4c93-a133-245c99cacdf2,Health and Wellness,Fitness obstacle course races
sncnlrkxcn,a11df6fd-7804-4c93-a133-245c99cacdf2,Travel and Exploration,Urban exploration and historical tours
5b3y4x6j29,756663aa-9f90-41c7-acb8-d4e132100277,Health and Wellness,Yoga retreats wellness tourism
yiyalskrpl,18200f3d-20d8-4758-9993-9968ea666e04,Travel and Exploration,Visiting new countries and cultures
7s94lgcl18,18200f3d-20d8-4758-9993-9968ea666e04,Travel and Exploration,Cruise vacations and sailing adventures
myqzi270sv,18200f3d-20d8-4758-9993-9968ea666e04,Outdoor Activities,Hiking and nature walks
ggxgtu0ir7,46c39309-6492-4202-b934-a866f492cd73,Health and Wellness,Yoga retreats wellness tourism
ntrjs397u2,46c39309-6492-4202-b934-a866f492cd73,Health & Wellness,Nutrition planning meal prepping
01f03hm09b,46c39309-6492-4202-b934-a866f492cd73,Health and Wellness,Fitness obstacle course races
oasuy7avje,931e3614-5fb3-42a9-a893-79900f5a6828,Health and Wellness,Practicing mindfulness meditation
ceg9u98ywg,931e3614-5fb3-42a9-a893-79900f5a6828,Health and Wellness,Holistic health practices (acupuncture herbalism)
ebzedcg6bl,e7dd93c2-d6df-4bb8-8e58-f6586f426d9c,Health and Wellness,Practicing mindfulness meditation
pc7to5gde8,e7dd93c2-d6df-4bb8-8e58-f6586f426d9c,Reading and Literature,Literary analysis and book discussions
soo6md3c2l,f6284d8d-14e4-4906-a6ec-5dfcdd62675c,Outdoor Activities,"Camping (tent camping, RV camping)"
5tyksqa4if,f6284d8d-14e4-4906-a6ec-5dfcdd62675c,Health and Wellness,Holistic health practices (acupuncture herbalism)
8f09ko8w1r,362d0326-587a-44af-9d55-d4790090bdea,Travel and Exploration,Backpacking and adventure travel
g8p4asw3hq,362d0326-587a-44af-9d55-d4790090bdea,Health and Wellness,Practicing mindfulness meditation
td9ep6rqya,0bc74695-ed15-448e-a064-740f3206d009,Reading and Literature,Audio books and storytelling podcasts
1n71zffkls,d4a861c3-6a99-4dc8-a4c4-8b2462b73592,Travel and Exploration,Backpacking and adventure travel
wxzlbpq3ya,30a57139-8c8a-4cb7-b9da-26a48fbc8ab1,Reading and Literature,Audio books and storytelling podcasts
y8quqzk8ww,30a57139-8c8a-4cb7-b9da-26a48fbc8ab1,Reading and Literature,Reading challenges and book clubs
cw8tg64g0a,f70b88bf-14ab-4d03-968a-4461fa37fd0e,Health and Wellness,Practicing mindfulness meditation
6my4t52h4a,1ab1c333-c442-45d3-b07a-7eea86745d2e,Travel and Exploration,Urban exploration and historical tours
c8b5o27s7c,1ab1c333-c442-45d3-b07a-7eea86745d2e,Travel and Exploration,Visiting new countries and cultures
2w8m4ri8am,d7f26a55-bac2-4106-921e-53187377783d,Outdoor Activities,Hiking and nature walks
dzy10k9itj,d7f26a55-bac2-4106-921e-53187377783d,Travel and Exploration,Visiting new countries and cultures
zka2mxehnt,d7f26a55-bac2-4106-921e-53187377783d,Reading and Literature,Reading challenges and book clubs
261bkd76z9,c1e8d27c-5d08-4dee-999e-ba40c09d28ba,Health and Wellness,Yoga retreats wellness tourism
6fqddhfzxf,c1e8d27c-5d08-4dee-999e-ba40c09d28ba,Health & Wellness,Nutrition planning meal prepping
1juc8i67by,c1e8d27c-5d08-4dee-999e-ba40c09d28ba,Travel and Exploration,Road trips and exploring scenic routes
q0jzbaemtq,e3b55b93-7372-4b04-a39e-87beab4ab37a,Health and Wellness,Fitness obstacle course races
rlfp2kp0zr,e3b55b93-7372-4b04-a39e-87beab4ab37a,Health and Wellness,Practicing mindfulness meditation
fbndt87sa9,e3b55b93-7372-4b04-a39e-87beab4ab37a,Travel and Exploration,Backpacking and adventure travel
ecc9r6weg0,2bb402a8-7f9c-48d5-8f1c-1fe6e5b261cc,Travel and Exploration,Road trips and exploring scenic routes
nghanobl1j,2bb402a8-7f9c-48d5-8f1c-1fe6e5b261cc,Reading and Literature,"Poetry and poetic forms (haiku, sonnets, free verse)"
1u1l2xh5f3,8239549a-2ba6-4532-8ef2-3b6a0278204c,Travel and Exploration,Urban exploration and historical tours
nxv7awkpln,8239549a-2ba6-4532-8ef2-3b6a0278204c,Health and Wellness,Fitness obstacle course races
c3spjxdg91,8239549a-2ba6-4532-8ef2-3b6a0278204c,Health and Wellness,Yoga retreats wellness tourism
ze2wtomdon,706ef961-3093-441e-9580-a7a3a2d8fd83,Travel and Exploration,Visiting new countries and cultures
eicyzcfjix,ad5f2272-be9b-467b-966f-abbf917fb623,Travel and Exploration,Visiting new countries and cultures
dl3ps9lrby,ad5f2272-be9b-467b-966f-abbf917fb623,Reading and Literature,"Poetry and poetic forms (haiku, sonnets, free verse)"
ou6ey1x7t4,ad5f2272-be9b-467b-966f-abbf917fb623,Travel and Exploration,Road trips and exploring scenic routes
wdzo0wze2p,437e3d35-699c-42a4-a087-8b5c327ff197,Health and Wellness,Yoga retreats wellness tourism
onqlwxlpdx,437e3d35-699c-42a4-a087-8b5c327ff197,Reading and Literature,Literary analysis and book discussions
b5g06wcq8h,437e3d35-699c-42a4-a087-8b5c327ff197,Health & Wellness,Nutrition planning meal prepping
8q310s4e9x,5e360f2c-7b62-4891-b23a-7ca2a1cfceff,Travel and Exploration,Urban exploration and historical tours
kbeuedx5m1,5e360f2c-7b62-4891-b23a-7ca2a1cfceff,Outdoor Activities,"Camping (tent camping, RV camping)"
v556i5teix,5e360f2c-7b62-4891-b23a-7ca2a1cfceff,Outdoor Activities,Hiking and nature walks
a0b2mmae3u,c709e9c7-cad6-4ace-add6-416b3854f383,Outdoor Activities,Wilderness survival skills
p12u2i6t3v,41e15505-f574-4a2a-8dd2-eb3a06b0d799,Outdoor Activities,Hiking and nature walks
kkc9agnzjo,41e15505-f574-4a2a-8dd2-eb3a06b0d799,Reading and Literature,"Poetry and poetic forms (haiku, sonnets, free verse)"
on2dr4n76c,7256c0e5-06c8-4c8b-85af-e0175599789b,Travel and Exploration,Visiting new countries and cultures
2ua1c4nifs,b223875d-ea0c-420a-8dbe-59dc42f28eb7,Travel and Exploration,Road trips and exploring scenic routes
odlppcygy9,b223875d-ea0c-420a-8dbe-59dc42f28eb7,Reading and Literature,"Poetry and poetic forms (haiku, sonnets, free verse)"
m7q6vzfxju,0e7c2455-3a4d-42fb-8b04-bc984c3620cb,Reading and Literature,Reading challenges and book clubs
oqsgnpwf36,0e7c2455-3a4d-42fb-8b04-bc984c3620cb,Health and Wellness,Fitness obstacle course races
2m7h4wkm46,68efc0d7-98a0-498c-9c75-2543c1e0879d,Outdoor Activities,"Camping (tent camping, RV camping)"
yxsqjfud8a,68efc0d7-98a0-498c-9c75-2543c1e0879d,Travel and Exploration,Visiting new countries and cultures
7mjtqk7lz3,68efc0d7-98a0-498c-9c75-2543c1e0879d,Reading and Literature,"Fiction (novels, short stories, fantasy, science fiction)"
jgkzbmnie3,f709a7dc-bcba-4745-9d4f-e22245837843,Reading and Literature,"Fiction (novels, short stories, fantasy, science fiction)"
1bch19ocm3,f709a7dc-bcba-4745-9d4f-e22245837843,Outdoor Activities,Wilderness survival skills
r117471p26,661affd1-8a31-40e0-af92-24e9ea75dbd3,Health and Wellness,Yoga retreats wellness tourism
4ghh6n37px,a912d7dd-4259-4601-a565-959acbff0953,Outdoor Activities,Hiking and nature walks
goz3my85bg,7fb68c77-cb7b-4656-a97b-907f068a16be,Reading and Literature,"Fiction (novels, short stories, fantasy, science fiction)"
k54awxyxr6,7fb68c77-cb7b-4656-a97b-907f068a16be,Health and Wellness,Yoga retreats wellness tourism
2pxjhbiypn,26ddec8f-b792-4c44-b5e0-1f6b4db6a668,Health & Wellness,Nutrition planning meal prepping
yne2rifurq,26ddec8f-b792-4c44-b5e0-1f6b4db6a668,Outdoor Activities,Wilderness survival skills
mzgdl163sa,26ddec8f-b792-4c44-b5e0-1f6b4db6a668,Health and Wellness,Fitness obstacle course races
n71dckdk66,8c82f2ae-adb7-4b27-b903-ea536729f5a0,Health and Wellness,Fitness obstacle course races
o5dzzca619,8c82f2ae-adb7-4b27-b903-ea536729f5a0,Reading and Literature,Audio books and storytelling podcasts
26t2i54cte,8c82f2ae-adb7-4b27-b903-ea536729f5a0,Outdoor Activities,Hiking and nature walks
rmbup4fv6x,3b230561-2113-4fc1-8a6c-924399b81ed9,Reading and Literature,Reading challenges and book clubs
f2r005hguw,b7cbc0b1-f884-468b-aae3-40a233a4b6a0,Health and Wellness,Practicing mindfulness meditation
h0i9jpjoga,b7cbc0b1-f884-468b-aae3-40a233a4b6a0,Travel and Exploration,Visiting new countries and cultures
k3lwzqqv2g,b7cbc0b1-f884-468b-aae3-40a233a4b6a0,Health & Wellness,Nutrition planning meal prepping
8hxlkrh9r0,8a25dcc9-325b-4a95-951a-8ea653808be2,Reading and Literature,Reading challenges and book clubs
trezeqs8i6,8a25dcc9-325b-4a95-951a-8ea653808be2,Outdoor Activities,Hiking and nature walks
nd4cgkq92c,45b9d21a-2d20-4201-a60c-35a3f671b90a,Reading and Literature,Audio books and storytelling podcasts
rxdpqmtk2r,45b9d21a-2d20-4201-a60c-35a3f671b90a,Reading and Literature,"Non-fiction (biographies, history, self-help, psychology)"
sa2xml7jq1,4bede622-30f7-4617-87e9-7aba51a7748d,Health and Wellness,Fitness obstacle course races
e281m7tz4p,f167f4bb-71bc-49bf-9a92-5c6becf67f52,Reading and Literature,Reading challenges and book clubs
o9qwolcx7o,f167f4bb-71bc-49bf-9a92-5c6becf67f52,Travel and Exploration,Road trips and exploring scenic routes
od483yitya,a3522b5b-5b7f-4f7a-98a5-740c83b8acef,Outdoor Activities,Wilderness survival skills
nrxnzyahnp,09bd34ec-e321-441d-b6c6-8b630adab478,Reading and Literature,Audio books and storytelling podcasts
oowssu00fr,09bd34ec-e321-441d-b6c6-8b630adab478,Travel and Exploration,Cruise vacations and sailing adventures
ay4zzmbk1j,f37706f7-420d-46bb-b005-b225d33c3f27,Health and Wellness,Holistic health practices (acupuncture herbalism)
onfc1vnscc,0345bcfa-cc1d-4786-8c26-d52992b03849,Outdoor Activities,Wilderness survival skills
vyob86z5uk,0345bcfa-cc1d-4786-8c26-d52992b03849,Travel and Exploration,Backpacking and adventure travel
pr322msw6b,0345bcfa-cc1d-4786-8c26-d52992b03849,Outdoor Activities,Hiking and nature walks
z93xxc8w1p,c6a5ad51-3fb2-4b57-b672-f70d296ecddf,Reading and Literature,"Poetry and poetic forms (haiku, sonnets, free verse)"
82gb1sxbrh,c6a5ad51-3fb2-4b57-b672-f70d296ecddf,Travel and Exploration,Urban exploration and historical tours
co9coc88mf,82c32a70-0be2-4d07-93a8-c61199a8d0c8,Travel and Exploration,Urban exploration and historical tours
lbh37gj76g,82c32a70-0be2-4d07-93a8-c61199a8d0c8,Reading and Literature,Reading challenges and book clubs
9em5zx09d6,c8ef3d83-99e6-4c96-90f0-e511691966f7,Travel and Exploration,Road trips and exploring scenic routes
b738ej7an5,2cbbea22-341d-4739-aad8-449aff8f7470,Travel and Exploration,Backpacking and adventure travel
j1etzn6rrc,14895d8c-588d-48b0-b438-1fd4d8ca5a55,Health and Wellness,Yoga retreats wellness tourism
u0nhe72zbt,14895d8c-588d-48b0-b438-1fd4d8ca5a55,Reading and Literature,"Fiction (novels, short stories, fantasy, science fiction)"
66th5gj5jh,18f12f0e-5abd-4833-b055-6c5dd43cd075,Health and Wellness,Yoga retreats wellness tourism
uarmrn7kkh,865f3f40-e7ed-4ba6-8bb2-bb69377f58db,Health and Wellness,Fitness obstacle course races
opduh9quih,865f3f40-e7ed-4ba6-8bb2-bb69377f58db,Travel and Exploration,Visiting new countries and cultures
lapqtr5nf4,af30e3c9-8591-46de-bf5e-e878ef34329e,Reading and Literature,"Fiction (novels, short stories, fantasy, science fiction)"
e0w2stelxn,af30e3c9-8591-46de-bf5e-e878ef34329e,Travel and Exploration,Urban exploration and historical tours
6ox9davb0a,af30e3c9-8591-46de-bf5e-e878ef34329e,Health & Wellness,Nutrition planning meal prepping
uf1o6eowj3,fad2d7d8-6105-4b5b-85f2-41de6653d39f,Travel and Exploration,Visiting new countries and cultures
7j86abtcbp,3c47cd25-a8a7-44c5-8b4f-c2aa694f224c,Reading and Literature,"Fiction (novels, short stories, fantasy, science fiction)"
c96m77v6fy,3c47cd25-a8a7-44c5-8b4f-c2aa694f224c,Reading and Literature,"Non-fiction (biographies, history, self-help, psychology)"
wlbx9isft1,d0e6fa56-051e-4576-8cf5-a19aa928773d,Travel and Exploration,Backpacking and adventure travel
ppdlf0tr0j,d0e6fa56-051e-4576-8cf5-a19aa928773d,Health and Wellness,Fitness obstacle course races
6kjx2hoof4,d0e6fa56-051e-4576-8cf5-a19aa928773d,Health and Wellness,Holistic health practices (acupuncture herbalism)
ulj5us1b78,facb40a6-0715-4ad5-9c0d-28391a979abe,Reading and Literature,Reading challenges and book clubs
8h3mnw0s6b,facb40a6-0715-4ad5-9c0d-28391a979abe,Reading and Literature,Audio books and storytelling podcasts
h7665x56he,facb40a6-0715-4ad5-9c0d-28391a979abe,Travel and Exploration,Urban exploration and historical tours
e78zg6daqq,fa222611-5f65-494c-bbde-f2519c6b13ba,Travel and Exploration,Road trips and exploring scenic routes
pcgcjgd3wk,fa222611-5f65-494c-bbde-f2519c6b13ba,Health and Wellness,Holistic health practices (acupuncture herbalism)
fdy93y6g8z,4b0be842-63b2-415b-8762-9407c5bc44ce,Travel and Exploration,Visiting new countries and cultures
djwiqwggbz,362c8150-992f-4e78-a826-c34be0b245a0,Reading and Literature,Literary analysis and book discussions
w8gizvq5mr,362c8150-992f-4e78-a826-c34be0b245a0,Reading and Literature,"Poetry and poetic forms (haiku, sonnets, free verse)"
2rrblksr9q,c0a60f87-fe47-446d-b0cc-22fc14f0f3e9,Travel and Exploration,Backpacking and adventure travel
w6v8hy4y6h,c0a60f87-fe47-446d-b0cc-22fc14f0f3e9,Outdoor Activities,Hiking and nature walks
x7gzbe8i06,c0a60f87-fe47-446d-b0cc-22fc14f0f3e9,Health & Wellness,Nutrition planning meal prepping
0v3cn4l3yy,1a9c2063-77e6-4681-b33b-dc32fed47752,Reading and Literature,"Poetry and poetic forms (haiku, sonnets, free verse)"
8zrwswn2ns,1a9c2063-77e6-4681-b33b-dc32fed47752,Travel and Exploration,Cruise vacations and sailing adventures
gchxqqdomi,f5bf843a-bb35-49f9-9bb0-ed1e4ae6bb7d,Reading and Literature,"Non-fiction (biographies, history, self-help, psychology)"
gj8vimskyd,bd45bbeb-46c1-4413-ad6f-d7c3a983b38c,Travel and Exploration,Visiting new countries and cultures
lz96pribyo,bd45bbeb-46c1-4413-ad6f-d7c3a983b38c,Outdoor Activities,Wilderness survival skills
v2sg83vn6f,bd45bbeb-46c1-4413-ad6f-d7c3a983b38c,Travel and Exploration,Road trips and exploring scenic routes
un0yiw3to2,4d21ec4b-0bb8-44be-a19c-d34a81be0652,Reading and Literature,Literary analysis and book discussions
dzvx333t8z,4d21ec4b-0bb8-44be-a19c-d34a81be0652,Reading and Literature,Audio books and storytelling podcasts
runh48pw2n,b1051b45-ff02-408f-bb8c-92b6611f659d,Travel and Exploration,Cruise vacations and sailing adventures
fzil4wqa8x,a7b8f142-6b8b-4eac-bae6-5f57f113147b,Travel and Exploration,Cruise vacations and sailing adventures
aaukz80pa2,a7b8f142-6b8b-4eac-bae6-5f57f113147b,Reading and Literature,"Fiction (novels, short stories, fantasy, science fiction)"
6ptp25hhso,a7b8f142-6b8b-4eac-bae6-5f57f113147b,Health and Wellness,Practicing mindfulness meditation
dsdit95wmp,06b2c83a-8f99-4891-91ca-4279b310d78c,Reading and Literature,Reading challenges and book clubs
0cxcs84ljc,26105b7f-5bec-480c-b842-12253e528c3f,Reading and Literature,Reading challenges and book clubs
acjzry95hk,26105b7f-5bec-480c-b842-12253e528c3f,Health and Wellness,Holistic health practices (acupuncture herbalism)
wolkiequpb,26105b7f-5bec-480c-b842-12253e528c3f,Travel and Exploration,Visiting new countries and cultures
lf7x6pdyt5,dbaf66e2-52a0-4166-b67d-cf534ec30c1d,Health and Wellness,Fitness obstacle course races
hdiicjlrd5,dbaf66e2-52a0-4166-b67d-cf534ec30c1d,Outdoor Activities,"Camping (tent camping, RV camping)"
oda5mnyfbn,08ec7f35-6afd-44aa-8380-b5155d710f89,Health and Wellness,Yoga retreats wellness tourism
7d6f6vvx32,146646dd-7032-47d9-a785-88e28975f7f6,Health & Wellness,Nutrition planning meal prepping
n64p188ue4,146646dd-7032-47d9-a785-88e28975f7f6,Reading and Literature,"Fiction (novels, short stories, fantasy, science fiction)"
g2dcdacd61,146646dd-7032-47d9-a785-88e28975f7f6,Reading and Literature,"Poetry and poetic forms (haiku, sonnets, free verse)"
fh0xgrp4ls,a499369c-600f-4c95-8c4f-15b27de0781d,Travel and Exploration,Ecotourism and sustainable travel
5vnun5t3ze,cd7d18b6-31b2-4362-81e8-fb6a08ea6745,Outdoor Activities,"Camping (tent camping, RV camping)"
r5uuqqe482,b91f2ee2-a407-46b8-afd9-64b0df851c77,Health and Wellness,Practicing mindfulness meditation
yup6gka7el,b91f2ee2-a407-46b8-afd9-64b0df851c77,Reading and Literature,"Non-fiction (biographies, history, self-help, psychology)"
gs2tpa8f9m,cf5c76f5-9706-4464-b46f-4b6f853de886,Reading and Literature,Literary analysis and book discussions
5kmf5wg7o0,48cabd7f-0340-4676-a9f2-2a096a9cdf9a,Travel and Exploration,Ecotourism and sustainable travel
21kqbfh8r9,48cabd7f-0340-4676-a9f2-2a096a9cdf9a,Health and Wellness,Holistic health practices (acupuncture herbalism)
gikjy5e7e7,48cabd7f-0340-4676-a9f2-2a096a9cdf9a,Reading and Literature,"Non-fiction (biographies, history, self-help, psychology)"
kzz1203427,2862a95b-ef8b-4645-b623-103fd42b7e80,Health and Wellness,Yoga retreats wellness tourism
lt8hi3gqiy,2862a95b-ef8b-4645-b623-103fd42b7e80,Outdoor Activities,Hiking and nature walks
teal2hbbas,2862a95b-ef8b-4645-b623-103fd42b7e80,Reading and Literature,Reading challenges and book clubs
tjy0wimwa3,05620726-05e5-446e-b6f7-2ab3ba04c8af,Reading and Literature,Reading challenges and book clubs
vdqxlrkkne,05620726-05e5-446e-b6f7-2ab3ba04c8af,Travel and Exploration,Ecotourism and sustainable travel
4fh1k8pms3,05620726-05e5-446e-b6f7-2ab3ba04c8af,Reading and Literature,Audio books and storytelling podcasts
duqubsux20,dccb0cc3-c581-4d0d-abfe-fad8d47885a4,Outdoor Activities,Hiking and nature walks
kj3b79rq2x,dccb0cc3-c581-4d0d-abfe-fad8d47885a4,Travel and Exploration,Visiting new countries and cultures
v73h4gba2f,dccb0cc3-c581-4d0d-abfe-fad8d47885a4,Health and Wellness,Fitness obstacle course races
jbn78tc1zx,e9ce3f86-3a6d-445b-b65f-3e711a8b98e6,Outdoor Activities,Hiking and nature walks
ji4i1iewak,e9ce3f86-3a6d-445b-b65f-3e711a8b98e6,Reading and Literature,"Non-fiction (biographies, history, self-help, psychology)"
p67zhbxh4z,35ab35ad-5ed2-4e26-bc9a-c49123bb28a6,Travel and Exploration,Cruise vacations and sailing adventures
jt35447vd8,478b87ed-bc00-4481-8e46-496740317174,Reading and Literature,"Fiction (novels, short stories, fantasy, science fiction)"
5oezlxd7x7,478b87ed-bc00-4481-8e46-496740317174,Travel and Exploration,Cruise vacations and sailing adventures
x5fqejpecz,09655322-124c-4513-8b6e-0b1f0060ea81,Reading and Literature,"Poetry and poetic forms (haiku, sonnets, free verse)"
qm9ff81x3y,f41f4c35-8d4b-4ad8-8687-880fca1933e6,Travel and Exploration,Road trips and exploring scenic routes
itw8h7zb91,b6b65202-d1e8-42bb-8762-22dfe657828d,Reading and Literature,Reading challenges and book clubs
zdrt4s0gl9,63c7c62c-a2c8-4036-929a-d12e07067949,Reading and Literature,"Poetry and poetic forms (haiku, sonnets, free verse)"
3d0kn9r1h4,63c7c62c-a2c8-4036-929a-d12e07067949,Reading and Literature,Audio books and storytelling podcasts
zbmzrw4uyw,f4686e78-cc16-4208-b09d-a41524ece694,Reading and Literature,Reading challenges and book clubs
mqqy8n1ggs,98847d12-abc5-4ba9-b9b1-4d153d214150,Health and Wellness,Fitness obstacle course races
8g404g7k46,98847d12-abc5-4ba9-b9b1-4d153d214150,Reading and Literature,Reading challenges and book clubs
4tshzat1jc,a9e78d99-7593-41db-bde5-35ec8df458a0,Travel and Exploration,Visiting new countries and cultures
pdz2h9lgfa,a9e78d99-7593-41db-bde5-35ec8df458a0,Travel and Exploration,Backpacking and adventure travel
xfnmdad0z1,a9e78d99-7593-41db-bde5-35ec8df458a0,Reading and Literature,Audio books and storytelling podcasts
oh831neqa7,7661e9e7-415f-4e74-9c25-98fcf23531fc,Reading and Literature,Audio books and storytelling podcasts
mi0ha91b5y,7661e9e7-415f-4e74-9c25-98fcf23531fc,Reading and Literature,"Non-fiction (biographies, history, self-help, psychology)"
ilzz2u6bvq,7661e9e7-415f-4e74-9c25-98fcf23531fc,Health and Wellness,Fitness obstacle course races
ogystgdlat,02ab2c2c-de2d-43e0-9171-0a096c632b21,Travel and Exploration,Road trips and exploring scenic routes
e624mvujty,8bb50e64-319d-4ba4-a083-1ab8ab321e1a,Travel and Exploration,Visiting new countries and cultures
bf9b1q3fqj,8bb50e64-319d-4ba4-a083-1ab8ab321e1a,Health and Wellness,Practicing mindfulness meditation
55412mhpft,d031584a-fe0e-40fb-83a6-3df2d3aaa4fb,Health and Wellness,Holistic health practices (acupuncture herbalism)
6zyzk3jl0i,d031584a-fe0e-40fb-83a6-3df2d3aaa4fb,Health and Wellness,Fitness obstacle course races
nb3mkc4yql,d031584a-fe0e-40fb-83a6-3df2d3aaa4fb,Outdoor Activities,Wilderness survival skills
n37vo8l4kn,9f5e6180-2877-4c37-b062-79819fbd3fe8,Health & Wellness,Nutrition planning meal prepping
5nqwoj2pw6,9f5e6180-2877-4c37-b062-79819fbd3fe8,Outdoor Activities,Hiking and nature walks
91nj7qvtr4,7bb08404-e6a2-445f-831f-8d4dd2aec50b,Travel and Exploration,Backpacking and adventure travel
lx0m2phy5f,7bb08404-e6a2-445f-831f-8d4dd2aec50b,Travel and Exploration,Urban exploration and historical tours
klkcoscszy,8acb0c3b-3f1d-4cf0-a8c7-317439539b2d,Travel and Exploration,Backpacking and adventure travel
qxygja2hl1,4007f3cc-335d-4d11-9168-59327830dc72,Reading and Literature,Reading challenges and book clubs
5tfpcy83ws,4007f3cc-335d-4d11-9168-59327830dc72,Travel and Exploration,Ecotourism and sustainable travel
9xa2pl1mnc,4007f3cc-335d-4d11-9168-59327830dc72,Travel and Exploration,Backpacking and adventure travel
h2qveaqy91,c807a3f2-6396-4d88-b805-bffbca59c273,Outdoor Activities,Wilderness survival skills
0g1z9sq5fk,c9ec84b2-9547-410f-847b-ea0908abf47f,Travel and Exploration,Backpacking and adventure travel
bfrj2fxif9,e7996cf1-c793-4bed-ad82-79f2ef3aa123,Outdoor Activities,Wilderness survival skills
imb9nboww5,e7996cf1-c793-4bed-ad82-79f2ef3aa123,Reading and Literature,Reading challenges and book clubs
v5e1nwnwap,e7996cf1-c793-4bed-ad82-79f2ef3aa123,Health and Wellness,Holistic health practices (acupuncture herbalism)
vj02v18fyd,cae7106e-d5d3-4d7e-9254-91fd198b8933,Outdoor Activities,Hiking and nature walks
4qhfhrdv6e,cae7106e-d5d3-4d7e-9254-91fd198b8933,Health and Wellness,Fitness obstacle course races
476rdeu8do,cae7106e-d5d3-4d7e-9254-91fd198b8933,Reading and Literature,Audio books and storytelling podcasts
5o1b0h59n7,052a6deb-e5e3-4548-a7e6-3d9b82add0c7,Reading and Literature,"Fiction (novels, short stories, fantasy, science fiction)"
kztosr8lmh,052a6deb-e5e3-4548-a7e6-3d9b82add0c7,Travel and Exploration,Road trips and exploring scenic routes
6gl4ru8b3f,d8ec0d18-ba43-4869-a0dd-85acb40a335a,Travel and Exploration,Cruise vacations and sailing adventures
vve3vgknau,d8ec0d18-ba43-4869-a0dd-85acb40a335a,Health & Wellness,Nutrition planning meal prepping
4ah9p1qhvu,d8ec0d18-ba43-4869-a0dd-85acb40a335a,Health and Wellness,Fitness obstacle course races
gp3dksghrn,1554f24b-a147-4e4b-86aa-20b3329de300,Reading and Literature,"Fiction (novels, short stories, fantasy, science fiction)"
v6hq74mu3m,1554f24b-a147-4e4b-86aa-20b3329de300,Health and Wellness,Practicing mindfulness meditation
5z3yz7ks9i,26b9f0cd-2c2a-43c8-9a32-ef21e3bb1776,Travel and Exploration,Urban exploration and historical tours
uiyqeas44i,26b9f0cd-2c2a-43c8-9a32-ef21e3bb1776,Travel and Exploration,Visiting new countries and cultures
t18md62w4e,7e02fa63-f7b6-4dda-806f-31c36408b74f,Health and Wellness,Practicing mindfulness meditation
yd8luvs5ic,7e02fa63-f7b6-4dda-806f-31c36408b74f,Reading and Literature,Reading challenges and book clubs
6vpaanrg9s,43b5435c-1302-42ea-bc27-5a10df2c1420,Health and Wellness,Yoga retreats wellness tourism
nic1bfzceb,43b5435c-1302-42ea-bc27-5a10df2c1420,Travel and Exploration,Ecotourism and sustainable travel
mwtioi7cg8,43b5435c-1302-42ea-bc27-5a10df2c1420,Health and Wellness,Practicing mindfulness meditation
amsj2h0g3q,f4b983ed-f7ef-4a0a-8806-85c22427952f,Travel and Exploration,Backpacking and adventure travel
filkqabhgj,4aaf9aec-b960-468e-b9cd-a94a2eaf6586,Health and Wellness,Fitness obstacle course races
zzmiqp7wn7,4aaf9aec-b960-468e-b9cd-a94a2eaf6586,Travel and Exploration,Backpacking and adventure travel
b6swjlqhpv,d0673a99-d7ab-44ca-8e85-f7254cf59d3a,Travel and Exploration,Road trips and exploring scenic routes
7xc4crxkev,608ac43e-ed0b-4f70-bbc4-3246df894656,Outdoor Activities,"Camping (tent camping, RV camping)"
lsfvyspo4t,36d51d5f-60c7-42ff-96ba-c9edf71147fd,Outdoor Activities,Wilderness survival skills
x2t0bssk04,36d51d5f-60c7-42ff-96ba-c9edf71147fd,Travel and Exploration,Ecotourism and sustainable travel
dfmnce4cvz,36d51d5f-60c7-42ff-96ba-c9edf71147fd,Reading and Literature,"Non-fiction (biographies, history, self-help, psychology)"
1stp73h1r6,479c6b6f-0d0d-46c7-9622-128775c0791a,Travel and Exploration,Urban exploration and historical tours
gciw2eljcc,c46770fa-5748-4e2a-bd83-c325ed7000aa,Health and Wellness,Practicing mindfulness meditation
i3pqdh3sng,40c38096-68d3-4360-bb66-9658179bc97a,Reading and Literature,"Fiction (novels, short stories, fantasy, science fiction)"
by1kvbynyf,40c38096-68d3-4360-bb66-9658179bc97a,Health and Wellness,Holistic health practices (acupuncture herbalism)
ipua7hy97t,40c38096-68d3-4360-bb66-9658179bc97a,Reading and Literature,"Poetry and poetic forms (haiku, sonnets, free verse)"
uio3lghsle,2bab1007-ad4b-4ae7-83b1-5d4cab2460d0,Outdoor Activities,Wilderness survival skills
2ijstnsm9s,2bab1007-ad4b-4ae7-83b1-5d4cab2460d0,Reading and Literature,"Poetry and poetic forms (haiku, sonnets, free verse)"
zqcc79w1hj,decd134d-3dcc-4947-a3fb-8d0aca66dbba,Health and Wellness,Practicing mindfulness meditation
3c646l349n,2df1fde1-8e0b-40d7-911a-5f2703edbd07,Health and Wellness,Fitness obstacle course races
ykvpqvyvmx,2df1fde1-8e0b-40d7-911a-5f2703edbd07,Travel and Exploration,Urban exploration and historical tours
dkc9kbvq5u,2df1fde1-8e0b-40d7-911a-5f2703edbd07,Travel and Exploration,Cruise vacations and sailing adventures
lz65xifebv,172da016-ddef-4b63-b164-cca07c1303a1,Reading and Literature,"Non-fiction (biographies, history, self-help, psychology)"
kai7l2dwfu,8f2df7e0-0708-4073-ae61-327d5c4e951a,Outdoor Activities,"Camping (tent camping, RV camping)"
4tq853tath,e0dbaaf1-dd2a-4196-aece-07fa798e361b,Travel and Exploration,Road trips and exploring scenic routes
jnaqw1de9b,e0dbaaf1-dd2a-4196-aece-07fa798e361b,Outdoor Activities,Wilderness survival skills
lxfay705k2,b8180c74-b691-4da9-9b25-48b3bc0ca0c3,Health & Wellness,Nutrition planning meal prepping
ei2v2k3ipg,265670dd-1041-4fdf-baa6-ed98ae563536,Outdoor Activities,Hiking and nature walks
ko88j3twzp,265670dd-1041-4fdf-baa6-ed98ae563536,Health and Wellness,Practicing mindfulness meditation
fp0wkoey5n,265670dd-1041-4fdf-baa6-ed98ae563536,Reading and Literature,Audio books and storytelling podcasts
bujbgu07f9,f268cfe0-5c55-4c0b-b63e-5bd4c014f2c2,Health & Wellness,Nutrition planning meal prepping
qcvb1axwgi,694bf2f6-1c9c-4db5-b143-70090ee6f10a,Health and Wellness,Holistic health practices (acupuncture herbalism)
czlveh439u,694bf2f6-1c9c-4db5-b143-70090ee6f10a,Outdoor Activities,"Camping (tent camping, RV camping)"
hb9cqspza9,426a591d-5875-4753-b0fe-1dc8ba65eeb3,Travel and Exploration,Cruise vacations and sailing adventures
h93nhv6t7o,426a591d-5875-4753-b0fe-1dc8ba65eeb3,Outdoor Activities,Hiking and nature walks
wcaxoa8oi5,ce25e312-a345-4cd4-8b9f-c428baa270e8,Travel and Exploration,Visiting new countries and cultures
5bws0gbz33,ce25e312-a345-4cd4-8b9f-c428baa270e8,Reading and Literature,Audio books and storytelling podcasts
t864mi1076,ce25e312-a345-4cd4-8b9f-c428baa270e8,Health and Wellness,Practicing mindfulness meditation
9cs5kk2pnt,2cb1e42f-5ea9-4c5f-bb4d-9e3a7e95fcb7,Outdoor Activities,"Camping (tent camping, RV camping)"
v5jzn0vsma,2cb1e42f-5ea9-4c5f-bb4d-9e3a7e95fcb7,Health and Wellness,Fitness obstacle course races
plr1f3ryr9,f5fa0f0d-8a02-45da-bc60-472b10c4acf2,Travel and Exploration,Backpacking and adventure travel
40452vnroy,c38240bf-f5f0-4643-ba26-3ba9f62f78cc,Travel and Exploration,Visiting new countries and cultures
96n1wj6s0n,c38240bf-f5f0-4643-ba26-3ba9f62f78cc,Health and Wellness,Holistic health practices (acupuncture herbalism)
gl2dqborrr,7c12c518-6ee5-408a-971a-11487f1d3245,Outdoor Activities,Hiking and nature walks
gjxtqglxhn,7c12c518-6ee5-408a-971a-11487f1d3245,Travel and Exploration,Ecotourism and sustainable travel
qvoiwvzw56,7c12c518-6ee5-408a-971a-11487f1d3245,Travel and Exploration,Visiting new countries and cultures
h2iqdd093y,1632dcbc-873d-4a5a-8d48-7040bca9d63f,Reading and Literature,"Non-fiction (biographies, history, self-help, psychology)"
9hv8idu6bz,1632dcbc-873d-4a5a-8d48-7040bca9d63f,Reading and Literature,Reading challenges and book clubs
tgwtndqtj5,3b5b26a3-da2f-4d97-8d86-0a05da881084,Reading and Literature,"Non-fiction (biographies, history, self-help, psychology)"
297q7gwo97,3b5b26a3-da2f-4d97-8d86-0a05da881084,Travel and Exploration,Visiting new countries and cultures
8pd1ulcbf9,b69cb89c-384e-41e2-8caa-30a597f1c06e,Health and Wellness,Practicing mindfulness meditation
ulae6ce1qb,b69cb89c-384e-41e2-8caa-30a597f1c06e,Reading and Literature,Literary analysis and book discussions
p1j368sq4u,cf4cdc7b-768c-4ae2-ac85-35c6c28148ec,Reading and Literature,Reading challenges and book clubs
722mbx37er,cf4cdc7b-768c-4ae2-ac85-35c6c28148ec,Travel and Exploration,Road trips and exploring scenic routes
1induefqqp,cf4cdc7b-768c-4ae2-ac85-35c6c28148ec,Reading and Literature,Audio books and storytelling podcasts
cbtc9ok45h,0fa00d8a-b92e-4dfd-bc82-bb3fad502ea6,Reading and Literature,"Poetry and poetic forms (haiku, sonnets, free verse)"
stimxmwion,0fa00d8a-b92e-4dfd-bc82-bb3fad502ea6,Travel and Exploration,Road trips and exploring scenic routes
8g1ktq8bvs,49ea7e79-f1e1-42dc-a8de-75ac8fe5528c,Reading and Literature,"Poetry and poetic forms (haiku, sonnets, free verse)"
o5qucm0wgc,49ea7e79-f1e1-42dc-a8de-75ac8fe5528c,Health & Wellness,Nutrition planning meal prepping
uneiviv0ep,e549621f-3d78-41a6-b788-2cc4e3e2b0ca,Travel and Exploration,Backpacking and adventure travel
4xfbce719x,e036cc5b-c0e2-4d81-9b6e-360a3a7811e4,Health & Wellness,Nutrition planning meal prepping
0boq69kxtx,e036cc5b-c0e2-4d81-9b6e-360a3a7811e4,Outdoor Activities,Wilderness survival skills
0jzor7d3iv,e036cc5b-c0e2-4d81-9b6e-360a3a7811e4,Travel and Exploration,Urban exploration and historical tours
n99z50svck,b0bec2b5-c107-48ed-997e-9c82562e9075,Travel and Exploration,Urban exploration and historical tours
3sdvry728k,b0bec2b5-c107-48ed-997e-9c82562e9075,Health and Wellness,Fitness obstacle course races
e2t9v0s3d8,99d27ff8-de63-4e35-9bc9-6b84074e871f,Health and Wellness,Holistic health practices (acupuncture herbalism)
vloo6l71s2,99d27ff8-de63-4e35-9bc9-6b84074e871f,Health and Wellness,Fitness obstacle course races
qe67c3krt7,99d27ff8-de63-4e35-9bc9-6b84074e871f,Travel and Exploration,Ecotourism and sustainable travel
msxj1mz7f4,3b7e1004-06b8-4423-88ba-a8c4341f5524,Health and Wellness,Yoga retreats wellness tourism
m43txqy4m8,3b7e1004-06b8-4423-88ba-a8c4341f5524,Travel and Exploration,Road trips and exploring scenic routes
xkul5msz6z,2af08dc5-2364-4459-9276-ca39118849d0,Travel and Exploration,Backpacking and adventure travel
yu2g3zx8ii,2af08dc5-2364-4459-9276-ca39118849d0,Reading and Literature,Audio books and storytelling podcasts
dsg56nqfxw,64c75673-577f-4a4e-b5e5-6ad274e0b3db,Travel and Exploration,Backpacking and adventure travel
eexitw3i9k,64c75673-577f-4a4e-b5e5-6ad274e0b3db,Reading and Literature,Literary analysis and book discussions
413cgotbiy,1809b272-9382-4618-8ed6-81a5ba018515,Health and Wellness,Yoga retreats wellness tourism
t6dngsia95,4e177674-a34b-4d6a-b2d9-19c12c2dfc8f,Reading and Literature,Reading challenges and book clubs
buo8vo8syw,3a95af1d-850b-4818-a379-f5d12f7a9181,Travel and Exploration,Visiting new countries and cultures
xz9qmjmq3s,dbd1d3ed-44ac-43c9-b5d1-dd62d4f7368f,Health & Wellness,Nutrition planning meal prepping
ccdvzlyg05,dbd1d3ed-44ac-43c9-b5d1-dd62d4f7368f,Reading and Literature,Literary analysis and book discussions
prw0ppa4dp,dbd1d3ed-44ac-43c9-b5d1-dd62d4f7368f,Travel and Exploration,Backpacking and adventure travel
b5ww9r9wll,2979915f-f894-4008-87f6-75f3ac03106e,Travel and Exploration,Urban exploration and historical tours
4t53nuuh9b,2979915f-f894-4008-87f6-75f3ac03106e,Health and Wellness,Holistic health practices (acupuncture herbalism)
7xh45ei6ey,2979915f-f894-4008-87f6-75f3ac03106e,Reading and Literature,"Non-fiction (biographies, history, self-help, psychology)"
7p6r4nmssd,9bba45f3-78cd-45bb-b413-66e6cbbb716f,Travel and Exploration,Ecotourism and sustainable travel
rvq65ba0rk,2250c4e5-bce0-49b0-b9cf-f4c86cb57e6b,Health and Wellness,Fitness obstacle course races
7i597jk22e,2250c4e5-bce0-49b0-b9cf-f4c86cb57e6b,Reading and Literature,"Non-fiction (biographies, history, self-help, psychology)"
27shnyytx9,2250c4e5-bce0-49b0-b9cf-f4c86cb57e6b,Travel and Exploration,Cruise vacations and sailing adventures
tca21kw7jz,c70fd9af-a1fb-4cb5-a531-3a204e9715b5,Health and Wellness,Holistic health practices (acupuncture herbalism)
xiol6zaxa3,c70fd9af-a1fb-4cb5-a531-3a204e9715b5,Health and Wellness,Practicing mindfulness meditation
s2nxwatbiq,e6fb5a7b-29d1-4c42-9116-9d7e3903ff1a,Travel and Exploration,Visiting new countries and cultures
i7r9354tuw,e6fb5a7b-29d1-4c42-9116-9d7e3903ff1a,Outdoor Activities,"Camping (tent camping, RV camping)"
pual8yy9qx,083b4153-5acd-4bcc-9fe2-62b22a964279,Reading and Literature,"Fiction (novels, short stories, fantasy, science fiction)"
nrugtjyygt,083b4153-5acd-4bcc-9fe2-62b22a964279,Travel and Exploration,Road trips and exploring scenic routes
ulovzftqe6,decece81-bba0-4910-a795-e6cad31e6d8d,Reading and Literature,Audio books and storytelling podcasts
77zn29qgxr,ccf55cda-2fbf-4629-a215-31f0bbac2c9b,Reading and Literature,Literary analysis and book discussions
k4kmlquzfs,ccf55cda-2fbf-4629-a215-31f0bbac2c9b,Travel and Exploration,Road trips and exploring scenic routes
5ct2wlwti9,ccf55cda-2fbf-4629-a215-31f0bbac2c9b,Outdoor Activities,Hiking and nature walks
izdwbgigp9,c90833c0-4806-48ff-94cc-8b429bd9bd7a,Travel and Exploration,Visiting new countries and cultures
7ua736wajn,3b421b6d-a37a-4340-b27d-1d89dfa370f9,Health and Wellness,Holistic health practices (acupuncture herbalism)
wgeily9cuh,3b421b6d-a37a-4340-b27d-1d89dfa370f9,Travel and Exploration,Cruise vacations and sailing adventures
8zkuflvi6p,3b421b6d-a37a-4340-b27d-1d89dfa370f9,Travel and Exploration,Ecotourism and sustainable travel
727to0ecsg,e1270a63-46e8-4e6c-89d0-b0658a875af5,Travel and Exploration,Road trips and exploring scenic routes
0liu93j37s,e1270a63-46e8-4e6c-89d0-b0658a875af5,Reading and Literature,Literary analysis and book discussions
wlx2dnby5n,f3809729-a159-43f7-bae4-98db5ee4b5ec,Health and Wellness,Holistic health practices (acupuncture herbalism)
batgqypy76,ba3c1351-1299-4e46-b9cc-1c94b08ec5cd,Health and Wellness,Fitness obstacle course races
1c3cr1l9ot,ba3c1351-1299-4e46-b9cc-1c94b08ec5cd,Reading and Literature,"Non-fiction (biographies, history, self-help, psychology)"
el022k8p2h,ba3c1351-1299-4e46-b9cc-1c94b08ec5cd,Travel and Exploration,Cruise vacations and sailing adventures
a13ip0w2f2,bcf792e1-8985-42fe-93f3-cf64f4e6f438,Outdoor Activities,Wilderness survival skills
2ea5zxcfs0,bcf792e1-8985-42fe-93f3-cf64f4e6f438,Travel and Exploration,Visiting new countries and cultures
qxas0u71z8,bcf792e1-8985-42fe-93f3-cf64f4e6f438,Travel and Exploration,Road trips and exploring scenic routes
njmgvhs8v5,70605461-68fe-46da-a8cd-a9be58563b12,Reading and Literature,"Non-fiction (biographies, history, self-help, psychology)"
ag1t1ybm62,70605461-68fe-46da-a8cd-a9be58563b12,Outdoor Activities,Wilderness survival skills
k3o3ccr6nv,34c3c4fd-a4d1-4f06-b4e7-47efda2402c6,Travel and Exploration,Cruise vacations and sailing adventures
ouzm8njvz4,d7eeceb9-64ef-482e-8bc9-2b14bd4081f7,Reading and Literature,"Non-fiction (biographies, history, self-help, psychology)"
6ctu4v6hzs,bb474d83-e0bf-4b9d-8be1-a581e6a4b6ec,Health and Wellness,Fitness obstacle course races
wgiia1ytll,61bf640d-ef78-49cc-bb4f-c9d045902a58,Outdoor Activities,Wilderness survival skills
yvrtkmuom6,61bf640d-ef78-49cc-bb4f-c9d045902a58,Health and Wellness,Holistic health practices (acupuncture herbalism)
fumpajju9n,404da108-b23e-49d4-b688-ef6cd27efdb1,Travel and Exploration,Urban exploration and historical tours
wdxcs5gnj7,b8de4927-08a5-477c-bc26-cf408883f004,Travel and Exploration,Ecotourism and sustainable travel
5h5mqa9rcw,b8de4927-08a5-477c-bc26-cf408883f004,Outdoor Activities,"Camping (tent camping, RV camping)"
2lmfuf4d4c,4b5f52f1-9647-4b96-89ac-08676aab1999,Health and Wellness,Yoga retreats wellness tourism
gib3dgve0o,4b5f52f1-9647-4b96-89ac-08676aab1999,Reading and Literature,"Poetry and poetic forms (haiku, sonnets, free verse)"
nrc45nej3h,c61df8a4-9549-4b87-9830-b7914e71bf36,Travel and Exploration,Urban exploration and historical tours
n2r1yqde5n,c61df8a4-9549-4b87-9830-b7914e71bf36,Travel and Exploration,Backpacking and adventure travel
sd8rwvyke8,e38b3e51-b215-431d-a6ae-7dd14c91717e,Reading and Literature,Audio books and storytelling podcasts
qi2s6mvion,e38b3e51-b215-431d-a6ae-7dd14c91717e,Travel and Exploration,Cruise vacations and sailing adventures
d0rjuwt58v,e38b3e51-b215-431d-a6ae-7dd14c91717e,Travel and Exploration,Road trips and exploring scenic routes
59o3qa7lnk,d59ea746-e298-403b-8b1c-11638364dc4d,Outdoor Activities,Wilderness survival skills
q3zaxw4y3d,388b3e25-9421-4fe7-8eb2-8b2025274a39,Health and Wellness,Yoga retreats wellness tourism
sf9awxkmwx,5bfa193e-3b6a-4d5f-a14d-0d336056f764,Outdoor Activities,Wilderness survival skills
ouuwomp7ms,5bfa193e-3b6a-4d5f-a14d-0d336056f764,Travel and Exploration,Visiting new countries and cultures
exwdqznc8d,415cae62-984a-4225-ac45-842a3182ecb2,Reading and Literature,"Poetry and poetic forms (haiku, sonnets, free verse)"
wnjr83vt1i,415cae62-984a-4225-ac45-842a3182ecb2,Health and Wellness,Yoga retreats wellness tourism
8phfp5f4ms,7a38a96f-33d0-4605-8fa0-5f3bd817c466,Outdoor Activities,"Camping (tent camping, RV camping)"
9p9xj2nnyk,a596d5b0-d812-4ca3-963f-bb41db247e15,Health and Wellness,Fitness obstacle course races
l25lchkbua,a596d5b0-d812-4ca3-963f-bb41db247e15,Health and Wellness,Holistic health practices (acupuncture herbalism)
yluklr62a5,dee2ce38-e75a-40c7-acad-94db96f87e84,Travel and Exploration,Backpacking and adventure travel
vdiuwmgyzj,21222686-3647-4697-89d5-4686d32c3503,Health and Wellness,Practicing mindfulness meditation
nrodv2aeu9,21222686-3647-4697-89d5-4686d32c3503,Reading and Literature,Audio books and storytelling podcasts
4m2zz9u3q8,21222686-3647-4697-89d5-4686d32c3503,Outdoor Activities,"Camping (tent camping, RV camping)"
vghe535tpx,416fb38f-a344-4b39-ab96-261f5d126fc9,Outdoor Activities,Wilderness survival skills
l4ygxqvlf6,416fb38f-a344-4b39-ab96-261f5d126fc9,Travel and Exploration,Visiting new countries and cultures
w7p0sr6rtg,7ae3254e-4697-446f-a696-1e4820cef49b,Reading and Literature,Reading challenges and book clubs
75djt3p3cc,1ddf3108-4cbb-47d6-bd6c-eba7931a856d,Health and Wellness,Holistic health practices (acupuncture herbalism)
qpwzn59x2v,1ddf3108-4cbb-47d6-bd6c-eba7931a856d,Reading and Literature,"Non-fiction (biographies, history, self-help, psychology)"
7ytrkge4sb,67a34fb7-f44e-4445-b9b5-3a84b3bef7eb,Reading and Literature,"Poetry and poetic forms (haiku, sonnets, free verse)"
6arluvuspu,55894235-15d5-4795-8467-277e6a4aa5d3,Outdoor Activities,"Camping (tent camping, RV camping)"
lor1b19jin,349a2673-773e-4f72-9bf0-5d12812b83c3,Reading and Literature,"Fiction (novels, short stories, fantasy, science fiction)"
iq017mumcv,349a2673-773e-4f72-9bf0-5d12812b83c3,Travel and Exploration,Cruise vacations and sailing adventures
llq9u5fcts,8b261ea0-c361-4193-8541-0b50268d2136,Travel and Exploration,Ecotourism and sustainable travel
2ooxln7l39,8b261ea0-c361-4193-8541-0b50268d2136,Travel and Exploration,Urban exploration and historical tours
pul5woxnj6,8b261ea0-c361-4193-8541-0b50268d2136,Travel and Exploration,Road trips and exploring scenic routes
j5y7qil3wx,ffa95ec2-5546-4bef-b196-cb9cd63820c7,Outdoor Activities,Hiking and nature walks
vuic4pjydw,2dda8be8-0ac6-4ff2-ad09-fcbc3fbf92f2,Health and Wellness,Fitness obstacle course races
d6e8ctusl9,81e7ea78-d24a-4a28-9a03-4d3aaa986b53,Travel and Exploration,Road trips and exploring scenic routes
x81dt9r90q,a0b1b591-af24-4c30-8cdd-1e31ce22962c,Outdoor Activities,Wilderness survival skills
p2bjis6iyj,a0b1b591-af24-4c30-8cdd-1e31ce22962c,Reading and Literature,"Non-fiction (biographies, history, self-help, psychology)"
z00ru6hmta,a0b1b591-af24-4c30-8cdd-1e31ce22962c,Health and Wellness,Practicing mindfulness meditation
wnsw8ygwyp,48879151-aaa7-4735-b854-a598a0e62f60,Travel and Exploration,Cruise vacations and sailing adventures
51a3kxo35u,48879151-aaa7-4735-b854-a598a0e62f60,Health & Wellness,Nutrition planning meal prepping
hz3nd8kgl0,48879151-aaa7-4735-b854-a598a0e62f60,Reading and Literature,"Fiction (novels, short stories, fantasy, science fiction)"
s15atl719f,5d105a05-c355-4704-ac43-81e0b06b0d53,Outdoor Activities,"Camping (tent camping, RV camping)"
jwvh6c7dxb,5d105a05-c355-4704-ac43-81e0b06b0d53,Reading and Literature,Audio books and storytelling podcasts
1zifxm07yu,e1665060-8238-415b-8637-6f0a8ee0fdf4,Travel and Exploration,Backpacking and adventure travel
8ixmjyjbqv,e1665060-8238-415b-8637-6f0a8ee0fdf4,Health & Wellness,Nutrition planning meal prepping
k6cv7hudyx,e1665060-8238-415b-8637-6f0a8ee0fdf4,Outdoor Activities,Wilderness survival skills
619dmninsv,76d05281-0f52-4027-829f-74dfe9ddd5d8,Health and Wellness,Fitness obstacle course races
6u4p9nb2cs,76d05281-0f52-4027-829f-74dfe9ddd5d8,Travel and Exploration,Road trips and exploring scenic routes
2hqjaozb2o,08b688ff-5974-463c-8d73-78b65024ed33,Health & Wellness,Nutrition planning meal prepping
udlakffn58,08b688ff-5974-463c-8d73-78b65024ed33,Reading and Literature,Literary analysis and book discussions
zdms2xqju3,b542fce5-de2a-4030-87ac-2638d5f94818,Health and Wellness,Yoga retreats wellness tourism
yw8kzs07qm,b542fce5-de2a-4030-87ac-2638d5f94818,Health and Wellness,Practicing mindfulness meditation
z3cobp3w13,b542fce5-de2a-4030-87ac-2638d5f94818,Travel and Exploration,Ecotourism and sustainable travel
i1clcvl0ss,211d1bb7-9ca0-4b9d-bf17-4e2223fc2cb5,Travel and Exploration,Ecotourism and sustainable travel
igz9dnk2mn,211d1bb7-9ca0-4b9d-bf17-4e2223fc2cb5,Reading and Literature,Literary analysis and book discussions
3un8mxfd6n,0609ae86-5c1f-41fd-acb5-2ddcd9efd0e1,Health and Wellness,Yoga retreats wellness tourism
ybgab0pnxa,0609ae86-5c1f-41fd-acb5-2ddcd9efd0e1,Outdoor Activities,Hiking and nature walks
6q797oyce0,0609ae86-5c1f-41fd-acb5-2ddcd9efd0e1,Travel and Exploration,Urban exploration and historical tours
semj5uztit,18366e0a-d82e-485e-8dde-059e6463051d,Health and Wellness,Holistic health practices (acupuncture herbalism)
3q1lkkos0q,18366e0a-d82e-485e-8dde-059e6463051d,Outdoor Activities,"Camping (tent camping, RV camping)"
em0n0gm8bd,e46e3a05-911f-4d33-a78c-7cd9c8d40973,Outdoor Activities,Wilderness survival skills
synhjgycrl,e46e3a05-911f-4d33-a78c-7cd9c8d40973,Health & Wellness,Nutrition planning meal prepping
mr3v3yogsh,e46e3a05-911f-4d33-a78c-7cd9c8d40973,Reading and Literature,Audio books and storytelling podcasts
xznm24yja2,4feb4ba5-a1ab-44fa-ac85-c034e091192a,Health and Wellness,Practicing mindfulness meditation
b7h3hr81kv,4feb4ba5-a1ab-44fa-ac85-c034e091192a,Travel and Exploration,Urban exploration and historical tours
ofbjoplaui,4feb4ba5-a1ab-44fa-ac85-c034e091192a,Outdoor Activities,Wilderness survival skills
44eivtaf8k,2af29d54-cb95-484d-a9ed-328441274a6c,Health and Wellness,Fitness obstacle course races
eo7glyhe2g,2af29d54-cb95-484d-a9ed-328441274a6c,Reading and Literature,Literary analysis and book discussions
r5hag51to4,aefd6b1e-55bf-4eaf-a289-daaa87706670,Health and Wellness,Holistic health practices (acupuncture herbalism)
y232ehs289,4925adfe-cb8c-402c-a7c6-f57bea9ef339,Travel and Exploration,Visiting new countries and cultures
mbtvskacxh,4925adfe-cb8c-402c-a7c6-f57bea9ef339,Travel and Exploration,Urban exploration and historical tours
ccqhz42c4d,b1e1956f-70cf-469e-a4e5-a80c078f34a1,Travel and Exploration,Road trips and exploring scenic routes
ztintekm1i,b1e1956f-70cf-469e-a4e5-a80c078f34a1,Reading and Literature,Literary analysis and book discussions
qrijb4anng,b1e1956f-70cf-469e-a4e5-a80c078f34a1,Outdoor Activities,"Camping (tent camping, RV camping)"
tuk1j26gi9,e6026991-342a-4a96-8aa2-18f1088190d1,Health & Wellness,Nutrition planning meal prepping
12c3us1pv5,a92ecca8-4b68-486a-8c7a-00003753544f,Outdoor Activities,Wilderness survival skills
6kqvid264h,a92ecca8-4b68-486a-8c7a-00003753544f,Travel and Exploration,Visiting new countries and cultures
gy3z62ugzz,8e5db93d-c20d-4a44-b7fb-f88f99349202,Reading and Literature,"Fiction (novels, short stories, fantasy, science fiction)"
dsybg0yv6j,8e5db93d-c20d-4a44-b7fb-f88f99349202,Travel and Exploration,Urban exploration and historical tours
mxlapqju8h,7fc9b593-1856-45ba-9057-e58b0c301926,Outdoor Activities,"Camping (tent camping, RV camping)"
3vnujot3l3,7fc9b593-1856-45ba-9057-e58b0c301926,Reading and Literature,"Poetry and poetic forms (haiku, sonnets, free verse)"
nqt6kjbgf1,aad74700-3fde-46a4-935a-7ed20fc0c5ed,Health & Wellness,Nutrition planning meal prepping
ccz47u2b7w,3561aa9d-9ade-4191-a00e-bebed2de42c2,Health and Wellness,Practicing mindfulness meditation
u8rpmyh57i,3561aa9d-9ade-4191-a00e-bebed2de42c2,Reading and Literature,Literary analysis and book discussions
xlkqecexav,3561aa9d-9ade-4191-a00e-bebed2de42c2,Reading and Literature,"Non-fiction (biographies, history, self-help, psychology)"
kvxal1fipb,c88b5fdd-4fa9-4821-a021-a9a305ae1056,Health & Wellness,Nutrition planning meal prepping
b2iwa8mlbb,c88b5fdd-4fa9-4821-a021-a9a305ae1056,Health and Wellness,Fitness obstacle course races
6cna96adk7,a6fa0b16-7669-40da-9d57-6c88b93f0b23,Reading and Literature,"Fiction (novels, short stories, fantasy, science fiction)"
mzd0k0go4z,a6fa0b16-7669-40da-9d57-6c88b93f0b23,Reading and Literature,Literary analysis and book discussions
pcvf9ndc1x,48b937a2-34e0-440f-8f38-b0a9952bf3ae,Travel and Exploration,Road trips and exploring scenic routes
0nniiz2w57,48b937a2-34e0-440f-8f38-b0a9952bf3ae,Travel and Exploration,Backpacking and adventure travel
15f9bujtex,f9393eab-3e53-4fdb-b583-37524b0c6004,Reading and Literature,"Poetry and poetic forms (haiku, sonnets, free verse)"
r7glcwebw8,f9393eab-3e53-4fdb-b583-37524b0c6004,Health & Wellness,Nutrition planning meal prepping
ndms28c0ey,fc96e975-d058-4613-9b38-b9b36cad8b80,Reading and Literature,"Non-fiction (biographies, history, self-help, psychology)"
9v0wdzmrh7,fc96e975-d058-4613-9b38-b9b36cad8b80,Travel and Exploration,Urban exploration and historical tours
7spt66o2p4,92cf1336-cd2e-4592-8c03-7c820cc41148,Reading and Literature,Reading challenges and book clubs
onbzi2pbz0,92cf1336-cd2e-4592-8c03-7c820cc41148,Reading and Literature,Literary analysis and book discussions
g56m1ar79x,92cf1336-cd2e-4592-8c03-7c820cc41148,Health and Wellness,Yoga retreats wellness tourism
20ti3p7ixw,7cc12922-61e0-4678-8f50-b7dcd02ba022,Reading and Literature,Audio books and storytelling podcasts
iq02bt8kzb,7cc12922-61e0-4678-8f50-b7dcd02ba022,Travel and Exploration,Visiting new countries and cultures
lvei0uz8vz,7cc12922-61e0-4678-8f50-b7dcd02ba022,Outdoor Activities,Hiking and nature walks
urvo3c0yrv,30f6c0e7-913b-4e0f-9330-408e30e46a0f,Reading and Literature,"Non-fiction (biographies, history, self-help, psychology)"
3ywczc1doh,30f6c0e7-913b-4e0f-9330-408e30e46a0f,Reading and Literature,Audio books and storytelling podcasts
9a4l0533ta,c382a45a-acd9-497d-bfe5-1d12336590c8,Health and Wellness,Yoga retreats wellness tourism
3y6o40uyvn,36c66176-2913-4faf-80df-7e4ca59c7ec5,Travel and Exploration,Backpacking and adventure travel
xv2vu0mj9b,36c66176-2913-4faf-80df-7e4ca59c7ec5,Outdoor Activities,Wilderness survival skills
amjecls7b4,36c66176-2913-4faf-80df-7e4ca59c7ec5,Reading and Literature,Reading challenges and book clubs
u0htfgtd67,17fba6ec-64f9-45e9-a1a2-c1d09b9cf99d,Health and Wellness,Fitness obstacle course races
v0q0pdyuc7,b97d760c-08e1-4e81-8335-d9a57c1ab1a7,Reading and Literature,"Poetry and poetic forms (haiku, sonnets, free verse)"
m4s4p1dl8r,b97d760c-08e1-4e81-8335-d9a57c1ab1a7,Reading and Literature,"Non-fiction (biographies, history, self-help, psychology)"
d6o5k7j3pl,b97d760c-08e1-4e81-8335-d9a57c1ab1a7,Travel and Exploration,Urban exploration and historical tours
r89bue5wms,4b62745f-79af-4d98-95c4-4ffb0e5d6766,Travel and Exploration,Road trips and exploring scenic routes
uw5ov4ghxf,4b62745f-79af-4d98-95c4-4ffb0e5d6766,Reading and Literature,Audio books and storytelling podcasts
0n3l2nctzr,c14a6db3-7da9-45de-8432-409f5dce336a,Health and Wellness,Holistic health practices (acupuncture herbalism)
2kwpvuh4gh,c14a6db3-7da9-45de-8432-409f5dce336a,Travel and Exploration,Visiting new countries and cultures
v2qyfzb02k,c14a6db3-7da9-45de-8432-409f5dce336a,Reading and Literature,"Non-fiction (biographies, history, self-help, psychology)"
36iw7v4h91,4685f91f-2cf3-4204-aa37-53b49d682248,Travel and Exploration,Visiting new countries and cultures
0heuniu4zn,4685f91f-2cf3-4204-aa37-53b49d682248,Outdoor Activities,Wilderness survival skills
xznjtkmgye,7ccb45c1-0263-4057-856d-605ee6cc6bc9,Health and Wellness,Fitness obstacle course races
g8qzo3lmg6,7ccb45c1-0263-4057-856d-605ee6cc6bc9,Travel and Exploration,Urban exploration and historical tours
vrx7dzpf0f,7ccb45c1-0263-4057-856d-605ee6cc6bc9,Outdoor Activities,Wilderness survival skills
jfak38g6ww,b8f32d65-6eec-48b2-ab12-70dba39c32a4,Reading and Literature,"Fiction (novels, short stories, fantasy, science fiction)"
yhcmy174mt,b8f32d65-6eec-48b2-ab12-70dba39c32a4,Reading and Literature,Reading challenges and book clubs
r658n0s1bd,5842e994-9a95-4b66-94e1-02fac0214bfa,Reading and Literature,Reading challenges and book clubs
zxsjfujj4s,5842e994-9a95-4b66-94e1-02fac0214bfa,Reading and Literature,"Fiction (novels, short stories, fantasy, science fiction)"
n98zcx3f7a,a27f0096-a6ec-4db7-a0b6-231e95621a95,Health and Wellness,Yoga retreats wellness tourism
3xwxtgltw4,a27f0096-a6ec-4db7-a0b6-231e95621a95,Outdoor Activities,"Camping (tent camping, RV camping)"
6s7a0f9qpy,11cfd38d-41bb-4c28-ab9a-01de42032155,Travel and Exploration,Ecotourism and sustainable travel
ykrsi8rjg4,11cfd38d-41bb-4c28-ab9a-01de42032155,Outdoor Activities,Hiking and nature walks
qohrxtppnh,aedaa2df-395c-4d65-a622-d5ce3361a4a6,Travel and Exploration,Backpacking and adventure travel
mpv1j8auxy,004f1a5a-796e-4d24-92f5-663c0c7fb445,Travel and Exploration,Road trips and exploring scenic routes
bphgzuj6zi,004f1a5a-796e-4d24-92f5-663c0c7fb445,Travel and Exploration,Backpacking and adventure travel
cesf4yyzhv,9e728378-f32e-4e1b-a56e-c5104d8417f7,Travel and Exploration,Backpacking and adventure travel
8j13mo3mkk,ee3b4bad-11db-4c5a-9611-bfc2cb6cf173,Reading and Literature,Audio books and storytelling podcasts
v1b69xev6y,d0c3d899-de29-4074-bf7d-abb46da20767,Health and Wellness,Yoga retreats wellness tourism
3xjdbpukrt,d0c3d899-de29-4074-bf7d-abb46da20767,Travel and Exploration,Visiting new countries and cultures
i4303naarq,2b8725b7-b7fb-4723-9966-dc6e7c233ca6,Reading and Literature,Reading challenges and book clubs
h54qyjj02z,e1d3536e-2db5-42e1-922f-c6b4ad8484d6,Health and Wellness,Practicing mindfulness meditation
7p7837fjh8,e1d3536e-2db5-42e1-922f-c6b4ad8484d6,Travel and Exploration,Backpacking and adventure travel
67knvesuqp,e1d3536e-2db5-42e1-922f-c6b4ad8484d6,Travel and Exploration,Visiting new countries and cultures
qeq27bn8z1,c6a440d4-ce48-476e-9ab2-41a32aa8ddcc,Health & Wellness,Nutrition planning meal prepping
86lukv7ov4,c6a440d4-ce48-476e-9ab2-41a32aa8ddcc,Travel and Exploration,Cruise vacations and sailing adventures
nfyd11vjce,3b6fed1d-d565-4ac0-9e7e-aef281446bef,Travel and Exploration,Road trips and exploring scenic routes
uxa3ybgxj7,224f91b5-0f6a-49ca-b9c6-6314e96c5636,Travel and Exploration,Visiting new countries and cultures
7lrrwkvjca,224f91b5-0f6a-49ca-b9c6-6314e96c5636,Health and Wellness,Fitness obstacle course races
p5w69cm0yj,2ed86b15-7378-465e-ba18-ed252848712c,Travel and Exploration,Ecotourism and sustainable travel
sbxyylibhk,2ed86b15-7378-465e-ba18-ed252848712c,Outdoor Activities,Wilderness survival skills
zpmmcacibk,5dd9057c-180f-40d3-b8aa-fa1548c839fd,Health & Wellness,Nutrition planning meal prepping
esj6ikf985,5dd9057c-180f-40d3-b8aa-fa1548c839fd,Reading and Literature,Reading challenges and book clubs
8hroi64i1u,805c1ee8-d582-4aff-af64-35e837af444d,Health and Wellness,Fitness obstacle course races
zf0b1q2dxf,36d78e8a-1f35-4b90-8d88-36086c1d12f6,Reading and Literature,Literary analysis and book discussions
1dkppp8ff7,36d78e8a-1f35-4b90-8d88-36086c1d12f6,Travel and Exploration,Ecotourism and sustainable travel
3o1p9kszqn,36d78e8a-1f35-4b90-8d88-36086c1d12f6,Travel and Exploration,Cruise vacations and sailing adventures
399m3fi8oi,22a6670c-8b34-4ebb-9d08-02b2c7fc97e7,Travel and Exploration,Ecotourism and sustainable travel
wn880uyos0,22a6670c-8b34-4ebb-9d08-02b2c7fc97e7,Reading and Literature,Audio books and storytelling podcasts
ycsfc0m5g9,22a6670c-8b34-4ebb-9d08-02b2c7fc97e7,Reading and Literature,"Non-fiction (biographies, history, self-help, psychology)"
f4wjpy7uop,16f560ac-76bc-449e-9474-395fb322505c,Health & Wellness,Nutrition planning meal prepping
8h4fdxzty7,769606be-a02d-44f5-a557-6884d2fa1729,Reading and Literature,Audio books and storytelling podcasts
lm7adv3kdy,769606be-a02d-44f5-a557-6884d2fa1729,Health and Wellness,Fitness obstacle course races
ipamdysbr8,1e0a5d81-0624-426e-b9ff-77be3edd8dbf,Reading and Literature,Reading challenges and book clubs
5xqz7ly295,756e8866-cb0a-44a8-81bc-f9ed445d29f2,Outdoor Activities,Wilderness survival skills
j4o4kpt0pl,37f5df2c-d9d7-45e5-9161-baa79b30784f,Health & Wellness,Nutrition planning meal prepping
n4upgzrd95,498e29e4-8ff9-455e-9d07-cafab0c11403,Travel and Exploration,Road trips and exploring scenic routes
q5cvct8rue,498e29e4-8ff9-455e-9d07-cafab0c11403,Reading and Literature,Audio books and storytelling podcasts
fg0zpvozbo,67361d60-6e28-47b1-898f-8121f4a432dc,Outdoor Activities,Hiking and nature walks
i4obuhc7eh,a45aa294-65f2-4a46-95fe-7383c8eb35a0,Travel and Exploration,Urban exploration and historical tours
ltn2a7g42h,a45aa294-65f2-4a46-95fe-7383c8eb35a0,Reading and Literature,Audio books and storytelling podcasts
pfdoj0mz8j,d7f939be-8652-4c15-9838-cc4a9f665f94,Travel and Exploration,Urban exploration and historical tours
yti271zh0g,3b92171d-dae9-4b13-8567-c8439b929e43,Travel and Exploration,Road trips and exploring scenic routes
kxnaaesk8o,3b92171d-dae9-4b13-8567-c8439b929e43,Travel and Exploration,Urban exploration and historical tours
muasalkhvi,3b92171d-dae9-4b13-8567-c8439b929e43,Travel and Exploration,Visiting new countries and cultures
7iiw0qcbbt,5397bf90-6ce5-4dc3-afb6-22392306f017,Travel and Exploration,Backpacking and adventure travel
23qtg9tt93,3404f2db-9f6c-4919-b75a-2e033364000f,Reading and Literature,"Poetry and poetic forms (haiku, sonnets, free verse)"
v3oxolu87u,22aa7ff0-91cd-42aa-8a8f-66d4ed7544c6,Travel and Exploration,Ecotourism and sustainable travel
uyfj3jrx5p,22aa7ff0-91cd-42aa-8a8f-66d4ed7544c6,Reading and Literature,"Poetry and poetic forms (haiku, sonnets, free verse)"
3lh27awlyq,22aa7ff0-91cd-42aa-8a8f-66d4ed7544c6,Health and Wellness,Yoga retreats wellness tourism
m61viq554z,be63cf09-ced1-4ba3-8441-ad7f90b68307,Travel and Exploration,Cruise vacations and sailing adventures
yblbk61ti4,be63cf09-ced1-4ba3-8441-ad7f90b68307,Reading and Literature,"Non-fiction (biographies, history, self-help, psychology)"
kak6tk8xju,e9646556-1728-4b6b-aeb9-4174c9fea8c2,Travel and Exploration,Road trips and exploring scenic routes
vnq9ne36s6,e9646556-1728-4b6b-aeb9-4174c9fea8c2,Outdoor Activities,Hiking and nature walks
46u1nfjyat,bc4112a1-243e-4cd6-afa1-931a9c2c1325,Health and Wellness,Yoga retreats wellness tourism
9wbm9anjps,1f102326-daf2-47d2-9448-0d607db6a5c4,Health & Wellness,Nutrition planning meal prepping
g9wxn3mme8,1f102326-daf2-47d2-9448-0d607db6a5c4,Travel and Exploration,Urban exploration and historical tours
nugm9k1qoi,1f102326-daf2-47d2-9448-0d607db6a5c4,Reading and Literature,Reading challenges and book clubs
x2r1s17nzb,337f8e89-9e2f-4e33-913e-c7dfd29a83af,Reading and Literature,"Non-fiction (biographies, history, self-help, psychology)"
dr02rbio79,337f8e89-9e2f-4e33-913e-c7dfd29a83af,Health and Wellness,Fitness obstacle course races
ue5c5pwygy,b1699772-2c7f-43ad-a043-9f8582432dca,Reading and Literature,Audio books and storytelling podcasts
etmiejybat,a846c488-9a3f-4ca8-9cac-edde91bf1328,Travel and Exploration,Road trips and exploring scenic routes
zz5s3xqr7q,a846c488-9a3f-4ca8-9cac-edde91bf1328,Reading and Literature,"Poetry and poetic forms (haiku, sonnets, free verse)"
so50ydmkj6,a846c488-9a3f-4ca8-9cac-edde91bf1328,Travel and Exploration,Visiting new countries and cultures
cwqx8py6io,59a9c9c0-9076-46c5-ab43-ccd5c3c03cf9,Reading and Literature,Reading challenges and book clubs
onxq60cgll,59a9c9c0-9076-46c5-ab43-ccd5c3c03cf9,Reading and Literature,"Non-fiction (biographies, history, self-help, psychology)"
56m38do2n7,2728c27d-cbf1-44ca-bf92-b64c1d18f4fa,Reading and Literature,"Non-fiction (biographies, history, self-help, psychology)"
ckvsin1xbi,2728c27d-cbf1-44ca-bf92-b64c1d18f4fa,Health and Wellness,Holistic health practices (acupuncture herbalism)
c7gueghx9h,74a5b0af-0c1c-49b2-827c-33b0388858b1,Reading and Literature,"Fiction (novels, short stories, fantasy, science fiction)"
is7gzwoj58,74a5b0af-0c1c-49b2-827c-33b0388858b1,Reading and Literature,"Non-fiction (biographies, history, self-help, psychology)"
yu5pupl7by,74a5b0af-0c1c-49b2-827c-33b0388858b1,Travel and Exploration,Backpacking and adventure travel
bs0iv8axyl,2f9b8cac-07a4-418a-97be-02e2693884e3,Health and Wellness,Yoga retreats wellness tourism
ihqzghr22s,2f9b8cac-07a4-418a-97be-02e2693884e3,Travel and Exploration,Visiting new countries and cultures
agnwa7phvq,2f9b8cac-07a4-418a-97be-02e2693884e3,Health and Wellness,Fitness obstacle course races
nzy46nonxg,c9a355bc-4118-4d99-853b-7e277e0e41c9,Reading and Literature,Reading challenges and book clubs
own5q40hvc,c9a355bc-4118-4d99-853b-7e277e0e41c9,Reading and Literature,"Fiction (novels, short stories, fantasy, science fiction)"
2fhn4xv97r,c9a355bc-4118-4d99-853b-7e277e0e41c9,Health and Wellness,Fitness obstacle course races
d2sk6c9l1e,353e5824-7e1f-42b2-adb8-538d4009e662,Travel and Exploration,Backpacking and adventure travel
o7yhv84iyv,353e5824-7e1f-42b2-adb8-538d4009e662,Health and Wellness,Practicing mindfulness meditation
y56129fj66,353e5824-7e1f-42b2-adb8-538d4009e662,Reading and Literature,"Fiction (novels, short stories, fantasy, science fiction)"
ylmscfkreh,eefa7484-8e27-49e6-861f-d77777c080a8,Reading and Literature,Audio books and storytelling podcasts
nzrwhhbq9q,411c289f-c60e-4079-8fa3-d240c0ba6bdc,Travel and Exploration,Ecotourism and sustainable travel
1ajrvp7vwr,411c289f-c60e-4079-8fa3-d240c0ba6bdc,Reading and Literature,Reading challenges and book clubs
bfk7q4xh82,411c289f-c60e-4079-8fa3-d240c0ba6bdc,Outdoor Activities,Wilderness survival skills
uz3do0h1h3,6015006c-88b1-437c-aad8-984340ececa5,Reading and Literature,Reading challenges and book clubs
v8ghof7y11,6015006c-88b1-437c-aad8-984340ececa5,Reading and Literature,"Fiction (novels, short stories, fantasy, science fiction)"
9a8xb18t2e,6202aa3b-54a5-4396-977f-2189ebf144ca,Reading and Literature,"Poetry and poetic forms (haiku, sonnets, free verse)"
8ajb92zj9r,6202aa3b-54a5-4396-977f-2189ebf144ca,Reading and Literature,Reading challenges and book clubs
gitqbgho7s,ae73882a-92c0-46af-8dc9-7f2f8bdaa74f,Health & Wellness,Nutrition planning meal prepping
5eprkw4ky0,320c1e42-4019-4c19-ae12-fc8ddfa6d990,Reading and Literature,Literary analysis and book discussions
rgzwfl7b4s,320c1e42-4019-4c19-ae12-fc8ddfa6d990,Travel and Exploration,Ecotourism and sustainable travel
s52qwnpbx1,d0025785-6d05-404e-8828-a939ffefa714,Health and Wellness,Fitness obstacle course races
cb3tqu6znl,d0025785-6d05-404e-8828-a939ffefa714,Reading and Literature,Audio books and storytelling podcasts
4fpk2lcjak,55dc1fa8-011d-424f-bfab-60a968cc04a1,Reading and Literature,Audio books and storytelling podcasts
g993yy6i44,55dc1fa8-011d-424f-bfab-60a968cc04a1,Travel and Exploration,Urban exploration and historical tours
ynghz48aah,55dc1fa8-011d-424f-bfab-60a968cc04a1,Reading and Literature,"Non-fiction (biographies, history, self-help, psychology)"
rfwcg0q31x,ded02442-a6b2-4184-9e7d-e1629abca6e1,Travel and Exploration,Visiting new countries and cultures
1jvhfu43ti,ded02442-a6b2-4184-9e7d-e1629abca6e1,Health & Wellness,Nutrition planning meal prepping
rmgxxjsyaw,42ea2264-d459-4d8c-9633-e409e1962756,Travel and Exploration,Ecotourism and sustainable travel
635mgnog3f,764c8faf-fd21-438e-91e4-a991a5f166a7,Reading and Literature,Audio books and storytelling podcasts
qim8lygfpe,764c8faf-fd21-438e-91e4-a991a5f166a7,Outdoor Activities,"Camping (tent camping, RV camping)"
oh1j4e2jvg,764c8faf-fd21-438e-91e4-a991a5f166a7,Travel and Exploration,Road trips and exploring scenic routes
f8lhnf68rw,b1a15c27-84a0-488e-88f1-b9cc4ef2c1b2,Travel and Exploration,Urban exploration and historical tours
i26p51d1qr,b1a15c27-84a0-488e-88f1-b9cc4ef2c1b2,Health and Wellness,Holistic health practices (acupuncture herbalism)
dcww8xltl3,b1a15c27-84a0-488e-88f1-b9cc4ef2c1b2,Outdoor Activities,Hiking and nature walks
8raz9biiqx,cec3e791-da31-4a9e-9247-9ce26f557c38,Travel and Exploration,Visiting new countries and cultures
cegcp27a8p,f71e5cb6-333a-40d6-8fac-696000d93a44,Outdoor Activities,Hiking and nature walks
3lnlned6si,f71e5cb6-333a-40d6-8fac-696000d93a44,Health & Wellness,Nutrition planning meal prepping
o4blazuctm,f71e5cb6-333a-40d6-8fac-696000d93a44,Outdoor Activities,Wilderness survival skills
wv55mg8ma7,bf4763a1-bc6d-4a4f-9142-ebd70ca52418,Travel and Exploration,Backpacking and adventure travel
pezmpyb7tq,bf4763a1-bc6d-4a4f-9142-ebd70ca52418,Travel and Exploration,Visiting new countries and cultures
u8fe0cazgi,bf4763a1-bc6d-4a4f-9142-ebd70ca52418,Health & Wellness,Nutrition planning meal prepping
v7y3gxzag0,16dddcb0-41f0-4193-a628-301f758c7ed9,Travel and Exploration,Urban exploration and historical tours
1vz3b1trnq,f73b0132-b812-4a0a-b779-baaeee1fd2ef,Health and Wellness,Yoga retreats wellness tourism
au3xqje3wr,f73b0132-b812-4a0a-b779-baaeee1fd2ef,Outdoor Activities,Hiking and nature walks
v8l5zof5yq,f73b0132-b812-4a0a-b779-baaeee1fd2ef,Reading and Literature,"Non-fiction (biographies, history, self-help, psychology)"
aa6298xkm1,964fd378-9fd0-44a6-8be1-22fa8f0b6b26,Reading and Literature,Reading challenges and book clubs
h9nr2je7h1,158f5e29-356d-4d0c-87ab-3760e75c3617,Reading and Literature,"Non-fiction (biographies, history, self-help, psychology)"
82i20bub90,24f7799e-ce9d-4aab-936d-589543cdfb25,Health and Wellness,Yoga retreats wellness tourism
ecyudbf0w0,24f7799e-ce9d-4aab-936d-589543cdfb25,Reading and Literature,"Fiction (novels, short stories, fantasy, science fiction)"
y1x3m45i0b,44a4bb18-87cb-404b-8bf7-0838bd52d1a8,Travel and Exploration,Cruise vacations and sailing adventures
z0duza6svj,44a4bb18-87cb-404b-8bf7-0838bd52d1a8,Outdoor Activities,Hiking and nature walks
jb7o1mrgnp,bc5e9a14-ab4d-4fc7-9fd6-dabafd1e167a,Reading and Literature,"Poetry and poetic forms (haiku, sonnets, free verse)"
yyjc517hl2,bc5e9a14-ab4d-4fc7-9fd6-dabafd1e167a,Reading and Literature,Literary analysis and book discussions
g9qv1cwt2o,bc5e9a14-ab4d-4fc7-9fd6-dabafd1e167a,Reading and Literature,Reading challenges and book clubs
5v24mbpdqw,ef1f9aa9-7c1d-49e6-a231-654095cf0f89,Travel and Exploration,Backpacking and adventure travel
vflnq3azt0,ef1f9aa9-7c1d-49e6-a231-654095cf0f89,Health and Wellness,Practicing mindfulness meditation
uk0izuov4j,ef1f9aa9-7c1d-49e6-a231-654095cf0f89,Outdoor Activities,Hiking and nature walks
iped100mgf,d4762591-c36b-44cf-a8f6-de5f90a682b9,Outdoor Activities,"Camping (tent camping, RV camping)"
tyv3livm91,6b3cb82b-3642-4220-9405-99b316dbe115,Reading and Literature,"Poetry and poetic forms (haiku, sonnets, free verse)"
t67o23dz6v,6b3cb82b-3642-4220-9405-99b316dbe115,Travel and Exploration,Urban exploration and historical tours
w45uzpojw7,6b3cb82b-3642-4220-9405-99b316dbe115,Travel and Exploration,Road trips and exploring scenic routes
n13tdbl2yi,22a95572-8268-405c-ab4b-a9019a947a66,Outdoor Activities,Hiking and nature walks
2djzv7cfez,c7c73f51-10f9-4b5b-a045-d8e47a0912d8,Reading and Literature,"Non-fiction (biographies, history, self-help, psychology)"
dq6wzh2rje,82da3585-1817-4a13-a54d-fe4f471f2a49,Travel and Exploration,Ecotourism and sustainable travel
p8k78ge7fm,82da3585-1817-4a13-a54d-fe4f471f2a49,Health and Wellness,Holistic health practices (acupuncture herbalism)
vzu38yfo8f,82da3585-1817-4a13-a54d-fe4f471f2a49,Health & Wellness,Nutrition planning meal prepping
xd5j9b2xhd,e0292b72-2c00-419f-bfce-b6d0eef2f703,Travel and Exploration,Backpacking and adventure travel
p55xeg3bhe,2e3f035c-48a0-40e3-b02e-d93f1fbfd0b6,Health and Wellness,Yoga retreats wellness tourism
cqoyc0jq43,2e3f035c-48a0-40e3-b02e-d93f1fbfd0b6,Health and Wellness,Fitness obstacle course races
gy477ms19k,d7147c7f-cda8-429f-970f-a336fff6d4f0,Travel and Exploration,Visiting new countries and cultures
9iwcdavybk,d7147c7f-cda8-429f-970f-a336fff6d4f0,Health and Wellness,Holistic health practices (acupuncture herbalism)
di38fwn9ib,d7147c7f-cda8-429f-970f-a336fff6d4f0,Travel and Exploration,Ecotourism and sustainable travel
qiuc3e60lh,5a3a608c-ef16-4de8-9db5-ecbcd7378b82,Travel and Exploration,Road trips and exploring scenic routes
88v4oqdtg0,5a3a608c-ef16-4de8-9db5-ecbcd7378b82,Outdoor Activities,Wilderness survival skills
hgju2v2xlr,5c2c81d8-3691-4654-b9c8-9d25c1f73b7d,Reading and Literature,"Poetry and poetic forms (haiku, sonnets, free verse)"
h10n6zvu77,5c2c81d8-3691-4654-b9c8-9d25c1f73b7d,Reading and Literature,"Non-fiction (biographies, history, self-help, psychology)"
ofuy0rxo6x,5c2c81d8-3691-4654-b9c8-9d25c1f73b7d,Outdoor Activities,Hiking and nature walks
597hlrzmb8,63588d8c-9742-4587-8acf-a57b84686044,Health and Wellness,Holistic health practices (acupuncture herbalism)
nh248pzsyk,404bdacc-8b1c-4062-a8ba-4560deed497b,Reading and Literature,Audio books and storytelling podcasts
4kc3obhql3,404bdacc-8b1c-4062-a8ba-4560deed497b,Reading and Literature,Reading challenges and book clubs
odh22nzqbh,404bdacc-8b1c-4062-a8ba-4560deed497b,Outdoor Activities,"Camping (tent camping, RV camping)"
d8mz3lmt30,2b0a442a-b66d-462a-8665-6f26d5fef0d4,Reading and Literature,"Non-fiction (biographies, history, self-help, psychology)"
l24xbb2fin,2b0a442a-b66d-462a-8665-6f26d5fef0d4,Reading and Literature,Reading challenges and book clubs
axymtmrrul,6b020e8b-32f2-4b15-bb37-f7890ff19204,Travel and Exploration,Backpacking and adventure travel
ilkvm173pq,a17ef7bc-5a00-4c01-be28-613b90a5e81d,Health and Wellness,Holistic health practices (acupuncture herbalism)
8qxuw84t91,a17ef7bc-5a00-4c01-be28-613b90a5e81d,Reading and Literature,"Poetry and poetic forms (haiku, sonnets, free verse)"
248wxu9jx9,a17ef7bc-5a00-4c01-be28-613b90a5e81d,Reading and Literature,Audio books and storytelling podcasts
glpr05dg5k,865ca8bb-c29c-40ad-893d-3949ca517306,Travel and Exploration,Visiting new countries and cultures
5rmzexyw3l,865ca8bb-c29c-40ad-893d-3949ca517306,Reading and Literature,Literary analysis and book discussions
fxxowp91ku,865ca8bb-c29c-40ad-893d-3949ca517306,Outdoor Activities,Hiking and nature walks
3ofz7jxzz6,f4a7f28c-f1b0-4b43-87e2-8cf02360c838,Travel and Exploration,Urban exploration and historical tours
j9tnwa2ljm,f4a7f28c-f1b0-4b43-87e2-8cf02360c838,Travel and Exploration,Ecotourism and sustainable travel
lrfnw0v81y,f4a7f28c-f1b0-4b43-87e2-8cf02360c838,Travel and Exploration,Road trips and exploring scenic routes
nn9fmc5e45,01642303-43b9-4565-b1ea-cff93eb2b335,Health and Wellness,Practicing mindfulness meditation
gsr8oo0k6k,01642303-43b9-4565-b1ea-cff93eb2b335,Travel and Exploration,Backpacking and adventure travel
mymv3iz02r,5874128d-4ccf-4e36-9802-a74bad054aca,Health and Wellness,Practicing mindfulness meditation
d5xam5ohn6,5874128d-4ccf-4e36-9802-a74bad054aca,Travel and Exploration,Road trips and exploring scenic routes
qh6j00tn7x,721d044b-385b-4fd3-badb-14b4d016aaf9,Reading and Literature,Audio books and storytelling podcasts
zll8xkgiyl,721d044b-385b-4fd3-badb-14b4d016aaf9,Reading and Literature,Reading challenges and book clubs
thtux1yfdi,721d044b-385b-4fd3-badb-14b4d016aaf9,Outdoor Activities,"Camping (tent camping, RV camping)"
j1954yi75w,fcec3883-61a4-49b8-918d-4e82c9365d0f,Travel and Exploration,Backpacking and adventure travel
u5ml5n4osq,ca743936-b8a9-4592-a351-b1b7c6578ac6,Reading and Literature,"Non-fiction (biographies, history, self-help, psychology)"
43mfh8ojfw,7243bad5-051a-4173-8fca-9e2aaedf5302,Travel and Exploration,Urban exploration and historical tours
zfnrt7s5w4,7243bad5-051a-4173-8fca-9e2aaedf5302,Health & Wellness,Nutrition planning meal prepping
wvr9zwba8y,3a2b561d-c08c-4d43-b0d9-3f7b9b2512a8,Outdoor Activities,Hiking and nature walks
t0fzoffkdd,fcb8cac4-fce3-4226-b368-9cab03167b86,Health & Wellness,Nutrition planning meal prepping
9s5as5r7fd,fcb8cac4-fce3-4226-b368-9cab03167b86,Travel and Exploration,Visiting new countries and cultures
waqvj10enl,18817530-4407-4a92-bdcc-ede46d9ad1b7,Health and Wellness,Yoga retreats wellness tourism
rpj80uihq8,18817530-4407-4a92-bdcc-ede46d9ad1b7,Health & Wellness,Nutrition planning meal prepping
o2byoi7mft,18817530-4407-4a92-bdcc-ede46d9ad1b7,Reading and Literature,"Fiction (novels, short stories, fantasy, science fiction)"
4zdde3wyab,9cf9d538-54e2-41f4-9b24-eedd8a8e47a8,Outdoor Activities,Hiking and nature walks
7brabol3td,9cf9d538-54e2-41f4-9b24-eedd8a8e47a8,Reading and Literature,Reading challenges and book clubs
l7wmtjyh59,86d8d992-3849-46c2-86be-e7ad3bc5d228,Reading and Literature,"Poetry and poetic forms (haiku, sonnets, free verse)"
su1k7sywnk,86d8d992-3849-46c2-86be-e7ad3bc5d228,Travel and Exploration,Visiting new countries and cultures
u4y66ejf56,92a42e42-8ed9-4e46-9ef4-09f9d7059faa,Reading and Literature,Reading challenges and book clubs
ryxraln2c3,92a42e42-8ed9-4e46-9ef4-09f9d7059faa,Reading and Literature,"Poetry and poetic forms (haiku, sonnets, free verse)"
bjgzyn9kae,92a42e42-8ed9-4e46-9ef4-09f9d7059faa,Travel and Exploration,Urban exploration and historical tours
zhdt2ssu1c,b0c4ff7d-f7b3-40e0-8ced-779e378fd7f7,Travel and Exploration,Visiting new countries and cultures
5pyvh8onky,7f1069e1-c3a0-46ce-8ea3-ac4b212d4f7e,Travel and Exploration,Ecotourism and sustainable travel
l1u9lqjosy,7f1069e1-c3a0-46ce-8ea3-ac4b212d4f7e,Health & Wellness,Nutrition planning meal prepping
ac5gbw8jnq,5b549eb1-c718-48f5-9473-47108496af4c,Health & Wellness,Nutrition planning meal prepping
kjw41kortc,5b549eb1-c718-48f5-9473-47108496af4c,Travel and Exploration,Backpacking and adventure travel
b4le9caaap,e256ce94-293a-497b-8e0b-a702a89e44d0,Travel and Exploration,Visiting new countries and cultures
d79i0nah22,e256ce94-293a-497b-8e0b-a702a89e44d0,Outdoor Activities,Wilderness survival skills
2smb5q7u7b,e256ce94-293a-497b-8e0b-a702a89e44d0,Reading and Literature,"Poetry and poetic forms (haiku, sonnets, free verse)"
zxgkg66b6f,f32895e1-360d-4ab9-b2bb-92d39b7a42d4,Travel and Exploration,Cruise vacations and sailing adventures
5xcl1sass9,e8693f7e-c9f3-47eb-918b-cb7bdb711aec,Health and Wellness,Practicing mindfulness meditation
0sa7rlzyfv,e8693f7e-c9f3-47eb-918b-cb7bdb711aec,Health and Wellness,Fitness obstacle course races
4mxs757ljh,455148b5-f388-484c-9b96-4319bd188557,Reading and Literature,"Non-fiction (biographies, history, self-help, psychology)"
zxdfnxe5a9,455148b5-f388-484c-9b96-4319bd188557,Travel and Exploration,Ecotourism and sustainable travel
e9aqqvj9w7,455148b5-f388-484c-9b96-4319bd188557,Outdoor Activities,"Camping (tent camping, RV camping)"
uet51q9ywa,0526a2c4-523c-4576-82d6-8390bb4195b0,Health and Wellness,Holistic health practices (acupuncture herbalism)
cit7el3xfk,0526a2c4-523c-4576-82d6-8390bb4195b0,Outdoor Activities,"Camping (tent camping, RV camping)"
b8p3ynro3a,22ae8943-4349-430d-9787-ca7ce2f117d5,Outdoor Activities,Hiking and nature walks
fox4kpq7f7,22ae8943-4349-430d-9787-ca7ce2f117d5,Reading and Literature,Literary analysis and book discussions
v4gkfxpjli,22ae8943-4349-430d-9787-ca7ce2f117d5,Health and Wellness,Practicing mindfulness meditation
ayhx4untol,8c3e0e24-4116-4ce4-8ddc-6152baa5db40,Reading and Literature,Audio books and storytelling podcasts
aw4si5kwp0,0be5c044-3228-4950-aeeb-275ac2ccba31,Travel and Exploration,Cruise vacations and sailing adventures
e0tbsut1w8,9fb589c8-d65f-488e-b33e-428e969b6cd6,Outdoor Activities,Hiking and nature walks
2qp6vv9v70,dd06265c-0590-421f-b9cc-df433538adce,Health & Wellness,Nutrition planning meal prepping
sjxxz6y94k,ea091fac-75ca-478d-8cdf-abf2ac79854b,Travel and Exploration,Visiting new countries and cultures
ynigq35vq7,ea091fac-75ca-478d-8cdf-abf2ac79854b,Outdoor Activities,Hiking and nature walks
cwc7afjdai,0cd47a3a-4503-45bb-802c-b111b43cb890,Reading and Literature,Audio books and storytelling podcasts
ow6ljxm9gh,0cd47a3a-4503-45bb-802c-b111b43cb890,Travel and Exploration,Road trips and exploring scenic routes
mkg9bmcu8o,d0398941-5a3e-490c-b3ed-91764f41a3c9,Reading and Literature,"Non-fiction (biographies, history, self-help, psychology)"
husmmu8r8c,3ca4d255-f562-48fc-8829-62ea867c07d1,Health and Wellness,Holistic health practices (acupuncture herbalism)
bb3cybf453,fd103237-eee6-47e2-af79-0220cfbf6c4b,Outdoor Activities,Wilderness survival skills
yokfvkwbdi,6faa814a-e5c5-4a3d-9e93-91b3fa954586,Reading and Literature,Audio books and storytelling podcasts
4olou176fw,6faa814a-e5c5-4a3d-9e93-91b3fa954586,Travel and Exploration,Ecotourism and sustainable travel
k4zwjgptp3,607037de-aa34-4b72-91a0-ebee3256f2f8,Reading and Literature,Audio books and storytelling podcasts
2dqh98afq8,4bfe2974-69e8-4c1a-a4f4-6c66839a1428,Outdoor Activities,"Camping (tent camping, RV camping)"
0oifmysz5d,8de4d78c-0be0-4f3d-992b-cb843c0791a3,Outdoor Activities,Wilderness survival skills
ht0rt4r7iw,f6665e77-194c-49aa-8f75-35ba4a94b23b,Health and Wellness,Holistic health practices (acupuncture herbalism)
p4r0756lfw,f6665e77-194c-49aa-8f75-35ba4a94b23b,Reading and Literature,"Non-fiction (biographies, history, self-help, psychology)"
74vzf1pcma,f6665e77-194c-49aa-8f75-35ba4a94b23b,Travel and Exploration,Urban exploration and historical tours
iy8zkdlkqn,663da3b5-652e-4b32-9925-473893e33a9f,Outdoor Activities,"Camping (tent camping, RV camping)"
ygvtv6b985,8314ba31-8490-4871-89d9-c19273850f2d,Health and Wellness,Fitness obstacle course races
4w05t99jkp,8314ba31-8490-4871-89d9-c19273850f2d,Health & Wellness,Nutrition planning meal prepping
8gxu3vvyf2,8314ba31-8490-4871-89d9-c19273850f2d,Travel and Exploration,Ecotourism and sustainable travel
fp23a48fdu,08e6e9a2-5438-456c-881c-a42c597d8a40,Reading and Literature,Literary analysis and book discussions
3td3yf4fx8,08e6e9a2-5438-456c-881c-a42c597d8a40,Reading and Literature,Reading challenges and book clubs
aqq4n7x1fb,08e6e9a2-5438-456c-881c-a42c597d8a40,Outdoor Activities,Hiking and nature walks
g80yz4klen,a58bd549-cf1b-44b5-afc1-81d961be3177,Travel and Exploration,Ecotourism and sustainable travel
cklscbfe3m,a4377ce2-d3f7-4f95-85a0-ba47640ce0e6,Travel and Exploration,Visiting new countries and cultures
e4np3k4ovh,a4377ce2-d3f7-4f95-85a0-ba47640ce0e6,Travel and Exploration,Urban exploration and historical tours
hfeo7lfhk2,a4377ce2-d3f7-4f95-85a0-ba47640ce0e6,Travel and Exploration,Backpacking and adventure travel
azi2tp7ik9,aba0e7a7-5ef4-41c5-8c8e-e52f055cfc7b,Travel and Exploration,Cruise vacations and sailing adventures
3k3rx7mp37,bcdbe566-8534-400b-ae75-e56f008b1db4,Health and Wellness,Holistic health practices (acupuncture herbalism)
cgz8izjfjd,bcdbe566-8534-400b-ae75-e56f008b1db4,Reading and Literature,"Non-fiction (biographies, history, self-help, psychology)"
zf1kjd4iwj,3b4b90a9-6c32-4336-a943-131527569ef5,Travel and Exploration,Visiting new countries and cultures
14f5edav2j,3b4b90a9-6c32-4336-a943-131527569ef5,Reading and Literature,Literary analysis and book discussions
bwh2b4uxs6,8951923d-1bb7-4de5-b797-9c2e69934e4d,Reading and Literature,"Poetry and poetic forms (haiku, sonnets, free verse)"
gksi8rhphv,8951923d-1bb7-4de5-b797-9c2e69934e4d,Travel and Exploration,Backpacking and adventure travel
oce4sr766b,3e9c455c-f1f9-4bbe-81f9-52e9d0b5112b,Travel and Exploration,Road trips and exploring scenic routes
vgmwm7trsf,3e9c455c-f1f9-4bbe-81f9-52e9d0b5112b,Travel and Exploration,Urban exploration and historical tours
jc1i0w1ytu,a01529a2-8a11-4e3d-9a28-f3d6a5708d5a,Reading and Literature,"Non-fiction (biographies, history, self-help, psychology)"
zhk2qy91jp,a01529a2-8a11-4e3d-9a28-f3d6a5708d5a,Outdoor Activities,Hiking and nature walks
fmp03oph8h,a01529a2-8a11-4e3d-9a28-f3d6a5708d5a,Travel and Exploration,Cruise vacations and sailing adventures
we6g8x7cnp,ecdeac58-8c82-4bfd-9d68-758ee79b8ad1,Reading and Literature,Literary analysis and book discussions
1thheog4id,fe61ad2d-1e45-4257-b8a2-82f3c064fd4f,Reading and Literature,"Fiction (novels, short stories, fantasy, science fiction)"
aoou4eod54,becaf540-6bd5-4392-8976-57e1ccc2a0d3,Health and Wellness,Fitness obstacle course races
g9yawfu9g3,eddf214e-60bb-475a-aaaf-f3e75d517f0a,Travel and Exploration,Urban exploration and historical tours
99t6d63x8i,eddf214e-60bb-475a-aaaf-f3e75d517f0a,Outdoor Activities,"Camping (tent camping, RV camping)"
zh1im85un2,bc4b2336-885d-435a-8ab1-3898b1645273,Outdoor Activities,Wilderness survival skills
kt4bsx6dh9,bc4b2336-885d-435a-8ab1-3898b1645273,Outdoor Activities,"Camping (tent camping, RV camping)"
ro1ar62yqm,27726b95-5ffb-4ab5-a82a-858ff1bab914,Reading and Literature,Reading challenges and book clubs
3r6ig8l0si,79f53e17-ca5a-4213-baaa-4ec70100faa0,Health and Wellness,Practicing mindfulness meditation
tcl7nzni12,79f53e17-ca5a-4213-baaa-4ec70100faa0,Outdoor Activities,Hiking and nature walks
256i4qk0lv,31e370c8-575a-4472-8ae9-acdd5448da16,Reading and Literature,Literary analysis and book discussions
dvnhbtpx8s,ab662f00-8190-4fb0-9f79-e1d6f5fe7afe,Health and Wellness,Practicing mindfulness meditation
jc1w6f3bld,d3c6532f-c6a0-4e10-b8e6-f6f5979ae7de,Reading and Literature,Reading challenges and book clubs
ovq8hd5yph,2714ce02-d9ad-4c76-b327-9b86362984f1,Outdoor Activities,Hiking and nature walks
0wv9qwp01b,1c3f17f6-ac30-469f-9367-c99c428bf6d7,Outdoor Activities,Wilderness survival skills
5an8au6gb3,ec8989d6-3321-4872-b430-86054b1d6ff2,Reading and Literature,"Fiction (novels, short stories, fantasy, science fiction)"
nw7boyot3s,58bae4d9-f397-4afd-98ce-42a47d4c586a,Reading and Literature,Reading challenges and book clubs
3wgcgt89kf,f76fa3bf-3f66-43e9-a10a-b3b3e3f609ab,Outdoor Activities,Hiking and nature walks
wxo2iaj4dw,f76fa3bf-3f66-43e9-a10a-b3b3e3f609ab,Travel and Exploration,Road trips and exploring scenic routes
otqguyc2gk,b1205bef-b607-4b01-9a02-06bacdba875b,Health & Wellness,Nutrition planning meal prepping
lkacgy9ahh,e3ca4e21-7acc-4620-9158-a6a8699bdb72,Health and Wellness,Holistic health practices (acupuncture herbalism)
lk4b2xfllw,1268b2c3-f530-4844-b209-135d64acc9a9,Health and Wellness,Holistic health practices (acupuncture herbalism)
kfvyhq4hdh,1268b2c3-f530-4844-b209-135d64acc9a9,Travel and Exploration,Cruise vacations and sailing adventures
pygi08u8ee,c843431a-f06e-4c15-8949-44873930894f,Reading and Literature,Audio books and storytelling podcasts
clayo0noa8,c843431a-f06e-4c15-8949-44873930894f,Health and Wellness,Holistic health practices (acupuncture herbalism)
7gcnsxwx69,f912bf08-f713-48d8-8baf-db0b838c1a4a,Outdoor Activities,Hiking and nature walks
j4dx5ptn7e,f912bf08-f713-48d8-8baf-db0b838c1a4a,Travel and Exploration,Urban exploration and historical tours
re6jxpa31h,747f3cfe-add0-4b87-ad78-2a5b57264694,Reading and Literature,"Poetry and poetic forms (haiku, sonnets, free verse)"
mdvo8az2fk,771dc2ea-86d9-4c6a-852f-f6757880da11,Travel and Exploration,Ecotourism and sustainable travel
o6er5ee6w5,771dc2ea-86d9-4c6a-852f-f6757880da11,Travel and Exploration,Backpacking and adventure travel
2rke72lwpt,771dc2ea-86d9-4c6a-852f-f6757880da11,Reading and Literature,"Fiction (novels, short stories, fantasy, science fiction)"
efiloeo99e,69bb3e09-4f84-44a3-94f0-4c64ebd8e70f,Reading and Literature,Literary analysis and book discussions
0pdaenq0nw,69bb3e09-4f84-44a3-94f0-4c64ebd8e70f,Health and Wellness,Holistic health practices (acupuncture herbalism)
o8nqf9qxc4,69bb3e09-4f84-44a3-94f0-4c64ebd8e70f,Reading and Literature,"Fiction (novels, short stories, fantasy, science fiction)"
79wv7yqjqx,4666405a-fe75-4c62-9a20-b17f3718b7a5,Reading and Literature,"Poetry and poetic forms (haiku, sonnets, free verse)"
fm6krcrok2,4666405a-fe75-4c62-9a20-b17f3718b7a5,Health and Wellness,Holistic health practices (acupuncture herbalism)
jjoulppbs3,4445dd3e-ced6-4cd1-847c-0e0e75ac3258,Outdoor Activities,"Camping (tent camping, RV camping)"
hor898nccn,4445dd3e-ced6-4cd1-847c-0e0e75ac3258,Health and Wellness,Yoga retreats wellness tourism
rmtxrxz6uz,4445dd3e-ced6-4cd1-847c-0e0e75ac3258,Health and Wellness,Holistic health practices (acupuncture herbalism)
j0q7gysdul,9fdf23e8-f053-4b67-a8e2-808673733e4d,Outdoor Activities,Wilderness survival skills
nqe3yfi9ch,9fdf23e8-f053-4b67-a8e2-808673733e4d,Reading and Literature,Reading challenges and book clubs
ndvxed7z0n,af025a99-ec4c-489a-99c5-723840442c3f,Health & Wellness,Nutrition planning meal prepping
y61xg0tnaw,ad2a4bef-c845-4ab3-b7ef-6409ab288513,Reading and Literature,"Poetry and poetic forms (haiku, sonnets, free verse)"
22qld47eek,ad2a4bef-c845-4ab3-b7ef-6409ab288513,Health and Wellness,Fitness obstacle course races
cclvp4asob,ad2a4bef-c845-4ab3-b7ef-6409ab288513,Outdoor Activities,Wilderness survival skills
34v7skx4wr,9663dbe4-4d93-4258-b8ea-4dbb6128053e,Travel and Exploration,Ecotourism and sustainable travel
q4hyd7cjti,ba66b7a2-8cda-4495-a021-6ebb5f4b9703,Travel and Exploration,Cruise vacations and sailing adventures
uzzqn9cp81,ba66b7a2-8cda-4495-a021-6ebb5f4b9703,Outdoor Activities,Hiking and nature walks
gk77tt2gf5,ba66b7a2-8cda-4495-a021-6ebb5f4b9703,Health and Wellness,Fitness obstacle course races
29eg8pqtd8,23f1dcc0-84bc-4d72-b5aa-ae44b79ae9c8,Health and Wellness,Practicing mindfulness meditation
vl2ftzcp6k,ce913d74-b744-413c-8832-facbab62256c,Reading and Literature,"Fiction (novels, short stories, fantasy, science fiction)"
o67dst9t5v,ce913d74-b744-413c-8832-facbab62256c,Reading and Literature,"Poetry and poetic forms (haiku, sonnets, free verse)"
g0xf4wavoq,ce913d74-b744-413c-8832-facbab62256c,Reading and Literature,Literary analysis and book discussions
ww4sg4o64k,87007af7-2a80-4969-9104-451cd543e2b1,Travel and Exploration,Urban exploration and historical tours
kzy32g54o8,49c7bd36-dea6-49ce-a1d4-97c7370de174,Health and Wellness,Holistic health practices (acupuncture herbalism)
fanedncvm2,75ae0f86-3fa2-4ff6-a144-327ec3029b59,Outdoor Activities,Hiking and nature walks
anjy0ggb6f,75ae0f86-3fa2-4ff6-a144-327ec3029b59,Travel and Exploration,Ecotourism and sustainable travel
09wrsh1ibv,75ae0f86-3fa2-4ff6-a144-327ec3029b59,Reading and Literature,"Fiction (novels, short stories, fantasy, science fiction)"
v50o7m8d64,bd0b9362-ca1c-4565-af1c-b574adb9b006,Reading and Literature,"Non-fiction (biographies, history, self-help, psychology)"
yzmdz0u9a3,d2857165-2178-473a-afec-46aa350be24d,Reading and Literature,"Poetry and poetic forms (haiku, sonnets, free verse)"
7ah0clgm0c,ccae97b6-bc2c-455e-9236-f902353fbf5b,Reading and Literature,Literary analysis and book discussions
jnv0jlassn,83c1369f-4cc0-4d6b-9ec5-85520c4b2229,Reading and Literature,Reading challenges and book clubs
43ilpde5go,83c1369f-4cc0-4d6b-9ec5-85520c4b2229,Travel and Exploration,Urban exploration and historical tours
u9k193vpcw,83c1369f-4cc0-4d6b-9ec5-85520c4b2229,Health and Wellness,Holistic health practices (acupuncture herbalism)
up3sp5jzqc,9f6f6be5-f551-4684-91be-734298b74cf1,Outdoor Activities,Hiking and nature walks
rctxih4o50,9f6f6be5-f551-4684-91be-734298b74cf1,Health and Wellness,Practicing mindfulness meditation
89qz8zphs9,9f6f6be5-f551-4684-91be-734298b74cf1,Health & Wellness,Nutrition planning meal prepping
h0u0r6aw4m,660bdff8-438a-4dbb-9767-1d99f1d165d5,Health and Wellness,Yoga retreats wellness tourism
95xojxbc4d,72498ce6-c681-411c-b246-af1b88dc448e,Reading and Literature,Audio books and storytelling podcasts
tz1wsl61le,d86df308-a096-4330-8203-a01b097f880f,Outdoor Activities,"Camping (tent camping, RV camping)"
2ofyaory4h,d86df308-a096-4330-8203-a01b097f880f,Reading and Literature,"Poetry and poetic forms (haiku, sonnets, free verse)"
8207ozamey,d86df308-a096-4330-8203-a01b097f880f,Travel and Exploration,Road trips and exploring scenic routes
593gtdg1xg,9ce67277-b21d-46db-851e-9b510b9e30e0,Health and Wellness,Holistic health practices (acupuncture herbalism)
ojg8jekpxz,9ce67277-b21d-46db-851e-9b510b9e30e0,Outdoor Activities,Hiking and nature walks
yzswngcyih,9ce67277-b21d-46db-851e-9b510b9e30e0,Outdoor Activities,"Camping (tent camping, RV camping)"
drazscmdte,6248b1f5-8416-4f6d-bf30-f6290115b1f6,Travel and Exploration,Visiting new countries and cultures
nan0ech52o,4ae0b32a-ee33-4e37-af5a-01f82dae9907,Travel and Exploration,Cruise vacations and sailing adventures
0obj7dhvbj,fea77886-b50b-438e-b24a-8be62172d203,Reading and Literature,Audio books and storytelling podcasts
hxe0zxcn6y,c94fe392-f599-4472-bd86-a03198364465,Travel and Exploration,Backpacking and adventure travel
itswersgac,c94fe392-f599-4472-bd86-a03198364465,Outdoor Activities,Wilderness survival skills
pga3inhun5,b791cc0a-b106-4871-8057-50b6be15840d,Travel and Exploration,Backpacking and adventure travel
s8vu5ki7xh,b791cc0a-b106-4871-8057-50b6be15840d,Health and Wellness,Fitness obstacle course races
x4hplvunxb,b791cc0a-b106-4871-8057-50b6be15840d,Reading and Literature,Reading challenges and book clubs
c3kkloatji,8046811b-9f14-4968-8045-96cd82cf7138,Travel and Exploration,Visiting new countries and cultures
cgdd3eu0vc,8046811b-9f14-4968-8045-96cd82cf7138,Health & Wellness,Nutrition planning meal prepping
x160sjmimi,3c1bae20-c604-4fb5-a2a6-61dc48493676,Health and Wellness,Holistic health practices (acupuncture herbalism)
1wrl0yu166,3c1bae20-c604-4fb5-a2a6-61dc48493676,Travel and Exploration,Backpacking and adventure travel
yi5oucvv5w,3c1bae20-c604-4fb5-a2a6-61dc48493676,Outdoor Activities,Wilderness survival skills
50xn3ecu4w,aa367e60-17de-4ac3-82d0-743333d449fd,Reading and Literature,Reading challenges and book clubs
hjcymrisjf,aa367e60-17de-4ac3-82d0-743333d449fd,Health & Wellness,Nutrition planning meal prepping
xp2qjbi2k4,aa367e60-17de-4ac3-82d0-743333d449fd,Reading and Literature,Audio books and storytelling podcasts
r9ftzbk1mb,232eef46-7ac8-47bb-b24f-3e80b561c336,Reading and Literature,"Fiction (novels, short stories, fantasy, science fiction)"
r6o2lsvczv,232eef46-7ac8-47bb-b24f-3e80b561c336,Reading and Literature,Literary analysis and book discussions
q6hzel0c77,232eef46-7ac8-47bb-b24f-3e80b561c336,Travel and Exploration,Backpacking and adventure travel
qt5mvzyoko,ebd3291d-cb94-4bb2-b07e-4869ece2440c,Health and Wellness,Fitness obstacle course races
9ier5yt6ut,ebd3291d-cb94-4bb2-b07e-4869ece2440c,Travel and Exploration,Urban exploration and historical tours
bo3pm6alyt,ebd3291d-cb94-4bb2-b07e-4869ece2440c,Health and Wellness,Yoga retreats wellness tourism
mrntsxjpg6,2d66b2aa-f2a6-4a00-b55d-bced6e91663a,Outdoor Activities,Hiking and nature walks
r4c5ygljl7,2d66b2aa-f2a6-4a00-b55d-bced6e91663a,Travel and Exploration,Visiting new countries and cultures
0ozz36l5ak,2d66b2aa-f2a6-4a00-b55d-bced6e91663a,Outdoor Activities,"Camping (tent camping, RV camping)"
2btmuams7t,8e4da1bc-5b6d-4e27-b867-6405bafa1a6a,Health and Wellness,Yoga retreats wellness tourism
www0zybzmd,8e4da1bc-5b6d-4e27-b867-6405bafa1a6a,Outdoor Activities,Hiking and nature walks
9ytovawmzr,8e4da1bc-5b6d-4e27-b867-6405bafa1a6a,Travel and Exploration,Backpacking and adventure travel
4h2wvumjx6,1d60474e-ea69-4f3c-8f1f-5fa7003e4d40,Health & Wellness,Nutrition planning meal prepping
h0k2a354w8,1d60474e-ea69-4f3c-8f1f-5fa7003e4d40,Reading and Literature,Literary analysis and book discussions
px3kls2vmy,1d60474e-ea69-4f3c-8f1f-5fa7003e4d40,Reading and Literature,Reading challenges and book clubs
y1b50rxj6i,435885f2-7f9f-4fbf-9f26-ab445c0f9147,Outdoor Activities,"Camping (tent camping, RV camping)"
bjqfsjjc64,435885f2-7f9f-4fbf-9f26-ab445c0f9147,Travel and Exploration,Urban exploration and historical tours
izlzuy1cui,ede7e57a-a435-4906-8881-4003c2270200,Reading and Literature,"Non-fiction (biographies, history, self-help, psychology)"
ey1v38866x,e7cca297-3b7c-4d9e-a27b-331c7d58a6b8,Travel and Exploration,Cruise vacations and sailing adventures
5zoxa6o2aa,194bf1aa-82ae-46a8-8684-da06899f2ad1,Travel and Exploration,Backpacking and adventure travel
b8699xeo78,194bf1aa-82ae-46a8-8684-da06899f2ad1,Health & Wellness,Nutrition planning meal prepping
ymf1e5efd5,b19577d2-7560-466d-90ce-62e6277013e8,Reading and Literature,"Fiction (novels, short stories, fantasy, science fiction)"
wy0q0w6omp,b19577d2-7560-466d-90ce-62e6277013e8,Outdoor Activities,Hiking and nature walks
3k7r3uogp5,c8bbdbe3-2ec4-4022-84d3-5ce987ea5daf,Reading and Literature,"Poetry and poetic forms (haiku, sonnets, free verse)"
7dhw95l0tp,c8bbdbe3-2ec4-4022-84d3-5ce987ea5daf,Reading and Literature,Audio books and storytelling podcasts
rp3aew8m68,069081fa-e46f-47b7-aa16-619ad3671862,Reading and Literature,"Poetry and poetic forms (haiku, sonnets, free verse)"
76gxbwqb7g,069081fa-e46f-47b7-aa16-619ad3671862,Health and Wellness,Practicing mindfulness meditation
fhbt68xgbp,4d25ae34-3926-4ef4-92ea-ff3ff06b26f5,Health & Wellness,Nutrition planning meal prepping
p1iaa8um1d,4d25ae34-3926-4ef4-92ea-ff3ff06b26f5,Health and Wellness,Yoga retreats wellness tourism
y856sqcwzc,4d25ae34-3926-4ef4-92ea-ff3ff06b26f5,Health and Wellness,Holistic health practices (acupuncture herbalism)
07szo372dn,fa10f759-b498-4b2a-80e6-52b1e2dee109,Outdoor Activities,Wilderness survival skills
i7mn5tkawg,eca83ec7-cad3-47c9-82a9-01dca8cc6cfe,Reading and Literature,Reading challenges and book clubs
tg212fmlaz,eca83ec7-cad3-47c9-82a9-01dca8cc6cfe,Health & Wellness,Nutrition planning meal prepping
y599syfoxf,eca83ec7-cad3-47c9-82a9-01dca8cc6cfe,Health and Wellness,Fitness obstacle course races
k748vgi07c,e7e7e064-a702-40e2-8ac2-a82ce555d1a3,Travel and Exploration,Visiting new countries and cultures
mvkr35qzuj,2dbdf825-9ea4-450d-957c-1d119b2e05c7,Travel and Exploration,Road trips and exploring scenic routes
kd8t1zlmvy,3e9abcf9-9065-447f-b151-415b34599e5d,Outdoor Activities,Hiking and nature walks
3hqanpf7y0,3e9abcf9-9065-447f-b151-415b34599e5d,Travel and Exploration,Backpacking and adventure travel
6uzkxvhd1e,971d9d2d-11ec-458c-ae0f-70dea961b5f6,Reading and Literature,"Non-fiction (biographies, history, self-help, psychology)"
8z6dufof9e,971d9d2d-11ec-458c-ae0f-70dea961b5f6,Health and Wellness,Fitness obstacle course races
ew1bcdvco1,971d9d2d-11ec-458c-ae0f-70dea961b5f6,Travel and Exploration,Urban exploration and historical tours
3dtvchu87p,9065c54b-e305-413b-add6-31a4e78292e4,Travel and Exploration,Road trips and exploring scenic routes
nnkg6zd0f8,9065c54b-e305-413b-add6-31a4e78292e4,Health and Wellness,Fitness obstacle course races
cgp4y8528i,d1ba4a3d-3f4d-4cc1-84cb-c1a152a0cbaa,Health and Wellness,Practicing mindfulness meditation
k49whl7kz5,d1ba4a3d-3f4d-4cc1-84cb-c1a152a0cbaa,Health and Wellness,Yoga retreats wellness tourism
u8lzaf2gwc,d1ba4a3d-3f4d-4cc1-84cb-c1a152a0cbaa,Reading and Literature,"Poetry and poetic forms (haiku, sonnets, free verse)"
tggz2qgmze,9df5dd63-3be7-4712-a8f4-5e8fa62c06e5,Outdoor Activities,Hiking and nature walks
708qg8peti,95539da5-1742-49fd-add5-09072ff90dfc,Travel and Exploration,Ecotourism and sustainable travel
610kyz1kd9,95539da5-1742-49fd-add5-09072ff90dfc,Reading and Literature,Reading challenges and book clubs
4wz88ixmnj,90bf88f2-60fe-4741-96f2-8cd728291276,Outdoor Activities,Wilderness survival skills
d5v3vb5mba,90bf88f2-60fe-4741-96f2-8cd728291276,Health and Wellness,Yoga retreats wellness tourism
0zfi683fir,cdaad357-34df-4a9d-8cc0-e166d2654a7a,Reading and Literature,Audio books and storytelling podcasts
mj6kc47n76,0f2f6fd3-e4c0-4fab-baf3-2ea6f019c464,Travel and Exploration,Road trips and exploring scenic routes
hqbth3he5k,a1529a87-ba1f-4dd1-b2e9-68bf2e0f2c2c,Travel and Exploration,Cruise vacations and sailing adventures
kgoo5v7wpd,fea8b1b5-5a8e-49ba-a575-7f25e75961d3,Outdoor Activities,"Camping (tent camping, RV camping)"
lkabdpg17q,fea8b1b5-5a8e-49ba-a575-7f25e75961d3,Health & Wellness,Nutrition planning meal prepping
ggumj9vnxg,406e2628-55da-41c9-bdd8-e64c31ff7614,Travel and Exploration,Urban exploration and historical tours
r4dlaq04oe,406e2628-55da-41c9-bdd8-e64c31ff7614,Reading and Literature,Literary analysis and book discussions
f089rc7n4i,406e2628-55da-41c9-bdd8-e64c31ff7614,Travel and Exploration,Backpacking and adventure travel
gs91tgvdga,3fef7542-24d6-4800-bbf0-653fbe0ea5e2,Travel and Exploration,Urban exploration and historical tours
ubxjjog6tp,3fef7542-24d6-4800-bbf0-653fbe0ea5e2,Outdoor Activities,Hiking and nature walks
26s9mh41lu,0a1b2bd4-a0b5-4294-a5b3-1f525f325114,Travel and Exploration,Backpacking and adventure travel
c1ju3829om,0a1b2bd4-a0b5-4294-a5b3-1f525f325114,Reading and Literature,Reading challenges and book clubs
3g57g56mvo,0a1b2bd4-a0b5-4294-a5b3-1f525f325114,Reading and Literature,"Fiction (novels, short stories, fantasy, science fiction)"
fa09uvf950,7327de32-1fb3-477b-867b-85df579bdb79,Travel and Exploration,Ecotourism and sustainable travel
z3jh9lwgdn,7327de32-1fb3-477b-867b-85df579bdb79,Reading and Literature,"Fiction (novels, short stories, fantasy, science fiction)"
aqrkhavjsz,81853109-44b3-46e7-915b-933e9b7f39ea,Reading and Literature,"Poetry and poetic forms (haiku, sonnets, free verse)"
oagtler4iq,81853109-44b3-46e7-915b-933e9b7f39ea,Reading and Literature,Literary analysis and book discussions
v9slueu4n7,2f9a05fd-802d-4838-be40-039bcce449d6,Health and Wellness,Yoga retreats wellness tourism
h6bv4m617c,826b176c-4bff-4cea-a78a-eeceb8347257,Reading and Literature,Audio books and storytelling podcasts
f8unp0qxae,826b176c-4bff-4cea-a78a-eeceb8347257,Health and Wellness,Practicing mindfulness meditation
f47y8f1ad8,826b176c-4bff-4cea-a78a-eeceb8347257,Travel and Exploration,Road trips and exploring scenic routes
4224ysgt9k,d90c395f-27df-481b-a4de-70276ea54d99,Outdoor Activities,"Camping (tent camping, RV camping)"
q62478nwcm,d90c395f-27df-481b-a4de-70276ea54d99,Reading and Literature,"Non-fiction (biographies, history, self-help, psychology)"
o8utdm07eh,0a6be1cc-6c67-42ac-a7e6-d550e33e3797,Reading and Literature,"Non-fiction (biographies, history, self-help, psychology)"
3oy2635ir2,0a6be1cc-6c67-42ac-a7e6-d550e33e3797,Health and Wellness,Practicing mindfulness meditation
8eryisrsku,d806f6cd-c337-4326-9370-4ba1d064a6d0,Travel and Exploration,Urban exploration and historical tours
4i59d7twkg,2a3bbeb8-5396-4be5-a8f1-8c4407705460,Health and Wellness,Holistic health practices (acupuncture herbalism)
6edjhs5j9g,00b2744b-14d6-43a5-885d-232b3e4b7b0a,Travel and Exploration,Cruise vacations and sailing adventures
8lajfsb92z,00b2744b-14d6-43a5-885d-232b3e4b7b0a,Reading and Literature,Reading challenges and book clubs
sakfxxkxaj,00b2744b-14d6-43a5-885d-232b3e4b7b0a,Health and Wellness,Practicing mindfulness meditation
p744567wcp,5eb8461a-8ae7-4adc-86f4-5d46d112d814,Outdoor Activities,Wilderness survival skills
e0r434zm57,5eb8461a-8ae7-4adc-86f4-5d46d112d814,Reading and Literature,Literary analysis and book discussions
cf9952yjgo,c8420f54-dbd9-4558-9b75-c75c1ad48bb0,Outdoor Activities,Hiking and nature walks
2l5cpa72v1,c8420f54-dbd9-4558-9b75-c75c1ad48bb0,Reading and Literature,"Non-fiction (biographies, history, self-help, psychology)"
wsebpeixdb,c8420f54-dbd9-4558-9b75-c75c1ad48bb0,Reading and Literature,"Fiction (novels, short stories, fantasy, science fiction)"
mxtjq1ni77,731bd10c-0ea8-4d1b-8e1b-dc7d3a6aa4db,Reading and Literature,Literary analysis and book discussions
99jqkw0k9x,731bd10c-0ea8-4d1b-8e1b-dc7d3a6aa4db,Health and Wellness,Yoga retreats wellness tourism
9m34cha76o,6f1b4cd3-b9d7-43e7-92ff-5667b28da6f3,Reading and Literature,Literary analysis and book discussions
obefdrmbml,6f1b4cd3-b9d7-43e7-92ff-5667b28da6f3,Outdoor Activities,Hiking and nature walks
whaq2hdlb1,6f1b4cd3-b9d7-43e7-92ff-5667b28da6f3,Health and Wellness,Practicing mindfulness meditation
3dq4b956ur,384274db-ed75-4339-9683-af80fe1e7bba,Health and Wellness,Holistic health practices (acupuncture herbalism)
gx0xqe5utg,3be3383b-990e-4677-bfa5-dab91f017c7a,Reading and Literature,"Fiction (novels, short stories, fantasy, science fiction)"
fq3rftb8wx,3be3383b-990e-4677-bfa5-dab91f017c7a,Reading and Literature,"Non-fiction (biographies, history, self-help, psychology)"
249f6w9llh,bf29a6b9-700c-457b-a038-5fb689a2ef2a,Travel and Exploration,Road trips and exploring scenic routes
ru54dk3u55,bf29a6b9-700c-457b-a038-5fb689a2ef2a,Health and Wellness,Yoga retreats wellness tourism
43c6gy2xo5,bf29a6b9-700c-457b-a038-5fb689a2ef2a,Outdoor Activities,"Camping (tent camping, RV camping)"
8d9qx9iwus,24009d6b-1f2a-40f7-95ea-616fa6a70a4e,Health & Wellness,Nutrition planning meal prepping
s62837sk4z,78170828-ae3b-48aa-a0d8-b055488bc14e,Reading and Literature,"Non-fiction (biographies, history, self-help, psychology)"
v2qp5ncqg6,fe091807-d498-403d-a821-8b4b1ab5211c,Outdoor Activities,"Camping (tent camping, RV camping)"
lpm1az875j,fe091807-d498-403d-a821-8b4b1ab5211c,Reading and Literature,Literary analysis and book discussions
60lvwenkfc,fe091807-d498-403d-a821-8b4b1ab5211c,Reading and Literature,Audio books and storytelling podcasts
nm9rc2l5fv,afb3bf01-3024-4db5-8c75-d9cd6e0c4ffe,Reading and Literature,"Fiction (novels, short stories, fantasy, science fiction)"
nn05mbysmy,afb3bf01-3024-4db5-8c75-d9cd6e0c4ffe,Reading and Literature,"Poetry and poetic forms (haiku, sonnets, free verse)"
0n4xg4j315,94b4db52-82f3-4638-86f4-19b28cee8315,Health and Wellness,Yoga retreats wellness tourism
diqvpk69ew,94b4db52-82f3-4638-86f4-19b28cee8315,Reading and Literature,Literary analysis and book discussions
lgdiya740f,583ff1e7-c07b-44f2-acb5-d23266975d81,Outdoor Activities,Hiking and nature walks
2w94zkww1y,dd601c90-61fb-419a-b070-bd0c79ee5895,Travel and Exploration,Cruise vacations and sailing adventures
dw1t2i6hri,dd601c90-61fb-419a-b070-bd0c79ee5895,Travel and Exploration,Backpacking and adventure travel
s3a9o20rtu,da392664-893e-468e-a696-2cde12ab2249,Reading and Literature,Audio books and storytelling podcasts
fnbhp3mj8s,da392664-893e-468e-a696-2cde12ab2249,Outdoor Activities,"Camping (tent camping, RV camping)"
ednlu2soxg,d15ec2a6-f8e0-4eb0-983e-57f3f54bd6ba,Outdoor Activities,Hiking and nature walks
mejwt7h37k,d15ec2a6-f8e0-4eb0-983e-57f3f54bd6ba,Outdoor Activities,Wilderness survival skills
h1hfzuf3tv,ce211790-cf19-47e6-bdc0-c072b4cc9d54,Reading and Literature,"Poetry and poetic forms (haiku, sonnets, free verse)"
myuak578a4,c6c0c2b8-8ce4-4ea7-9f10-2410eb7bd26e,Travel and Exploration,Road trips and exploring scenic routes
gnjb44myjb,c6c0c2b8-8ce4-4ea7-9f10-2410eb7bd26e,Outdoor Activities,Wilderness survival skills
5sd5alzb6x,c6c0c2b8-8ce4-4ea7-9f10-2410eb7bd26e,Travel and Exploration,Ecotourism and sustainable travel
7jcgrkahyr,b3ce178d-432b-467f-88a2-c5da90e3133b,Health and Wellness,Holistic health practices (acupuncture herbalism)
l2drknw342,b3ce178d-432b-467f-88a2-c5da90e3133b,Reading and Literature,"Poetry and poetic forms (haiku, sonnets, free verse)"
843ustu144,d4041865-1351-4ce2-bdc2-ac01a9646922,Reading and Literature,Reading challenges and book clubs
vb9t1isuco,2a17c521-0afd-48d9-9fd6-0974aa1073c8,Outdoor Activities,"Camping (tent camping, RV camping)"
4j4qym9kq7,3772c865-81fb-4f38-a57e-c8c001cb7303,Reading and Literature,Audio books and storytelling podcasts
mr20wi4jdp,3772c865-81fb-4f38-a57e-c8c001cb7303,Health and Wellness,Fitness obstacle course races
lcbnrfezii,3772c865-81fb-4f38-a57e-c8c001cb7303,Outdoor Activities,Hiking and nature walks
2pyvy30ly7,6329aed8-1ab9-4f1b-bc8c-a1659190fe6d,Travel and Exploration,Cruise vacations and sailing adventures
1s52ijzukp,6329aed8-1ab9-4f1b-bc8c-a1659190fe6d,Reading and Literature,Literary analysis and book discussions
cwwumbdmqe,8b46c6f2-19e2-430c-8b16-402437c43d55,Outdoor Activities,Wilderness survival skills
492j6vva7r,8b46c6f2-19e2-430c-8b16-402437c43d55,Travel and Exploration,Cruise vacations and sailing adventures
m9do2eiq0m,9e313f83-24e9-4d1d-b375-c1c96dea1b8a,Outdoor Activities,Wilderness survival skills
6rwkjhnuho,9e313f83-24e9-4d1d-b375-c1c96dea1b8a,Travel and Exploration,Ecotourism and sustainable travel
3ijhmp7y0p,9e313f83-24e9-4d1d-b375-c1c96dea1b8a,Health and Wellness,Yoga retreats wellness tourism
ieh50x1m7i,d2702d94-ccea-4b91-bf97-4daf5b812493,Travel and Exploration,Ecotourism and sustainable travel
sbt4ckchou,d2702d94-ccea-4b91-bf97-4daf5b812493,Health and Wellness,Fitness obstacle course races
9l79x9byqx,d2702d94-ccea-4b91-bf97-4daf5b812493,Health and Wellness,Holistic health practices (acupuncture herbalism)
7y0qxy6jly,1653db57-504f-443e-95f9-efaf04ccb8cd,Travel and Exploration,Ecotourism and sustainable travel
idrem2bos0,aa8592ef-7370-4c10-9caa-27f57a56238c,Outdoor Activities,Hiking and nature walks
j3q1u7dpk2,5831b241-ec64-421b-aa80-4b802bfed582,Reading and Literature,"Fiction (novels, short stories, fantasy, science fiction)"
97q13triko,5831b241-ec64-421b-aa80-4b802bfed582,Reading and Literature,Audio books and storytelling podcasts
zprc4yhh31,5831b241-ec64-421b-aa80-4b802bfed582,Health and Wellness,Yoga retreats wellness tourism
biqr2jehf1,0a81c4d2-4bbb-4f9d-a53a-caf49d5821ce,Reading and Literature,Reading challenges and book clubs
ugx1p8ehcs,0a81c4d2-4bbb-4f9d-a53a-caf49d5821ce,Reading and Literature,"Poetry and poetic forms (haiku, sonnets, free verse)"
ikizarkp50,efd7ba16-f102-4a6a-a788-78520e8e5405,Travel and Exploration,Cruise vacations and sailing adventures
iszn6cdd9d,f7c440ab-eb9a-41f4-a0ef-8504fae968ad,Travel and Exploration,Visiting new countries and cultures
sqt0wkq8lw,38fe4ce3-ed76-4a64-9653-af4c4923316f,Health and Wellness,Fitness obstacle course races
wxo8hgpcja,38fe4ce3-ed76-4a64-9653-af4c4923316f,Travel and Exploration,Backpacking and adventure travel
s3jk7powg6,e946e521-be03-47f0-b78d-63196f2d3d1c,Outdoor Activities,Hiking and nature walks
fxf3ilm7cb,0641295b-ce22-4d25-bd22-235a9c19808a,Reading and Literature,Literary analysis and book discussions
7stvvo5il0,0641295b-ce22-4d25-bd22-235a9c19808a,Reading and Literature,"Poetry and poetic forms (haiku, sonnets, free verse)"
mj4befn0tl,c24c89d1-518c-4398-a2ee-b56dc67ef2cc,Health and Wellness,Yoga retreats wellness tourism
besrjdyiqq,c24c89d1-518c-4398-a2ee-b56dc67ef2cc,Health & Wellness,Nutrition planning meal prepping
qxomyoi60q,4ea89c44-3c13-45a4-8c11-ef8c93e050e8,Health & Wellness,Nutrition planning meal prepping
6czm2b0obr,4ea89c44-3c13-45a4-8c11-ef8c93e050e8,Health and Wellness,Holistic health practices (acupuncture herbalism)
3lef1m3fnq,5331c61a-44d2-4826-b678-e428a9783dbb,Travel and Exploration,Backpacking and adventure travel
nxm0vfrfwo,5331c61a-44d2-4826-b678-e428a9783dbb,Travel and Exploration,Cruise vacations and sailing adventures
gbucn90th7,5331c61a-44d2-4826-b678-e428a9783dbb,Travel and Exploration,Ecotourism and sustainable travel
gf15y2mrnz,1af28cf5-4aa5-460c-881d-9f7a684f9fd1,Reading and Literature,Literary analysis and book discussions
lij240rl8k,1af28cf5-4aa5-460c-881d-9f7a684f9fd1,Travel and Exploration,Road trips and exploring scenic routes
don14c348h,1af28cf5-4aa5-460c-881d-9f7a684f9fd1,Outdoor Activities,Hiking and nature walks
t1rv5f7pav,0e4c7eae-8e91-4187-be4a-69f19582623d,Travel and Exploration,Road trips and exploring scenic routes
ysizgzngq5,0e4c7eae-8e91-4187-be4a-69f19582623d,Travel and Exploration,Backpacking and adventure travel
c2u5s2cma1,0e4c7eae-8e91-4187-be4a-69f19582623d,Outdoor Activities,"Camping (tent camping, RV camping)"
g6diq72246,7c6b2713-98e3-4cca-a8ff-2af6f7e0e37b,Outdoor Activities,Hiking and nature walks
aibr0io86l,7c6b2713-98e3-4cca-a8ff-2af6f7e0e37b,Travel and Exploration,Ecotourism and sustainable travel
2wki59ds52,9f3d65b1-49e0-46b2-8a99-57137de7775d,Travel and Exploration,Ecotourism and sustainable travel
omfrvgz27w,9f3d65b1-49e0-46b2-8a99-57137de7775d,Travel and Exploration,Visiting new countries and cultures
rs95pna61z,7f3bb756-9849-4c9f-be33-d41c882ca9e7,Travel and Exploration,Backpacking and adventure travel
urcmd97lpb,7f3bb756-9849-4c9f-be33-d41c882ca9e7,Outdoor Activities,Wilderness survival skills
v4gzg8fipr,7f3bb756-9849-4c9f-be33-d41c882ca9e7,Health and Wellness,Holistic health practices (acupuncture herbalism)
hwsmxr2b9l,1624fb6d-d734-4455-ad82-f77dfd78cf89,Outdoor Activities,"Camping (tent camping, RV camping)"
i059jd8h3k,6402defd-144b-45fb-a5cc-8ff168b4db9a,Reading and Literature,"Non-fiction (biographies, history, self-help, psychology)"
17yr322hzu,6402defd-144b-45fb-a5cc-8ff168b4db9a,Outdoor Activities,"Camping (tent camping, RV camping)"
as3pvglb6v,48a211bd-0cad-48b3-9571-d400234457cf,Health and Wellness,Practicing mindfulness meditation
mn5smfcp5o,c898ae70-6be9-4afc-afa3-e68e05273a2b,Travel and Exploration,Urban exploration and historical tours
1xjwv8vwuh,017dafb9-2614-4e69-a87d-4444a55e83c9,Reading and Literature,"Poetry and poetic forms (haiku, sonnets, free verse)"
uecbrcdvx0,017dafb9-2614-4e69-a87d-4444a55e83c9,Health & Wellness,Nutrition planning meal prepping
iaugktgfxp,34f80897-2080-46d9-a7a3-2bcdcaa37d89,Travel and Exploration,Visiting new countries and cultures
6kcdjfjfub,34f80897-2080-46d9-a7a3-2bcdcaa37d89,Outdoor Activities,Hiking and nature walks
6qc8d3size,acaa7e5e-d908-4641-8239-af6edfa02d9d,Health and Wellness,Holistic health practices (acupuncture herbalism)
8kpyunxwv3,23eb6caa-c8cd-46f3-ae56-170ed4514a4b,Travel and Exploration,Road trips and exploring scenic routes
04bcdx94rq,cc61581c-5408-4783-852c-ceb792d94461,Reading and Literature,"Poetry and poetic forms (haiku, sonnets, free verse)"
393rcr8wpv,cc61581c-5408-4783-852c-ceb792d94461,Travel and Exploration,Cruise vacations and sailing adventures
tdysyqhwa0,cc61581c-5408-4783-852c-ceb792d94461,Reading and Literature,Literary analysis and book discussions
shjiu4qdja,35e97df2-344e-45da-b822-5b2b728979cc,Health and Wellness,Practicing mindfulness meditation
ftasqn7z65,35e97df2-344e-45da-b822-5b2b728979cc,Reading and Literature,Literary analysis and book discussions
vskjylszuq,35e97df2-344e-45da-b822-5b2b728979cc,Reading and Literature,Audio books and storytelling podcasts
c1wwxqni30,c36f0ef4-9639-4852-a94b-849c94e30893,Travel and Exploration,Ecotourism and sustainable travel
u7v24sjoc2,c36f0ef4-9639-4852-a94b-849c94e30893,Reading and Literature,Audio books and storytelling podcasts
gfgu222sbz,a98dffce-9c37-4e40-b670-90ec90880b2a,Travel and Exploration,Ecotourism and sustainable travel
sxc3lsuizc,a98dffce-9c37-4e40-b670-90ec90880b2a,Health and Wellness,Fitness obstacle course races
fqewfr6qwa,a98dffce-9c37-4e40-b670-90ec90880b2a,Reading and Literature,Reading challenges and book clubs
1da5we3yfr,5267a01b-6aba-4397-8563-240b76eea5ff,Reading and Literature,Reading challenges and book clubs
eb2fq5gi4e,5267a01b-6aba-4397-8563-240b76eea5ff,Reading and Literature,Audio books and storytelling podcasts
1mye6dhrcc,5267a01b-6aba-4397-8563-240b76eea5ff,Health and Wellness,Fitness obstacle course races
5gynke2zlq,032be5bb-852d-4ace-a3b4-ec7e72c75126,Outdoor Activities,Wilderness survival skills
6o2zkkv10h,032be5bb-852d-4ace-a3b4-ec7e72c75126,Reading and Literature,Reading challenges and book clubs
n304ppg8xi,032be5bb-852d-4ace-a3b4-ec7e72c75126,Health and Wellness,Holistic health practices (acupuncture herbalism)
wq7q4bbdcd,769f1f98-185a-4d47-b69e-4b033e4d2b3b,Outdoor Activities,"Camping (tent camping, RV camping)"
zth5hbg90q,769f1f98-185a-4d47-b69e-4b033e4d2b3b,Travel and Exploration,Cruise vacations and sailing adventures
a3red357gd,769f1f98-185a-4d47-b69e-4b033e4d2b3b,Travel and Exploration,Backpacking and adventure travel
58bygoheww,5a54bd5e-bc08-4852-befc-cff0f7c2d3f9,Reading and Literature,Audio books and storytelling podcasts
lca1o33w54,7eb4361a-0346-4266-b3f4-2743e267cd25,Reading and Literature,Reading challenges and book clubs
wx9qtug9g2,7eb4361a-0346-4266-b3f4-2743e267cd25,Reading and Literature,Audio books and storytelling podcasts
r935utud2t,19e8ff80-c4dc-4bbc-a310-a044cc15730c,Reading and Literature,Audio books and storytelling podcasts
o7i3na09uh,19e8ff80-c4dc-4bbc-a310-a044cc15730c,Health and Wellness,Holistic health practices (acupuncture herbalism)
uread89l6p,19e8ff80-c4dc-4bbc-a310-a044cc15730c,Travel and Exploration,Ecotourism and sustainable travel
vghl6yljh2,66e16738-0686-4928-ab32-53571ee18a2f,Outdoor Activities,Hiking and nature walks
exfg83co1f,29f0b517-7c10-4698-87ad-1881dc20ea1a,Outdoor Activities,"Camping (tent camping, RV camping)"
36eug8b8qe,446a6736-d918-46fd-adbb-fedfa481339d,Travel and Exploration,Urban exploration and historical tours
aum6k09afi,8e64804f-0676-4f63-8f4f-a7345c585314,Health and Wellness,Practicing mindfulness meditation
m8uqv5aoqj,8e64804f-0676-4f63-8f4f-a7345c585314,Travel and Exploration,Visiting new countries and cultures
9ewklp05z0,8e64804f-0676-4f63-8f4f-a7345c585314,Health and Wellness,Holistic health practices (acupuncture herbalism)
zydygr0hzo,57b1481a-397b-45ca-89f7-a21359b9c83a,Reading and Literature,"Poetry and poetic forms (haiku, sonnets, free verse)"
mdlnxhx51m,57b1481a-397b-45ca-89f7-a21359b9c83a,Travel and Exploration,Visiting new countries and cultures
4411xtfyrl,57b1481a-397b-45ca-89f7-a21359b9c83a,Health and Wellness,Practicing mindfulness meditation
mz9o8cgpxb,cba45ba3-72a6-4c86-ad93-6d225f4700aa,Outdoor Activities,Wilderness survival skills
goj8rr7h3n,cba45ba3-72a6-4c86-ad93-6d225f4700aa,Reading and Literature,"Non-fiction (biographies, history, self-help, psychology)"
lcsvvoip3k,9abdd8c2-1764-49c1-afe1-f574293840fe,Reading and Literature,Reading challenges and book clubs
fblbt6kyc0,9abdd8c2-1764-49c1-afe1-f574293840fe,Health and Wellness,Holistic health practices (acupuncture herbalism)
9w1kt1w0jf,9abdd8c2-1764-49c1-afe1-f574293840fe,Outdoor Activities,Hiking and nature walks
72zgb0pyt9,2b8ee594-8f21-4d3f-9de4-881662f13a31,Travel and Exploration,Visiting new countries and cultures
7ppjsmptbl,2b8ee594-8f21-4d3f-9de4-881662f13a31,Travel and Exploration,Urban exploration and historical tours
a39d7l0oy3,2b8ee594-8f21-4d3f-9de4-881662f13a31,Health and Wellness,Fitness obstacle course races
ly4pkp6rae,4d21c025-7c10-489c-b83e-85d1c3bb8c66,Reading and Literature,"Fiction (novels, short stories, fantasy, science fiction)"
cc7iubrdv9,1248d5c7-2813-43e3-9404-a7fa3ea924c7,Travel and Exploration,Visiting new countries and cultures
9jsgdgvrkx,1248d5c7-2813-43e3-9404-a7fa3ea924c7,Travel and Exploration,Ecotourism and sustainable travel
0o10sz0a6c,a8879e8b-368d-4bff-9b03-d699e21d684d,Reading and Literature,"Fiction (novels, short stories, fantasy, science fiction)"
0i6jyox107,a8879e8b-368d-4bff-9b03-d699e21d684d,Outdoor Activities,Wilderness survival skills
u7vrba4dij,a8879e8b-368d-4bff-9b03-d699e21d684d,Travel and Exploration,Urban exploration and historical tours
gzbi433n2o,2d9b6320-d18f-40d7-b716-dafb2137cbe0,Health and Wellness,Fitness obstacle course races
5xbp8xbdb2,2d9b6320-d18f-40d7-b716-dafb2137cbe0,Travel and Exploration,Visiting new countries and cultures
1fqi292l70,2d9b6320-d18f-40d7-b716-dafb2137cbe0,Travel and Exploration,Backpacking and adventure travel
1hvyj2ygv0,0a6bb360-9e2f-4814-833f-5918fdcd6525,Travel and Exploration,Ecotourism and sustainable travel
f1a5ha0hvo,05d13956-e1a5-4ff8-9204-2af2f626d2e7,Health & Wellness,Nutrition planning meal prepping
6a33pwhgyo,3a5943b0-df83-430f-a8eb-0bf14a45091d,Reading and Literature,Reading challenges and book clubs
wnedpkamze,3a5943b0-df83-430f-a8eb-0bf14a45091d,Outdoor Activities,"Camping (tent camping, RV camping)"
3sru47pwgf,3a5943b0-df83-430f-a8eb-0bf14a45091d,Travel and Exploration,Visiting new countries and cultures
o4minxzf7i,13430e1d-25ef-422f-a98d-6fbe30614260,Reading and Literature,"Poetry and poetic forms (haiku, sonnets, free verse)"
711j3775sd,13430e1d-25ef-422f-a98d-6fbe30614260,Health & Wellness,Nutrition planning meal prepping
n8vf0fqjdy,62ed2ab1-dbcb-4c58-9a45-1c0b7abc0e02,Travel and Exploration,Visiting new countries and cultures
xsiaxtkcc2,62ed2ab1-dbcb-4c58-9a45-1c0b7abc0e02,Travel and Exploration,Ecotourism and sustainable travel
jfnd4s187s,a0a22061-b48a-4383-83f4-540792c88a60,Reading and Literature,Reading challenges and book clubs
ja1wwsnji1,9c8cea12-bf89-4927-8f7e-499e48cec2a5,Travel and Exploration,Visiting new countries and cultures
p4a7c747ni,b33b4dec-5054-43c4-a991-f69f32442b93,Reading and Literature,"Poetry and poetic forms (haiku, sonnets, free verse)"
jqd6tvcg70,b33b4dec-5054-43c4-a991-f69f32442b93,Health and Wellness,Practicing mindfulness meditation
vzov46kvzh,b33b4dec-5054-43c4-a991-f69f32442b93,Outdoor Activities,Hiking and nature walks
0ptbnqnely,9cac4a37-d8b0-458b-8aad-b2598385d3e3,Travel and Exploration,Road trips and exploring scenic routes
5171r9xtzt,d1c646c0-3b46-4b62-9896-b4a193e0776d,Reading and Literature,Reading challenges and book clubs
odgk56879l,d1c646c0-3b46-4b62-9896-b4a193e0776d,Travel and Exploration,Road trips and exploring scenic routes
iztd2p22a7,d1c646c0-3b46-4b62-9896-b4a193e0776d,Reading and Literature,"Non-fiction (biographies, history, self-help, psychology)"
egxw23lhsg,3d3e3a5c-ef36-476c-b31f-2c0a899f79e5,Travel and Exploration,Road trips and exploring scenic routes
ooig4ia2hh,3d3e3a5c-ef36-476c-b31f-2c0a899f79e5,Travel and Exploration,Backpacking and adventure travel
3z6x9t5pb1,e195d64d-856c-4651-a687-41a3651517c6,Health & Wellness,Nutrition planning meal prepping
ug7pyi666b,e195d64d-856c-4651-a687-41a3651517c6,Reading and Literature,Literary analysis and book discussions
ci18aolumk,168d4986-f441-48f6-ab17-8d02e91a06ae,Reading and Literature,"Non-fiction (biographies, history, self-help, psychology)"
mtbp731h51,168d4986-f441-48f6-ab17-8d02e91a06ae,Reading and Literature,Reading challenges and book clubs
q637fgl579,168d4986-f441-48f6-ab17-8d02e91a06ae,Reading and Literature,"Fiction (novels, short stories, fantasy, science fiction)"
m8n8t4tx34,84d92b1c-752c-4656-aff1-72bb2f683c01,Outdoor Activities,Wilderness survival skills
yv37frqu0y,e100e16d-8092-4960-8a41-ee2bb2ccbb60,Reading and Literature,Reading challenges and book clubs
xxqctj74ha,e100e16d-8092-4960-8a41-ee2bb2ccbb60,Travel and Exploration,Backpacking and adventure travel
219rvpumph,784976b4-a654-4f49-8337-4c8d4115eb10,Reading and Literature,"Poetry and poetic forms (haiku, sonnets, free verse)"
jduyt32qek,a9740197-7659-4b8f-9470-80a4608c3608,Travel and Exploration,Backpacking and adventure travel
01wmmju7um,a9740197-7659-4b8f-9470-80a4608c3608,Travel and Exploration,Visiting new countries and cultures
setyv963yw,d08250b4-b3d9-4846-9aef-459af3cb1135,Health and Wellness,Holistic health practices (acupuncture herbalism)
cifjvdupo7,d08250b4-b3d9-4846-9aef-459af3cb1135,Outdoor Activities,"Camping (tent camping, RV camping)"
vbxd2xzg1v,d08250b4-b3d9-4846-9aef-459af3cb1135,Health and Wellness,Fitness obstacle course races
mv49138uvh,40d549ce-c65a-45e1-8681-c80cae22d689,Reading and Literature,"Non-fiction (biographies, history, self-help, psychology)"
f7subo75bj,40d549ce-c65a-45e1-8681-c80cae22d689,Travel and Exploration,Ecotourism and sustainable travel
8spqsmpamy,40d549ce-c65a-45e1-8681-c80cae22d689,Travel and Exploration,Road trips and exploring scenic routes
uvbunxr5bh,2bdf7d6d-dee1-4e06-b23c-e3f75fee32f5,Outdoor Activities,Wilderness survival skills
25ycgn38g0,2bdf7d6d-dee1-4e06-b23c-e3f75fee32f5,Health and Wellness,Holistic health practices (acupuncture herbalism)
dv3bdocawf,2bdf7d6d-dee1-4e06-b23c-e3f75fee32f5,Reading and Literature,Audio books and storytelling podcasts
xq3nlvtzrs,b196f8f2-a41f-450b-bef8-4831de113d09,Health and Wellness,Practicing mindfulness meditation
o27sj89a2j,b196f8f2-a41f-450b-bef8-4831de113d09,Health and Wellness,Fitness obstacle course races
trm7bumrq2,f98271d1-0a1b-4c0f-afa1-befda3ca347f,Health and Wellness,Practicing mindfulness meditation
oxddncpl2r,85cec75e-6d78-41b8-9ffd-de0be4afd8fa,Outdoor Activities,Wilderness survival skills
5mm55se2dj,fb898339-208e-486c-aa32-5974b47b3f6e,Reading and Literature,Literary analysis and book discussions
o1wknfxtgs,ba58a0ff-6ef8-4870-8695-cfe007894213,Outdoor Activities,Hiking and nature walks
gqf7buz6sl,ba58a0ff-6ef8-4870-8695-cfe007894213,Reading and Literature,"Poetry and poetic forms (haiku, sonnets, free verse)"
qkbfuv2yuy,4a062f89-386c-4e4a-ae63-c3b47c060db5,Health and Wellness,Fitness obstacle course races
y1dwltndw3,4a062f89-386c-4e4a-ae63-c3b47c060db5,Outdoor Activities,"Camping (tent camping, RV camping)"
i034l0tibn,a5576e2e-c773-4037-acc7-f1331577a7a5,Reading and Literature,"Poetry and poetic forms (haiku, sonnets, free verse)"
ledixyk4yp,a5576e2e-c773-4037-acc7-f1331577a7a5,Travel and Exploration,Visiting new countries and cultures
kq86e5gtqx,1e002314-9e4c-4e5b-a86f-715f66e8e62d,Travel and Exploration,Visiting new countries and cultures
zq0vg2zn9y,1e002314-9e4c-4e5b-a86f-715f66e8e62d,Health and Wellness,Holistic health practices (acupuncture herbalism)
okc7zrdxf6,abbbe018-e0c7-4ec0-8596-7e9a0ae0b293,Travel and Exploration,Road trips and exploring scenic routes
nq3osa5eou,abbbe018-e0c7-4ec0-8596-7e9a0ae0b293,Reading and Literature,Literary analysis and book discussions
k8x8wych84,8918abdb-551c-46a9-a286-6eb0be062f06,Reading and Literature,"Fiction (novels, short stories, fantasy, science fiction)"
9jv5v6mi3x,beba6d77-2746-44cb-9115-442af30be195,Health and Wellness,Holistic health practices (acupuncture herbalism)
hmy1opazpp,beba6d77-2746-44cb-9115-442af30be195,Outdoor Activities,"Camping (tent camping, RV camping)"
c7idgg8oy3,278e3e26-17af-4c92-beba-d0227c43af08,Health and Wellness,Yoga retreats wellness tourism
ps6muxm2ir,278e3e26-17af-4c92-beba-d0227c43af08,Reading and Literature,"Fiction (novels, short stories, fantasy, science fiction)"
y4pm7fpc8f,36a86dfc-a4b1-4203-a96d-f2e6ba9db90a,Health and Wellness,Holistic health practices (acupuncture herbalism)
hg330vx46l,f169e676-dfa2-4bb2-8988-1b6de6c86faf,Travel and Exploration,Cruise vacations and sailing adventures
h5yml31yw4,f169e676-dfa2-4bb2-8988-1b6de6c86faf,Health & Wellness,Nutrition planning meal prepping
qsjt7gaddw,ab328f1e-368e-4106-a169-fc18d8930ed2,Health and Wellness,Holistic health practices (acupuncture herbalism)
1mdx013ufz,270fc4ae-8d3e-4225-b912-4a16486a8dcc,Reading and Literature,"Non-fiction (biographies, history, self-help, psychology)"
k2tuco6kk1,36255b3c-eb24-4b63-94d4-aae23cc85c18,Health & Wellness,Nutrition planning meal prepping
hdbi18in7b,36255b3c-eb24-4b63-94d4-aae23cc85c18,Outdoor Activities,Hiking and nature walks
dlfr1cpna4,36255b3c-eb24-4b63-94d4-aae23cc85c18,Travel and Exploration,Urban exploration and historical tours
vo5ai7ymgb,516a1e30-15c6-4696-b8a9-aa09ac841f68,Health and Wellness,Holistic health practices (acupuncture herbalism)
ethkwgfdbk,516a1e30-15c6-4696-b8a9-aa09ac841f68,Travel and Exploration,Visiting new countries and cultures
t6pxvel828,516a1e30-15c6-4696-b8a9-aa09ac841f68,Reading and Literature,Audio books and storytelling podcasts
akd1zvakth,2e308e78-c5ac-4d79-b75b-45352da82f6a,Travel and Exploration,Urban exploration and historical tours
rnv3l1eyq0,2e308e78-c5ac-4d79-b75b-45352da82f6a,Outdoor Activities,Wilderness survival skills
hm20226271,2e308e78-c5ac-4d79-b75b-45352da82f6a,Health and Wellness,Holistic health practices (acupuncture herbalism)
7v7gqftxf5,4545aad3-9588-49cc-8234-72d0b029af55,Travel and Exploration,Road trips and exploring scenic routes
mvvvcfw25g,4545aad3-9588-49cc-8234-72d0b029af55,Travel and Exploration,Backpacking and adventure travel
idxs9csxna,4545aad3-9588-49cc-8234-72d0b029af55,Outdoor Activities,Hiking and nature walks
hmtna1l3vy,7c1b3fe6-ea6a-4359-aed7-4ffbfe8fab81,Travel and Exploration,Road trips and exploring scenic routes
s9c3ier432,7c1b3fe6-ea6a-4359-aed7-4ffbfe8fab81,Travel and Exploration,Visiting new countries and cultures
t248dravmj,16d3a30f-01fa-467c-bc5d-1c0fc7a37cec,Reading and Literature,"Fiction (novels, short stories, fantasy, science fiction)"
e6bjwqecuv,16d3a30f-01fa-467c-bc5d-1c0fc7a37cec,Outdoor Activities,Wilderness survival skills
uuui8a8359,16d3a30f-01fa-467c-bc5d-1c0fc7a37cec,Travel and Exploration,Ecotourism and sustainable travel
xglbnjhuan,af0b011e-97a6-4828-8541-f7f292d725b7,Travel and Exploration,Cruise vacations and sailing adventures
rw7abjhuek,4c17b6f5-d033-4b76-9cc2-77ac4c0f7b3c,Outdoor Activities,"Camping (tent camping, RV camping)"
67xote4c22,4c17b6f5-d033-4b76-9cc2-77ac4c0f7b3c,Health and Wellness,Fitness obstacle course races
8wc46zrgiz,6773a374-d094-4683-9937-75e9f84285f5,Reading and Literature,"Non-fiction (biographies, history, self-help, psychology)"
34cgyoyax0,6773a374-d094-4683-9937-75e9f84285f5,Travel and Exploration,Backpacking and adventure travel
r1bi5ewkt8,6773a374-d094-4683-9937-75e9f84285f5,Reading and Literature,Literary analysis and book discussions
rh0i8mpuvm,9b016ead-f52c-4b53-bc93-f3bef9b2b10c,Outdoor Activities,"Camping (tent camping, RV camping)"
3jvt6xidci,78c163fd-54c0-48b0-a9c8-53003106c2b2,Health and Wellness,Fitness obstacle course races
ios2hyvg46,78c163fd-54c0-48b0-a9c8-53003106c2b2,Reading and Literature,"Poetry and poetic forms (haiku, sonnets, free verse)"
leh5e6wfod,b78d9ecf-aeb4-482f-a9fe-4c23b881c9f5,Reading and Literature,"Non-fiction (biographies, history, self-help, psychology)"
fztv0jasuz,b78d9ecf-aeb4-482f-a9fe-4c23b881c9f5,Reading and Literature,Literary analysis and book discussions
ypixn9w842,eab03506-cdaa-498a-ab15-cf3525ad6032,Travel and Exploration,Backpacking and adventure travel
ye3zlokzeq,eab03506-cdaa-498a-ab15-cf3525ad6032,Travel and Exploration,Urban exploration and historical tours
arfnhe9xwv,eab03506-cdaa-498a-ab15-cf3525ad6032,Reading and Literature,"Fiction (novels, short stories, fantasy, science fiction)"
7lq9jocxz8,73a7bafa-320d-49fc-924d-2974054e7bf0,Reading and Literature,Audio books and storytelling podcasts
o2jtzpbhba,73a7bafa-320d-49fc-924d-2974054e7bf0,Outdoor Activities,"Camping (tent camping, RV camping)"
uxdqn9fr1a,89ac739c-0249-40ff-a3f8-209f78a681b1,Health and Wellness,Fitness obstacle course races
r1ogid0a99,259b699d-ff6a-4158-afa7-1d9f2864af4e,Health and Wellness,Practicing mindfulness meditation
6n6xdrh7mh,259b699d-ff6a-4158-afa7-1d9f2864af4e,Reading and Literature,Audio books and storytelling podcasts
j7z93krxhd,7a6cc43f-f920-4a1d-9e6f-eb4bdd354a9d,Reading and Literature,Audio books and storytelling podcasts
xw7nt53u2p,398bab70-e0d6-49e7-b51a-37d23bd9f198,Travel and Exploration,Cruise vacations and sailing adventures
g424t8yedh,398bab70-e0d6-49e7-b51a-37d23bd9f198,Travel and Exploration,Backpacking and adventure travel
r5we37nd11,a7c749d9-a29d-4d13-b327-d13bc21e8e62,Outdoor Activities,Hiking and nature walks
j1xxfsffze,a7c749d9-a29d-4d13-b327-d13bc21e8e62,Outdoor Activities,"Camping (tent camping, RV camping)"
oc3wxts5ha,a7c749d9-a29d-4d13-b327-d13bc21e8e62,Health and Wellness,Yoga retreats wellness tourism
vqgqttgf4o,98dcde77-b2fa-43d6-a613-3206ed00316a,Health and Wellness,Yoga retreats wellness tourism
rk1b28uc9x,2ee1265f-5e93-4299-84c0-6ef0f173b6fb,Outdoor Activities,Hiking and nature walks
qikkbx3sqh,2ee1265f-5e93-4299-84c0-6ef0f173b6fb,Reading and Literature,"Fiction (novels, short stories, fantasy, science fiction)"
czpgnsuaus,65cc244f-f8ba-4e7b-9040-62b2da2533c7,Travel and Exploration,Urban exploration and historical tours
1eg5q5hg7m,65cc244f-f8ba-4e7b-9040-62b2da2533c7,Outdoor Activities,Hiking and nature walks
8v1qu6kij5,8d40631b-f87c-43bf-8d31-514d708c7bcd,Outdoor Activities,"Camping (tent camping, RV camping)"
37olh2zcsl,8d40631b-f87c-43bf-8d31-514d708c7bcd,Reading and Literature,Audio books and storytelling podcasts
66rblp8mmn,0cbf2c03-c632-4ff5-ae37-e46ea7a2be7c,Outdoor Activities,"Camping (tent camping, RV camping)"
r7efla0gu5,0fde95b8-adea-4943-9233-de8783e05c5c,Health & Wellness,Nutrition planning meal prepping
46lq94ql2y,ff2a4bb0-799b-4bb9-a71d-809ba9519cbe,Health & Wellness,Nutrition planning meal prepping
6dc55gg6f4,69cc3dfc-35ac-41bd-9cde-c9eb3f27d8a6,Travel and Exploration,Cruise vacations and sailing adventures
f0p7je61hv,69cc3dfc-35ac-41bd-9cde-c9eb3f27d8a6,Travel and Exploration,Backpacking and adventure travel
g02zd9k55h,69cc3dfc-35ac-41bd-9cde-c9eb3f27d8a6,Health and Wellness,Holistic health practices (acupuncture herbalism)
ax5bu0vlfy,2d07d31a-e76b-40c7-8aac-69d0f66b5312,Travel and Exploration,Ecotourism and sustainable travel
qiukibdohi,2d07d31a-e76b-40c7-8aac-69d0f66b5312,Reading and Literature,Reading challenges and book clubs
nib8ytuo4b,2d07d31a-e76b-40c7-8aac-69d0f66b5312,Travel and Exploration,Urban exploration and historical tours
bf62of8os2,d0338c3a-b9e7-4bcc-b1c9-635be60053d0,Travel and Exploration,Urban exploration and historical tours
as1d25oxn2,5403223d-ba31-4b88-bebd-cf22326ea238,Travel and Exploration,Cruise vacations and sailing adventures
0xq1vs6yyq,5403223d-ba31-4b88-bebd-cf22326ea238,Health & Wellness,Nutrition planning meal prepping
u0dpunkj3v,66af97f8-09a7-4c63-99a0-06bdba82b86f,Reading and Literature,Literary analysis and book discussions
1qpvkwxkhz,66af97f8-09a7-4c63-99a0-06bdba82b86f,Outdoor Activities,"Camping (tent camping, RV camping)"
ps64nlb2we,66af97f8-09a7-4c63-99a0-06bdba82b86f,Health and Wellness,Holistic health practices (acupuncture herbalism)
1xioheygoq,d898f586-4baf-408f-9d0f-ad860993e6af,Travel and Exploration,Road trips and exploring scenic routes
y7xzw52znd,19b5b86e-e459-4ee5-9be3-1e07fd2ff7b6,Health and Wellness,Practicing mindfulness meditation
3lpexhwxo4,19b5b86e-e459-4ee5-9be3-1e07fd2ff7b6,Travel and Exploration,Visiting new countries and cultures
rh0ldeygq2,c11de772-c0c8-46b1-a39e-e8e0f8b7317a,Reading and Literature,"Fiction (novels, short stories, fantasy, science fiction)"
52zqtkg4p5,c11de772-c0c8-46b1-a39e-e8e0f8b7317a,Health and Wellness,Yoga retreats wellness tourism
mdjx71rosq,c11de772-c0c8-46b1-a39e-e8e0f8b7317a,Reading and Literature,Reading challenges and book clubs
tpkozx2jcy,11ccec74-5a84-48ae-b300-67bbf4d1cb8e,Reading and Literature,Reading challenges and book clubs
n29e5lpldw,11ccec74-5a84-48ae-b300-67bbf4d1cb8e,Reading and Literature,Audio books and storytelling podcasts
cnfjndz5n6,fc2976d6-4ed8-4f3c-973f-ca00b2794b52,Outdoor Activities,"Camping (tent camping, RV camping)"
tkc8yb4sue,fc2976d6-4ed8-4f3c-973f-ca00b2794b52,Reading and Literature,"Poetry and poetic forms (haiku, sonnets, free verse)"
kxdnwiv25n,abd9026d-b0a5-4584-b406-63058e451c08,Health and Wellness,Practicing mindfulness meditation
bbqbxk901m,abd9026d-b0a5-4584-b406-63058e451c08,Reading and Literature,Audio books and storytelling podcasts
dsbkyrb7nu,e58910f5-4b38-475b-b689-ae7b3bab459f,Reading and Literature,"Non-fiction (biographies, history, self-help, psychology)"
zblxubp1ik,e58910f5-4b38-475b-b689-ae7b3bab459f,Health and Wellness,Yoga retreats wellness tourism
xpmi281ubc,cb100999-f86f-44b6-96e5-b74ecae88737,Health and Wellness,Holistic health practices (acupuncture herbalism)
lt1kyvgqkc,cb100999-f86f-44b6-96e5-b74ecae88737,Outdoor Activities,"Camping (tent camping, RV camping)"
05t25e6dx6,cb100999-f86f-44b6-96e5-b74ecae88737,Reading and Literature,"Poetry and poetic forms (haiku, sonnets, free verse)"
educvjw04p,99a410c4-7939-45da-b36e-ddc84977d52e,Reading and Literature,"Poetry and poetic forms (haiku, sonnets, free verse)"
a3oczpnvp0,99a410c4-7939-45da-b36e-ddc84977d52e,Travel and Exploration,Visiting new countries and cultures
n73yt82200,99a410c4-7939-45da-b36e-ddc84977d52e,Outdoor Activities,Hiking and nature walks
8grx3v1o55,b2111976-8e3c-4d39-809c-b5937acdd146,Reading and Literature,"Non-fiction (biographies, history, self-help, psychology)"
b0n826if04,b2111976-8e3c-4d39-809c-b5937acdd146,Travel and Exploration,Ecotourism and sustainable travel
oqyl9kvksz,b2111976-8e3c-4d39-809c-b5937acdd146,Outdoor Activities,Hiking and nature walks
3qec1qyw14,e7e7552d-12a6-4d62-b65a-fa09e27940e3,Health & Wellness,Nutrition planning meal prepping
tnc2dc5dq5,58ef9605-03ad-4439-a970-fd35bfb123bd,Health and Wellness,Practicing mindfulness meditation
nf9sdxbv26,58ef9605-03ad-4439-a970-fd35bfb123bd,Travel and Exploration,Visiting new countries and cultures
u61yzwftog,58ef9605-03ad-4439-a970-fd35bfb123bd,Reading and Literature,Reading challenges and book clubs
aj9v15w2bb,e54149ed-208b-4da8-b85c-37d0685ec9a4,Health and Wellness,Holistic health practices (acupuncture herbalism)
wnk3wz7pkc,e54149ed-208b-4da8-b85c-37d0685ec9a4,Outdoor Activities,"Camping (tent camping, RV camping)"
f4i95283v0,70e4afbe-e0fb-4e0d-9739-8f87aa81d4d8,Travel and Exploration,Ecotourism and sustainable travel
1r9x490xi0,70e4afbe-e0fb-4e0d-9739-8f87aa81d4d8,Reading and Literature,"Fiction (novels, short stories, fantasy, science fiction)"
86zmgmqzu3,70e4afbe-e0fb-4e0d-9739-8f87aa81d4d8,Health and Wellness,Holistic health practices (acupuncture herbalism)
ys9p2mair2,6d25fd17-1aef-4d94-aebf-586602b63986,Reading and Literature,"Non-fiction (biographies, history, self-help, psychology)"
7nvv5oo8as,6d25fd17-1aef-4d94-aebf-586602b63986,Travel and Exploration,Cruise vacations and sailing adventures
yp2xfk19o2,0106a48c-dfb3-4b1c-baff-563f33269393,Reading and Literature,Audio books and storytelling podcasts
si1gbt5cat,d96ef0eb-e244-4ec7-a497-32b8fbe8c3af,Outdoor Activities,"Camping (tent camping, RV camping)"
96bz1pg3al,d96ef0eb-e244-4ec7-a497-32b8fbe8c3af,Travel and Exploration,Road trips and exploring scenic routes
9q8hjicrsy,b866a009-25d3-4a5c-8310-53465df6ddbe,Reading and Literature,"Poetry and poetic forms (haiku, sonnets, free verse)"
0enxnwi5dh,b866a009-25d3-4a5c-8310-53465df6ddbe,Health and Wellness,Yoga retreats wellness tourism
rysrsqpabf,23b0d32b-f83d-474b-8315-2f9935e246df,Reading and Literature,Literary analysis and book discussions
luwrdixjej,23b0d32b-f83d-474b-8315-2f9935e246df,Reading and Literature,Reading challenges and book clubs
3rc7puvqqt,666d0b2d-434b-4b09-9363-6a6b366c0a54,Reading and Literature,"Non-fiction (biographies, history, self-help, psychology)"
m76rtwkc1s,ac7322df-4b47-4af3-ab37-7b304310ab48,Reading and Literature,Literary analysis and book discussions
whvbl7klq6,ac7322df-4b47-4af3-ab37-7b304310ab48,Travel and Exploration,Ecotourism and sustainable travel
xx7vbma11p,ac7322df-4b47-4af3-ab37-7b304310ab48,Health and Wellness,Yoga retreats wellness tourism
lhxwtofth3,24897e18-6ec4-475d-8193-38d46577b2a5,Reading and Literature,"Fiction (novels, short stories, fantasy, science fiction)"
vzp3gagxr9,24897e18-6ec4-475d-8193-38d46577b2a5,Travel and Exploration,Backpacking and adventure travel
qdfbvhv8qd,24897e18-6ec4-475d-8193-38d46577b2a5,Health and Wellness,Holistic health practices (acupuncture herbalism)
gql5e5if8i,604dc94b-2c0d-4310-a30b-26a06f8e7bab,Reading and Literature,Reading challenges and book clubs
42ysq1myt4,4ce63fb4-0066-4789-882c-cca3a4c6cfbc,Travel and Exploration,Ecotourism and sustainable travel
ivb73ob6pu,4ce63fb4-0066-4789-882c-cca3a4c6cfbc,Reading and Literature,Reading challenges and book clubs
cq32tiazcd,772ba019-7c0c-4c76-baaf-01fc34f3d4c9,Health & Wellness,Nutrition planning meal prepping
lon6xn5ngw,772ba019-7c0c-4c76-baaf-01fc34f3d4c9,Health and Wellness,Yoga retreats wellness tourism
pxag7ykmux,772ba019-7c0c-4c76-baaf-01fc34f3d4c9,Travel and Exploration,Cruise vacations and sailing adventures
zl7d63wir8,6d8ddc47-9cb4-4e5b-9050-8080dcf910de,Health and Wellness,Holistic health practices (acupuncture herbalism)
z5z86352ek,105437dc-b48f-4cbe-886d-3749629dcbc7,Outdoor Activities,Hiking and nature walks
x0ksdrw8nl,105437dc-b48f-4cbe-886d-3749629dcbc7,Travel and Exploration,Backpacking and adventure travel
l2zj53lg18,105437dc-b48f-4cbe-886d-3749629dcbc7,Travel and Exploration,Road trips and exploring scenic routes
2f5tk55esl,98d30c9b-59c0-4434-aaa3-eb0d8ba8abce,Travel and Exploration,Visiting new countries and cultures
wg5a8lsk5t,298b7709-cb1f-4587-bbf5-c3ff5b49d77e,Reading and Literature,Audio books and storytelling podcasts
r87hafgg71,298b7709-cb1f-4587-bbf5-c3ff5b49d77e,Health and Wellness,Fitness obstacle course races
xqjpdqxe32,8b904a9e-b01c-4d0a-baec-3d6e626c3622,Health and Wellness,Fitness obstacle course races
7faqbxxrq7,8b904a9e-b01c-4d0a-baec-3d6e626c3622,Outdoor Activities,"Camping (tent camping, RV camping)"
scckx88vrf,8b904a9e-b01c-4d0a-baec-3d6e626c3622,Reading and Literature,"Non-fiction (biographies, history, self-help, psychology)"
anqcs6oslg,6a4d8c8e-58fb-4d44-84a0-d9e04ba1b0aa,Health and Wellness,Yoga retreats wellness tourism
mp6kau2x7d,7a2eaa46-8a10-4586-a17d-e9b94530250a,Health and Wellness,Holistic health practices (acupuncture herbalism)
7qkw4erhj9,7a2eaa46-8a10-4586-a17d-e9b94530250a,Outdoor Activities,Wilderness survival skills
iwundb287y,7a2eaa46-8a10-4586-a17d-e9b94530250a,Travel and Exploration,Visiting new countries and cultures
qupeebq32d,ed8a81f3-1f2a-4b7a-b804-6a3af48f4f29,Reading and Literature,"Fiction (novels, short stories, fantasy, science fiction)"
arpewk3jal,ed8a81f3-1f2a-4b7a-b804-6a3af48f4f29,Reading and Literature,Audio books and storytelling podcasts
re4a2gp2nt,ed8a81f3-1f2a-4b7a-b804-6a3af48f4f29,Reading and Literature,"Non-fiction (biographies, history, self-help, psychology)"
mgbqs317pl,6de69601-efe5-48d8-bb80-ed5bd67d90d0,Travel and Exploration,Cruise vacations and sailing adventures
6208586467,6de69601-efe5-48d8-bb80-ed5bd67d90d0,Reading and Literature,Reading challenges and book clubs
aattjzqiol,6de69601-efe5-48d8-bb80-ed5bd67d90d0,Reading and Literature,"Poetry and poetic forms (haiku, sonnets, free verse)"
5bq130pxjf,738e5d65-3984-4111-a233-9a5a5876f387,Travel and Exploration,Urban exploration and historical tours
d66wno7ojt,738e5d65-3984-4111-a233-9a5a5876f387,Outdoor Activities,"Camping (tent camping, RV camping)"
vsdt8ioy4i,738e5d65-3984-4111-a233-9a5a5876f387,Reading and Literature,"Non-fiction (biographies, history, self-help, psychology)"
b523xq8i87,565628d3-5892-4f3e-bcd3-61600d3181e9,Reading and Literature,"Non-fiction (biographies, history, self-help, psychology)"
vvgqld4562,19f04b63-d76a-495d-9cf8-7462b40540e9,Outdoor Activities,Hiking and nature walks
vo37tj54b9,19f04b63-d76a-495d-9cf8-7462b40540e9,Travel and Exploration,Road trips and exploring scenic routes
06vhsqmern,e35bf3c0-b9f6-4b8a-ba5f-e3dce291b983,Health and Wellness,Holistic health practices (acupuncture herbalism)
z2f4ra465p,a310ee6a-1f7a-4d8a-b2bc-e266c9e14e7e,Travel and Exploration,Urban exploration and historical tours
47bukzowyn,13bcb143-f1e9-4495-aefe-6f998dd031e4,Reading and Literature,"Non-fiction (biographies, history, self-help, psychology)"
xmp7i8dqz4,8704d5c9-45c8-4c26-bb80-d27b816690de,Travel and Exploration,Cruise vacations and sailing adventures
cs9n1tyhru,8704d5c9-45c8-4c26-bb80-d27b816690de,Reading and Literature,Audio books and storytelling podcasts
7d0vw4276p,7d6eb8e1-f8cb-43e2-b6ee-c5f2fb5a27c9,Reading and Literature,Literary analysis and book discussions
3v98f1or00,7d6eb8e1-f8cb-43e2-b6ee-c5f2fb5a27c9,Reading and Literature,Audio books and storytelling podcasts
hkbppeqe4u,7d6eb8e1-f8cb-43e2-b6ee-c5f2fb5a27c9,Reading and Literature,"Poetry and poetic forms (haiku, sonnets, free verse)"
j9up2mtl1w,6a0680e3-a6e3-4b17-a2ef-201959e1d4ef,Reading and Literature,Literary analysis and book discussions
s3kdbz2gj7,6a0680e3-a6e3-4b17-a2ef-201959e1d4ef,Reading and Literature,"Non-fiction (biographies, history, self-help, psychology)"
4ht05jev27,6a0680e3-a6e3-4b17-a2ef-201959e1d4ef,Travel and Exploration,Backpacking and adventure travel
w2usncegox,4d919c3a-23e6-45f6-815d-d26df885ccba,Health & Wellness,Nutrition planning meal prepping
veojlypgdu,4d919c3a-23e6-45f6-815d-d26df885ccba,Outdoor Activities,Wilderness survival skills
ni2ns8eb7b,4d919c3a-23e6-45f6-815d-d26df885ccba,Reading and Literature,Literary analysis and book discussions
zrodochx75,403bef93-c3fc-4e95-b39e-96bac13fb948,Travel and Exploration,Visiting new countries and cultures
7e82q6j4su,403bef93-c3fc-4e95-b39e-96bac13fb948,Health and Wellness,Fitness obstacle course races
a347lvs26t,b8a751de-102f-47f8-96ea-a0c314d176b8,Outdoor Activities,Wilderness survival skills
76uibdq2xi,b8a751de-102f-47f8-96ea-a0c314d176b8,Health and Wellness,Fitness obstacle course races
4fvchueynm,b8a751de-102f-47f8-96ea-a0c314d176b8,Reading and Literature,Audio books and storytelling podcasts
qn1svqa1j5,e0461e2f-7efc-471b-875c-4ea9e7b9ce1f,Travel and Exploration,Urban exploration and historical tours
f3p43msrqw,e0461e2f-7efc-471b-875c-4ea9e7b9ce1f,Reading and Literature,Audio books and storytelling podcasts
4ir3xp1k5l,49ba0156-8919-4ca2-a6c5-5e5b96f32170,Travel and Exploration,Road trips and exploring scenic routes
4oidbc0zgs,49ba0156-8919-4ca2-a6c5-5e5b96f32170,Health and Wellness,Fitness obstacle course races
ljzy6lm5ni,49ba0156-8919-4ca2-a6c5-5e5b96f32170,Reading and Literature,Reading challenges and book clubs
0y9hzeh6b1,18142272-89ad-4569-a176-674397edb5af,Reading and Literature,Literary analysis and book discussions
1qui08dc8t,18142272-89ad-4569-a176-674397edb5af,Health & Wellness,Nutrition planning meal prepping
t9lxboa5h5,18142272-89ad-4569-a176-674397edb5af,Travel and Exploration,Ecotourism and sustainable travel
9z6pjkedje,e3b1ff1e-e31f-4ca6-99e8-68ee8c313d73,Health and Wellness,Practicing mindfulness meditation
qz0ahu6c4d,6e454e1f-2bd0-49ca-a062-7679329d7257,Health & Wellness,Nutrition planning meal prepping
l3usmbnrck,6e454e1f-2bd0-49ca-a062-7679329d7257,Reading and Literature,Reading challenges and book clubs
go6y8jy3ae,32aaa29b-5a3f-4a84-89af-566a59aa3956,Reading and Literature,Audio books and storytelling podcasts
o0zenj0juj,0b6d4819-16a3-4136-83ff-aaf69b07ee68,Health and Wellness,Practicing mindfulness meditation
egm6bgedd7,7f496b71-eee9-4d34-900d-3ff2495f22b5,Reading and Literature,"Non-fiction (biographies, history, self-help, psychology)"
dy811tes26,c2e3004c-02c6-4c4f-a4ee-ed2eba95b192,Health and Wellness,Practicing mindfulness meditation
nvs2k2746g,c2e3004c-02c6-4c4f-a4ee-ed2eba95b192,Reading and Literature,Reading challenges and book clubs
i7043fuksh,136cb770-701b-4a1c-884b-341a497ca7f5,Health and Wellness,Yoga retreats wellness tourism
sh1n6lfhd8,136cb770-701b-4a1c-884b-341a497ca7f5,Health and Wellness,Fitness obstacle course races
72ao2zok1z,346f3c8d-4239-412f-9af9-841e0e8d0163,Travel and Exploration,Ecotourism and sustainable travel
u4t43zrsc4,346f3c8d-4239-412f-9af9-841e0e8d0163,Health and Wellness,Fitness obstacle course races
q9ygfbtnf4,346f3c8d-4239-412f-9af9-841e0e8d0163,Reading and Literature,Audio books and storytelling podcasts
1t5pcb7kwh,e61a672e-5a6e-4971-a8a7-a0b7e4c10a38,Reading and Literature,Literary analysis and book discussions
ypmhlhvy5b,3b024fb9-9c8b-47fb-b2bf-b0b21071c8b2,Health & Wellness,Nutrition planning meal prepping
hol253imew,3b024fb9-9c8b-47fb-b2bf-b0b21071c8b2,Outdoor Activities,"Camping (tent camping, RV camping)"
gqqym0xbdg,3b024fb9-9c8b-47fb-b2bf-b0b21071c8b2,Health and Wellness,Yoga retreats wellness tourism
kwu4fjecu8,ec7c6f18-5e97-4fb1-baa9-fec7bbfb696f,Travel and Exploration,Urban exploration and historical tours
llznw3ecxa,5255f399-e4a4-4b74-bfc0-e11a84f91f66,Outdoor Activities,Hiking and nature walks
i9rk4u7ho6,5255f399-e4a4-4b74-bfc0-e11a84f91f66,Travel and Exploration,Road trips and exploring scenic routes
gr8b6pi98l,b6e5979f-6ed6-4e33-a50f-981a7637b212,Travel and Exploration,Visiting new countries and cultures
plb94wb11g,b6e5979f-6ed6-4e33-a50f-981a7637b212,Outdoor Activities,Wilderness survival skills
6uwfy4f1at,ee9d1a72-c62c-40a8-b512-f79f005cd98f,Reading and Literature,"Fiction (novels, short stories, fantasy, science fiction)"
1m20mp5sku,ee9d1a72-c62c-40a8-b512-f79f005cd98f,Health and Wellness,Yoga retreats wellness tourism
zir72p2pdb,a7699a09-8d6f-42b0-bc81-28bb359b5357,Outdoor Activities,Hiking and nature walks
5qfoaz7z3y,380243e2-55c0-4d07-aead-10e610f710f8,Outdoor Activities,"Camping (tent camping, RV camping)"
831te4oi4j,380243e2-55c0-4d07-aead-10e610f710f8,Reading and Literature,"Poetry and poetic forms (haiku, sonnets, free verse)"
f7edis09mw,438e4c86-dd44-4456-a7c7-11dabc0fdbc3,Reading and Literature,Reading challenges and book clubs
2534lx7t1u,1689a59c-95b3-457e-90d1-b5c3e196a11b,Travel and Exploration,Ecotourism and sustainable travel
eg9uez2crx,1689a59c-95b3-457e-90d1-b5c3e196a11b,Health & Wellness,Nutrition planning meal prepping
ve9lisa5jh,1689a59c-95b3-457e-90d1-b5c3e196a11b,Reading and Literature,Reading challenges and book clubs
qkiktyprbn,30752260-9f6e-49f0-b88d-370c41b4e197,Health & Wellness,Nutrition planning meal prepping
7to0e363jq,46b19fb0-ddf9-490c-8b9a-6d5ba676fdfe,Health and Wellness,Fitness obstacle course races
ttogninzzn,46b19fb0-ddf9-490c-8b9a-6d5ba676fdfe,Travel and Exploration,Visiting new countries and cultures
z6969brvbs,46b19fb0-ddf9-490c-8b9a-6d5ba676fdfe,Travel and Exploration,Road trips and exploring scenic routes
4s6y27bti5,becf4ec6-9db3-4aa3-aa0d-cb032556c1fb,Reading and Literature,"Poetry and poetic forms (haiku, sonnets, free verse)"
wpemz0731k,daf79a66-8e59-421f-a692-b5d392da8695,Travel and Exploration,Visiting new countries and cultures
up3cwytj7s,daf79a66-8e59-421f-a692-b5d392da8695,Travel and Exploration,Road trips and exploring scenic routes
acjx2fn3ny,daf79a66-8e59-421f-a692-b5d392da8695,Travel and Exploration,Ecotourism and sustainable travel
beq9hqspc7,a5c4b51a-cda6-4ec9-8e35-e63ba7a46741,Reading and Literature,"Fiction (novels, short stories, fantasy, science fiction)"
w5medvyll8,a5c4b51a-cda6-4ec9-8e35-e63ba7a46741,Travel and Exploration,Visiting new countries and cultures
g70blrwa35,d359b2bd-c315-4561-bd00-14b7b81a70dc,Travel and Exploration,Urban exploration and historical tours
d4nnwpt680,d359b2bd-c315-4561-bd00-14b7b81a70dc,Health and Wellness,Practicing mindfulness meditation
awi5o936lx,d359b2bd-c315-4561-bd00-14b7b81a70dc,Travel and Exploration,Backpacking and adventure travel
18y70hh9vv,82058d0f-2731-46e5-8511-184878437f8e,Reading and Literature,"Non-fiction (biographies, history, self-help, psychology)"
vzxy90nzhu,82058d0f-2731-46e5-8511-184878437f8e,Reading and Literature,Audio books and storytelling podcasts
ewjnwxbkc3,67a6f86b-f086-4eb4-a2f1-924bb39c8401,Travel and Exploration,Cruise vacations and sailing adventures
whvbfw1l2s,67a6f86b-f086-4eb4-a2f1-924bb39c8401,Travel and Exploration,Urban exploration and historical tours
lwby67x992,e904f5d0-cab0-4980-af78-863258dff87d,Travel and Exploration,Backpacking and adventure travel
16qkte20es,e904f5d0-cab0-4980-af78-863258dff87d,Reading and Literature,Literary analysis and book discussions
p2f7uekf5n,e904f5d0-cab0-4980-af78-863258dff87d,Health and Wellness,Yoga retreats wellness tourism
0dde4ka1dm,7c80e266-0847-4d6e-bb09-dbed0d9e2d42,Outdoor Activities,"Camping (tent camping, RV camping)"
in42hb0emr,abcbb48f-b8a3-426f-8c5f-76efbc3829c0,Reading and Literature,"Poetry and poetic forms (haiku, sonnets, free verse)"
2joldx4hj5,519e1b05-166c-488f-a7e7-577222cce099,Reading and Literature,"Non-fiction (biographies, history, self-help, psychology)"
dxpiqhg98i,11e3a800-8996-45a3-856f-a73d49ddaa84,Health and Wellness,Yoga retreats wellness tourism
tzqqkobhdz,c437d10f-face-42e3-b790-fa781b90e6ba,Outdoor Activities,Hiking and nature walks
6ezlrf3v0c,b8b814f3-858f-44ee-b943-3f13fb6b6281,Reading and Literature,"Non-fiction (biographies, history, self-help, psychology)"
s25gv7pdw4,b8b814f3-858f-44ee-b943-3f13fb6b6281,Health and Wellness,Practicing mindfulness meditation
omp8r8bs3b,6ddf2a4a-3385-40a9-9e75-3daf8273ab09,Reading and Literature,Literary analysis and book discussions
4wima81lwy,34af2720-4ea2-431a-8da9-d7bed0726624,Reading and Literature,"Fiction (novels, short stories, fantasy, science fiction)"
ldir0l1o7t,34af2720-4ea2-431a-8da9-d7bed0726624,Travel and Exploration,Road trips and exploring scenic routes
149vk6wek1,4dd1701c-060e-446c-815d-bb496dbac2cf,Travel and Exploration,Road trips and exploring scenic routes
3hmp4y2o7d,4dd1701c-060e-446c-815d-bb496dbac2cf,Travel and Exploration,Visiting new countries and cultures
0iu4wg7ln5,b509f720-495e-40ea-a8bc-6be4eace22dc,Reading and Literature,Reading challenges and book clubs
sx1lkf60lf,b509f720-495e-40ea-a8bc-6be4eace22dc,Travel and Exploration,Urban exploration and historical tours
texd4irjng,65cf1611-969e-42f2-856a-b3178c362dad,Travel and Exploration,Urban exploration and historical tours
uul9tx2tfu,65cf1611-969e-42f2-856a-b3178c362dad,Travel and Exploration,Road trips and exploring scenic routes
ogb41w6wmw,65cf1611-969e-42f2-856a-b3178c362dad,Reading and Literature,"Fiction (novels, short stories, fantasy, science fiction)"
d42uwyvp6h,b34f4a4c-0b31-4f00-bc67-19d20a92eede,Reading and Literature,"Poetry and poetic forms (haiku, sonnets, free verse)"
z6ey7tixgc,b34f4a4c-0b31-4f00-bc67-19d20a92eede,Health and Wellness,Holistic health practices (acupuncture herbalism)
dy6hh3ua7p,b34f4a4c-0b31-4f00-bc67-19d20a92eede,Travel and Exploration,Cruise vacations and sailing adventures
1rns560it2,4b63601d-2cb9-4b14-88c8-06c714e879c1,Travel and Exploration,Urban exploration and historical tours
lkqn2qvbmq,4b63601d-2cb9-4b14-88c8-06c714e879c1,Reading and Literature,"Non-fiction (biographies, history, self-help, psychology)"
ph2xh0b0xs,255c9d24-930c-427f-acf3-9ff42dae890e,Reading and Literature,"Fiction (novels, short stories, fantasy, science fiction)"
ybncfcm20g,255c9d24-930c-427f-acf3-9ff42dae890e,Health and Wellness,Yoga retreats wellness tourism
mb7hi956r5,255c9d24-930c-427f-acf3-9ff42dae890e,Health and Wellness,Practicing mindfulness meditation
8h21ixrvzt,7425af47-5edd-47d1-9095-54bbd02be9da,Reading and Literature,Literary analysis and book discussions
m3dffl5f9q,a3d97332-f6ca-4aa1-a023-118bb35e74ff,Travel and Exploration,Backpacking and adventure travel
bvm2z9tug9,f25f18f1-a5c7-427c-8702-32177dca8682,Reading and Literature,Reading challenges and book clubs
tgews9dmgs,f25f18f1-a5c7-427c-8702-32177dca8682,Health and Wellness,Practicing mindfulness meditation
pd95e3s0rl,0ad91275-dce9-492e-b6f5-330111a54564,Health & Wellness,Nutrition planning meal prepping
gc11ij5hhg,04a78df8-917b-43af-af73-e76f78a0fb2e,Outdoor Activities,Hiking and nature walks
fuzbxr2zek,04a78df8-917b-43af-af73-e76f78a0fb2e,Travel and Exploration,Backpacking and adventure travel
wqvo9esxdj,e6047c44-ae02-4005-b197-3bc46e03d15c,Travel and Exploration,Ecotourism and sustainable travel
wwv4s2ku1s,e6047c44-ae02-4005-b197-3bc46e03d15c,Reading and Literature,"Poetry and poetic forms (haiku, sonnets, free verse)"
ufq23l9wfl,f610a8ca-0775-40d0-8b5c-f3494ca94f75,Reading and Literature,"Poetry and poetic forms (haiku, sonnets, free verse)"
t4l1wbdbm6,10858d49-8760-4f06-92d3-0238fcb4db53,Travel and Exploration,Cruise vacations and sailing adventures
itslgwxfkd,10858d49-8760-4f06-92d3-0238fcb4db53,Health and Wellness,Holistic health practices (acupuncture herbalism)
5yjomaxwad,10858d49-8760-4f06-92d3-0238fcb4db53,Outdoor Activities,Hiking and nature walks
gb3lfaj4a1,7f86f7d3-1a3c-4ec2-8e1f-376aa5e11395,Health and Wellness,Practicing mindfulness meditation
p9eajosafm,960f3e70-f522-4d2f-bc1f-522024b2a84f,Reading and Literature,"Fiction (novels, short stories, fantasy, science fiction)"
1cw6zz1uko,8c2a39ba-c546-4520-8415-2d58ced519e5,Travel and Exploration,Visiting new countries and cultures
ikegz5ygph,8c2a39ba-c546-4520-8415-2d58ced519e5,Reading and Literature,"Poetry and poetic forms (haiku, sonnets, free verse)"
dvjbwgehbd,ec5710c9-bf4d-4016-934a-c4fe1700e5e7,Outdoor Activities,Hiking and nature walks
l6gsp6lt68,ec5710c9-bf4d-4016-934a-c4fe1700e5e7,Health and Wellness,Holistic health practices (acupuncture herbalism)
xp8111g780,ace75e42-e95b-4beb-9c5b-562d134c9309,Reading and Literature,Audio books and storytelling podcasts
ctvjxf71js,ace75e42-e95b-4beb-9c5b-562d134c9309,Travel and Exploration,Ecotourism and sustainable travel
k9gaprx9cm,c20542b0-a3d2-45ca-a121-f6296ef5ae6a,Health & Wellness,Nutrition planning meal prepping
3s6luul7nb,c20542b0-a3d2-45ca-a121-f6296ef5ae6a,Reading and Literature,"Poetry and poetic forms (haiku, sonnets, free verse)"
n9eo837qc6,14aa0462-7a4a-44ce-8aa8-929039c42b50,Health & Wellness,Nutrition planning meal prepping
2kiuqi9vq5,14aa0462-7a4a-44ce-8aa8-929039c42b50,Health and Wellness,Yoga retreats wellness tourism
zfv2wk4yia,14aa0462-7a4a-44ce-8aa8-929039c42b50,Travel and Exploration,Urban exploration and historical tours
9c3of73uuj,5a6af3e9-c8bf-4b65-b599-3b3f4e2791e8,Reading and Literature,"Poetry and poetic forms (haiku, sonnets, free verse)"
pe2ju80hsg,5a6af3e9-c8bf-4b65-b599-3b3f4e2791e8,Health and Wellness,Fitness obstacle course races
cm2xg8rip0,5a6af3e9-c8bf-4b65-b599-3b3f4e2791e8,Travel and Exploration,Ecotourism and sustainable travel
j2lr87c3jm,244b376a-ed74-4dcc-85c1-f0a1a26a19ef,Outdoor Activities,Wilderness survival skills
cp7p3evdl3,244b376a-ed74-4dcc-85c1-f0a1a26a19ef,Reading and Literature,Literary analysis and book discussions
w824qbryfr,244b376a-ed74-4dcc-85c1-f0a1a26a19ef,Outdoor Activities,"Camping (tent camping, RV camping)"
dgyx6nhv28,9d1a3c93-dfae-4123-b989-8c3ac0e3ecc3,Outdoor Activities,Wilderness survival skills
arsasa2uli,9d1a3c93-dfae-4123-b989-8c3ac0e3ecc3,Travel and Exploration,Urban exploration and historical tours
zrc6geyzuc,ccc54d79-fa45-4eca-af0a-b54933ad9e9f,Travel and Exploration,Road trips and exploring scenic routes
smz27qxw6x,ccc54d79-fa45-4eca-af0a-b54933ad9e9f,Travel and Exploration,Backpacking and adventure travel
1k0cmt0fld,f1060f59-ac23-4a12-a6a1-ea40c7d0b0f8,Outdoor Activities,Wilderness survival skills
0ktl0sv5f4,f1060f59-ac23-4a12-a6a1-ea40c7d0b0f8,Travel and Exploration,Urban exploration and historical tours
07f43egviz,d2e12620-cef4-494e-af1d-b239b4f1a892,Reading and Literature,Reading challenges and book clubs
si84sxygv0,d2e12620-cef4-494e-af1d-b239b4f1a892,Reading and Literature,Literary analysis and book discussions
zz53xrd4jt,d2e12620-cef4-494e-af1d-b239b4f1a892,Health and Wellness,Yoga retreats wellness tourism
rxsxtmp1k9,af047bc6-7be7-41d0-a147-e2c9d453229c,Travel and Exploration,Cruise vacations and sailing adventures
w2khaetmwo,af047bc6-7be7-41d0-a147-e2c9d453229c,Travel and Exploration,Visiting new countries and cultures
9cigffx95f,6390d174-8172-42b6-8cf6-8bac9c4ed5c9,Outdoor Activities,Wilderness survival skills
eigxtmt5ks,69cf934a-3759-4e39-9c4f-8e4d66090631,Travel and Exploration,Road trips and exploring scenic routes
04pqon74ii,2c966663-2ea8-4275-b666-af7e29533f17,Reading and Literature,Literary analysis and book discussions
4l0zgolql8,2c966663-2ea8-4275-b666-af7e29533f17,Reading and Literature,"Fiction (novels, short stories, fantasy, science fiction)"
am8prqofw5,f784b742-4c95-4ddb-b1ce-87c13426e94a,Health and Wellness,Practicing mindfulness meditation
sje9rxyfe2,45c6ad68-09df-4eef-b15b-7ae80bfe427d,Reading and Literature,Reading challenges and book clubs
p0g5xmc5d5,733893d4-6668-4b7b-8b53-915f3d577ead,Health and Wellness,Practicing mindfulness meditation
48tn4x2zmg,733893d4-6668-4b7b-8b53-915f3d577ead,Reading and Literature,Reading challenges and book clubs
sktvvuct0j,733893d4-6668-4b7b-8b53-915f3d577ead,Reading and Literature,Audio books and storytelling podcasts
kvzngc6tfz,7bcdf655-f4cc-459e-9296-f4873b6b6c95,Reading and Literature,"Non-fiction (biographies, history, self-help, psychology)"
lip5n0jqrl,7bcdf655-f4cc-459e-9296-f4873b6b6c95,Health and Wellness,Practicing mindfulness meditation
ijjnjzqjnq,f3a39504-8527-4542-a22c-fef10550dcb4,Travel and Exploration,Visiting new countries and cultures
h1we57gifq,f3a39504-8527-4542-a22c-fef10550dcb4,Reading and Literature,"Non-fiction (biographies, history, self-help, psychology)"
btybafghby,be0951ea-ea04-40d1-8263-a716991dd859,Outdoor Activities,Hiking and nature walks
438lihsbqw,be0951ea-ea04-40d1-8263-a716991dd859,Health and Wellness,Yoga retreats wellness tourism
ymhgdpnlt2,be0951ea-ea04-40d1-8263-a716991dd859,Travel and Exploration,Road trips and exploring scenic routes
yhqb76pfpw,ccf11c74-e93a-4600-b665-68e5f7f9da25,Reading and Literature,"Fiction (novels, short stories, fantasy, science fiction)"
3mzd35fyex,a981eccf-4f37-4362-a091-8eae42c7c680,Travel and Exploration,Road trips and exploring scenic routes
1ixooips3w,eb7d240b-fcd8-4de1-9104-4505c85db54a,Travel and Exploration,Visiting new countries and cultures
ylfklokyp8,eb7d240b-fcd8-4de1-9104-4505c85db54a,Health and Wellness,Yoga retreats wellness tourism
w7i5oam424,1121435c-8296-4816-baf4-6473669badaf,Travel and Exploration,Cruise vacations and sailing adventures
bnvefy776r,39586b4a-2423-411b-baf6-d5b2bd200926,Travel and Exploration,Ecotourism and sustainable travel
re8rnns13r,39586b4a-2423-411b-baf6-d5b2bd200926,Reading and Literature,Literary analysis and book discussions
e4s4nd23bk,39586b4a-2423-411b-baf6-d5b2bd200926,Health and Wellness,Practicing mindfulness meditation
y54vypl46i,2e9b35a5-a02d-4149-aefc-0f8341536a57,Health & Wellness,Nutrition planning meal prepping
nk78aorrfo,2e9b35a5-a02d-4149-aefc-0f8341536a57,Reading and Literature,Audio books and storytelling podcasts
prubdag704,2e9b35a5-a02d-4149-aefc-0f8341536a57,Travel and Exploration,Cruise vacations and sailing adventures
qmq85s8sf7,aca37f3b-c4c8-46ca-b827-c0c282e44451,Outdoor Activities,Hiking and nature walks
cm0odk1rj9,aca37f3b-c4c8-46ca-b827-c0c282e44451,Reading and Literature,Reading challenges and book clubs
dsrqeodall,2afcbbf2-a55b-4a53-af26-542e01175849,Travel and Exploration,Visiting new countries and cultures
ga6h0ehwlz,2afcbbf2-a55b-4a53-af26-542e01175849,Outdoor Activities,Wilderness survival skills
qpemxi1oev,2afcbbf2-a55b-4a53-af26-542e01175849,Health and Wellness,Yoga retreats wellness tourism
ldcu0rx4ge,9637909a-d2ba-4894-b215-221a07ad0de7,Health & Wellness,Nutrition planning meal prepping
lg1xpxf89z,9637909a-d2ba-4894-b215-221a07ad0de7,Travel and Exploration,Ecotourism and sustainable travel
hvw47vvtpk,9637909a-d2ba-4894-b215-221a07ad0de7,Reading and Literature,"Fiction (novels, short stories, fantasy, science fiction)"
qtwuzbq37s,e15ba398-ce86-4c1c-b550-4ed3d256f8ee,Reading and Literature,Literary analysis and book discussions
b3asjhz6bv,e15ba398-ce86-4c1c-b550-4ed3d256f8ee,Travel and Exploration,Ecotourism and sustainable travel
x213lvu2fl,bca47744-49a0-4af6-b27f-ab81366ff1dc,Travel and Exploration,Urban exploration and historical tours
14uk9f1yse,bca47744-49a0-4af6-b27f-ab81366ff1dc,Reading and Literature,Literary analysis and book discussions
v35y2ehf9v,bca47744-49a0-4af6-b27f-ab81366ff1dc,Travel and Exploration,Cruise vacations and sailing adventures
26pc0wbwni,672893de-206f-4505-b474-4362911ef257,Travel and Exploration,Cruise vacations and sailing adventures
8yma8x3b1u,672893de-206f-4505-b474-4362911ef257,Health & Wellness,Nutrition planning meal prepping
4x4908rvwi,672893de-206f-4505-b474-4362911ef257,Reading and Literature,Audio books and storytelling podcasts
ux9xltu3q1,8ef9e2f1-7683-4600-9479-5631b5df573d,Travel and Exploration,Road trips and exploring scenic routes
cpaj2ya7zt,8ef9e2f1-7683-4600-9479-5631b5df573d,Health and Wellness,Fitness obstacle course races
xovxc9g5a2,8ef9e2f1-7683-4600-9479-5631b5df573d,Reading and Literature,Literary analysis and book discussions
pipjv6q1d9,7fbfc2db-7784-43b3-9d25-127cf8974382,Reading and Literature,"Fiction (novels, short stories, fantasy, science fiction)"
fp9ahqoogo,ec7e92e6-d1d4-45d5-aa8d-55515a9af2f3,Outdoor Activities,Wilderness survival skills
tao2jsnpir,ec7e92e6-d1d4-45d5-aa8d-55515a9af2f3,Reading and Literature,Literary analysis and book discussions
xft0mlac7w,f8908a15-5495-4876-8d0d-f152bf0237b0,Health and Wellness,Holistic health practices (acupuncture herbalism)
ekdh8o8712,f8908a15-5495-4876-8d0d-f152bf0237b0,Travel and Exploration,Cruise vacations and sailing adventures
wfpjrsf6nh,ebfb385e-e09c-4872-9d31-7da72e3ca9f2,Reading and Literature,"Poetry and poetic forms (haiku, sonnets, free verse)"
mtfhmo52hk,ebfb385e-e09c-4872-9d31-7da72e3ca9f2,Health and Wellness,Holistic health practices (acupuncture herbalism)
x17o0k6fal,72d98ef2-1157-4ac4-b160-3c251f8af2a9,Reading and Literature,Reading challenges and book clubs
735v3dxgv9,f5b2338e-2190-423f-a20e-ad45877da53e,Health and Wellness,Holistic health practices (acupuncture herbalism)
g5qtruw2pw,90c9c816-8ab2-4dce-82bd-ba5f6f06bede,Outdoor Activities,"Camping (tent camping, RV camping)"
o0ypgl89yv,90c9c816-8ab2-4dce-82bd-ba5f6f06bede,Travel and Exploration,Cruise vacations and sailing adventures
lqh8r84whf,2a2b1a6e-c6f0-4894-b105-25387cf2aa8e,Reading and Literature,Literary analysis and book discussions
05yoljnhu5,a129aee6-965b-468f-9f85-920f5a1dfd5b,Health & Wellness,Nutrition planning meal prepping
9b99h51af6,a129aee6-965b-468f-9f85-920f5a1dfd5b,Reading and Literature,Audio books and storytelling podcasts
fl7fhc705q,28b75718-dcc4-468d-a651-2520e2a56d65,Health and Wellness,Yoga retreats wellness tourism
z44oydqatu,d9141ff3-1ba0-400e-b91a-0db20e82620e,Reading and Literature,"Poetry and poetic forms (haiku, sonnets, free verse)"
h2ag97q9r8,d9141ff3-1ba0-400e-b91a-0db20e82620e,Health and Wellness,Practicing mindfulness meditation
4jo9jy2gbr,d9141ff3-1ba0-400e-b91a-0db20e82620e,Reading and Literature,"Fiction (novels, short stories, fantasy, science fiction)"
bdg60z8jfy,aee8cfca-87db-46d2-b391-e43201444ce6,Reading and Literature,Literary analysis and book discussions
kz2uh4869s,aee8cfca-87db-46d2-b391-e43201444ce6,Health and Wellness,Practicing mindfulness meditation
x4keqkg130,aee8cfca-87db-46d2-b391-e43201444ce6,Travel and Exploration,Ecotourism and sustainable travel
t3imvlq011,de451338-83d6-4ac6-ba42-c64c69efe4c9,Travel and Exploration,Urban exploration and historical tours
iwqw2rykrr,de451338-83d6-4ac6-ba42-c64c69efe4c9,Reading and Literature,Reading challenges and book clubs
97rzh3b1eo,152a6f74-5620-4800-a46e-01aa845065b5,Outdoor Activities,Wilderness survival skills
8mcyk97wgf,010ccfd4-e940-4f1f-adb3-91f7d5f0bc27,Health and Wellness,Fitness obstacle course races
clrb1irzk3,f5158446-e232-4ed7-b400-deaa65e3f049,Outdoor Activities,"Camping (tent camping, RV camping)"
psgk5jkp2p,f5158446-e232-4ed7-b400-deaa65e3f049,Reading and Literature,Reading challenges and book clubs
9w7v8oywp0,f5158446-e232-4ed7-b400-deaa65e3f049,Reading and Literature,Audio books and storytelling podcasts
r1e00xwb2y,159a4c36-ef09-4bdc-a5da-c099e220e152,Travel and Exploration,Visiting new countries and cultures
n3rnujqnza,159a4c36-ef09-4bdc-a5da-c099e220e152,Reading and Literature,Reading challenges and book clubs
bnk7t7ng5b,159a4c36-ef09-4bdc-a5da-c099e220e152,Outdoor Activities,"Camping (tent camping, RV camping)"
79rya1qqtf,4f8a300b-b2f2-4c1a-a122-11210c3b97f4,Reading and Literature,Literary analysis and book discussions
u7owog3tbh,8829f885-6129-4c0f-8526-9cb4652de097,Outdoor Activities,Wilderness survival skills
lks0emba56,2121f9d1-f656-45f2-a0d3-5f674853f86f,Travel and Exploration,Cruise vacations and sailing adventures
xfslz6jfi0,af98c611-ae2c-48b1-9bd9-b1106d8a4844,Travel and Exploration,Visiting new countries and cultures
ss8o4iwkju,c7801749-d138-40e7-8599-d921fb78655e,Reading and Literature,Literary analysis and book discussions
cxtvp8jr16,721ec9de-ae48-4a3d-bb34-adec030666e6,Outdoor Activities,Hiking and nature walks
jnv7zvsytt,529ecb1b-7a42-4cbe-a7a6-e4352355a439,Health and Wellness,Practicing mindfulness meditation
5frguq9q66,529ecb1b-7a42-4cbe-a7a6-e4352355a439,Health and Wellness,Fitness obstacle course races
n8zmfirgnc,211c5f89-4b95-4b07-8f1b-1abfffbe992d,Reading and Literature,Audio books and storytelling podcasts
kwksl6xy1m,6aa83423-81a4-4d9e-ab1f-e888643fe26b,Reading and Literature,"Non-fiction (biographies, history, self-help, psychology)"
8e22s6j2j3,6aa83423-81a4-4d9e-ab1f-e888643fe26b,Travel and Exploration,Urban exploration and historical tours
f8w1wfs1su,6aa83423-81a4-4d9e-ab1f-e888643fe26b,Outdoor Activities,Wilderness survival skills
31xhvcgvqr,6e0a2da3-f49c-4be0-ab34-5320a3cc74b1,Reading and Literature,"Non-fiction (biographies, history, self-help, psychology)"
ycmc65yj1s,6e0a2da3-f49c-4be0-ab34-5320a3cc74b1,Outdoor Activities,Wilderness survival skills
qs6gxtt6yk,e59b3347-c2d5-4419-a24a-ebd2344e68df,Health and Wellness,Practicing mindfulness meditation
rq0axi1y80,11733031-a8ef-4abe-ba8c-03b6ff81532e,Reading and Literature,"Fiction (novels, short stories, fantasy, science fiction)"
s4aem7twut,11733031-a8ef-4abe-ba8c-03b6ff81532e,Travel and Exploration,Ecotourism and sustainable travel
haz6u73hwi,11733031-a8ef-4abe-ba8c-03b6ff81532e,Travel and Exploration,Visiting new countries and cultures
fyzos3po0i,7144194b-bd30-4e4b-ba73-b86abe656b43,Health and Wellness,Yoga retreats wellness tourism
wl1p40ks4w,7144194b-bd30-4e4b-ba73-b86abe656b43,Outdoor Activities,Wilderness survival skills
cpenxcc93x,ea682350-387b-4ae0-8b43-2a130bd135c3,Health and Wellness,Holistic health practices (acupuncture herbalism)
ojjlqx8lfk,ea682350-387b-4ae0-8b43-2a130bd135c3,Health and Wellness,Practicing mindfulness meditation
478zntjiyy,ea682350-387b-4ae0-8b43-2a130bd135c3,Outdoor Activities,"Camping (tent camping, RV camping)"
idlzm371wl,43197b74-baa5-473d-ae37-1b3c64e566c0,Travel and Exploration,Ecotourism and sustainable travel
vb02gyq7z1,28cc7203-d6f6-4804-84c9-b1b6cc9dafc8,Health and Wellness,Holistic health practices (acupuncture herbalism)
zn6hijwlw2,c57f9b60-da69-4788-ac32-f3412e486c1f,Health and Wellness,Yoga retreats wellness tourism
051el8j54q,e7204b75-204d-4432-abd6-34e47cada052,Outdoor Activities,"Camping (tent camping, RV camping)"
4yo51gr9vb,98fda998-a572-4252-9338-e6cc5108d6c6,Travel and Exploration,Backpacking and adventure travel
aqxog2eo93,98fda998-a572-4252-9338-e6cc5108d6c6,Travel and Exploration,Cruise vacations and sailing adventures
m2i83r97fo,44495928-0d83-48e2-813b-4e2fa675e710,Outdoor Activities,Hiking and nature walks
r1j5lqknbo,44495928-0d83-48e2-813b-4e2fa675e710,Reading and Literature,"Non-fiction (biographies, history, self-help, psychology)"
1rwcyruwu4,11c7509f-1571-4298-af6f-c1bc99c68ee9,Health and Wellness,Practicing mindfulness meditation
r8f8sdyrpz,11c7509f-1571-4298-af6f-c1bc99c68ee9,Reading and Literature,Reading challenges and book clubs
6ceo249k7q,11c7509f-1571-4298-af6f-c1bc99c68ee9,Travel and Exploration,Cruise vacations and sailing adventures
qu3rskluo9,de8b37f5-5829-444d-9f3f-53a893f1481f,Health and Wellness,Yoga retreats wellness tourism
efe3z76a5z,410fa169-fc21-4c6a-b56a-29c5d579e97d,Reading and Literature,"Poetry and poetic forms (haiku, sonnets, free verse)"
7git0rjtbw,410fa169-fc21-4c6a-b56a-29c5d579e97d,Health & Wellness,Nutrition planning meal prepping
lug3xq5zb0,410fa169-fc21-4c6a-b56a-29c5d579e97d,Travel and Exploration,Urban exploration and historical tours
n37z849mgi,1c294395-ac18-4ca0-a216-b07355b3c514,Health and Wellness,Yoga retreats wellness tourism
w8u7am6jz9,1c294395-ac18-4ca0-a216-b07355b3c514,Travel and Exploration,Road trips and exploring scenic routes
j9oxbo4n9d,5a68837c-e8f1-409d-beca-e7056de11d42,Outdoor Activities,Wilderness survival skills
zpgfmbfnk5,64658650-5d37-43db-90ea-04abd528aeee,Travel and Exploration,Backpacking and adventure travel
p6rlm2rotp,dc8fcf95-c033-4a25-87ca-6ad0b61619ea,Health and Wellness,Fitness obstacle course races
ruhn68j8py,dc8fcf95-c033-4a25-87ca-6ad0b61619ea,Travel and Exploration,Visiting new countries and cultures
oockghmd7z,7ffe4761-7a61-44b5-97c1-766fd90dcb7b,Health and Wellness,Fitness obstacle course races
uyhy0mdbhg,7ffe4761-7a61-44b5-97c1-766fd90dcb7b,Outdoor Activities,"Camping (tent camping, RV camping)"
24xf5o3q0f,3292cb01-0f37-45fa-87c5-c4077a323754,Outdoor Activities,Hiking and nature walks
e9xf7jteo4,3292cb01-0f37-45fa-87c5-c4077a323754,Travel and Exploration,Backpacking and adventure travel
b2t6hxreal,29c5d0bb-ee77-45e6-9624-fdc0cb500a65,Travel and Exploration,Visiting new countries and cultures
bpqia69vty,29c5d0bb-ee77-45e6-9624-fdc0cb500a65,Outdoor Activities,"Camping (tent camping, RV camping)"
974e8lnswj,e19658e5-b81b-441f-a613-dc3ec6507184,Travel and Exploration,Road trips and exploring scenic routes
ebgk92usvf,e19658e5-b81b-441f-a613-dc3ec6507184,Travel and Exploration,Urban exploration and historical tours
8ljt5kbvaz,2643dea1-ccbe-4dd7-ac97-a5a3d7a27e12,Travel and Exploration,Urban exploration and historical tours
xqudwpe9mr,a31b931d-5357-421e-8c7a-421ecb00cf6f,Reading and Literature,Audio books and storytelling podcasts
shikhbsget,a31b931d-5357-421e-8c7a-421ecb00cf6f,Travel and Exploration,Backpacking and adventure travel
abmtvtqmoz,f7a71c46-6add-433c-b9a3-990b75f54cb3,Health & Wellness,Nutrition planning meal prepping
26dxt3c0wc,022cf4b6-2aff-494c-af73-bd4bf94f8475,Outdoor Activities,Hiking and nature walks
7hj7rd5s9x,ec9997a0-8df0-47c9-80c8-ae43b12baac4,Reading and Literature,Audio books and storytelling podcasts
099mojuxt3,ec9997a0-8df0-47c9-80c8-ae43b12baac4,Health & Wellness,Nutrition planning meal prepping
l1nkzvhfbp,59a5a27f-6eb2-4dd1-a884-81b16b3474f6,Travel and Exploration,Visiting new countries and cultures
q5v05wja23,59a5a27f-6eb2-4dd1-a884-81b16b3474f6,Outdoor Activities,Wilderness survival skills
sh6yz7rl5n,802831c4-73b8-4cda-be99-2db4dc5ce0dc,Travel and Exploration,Ecotourism and sustainable travel
g4w4iynmdk,17fcb4d5-de08-45fa-89ce-306ea8a52b47,Health & Wellness,Nutrition planning meal prepping
r0y6dhhvn4,17fcb4d5-de08-45fa-89ce-306ea8a52b47,Health and Wellness,Holistic health practices (acupuncture herbalism)
4nk49tva6x,3708ef1e-550c-4180-bd11-4258496e0dc3,Reading and Literature,"Fiction (novels, short stories, fantasy, science fiction)"
o5ipafd8uf,3708ef1e-550c-4180-bd11-4258496e0dc3,Outdoor Activities,Wilderness survival skills
otvq1fg3zk,45fd584e-e2c8-4652-84ab-151e4474c652,Travel and Exploration,Ecotourism and sustainable travel
ot2u71walq,45fd584e-e2c8-4652-84ab-151e4474c652,Travel and Exploration,Urban exploration and historical tours
fv91v01qi2,777776ff-ba1d-48a6-b706-9bbc05c22efd,Health and Wellness,Yoga retreats wellness tourism
ed5vh7pcwl,777776ff-ba1d-48a6-b706-9bbc05c22efd,Reading and Literature,"Fiction (novels, short stories, fantasy, science fiction)"
ugfhqqby4h,777776ff-ba1d-48a6-b706-9bbc05c22efd,Health & Wellness,Nutrition planning meal prepping
ezway25o3e,7f077b11-b852-4830-9953-316816dfd2c5,Reading and Literature,Reading challenges and book clubs
ni92gylt2h,3de548e3-801c-41d6-b0b8-28e8389795f1,Reading and Literature,Audio books and storytelling podcasts
ilv2gwh03k,3de548e3-801c-41d6-b0b8-28e8389795f1,Travel and Exploration,Visiting new countries and cultures
82wcw98yg3,3de548e3-801c-41d6-b0b8-28e8389795f1,Travel and Exploration,Road trips and exploring scenic routes
qycd1b2xol,4a881899-37f1-430c-93fb-b40ad86c5965,Travel and Exploration,Urban exploration and historical tours
hs89byoofm,4a881899-37f1-430c-93fb-b40ad86c5965,Reading and Literature,"Poetry and poetic forms (haiku, sonnets, free verse)"
42vcy58gd4,dc6a8330-abbc-4924-ab6c-1d417e9038fd,Reading and Literature,Reading challenges and book clubs
0p435geeeg,dc6a8330-abbc-4924-ab6c-1d417e9038fd,Health & Wellness,Nutrition planning meal prepping
alwtzsyn3g,dc6a8330-abbc-4924-ab6c-1d417e9038fd,Travel and Exploration,Visiting new countries and cultures
pqealbol48,969734ae-ea97-4cf1-a93e-292045e192b6,Reading and Literature,Audio books and storytelling podcasts
daw7pdp2k8,969734ae-ea97-4cf1-a93e-292045e192b6,Health and Wellness,Practicing mindfulness meditation
obeutmquw3,e435b5cd-085e-401e-85f4-a967bcaedc9f,Health and Wellness,Holistic health practices (acupuncture herbalism)
2axy6jgtn7,e435b5cd-085e-401e-85f4-a967bcaedc9f,Outdoor Activities,Wilderness survival skills
rn9b9wapnr,e435b5cd-085e-401e-85f4-a967bcaedc9f,Health and Wellness,Yoga retreats wellness tourism
bpke0v976x,6b041c73-0b9b-4e54-9e41-1c3ab42381eb,Reading and Literature,"Poetry and poetic forms (haiku, sonnets, free verse)"
35fnjcmews,6b041c73-0b9b-4e54-9e41-1c3ab42381eb,Outdoor Activities,Hiking and nature walks
vwuju9rp2g,00684172-e806-46da-9c17-eb839869ecc8,Reading and Literature,Literary analysis and book discussions
kczs6i74qk,00684172-e806-46da-9c17-eb839869ecc8,Reading and Literature,"Fiction (novels, short stories, fantasy, science fiction)"
i0yezaexjb,00684172-e806-46da-9c17-eb839869ecc8,Travel and Exploration,Cruise vacations and sailing adventures
u0e4m4m1fy,a5a7adec-5810-4b03-9154-79e281be1071,Travel and Exploration,Urban exploration and historical tours
nfjync6drk,a5a7adec-5810-4b03-9154-79e281be1071,Reading and Literature,Literary analysis and book discussions
bducoqepm8,a5a7adec-5810-4b03-9154-79e281be1071,Travel and Exploration,Backpacking and adventure travel
68mbugz1hn,9ea0f0cc-c8fa-4c20-b8b0-b5a0d5d33d72,Travel and Exploration,Backpacking and adventure travel
wd026n5v5o,9ea0f0cc-c8fa-4c20-b8b0-b5a0d5d33d72,Health and Wellness,Practicing mindfulness meditation
mncqkhdl1m,9ea0f0cc-c8fa-4c20-b8b0-b5a0d5d33d72,Outdoor Activities,Wilderness survival skills
9kbn4icba7,3a51421f-fdde-4b52-aa20-67301b3b1f9c,Health and Wellness,Practicing mindfulness meditation
zkwtn2rdfu,294d3756-5571-4a92-8bdf-94f3678d862c,Health and Wellness,Holistic health practices (acupuncture herbalism)
n8ha5xtbxa,294d3756-5571-4a92-8bdf-94f3678d862c,Travel and Exploration,Urban exploration and historical tours
appqzqxazd,294d3756-5571-4a92-8bdf-94f3678d862c,Travel and Exploration,Backpacking and adventure travel
t5ets91635,0093fcb3-b524-416f-b6fe-b8cae32d411a,Health & Wellness,Nutrition planning meal prepping
lle7vlr1bi,1b034431-e502-4c31-ba6a-1df051e09b3c,Health and Wellness,Holistic health practices (acupuncture herbalism)
yf4e8awr6k,1b034431-e502-4c31-ba6a-1df051e09b3c,Reading and Literature,"Non-fiction (biographies, history, self-help, psychology)"
mj2kw86idq,b065186b-9246-4feb-8aa1-d4845adaf808,Reading and Literature,Literary analysis and book discussions
k03fr1a8hx,b065186b-9246-4feb-8aa1-d4845adaf808,Reading and Literature,"Poetry and poetic forms (haiku, sonnets, free verse)"
kmljil2slq,b065186b-9246-4feb-8aa1-d4845adaf808,Outdoor Activities,Wilderness survival skills
inz2gu5i4b,42e2ee2b-9c1f-49d5-9b02-ea4b9d4c37d4,Outdoor Activities,Wilderness survival skills
5zgmyxxbxb,42e2ee2b-9c1f-49d5-9b02-ea4b9d4c37d4,Travel and Exploration,Backpacking and adventure travel
mmjmg89czh,1c54f805-5784-4ff7-84d8-51797d64d76a,Travel and Exploration,Cruise vacations and sailing adventures
y7wfpuxnfj,1c54f805-5784-4ff7-84d8-51797d64d76a,Travel and Exploration,Road trips and exploring scenic routes
57b9vrsky0,0493bf09-1fff-465f-b3bc-e9733a8c0fad,Reading and Literature,"Non-fiction (biographies, history, self-help, psychology)"
8fvt0n0vg4,0493bf09-1fff-465f-b3bc-e9733a8c0fad,Travel and Exploration,Cruise vacations and sailing adventures
cvqnsapir3,0493bf09-1fff-465f-b3bc-e9733a8c0fad,Health and Wellness,Holistic health practices (acupuncture herbalism)
eursbjpal9,42695f54-7e3f-4b93-955a-e3a43ebf9573,Health and Wellness,Yoga retreats wellness tourism
kuwq500pjb,1df81b8d-32ee-4c9c-9120-2c842688ff43,Reading and Literature,"Fiction (novels, short stories, fantasy, science fiction)"
i6e9rxn13u,1df81b8d-32ee-4c9c-9120-2c842688ff43,Outdoor Activities,Hiking and nature walks
17gs3j8w54,1df81b8d-32ee-4c9c-9120-2c842688ff43,Travel and Exploration,Backpacking and adventure travel
tva21re6wt,71e79106-87b1-49b9-8735-78e565a3520f,Outdoor Activities,Hiking and nature walks
pil86b69zh,71e79106-87b1-49b9-8735-78e565a3520f,Travel and Exploration,Backpacking and adventure travel
em1ioprdsy,92d5f1c9-9210-4769-ad2d-f83da37e378c,Reading and Literature,Reading challenges and book clubs
l33mw4bkyq,92d5f1c9-9210-4769-ad2d-f83da37e378c,Travel and Exploration,Urban exploration and historical tours
8197pwdo96,bb312740-7110-4a53-a9db-1627e7ae05a7,Health and Wellness,Practicing mindfulness meditation
fykvjuaki2,bb312740-7110-4a53-a9db-1627e7ae05a7,Outdoor Activities,"Camping (tent camping, RV camping)"
nxggq1rkrx,bb312740-7110-4a53-a9db-1627e7ae05a7,Health and Wellness,Fitness obstacle course races
yjb4j206dz,edfc244d-2764-407d-9779-0351eae344a0,Travel and Exploration,Urban exploration and historical tours
4zc8lb6xiq,6a1cd465-fd6a-4aab-a114-e01991c1186f,Reading and Literature,Audio books and storytelling podcasts
rpnxckbi6l,b7502587-286c-4312-9bc8-5caf8de3c8ae,Health and Wellness,Practicing mindfulness meditation
moaws0esla,b7502587-286c-4312-9bc8-5caf8de3c8ae,Reading and Literature,"Fiction (novels, short stories, fantasy, science fiction)"
lrt5gqp9wb,d4984361-7bae-4c1c-aa08-e32a4a3003d6,Reading and Literature,Reading challenges and book clubs
bi7m8ks8fy,d4984361-7bae-4c1c-aa08-e32a4a3003d6,Travel and Exploration,Urban exploration and historical tours
lfycr2swy7,faef25b4-bbb3-4e53-8fe7-9b2395a9fee7,Health and Wellness,Practicing mindfulness meditation
ccvhux7i48,5172eaad-3021-47a7-ada5-7c33193c2d83,Travel and Exploration,Urban exploration and historical tours
wxbmpqcrff,5172eaad-3021-47a7-ada5-7c33193c2d83,Travel and Exploration,Cruise vacations and sailing adventures
nrumqg9sud,5172eaad-3021-47a7-ada5-7c33193c2d83,Reading and Literature,Audio books and storytelling podcasts
gzkxxrfwea,9d538e95-f695-476f-9ab0-87aebbb5d6fb,Health and Wellness,Holistic health practices (acupuncture herbalism)
lpp4p3u8df,9d538e95-f695-476f-9ab0-87aebbb5d6fb,Travel and Exploration,Backpacking and adventure travel
wfnzxpwu2d,27ec0765-a7d0-41c9-96db-24ecd936ba1f,Health and Wellness,Holistic health practices (acupuncture herbalism)
8dr1jncmxv,556ec505-4932-416e-b7d2-f79bce6db5f0,Reading and Literature,"Poetry and poetic forms (haiku, sonnets, free verse)"
w77z83z94x,556ec505-4932-416e-b7d2-f79bce6db5f0,Travel and Exploration,Visiting new countries and cultures
ito8ok9buv,c2832902-096d-4cc7-b00e-287be79d00fd,Reading and Literature,"Non-fiction (biographies, history, self-help, psychology)"
q0vqv5wxbp,c2832902-096d-4cc7-b00e-287be79d00fd,Reading and Literature,Audio books and storytelling podcasts
2zo6ekldq8,c2832902-096d-4cc7-b00e-287be79d00fd,Health and Wellness,Fitness obstacle course races
hjnjkta7dx,350aedcb-4317-48aa-a9bd-8bb3a7fe3cb7,Health and Wellness,Practicing mindfulness meditation
9nrui4jfj6,4947996d-5b95-47a2-93ae-943c5d8be880,Reading and Literature,Audio books and storytelling podcasts
0ikc9vv16y,4947996d-5b95-47a2-93ae-943c5d8be880,Health and Wellness,Holistic health practices (acupuncture herbalism)
8yu3c4mgmz,fa4a6c50-18f2-4264-a13f-5ea4669b7242,Outdoor Activities,Wilderness survival skills
t1lbpokk3e,fa4a6c50-18f2-4264-a13f-5ea4669b7242,Health and Wellness,Practicing mindfulness meditation
vsp1ul0m5h,fa4a6c50-18f2-4264-a13f-5ea4669b7242,Outdoor Activities,Hiking and nature walks
gq4i91f8or,4c6fe2ef-1713-433e-adfd-82cb5d6e5db3,Travel and Exploration,Visiting new countries and cultures
gm6invuyel,4c6fe2ef-1713-433e-adfd-82cb5d6e5db3,Reading and Literature,"Fiction (novels, short stories, fantasy, science fiction)"
vwffpe6xrh,98120be1-cd9f-44cd-ac21-e51b43881569,Outdoor Activities,Wilderness survival skills
vkd8csmxej,98120be1-cd9f-44cd-ac21-e51b43881569,Health and Wellness,Yoga retreats wellness tourism
xzzz5zwm3f,98120be1-cd9f-44cd-ac21-e51b43881569,Outdoor Activities,"Camping (tent camping, RV camping)"
dlovnh8vln,8444675b-b852-4a2a-b0a0-97a4b7af9991,Outdoor Activities,"Camping (tent camping, RV camping)"
e3sf70o3u5,8444675b-b852-4a2a-b0a0-97a4b7af9991,Travel and Exploration,Visiting new countries and cultures
skr1fkuyso,8444675b-b852-4a2a-b0a0-97a4b7af9991,Travel and Exploration,Backpacking and adventure travel
p9vrbeeygt,1c4eeaf9-063b-4464-8c18-122a20f62c0b,Health and Wellness,Fitness obstacle course races
nal1vpoq8w,8f4012e0-5a0f-4ef6-887f-c348acf10f1c,Health and Wellness,Holistic health practices (acupuncture herbalism)
la585i2abq,8f4012e0-5a0f-4ef6-887f-c348acf10f1c,Outdoor Activities,Hiking and nature walks
ec1t49a85l,8f4012e0-5a0f-4ef6-887f-c348acf10f1c,Reading and Literature,Reading challenges and book clubs
jopl66a4w3,ab6f336b-43a7-42d8-9bd0-f624b695ac23,Travel and Exploration,Road trips and exploring scenic routes
sl2t6utfgo,ab6f336b-43a7-42d8-9bd0-f624b695ac23,Reading and Literature,"Poetry and poetic forms (haiku, sonnets, free verse)"
xuznjm9x4v,a95cc641-46af-4be5-ae63-b3603178b982,Travel and Exploration,Cruise vacations and sailing adventures
fib0tfd5vq,a95cc641-46af-4be5-ae63-b3603178b982,Reading and Literature,"Non-fiction (biographies, history, self-help, psychology)"
93fl55r7og,a95cc641-46af-4be5-ae63-b3603178b982,Reading and Literature,"Fiction (novels, short stories, fantasy, science fiction)"
unvtv31hsj,082ff939-d3a4-4410-b531-56ee76bdf63c,Reading and Literature,"Fiction (novels, short stories, fantasy, science fiction)"
6axhy13hpp,082ff939-d3a4-4410-b531-56ee76bdf63c,Travel and Exploration,Backpacking and adventure travel
e5ssxmm4u1,082ff939-d3a4-4410-b531-56ee76bdf63c,Travel and Exploration,Urban exploration and historical tours
iied21g61a,0213e574-1095-49cc-9c3d-388db5cce7f9,Travel and Exploration,Urban exploration and historical tours
jvmkz9urua,12054914-5bbd-4481-bf0b-e42d7603e6c7,Travel and Exploration,Backpacking and adventure travel
1vvrh5rxpy,12054914-5bbd-4481-bf0b-e42d7603e6c7,Health & Wellness,Nutrition planning meal prepping
4ag0vegjqc,12054914-5bbd-4481-bf0b-e42d7603e6c7,Reading and Literature,Reading challenges and book clubs
iwhkn7fp3t,41830018-d25d-4ce6-ad73-778e0f7ff546,Travel and Exploration,Urban exploration and historical tours
1v75kcbhqc,41830018-d25d-4ce6-ad73-778e0f7ff546,Health and Wellness,Fitness obstacle course races
q47vqhq8ia,41830018-d25d-4ce6-ad73-778e0f7ff546,Health and Wellness,Practicing mindfulness meditation
92tb41knc7,66797b58-e96d-4d40-99d3-5cda775a24e7,Travel and Exploration,Visiting new countries and cultures
k16bfma3ok,66797b58-e96d-4d40-99d3-5cda775a24e7,Travel and Exploration,Road trips and exploring scenic routes
lt8pugi534,bda8a225-e102-45b3-8e95-8ac1288f3d4a,Reading and Literature,Reading challenges and book clubs
gpxufzegrb,0a7a7de1-80d3-43b8-9168-c7e595aae3f7,Reading and Literature,Audio books and storytelling podcasts
90gdh69c6k,d5b4b31e-1a99-4af4-abd5-7303d9917246,Travel and Exploration,Visiting new countries and cultures
rctxwcynav,d366719b-120d-4a9b-8bd9-9f95a8bace87,Travel and Exploration,Urban exploration and historical tours
f8mh4xbyzk,d366719b-120d-4a9b-8bd9-9f95a8bace87,Health and Wellness,Practicing mindfulness meditation
8tnaqopk9k,d366719b-120d-4a9b-8bd9-9f95a8bace87,Reading and Literature,Audio books and storytelling podcasts
vt3bpcfq3j,e716d28f-b1d9-4e54-9107-6618a13ab5ca,Health and Wellness,Yoga retreats wellness tourism
h55pxe9pp4,e7ebbb5e-7594-41cc-9e97-bfcbfcf37a1e,Outdoor Activities,"Camping (tent camping, RV camping)"
dtioc0ho0h,e7ebbb5e-7594-41cc-9e97-bfcbfcf37a1e,Health and Wellness,Yoga retreats wellness tourism
y4eld9bt0l,e7ebbb5e-7594-41cc-9e97-bfcbfcf37a1e,Health & Wellness,Nutrition planning meal prepping
7s2s5qoq8c,cb474fef-8992-4bca-9874-c4ddbf18e5ba,Health and Wellness,Holistic health practices (acupuncture herbalism)
xaj5tgtsjv,cb474fef-8992-4bca-9874-c4ddbf18e5ba,Reading and Literature,"Poetry and poetic forms (haiku, sonnets, free verse)"
dxd5n8ifba,cb474fef-8992-4bca-9874-c4ddbf18e5ba,Travel and Exploration,Visiting new countries and cultures
10bbh1rt78,942aa537-2320-4860-973d-5173d79278dd,Reading and Literature,"Non-fiction (biographies, history, self-help, psychology)"
u1k227pz81,942aa537-2320-4860-973d-5173d79278dd,Health and Wellness,Fitness obstacle course races
q547ea6spr,2db0bb95-91e4-4b5e-99b7-cd1f8ab72983,Travel and Exploration,Visiting new countries and cultures
3dxcjb26os,2db0bb95-91e4-4b5e-99b7-cd1f8ab72983,Reading and Literature,Literary analysis and book discussions
af61gsqxkt,cf57dc6c-144c-4186-9239-234b73974baa,Travel and Exploration,Backpacking and adventure travel
oehe1d0pq3,cf57dc6c-144c-4186-9239-234b73974baa,Health & Wellness,Nutrition planning meal prepping
uke2wmbbx2,edc9a9c9-b425-4d8c-a450-6f870707f0e5,Travel and Exploration,Cruise vacations and sailing adventures
dmpuf9t8dx,edc9a9c9-b425-4d8c-a450-6f870707f0e5,Health and Wellness,Yoga retreats wellness tourism
54dotakwzv,82381eee-2931-4ab0-83f9-23b0a2847b60,Outdoor Activities,"Camping (tent camping, RV camping)"
op7b3fg4wc,82381eee-2931-4ab0-83f9-23b0a2847b60,Outdoor Activities,Wilderness survival skills
um3wxrs5hq,82b83843-625d-4c91-878e-3f3ea584339a,Reading and Literature,Reading challenges and book clubs
rm7oqf0ifx,82b83843-625d-4c91-878e-3f3ea584339a,Travel and Exploration,Backpacking and adventure travel
b0je3hn2k9,82b83843-625d-4c91-878e-3f3ea584339a,Health & Wellness,Nutrition planning meal prepping
iwzmp1zzxd,a7e85683-6f69-42c3-95be-f323277c750e,Reading and Literature,Reading challenges and book clubs
3vk1gxwbxo,a7e85683-6f69-42c3-95be-f323277c750e,Health and Wellness,Practicing mindfulness meditation
qo225og1q9,a7e85683-6f69-42c3-95be-f323277c750e,Travel and Exploration,Cruise vacations and sailing adventures
mqevtzylgb,ae5a2c4e-4a02-4338-8702-f53cb2cbcaf1,Travel and Exploration,Backpacking and adventure travel
jw2g4oxbgw,de0f2413-52c1-4a2e-bbed-2111cedab261,Reading and Literature,"Poetry and poetic forms (haiku, sonnets, free verse)"
xrm8j1oc8n,de0f2413-52c1-4a2e-bbed-2111cedab261,Health & Wellness,Nutrition planning meal prepping
c7brg010kr,de0f2413-52c1-4a2e-bbed-2111cedab261,Health and Wellness,Yoga retreats wellness tourism
hjg5srgw5y,51badf6d-e3f4-4516-b1e1-650c1487e93a,Reading and Literature,"Non-fiction (biographies, history, self-help, psychology)"
bpvjukufbf,51badf6d-e3f4-4516-b1e1-650c1487e93a,Health and Wellness,Yoga retreats wellness tourism
eho11h036h,51badf6d-e3f4-4516-b1e1-650c1487e93a,Health and Wellness,Holistic health practices (acupuncture herbalism)
hy3eidyi7u,2dd1b902-b67e-4c39-8890-535aa0f412d6,Reading and Literature,Reading challenges and book clubs
aw8yo3qnge,2dd1b902-b67e-4c39-8890-535aa0f412d6,Outdoor Activities,Wilderness survival skills
wxuyo79wvc,096d9182-70c9-4066-b200-1f480c9c5c0e,Reading and Literature,"Fiction (novels, short stories, fantasy, science fiction)"
bshcggt7fr,096d9182-70c9-4066-b200-1f480c9c5c0e,Travel and Exploration,Urban exploration and historical tours
o1otjqhsv1,096d9182-70c9-4066-b200-1f480c9c5c0e,Reading and Literature,Literary analysis and book discussions
3yqjff0mjm,02566141-6b8b-431a-be96-232fc318b69b,Reading and Literature,Audio books and storytelling podcasts
heqldgr37k,02566141-6b8b-431a-be96-232fc318b69b,Outdoor Activities,"Camping (tent camping, RV camping)"
9fdt72827x,b98f8536-1f17-4ee3-b803-345874ec9f76,Health and Wellness,Holistic health practices (acupuncture herbalism)
meofwldzbd,40a91195-6bd4-4ae7-a001-9ef2c3fffcc1,Health and Wellness,Fitness obstacle course races
66tx9v4wxn,ea40176a-a127-4e8d-8cb6-b3cc64924901,Travel and Exploration,Backpacking and adventure travel
xj67vcecn0,ea40176a-a127-4e8d-8cb6-b3cc64924901,Outdoor Activities,Hiking and nature walks
zghjr52wyc,ea40176a-a127-4e8d-8cb6-b3cc64924901,Reading and Literature,"Fiction (novels, short stories, fantasy, science fiction)"
kctv5998ab,065c5194-b678-44dd-9df6-29101fa5d57b,Health and Wellness,Fitness obstacle course races
o0p2wbydud,4e1d9c44-53d8-4f66-8231-f4d483beb40b,Reading and Literature,Audio books and storytelling podcasts
3ql2uc89by,4e1d9c44-53d8-4f66-8231-f4d483beb40b,Health and Wellness,Fitness obstacle course races
7fo8ht9h9c,4e1d9c44-53d8-4f66-8231-f4d483beb40b,Health and Wellness,Yoga retreats wellness tourism
30iwyz204e,26882ccb-bb29-4670-87f3-12afbd161d8a,Travel and Exploration,Cruise vacations and sailing adventures
3oecocq0sg,59f5c052-5630-48f4-9622-ccbf22bcb00d,Outdoor Activities,Wilderness survival skills
t6jq0dzsa3,59f5c052-5630-48f4-9622-ccbf22bcb00d,Reading and Literature,"Fiction (novels, short stories, fantasy, science fiction)"
3n7jm0bz6r,4c845e6a-24ce-42f5-9575-d42416dc51dd,Outdoor Activities,Hiking and nature walks
z2ajiul0da,4c845e6a-24ce-42f5-9575-d42416dc51dd,Travel and Exploration,Cruise vacations and sailing adventures
1dmaswrr91,00cba771-fb33-4590-a41e-b4140ec0c527,Health and Wellness,Holistic health practices (acupuncture herbalism)
twprs62gpi,00cba771-fb33-4590-a41e-b4140ec0c527,Reading and Literature,"Non-fiction (biographies, history, self-help, psychology)"
m8l02fgjl6,65f81cdc-25e1-46cc-8b49-d6fce989a1e7,Reading and Literature,Literary analysis and book discussions
kn798et4rp,65f81cdc-25e1-46cc-8b49-d6fce989a1e7,Travel and Exploration,Visiting new countries and cultures
kgmobc0643,85b7760a-80b1-413d-a55b-54425c9a47e1,Outdoor Activities,"Camping (tent camping, RV camping)"
wzcxy8rzjk,85b7760a-80b1-413d-a55b-54425c9a47e1,Travel and Exploration,Cruise vacations and sailing adventures
zxe38qcbe7,85b7760a-80b1-413d-a55b-54425c9a47e1,Travel and Exploration,Visiting new countries and cultures
qb8ekxd6n3,2b3b89a4-1f0d-4ffb-9728-993b36d01245,Health and Wellness,Practicing mindfulness meditation
xd2kwyx4ij,05c72f13-f2ff-4d01-b68b-eb1dd3ac7468,Reading and Literature,"Non-fiction (biographies, history, self-help, psychology)"
na3kpmpq34,05c72f13-f2ff-4d01-b68b-eb1dd3ac7468,Travel and Exploration,Cruise vacations and sailing adventures
xpa55qw1rc,05c72f13-f2ff-4d01-b68b-eb1dd3ac7468,Outdoor Activities,"Camping (tent camping, RV camping)"
u1g3ohk01x,e1834296-55ee-4ca1-b52a-821fe749239c,Travel and Exploration,Ecotourism and sustainable travel
j4elo420ln,e1834296-55ee-4ca1-b52a-821fe749239c,Health and Wellness,Practicing mindfulness meditation
ovpbr4xudg,0ccde19e-d62c-4c13-a5ef-5fd265a090ea,Health and Wellness,Holistic health practices (acupuncture herbalism)
k2arp0z86f,0ccde19e-d62c-4c13-a5ef-5fd265a090ea,Health and Wellness,Yoga retreats wellness tourism
iglrz28jzm,0ccde19e-d62c-4c13-a5ef-5fd265a090ea,Travel and Exploration,Visiting new countries and cultures
5dtuiaglqa,2cab6e9a-02ff-4c51-b54c-c8f16f6bf888,Health and Wellness,Holistic health practices (acupuncture herbalism)
ffd3rxvwqo,8a3c4bf8-c292-4711-9331-b35221ad3629,Reading and Literature,Audio books and storytelling podcasts
ws5yirgzvk,8a3c4bf8-c292-4711-9331-b35221ad3629,Reading and Literature,Reading challenges and book clubs
05nd9gfg31,8a3c4bf8-c292-4711-9331-b35221ad3629,Travel and Exploration,Visiting new countries and cultures
yf45wx3nqo,1dc1ac41-96a0-4ef0-9b41-aab3ff667eba,Travel and Exploration,Road trips and exploring scenic routes
h67ldvhlg9,19e5baac-7774-44b2-bb53-b045dc52f6ec,Reading and Literature,Audio books and storytelling podcasts
3hkrlgh5w0,19e5baac-7774-44b2-bb53-b045dc52f6ec,Travel and Exploration,Ecotourism and sustainable travel
k7vjyg3v26,19e5baac-7774-44b2-bb53-b045dc52f6ec,Health and Wellness,Holistic health practices (acupuncture herbalism)
s0goc3sxpd,e2d50936-917e-40fd-a5b3-796d4aa4b96e,Travel and Exploration,Urban exploration and historical tours
mcb9c75nfo,93792167-a15f-4674-ad0d-383ec3e2e196,Outdoor Activities,Hiking and nature walks
rrwxs8sbff,6522c11f-1206-4ee3-827e-1e0484aa132c,Outdoor Activities,Hiking and nature walks
gv3gst39hq,6522c11f-1206-4ee3-827e-1e0484aa132c,Reading and Literature,Reading challenges and book clubs
ou8t3t8pwj,cc99978a-329c-4a17-bb42-7ec97b74a9cb,Health & Wellness,Nutrition planning meal prepping
ckuk13kle6,cc482931-609d-48ae-9eff-a73c58fa2e37,Outdoor Activities,Wilderness survival skills
u6i5r1m12d,cc482931-609d-48ae-9eff-a73c58fa2e37,Travel and Exploration,Backpacking and adventure travel
unwearhhhx,d7a6f0d0-4aec-4433-afa9-1298a6d5a4f0,Reading and Literature,"Non-fiction (biographies, history, self-help, psychology)"
qscia17kb9,d7a6f0d0-4aec-4433-afa9-1298a6d5a4f0,Outdoor Activities,Wilderness survival skills
2r1myldi91,407a033d-f54e-4319-acc7-03055947d012,Outdoor Activities,Wilderness survival skills
p77j9yktnl,407a033d-f54e-4319-acc7-03055947d012,Health and Wellness,Yoga retreats wellness tourism
975759uzut,1ca624e5-c0fa-4e94-aedb-5c74be4f79f0,Outdoor Activities,"Camping (tent camping, RV camping)"
k4pu63qklc,1ca624e5-c0fa-4e94-aedb-5c74be4f79f0,Travel and Exploration,Backpacking and adventure travel
gtstphu4jf,1ca624e5-c0fa-4e94-aedb-5c74be4f79f0,Health and Wellness,Yoga retreats wellness tourism
dvlqi6rcg1,4eaf318a-2cc3-4035-97ef-5fc2dd10d5d3,Reading and Literature,Audio books and storytelling podcasts
qa8q11ozbz,4eaf318a-2cc3-4035-97ef-5fc2dd10d5d3,Health and Wellness,Practicing mindfulness meditation
tlnkfom2n5,4eaf318a-2cc3-4035-97ef-5fc2dd10d5d3,Reading and Literature,"Fiction (novels, short stories, fantasy, science fiction)"
cztgo2plkw,c2fb786b-7820-47e5-b2f6-0f8138c74ce6,Travel and Exploration,Urban exploration and historical tours
amhfypla5z,c2fb786b-7820-47e5-b2f6-0f8138c74ce6,Outdoor Activities,Wilderness survival skills
fsb4z0ak8c,c2fb786b-7820-47e5-b2f6-0f8138c74ce6,Travel and Exploration,Road trips and exploring scenic routes
fhfuhaws75,415ba58a-91f8-476d-9d23-e53c300920bc,Reading and Literature,"Fiction (novels, short stories, fantasy, science fiction)"
w9eqc1ojur,415ba58a-91f8-476d-9d23-e53c300920bc,Reading and Literature,Audio books and storytelling podcasts
f5udn6dr3d,415ba58a-91f8-476d-9d23-e53c300920bc,Outdoor Activities,"Camping (tent camping, RV camping)"
ml7pj7cd4u,f757f405-4b35-4c6f-a61c-1052b802a37d,Health and Wellness,Practicing mindfulness meditation
raj83bprsf,4a6ae36d-0c36-444c-b505-154e23b2a1da,Health & Wellness,Nutrition planning meal prepping
j2lihuzkj8,ab4fa334-9949-4f77-af06-2abe1fd4dc34,Travel and Exploration,Ecotourism and sustainable travel
u0cg2q7v6e,ab4fa334-9949-4f77-af06-2abe1fd4dc34,Outdoor Activities,Hiking and nature walks
pnczu745qu,ab4fa334-9949-4f77-af06-2abe1fd4dc34,Travel and Exploration,Urban exploration and historical tours
v6lnq2nzko,89f503ec-bec6-4f7e-9653-dfa77098f90c,Reading and Literature,"Non-fiction (biographies, history, self-help, psychology)"
jt57eavt50,a7ea9c7f-91fa-4d51-a1a1-b9726a865670,Travel and Exploration,Road trips and exploring scenic routes
0sr5fkcvo3,0718c6fe-b52e-4df5-b353-754a863ab27b,Reading and Literature,"Fiction (novels, short stories, fantasy, science fiction)"
7aq5c2eigs,0718c6fe-b52e-4df5-b353-754a863ab27b,Reading and Literature,"Non-fiction (biographies, history, self-help, psychology)"
ejylfntoka,a3269770-94c7-40e7-bd0b-9086cabbf163,Travel and Exploration,Road trips and exploring scenic routes
cqa2f8lp4o,a3269770-94c7-40e7-bd0b-9086cabbf163,Travel and Exploration,Cruise vacations and sailing adventures
u68lj94wpe,0b309f63-fa38-40af-a7df-3c4200a4aaa7,Health and Wellness,Holistic health practices (acupuncture herbalism)
uqefzs71ft,0b309f63-fa38-40af-a7df-3c4200a4aaa7,Outdoor Activities,Hiking and nature walks
1sgsgebd26,51bc23c5-e2f2-45ee-8541-33023c9c6b93,Health and Wellness,Holistic health practices (acupuncture herbalism)
cfpuuu8qmg,51bc23c5-e2f2-45ee-8541-33023c9c6b93,Reading and Literature,"Fiction (novels, short stories, fantasy, science fiction)"
3en4jddde9,23719638-0d53-4da6-817a-cf37034d97c1,Travel and Exploration,Cruise vacations and sailing adventures
nnywa398tp,8e8a87d1-c3b8-44e7-8867-e2692e02f190,Travel and Exploration,Road trips and exploring scenic routes
b8ad1cue7d,8e8a87d1-c3b8-44e7-8867-e2692e02f190,Reading and Literature,"Fiction (novels, short stories, fantasy, science fiction)"
l9furzhwf3,8e8a87d1-c3b8-44e7-8867-e2692e02f190,Health and Wellness,Fitness obstacle course races
zuulozctnl,2d9a78c4-6526-4d43-b065-62614cdd999f,Travel and Exploration,Cruise vacations and sailing adventures
mmqwoh6tv2,91ea5d72-1d40-45c6-a4cb-892ed1484ebe,Travel and Exploration,Ecotourism and sustainable travel
xhnhdchb7e,97fb7aab-d3ee-4a52-b4d8-87cbd44d2da1,Outdoor Activities,Hiking and nature walks
iizksk5hdi,6b1c0ea6-7214-47db-9de2-53b4b01e2a8a,Reading and Literature,"Poetry and poetic forms (haiku, sonnets, free verse)"
4n8lvsrgrk,6b1c0ea6-7214-47db-9de2-53b4b01e2a8a,Health and Wellness,Holistic health practices (acupuncture herbalism)
9jldnqac73,c494576f-5cbc-4050-a27a-61e5b36b75e4,Reading and Literature,Audio books and storytelling podcasts
w3jcif3zy8,c494576f-5cbc-4050-a27a-61e5b36b75e4,Reading and Literature,Literary analysis and book discussions
7ki2obsgk8,0d09e507-7494-4116-adf2-8b32a9990fbc,Reading and Literature,Reading challenges and book clubs
1vteeehj81,0d09e507-7494-4116-adf2-8b32a9990fbc,Reading and Literature,"Non-fiction (biographies, history, self-help, psychology)"
o3bl2lziky,05177781-6211-404b-ba5a-be47c96484eb,Travel and Exploration,Backpacking and adventure travel
n7evjgs29x,05177781-6211-404b-ba5a-be47c96484eb,Travel and Exploration,Visiting new countries and cultures
xw2p2sb2ac,05177781-6211-404b-ba5a-be47c96484eb,Reading and Literature,Literary analysis and book discussions
rlpbxesjrf,0fc55c9f-d71c-4922-8adc-3fd2854bc142,Health and Wellness,Yoga retreats wellness tourism
i9b86fwhx9,190e60fa-50fd-4237-b948-cfb1bef2bf26,Health and Wellness,Practicing mindfulness meditation
u573vn4iia,190e60fa-50fd-4237-b948-cfb1bef2bf26,Reading and Literature,Literary analysis and book discussions
ezqcb120ct,190e60fa-50fd-4237-b948-cfb1bef2bf26,Reading and Literature,"Fiction (novels, short stories, fantasy, science fiction)"
cr4xtnggn9,060bd9f8-b730-4977-806d-03e1dfe5cd42,Outdoor Activities,"Camping (tent camping, RV camping)"
pp879mks39,060bd9f8-b730-4977-806d-03e1dfe5cd42,Reading and Literature,Audio books and storytelling podcasts
yh0t7xhohy,42814efe-597b-43e8-972b-00c16a51fa9b,Travel and Exploration,Backpacking and adventure travel
cxvdqv9x9c,42814efe-597b-43e8-972b-00c16a51fa9b,Reading and Literature,"Non-fiction (biographies, history, self-help, psychology)"
79kug3ec3q,42814efe-597b-43e8-972b-00c16a51fa9b,Travel and Exploration,Road trips and exploring scenic routes
ljvhdrexji,0850b612-3950-41e3-8ce0-11737d091b64,Outdoor Activities,Wilderness survival skills
b9oj4lqi3k,df230bf4-dc6c-46e4-a62d-e895e3a1da6d,Travel and Exploration,Backpacking and adventure travel
66p3kv05px,c7627650-238f-468c-a4ce-be81d2e99dbd,Travel and Exploration,Cruise vacations and sailing adventures
iu2sxuc95j,c7627650-238f-468c-a4ce-be81d2e99dbd,Reading and Literature,"Non-fiction (biographies, history, self-help, psychology)"
pbo3v44oif,16e43025-10f1-42e6-9793-e0e2f333d79c,Outdoor Activities,Hiking and nature walks
90ptobsu56,16e43025-10f1-42e6-9793-e0e2f333d79c,Travel and Exploration,Visiting new countries and cultures
t387aj7csx,11395d9d-ccf8-4f27-86c3-460e7db0e446,Travel and Exploration,Backpacking and adventure travel
62vhrk9wz1,11395d9d-ccf8-4f27-86c3-460e7db0e446,Reading and Literature,Literary analysis and book discussions
qoeh5j9j4u,11395d9d-ccf8-4f27-86c3-460e7db0e446,Reading and Literature,"Non-fiction (biographies, history, self-help, psychology)"
370m8ymu17,71fda347-4547-4c77-a264-6ee2bdced115,Health and Wellness,Practicing mindfulness meditation
dab0355jpb,71fda347-4547-4c77-a264-6ee2bdced115,Health and Wellness,Fitness obstacle course races
aj5wk009rd,65885ed0-ea50-4ad4-95e6-3240fd6625e6,Reading and Literature,"Poetry and poetic forms (haiku, sonnets, free verse)"
5h4mrvj0wp,65885ed0-ea50-4ad4-95e6-3240fd6625e6,Reading and Literature,"Non-fiction (biographies, history, self-help, psychology)"
53tmjb73ry,10ad5a48-bcf2-452a-8c9a-dd0f0e6afe72,Reading and Literature,Literary analysis and book discussions
yc7m6u1950,09f6f90b-e8c9-4f8c-81e8-bec7f1f010e7,Travel and Exploration,Cruise vacations and sailing adventures
6kpc6vpxhd,09f6f90b-e8c9-4f8c-81e8-bec7f1f010e7,Health & Wellness,Nutrition planning meal prepping
dmwrszetxt,fe1ca8d4-4e93-4a01-b19a-050c99915b6d,Health and Wellness,Holistic health practices (acupuncture herbalism)
6ywwx4kh7z,fe1ca8d4-4e93-4a01-b19a-050c99915b6d,Travel and Exploration,Cruise vacations and sailing adventures
yby5mcdp30,c6fd010e-42bf-4835-9651-d52379fc9ffe,Reading and Literature,"Fiction (novels, short stories, fantasy, science fiction)"
6olwoau01b,424dc1e0-1974-4a40-a055-6b375ee686bb,Health and Wellness,Yoga retreats wellness tourism
drmx8gxujq,d711cd5a-8762-4048-8c3e-e8ca94adbbe0,Travel and Exploration,Visiting new countries and cultures
hrbu419dkz,d711cd5a-8762-4048-8c3e-e8ca94adbbe0,Travel and Exploration,Road trips and exploring scenic routes
4hpp7imxca,d711cd5a-8762-4048-8c3e-e8ca94adbbe0,Outdoor Activities,Wilderness survival skills
tfjg81gp3w,7c71e6b2-2fc4-4398-aacc-d794eb50578f,Reading and Literature,Reading challenges and book clubs
mtnb4jbhnk,7c71e6b2-2fc4-4398-aacc-d794eb50578f,Health & Wellness,Nutrition planning meal prepping
gclew9ufmo,14af4818-b72b-489d-abc6-e024f096fbb7,Travel and Exploration,Road trips and exploring scenic routes
uecsil5vci,1ef95bf6-1c34-47bf-847a-418ef71e9f47,Reading and Literature,Reading challenges and book clubs
ydvry6l0w2,1ef95bf6-1c34-47bf-847a-418ef71e9f47,Reading and Literature,Audio books and storytelling podcasts
yjccm9kvm2,1ef95bf6-1c34-47bf-847a-418ef71e9f47,Travel and Exploration,Ecotourism and sustainable travel
gfgo1bwmn5,37f9561f-f66f-441e-9db4-8ea086e68fc7,Health and Wellness,Fitness obstacle course races
3juivkg8oi,37f9561f-f66f-441e-9db4-8ea086e68fc7,Reading and Literature,Literary analysis and book discussions
43gpimz0d8,37f9561f-f66f-441e-9db4-8ea086e68fc7,Outdoor Activities,Wilderness survival skills
3tq71b4hmr,c3d56892-a1d8-4e7e-ac22-ac8753436dd4,Reading and Literature,Reading challenges and book clubs
lsnlcz1t96,c3d56892-a1d8-4e7e-ac22-ac8753436dd4,Travel and Exploration,Ecotourism and sustainable travel
q0oiwubfxg,6d0a5e82-e8d6-4c5b-aed0-f9ae016dd504,Reading and Literature,Literary analysis and book discussions
d257a14w0f,6d0a5e82-e8d6-4c5b-aed0-f9ae016dd504,Travel and Exploration,Road trips and exploring scenic routes
f621f4crq9,9d54b98c-14e9-4117-8fc9-869d845a4fce,Outdoor Activities,"Camping (tent camping, RV camping)"
ecqg5kvndv,9d54b98c-14e9-4117-8fc9-869d845a4fce,Health and Wellness,Holistic health practices (acupuncture herbalism)
k5qbh98qez,9d54b98c-14e9-4117-8fc9-869d845a4fce,Outdoor Activities,Wilderness survival skills
ylrhfawyv9,0b874b28-e3bc-4d1a-8664-7e06a33d833a,Outdoor Activities,"Camping (tent camping, RV camping)"
sl2amulo71,fbaf0402-c9c4-4e1d-b5c9-e4d0efea5665,Reading and Literature,Audio books and storytelling podcasts
mfvi8ndk63,fbaf0402-c9c4-4e1d-b5c9-e4d0efea5665,Health and Wellness,Yoga retreats wellness tourism
xfz6nowsyw,fbaf0402-c9c4-4e1d-b5c9-e4d0efea5665,Health & Wellness,Nutrition planning meal prepping
epbva05cfs,5d4c5f97-c9c0-45e1-a1d9-a349d0300450,Health & Wellness,Nutrition planning meal prepping
c01wfmztkx,5d4c5f97-c9c0-45e1-a1d9-a349d0300450,Reading and Literature,"Non-fiction (biographies, history, self-help, psychology)"
x5612kziw4,a21c033b-1c6b-44bd-b9ad-95727a188fb4,Travel and Exploration,Backpacking and adventure travel
qcemdq45oj,0c050158-6ab8-4a27-8793-e4e35c6dfe1c,Reading and Literature,"Poetry and poetic forms (haiku, sonnets, free verse)"
yq2c2fc7bv,3698b8c9-78f7-43b1-b807-6df2b63c3802,Travel and Exploration,Urban exploration and historical tours
xnv19v29xb,3698b8c9-78f7-43b1-b807-6df2b63c3802,Travel and Exploration,Backpacking and adventure travel
an2m3mivw4,3698b8c9-78f7-43b1-b807-6df2b63c3802,Health and Wellness,Yoga retreats wellness tourism
fkf9wdc2pz,094e4237-55bc-438a-af41-ef1259b44f0f,Reading and Literature,Literary analysis and book discussions
obml2tnvcd,094e4237-55bc-438a-af41-ef1259b44f0f,Health & Wellness,Nutrition planning meal prepping
c4d3jclc3f,e4eeca33-6c0e-446b-930e-fbac67251baf,Health and Wellness,Holistic health practices (acupuncture herbalism)
23p6t7d9sh,e4eeca33-6c0e-446b-930e-fbac67251baf,Reading and Literature,"Non-fiction (biographies, history, self-help, psychology)"
275jutejkz,e4eeca33-6c0e-446b-930e-fbac67251baf,Outdoor Activities,Wilderness survival skills
fnuzka9pcp,9fcc6925-2f88-4f02-858b-efc0744c183a,Health and Wellness,Practicing mindfulness meditation
6kxigwb0xb,9fcc6925-2f88-4f02-858b-efc0744c183a,Health and Wellness,Holistic health practices (acupuncture herbalism)
d7rwodctaa,9fcc6925-2f88-4f02-858b-efc0744c183a,Travel and Exploration,Road trips and exploring scenic routes
i22p9bgwzv,735c8f0a-f4c8-47b0-9554-5c4ea7ffe79f,Reading and Literature,"Non-fiction (biographies, history, self-help, psychology)"
2h4mrsdnm7,735c8f0a-f4c8-47b0-9554-5c4ea7ffe79f,Health and Wellness,Practicing mindfulness meditation
tyk6dsmqvg,735c8f0a-f4c8-47b0-9554-5c4ea7ffe79f,Travel and Exploration,Road trips and exploring scenic routes
t2it4ckwte,dbb2a09c-7d1c-4117-b0d7-d8451f0d4c2f,Travel and Exploration,Urban exploration and historical tours
il1msjysrd,d79fb4ee-2c09-4936-8679-e76b5a9eba51,Health and Wellness,Holistic health practices (acupuncture herbalism)
i6bvyhnm1m,d0a73205-fd69-4997-8000-3e901219b4f2,Travel and Exploration,Road trips and exploring scenic routes
67eb4hx0y5,d0a73205-fd69-4997-8000-3e901219b4f2,Travel and Exploration,Backpacking and adventure travel
yqkgcn7vtu,613675aa-9e33-4d93-89a2-22f0d4207036,Reading and Literature,"Fiction (novels, short stories, fantasy, science fiction)"
00q8vlh483,613675aa-9e33-4d93-89a2-22f0d4207036,Health & Wellness,Nutrition planning meal prepping
405mqhnjw5,7db846e1-dc74-42a8-939f-659f03572ef9,Reading and Literature,"Non-fiction (biographies, history, self-help, psychology)"
zj2zv5bbqd,7db846e1-dc74-42a8-939f-659f03572ef9,Travel and Exploration,Road trips and exploring scenic routes
o6pind9ih0,7db846e1-dc74-42a8-939f-659f03572ef9,Travel and Exploration,Ecotourism and sustainable travel
e8h19arf15,304ef720-bd8d-4b8a-885d-a2b4fe8b1fed,Reading and Literature,"Non-fiction (biographies, history, self-help, psychology)"
ay7h4c3531,304ef720-bd8d-4b8a-885d-a2b4fe8b1fed,Reading and Literature,Audio books and storytelling podcasts
exq3406a3b,304ef720-bd8d-4b8a-885d-a2b4fe8b1fed,Outdoor Activities,Wilderness survival skills
6prpxt70ai,1d1dd54b-ccaf-4c97-a1ac-b8d8bdfb79ee,Travel and Exploration,Visiting new countries and cultures
e2wl7bxerq,1d1dd54b-ccaf-4c97-a1ac-b8d8bdfb79ee,Health and Wellness,Fitness obstacle course races
inz36txb8i,1d1dd54b-ccaf-4c97-a1ac-b8d8bdfb79ee,Reading and Literature,"Non-fiction (biographies, history, self-help, psychology)"
s5ucs8j604,c2ec2419-cc6d-4697-a51c-9a3135086963,Reading and Literature,Reading challenges and book clubs
vyj1lj2p6d,c2ec2419-cc6d-4697-a51c-9a3135086963,Travel and Exploration,Ecotourism and sustainable travel
g4rupmv6g6,226358e9-3b10-4161-b407-1a02964b6834,Reading and Literature,Reading challenges and book clubs
gzxgepvznp,9a2b2709-5da9-4e4d-95f3-7d4ae9c729bf,Health and Wellness,Holistic health practices (acupuncture herbalism)
u6xd1voekv,0efa7f0a-9c9f-4e09-ad5f-916165662862,Outdoor Activities,Wilderness survival skills
d6p8hqrnk1,0efa7f0a-9c9f-4e09-ad5f-916165662862,Outdoor Activities,Hiking and nature walks
ow7jzly2gj,0efa7f0a-9c9f-4e09-ad5f-916165662862,Reading and Literature,Literary analysis and book discussions
ongq25v476,ce99cc30-9478-4212-a40a-69c6ee336dd7,Reading and Literature,Reading challenges and book clubs
k9fp3jvp80,ce99cc30-9478-4212-a40a-69c6ee336dd7,Travel and Exploration,Urban exploration and historical tours
emlql09bni,ce99cc30-9478-4212-a40a-69c6ee336dd7,Reading and Literature,"Poetry and poetic forms (haiku, sonnets, free verse)"
w4itsqw105,52a27cd7-fa27-43ff-8082-7e6067211565,Outdoor Activities,Hiking and nature walks
gxfc9rb0tk,52a27cd7-fa27-43ff-8082-7e6067211565,Travel and Exploration,Ecotourism and sustainable travel
belhq2xwnu,52a27cd7-fa27-43ff-8082-7e6067211565,Reading and Literature,Audio books and storytelling podcasts
toey54ppk9,1ef97db5-3528-4164-a550-4445acf4ac65,Travel and Exploration,Backpacking and adventure travel
nlbizmm91z,1ef97db5-3528-4164-a550-4445acf4ac65,Reading and Literature,Literary analysis and book discussions
19hzbpnv3r,1ef97db5-3528-4164-a550-4445acf4ac65,Reading and Literature,"Non-fiction (biographies, history, self-help, psychology)"
zhahuz12jr,bbf27be0-afe3-4eb4-98e8-d2353663cfcf,Reading and Literature,Reading challenges and book clubs
omdbfprfxg,bbf27be0-afe3-4eb4-98e8-d2353663cfcf,Travel and Exploration,Ecotourism and sustainable travel
w75jvc6er8,ff178aeb-2b27-48a2-8702-26bfb37f008e,Outdoor Activities,"Camping (tent camping, RV camping)"
anr8m2ehxo,0b470338-548c-4ff3-84ec-b51dfb13c44f,Travel and Exploration,Urban exploration and historical tours
p9q74d4d4a,0b470338-548c-4ff3-84ec-b51dfb13c44f,Travel and Exploration,Cruise vacations and sailing adventures
x2ykv2pza5,0b470338-548c-4ff3-84ec-b51dfb13c44f,Reading and Literature,Audio books and storytelling podcasts
pmyctpwb7e,037be562-0921-4828-a51c-e788ce5e37ff,Travel and Exploration,Cruise vacations and sailing adventures
m08lbk95ri,037be562-0921-4828-a51c-e788ce5e37ff,Health & Wellness,Nutrition planning meal prepping
venjh8hfj7,bd0fa4bd-f1fb-47a4-ba95-a5c46309e613,Reading and Literature,Reading challenges and book clubs
hbyec7lfb9,bd0fa4bd-f1fb-47a4-ba95-a5c46309e613,Health and Wellness,Yoga retreats wellness tourism
8bjg64ms51,bd0fa4bd-f1fb-47a4-ba95-a5c46309e613,Travel and Exploration,Cruise vacations and sailing adventures
fn4joxq5sm,d6b929f4-2852-4d6b-b816-2cf7812b7d4f,Travel and Exploration,Cruise vacations and sailing adventures
pivg9k7itp,d6b929f4-2852-4d6b-b816-2cf7812b7d4f,Reading and Literature,Reading challenges and book clubs
ijy4fmxrq4,d6b929f4-2852-4d6b-b816-2cf7812b7d4f,Travel and Exploration,Urban exploration and historical tours
gkakw942wa,38084d37-2d0d-4acd-9da9-d371f32c6b1b,Health and Wellness,Practicing mindfulness meditation
mw8tpvk8as,59bd81b3-8686-4d08-8c1f-0b6dd461c20b,Health and Wellness,Practicing mindfulness meditation
ebkn2ysnr8,59bd81b3-8686-4d08-8c1f-0b6dd461c20b,Travel and Exploration,Road trips and exploring scenic routes
re8khhedqx,59bd81b3-8686-4d08-8c1f-0b6dd461c20b,Outdoor Activities,"Camping (tent camping, RV camping)"
96355feavp,e7736a73-d986-4894-a75d-d7610b8c8e93,Travel and Exploration,Road trips and exploring scenic routes
5qhtpyqytu,c4495c78-e487-465d-aa86-f3e6036910e3,Outdoor Activities,Wilderness survival skills
jqrdjo7k8o,002ee4ed-6085-4969-9cf0-0776607ee397,Reading and Literature,"Non-fiction (biographies, history, self-help, psychology)"
8c03wypwq8,b06e9c18-2542-496f-a9ff-3cd3131a766f,Reading and Literature,"Fiction (novels, short stories, fantasy, science fiction)"
xmadoj1cfp,b06e9c18-2542-496f-a9ff-3cd3131a766f,Reading and Literature,Literary analysis and book discussions
wbox60hb8o,8d0b1e25-41a2-4cc9-b3f1-1244d8ad409c,Health and Wellness,Fitness obstacle course races
scsq8tfrdy,8d0b1e25-41a2-4cc9-b3f1-1244d8ad409c,Travel and Exploration,Road trips and exploring scenic routes
hw5qm0bvl5,8e1211cf-8afb-4f56-9748-66d9b1d343ce,Outdoor Activities,"Camping (tent camping, RV camping)"
xyu7yy3zhi,9f2df0b4-dce0-46e8-b77b-96403206cac6,Reading and Literature,Literary analysis and book discussions
rgay0gop37,9f2df0b4-dce0-46e8-b77b-96403206cac6,Reading and Literature,Audio books and storytelling podcasts
4biw4plr3w,9f2df0b4-dce0-46e8-b77b-96403206cac6,Outdoor Activities,"Camping (tent camping, RV camping)"
ex4temta0e,0a414243-d75b-40e2-b980-0ee52544dd21,Reading and Literature,Literary analysis and book discussions
y2qit5h734,a5f80138-2d12-44ef-aa6f-f54480157696,Reading and Literature,"Non-fiction (biographies, history, self-help, psychology)"
e5g6id37bz,a5f80138-2d12-44ef-aa6f-f54480157696,Travel and Exploration,Ecotourism and sustainable travel
3l35ksh9fr,a5f80138-2d12-44ef-aa6f-f54480157696,Reading and Literature,Audio books and storytelling podcasts
8ldwawi8vx,532c2a8c-0662-447a-b806-10b30503a241,Health & Wellness,Nutrition planning meal prepping
dqlt3355kh,f47b43ec-14a5-47b4-a60d-1fcd2af40e60,Health & Wellness,Nutrition planning meal prepping
6ejafmlwsh,f47b43ec-14a5-47b4-a60d-1fcd2af40e60,Travel and Exploration,Cruise vacations and sailing adventures
c4g4alol30,f47b43ec-14a5-47b4-a60d-1fcd2af40e60,Travel and Exploration,Visiting new countries and cultures
03akkf9kcg,84d8063b-ebde-43ad-a92e-9d1bde15ab93,Reading and Literature,"Non-fiction (biographies, history, self-help, psychology)"
w1bdxxls5m,84d8063b-ebde-43ad-a92e-9d1bde15ab93,Outdoor Activities,"Camping (tent camping, RV camping)"
7arujxqupg,627dc70b-1d3d-47be-920f-fb42d68c054e,Outdoor Activities,"Camping (tent camping, RV camping)"
2s6dyp02e0,627dc70b-1d3d-47be-920f-fb42d68c054e,Outdoor Activities,Wilderness survival skills
ugpnot5kio,627dc70b-1d3d-47be-920f-fb42d68c054e,Outdoor Activities,Hiking and nature walks
bfdw37m8gq,f7b53c95-8860-41c7-9311-f82c3ca9a3db,Travel and Exploration,Visiting new countries and cultures
cjlm6q0n9x,a539da1d-97db-4cd3-98f0-40e4de45dbb6,Travel and Exploration,Backpacking and adventure travel
5p0k1949dm,a539da1d-97db-4cd3-98f0-40e4de45dbb6,Reading and Literature,Audio books and storytelling podcasts
myleweo2z6,cbc604d8-d1cd-414f-b43c-a207b27ba22c,Health and Wellness,Practicing mindfulness meditation
gbpizdgty7,cbc604d8-d1cd-414f-b43c-a207b27ba22c,Outdoor Activities,Hiking and nature walks
lqth6vugea,cbc604d8-d1cd-414f-b43c-a207b27ba22c,Health and Wellness,Yoga retreats wellness tourism
erg9bcz415,c04b6345-927e-46ac-8e34-09658f18ee34,Reading and Literature,"Non-fiction (biographies, history, self-help, psychology)"
6ix72szeh3,c04b6345-927e-46ac-8e34-09658f18ee34,Health & Wellness,Nutrition planning meal prepping
mt0wfzga39,c04b6345-927e-46ac-8e34-09658f18ee34,Health and Wellness,Fitness obstacle course races
yqtzmau6hr,31bc4e35-ac69-4186-a76f-3bf9795ba28c,Health & Wellness,Nutrition planning meal prepping
uaiwtb7wyd,31bc4e35-ac69-4186-a76f-3bf9795ba28c,Travel and Exploration,Road trips and exploring scenic routes
3iuys6c2k8,31bc4e35-ac69-4186-a76f-3bf9795ba28c,Outdoor Activities,"Camping (tent camping, RV camping)"
c226rz45zt,dd70c18e-7036-4b1c-99d4-6ac28fe3c24d,Reading and Literature,"Non-fiction (biographies, history, self-help, psychology)"
4qealv6oce,dd70c18e-7036-4b1c-99d4-6ac28fe3c24d,Reading and Literature,"Fiction (novels, short stories, fantasy, science fiction)"
csbrond6ln,dd70c18e-7036-4b1c-99d4-6ac28fe3c24d,Outdoor Activities,"Camping (tent camping, RV camping)"
flqs3rxu4v,a74d9e92-ae80-47db-84a3-7d67b990da75,Travel and Exploration,Backpacking and adventure travel
uxnz2i7cpz,a74d9e92-ae80-47db-84a3-7d67b990da75,Reading and Literature,Literary analysis and book discussions
yev8gkstgq,a74d9e92-ae80-47db-84a3-7d67b990da75,Reading and Literature,Reading challenges and book clubs
7j0evc1488,ac0539f5-924e-4cd0-8c25-d4a957f6bf9f,Reading and Literature,Audio books and storytelling podcasts
uh21lenddv,ac0539f5-924e-4cd0-8c25-d4a957f6bf9f,Health and Wellness,Fitness obstacle course races
tjobnwrrox,0c5539c4-61cd-4fb9-bd5e-e210e9e41af6,Reading and Literature,"Poetry and poetic forms (haiku, sonnets, free verse)"
qkiu3i6ptj,0c5539c4-61cd-4fb9-bd5e-e210e9e41af6,Travel and Exploration,Cruise vacations and sailing adventures
kbywt70az5,5541028b-d585-4298-a217-933cce47ecd0,Outdoor Activities,"Camping (tent camping, RV camping)"
s9tupjahwi,5541028b-d585-4298-a217-933cce47ecd0,Reading and Literature,"Non-fiction (biographies, history, self-help, psychology)"
zmh0foj530,a82988f3-1072-485e-9c3a-663039bd92ed,Travel and Exploration,Visiting new countries and cultures
6unx31v3o2,a82988f3-1072-485e-9c3a-663039bd92ed,Travel and Exploration,Ecotourism and sustainable travel
td3ayvj0se,688a6926-1880-4b54-a5f1-dd81b782c79f,Outdoor Activities,"Camping (tent camping, RV camping)"
f1t6adpsn7,0748175f-9a12-4919-8233-33c7b187f869,Health and Wellness,Holistic health practices (acupuncture herbalism)
cbx9488q2u,0748175f-9a12-4919-8233-33c7b187f869,Travel and Exploration,Ecotourism and sustainable travel
ue0eerxc04,6be87429-f4c3-4a4c-b31c-ed500b50e926,Health & Wellness,Nutrition planning meal prepping
1z858da5us,6be87429-f4c3-4a4c-b31c-ed500b50e926,Travel and Exploration,Road trips and exploring scenic routes
95iwkpmsrb,6be87429-f4c3-4a4c-b31c-ed500b50e926,Reading and Literature,"Poetry and poetic forms (haiku, sonnets, free verse)"
s1az7j4nuv,ae408ba4-4e3e-47fe-808c-7f7f4123391f,Outdoor Activities,Wilderness survival skills
wwytg2eupc,ae408ba4-4e3e-47fe-808c-7f7f4123391f,Travel and Exploration,Ecotourism and sustainable travel
gfrage4o6u,ae408ba4-4e3e-47fe-808c-7f7f4123391f,Reading and Literature,Audio books and storytelling podcasts
v4dc3q0ye5,1b0a2e8f-022a-456e-bd21-228a0facad9d,Health and Wellness,Practicing mindfulness meditation
2pmdafbthx,1b0a2e8f-022a-456e-bd21-228a0facad9d,Outdoor Activities,"Camping (tent camping, RV camping)"
b4362z3c0v,1207e494-171a-43c8-ab47-25e2a7c147b8,Reading and Literature,Reading challenges and book clubs
lrik1e78m0,1207e494-171a-43c8-ab47-25e2a7c147b8,Health and Wellness,Yoga retreats wellness tourism
qfo2vmmu1k,1207e494-171a-43c8-ab47-25e2a7c147b8,Reading and Literature,"Poetry and poetic forms (haiku, sonnets, free verse)"
lzujedr3is,8b82192d-a8ac-47b0-8255-94461330dc44,Reading and Literature,Reading challenges and book clubs
v9v3ts1drz,8b82192d-a8ac-47b0-8255-94461330dc44,Outdoor Activities,Hiking and nature walks
8k1y41uy5s,2e876271-f190-466b-89a9-b0840d35949a,Travel and Exploration,Road trips and exploring scenic routes
1iyjsxl1xv,2e876271-f190-466b-89a9-b0840d35949a,Travel and Exploration,Visiting new countries and cultures
rp5bwobn8c,2e876271-f190-466b-89a9-b0840d35949a,Reading and Literature,"Fiction (novels, short stories, fantasy, science fiction)"
37ef3ezyrh,b76dfb71-8aed-4c8b-84cd-d0c005b2456c,Travel and Exploration,Backpacking and adventure travel
a0kjwzkmcu,93e87cef-4d3e-4901-b6a8-4c29842becd1,Reading and Literature,"Fiction (novels, short stories, fantasy, science fiction)"
s1nsydkn8q,e917b350-36ea-4995-aab6-a3f6f33b1a5a,Reading and Literature,"Poetry and poetic forms (haiku, sonnets, free verse)"
ouao8epz9b,e917b350-36ea-4995-aab6-a3f6f33b1a5a,Health & Wellness,Nutrition planning meal prepping
5v72sn3qph,c175cc75-0e0d-4ed5-9b38-9b9b1bfec567,Travel and Exploration,Ecotourism and sustainable travel
405s42qcx4,c175cc75-0e0d-4ed5-9b38-9b9b1bfec567,Travel and Exploration,Backpacking and adventure travel
rkorw0l36e,ce3c2916-59c0-471b-96da-f857a648ac1a,Reading and Literature,Reading challenges and book clubs
lga5tmlcwj,ce3c2916-59c0-471b-96da-f857a648ac1a,Health and Wellness,Practicing mindfulness meditation
79zwli079f,a4049c9c-5d45-458e-ba64-c75631f4baec,Health and Wellness,Practicing mindfulness meditation
fj8cx28gf4,a4049c9c-5d45-458e-ba64-c75631f4baec,Health and Wellness,Fitness obstacle course races
w3a8zkuoeg,a4049c9c-5d45-458e-ba64-c75631f4baec,Travel and Exploration,Ecotourism and sustainable travel
he2fiw4eye,00dfd0dd-b64f-42df-bf25-4eec7f829f6b,Health and Wellness,Holistic health practices (acupuncture herbalism)
vz1udnq449,00dfd0dd-b64f-42df-bf25-4eec7f829f6b,Outdoor Activities,Wilderness survival skills
9zgf2r2qj2,381ca84e-5029-49fb-b200-a7ce5cd3be94,Reading and Literature,Audio books and storytelling podcasts
3mnzmszahl,5897feec-4546-4099-90f5-57570e5b32d6,Health and Wellness,Fitness obstacle course races
3sxo38dv0o,5897feec-4546-4099-90f5-57570e5b32d6,Travel and Exploration,Urban exploration and historical tours
x44hixmel2,5897feec-4546-4099-90f5-57570e5b32d6,Outdoor Activities,Wilderness survival skills
jojpmrxl92,20c8a983-1235-453a-bc74-11871370a49f,Travel and Exploration,Urban exploration and historical tours
0waq14rw8o,20c8a983-1235-453a-bc74-11871370a49f,Travel and Exploration,Road trips and exploring scenic routes
8ghf7h6kyy,6fbd2461-da38-4274-9625-22efb63951d9,Reading and Literature,Literary analysis and book discussions
itbkwzu4qr,6fbd2461-da38-4274-9625-22efb63951d9,Reading and Literature,"Non-fiction (biographies, history, self-help, psychology)"
nbh13kew2z,6fbd2461-da38-4274-9625-22efb63951d9,Travel and Exploration,Road trips and exploring scenic routes
bc8oz9hnoz,30627a78-b7a4-47e9-8a37-c9540bcdb94d,Outdoor Activities,Hiking and nature walks
gq364ozpoh,30627a78-b7a4-47e9-8a37-c9540bcdb94d,Reading and Literature,"Non-fiction (biographies, history, self-help, psychology)"
2ilus574l1,30627a78-b7a4-47e9-8a37-c9540bcdb94d,Health and Wellness,Yoga retreats wellness tourism
un46qnavia,72cb67ff-562a-49bd-9c31-b8d802b27789,Health and Wellness,Holistic health practices (acupuncture herbalism)
bgw6p1qebv,72cb67ff-562a-49bd-9c31-b8d802b27789,Travel and Exploration,Ecotourism and sustainable travel
2tbn4h6cdu,743429e5-3c4f-4700-b377-cf7e54efe4fd,Health & Wellness,Nutrition planning meal prepping
40xh0fe9tg,743429e5-3c4f-4700-b377-cf7e54efe4fd,Travel and Exploration,Road trips and exploring scenic routes
vsnbieeb0v,743429e5-3c4f-4700-b377-cf7e54efe4fd,Reading and Literature,Reading challenges and book clubs
qw85cm6mev,da9523ff-526f-4e90-8a64-6e5460ed446f,Reading and Literature,"Fiction (novels, short stories, fantasy, science fiction)"
yabntpb03d,9fb66deb-131e-4a50-92ec-7800774efade,Outdoor Activities,Hiking and nature walks
x00uhmdm5j,3988e327-1472-419a-b79a-2a712e2bbc66,Health and Wellness,Holistic health practices (acupuncture herbalism)
e5saar3ldr,3988e327-1472-419a-b79a-2a712e2bbc66,Travel and Exploration,Cruise vacations and sailing adventures
14d74lr65t,3988e327-1472-419a-b79a-2a712e2bbc66,Reading and Literature,"Poetry and poetic forms (haiku, sonnets, free verse)"
d3958fjsv0,a3e86fef-69e6-498b-b035-2ba04d12537e,Travel and Exploration,Visiting new countries and cultures
ytof7m1wei,a3e86fef-69e6-498b-b035-2ba04d12537e,Health & Wellness,Nutrition planning meal prepping
xt7r0tn32s,e15a678f-dc7b-4755-8c1c-fe8c102efe32,Outdoor Activities,"Camping (tent camping, RV camping)"
ifu8klypf7,e15a678f-dc7b-4755-8c1c-fe8c102efe32,Health and Wellness,Yoga retreats wellness tourism
v5m57qn4r6,e15a678f-dc7b-4755-8c1c-fe8c102efe32,Travel and Exploration,Ecotourism and sustainable travel
c6e0xdkfh4,97d5488f-081b-4de1-84d9-aca83df5d318,Health and Wellness,Yoga retreats wellness tourism
tiy9e8vuij,79ce593e-4858-4ec1-b3c9-05661e25d4eb,Travel and Exploration,Urban exploration and historical tours
6hld6d7b04,79ce593e-4858-4ec1-b3c9-05661e25d4eb,Health and Wellness,Practicing mindfulness meditation
89svopm7l5,79ce593e-4858-4ec1-b3c9-05661e25d4eb,Reading and Literature,Audio books and storytelling podcasts
83zeti3kw9,3d499e2f-dbdb-4a38-baf2-5d911d0adb2a,Outdoor Activities,Hiking and nature walks
mag5g21wmz,3d499e2f-dbdb-4a38-baf2-5d911d0adb2a,Health and Wellness,Yoga retreats wellness tourism
83h0i8nm4n,3d499e2f-dbdb-4a38-baf2-5d911d0adb2a,Reading and Literature,Literary analysis and book discussions
9j35fjtabp,5db3f904-7c96-4a64-b33c-72c0bec0b119,Health & Wellness,Nutrition planning meal prepping
3h2vgmami8,ebf2c94b-8c05-4f2e-bd2b-95eb54f88ced,Outdoor Activities,"Camping (tent camping, RV camping)"
crfhncxqmx,ebf2c94b-8c05-4f2e-bd2b-95eb54f88ced,Outdoor Activities,Hiking and nature walks
kquiyhiu65,ebf2c94b-8c05-4f2e-bd2b-95eb54f88ced,Travel and Exploration,Visiting new countries and cultures
6f09buej8j,6e3be9f0-50bb-4eb9-afc7-8f626737eda7,Travel and Exploration,Visiting new countries and cultures
b4p9f7hyk4,6e3be9f0-50bb-4eb9-afc7-8f626737eda7,Reading and Literature,Reading challenges and book clubs
qpk6rkpxbz,6e3be9f0-50bb-4eb9-afc7-8f626737eda7,Health and Wellness,Yoga retreats wellness tourism
h4rozs66vw,5bffdb65-9ad8-4439-b35c-f9ededfcac60,Travel and Exploration,Urban exploration and historical tours
po3xe3tqgc,5bffdb65-9ad8-4439-b35c-f9ededfcac60,Outdoor Activities,"Camping (tent camping, RV camping)"
zqqmw9hzrk,42078308-3e2e-4291-8f20-f8816b41fbdb,Travel and Exploration,Cruise vacations and sailing adventures
bigzsnvwjo,42078308-3e2e-4291-8f20-f8816b41fbdb,Health and Wellness,Holistic health practices (acupuncture herbalism)
eo9z52ym3p,9c902b10-3893-42ae-89b4-da4bc5d96a6e,Travel and Exploration,Visiting new countries and cultures
tp9hxjuuqv,56a68870-1ee0-4ce1-bd87-074c6ea5a548,Health and Wellness,Fitness obstacle course races
uuhid48vdb,b1f8517a-b869-4e06-8b12-2f92288a5109,Travel and Exploration,Ecotourism and sustainable travel
w6hixwtxux,b09e6260-1c31-4a39-88b1-4718a37252e8,Travel and Exploration,Road trips and exploring scenic routes
fhy9tg3ocb,b09e6260-1c31-4a39-88b1-4718a37252e8,Travel and Exploration,Cruise vacations and sailing adventures
0v3e3ghu5j,943c953a-9774-4e9d-9f1f-2a4ad560c7ab,Health & Wellness,Nutrition planning meal prepping
2zzq1glp8v,82ba8901-eed5-4abd-93da-aafc04d4c93f,Health and Wellness,Yoga retreats wellness tourism
i3f9tcuenn,2e48d2ec-3f38-4f2a-ab29-8d5860a39d4c,Health and Wellness,Yoga retreats wellness tourism
95bfg32d67,524f2e0b-2bf3-4f93-9d7b-c8084b317610,Travel and Exploration,Ecotourism and sustainable travel
5fuhhq3d71,524f2e0b-2bf3-4f93-9d7b-c8084b317610,Travel and Exploration,Backpacking and adventure travel
o0wdtks79o,c5496821-6d6a-4413-9943-a7b5cd2d9d28,Travel and Exploration,Urban exploration and historical tours
v27rx4bmg3,c5496821-6d6a-4413-9943-a7b5cd2d9d28,Reading and Literature,"Poetry and poetic forms (haiku, sonnets, free verse)"
lkj3xgq8vd,c5496821-6d6a-4413-9943-a7b5cd2d9d28,Reading and Literature,"Non-fiction (biographies, history, self-help, psychology)"
q5d1gbujz9,2d46b923-8f88-4c01-97dd-334b2c7d0906,Travel and Exploration,Road trips and exploring scenic routes
w7pf906y9n,7a848901-156d-4441-9762-03cbe822c97b,Health and Wellness,Holistic health practices (acupuncture herbalism)
ppnocm073f,7a848901-156d-4441-9762-03cbe822c97b,Health and Wellness,Fitness obstacle course races
o1irmfckgt,7a848901-156d-4441-9762-03cbe822c97b,Outdoor Activities,Hiking and nature walks
kizirw102l,6421c5a3-431a-4987-9bf3-965132b32b1a,Health and Wellness,Holistic health practices (acupuncture herbalism)
sfv1ho266o,5cdd19df-9a02-4034-866f-f61249e4f911,Reading and Literature,"Fiction (novels, short stories, fantasy, science fiction)"
xnpzpqa93x,5cdd19df-9a02-4034-866f-f61249e4f911,Outdoor Activities,"Camping (tent camping, RV camping)"
tfvuawrr1x,5cdd19df-9a02-4034-866f-f61249e4f911,Health and Wellness,Yoga retreats wellness tourism
0oteu9o7g4,82fac26d-2be3-4624-842f-73b74c7f6d98,Outdoor Activities,Hiking and nature walks
o81f8vlhg5,82fac26d-2be3-4624-842f-73b74c7f6d98,Travel and Exploration,Ecotourism and sustainable travel
5syl59gprz,7b38833b-4cf3-4cbc-a4b2-7728f7fdc852,Reading and Literature,"Poetry and poetic forms (haiku, sonnets, free verse)"
c0flg4llal,7b38833b-4cf3-4cbc-a4b2-7728f7fdc852,Health & Wellness,Nutrition planning meal prepping
qash1rstkk,c4fd8158-0bb9-457e-9f57-48ae864c4b70,Travel and Exploration,Road trips and exploring scenic routes
s0bw2i3k9i,c004d851-2dc4-485a-baa3-9a9e44751a2c,Health and Wellness,Practicing mindfulness meditation
f3c7fd2t9f,c004d851-2dc4-485a-baa3-9a9e44751a2c,Health and Wellness,Fitness obstacle course races
c58l1rstxe,c004d851-2dc4-485a-baa3-9a9e44751a2c,Health & Wellness,Nutrition planning meal prepping
ksiq0yk1qj,c4c797d7-45c1-4b91-b1cf-845ba9e6919a,Travel and Exploration,Cruise vacations and sailing adventures
0c7jjyweqz,c4c797d7-45c1-4b91-b1cf-845ba9e6919a,Travel and Exploration,Backpacking and adventure travel
8zz74801gd,c083e157-8020-4908-86a7-9b697f67ebb2,Outdoor Activities,Wilderness survival skills
87x7am451g,d2e1e70c-1220-4fd5-b9ad-3a332285d788,Travel and Exploration,Road trips and exploring scenic routes
u5wpps9ch5,a19e7679-db28-49b6-b11f-44fd4c9b6e81,Health and Wellness,Yoga retreats wellness tourism
cu04j08ue5,a19e7679-db28-49b6-b11f-44fd4c9b6e81,Health & Wellness,Nutrition planning meal prepping
pq7u8jjeu8,d95b3ae3-493c-43f8-b057-28f44f8c8e32,Travel and Exploration,Urban exploration and historical tours
ophcnk8ft0,d95b3ae3-493c-43f8-b057-28f44f8c8e32,Health and Wellness,Fitness obstacle course races
osq50kdvw7,e074ce82-4286-48db-9a11-4631348facf2,Travel and Exploration,Road trips and exploring scenic routes
x8f5tgbi6n,9fe54c1c-2904-4f31-9ad6-f24c2e1bb1f5,Health & Wellness,Nutrition planning meal prepping
8s9noiwd2h,9fe54c1c-2904-4f31-9ad6-f24c2e1bb1f5,Travel and Exploration,Urban exploration and historical tours
crne1hrmh0,9fe54c1c-2904-4f31-9ad6-f24c2e1bb1f5,Travel and Exploration,Road trips and exploring scenic routes
rbcl8adiv8,70415692-1554-4dfe-9446-aa68827a8b6e,Travel and Exploration,Ecotourism and sustainable travel
0661vyl59h,70415692-1554-4dfe-9446-aa68827a8b6e,Outdoor Activities,Hiking and nature walks
5h43n653va,70415692-1554-4dfe-9446-aa68827a8b6e,Travel and Exploration,Cruise vacations and sailing adventures
kfwj3btvn0,09cc5a9d-b3eb-45c6-8203-f3293060a4ba,Outdoor Activities,"Camping (tent camping, RV camping)"
p2jf2wcfdm,09cc5a9d-b3eb-45c6-8203-f3293060a4ba,Reading and Literature,"Poetry and poetic forms (haiku, sonnets, free verse)"
7png9dfnh0,09cc5a9d-b3eb-45c6-8203-f3293060a4ba,Health and Wellness,Practicing mindfulness meditation
77q97m3hik,9832a28e-deb4-4481-9ec3-9c0369107e37,Health and Wellness,Practicing mindfulness meditation
qre5e1u8qu,671ef4c9-18d9-48fd-83f5-e07c757286b1,Health and Wellness,Practicing mindfulness meditation
a5ql89tgyy,671ef4c9-18d9-48fd-83f5-e07c757286b1,Reading and Literature,"Non-fiction (biographies, history, self-help, psychology)"
634r47a87v,a5a5bfad-18db-400a-953c-696823222c96,Health & Wellness,Nutrition planning meal prepping
zrqv12xx31,52902dfb-c5a6-4a76-8260-4fe657d2fbda,Reading and Literature,Reading challenges and book clubs
bb8r32dhy4,52902dfb-c5a6-4a76-8260-4fe657d2fbda,Outdoor Activities,"Camping (tent camping, RV camping)"
h1g7i2nyxs,c6255c8f-5647-4158-9509-a6aa4b3a25c6,Outdoor Activities,"Camping (tent camping, RV camping)"
hek4w16f2f,c6255c8f-5647-4158-9509-a6aa4b3a25c6,Travel and Exploration,Backpacking and adventure travel
4i2tifhx4z,c6255c8f-5647-4158-9509-a6aa4b3a25c6,Travel and Exploration,Ecotourism and sustainable travel
64k439u601,068815af-4e70-447a-b267-8fb55972f649,Reading and Literature,Audio books and storytelling podcasts
3gmwe20zgg,068815af-4e70-447a-b267-8fb55972f649,Outdoor Activities,Hiking and nature walks
rgkba1b6gf,068815af-4e70-447a-b267-8fb55972f649,Health & Wellness,Nutrition planning meal prepping
lpx2l2w8i7,10b493ac-5c91-436e-98c1-57a0283dc589,Travel and Exploration,Urban exploration and historical tours
kizx7eyiyn,10b493ac-5c91-436e-98c1-57a0283dc589,Health and Wellness,Fitness obstacle course races
siodilq5gq,93ace85f-3e3a-4534-a611-970a3f707ced,Outdoor Activities,Hiking and nature walks
q9gdz8t01j,93ace85f-3e3a-4534-a611-970a3f707ced,Reading and Literature,Reading challenges and book clubs
3rlo79unlg,760c8c98-997c-4b79-9db0-82c8eb3efb37,Reading and Literature,"Non-fiction (biographies, history, self-help, psychology)"
7kmn2jmngn,d8bd8f04-f8ee-4301-9b73-89f5bca7dd64,Outdoor Activities,Wilderness survival skills
tbhgc85j8y,d8bd8f04-f8ee-4301-9b73-89f5bca7dd64,Reading and Literature,Literary analysis and book discussions
q82zq1bh6y,d8bd8f04-f8ee-4301-9b73-89f5bca7dd64,Travel and Exploration,Ecotourism and sustainable travel
c239fnugme,6807ee2f-e481-475d-9e34-7a940a273fa4,Health and Wellness,Fitness obstacle course races
048ar8yred,9dc2282b-b259-4048-a57a-84a2c88fe46e,Reading and Literature,Reading challenges and book clubs
h255j21rcc,3e876e2b-9513-4b74-8615-66ea985d7cf2,Travel and Exploration,Visiting new countries and cultures
qvuwvclyl1,e29ab3f5-defc-4a34-933a-055f3f4e3841,Reading and Literature,Reading challenges and book clubs
2l297ybmcy,e29ab3f5-defc-4a34-933a-055f3f4e3841,Outdoor Activities,Wilderness survival skills
wbe9qh7nbo,e29ab3f5-defc-4a34-933a-055f3f4e3841,Reading and Literature,"Poetry and poetic forms (haiku, sonnets, free verse)"
hpxt4jpg4o,2c9141a5-059e-4c4a-9e45-16fcb8dd75f2,Health and Wellness,Practicing mindfulness meditation
ul6j6m5zub,30496670-dc28-45b4-bf30-6d17450a9f45,Travel and Exploration,Road trips and exploring scenic routes
z0rmqkwtpd,82093f81-342e-41aa-a6ec-578a2864a82e,Health and Wellness,Fitness obstacle course races
0qy2ync4oj,71774d31-5012-49e0-a968-230c56573c5b,Reading and Literature,"Fiction (novels, short stories, fantasy, science fiction)"
p6g6lt7lqb,68ece8ca-4d44-462c-ad1e-489b9b983d08,Reading and Literature,Audio books and storytelling podcasts
xiac7eilkp,f0e70f75-05b8-4d51-a524-5391e78d8445,Reading and Literature,Audio books and storytelling podcasts
q167ry4pld,3adf7f85-695e-4ad1-ad9f-d4189829e16f,Outdoor Activities,Wilderness survival skills
dpqbt647w7,3adf7f85-695e-4ad1-ad9f-d4189829e16f,Reading and Literature,"Non-fiction (biographies, history, self-help, psychology)"
mmam20yi0r,3adf7f85-695e-4ad1-ad9f-d4189829e16f,Travel and Exploration,Ecotourism and sustainable travel
i8b9qs6ozf,be483ed6-a35a-4be3-8770-b2e5c6e9fa28,Reading and Literature,"Non-fiction (biographies, history, self-help, psychology)"
vgipmrp4zj,bacc2424-397d-47c9-a3b7-8fae7a132895,Reading and Literature,"Non-fiction (biographies, history, self-help, psychology)"
gc3zzzd4f4,bacc2424-397d-47c9-a3b7-8fae7a132895,Health and Wellness,Holistic health practices (acupuncture herbalism)
w6mt84l12t,cbf5fb99-7c6d-49b3-bcc7-08b025dfa0d1,Health and Wellness,Holistic health practices (acupuncture herbalism)
yrsrfdz19r,504d7481-bcf4-4fc8-a597-e8277f2c2e1c,Reading and Literature,Reading challenges and book clubs
zhy8tro6lu,15ff619f-592e-4d64-b017-3ac3a7366f4d,Reading and Literature,"Fiction (novels, short stories, fantasy, science fiction)"
4957g90ezx,15ff619f-592e-4d64-b017-3ac3a7366f4d,Outdoor Activities,Wilderness survival skills
cygde11yjc,15ff619f-592e-4d64-b017-3ac3a7366f4d,Reading and Literature,"Poetry and poetic forms (haiku, sonnets, free verse)"
xcrz1wsm4f,9521d878-2d9f-48c7-ab65-6884567b59c5,Travel and Exploration,Ecotourism and sustainable travel
nexeei3nk8,9521d878-2d9f-48c7-ab65-6884567b59c5,Reading and Literature,Reading challenges and book clubs
csanox6cvi,9521d878-2d9f-48c7-ab65-6884567b59c5,Health and Wellness,Practicing mindfulness meditation
jkintvnzq5,048326c0-b939-471c-9a6f-f80369497a2b,Outdoor Activities,"Camping (tent camping, RV camping)"
7wqkfj21my,048326c0-b939-471c-9a6f-f80369497a2b,Travel and Exploration,Visiting new countries and cultures
lm6z6gwpst,596fff6c-81a6-488f-b781-a084e5213f2c,Travel and Exploration,Backpacking and adventure travel
b45u0b8fyc,596fff6c-81a6-488f-b781-a084e5213f2c,Reading and Literature,Literary analysis and book discussions
mk6dda50te,0b1d32c9-a5bc-48fb-9bb2-897afc133a69,Outdoor Activities,Hiking and nature walks
ikjsaw7o4a,0b1d32c9-a5bc-48fb-9bb2-897afc133a69,Travel and Exploration,Urban exploration and historical tours
izw2zx6uhe,0b1d32c9-a5bc-48fb-9bb2-897afc133a69,Health and Wellness,Practicing mindfulness meditation
07gq8jqqfs,f6ccd5df-76a0-4786-8d8f-426e0297d713,Travel and Exploration,Cruise vacations and sailing adventures
gzg7h95saz,f6ccd5df-76a0-4786-8d8f-426e0297d713,Health & Wellness,Nutrition planning meal prepping
7ykah66he7,f6ccd5df-76a0-4786-8d8f-426e0297d713,Health and Wellness,Practicing mindfulness meditation
km55ki8z2q,9cf3ed5b-f19a-48c1-b660-4a26f38ed72e,Travel and Exploration,Ecotourism and sustainable travel
inemr94i6y,6f1fc422-e7fa-48c5-a643-3bf16adb6756,Travel and Exploration,Road trips and exploring scenic routes
6gmo0u6pz3,6f1fc422-e7fa-48c5-a643-3bf16adb6756,Health & Wellness,Nutrition planning meal prepping
05tkzpdxch,6f1fc422-e7fa-48c5-a643-3bf16adb6756,Outdoor Activities,"Camping (tent camping, RV camping)"
o9isxsq4hj,ad830383-f01e-4a70-aec9-f15b6569ff09,Health and Wellness,Yoga retreats wellness tourism
mm781ceunu,ad830383-f01e-4a70-aec9-f15b6569ff09,Reading and Literature,"Fiction (novels, short stories, fantasy, science fiction)"
x1obz2uy0o,f071da9a-2d5b-4dff-a6a7-603b04805b62,Reading and Literature,Literary analysis and book discussions
fpa278ioou,8c21d16f-fbf7-4bee-b350-5cf98e98049e,Travel and Exploration,Cruise vacations and sailing adventures
7ko86thod5,8c21d16f-fbf7-4bee-b350-5cf98e98049e,Travel and Exploration,Visiting new countries and cultures
nyvu6svoi5,95ac62dc-dd42-4669-bd4e-fd05366dbdcb,Travel and Exploration,Urban exploration and historical tours
dq3q2b8g1z,e36495f1-e268-44ef-9d3d-69a55bf34773,Health and Wellness,Practicing mindfulness meditation
3nh4bn2x9s,e36495f1-e268-44ef-9d3d-69a55bf34773,Health and Wellness,Yoga retreats wellness tourism
rd1qa6z1u4,e36495f1-e268-44ef-9d3d-69a55bf34773,Travel and Exploration,Cruise vacations and sailing adventures
ukeko6pa54,f94c137f-1226-4dcc-9836-1b85de7f922f,Outdoor Activities,"Camping (tent camping, RV camping)"
6xe0efszaj,f94c137f-1226-4dcc-9836-1b85de7f922f,Travel and Exploration,Visiting new countries and cultures
yl12lbjd9j,3d2c44fe-4d3c-49ce-8474-b55b87d31a55,Health and Wellness,Fitness obstacle course races
2jdd69p6fj,2b811bef-5500-47a3-8959-7d87242bcbaf,Travel and Exploration,Urban exploration and historical tours
2ce32b143y,9a5577f0-1787-4235-9bda-d270b061212e,Travel and Exploration,Ecotourism and sustainable travel
oepzm4yj62,9a5577f0-1787-4235-9bda-d270b061212e,Reading and Literature,Reading challenges and book clubs
fxzsttwwg8,9a5577f0-1787-4235-9bda-d270b061212e,Travel and Exploration,Urban exploration and historical tours
5xrtvs585i,0278342a-c105-42f1-a1a0-bae8531734c8,Travel and Exploration,Ecotourism and sustainable travel
fkpaljplwj,0278342a-c105-42f1-a1a0-bae8531734c8,Outdoor Activities,"Camping (tent camping, RV camping)"
nctyj56c8r,0278342a-c105-42f1-a1a0-bae8531734c8,Travel and Exploration,Backpacking and adventure travel
ciowynpeoo,9df7a516-9b54-4461-9fb7-376f251c1cf3,Reading and Literature,Audio books and storytelling podcasts
k26xt3ar82,9df7a516-9b54-4461-9fb7-376f251c1cf3,Reading and Literature,"Fiction (novels, short stories, fantasy, science fiction)"
xmcqd35hcc,9df7a516-9b54-4461-9fb7-376f251c1cf3,Reading and Literature,"Non-fiction (biographies, history, self-help, psychology)"
6l4bdb9hyk,b2fb4745-c4e5-40f5-8d97-526de1d25c4b,Travel and Exploration,Urban exploration and historical tours
kaekvfgquw,b2fb4745-c4e5-40f5-8d97-526de1d25c4b,Reading and Literature,"Fiction (novels, short stories, fantasy, science fiction)"
48mslm8bwf,e8526a19-3508-44ad-9762-c37ae3c63d77,Reading and Literature,Reading challenges and book clubs
ltuv4bbwe2,775eba9e-765c-4ac8-948f-e949945ba7a4,Health and Wellness,Practicing mindfulness meditation
v588u9ai52,775eba9e-765c-4ac8-948f-e949945ba7a4,Health & Wellness,Nutrition planning meal prepping
8l1mlb2gb8,775eba9e-765c-4ac8-948f-e949945ba7a4,Outdoor Activities,Hiking and nature walks
j2cibgx3kp,157ac65e-9acc-41e3-8194-d0e6b0fee253,Health and Wellness,Yoga retreats wellness tourism
6q08g4e6o5,157ac65e-9acc-41e3-8194-d0e6b0fee253,Health and Wellness,Practicing mindfulness meditation
9kyrm8kg66,b3691ae6-a183-45a5-8e02-b1f4eb2006af,Outdoor Activities,"Camping (tent camping, RV camping)"
0k20utxojr,b3691ae6-a183-45a5-8e02-b1f4eb2006af,Health and Wellness,Yoga retreats wellness tourism
qqd30hpwg4,9c1eef1a-cb8e-45b0-b418-c57f0240b7e5,Outdoor Activities,Hiking and nature walks
gp4uksz3by,9c1eef1a-cb8e-45b0-b418-c57f0240b7e5,Health and Wellness,Fitness obstacle course races
236webv7zg,a1cae212-a29d-40f2-a6df-7e7882151a95,Travel and Exploration,Visiting new countries and cultures
fw2m041fu9,a1cae212-a29d-40f2-a6df-7e7882151a95,Health and Wellness,Fitness obstacle course races
7tnkweapyr,a1cae212-a29d-40f2-a6df-7e7882151a95,Reading and Literature,"Poetry and poetic forms (haiku, sonnets, free verse)"
qv1p7ecobe,cf73e10e-3f71-4f04-ab8d-5396dcf49a2f,Outdoor Activities,Hiking and nature walks
pvzk9v0kk5,cf73e10e-3f71-4f04-ab8d-5396dcf49a2f,Reading and Literature,"Non-fiction (biographies, history, self-help, psychology)"
lg6jfo69rh,cf73e10e-3f71-4f04-ab8d-5396dcf49a2f,Reading and Literature,"Fiction (novels, short stories, fantasy, science fiction)"
e90h72iaxr,72ea8d86-176c-4b42-b9fe-17aa98fc794d,Health and Wellness,Yoga retreats wellness tourism
kvtvigv4t4,3bf4f128-796c-4fd0-a2e7-42d0dbbef475,Outdoor Activities,Wilderness survival skills
wlg1tumq25,78d4e9ff-bd52-4c83-bc8d-fdc6c9136e39,Reading and Literature,"Poetry and poetic forms (haiku, sonnets, free verse)"
kv7in5286m,78d4e9ff-bd52-4c83-bc8d-fdc6c9136e39,Health and Wellness,Practicing mindfulness meditation
appol0e209,78d4e9ff-bd52-4c83-bc8d-fdc6c9136e39,Travel and Exploration,Visiting new countries and cultures
zm00fd8dft,8c5bc334-a70f-44c7-81e2-c12e6d9b2ae0,Reading and Literature,"Poetry and poetic forms (haiku, sonnets, free verse)"
f5kv40t7tj,8c5bc334-a70f-44c7-81e2-c12e6d9b2ae0,Reading and Literature,Reading challenges and book clubs
15v6mmqnu3,82c0f34c-6750-4512-9b29-377cd817a500,Travel and Exploration,Urban exploration and historical tours
tgmrwcxb7d,82c0f34c-6750-4512-9b29-377cd817a500,Reading and Literature,"Non-fiction (biographies, history, self-help, psychology)"
ts3sjv17x3,4886b6fb-1896-4d35-8ab7-9ec8c8020433,Outdoor Activities,"Camping (tent camping, RV camping)"
fzbiv7biyh,4886b6fb-1896-4d35-8ab7-9ec8c8020433,Travel and Exploration,Road trips and exploring scenic routes
j7mb6ffw5w,5fb9a25a-eb75-4b6c-a18e-c24256c3cb98,Reading and Literature,"Fiction (novels, short stories, fantasy, science fiction)"
vqmufk74da,5151e715-226a-45f6-99cf-6ef6fe3b2dbc,Health & Wellness,Nutrition planning meal prepping
dugfdz92my,5151e715-226a-45f6-99cf-6ef6fe3b2dbc,Reading and Literature,Reading challenges and book clubs
j3q93zyx0w,1cefe0d9-ca0e-4a94-8a43-d6c097b1ee8b,Reading and Literature,Literary analysis and book discussions
04jxmxcte5,5c189619-0b00-4ad8-babf-febae683b101,Reading and Literature,Audio books and storytelling podcasts
lxspswb6xm,fe4a117e-8e0f-4e72-a8bb-cc6c331bb856,Reading and Literature,"Non-fiction (biographies, history, self-help, psychology)"
i5xpebhkc7,fe4a117e-8e0f-4e72-a8bb-cc6c331bb856,Reading and Literature,Audio books and storytelling podcasts
6gwzi0f5e7,d208a03f-b78c-495c-a604-35cc3068cc53,Health and Wellness,Fitness obstacle course races
k7vni62dw8,d208a03f-b78c-495c-a604-35cc3068cc53,Travel and Exploration,Backpacking and adventure travel
4qdu7uhpwm,95ada078-5f03-4edc-8904-1b6c42ae8305,Health and Wellness,Holistic health practices (acupuncture herbalism)
nciuqj98r1,95ada078-5f03-4edc-8904-1b6c42ae8305,Travel and Exploration,Visiting new countries and cultures
sxk2m66njr,95ada078-5f03-4edc-8904-1b6c42ae8305,Health & Wellness,Nutrition planning meal prepping
xfptrlggzc,be0d7c38-de79-41da-9608-1da42edb5943,Health & Wellness,Nutrition planning meal prepping
21ju44xg9t,be0d7c38-de79-41da-9608-1da42edb5943,Travel and Exploration,Urban exploration and historical tours
gs48rn4b22,be0d7c38-de79-41da-9608-1da42edb5943,Health and Wellness,Fitness obstacle course races
qar7fg6mn0,b8125e43-ee7b-45a4-a5c4-10a5ce9ecb4e,Reading and Literature,Audio books and storytelling podcasts
n34ruof0pb,b8125e43-ee7b-45a4-a5c4-10a5ce9ecb4e,Outdoor Activities,Wilderness survival skills
k9wd1aptwh,d145de77-2ad2-4330-9b1e-aa31a47a4748,Reading and Literature,Literary analysis and book discussions
7e08fo1wnb,7610d3ae-7730-456e-bb12-37af3a444062,Travel and Exploration,Visiting new countries and cultures
vklwfc0uti,9d2b111e-d1d1-4c25-9982-b9dea49a7382,Outdoor Activities,"Camping (tent camping, RV camping)"
t8kzuh9jiy,88c85b3a-39ff-4cbc-a7bb-457ac7a778a4,Outdoor Activities,"Camping (tent camping, RV camping)"
rz29oqvmoi,0cf81293-7a5c-48e8-b7b8-8a2069a39867,Outdoor Activities,Hiking and nature walks
8u8wb70bpf,c70a5850-749e-4aec-81b3-b3ecbfb9e920,Travel and Exploration,Road trips and exploring scenic routes
f3khiitxai,c70a5850-749e-4aec-81b3-b3ecbfb9e920,Reading and Literature,"Non-fiction (biographies, history, self-help, psychology)"
8uur2ubmab,c70a5850-749e-4aec-81b3-b3ecbfb9e920,Outdoor Activities,Wilderness survival skills
p3bjka1hy7,45765bdc-d12d-4a45-a2aa-f58644fd215e,Travel and Exploration,Road trips and exploring scenic routes
xcabvvnv93,45765bdc-d12d-4a45-a2aa-f58644fd215e,Outdoor Activities,"Camping (tent camping, RV camping)"
v6hkg0f5ki,97791bae-9f7f-457b-b8fd-f955db06c263,Reading and Literature,"Fiction (novels, short stories, fantasy, science fiction)"
vady575qrr,97791bae-9f7f-457b-b8fd-f955db06c263,Health and Wellness,Practicing mindfulness meditation
0qi0pkxf81,97791bae-9f7f-457b-b8fd-f955db06c263,Travel and Exploration,Cruise vacations and sailing adventures
dvsr2hboh4,98c0224f-b76a-4518-ae4a-fdaf2a641dad,Travel and Exploration,Urban exploration and historical tours
cqxwthnr75,70aea8c8-9a14-42ce-a6c8-e249b8dd281a,Reading and Literature,"Fiction (novels, short stories, fantasy, science fiction)"
3mvtcdbedg,77d08491-a608-4a20-b1a5-41170b28e51b,Travel and Exploration,Urban exploration and historical tours
pr3ai7vj2z,85296b27-7956-4dec-84d7-b2674913a3e6,Travel and Exploration,Road trips and exploring scenic routes
8axgdio5vu,ad913f20-1366-41ba-a19d-53c56b7f3b43,Health and Wellness,Fitness obstacle course races
stsfv6says,ad913f20-1366-41ba-a19d-53c56b7f3b43,Reading and Literature,"Non-fiction (biographies, history, self-help, psychology)"
ixfgzalp9g,e34360b4-28cd-4daa-a38f-3093fb550439,Travel and Exploration,Urban exploration and historical tours
s66njuf5wr,bab4920a-9bdc-41c8-90fe-924015961032,Travel and Exploration,Backpacking and adventure travel
v1blnlnta7,bab4920a-9bdc-41c8-90fe-924015961032,Reading and Literature,Reading challenges and book clubs
2mzydj385j,702fd453-3f19-4d07-9511-2fd39eda8654,Health and Wellness,Fitness obstacle course races
vgvjq4wt0b,d7b397d3-c204-401d-bd28-fd4aa9d0a445,Reading and Literature,Literary analysis and book discussions
dqyuehqq9n,d7b397d3-c204-401d-bd28-fd4aa9d0a445,Reading and Literature,"Poetry and poetic forms (haiku, sonnets, free verse)"
0oaxzmf7ka,6b5560e1-2177-4e31-907d-94f9a9b9a4e2,Reading and Literature,"Fiction (novels, short stories, fantasy, science fiction)"
exz9n67z66,6b5560e1-2177-4e31-907d-94f9a9b9a4e2,Reading and Literature,Audio books and storytelling podcasts
ak176f1k5u,6b5560e1-2177-4e31-907d-94f9a9b9a4e2,Outdoor Activities,"Camping (tent camping, RV camping)"
8ooc5et5kv,5cbff725-e6e3-4c0d-a448-5718fcffcf0d,Reading and Literature,Reading challenges and book clubs
978bk7x205,59e9daf3-4e62-454e-9549-a44a87d6f545,Travel and Exploration,Urban exploration and historical tours
s564dmw52d,59e9daf3-4e62-454e-9549-a44a87d6f545,Health & Wellness,Nutrition planning meal prepping
vm4xi96mqc,38c71011-204f-4da3-999e-956ea8791977,Reading and Literature,Audio books and storytelling podcasts
jex2gvphrc,38c71011-204f-4da3-999e-956ea8791977,Outdoor Activities,Hiking and nature walks
4izmob56aa,38c71011-204f-4da3-999e-956ea8791977,Outdoor Activities,Wilderness survival skills
pcos2f6btq,2227e897-490d-4e6d-b415-0b78f3db9abc,Reading and Literature,"Fiction (novels, short stories, fantasy, science fiction)"
aer7bhzpp7,095d853b-5ffa-4f29-9f51-7e0bfebbfc9a,Travel and Exploration,Cruise vacations and sailing adventures
4vdr71frw7,d5394ff9-076d-4f74-8a42-0755e2c4b0eb,Health & Wellness,Nutrition planning meal prepping
nfbuqq96gz,37ada321-4743-473d-9885-ea8ee205fa0d,Reading and Literature,Reading challenges and book clubs
hb5gbi7kt1,37ada321-4743-473d-9885-ea8ee205fa0d,Health & Wellness,Nutrition planning meal prepping
vt5jrska1q,30aefd35-cd61-4e9b-80dd-1b6194c6e336,Health and Wellness,Fitness obstacle course races
hgj3robolp,30aefd35-cd61-4e9b-80dd-1b6194c6e336,Travel and Exploration,Ecotourism and sustainable travel
qsnut1utoa,163372ae-8721-44dc-98f7-282564d8704a,Outdoor Activities,Hiking and nature walks
w8ovsylf03,163372ae-8721-44dc-98f7-282564d8704a,Health and Wellness,Holistic health practices (acupuncture herbalism)
ixlb91409a,163372ae-8721-44dc-98f7-282564d8704a,Health and Wellness,Practicing mindfulness meditation
zc2u2dv82g,841aa32c-db5b-46ee-af0e-be32f31dbf66,Health and Wellness,Yoga retreats wellness tourism
2bls64y5e1,841aa32c-db5b-46ee-af0e-be32f31dbf66,Health and Wellness,Holistic health practices (acupuncture herbalism)
gv3he813fp,de8f9777-11ef-4e3e-b47b-220069351143,Travel and Exploration,Road trips and exploring scenic routes
yxzxxtx0jb,de8f9777-11ef-4e3e-b47b-220069351143,Health and Wellness,Yoga retreats wellness tourism
opgtutzt5i,b3201ffc-d21a-47a4-bec2-8c0ee8e4380c,Travel and Exploration,Ecotourism and sustainable travel
b4xwno53xi,b0ded163-8e2c-44f7-87c0-81c8f774da4d,Health and Wellness,Yoga retreats wellness tourism
xb14nf2zpp,49805db7-1eb3-428c-8892-a7e70d6bc9c4,Travel and Exploration,Road trips and exploring scenic routes
i18d14jfwp,07338794-c8f2-464c-b29a-9f1722ff75a3,Travel and Exploration,Road trips and exploring scenic routes
hosaeitdv7,a71a159d-6876-4bce-a8f8-33bc7d3cbff6,Travel and Exploration,Visiting new countries and cultures
5fjj5wi524,6ef5a269-c956-4957-89b3-5712c17a14eb,Health and Wellness,Practicing mindfulness meditation
1ws95m9c0o,c07b6f10-0a74-4c9e-bb28-a0a69f8bd1d1,Health and Wellness,Yoga retreats wellness tourism
x8kab8i1p4,ef4a5283-c71a-4937-9056-65c6cca2d956,Reading and Literature,Literary analysis and book discussions
rgggtl16xb,ef4a5283-c71a-4937-9056-65c6cca2d956,Outdoor Activities,Wilderness survival skills
gm3h7nqgrm,ef4a5283-c71a-4937-9056-65c6cca2d956,Travel and Exploration,Ecotourism and sustainable travel
3vp8lyj212,2340712b-6ff2-419f-8a99-01f4057ee136,Travel and Exploration,Backpacking and adventure travel
0653tpzr7p,2340712b-6ff2-419f-8a99-01f4057ee136,Health & Wellness,Nutrition planning meal prepping
1q2glk08kp,2340712b-6ff2-419f-8a99-01f4057ee136,Reading and Literature,"Poetry and poetic forms (haiku, sonnets, free verse)"
f41rs5n8xj,045eb9b0-29b3-4ba5-988a-6b04237c9875,Travel and Exploration,Road trips and exploring scenic routes
eyymmej45k,045eb9b0-29b3-4ba5-988a-6b04237c9875,Travel and Exploration,Ecotourism and sustainable travel
bmwdej5gzr,045eb9b0-29b3-4ba5-988a-6b04237c9875,Reading and Literature,Audio books and storytelling podcasts
kwo87tsviw,fc568017-35d5-4e6a-a842-e4343d1cf008,Outdoor Activities,"Camping (tent camping, RV camping)"
yotpeovrhb,fc568017-35d5-4e6a-a842-e4343d1cf008,Health and Wellness,Yoga retreats wellness tourism
zabrj5zlo7,fc568017-35d5-4e6a-a842-e4343d1cf008,Travel and Exploration,Ecotourism and sustainable travel
hoq4tx4nbi,518a0c42-1771-42d5-81a2-df1c8691bd6b,Outdoor Activities,Wilderness survival skills
62cip5gch0,f88ab902-9836-41d1-be5b-97af09f95c75,Outdoor Activities,Wilderness survival skills
dspec4eos3,f88ab902-9836-41d1-be5b-97af09f95c75,Travel and Exploration,Ecotourism and sustainable travel
1zdewgjttb,f88ab902-9836-41d1-be5b-97af09f95c75,Travel and Exploration,Visiting new countries and cultures
0m2ojsetjh,ba7dc998-391b-42ef-87e8-e7baa4aaa22a,Reading and Literature,"Poetry and poetic forms (haiku, sonnets, free verse)"
a76sv6ug1q,7bfe650c-c833-4b83-8f58-e7cc56f62046,Reading and Literature,Audio books and storytelling podcasts
m57h6kjf8d,7bfe650c-c833-4b83-8f58-e7cc56f62046,Outdoor Activities,"Camping (tent camping, RV camping)"
e7lkr31k4z,7bfe650c-c833-4b83-8f58-e7cc56f62046,Reading and Literature,Literary analysis and book discussions
g3k04age3i,ca44a151-be76-4e2f-9f44-8d30b4c8fd40,Outdoor Activities,Wilderness survival skills
c7fzzcyhql,ca44a151-be76-4e2f-9f44-8d30b4c8fd40,Travel and Exploration,Urban exploration and historical tours
j2zh2r5g7k,5d5f83c4-3ca3-45e6-badf-12d8815734f8,Travel and Exploration,Visiting new countries and cultures
5aj3160zd1,5d5f83c4-3ca3-45e6-badf-12d8815734f8,Travel and Exploration,Urban exploration and historical tours
yb11n5n6o6,5d5f83c4-3ca3-45e6-badf-12d8815734f8,Reading and Literature,"Fiction (novels, short stories, fantasy, science fiction)"
fvrswwr1qe,17efca01-b251-4116-af78-e8b0f105c5d6,Outdoor Activities,Hiking and nature walks
t30qk8o7yc,17efca01-b251-4116-af78-e8b0f105c5d6,Travel and Exploration,Cruise vacations and sailing adventures
8vx7eophoc,17efca01-b251-4116-af78-e8b0f105c5d6,Travel and Exploration,Urban exploration and historical tours
5e3ji8tlnb,735cf305-cc16-4e2a-8886-246f57a833ed,Health and Wellness,Holistic health practices (acupuncture herbalism)
6x881q4t0s,38e8e9c5-9578-40b5-8f4f-74a01ffb850f,Reading and Literature,Reading challenges and book clubs
tirgjjrgd0,38e8e9c5-9578-40b5-8f4f-74a01ffb850f,Health and Wellness,Practicing mindfulness meditation
7defm9th31,38e8e9c5-9578-40b5-8f4f-74a01ffb850f,Reading and Literature,Audio books and storytelling podcasts
vrleotqj6f,531a2a4e-4676-4b51-81e8-ab193f70183b,Outdoor Activities,"Camping (tent camping, RV camping)"
0afmv1eupr,531a2a4e-4676-4b51-81e8-ab193f70183b,Reading and Literature,"Fiction (novels, short stories, fantasy, science fiction)"
m8m2matp6z,610fd4a2-07da-4385-80cd-34cedcb463ae,Reading and Literature,Audio books and storytelling podcasts
3gjtai7y5x,e749da40-c3b6-426e-9ec6-0060639e0cc6,Health and Wellness,Fitness obstacle course races
f2zr6njxt6,ce681af8-71cf-4abf-958b-95559c3889f1,Reading and Literature,Reading challenges and book clubs
yp16b162ms,ce681af8-71cf-4abf-958b-95559c3889f1,Travel and Exploration,Ecotourism and sustainable travel
71nubnxcc8,ce681af8-71cf-4abf-958b-95559c3889f1,Travel and Exploration,Cruise vacations and sailing adventures
lo15mwpaui,5bb4389f-a469-459e-8afe-14b348830d4d,Reading and Literature,"Non-fiction (biographies, history, self-help, psychology)"
2jg6ed4zir,33315ee4-6589-42f7-a230-2867b7ca80d9,Reading and Literature,Literary analysis and book discussions
qb5v0hjq5n,8c5f87d8-6de7-49ba-a93a-ddec2903c65a,Health & Wellness,Nutrition planning meal prepping
5xv9r75o4y,687e95e6-db48-4bab-b82f-db95f54f9500,Travel and Exploration,Road trips and exploring scenic routes
8syu60zpwy,d29a96f2-364d-4b9e-8ada-4fb12f6cb77b,Outdoor Activities,"Camping (tent camping, RV camping)"
bbjf71muoy,4b7e87ed-994e-419b-b36b-6ee3045ecef0,Travel and Exploration,Backpacking and adventure travel
izuur6uw5o,0e6153f5-edfd-4536-982c-6e86318ca951,Reading and Literature,Reading challenges and book clubs
d2rphpmiz0,0e6153f5-edfd-4536-982c-6e86318ca951,Travel and Exploration,Visiting new countries and cultures
f7or92rax3,34301b6e-a517-4484-9730-0a61551f4f4c,Reading and Literature,"Poetry and poetic forms (haiku, sonnets, free verse)"
3wfuag6a76,34301b6e-a517-4484-9730-0a61551f4f4c,Reading and Literature,"Non-fiction (biographies, history, self-help, psychology)"
szf683uisz,34301b6e-a517-4484-9730-0a61551f4f4c,Health and Wellness,Yoga retreats wellness tourism
9l9g9c0brt,f32a9ed9-4aee-4f0a-a797-f9d7df2ad6a6,Reading and Literature,Literary analysis and book discussions
ssx51iqvx2,f32a9ed9-4aee-4f0a-a797-f9d7df2ad6a6,Travel and Exploration,Ecotourism and sustainable travel
159ez17ga8,7b1611a8-fac3-47e1-8a59-d329d58504f1,Travel and Exploration,Ecotourism and sustainable travel
wxm4khm7l7,4a6f5289-8477-491c-beec-92c5c1b5c79d,Travel and Exploration,Road trips and exploring scenic routes
1phg9yubvi,f43c1241-a458-4077-9bb0-8871514d0ac3,Reading and Literature,"Non-fiction (biographies, history, self-help, psychology)"
dlsldllyuy,f43c1241-a458-4077-9bb0-8871514d0ac3,Health and Wellness,Practicing mindfulness meditation
1cis05u88k,f43c1241-a458-4077-9bb0-8871514d0ac3,Health and Wellness,Yoga retreats wellness tourism
er3ubr1fdj,0b113918-d94f-40ee-b572-3b18a96579ce,Health and Wellness,Holistic health practices (acupuncture herbalism)
ekt5567so5,0b113918-d94f-40ee-b572-3b18a96579ce,Travel and Exploration,Ecotourism and sustainable travel
a18paslmwc,6b20b125-d886-4680-876b-34ade4a2786b,Outdoor Activities,Wilderness survival skills
c2xahns5yg,6b20b125-d886-4680-876b-34ade4a2786b,Reading and Literature,"Non-fiction (biographies, history, self-help, psychology)"
t3pi1x7xhp,6b20b125-d886-4680-876b-34ade4a2786b,Outdoor Activities,"Camping (tent camping, RV camping)"
1kd34qx1et,c469624a-637b-410f-b10e-629a7022cd1a,Travel and Exploration,Road trips and exploring scenic routes
3i55ga7avf,c469624a-637b-410f-b10e-629a7022cd1a,Travel and Exploration,Visiting new countries and cultures
hmoidjd449,f425f27f-eff7-40d8-94cb-f93c422344c2,Health and Wellness,Practicing mindfulness meditation
lolwrqimuh,604ba0df-e51e-4a29-a32f-c12009497e01,Travel and Exploration,Cruise vacations and sailing adventures
unm5g36uum,604ba0df-e51e-4a29-a32f-c12009497e01,Reading and Literature,"Poetry and poetic forms (haiku, sonnets, free verse)"
7kn6krsk8p,604ba0df-e51e-4a29-a32f-c12009497e01,Outdoor Activities,Wilderness survival skills
9kux576dwq,3ce5f49a-1a6e-4439-a0b8-badf2c3d3524,Reading and Literature,"Fiction (novels, short stories, fantasy, science fiction)"
z2hpb32jn0,3ce5f49a-1a6e-4439-a0b8-badf2c3d3524,Outdoor Activities,Hiking and nature walks
5cmbo9bii8,3ce5f49a-1a6e-4439-a0b8-badf2c3d3524,Reading and Literature,Literary analysis and book discussions
t8xugcag01,a4ac44ba-d0fd-46fc-96b7-cbb197bce11c,Reading and Literature,"Poetry and poetic forms (haiku, sonnets, free verse)"
f8rjc0khbd,aac30ea8-5174-44d3-b103-8892e8bb630d,Outdoor Activities,Hiking and nature walks
shcqyd7l9a,aac30ea8-5174-44d3-b103-8892e8bb630d,Reading and Literature,Literary analysis and book discussions
kocalvcq58,aac30ea8-5174-44d3-b103-8892e8bb630d,Reading and Literature,"Non-fiction (biographies, history, self-help, psychology)"
c9e5sjg899,010c1b43-81e6-4cdc-8d78-a65acef426f5,Travel and Exploration,Backpacking and adventure travel
yvd5t0svv9,010c1b43-81e6-4cdc-8d78-a65acef426f5,Outdoor Activities,Wilderness survival skills
9gj2ncp4ij,30b4d3c8-d001-4018-8cd2-4ecf672d5ee0,Travel and Exploration,Cruise vacations and sailing adventures
q8z6b2efk3,30b4d3c8-d001-4018-8cd2-4ecf672d5ee0,Reading and Literature,"Poetry and poetic forms (haiku, sonnets, free verse)"
f4i7uvefcn,23c49ed9-6c02-4526-bb5e-54d846a04d6c,Outdoor Activities,"Camping (tent camping, RV camping)"
s2l5x63r23,23c49ed9-6c02-4526-bb5e-54d846a04d6c,Health and Wellness,Fitness obstacle course races
up4snfgick,88fe6610-12d2-48df-9172-0a27972789b0,Health and Wellness,Holistic health practices (acupuncture herbalism)
w78bytgufo,88fe6610-12d2-48df-9172-0a27972789b0,Health and Wellness,Practicing mindfulness meditation
oxop0mk7xy,9af08dc3-4067-404b-b4a0-a3e4ea418922,Health and Wellness,Holistic health practices (acupuncture herbalism)
iu2hnllbtb,e02a2f03-333a-478e-bf3a-d49c53530f9f,Reading and Literature,Audio books and storytelling podcasts
dfm4k2y4v5,e02a2f03-333a-478e-bf3a-d49c53530f9f,Health & Wellness,Nutrition planning meal prepping
928rd320tr,e02a2f03-333a-478e-bf3a-d49c53530f9f,Outdoor Activities,Hiking and nature walks
ql3po7b8eg,5561a945-e8d3-43fa-bd75-85a1590eb089,Travel and Exploration,Cruise vacations and sailing adventures
4gphqwe0rb,5561a945-e8d3-43fa-bd75-85a1590eb089,Travel and Exploration,Ecotourism and sustainable travel
4wn9904gx8,e09dd95d-1732-48a0-9aad-2e617a24b111,Travel and Exploration,Visiting new countries and cultures
duduadu0g9,ef19487a-400e-4886-91b7-885bbeb264b7,Health and Wellness,Holistic health practices (acupuncture herbalism)
6b0fj7fk42,ef19487a-400e-4886-91b7-885bbeb264b7,Travel and Exploration,Cruise vacations and sailing adventures
wj6easg28e,ef19487a-400e-4886-91b7-885bbeb264b7,Reading and Literature,Audio books and storytelling podcasts
bv6uq6tdjn,555f67ff-06ea-4f5b-a740-42521c87e538,Travel and Exploration,Backpacking and adventure travel
86j6b0j6wu,555f67ff-06ea-4f5b-a740-42521c87e538,Health and Wellness,Practicing mindfulness meditation
t4reyc9fgs,555f67ff-06ea-4f5b-a740-42521c87e538,Outdoor Activities,Wilderness survival skills
upmtke4q8e,6b8cd2ac-f0c0-4626-9af9-91c06bf3bf15,Reading and Literature,Audio books and storytelling podcasts
bn5dzzjggw,1437267d-0c5c-4ac8-8b0e-10cdfce02c71,Health and Wellness,Yoga retreats wellness tourism
r3x5coaf2a,71896438-d12a-4722-aceb-5bd712a4cc1e,Travel and Exploration,Urban exploration and historical tours
391v32hsz7,71896438-d12a-4722-aceb-5bd712a4cc1e,Travel and Exploration,Backpacking and adventure travel
87y4mtkq2k,cb27667e-2ebf-454d-927b-01295d0b52f9,Travel and Exploration,Urban exploration and historical tours
xxlmxh5bzg,cb27667e-2ebf-454d-927b-01295d0b52f9,Health and Wellness,Fitness obstacle course races
v4kdt6r8wz,cb27667e-2ebf-454d-927b-01295d0b52f9,Reading and Literature,Reading challenges and book clubs
nd141bb1lg,210c134c-b1d6-4987-89a1-8bc60511a383,Health and Wellness,Practicing mindfulness meditation
8g8e691dso,210c134c-b1d6-4987-89a1-8bc60511a383,Outdoor Activities,Hiking and nature walks
l97bdm996v,210c134c-b1d6-4987-89a1-8bc60511a383,Outdoor Activities,"Camping (tent camping, RV camping)"
uiho7llj2t,2b177450-699d-44b1-b572-0da4331c05eb,Travel and Exploration,Urban exploration and historical tours
3n7d24xduu,ef55715e-9346-4ae0-a5be-96849a0ec020,Travel and Exploration,Cruise vacations and sailing adventures
jjb0efyb9s,ef55715e-9346-4ae0-a5be-96849a0ec020,Travel and Exploration,Backpacking and adventure travel
o9ztd07lur,ef55715e-9346-4ae0-a5be-96849a0ec020,Reading and Literature,Literary analysis and book discussions
ls89k5t4e9,836e51e5-2668-4cda-974f-1d89d2dc782b,Travel and Exploration,Urban exploration and historical tours
fjgi5wd09s,836e51e5-2668-4cda-974f-1d89d2dc782b,Outdoor Activities,"Camping (tent camping, RV camping)"
yeki0dhxu8,4037c715-6506-4bde-91c8-d85fd5dd6093,Travel and Exploration,Ecotourism and sustainable travel
2a359id2oj,4037c715-6506-4bde-91c8-d85fd5dd6093,Outdoor Activities,Hiking and nature walks
wak9dkpc78,4037c715-6506-4bde-91c8-d85fd5dd6093,Health and Wellness,Fitness obstacle course races
kkyda6t4cq,ad4687b9-9465-4075-bcba-2b1162a81e6e,Health and Wellness,Yoga retreats wellness tourism
0586ypgr88,80fa98e4-cc39-45dc-b441-530db0b5b105,Reading and Literature,Audio books and storytelling podcasts
ql9ow4hyqd,6260938d-2e34-4d0f-a368-9b96bdf99ce5,Travel and Exploration,Ecotourism and sustainable travel
l7ibjwlh59,6260938d-2e34-4d0f-a368-9b96bdf99ce5,Reading and Literature,Reading challenges and book clubs
isslfkcdys,e0433c78-4d32-46af-9436-c2668a0ac104,Health and Wellness,Yoga retreats wellness tourism
w5n6025v8k,e0433c78-4d32-46af-9436-c2668a0ac104,Travel and Exploration,Urban exploration and historical tours
36eyzlnb5x,6113893f-d658-4d82-9c79-96b64b4063a9,Outdoor Activities,Wilderness survival skills
25x200vtjb,6113893f-d658-4d82-9c79-96b64b4063a9,Health and Wellness,Practicing mindfulness meditation
uf9hg7p9hx,6113893f-d658-4d82-9c79-96b64b4063a9,Health and Wellness,Fitness obstacle course races
i9m0b1xefd,a122f941-ba43-40a5-a1fe-28bb00938fc5,Reading and Literature,Reading challenges and book clubs
1jrdgud3g6,a122f941-ba43-40a5-a1fe-28bb00938fc5,Reading and Literature,Literary analysis and book discussions
iq8jpyevty,a122f941-ba43-40a5-a1fe-28bb00938fc5,Health and Wellness,Practicing mindfulness meditation
d3x8pobirn,9cbc078e-ce91-43eb-bd13-c0cdced2c8df,Travel and Exploration,Visiting new countries and cultures
97xs5885so,bdf4dee3-f13a-42cd-aa1a-fd27fb49e2ad,Travel and Exploration,Cruise vacations and sailing adventures
frzwe0cvuj,bdf4dee3-f13a-42cd-aa1a-fd27fb49e2ad,Outdoor Activities,"Camping (tent camping, RV camping)"
x8985rzuol,fd9f18be-ebde-4b56-8e47-e692f93c65c3,Health and Wellness,Holistic health practices (acupuncture herbalism)
cd2fns7rzs,fd9f18be-ebde-4b56-8e47-e692f93c65c3,Reading and Literature,Audio books and storytelling podcasts
a44iu3i4yc,405ed805-b182-4e59-9bf1-de2aa24305e0,Health and Wellness,Fitness obstacle course races
nuphb2lv46,405ed805-b182-4e59-9bf1-de2aa24305e0,Travel and Exploration,Urban exploration and historical tours
r37odcrtbp,01e97589-44e7-44d2-83ec-f215c6058414,Travel and Exploration,Urban exploration and historical tours
hxettqupzn,01e97589-44e7-44d2-83ec-f215c6058414,Reading and Literature,"Non-fiction (biographies, history, self-help, psychology)"
emw54bjixa,01e97589-44e7-44d2-83ec-f215c6058414,Reading and Literature,"Fiction (novels, short stories, fantasy, science fiction)"
3c3hfbivqj,2d121bb4-7cca-456c-91fa-7b139041aef7,Travel and Exploration,Ecotourism and sustainable travel
cfd8inzds4,2d121bb4-7cca-456c-91fa-7b139041aef7,Reading and Literature,"Poetry and poetic forms (haiku, sonnets, free verse)"
vsegfduies,a4c83137-3ef5-46a8-91d1-2483bd35d93d,Reading and Literature,Literary analysis and book discussions
9m4psmjhwk,a9204726-9d4b-41c4-bdea-c0e23fbe3c5c,Reading and Literature,Literary analysis and book discussions
jbzj7qvhpq,d8a1dc3a-af46-44a8-9e36-7b509f07c046,Reading and Literature,"Non-fiction (biographies, history, self-help, psychology)"
7rrcqw9a1v,d8a1dc3a-af46-44a8-9e36-7b509f07c046,Travel and Exploration,Urban exploration and historical tours
pids2o6s2k,d8a1dc3a-af46-44a8-9e36-7b509f07c046,Reading and Literature,Audio books and storytelling podcasts
ypfdzm1cgk,2b8e2232-3e0c-4a24-91e9-962fbb766f15,Health and Wellness,Practicing mindfulness meditation
8vjx3nopgr,2b8e2232-3e0c-4a24-91e9-962fbb766f15,Travel and Exploration,Urban exploration and historical tours
6pupgfwtis,2b8e2232-3e0c-4a24-91e9-962fbb766f15,Health and Wellness,Yoga retreats wellness tourism
3djoe6niob,36275826-41cf-44cb-a0a5-ad501e31e781,Reading and Literature,Literary analysis and book discussions
aen1qzv569,36275826-41cf-44cb-a0a5-ad501e31e781,Health and Wellness,Holistic health practices (acupuncture herbalism)
miqa4o73o0,3a9f0539-da30-4630-8247-b158b442c57f,Outdoor Activities,"Camping (tent camping, RV camping)"
5nc3p8ew2i,3a9f0539-da30-4630-8247-b158b442c57f,Outdoor Activities,Wilderness survival skills
pcmq4xaivi,3a9f0539-da30-4630-8247-b158b442c57f,Health & Wellness,Nutrition planning meal prepping
hszzl4iwrr,1a6d5b7c-eba2-4786-8a64-57b6578eb534,Outdoor Activities,Wilderness survival skills
tgoa3fmemw,72dcbaa9-2f99-4ecd-bdb6-c1729a27f9ef,Reading and Literature,"Non-fiction (biographies, history, self-help, psychology)"
z1x3wekpst,72dcbaa9-2f99-4ecd-bdb6-c1729a27f9ef,Outdoor Activities,Wilderness survival skills
7aynqgdor2,9f36f66d-dad0-4f0c-bc47-646917720a2d,Outdoor Activities,Hiking and nature walks
5lrtnu13uv,cdc1dd97-2cb2-40dd-a789-6e0f9adfd03a,Health and Wellness,Yoga retreats wellness tourism
4k37l607m4,cdc1dd97-2cb2-40dd-a789-6e0f9adfd03a,Travel and Exploration,Road trips and exploring scenic routes
4aqkepjygo,80501fd9-87bd-4725-a83d-b0e9739f8cb6,Reading and Literature,"Fiction (novels, short stories, fantasy, science fiction)"
83pkgnrf0u,80501fd9-87bd-4725-a83d-b0e9739f8cb6,Reading and Literature,Reading challenges and book clubs
nws1ix10zl,80501fd9-87bd-4725-a83d-b0e9739f8cb6,Outdoor Activities,"Camping (tent camping, RV camping)"
vx4aul4j4l,f7f3997f-dd96-4f4c-9c8e-7e8895b313ef,Reading and Literature,"Poetry and poetic forms (haiku, sonnets, free verse)"
n8mnn3p80o,f7f3997f-dd96-4f4c-9c8e-7e8895b313ef,Reading and Literature,Literary analysis and book discussions
kofzo3zo2t,0b3f7650-a98b-4350-ac57-585e86d1a27b,Travel and Exploration,Cruise vacations and sailing adventures
n8ts3p6ejz,0b3f7650-a98b-4350-ac57-585e86d1a27b,Reading and Literature,Literary analysis and book discussions
3i6sh4nt81,80247eda-f93e-44d1-8627-37839835db21,Reading and Literature,Reading challenges and book clubs
8mbziow64w,8993350b-dd5f-4dbc-bfe3-fc3c8ae1596d,Reading and Literature,"Non-fiction (biographies, history, self-help, psychology)"
29wx41h657,8bc4c9ed-e807-41f1-b937-d7f0f8a1d191,Outdoor Activities,"Camping (tent camping, RV camping)"
zpup09uipo,8bc4c9ed-e807-41f1-b937-d7f0f8a1d191,Reading and Literature,Audio books and storytelling podcasts
1ax3j6wnjb,f3c0dd6b-99de-4903-9ad0-66f487e89354,Health and Wellness,Practicing mindfulness meditation
vwkuu1vlnm,f3c0dd6b-99de-4903-9ad0-66f487e89354,Travel and Exploration,Urban exploration and historical tours
3cp2qij00y,f3c0dd6b-99de-4903-9ad0-66f487e89354,Reading and Literature,Reading challenges and book clubs
l8tc8tw94y,a87992c7-802a-4a38-9451-968124c4a5d9,Reading and Literature,"Poetry and poetic forms (haiku, sonnets, free verse)"
wfd5bf11ly,a87992c7-802a-4a38-9451-968124c4a5d9,Outdoor Activities,"Camping (tent camping, RV camping)"
553a1w1rbb,a87992c7-802a-4a38-9451-968124c4a5d9,Reading and Literature,"Fiction (novels, short stories, fantasy, science fiction)"
dnowwho2qh,566303e4-4ab5-462d-bad5-e4d90059ad31,Reading and Literature,"Non-fiction (biographies, history, self-help, psychology)"
u0kcvg8n4s,e930062f-252d-48d2-b693-f2e3b7fd64bf,Travel and Exploration,Urban exploration and historical tours
kkr78rxum3,e930062f-252d-48d2-b693-f2e3b7fd64bf,Travel and Exploration,Cruise vacations and sailing adventures
7wzcq9pt1m,e930062f-252d-48d2-b693-f2e3b7fd64bf,Health and Wellness,Yoga retreats wellness tourism
4d4d7usw4n,7ee83718-5df5-4611-bbdb-b91c9437b9e6,Health and Wellness,Practicing mindfulness meditation
7lyl3ph5km,132f2389-a0f4-41a6-93c7-b894c1cb906c,Travel and Exploration,Backpacking and adventure travel
2m4rgeh6p6,132f2389-a0f4-41a6-93c7-b894c1cb906c,Reading and Literature,"Poetry and poetic forms (haiku, sonnets, free verse)"
avfe4xpyf5,132f2389-a0f4-41a6-93c7-b894c1cb906c,Travel and Exploration,Cruise vacations and sailing adventures
gj3940gaqm,8c652811-fed3-48d6-bd44-c11c55a83ffc,Health and Wellness,Yoga retreats wellness tourism
4y0qg7az33,8c652811-fed3-48d6-bd44-c11c55a83ffc,Outdoor Activities,Hiking and nature walks
od72yqifqi,dcc0b624-4a4f-46e2-88fa-4ea972e9c282,Travel and Exploration,Ecotourism and sustainable travel
vq9ahf6182,ff867839-4277-4dc8-a5b1-ea7867ea2243,Travel and Exploration,Backpacking and adventure travel
ck4gt12zcg,64fa859e-c631-4a55-b9a2-851238e4c30b,Reading and Literature,"Non-fiction (biographies, history, self-help, psychology)"
toohp2jvpc,64fa859e-c631-4a55-b9a2-851238e4c30b,Health & Wellness,Nutrition planning meal prepping
7mldhqwj62,47820821-606c-46eb-8ab1-43ea1ce9a19b,Outdoor Activities,Wilderness survival skills
izalpfqw38,57d12c08-e268-4923-a4d0-34d5939a18e0,Reading and Literature,"Poetry and poetic forms (haiku, sonnets, free verse)"
mrptbl6q6q,57d12c08-e268-4923-a4d0-34d5939a18e0,Health and Wellness,Fitness obstacle course races
7z5812e8ww,57d12c08-e268-4923-a4d0-34d5939a18e0,Travel and Exploration,Backpacking and adventure travel
z1883w8hyt,9d804c3d-a4a4-4dea-940f-60c0d7b74419,Reading and Literature,Audio books and storytelling podcasts
cgs5lgh594,9d804c3d-a4a4-4dea-940f-60c0d7b74419,Reading and Literature,"Poetry and poetic forms (haiku, sonnets, free verse)"
2zpd5vox50,9d804c3d-a4a4-4dea-940f-60c0d7b74419,Health & Wellness,Nutrition planning meal prepping
p4kycfqw2x,a7077efc-0948-4424-a190-5ba160d6bdce,Health and Wellness,Practicing mindfulness meditation
bszwic6282,d697e430-024b-4afa-97b4-322772aa2537,Reading and Literature,Literary analysis and book discussions
u3l0d22jja,d697e430-024b-4afa-97b4-322772aa2537,Travel and Exploration,Cruise vacations and sailing adventures
bi59t4ewle,d697e430-024b-4afa-97b4-322772aa2537,Travel and Exploration,Backpacking and adventure travel
gkbdykdx5k,a2ef46c9-4984-42d6-a223-e3134606fb57,Travel and Exploration,Visiting new countries and cultures
mrlovm27rf,3b9b6e7e-a8ef-442f-8227-01a97533d69e,Reading and Literature,"Fiction (novels, short stories, fantasy, science fiction)"
5es5gdsg5b,3b9b6e7e-a8ef-442f-8227-01a97533d69e,Health and Wellness,Practicing mindfulness meditation
i2269bcjd6,445f3020-c8b4-4401-835f-d2b9438d8716,Health & Wellness,Nutrition planning meal prepping
q1yf6pw9fm,93d40395-9017-4711-8566-793a92496b83,Reading and Literature,"Non-fiction (biographies, history, self-help, psychology)"
zybhfzygsa,93d40395-9017-4711-8566-793a92496b83,Health & Wellness,Nutrition planning meal prepping
g19wr53hri,8fa7df59-5f98-4cb4-8552-5f7ec3c70f13,Reading and Literature,Audio books and storytelling podcasts
tcko5q49uq,8fa7df59-5f98-4cb4-8552-5f7ec3c70f13,Health and Wellness,Practicing mindfulness meditation
fkm32jx73x,8fa7df59-5f98-4cb4-8552-5f7ec3c70f13,Travel and Exploration,Road trips and exploring scenic routes
weu2azvri8,65dc13fb-44da-4b9d-b210-da6be27c0965,Health and Wellness,Yoga retreats wellness tourism
l1ix2j2orz,65dc13fb-44da-4b9d-b210-da6be27c0965,Outdoor Activities,Wilderness survival skills
265l9964bx,3fd5da33-92af-46c6-a4e8-4d9b76079863,Health and Wellness,Yoga retreats wellness tourism
dadrds9vd7,3fd5da33-92af-46c6-a4e8-4d9b76079863,Travel and Exploration,Urban exploration and historical tours
jwiq125ef1,3fd5da33-92af-46c6-a4e8-4d9b76079863,Reading and Literature,"Fiction (novels, short stories, fantasy, science fiction)"
km7p97647u,4d887c2a-ad0c-4840-8cb4-51e7fb1c0dbc,Reading and Literature,Literary analysis and book discussions
3e456w0d2j,f4857e78-ad41-427f-ac62-e03e90988960,Travel and Exploration,Cruise vacations and sailing adventures
0993vw2ul8,f4857e78-ad41-427f-ac62-e03e90988960,Health and Wellness,Practicing mindfulness meditation
65vanbvfor,f4857e78-ad41-427f-ac62-e03e90988960,Reading and Literature,"Poetry and poetic forms (haiku, sonnets, free verse)"
dy8f3dgrg8,e45038f7-784f-4e04-a167-9755f22dd960,Travel and Exploration,Urban exploration and historical tours
5vqh75ydxe,c7342c85-c153-4838-a3dc-860bf7afe3e8,Travel and Exploration,Visiting new countries and cultures
z2g8uthrz3,95224d92-d76d-4031-a2dd-e931114cec2e,Reading and Literature,"Fiction (novels, short stories, fantasy, science fiction)"
k9md8s9mly,95224d92-d76d-4031-a2dd-e931114cec2e,Travel and Exploration,Backpacking and adventure travel
707fzvuyp7,65091c58-9a4e-4f16-9207-0ff2caec896e,Reading and Literature,Audio books and storytelling podcasts
0gotpx463g,65091c58-9a4e-4f16-9207-0ff2caec896e,Travel and Exploration,Road trips and exploring scenic routes
ogr0sopczp,0eee9534-51d0-4ca3-af3c-50a8c90586ca,Reading and Literature,Literary analysis and book discussions
8qz8e0gf6l,0eee9534-51d0-4ca3-af3c-50a8c90586ca,Outdoor Activities,Wilderness survival skills
4qhwmt1hv8,5db8cd02-0d7b-4130-8f5a-1956ee454186,Travel and Exploration,Road trips and exploring scenic routes
4fcbrg04pw,5db8cd02-0d7b-4130-8f5a-1956ee454186,Travel and Exploration,Backpacking and adventure travel
fsqooed9iv,d91b8ad4-527c-410a-b0a9-19c05307aea1,Reading and Literature,"Poetry and poetic forms (haiku, sonnets, free verse)"
dw3umul1cm,d91b8ad4-527c-410a-b0a9-19c05307aea1,Health and Wellness,Fitness obstacle course races
5cjenqtu78,d91b8ad4-527c-410a-b0a9-19c05307aea1,Travel and Exploration,Ecotourism and sustainable travel
mux9iza8r1,8a4d83b3-6455-4e5f-90de-f145d81d0378,Health & Wellness,Nutrition planning meal prepping
ra7v1xr5no,8a4d83b3-6455-4e5f-90de-f145d81d0378,Travel and Exploration,Cruise vacations and sailing adventures
m8ey0aabsb,8a4d83b3-6455-4e5f-90de-f145d81d0378,Health and Wellness,Practicing mindfulness meditation
stb4wu5dvo,691f350e-cf3c-4245-b528-c0e6be03863b,Reading and Literature,Reading challenges and book clubs
xty8fxm485,691f350e-cf3c-4245-b528-c0e6be03863b,Travel and Exploration,Ecotourism and sustainable travel
8c6dr6ohff,691f350e-cf3c-4245-b528-c0e6be03863b,Health and Wellness,Yoga retreats wellness tourism
xwbir68uxy,0f3d3a3c-32e4-418f-a401-f27ca3a29698,Travel and Exploration,Ecotourism and sustainable travel
x7v5hy9b6x,510a83d0-c7ae-437f-a9bb-4f4ced75ab2b,Travel and Exploration,Urban exploration and historical tours
1zfhfkw8gs,510a83d0-c7ae-437f-a9bb-4f4ced75ab2b,Travel and Exploration,Backpacking and adventure travel
giscj9p9er,510a83d0-c7ae-437f-a9bb-4f4ced75ab2b,Health and Wellness,Yoga retreats wellness tourism
kkfd2jnnii,f2daeb27-c7d2-4042-b138-8ef0652d1427,Reading and Literature,"Fiction (novels, short stories, fantasy, science fiction)"
3ptiyw23e3,f2daeb27-c7d2-4042-b138-8ef0652d1427,Reading and Literature,"Poetry and poetic forms (haiku, sonnets, free verse)"
e2wjuce3qs,f2daeb27-c7d2-4042-b138-8ef0652d1427,Reading and Literature,Literary analysis and book discussions
v6t9mypz2a,4dcb45f5-74e1-4500-8278-c24eabb9bffe,Reading and Literature,Literary analysis and book discussions
i96dm44bmc,4dcb45f5-74e1-4500-8278-c24eabb9bffe,Outdoor Activities,Hiking and nature walks
i043rexw5d,4dcb45f5-74e1-4500-8278-c24eabb9bffe,Travel and Exploration,Urban exploration and historical tours
e45m2jzq8g,2e1728e2-5932-4a10-b4b0-40f07b3192ab,Health and Wellness,Yoga retreats wellness tourism
5vl5pnxmh9,2e1728e2-5932-4a10-b4b0-40f07b3192ab,Reading and Literature,Audio books and storytelling podcasts
241978qgwr,2266a0ca-1d55-4af3-984c-297ada1ae07c,Travel and Exploration,Ecotourism and sustainable travel
17rcvn5mo1,2266a0ca-1d55-4af3-984c-297ada1ae07c,Travel and Exploration,Urban exploration and historical tours
4da66y20e7,2266a0ca-1d55-4af3-984c-297ada1ae07c,Health & Wellness,Nutrition planning meal prepping
uj3fdsx64q,50d1b918-9726-4a31-ab09-5fb1ae33be84,Health and Wellness,Practicing mindfulness meditation
q43yj4igv2,7628f5d1-ef0b-4b75-a7bd-dec5ae88850d,Health and Wellness,Holistic health practices (acupuncture herbalism)
6f0464n2ad,7628f5d1-ef0b-4b75-a7bd-dec5ae88850d,Reading and Literature,Reading challenges and book clubs
ck13jqfmc0,67f8518c-9f3a-4552-a443-e5c5d5b6735d,Health and Wellness,Yoga retreats wellness tourism
ppcpit9ibg,6df91c5d-d64b-44aa-9cd4-3cea7a81c626,Travel and Exploration,Road trips and exploring scenic routes
9kpdsme9j9,6df91c5d-d64b-44aa-9cd4-3cea7a81c626,Travel and Exploration,Ecotourism and sustainable travel
xqwyoudmy1,6df91c5d-d64b-44aa-9cd4-3cea7a81c626,Reading and Literature,"Fiction (novels, short stories, fantasy, science fiction)"
njupoly85d,05772823-69a7-45c9-bd3a-beca07d3a481,Reading and Literature,"Non-fiction (biographies, history, self-help, psychology)"
it8hrsuv3r,05772823-69a7-45c9-bd3a-beca07d3a481,Outdoor Activities,Wilderness survival skills
6p3resrqfh,b0459064-f7a9-41f0-a301-2a5e1609120d,Reading and Literature,"Poetry and poetic forms (haiku, sonnets, free verse)"
bxy8rttu6o,db30a29e-1c37-4b84-9c30-d868bb4d81da,Travel and Exploration,Urban exploration and historical tours
g8t5oge78y,db30a29e-1c37-4b84-9c30-d868bb4d81da,Reading and Literature,Audio books and storytelling podcasts
c6q1sjql1l,db30a29e-1c37-4b84-9c30-d868bb4d81da,Health and Wellness,Practicing mindfulness meditation
8rc4ezg32c,7e10f7e5-da7f-48f5-8126-aec6b0490c72,Reading and Literature,Literary analysis and book discussions
7qbn5f335a,6f48996e-6c94-4ac3-98d6-bfbc2e6791e4,Reading and Literature,"Non-fiction (biographies, history, self-help, psychology)"
8ln2e1qq6m,62f9eca1-1392-48d3-8676-35afc59113a3,Health and Wellness,Yoga retreats wellness tourism
c5tgnj62en,9e1bc5ba-c19c-4e80-bc29-97cb6ba09d4a,Travel and Exploration,Urban exploration and historical tours
fi53nviuj6,9e1bc5ba-c19c-4e80-bc29-97cb6ba09d4a,Health and Wellness,Holistic health practices (acupuncture herbalism)
hnphtsm7i1,9e1bc5ba-c19c-4e80-bc29-97cb6ba09d4a,Travel and Exploration,Cruise vacations and sailing adventures
efpy7o0g3r,ffcb3c1d-46d1-46c8-bbaa-fbeb9710cb18,Travel and Exploration,Ecotourism and sustainable travel
8ysjjw7ksm,ffcb3c1d-46d1-46c8-bbaa-fbeb9710cb18,Outdoor Activities,Wilderness survival skills
6u9qlacgqq,ffcb3c1d-46d1-46c8-bbaa-fbeb9710cb18,Outdoor Activities,"Camping (tent camping, RV camping)"
hdo7t93e3u,006ced9f-89da-468a-9c8c-1a0ef98e8cd5,Reading and Literature,Literary analysis and book discussions
v8fji737i4,7f91ada6-c58d-47bf-9f45-940282f6a292,Health and Wellness,Yoga retreats wellness tourism
3tdh5tdr5e,7f91ada6-c58d-47bf-9f45-940282f6a292,Reading and Literature,"Poetry and poetic forms (haiku, sonnets, free verse)"
p8tv6zro9u,dd4dd762-8340-4723-aa99-89fbd89d0bcf,Outdoor Activities,Wilderness survival skills
3zt1lpxkf6,dd4dd762-8340-4723-aa99-89fbd89d0bcf,Reading and Literature,Literary analysis and book discussions
u1a16wmxij,219bc148-4687-4cfd-8073-93f2c450a316,Travel and Exploration,Backpacking and adventure travel
dwfxr8jw7t,219bc148-4687-4cfd-8073-93f2c450a316,Travel and Exploration,Ecotourism and sustainable travel
y4lfhbrysq,219bc148-4687-4cfd-8073-93f2c450a316,Travel and Exploration,Visiting new countries and cultures
sq27plxgfa,ca262697-6aa1-4d73-b418-583213cdd4e1,Health and Wellness,Yoga retreats wellness tourism
s0u5ksl14b,ca262697-6aa1-4d73-b418-583213cdd4e1,Outdoor Activities,Wilderness survival skills
lwfpzks1w9,ca262697-6aa1-4d73-b418-583213cdd4e1,Health and Wellness,Fitness obstacle course races
b3o8d5tzvu,e9ad1911-62f8-4c6d-b8d6-c135e8f1d75a,Outdoor Activities,Wilderness survival skills
52pbu1d5xx,e9ad1911-62f8-4c6d-b8d6-c135e8f1d75a,Reading and Literature,Audio books and storytelling podcasts
kaudxpgy0l,e9ad1911-62f8-4c6d-b8d6-c135e8f1d75a,Travel and Exploration,Ecotourism and sustainable travel
s0dl20yf4m,3777d4dc-fb4d-40be-9ba0-6ee697af2441,Travel and Exploration,Ecotourism and sustainable travel
5ra5e6m2fw,3777d4dc-fb4d-40be-9ba0-6ee697af2441,Reading and Literature,Audio books and storytelling podcasts
rsuqt1cbxl,3777d4dc-fb4d-40be-9ba0-6ee697af2441,Health and Wellness,Fitness obstacle course races
aq5ntdomt7,7f8735b9-bfff-4c72-be7a-6f49088d8aea,Reading and Literature,Literary analysis and book discussions
bykj9kiwb9,7f8735b9-bfff-4c72-be7a-6f49088d8aea,Outdoor Activities,"Camping (tent camping, RV camping)"
7u293ecumw,7f8735b9-bfff-4c72-be7a-6f49088d8aea,Travel and Exploration,Visiting new countries and cultures
fdr3pis5bk,8a2c1ea1-5ed2-4584-8949-409e4f6c61f5,Health and Wellness,Fitness obstacle course races
l6joca8wnd,8a2c1ea1-5ed2-4584-8949-409e4f6c61f5,Travel and Exploration,Backpacking and adventure travel
28k0e3wga5,69c2efb1-15a3-4580-8194-3c5636df84ca,Outdoor Activities,Hiking and nature walks
rw0illi7rg,69c2efb1-15a3-4580-8194-3c5636df84ca,Reading and Literature,"Fiction (novels, short stories, fantasy, science fiction)"
u05a5fosnx,69c2efb1-15a3-4580-8194-3c5636df84ca,Travel and Exploration,Road trips and exploring scenic routes
ylz9yaw3g1,e4ec6c8c-22bd-4b84-acf0-91723b9a3ba2,Travel and Exploration,Cruise vacations and sailing adventures
kbqnnli4v8,26dbbfe8-00e7-41af-9db5-cba2a706e547,Outdoor Activities,"Camping (tent camping, RV camping)"
nnstjq68hn,af561ef8-6e56-44b8-a0f2-06ddfdd5b406,Health and Wellness,Holistic health practices (acupuncture herbalism)
2u56pjn8s2,af561ef8-6e56-44b8-a0f2-06ddfdd5b406,Reading and Literature,Reading challenges and book clubs
2ropkub3h7,c86158d9-0d4d-43c3-aa10-b4770a3bb447,Health and Wellness,Practicing mindfulness meditation
p9vpq2sput,27ca132e-76a8-4dc5-ace2-31ed889c0dfb,Reading and Literature,Reading challenges and book clubs
q8ni46ogbm,27ca132e-76a8-4dc5-ace2-31ed889c0dfb,Travel and Exploration,Visiting new countries and cultures
11fst37chn,126d7c06-4a0d-49bf-9919-0809c49d5d93,Reading and Literature,Reading challenges and book clubs
8wnn3rc4rf,126d7c06-4a0d-49bf-9919-0809c49d5d93,Health and Wellness,Fitness obstacle course races
bougygfwkh,94d05938-44cd-4d19-8e5f-a913422e3cca,Travel and Exploration,Cruise vacations and sailing adventures
wcfzthcisg,9d9befad-6412-49c3-89d1-c0770bc27800,Reading and Literature,Audio books and storytelling podcasts
j51s6snaaw,9d9befad-6412-49c3-89d1-c0770bc27800,Travel and Exploration,Cruise vacations and sailing adventures
hztw1if8gq,9d9befad-6412-49c3-89d1-c0770bc27800,Outdoor Activities,Wilderness survival skills
k049iwk3ng,461b829a-5f6d-4b51-bbd4-2f2cd68ff9a7,Reading and Literature,"Poetry and poetic forms (haiku, sonnets, free verse)"
g7u0rmupu4,06071549-207d-45e2-8da3-8465615dcc08,Reading and Literature,Audio books and storytelling podcasts
n140e9acka,c8347acf-1aa9-4f56-b8bc-330fa57224ab,Travel and Exploration,Cruise vacations and sailing adventures
kpxvg5v102,c8347acf-1aa9-4f56-b8bc-330fa57224ab,Outdoor Activities,Wilderness survival skills
o28wdyey3a,5ab17456-cc3d-456c-85a4-012e9d2ed334,Outdoor Activities,Hiking and nature walks
ew1h09t1gh,696fb37e-34c1-499c-8113-aca8f90dd352,Outdoor Activities,Wilderness survival skills
o8o6d4gg28,696fb37e-34c1-499c-8113-aca8f90dd352,Travel and Exploration,Visiting new countries and cultures
gp51sastdf,b0a8e5f3-7ca3-4084-b5b4-0aa81e6a7282,Health and Wellness,Holistic health practices (acupuncture herbalism)
gespjg1a6k,b0a8e5f3-7ca3-4084-b5b4-0aa81e6a7282,Health and Wellness,Practicing mindfulness meditation
gykatwtr7w,b0a8e5f3-7ca3-4084-b5b4-0aa81e6a7282,Outdoor Activities,"Camping (tent camping, RV camping)"
4bm4cppdjd,8f04dc00-46df-4c2a-a801-d3060f7a275b,Health and Wellness,Holistic health practices (acupuncture herbalism)
jdo457q7tr,8f04dc00-46df-4c2a-a801-d3060f7a275b,Health and Wellness,Practicing mindfulness meditation
c7soz55rb5,8f04dc00-46df-4c2a-a801-d3060f7a275b,Reading and Literature,Literary analysis and book discussions
73tnqswyuq,971f6cdc-22fa-4964-8bc9-4648dc7824f4,Travel and Exploration,Road trips and exploring scenic routes
sgq0fuzml8,971f6cdc-22fa-4964-8bc9-4648dc7824f4,Reading and Literature,Audio books and storytelling podcasts
t3lqm2upmd,971f6cdc-22fa-4964-8bc9-4648dc7824f4,Health and Wellness,Yoga retreats wellness tourism
5xveujyf57,3a91dc36-f9e0-47a4-b452-26b83dae2ce0,Outdoor Activities,Wilderness survival skills
3bvjsbxnew,7b940cbe-a309-4bb0-9060-356255b4607f,Health and Wellness,Fitness obstacle course races
xh2pseleye,7b940cbe-a309-4bb0-9060-356255b4607f,Health and Wellness,Yoga retreats wellness tourism
4yrc4m4758,5087d838-7069-4676-80de-9914fee3eb7f,Health and Wellness,Yoga retreats wellness tourism
odv56mr5fm,5087d838-7069-4676-80de-9914fee3eb7f,Outdoor Activities,Hiking and nature walks
t1kw2nr4ez,5087d838-7069-4676-80de-9914fee3eb7f,Reading and Literature,"Non-fiction (biographies, history, self-help, psychology)"
3ls0zebpov,3109d7ee-9545-4dec-aeb3-c80296c275f1,Outdoor Activities,Hiking and nature walks
68k8qmqbko,3109d7ee-9545-4dec-aeb3-c80296c275f1,Travel and Exploration,Cruise vacations and sailing adventures
54ccioqlae,3fafb65b-27ce-4d14-b3fb-09ef4a60362d,Outdoor Activities,Hiking and nature walks
doiyefjx2f,3fafb65b-27ce-4d14-b3fb-09ef4a60362d,Reading and Literature,Audio books and storytelling podcasts
vyvv1a845b,2903ab25-fa9b-4ed8-890a-535849ce5cb9,Health & Wellness,Nutrition planning meal prepping
t5n0ux3r5m,2903ab25-fa9b-4ed8-890a-535849ce5cb9,Travel and Exploration,Ecotourism and sustainable travel
zfyq02vw7h,2903ab25-fa9b-4ed8-890a-535849ce5cb9,Outdoor Activities,Hiking and nature walks
fggxdjo90v,0199ebd2-5287-4cec-9f95-e93b7305a7a4,Outdoor Activities,"Camping (tent camping, RV camping)"
1n04auzr24,0199ebd2-5287-4cec-9f95-e93b7305a7a4,Reading and Literature,"Poetry and poetic forms (haiku, sonnets, free verse)"
vih52drgmu,0199ebd2-5287-4cec-9f95-e93b7305a7a4,Outdoor Activities,Wilderness survival skills
f3w8v4thd8,54dc4f21-5f3c-4192-a4fb-933719df5a54,Health and Wellness,Holistic health practices (acupuncture herbalism)
mp47scg2bl,54dc4f21-5f3c-4192-a4fb-933719df5a54,Health and Wellness,Yoga retreats wellness tourism
nukr28llrz,044b5b1b-62da-4416-aafe-25ea04e084d8,Travel and Exploration,Cruise vacations and sailing adventures
sow2bz14oj,044b5b1b-62da-4416-aafe-25ea04e084d8,Reading and Literature,"Non-fiction (biographies, history, self-help, psychology)"
e8ansatajf,044b5b1b-62da-4416-aafe-25ea04e084d8,Health and Wellness,Holistic health practices (acupuncture herbalism)
pec487hkzu,722fa3c2-b613-43e8-a0db-ff0030cfba64,Travel and Exploration,Backpacking and adventure travel
ljb969d3sn,722fa3c2-b613-43e8-a0db-ff0030cfba64,Reading and Literature,Reading challenges and book clubs
y3kkj32brg,e353bc53-160e-4c68-89ab-e00b4b55d2dd,Health and Wellness,Yoga retreats wellness tourism
t0a7neap6v,e353bc53-160e-4c68-89ab-e00b4b55d2dd,Travel and Exploration,Cruise vacations and sailing adventures
552fwsoka6,68c1662e-af77-4e67-b4e4-10046ed54ac2,Travel and Exploration,Cruise vacations and sailing adventures
m0f7kyqnf6,68c1662e-af77-4e67-b4e4-10046ed54ac2,Reading and Literature,"Non-fiction (biographies, history, self-help, psychology)"
bsqyrb9eqz,68c1662e-af77-4e67-b4e4-10046ed54ac2,Health & Wellness,Nutrition planning meal prepping
xmz9fr0e4x,ec4078b8-efa7-4346-9b4d-109843a854e4,Reading and Literature,"Poetry and poetic forms (haiku, sonnets, free verse)"
vpfk8ij76r,31f96637-9136-4932-ab57-8bc686e7b327,Travel and Exploration,Road trips and exploring scenic routes
9xvvr4cjft,31f96637-9136-4932-ab57-8bc686e7b327,Outdoor Activities,"Camping (tent camping, RV camping)"
ecgnahj8x8,31f96637-9136-4932-ab57-8bc686e7b327,Health and Wellness,Yoga retreats wellness tourism
nzzolc8txc,736e4593-5806-4745-b109-9a65677529b6,Travel and Exploration,Ecotourism and sustainable travel
3bgacq93fr,419b52e9-86e1-46f1-8b10-de4127699b00,Outdoor Activities,Wilderness survival skills
j2p1hf6cmx,419b52e9-86e1-46f1-8b10-de4127699b00,Travel and Exploration,Road trips and exploring scenic routes
3zt54zfsvj,60a9a331-4869-41b3-860a-e5a9a0518f55,Travel and Exploration,Visiting new countries and cultures
c2hm0d401s,60a9a331-4869-41b3-860a-e5a9a0518f55,Travel and Exploration,Backpacking and adventure travel
qn08ifhl0o,f2853c94-35a5-411f-add6-238008ad0671,Travel and Exploration,Visiting new countries and cultures
2e9kfrvy4n,8858b229-f760-4d8a-9eb4-7ebe943d5a48,Travel and Exploration,Cruise vacations and sailing adventures
k2ybs0bzho,8858b229-f760-4d8a-9eb4-7ebe943d5a48,Travel and Exploration,Road trips and exploring scenic routes
3catlz36fl,9c725bba-b698-4cd0-82b0-e7380d9e7759,Health and Wellness,Practicing mindfulness meditation
g38vceweu1,1e312448-db61-4f83-8dd8-88ba89650197,Reading and Literature,Reading challenges and book clubs
lbenhdqlgf,b6dc69cf-ec03-4910-89aa-5230686eeee1,Health & Wellness,Nutrition planning meal prepping
0ih3rdu3dn,b6dc69cf-ec03-4910-89aa-5230686eeee1,Travel and Exploration,Urban exploration and historical tours
9u4cvoci6b,919194b4-960f-49e0-8e93-95b5683d9c0b,Health and Wellness,Yoga retreats wellness tourism
hie2s8f2fv,642e1fd5-523b-4ed1-8d60-05cb21eb580f,Reading and Literature,Literary analysis and book discussions
ko4qvb04c2,642e1fd5-523b-4ed1-8d60-05cb21eb580f,Outdoor Activities,Hiking and nature walks
s7zi8q2759,642e1fd5-523b-4ed1-8d60-05cb21eb580f,Health and Wellness,Yoga retreats wellness tourism
9uw9lhoyk4,dfe5303c-955a-431d-b964-7c134aac2c45,Travel and Exploration,Cruise vacations and sailing adventures
2hwr3uciy2,dfe5303c-955a-431d-b964-7c134aac2c45,Travel and Exploration,Road trips and exploring scenic routes
etf0bc89pq,dfe5303c-955a-431d-b964-7c134aac2c45,Outdoor Activities,Wilderness survival skills
mv24axd0zo,3bdb787b-d329-4051-a192-7c90efc4c677,Reading and Literature,Reading challenges and book clubs
v3k6vfvjni,3bdb787b-d329-4051-a192-7c90efc4c677,Travel and Exploration,Ecotourism and sustainable travel
bpv3if5vsu,133a007b-9784-4920-a5a9-9ea44cc1174d,Travel and Exploration,Visiting new countries and cultures
qhfu0h0oyl,133a007b-9784-4920-a5a9-9ea44cc1174d,Health and Wellness,Practicing mindfulness meditation
dk3mtmdie3,79d665d3-26ec-4608-8441-9c01986bc12f,Reading and Literature,"Fiction (novels, short stories, fantasy, science fiction)"
eu9o4drdc1,6c1b7af1-d7c8-480e-9e0d-7a7c4e37c62e,Travel and Exploration,Cruise vacations and sailing adventures
pimis86gvx,a91c7a41-981c-4ee3-ac0f-45a5e6740ed1,Outdoor Activities,Hiking and nature walks
fmvj6a7kf6,4cc3bbbd-d1b7-4fe2-9271-e5e4aaa76f55,Health & Wellness,Nutrition planning meal prepping
z8zzyjgfdx,55127d3c-0e51-4a93-aabc-6efe62d285d8,Travel and Exploration,Backpacking and adventure travel
vwgdyroakf,55127d3c-0e51-4a93-aabc-6efe62d285d8,Reading and Literature,"Fiction (novels, short stories, fantasy, science fiction)"
rps0ozlo8a,55127d3c-0e51-4a93-aabc-6efe62d285d8,Travel and Exploration,Ecotourism and sustainable travel
0k3yqpeprt,c8cff5a9-b882-4a19-8f8b-aadf5286496b,Travel and Exploration,Cruise vacations and sailing adventures
u55y7ysflj,c8cff5a9-b882-4a19-8f8b-aadf5286496b,Health and Wellness,Practicing mindfulness meditation
k1ap8drk23,c8cff5a9-b882-4a19-8f8b-aadf5286496b,Health and Wellness,Fitness obstacle course races
awvfmrdfx4,459b9fd1-dcf6-4b2b-a342-f1da407eaf7a,Outdoor Activities,Hiking and nature walks
yl5op3iu64,459b9fd1-dcf6-4b2b-a342-f1da407eaf7a,Reading and Literature,Reading challenges and book clubs
lkujhh2iwt,f2efb22a-0ef8-4da1-bebb-dfccca4ea79d,Travel and Exploration,Road trips and exploring scenic routes
iwa088unh8,017aecc1-ec5b-44dc-a629-b78f64de6e68,Outdoor Activities,Hiking and nature walks
30t22t2h0a,100f52f6-a875-492e-9000-520fd0bbc2b5,Health and Wellness,Yoga retreats wellness tourism
2dfzgqcpfy,100f52f6-a875-492e-9000-520fd0bbc2b5,Outdoor Activities,"Camping (tent camping, RV camping)"
y0j4rnhznn,ad161f13-5ed0-4186-b156-f79d0fb68d9d,Travel and Exploration,Road trips and exploring scenic routes
q12c9nyrme,a520edfa-365f-4585-b36f-833d96fdc345,Reading and Literature,Reading challenges and book clubs
6sea9hauw6,fae9a331-1996-4654-a254-33b24245f93c,Outdoor Activities,"Camping (tent camping, RV camping)"
ma0u6q2zo3,74bcb8f5-9631-48f6-9837-e94b83c90594,Outdoor Activities,"Camping (tent camping, RV camping)"
zfd61k6clk,7c1ebb0e-d020-4d85-af43-df1016ef525a,Travel and Exploration,Ecotourism and sustainable travel
6274vpkt6s,fa8d9ea3-f1fe-437b-8592-ea7c61931a9b,Health and Wellness,Yoga retreats wellness tourism
4zegw4mvkw,fa8d9ea3-f1fe-437b-8592-ea7c61931a9b,Health and Wellness,Holistic health practices (acupuncture herbalism)
oqz5hp6ug4,17e68de2-4b56-48b1-beea-5f003762fb5c,Health and Wellness,Yoga retreats wellness tourism
wkrt53j643,93a0a9ef-70d6-43b8-bd43-15d1e06ab8ae,Health & Wellness,Nutrition planning meal prepping
9x3me7roo8,93a0a9ef-70d6-43b8-bd43-15d1e06ab8ae,Reading and Literature,Audio books and storytelling podcasts
po0gdbsh7t,7e9af4a6-f30b-4bd6-ae2d-27db3b567488,Reading and Literature,"Poetry and poetic forms (haiku, sonnets, free verse)"
l63h43zfjb,f90667aa-0466-4777-ace5-28970ae29ab0,Reading and Literature,Literary analysis and book discussions
dan37sgb2r,f90667aa-0466-4777-ace5-28970ae29ab0,Health & Wellness,Nutrition planning meal prepping
v2j3met71u,f90667aa-0466-4777-ace5-28970ae29ab0,Health and Wellness,Practicing mindfulness meditation
whrr15zpax,d527f42c-6f5a-48fd-b4a5-61a4d5da2471,Outdoor Activities,Hiking and nature walks
8bsz45u0yo,d527f42c-6f5a-48fd-b4a5-61a4d5da2471,Travel and Exploration,Ecotourism and sustainable travel
dcodkuojci,d527f42c-6f5a-48fd-b4a5-61a4d5da2471,Health and Wellness,Fitness obstacle course races
nix35oi3mw,4a973682-6e26-4072-b73d-68ea551d2080,Reading and Literature,Audio books and storytelling podcasts
xkqdrgi6kr,4a973682-6e26-4072-b73d-68ea551d2080,Health & Wellness,Nutrition planning meal prepping
zmyiuflm0v,4a973682-6e26-4072-b73d-68ea551d2080,Travel and Exploration,Road trips and exploring scenic routes
urkp0ks8ic,16c300e7-5b18-4759-b3a6-e9cd6fc6c7ed,Health and Wellness,Fitness obstacle course races
ovwheofbdu,16c300e7-5b18-4759-b3a6-e9cd6fc6c7ed,Travel and Exploration,Visiting new countries and cultures
906638a20y,16c300e7-5b18-4759-b3a6-e9cd6fc6c7ed,Travel and Exploration,Road trips and exploring scenic routes
sfs4cs5z2d,266216c5-3a7d-4704-ad8f-9f27bc051a59,Outdoor Activities,Hiking and nature walks
ayihfcqrsb,266216c5-3a7d-4704-ad8f-9f27bc051a59,Health and Wellness,Fitness obstacle course races
m9zu5ypjjw,3c6d6df4-fd43-41f7-a2c1-ce517a65cb3b,Reading and Literature,"Fiction (novels, short stories, fantasy, science fiction)"
m8zze55eq4,3c6d6df4-fd43-41f7-a2c1-ce517a65cb3b,Travel and Exploration,Backpacking and adventure travel
7p15scoda8,dcd95f89-989c-49ec-9084-d2e31d213f38,Health and Wellness,Practicing mindfulness meditation
gt6w49f24z,db55f288-8523-45a2-be49-654f7abf1358,Reading and Literature,"Non-fiction (biographies, history, self-help, psychology)"
z2gxwfq9g9,db55f288-8523-45a2-be49-654f7abf1358,Health and Wellness,Fitness obstacle course races
st8jwzm4cv,db55f288-8523-45a2-be49-654f7abf1358,Health and Wellness,Yoga retreats wellness tourism
4aajyq9s86,f067eb17-1a91-489f-a87a-7faf4c015b28,Travel and Exploration,Visiting new countries and cultures
445zqy6d1s,f067eb17-1a91-489f-a87a-7faf4c015b28,Travel and Exploration,Backpacking and adventure travel
sg5nfkroko,fe91fbf5-5af3-402b-a36d-1b3c6ded1ab8,Reading and Literature,"Poetry and poetic forms (haiku, sonnets, free verse)"
ib2ta7yy5c,404a7dd6-ab7e-413e-8828-be5956935ea0,Health & Wellness,Nutrition planning meal prepping
ddnacrmp5n,fdb1a245-2915-41f2-937f-ed8cf093c359,Travel and Exploration,Road trips and exploring scenic routes
lp3m9uszim,fdb1a245-2915-41f2-937f-ed8cf093c359,Reading and Literature,"Poetry and poetic forms (haiku, sonnets, free verse)"
vz73qn0mno,89588a8a-0afe-43b2-ae7b-861a7e99fff1,Health and Wellness,Fitness obstacle course races
48qega697s,89588a8a-0afe-43b2-ae7b-861a7e99fff1,Health and Wellness,Holistic health practices (acupuncture herbalism)
5lmj7zsswq,89588a8a-0afe-43b2-ae7b-861a7e99fff1,Reading and Literature,"Fiction (novels, short stories, fantasy, science fiction)"
e5jhfpqqhk,3af8f95e-ad1c-48a3-ae06-29c7e56ed572,Outdoor Activities,Wilderness survival skills
lokla93zkb,139e3c4b-7159-4d2f-9249-cc6462fdef03,Outdoor Activities,Wilderness survival skills
f7yeg30ztq,139e3c4b-7159-4d2f-9249-cc6462fdef03,Reading and Literature,"Non-fiction (biographies, history, self-help, psychology)"
kr8afx6j36,139e3c4b-7159-4d2f-9249-cc6462fdef03,Travel and Exploration,Ecotourism and sustainable travel
7zkciikclw,a0ff68a0-8779-4009-b8a0-30c95cc1b347,Travel and Exploration,Ecotourism and sustainable travel
fc2b4byvil,a0ff68a0-8779-4009-b8a0-30c95cc1b347,Travel and Exploration,Road trips and exploring scenic routes
3efu1iikbx,a0ff68a0-8779-4009-b8a0-30c95cc1b347,Reading and Literature,"Non-fiction (biographies, history, self-help, psychology)"
jqczmbtqzh,9b8588d7-4185-4a9c-82db-7ffe59cf08f8,Travel and Exploration,Urban exploration and historical tours
zu79pcqb0n,9b8588d7-4185-4a9c-82db-7ffe59cf08f8,Outdoor Activities,Wilderness survival skills
ld6hg008gl,9b8588d7-4185-4a9c-82db-7ffe59cf08f8,Health and Wellness,Yoga retreats wellness tourism
dfxsc96zoq,0178e78b-ca2b-4c1d-8478-c54d654da361,Reading and Literature,Reading challenges and book clubs
lj7gke3chd,c6a00161-86b7-44f6-b088-57742be3b16a,Health and Wellness,Fitness obstacle course races
ut2hc9ue3y,c6a00161-86b7-44f6-b088-57742be3b16a,Outdoor Activities,Hiking and nature walks
infs0xr2cd,c6a00161-86b7-44f6-b088-57742be3b16a,Reading and Literature,"Fiction (novels, short stories, fantasy, science fiction)"
1z9n6et4hb,89a337cc-0cc7-4e98-86f8-93110c411e9f,Outdoor Activities,"Camping (tent camping, RV camping)"
c7beqjub5i,fb2f20ed-7071-4d38-a52b-bffb7517e382,Reading and Literature,"Fiction (novels, short stories, fantasy, science fiction)"
v5aes7svpl,fb2f20ed-7071-4d38-a52b-bffb7517e382,Health and Wellness,Practicing mindfulness meditation
r9aspa1uiu,fb2f20ed-7071-4d38-a52b-bffb7517e382,Reading and Literature,Audio books and storytelling podcasts
x5n3ji9uv2,42b9a85e-17a1-480a-9821-6ab8f0d9ee99,Travel and Exploration,Cruise vacations and sailing adventures
4ra30oc0tm,c6e12252-fd03-417e-8d02-77a7a3795b99,Outdoor Activities,Hiking and nature walks
x2x27c4uj0,c6e12252-fd03-417e-8d02-77a7a3795b99,Health and Wellness,Fitness obstacle course races
jhs2hubydz,c6e12252-fd03-417e-8d02-77a7a3795b99,Reading and Literature,"Poetry and poetic forms (haiku, sonnets, free verse)"
jro4dbfo0n,51536b25-5a6d-4c09-8cba-3f6b43c4c9aa,Travel and Exploration,Ecotourism and sustainable travel
n87yuatt1i,51536b25-5a6d-4c09-8cba-3f6b43c4c9aa,Travel and Exploration,Backpacking and adventure travel
xr8ju82dtr,d0f5136a-0f40-414b-99a7-5f11b9abeb49,Reading and Literature,Literary analysis and book discussions
sytwttjw5d,d0f5136a-0f40-414b-99a7-5f11b9abeb49,Reading and Literature,"Poetry and poetic forms (haiku, sonnets, free verse)"
sspf81xib4,d0f5136a-0f40-414b-99a7-5f11b9abeb49,Travel and Exploration,Backpacking and adventure travel
fmyu87eucb,8194e0d0-2d32-4c4f-8e51-b660c5102687,Travel and Exploration,Backpacking and adventure travel
0dcv98uif5,8194e0d0-2d32-4c4f-8e51-b660c5102687,Outdoor Activities,Wilderness survival skills
b77xm2cujf,8194e0d0-2d32-4c4f-8e51-b660c5102687,Reading and Literature,"Poetry and poetic forms (haiku, sonnets, free verse)"
zspkkeozmv,d62f7d16-ee96-4751-b7d1-7a737f6d09d9,Travel and Exploration,Cruise vacations and sailing adventures
3rscbz2qd8,c2929836-84e2-4733-8c65-1035d01c588a,Reading and Literature,Audio books and storytelling podcasts
x8ybd995oo,79d0c8a5-cccb-4e2b-9b7f-5c1754b5a664,Health and Wellness,Holistic health practices (acupuncture herbalism)
zxe8jith7h,79d0c8a5-cccb-4e2b-9b7f-5c1754b5a664,Reading and Literature,"Non-fiction (biographies, history, self-help, psychology)"
ji31drzaxg,79d0c8a5-cccb-4e2b-9b7f-5c1754b5a664,Health & Wellness,Nutrition planning meal prepping
zz2qa24269,ef5e4699-7dcb-479e-8c2d-2de5d8cfecb5,Health and Wellness,Fitness obstacle course races
7ak6x3pki7,ef5e4699-7dcb-479e-8c2d-2de5d8cfecb5,Travel and Exploration,Visiting new countries and cultures
z4h9fkrfry,23c106b5-143d-4c2c-ba9c-bb4614f0e31b,Reading and Literature,Audio books and storytelling podcasts
2dnt9r01rz,23c106b5-143d-4c2c-ba9c-bb4614f0e31b,Outdoor Activities,Wilderness survival skills
ks7pmjk4jb,65b35da8-73c2-4302-8314-96621401ae8a,Travel and Exploration,Visiting new countries and cultures
rkv6x4gn8x,d11e0602-7e6f-4cf5-975d-1c6a4fba3bb7,Outdoor Activities,Wilderness survival skills
05xaa05urw,d11e0602-7e6f-4cf5-975d-1c6a4fba3bb7,Reading and Literature,"Non-fiction (biographies, history, self-help, psychology)"
m0hz8kx7j8,1c37ae67-dc31-48cc-aac8-3a3d85bf0468,Outdoor Activities,Wilderness survival skills
ihdc4wnpgy,1c37ae67-dc31-48cc-aac8-3a3d85bf0468,Travel and Exploration,Urban exploration and historical tours
0h27o7b8xi,1c37ae67-dc31-48cc-aac8-3a3d85bf0468,Reading and Literature,Reading challenges and book clubs
p0oufhygzf,024e3509-a54b-49b7-a351-3dc54163aa52,Reading and Literature,"Fiction (novels, short stories, fantasy, science fiction)"
ddsrawbc0g,e215ac32-7add-4115-a8c9-b9f6d5a3abf3,Health and Wellness,Holistic health practices (acupuncture herbalism)
ng8lc4wtux,e215ac32-7add-4115-a8c9-b9f6d5a3abf3,Travel and Exploration,Visiting new countries and cultures
899zgd97kf,e215ac32-7add-4115-a8c9-b9f6d5a3abf3,Travel and Exploration,Urban exploration and historical tours
jis94ul345,36d04ab3-8dc9-4d20-ae6a-52e060614395,Reading and Literature,Reading challenges and book clubs
25gj1udcig,f7cc4e1d-4b37-468d-aebe-e96507630ecb,Reading and Literature,Audio books and storytelling podcasts
u1tnicdms8,b19f26a9-522a-401f-b7ed-bdfe89d05eaf,Reading and Literature,"Fiction (novels, short stories, fantasy, science fiction)"
ajag2pwlx4,1c5b3091-2d0b-4727-82c4-c8020eb48431,Health and Wellness,Holistic health practices (acupuncture herbalism)
k9s7wzit50,04765b66-2a12-4483-961c-b68158b78604,Reading and Literature,Audio books and storytelling podcasts
oglxihibpu,04765b66-2a12-4483-961c-b68158b78604,Reading and Literature,"Poetry and poetic forms (haiku, sonnets, free verse)"
yjch9raa1y,5fb259d8-e6d5-4936-9b98-980021c0cc83,Reading and Literature,Reading challenges and book clubs
xk4o01kqcf,5fb259d8-e6d5-4936-9b98-980021c0cc83,Travel and Exploration,Urban exploration and historical tours
abvfu66yl2,5fb259d8-e6d5-4936-9b98-980021c0cc83,Health and Wellness,Fitness obstacle course races
id72lx3feh,84b17d6e-3bea-4497-9dda-7c3215689184,Travel and Exploration,Cruise vacations and sailing adventures
6bpwlxcl2l,84b17d6e-3bea-4497-9dda-7c3215689184,Health and Wellness,Yoga retreats wellness tourism
e4rlnirx2k,84b17d6e-3bea-4497-9dda-7c3215689184,Reading and Literature,Reading challenges and book clubs
sr5tf98hpm,b2ecdfe3-1f09-4f3a-b955-14b55dfa26ea,Travel and Exploration,Cruise vacations and sailing adventures
wiv4wvg39z,b2ecdfe3-1f09-4f3a-b955-14b55dfa26ea,Outdoor Activities,"Camping (tent camping, RV camping)"
dco32cr0qq,b2ecdfe3-1f09-4f3a-b955-14b55dfa26ea,Travel and Exploration,Backpacking and adventure travel
ze2ym4v24r,3a7bea4b-7c3e-4439-904f-0aaf4ed1162f,Health and Wellness,Yoga retreats wellness tourism
1txlnbkoj8,d9582a46-e3c4-4339-9187-2f2e6b015e7b,Travel and Exploration,Backpacking and adventure travel
ivc3n9tco4,d9582a46-e3c4-4339-9187-2f2e6b015e7b,Travel and Exploration,Visiting new countries and cultures
uhb4trzqyu,fad2e532-2541-452e-b5f1-83c43ccad175,Health and Wellness,Fitness obstacle course races
067vebiw8a,fad2e532-2541-452e-b5f1-83c43ccad175,Health and Wellness,Practicing mindfulness meditation
t8fhwe3jya,fad2e532-2541-452e-b5f1-83c43ccad175,Reading and Literature,Reading challenges and book clubs
4bhb5eaivr,5528077d-766a-4f76-b93c-1c1026d0aad5,Reading and Literature,Audio books and storytelling podcasts
xsrxalqjgt,5528077d-766a-4f76-b93c-1c1026d0aad5,Outdoor Activities,Hiking and nature walks
f9nqoy79k5,eb2666a9-6419-45a4-9797-2ff4b1cf3ccf,Reading and Literature,Audio books and storytelling podcasts
l2qwgitsmx,4e2a50dd-c749-43be-b1a4-975c0338074d,Travel and Exploration,Cruise vacations and sailing adventures
w9i2gz23zq,4e2a50dd-c749-43be-b1a4-975c0338074d,Health & Wellness,Nutrition planning meal prepping
xj55jdbi5o,4e2a50dd-c749-43be-b1a4-975c0338074d,Health and Wellness,Fitness obstacle course races
qz71bhcltf,dbc40c9f-147f-4b69-9811-a550fa141b9c,Travel and Exploration,Cruise vacations and sailing adventures
bizvgvg9io,dbc40c9f-147f-4b69-9811-a550fa141b9c,Travel and Exploration,Visiting new countries and cultures
9grldbuiob,9e133745-17ed-4482-86d7-215c1818413a,Reading and Literature,Literary analysis and book discussions
gumzq8vrc2,96238e52-c177-4aab-9c6e-d1ca3c9afd54,Reading and Literature,Audio books and storytelling podcasts
7aiw9fw0f5,96238e52-c177-4aab-9c6e-d1ca3c9afd54,Reading and Literature,Literary analysis and book discussions
qnzqod9rt1,b6c609a5-e107-43fe-ab6a-f1a0d922d3b8,Outdoor Activities,Wilderness survival skills
l8a8ax9xtw,b6c609a5-e107-43fe-ab6a-f1a0d922d3b8,Travel and Exploration,Cruise vacations and sailing adventures
lniza84jsp,b6c609a5-e107-43fe-ab6a-f1a0d922d3b8,Health and Wellness,Fitness obstacle course races
tjiaei9k5p,c58bfeed-2f46-419f-865e-7fbf8d44525a,Outdoor Activities,Wilderness survival skills
pgdpfrrjoc,c58bfeed-2f46-419f-865e-7fbf8d44525a,Outdoor Activities,"Camping (tent camping, RV camping)"
d4uz5wr9og,c58bfeed-2f46-419f-865e-7fbf8d44525a,Health & Wellness,Nutrition planning meal prepping
thufr20r0s,d5197492-3441-4323-a0bc-109529538345,Travel and Exploration,Urban exploration and historical tours
5fto6cn5tt,a77c6909-50e7-4309-bfd6-103f5b5e7fd0,Travel and Exploration,Ecotourism and sustainable travel
bu1y9q5aph,e87707f4-b803-4227-937f-ee62350fc8d0,Health and Wellness,Yoga retreats wellness tourism
rdx55rdnng,65d3d040-2a09-4e55-907d-f4e05106e7ac,Outdoor Activities,Wilderness survival skills
8jhzqyxija,65d3d040-2a09-4e55-907d-f4e05106e7ac,Travel and Exploration,Ecotourism and sustainable travel
i61p5t5k2c,ce6b1187-f07d-4be6-8974-5f2f07292b6a,Travel and Exploration,Cruise vacations and sailing adventures
l7dbi26xwm,ce6b1187-f07d-4be6-8974-5f2f07292b6a,Travel and Exploration,Urban exploration and historical tours
r5ewbtol7s,1457ac4a-c875-4110-8f6d-fc0f14d78473,Travel and Exploration,Cruise vacations and sailing adventures
ocjm31sexl,1457ac4a-c875-4110-8f6d-fc0f14d78473,Reading and Literature,Reading challenges and book clubs
mbacrs47pe,78e7527f-d85a-4433-87e1-59448d3f1c44,Travel and Exploration,Cruise vacations and sailing adventures
q15wfjt7x4,99ee2f43-f622-439c-b3a9-b17c87832c15,Health and Wellness,Fitness obstacle course races
s5xgprbn3c,99ee2f43-f622-439c-b3a9-b17c87832c15,Travel and Exploration,Backpacking and adventure travel
o4mt1vhmvi,99ee2f43-f622-439c-b3a9-b17c87832c15,Outdoor Activities,"Camping (tent camping, RV camping)"
3p9u5qcylt,67dbf18a-fc63-46b2-853c-8ef32f603305,Health and Wellness,Practicing mindfulness meditation
eeuqbf3tlb,67dbf18a-fc63-46b2-853c-8ef32f603305,Travel and Exploration,Ecotourism and sustainable travel
uwv1xeya9w,67dbf18a-fc63-46b2-853c-8ef32f603305,Reading and Literature,"Non-fiction (biographies, history, self-help, psychology)"
rf2qqw8dxe,d89e5cae-9e68-4e8b-b7f9-a41f5c4b9531,Outdoor Activities,"Camping (tent camping, RV camping)"
i94vvjc353,d89e5cae-9e68-4e8b-b7f9-a41f5c4b9531,Health and Wellness,Practicing mindfulness meditation
rjphhrfafz,6f564ada-3438-4c9a-a0f1-d5cff4a880eb,Travel and Exploration,Road trips and exploring scenic routes
ivk5kpgt5x,6f564ada-3438-4c9a-a0f1-d5cff4a880eb,Reading and Literature,Audio books and storytelling podcasts
uyvla9gfnm,72f246cf-48f3-4013-aeb2-e3636ccebf6a,Reading and Literature,Reading challenges and book clubs
jt1z0rdpso,72f246cf-48f3-4013-aeb2-e3636ccebf6a,Reading and Literature,Literary analysis and book discussions
9zhv778ntd,72f246cf-48f3-4013-aeb2-e3636ccebf6a,Travel and Exploration,Cruise vacations and sailing adventures
djvpc88ijj,13114049-e5f1-403b-b8f8-dae36995f861,Health & Wellness,Nutrition planning meal prepping
vj3f7g87mn,13114049-e5f1-403b-b8f8-dae36995f861,Outdoor Activities,Hiking and nature walks
dvmd037q4g,13114049-e5f1-403b-b8f8-dae36995f861,Reading and Literature,Reading challenges and book clubs
j2spkgk59d,ee9b6c05-9376-4f00-8ab2-ac02b89a65fe,Travel and Exploration,Urban exploration and historical tours
37n44l9jgs,ee9b6c05-9376-4f00-8ab2-ac02b89a65fe,Outdoor Activities,Wilderness survival skills
ulyymcb5ho,e32aa34e-f7c7-4f72-9d7f-85421b5c8614,Health and Wellness,Holistic health practices (acupuncture herbalism)
myv287ek28,e32aa34e-f7c7-4f72-9d7f-85421b5c8614,Travel and Exploration,Ecotourism and sustainable travel
6kdppz3tvt,3f5892cd-4111-48f4-a8e3-fe4439168819,Health and Wellness,Fitness obstacle course races
1gbpvmzrxo,3f5892cd-4111-48f4-a8e3-fe4439168819,Reading and Literature,"Fiction (novels, short stories, fantasy, science fiction)"
1wdoz7bs2h,3f5892cd-4111-48f4-a8e3-fe4439168819,Travel and Exploration,Cruise vacations and sailing adventures
4nu6zlevq2,932be56f-c6d8-4d25-ab52-cb1b1900fc55,Outdoor Activities,"Camping (tent camping, RV camping)"
cug0x3lp8l,a1782b4f-cc13-4728-8271-b82e444c4c5f,Reading and Literature,"Fiction (novels, short stories, fantasy, science fiction)"
c4s4rfoc2a,a1782b4f-cc13-4728-8271-b82e444c4c5f,Health and Wellness,Fitness obstacle course races
5jxjq22374,d8ae0379-4d80-45dd-ab48-24821b0a24ec,Reading and Literature,"Fiction (novels, short stories, fantasy, science fiction)"
vxbh24jh24,d8ae0379-4d80-45dd-ab48-24821b0a24ec,Outdoor Activities,Hiking and nature walks
tvf29lxyao,d8ae0379-4d80-45dd-ab48-24821b0a24ec,Health and Wellness,Fitness obstacle course races
oz0cqmh3bu,0c1def4f-0e4a-4e55-9f28-1d92864f3588,Travel and Exploration,Ecotourism and sustainable travel
g9j9d95db2,0c1def4f-0e4a-4e55-9f28-1d92864f3588,Health and Wellness,Fitness obstacle course races
8tytrkx93t,0c1def4f-0e4a-4e55-9f28-1d92864f3588,Reading and Literature,"Fiction (novels, short stories, fantasy, science fiction)"
a9pwc41j6a,baa33748-f12a-4ef6-979c-9b18902b1c1d,Health & Wellness,Nutrition planning meal prepping
x4e9jxco77,baa33748-f12a-4ef6-979c-9b18902b1c1d,Reading and Literature,Audio books and storytelling podcasts
5xbymdzmjl,baa33748-f12a-4ef6-979c-9b18902b1c1d,Travel and Exploration,Visiting new countries and cultures
7sbjh5fbms,ba6b6ac4-c270-4f11-8f1e-68656367701d,Health and Wellness,Holistic health practices (acupuncture herbalism)
vkcuv4wiyk,ba6b6ac4-c270-4f11-8f1e-68656367701d,Reading and Literature,"Fiction (novels, short stories, fantasy, science fiction)"
y1123x2hxf,ba6b6ac4-c270-4f11-8f1e-68656367701d,Health & Wellness,Nutrition planning meal prepping
vi4gijorat,483a6387-82b4-4b77-aa75-752c4c61aea0,Reading and Literature,Audio books and storytelling podcasts
j3o0nums7l,e1cdeef0-92de-4616-958d-d59eb5a2e1c1,Travel and Exploration,Road trips and exploring scenic routes
08jab70db9,e1cdeef0-92de-4616-958d-d59eb5a2e1c1,Travel and Exploration,Ecotourism and sustainable travel
gdply2tg9i,e1cdeef0-92de-4616-958d-d59eb5a2e1c1,Reading and Literature,Reading challenges and book clubs
uru2gdcuds,93f1f1e0-f9a9-4155-9d64-282dbc9fef15,Travel and Exploration,Urban exploration and historical tours
6p172ttupc,93f1f1e0-f9a9-4155-9d64-282dbc9fef15,Reading and Literature,Literary analysis and book discussions
3bn8yh7rde,0611d350-4243-461b-ae77-857e2cf5e39e,Health and Wellness,Holistic health practices (acupuncture herbalism)
710073gx8q,13045a5e-2fd3-4785-ac1b-5461a6dbe715,Travel and Exploration,Visiting new countries and cultures
coevqct9sh,13045a5e-2fd3-4785-ac1b-5461a6dbe715,Reading and Literature,"Fiction (novels, short stories, fantasy, science fiction)"
g6n1dk9xa7,13045a5e-2fd3-4785-ac1b-5461a6dbe715,Reading and Literature,Literary analysis and book discussions
chfags6mhv,31888ce7-dde8-42e4-8b93-687a749b5efe,Travel and Exploration,Visiting new countries and cultures
xetikh4ewg,f7625cd9-200b-4ef5-85ee-6326b9502d5a,Outdoor Activities,"Camping (tent camping, RV camping)"
t4bzo5odc5,f7625cd9-200b-4ef5-85ee-6326b9502d5a,Reading and Literature,Literary analysis and book discussions
ux9juvv89z,193a439d-4798-4148-98ae-79346f779a98,Travel and Exploration,Ecotourism and sustainable travel
pzir0all7k,193a439d-4798-4148-98ae-79346f779a98,Outdoor Activities,Wilderness survival skills
hvzcl0g58u,193a439d-4798-4148-98ae-79346f779a98,Travel and Exploration,Road trips and exploring scenic routes
vhhg21d9pp,f0eefcdd-0350-4561-af7e-3a383f23ccdf,Travel and Exploration,Road trips and exploring scenic routes
3wjdnkq46x,f0eefcdd-0350-4561-af7e-3a383f23ccdf,Travel and Exploration,Cruise vacations and sailing adventures
la8pikq1hl,907689da-f0c0-4781-bb20-f958f730d4fe,Outdoor Activities,Wilderness survival skills
rpvmtnhg0y,907689da-f0c0-4781-bb20-f958f730d4fe,Travel and Exploration,Backpacking and adventure travel
htbuwnjizg,907689da-f0c0-4781-bb20-f958f730d4fe,Reading and Literature,"Non-fiction (biographies, history, self-help, psychology)"
q1sabtyeif,f0a30a5c-f646-4e88-a53f-58d0087f105c,Health and Wellness,Holistic health practices (acupuncture herbalism)
12ebn5ucp0,f0a30a5c-f646-4e88-a53f-58d0087f105c,Travel and Exploration,Backpacking and adventure travel
1zpyhj1428,f0a30a5c-f646-4e88-a53f-58d0087f105c,Reading and Literature,Reading challenges and book clubs
dodbjeeexu,00d3e7b9-a9c2-4fd5-b3bb-1440c6f2cbe9,Health and Wellness,Fitness obstacle course races
rvr9t0ehmx,00d3e7b9-a9c2-4fd5-b3bb-1440c6f2cbe9,Outdoor Activities,Wilderness survival skills
bv00uwnzmd,00d3e7b9-a9c2-4fd5-b3bb-1440c6f2cbe9,Travel and Exploration,Backpacking and adventure travel
cfhev9ktrq,808e685e-b337-49ea-ba06-fc4960515bc3,Health and Wellness,Fitness obstacle course races
r2scclfvr6,808e685e-b337-49ea-ba06-fc4960515bc3,Reading and Literature,Literary analysis and book discussions
x2afbiiqk0,808e685e-b337-49ea-ba06-fc4960515bc3,Reading and Literature,"Poetry and poetic forms (haiku, sonnets, free verse)"
kfvpn0o25w,f2b8a4e7-6ae4-40ea-a9e1-274a328de346,Travel and Exploration,Visiting new countries and cultures
fka8s4f30l,f2b8a4e7-6ae4-40ea-a9e1-274a328de346,Travel and Exploration,Backpacking and adventure travel
5fvj18luce,f2b8a4e7-6ae4-40ea-a9e1-274a328de346,Outdoor Activities,Wilderness survival skills
eolek9c4ot,8750c819-345b-48a2-a2c3-93afd17269eb,Travel and Exploration,Visiting new countries and cultures
1994cit9oq,384bd388-fae4-4a4e-9081-6e97165d7390,Outdoor Activities,Hiking and nature walks
wiopvksqji,384bd388-fae4-4a4e-9081-6e97165d7390,Outdoor Activities,"Camping (tent camping, RV camping)"
ry6bfmypgq,384bd388-fae4-4a4e-9081-6e97165d7390,Travel and Exploration,Visiting new countries and cultures
au7bwy851u,20252f79-aa6b-44b3-98c8-20cc1086b41a,Reading and Literature,"Non-fiction (biographies, history, self-help, psychology)"
w6wb4xhju0,20252f79-aa6b-44b3-98c8-20cc1086b41a,Health and Wellness,Practicing mindfulness meditation
v496nepzl3,20252f79-aa6b-44b3-98c8-20cc1086b41a,Health and Wellness,Holistic health practices (acupuncture herbalism)
zibl3cjhnq,ab21b441-6a1f-4c12-b96c-1601d6774fc2,Outdoor Activities,"Camping (tent camping, RV camping)"
l1amqo7k7m,71a195b8-952b-4668-aec2-b25046f88a55,Travel and Exploration,Cruise vacations and sailing adventures
meqylmnb40,de5b0fee-1a2b-402a-8568-807708453d22,Health & Wellness,Nutrition planning meal prepping
x3y55ya1vs,6f787969-9846-4090-85e3-9951c3ae4e34,Reading and Literature,Literary analysis and book discussions
qkahgss75g,cdb93205-62e7-434d-baba-fda00c7680e6,Reading and Literature,"Fiction (novels, short stories, fantasy, science fiction)"
afwof8lr11,f06a84ef-14a5-498b-8981-64c372698332,Health and Wellness,Fitness obstacle course races
4zsarv5pf4,4c799dee-08d3-4761-ae9b-847aa7b643aa,Health and Wellness,Fitness obstacle course races
jutre3p2vz,4c799dee-08d3-4761-ae9b-847aa7b643aa,Health and Wellness,Yoga retreats wellness tourism
yjj64ctgv9,4c799dee-08d3-4761-ae9b-847aa7b643aa,Travel and Exploration,Urban exploration and historical tours
ydms2sg8fp,2bb53d30-e2a2-435d-863e-f58dcb8f72af,Reading and Literature,Literary analysis and book discussions
l1n809f4d1,2bb53d30-e2a2-435d-863e-f58dcb8f72af,Health and Wellness,Practicing mindfulness meditation
qq0376r456,2bb53d30-e2a2-435d-863e-f58dcb8f72af,Reading and Literature,Reading challenges and book clubs
pqnmkfdzft,da889cb8-2fc0-46c5-823a-041505807704,Travel and Exploration,Backpacking and adventure travel
oilg1aq6sj,da889cb8-2fc0-46c5-823a-041505807704,Travel and Exploration,Road trips and exploring scenic routes
1vbbvdd4vs,214b2e5b-3cbb-48ce-bcdf-cc3e556ae671,Health and Wellness,Practicing mindfulness meditation
ruc3ldhyvh,214b2e5b-3cbb-48ce-bcdf-cc3e556ae671,Health and Wellness,Yoga retreats wellness tourism
rteraca5om,214b2e5b-3cbb-48ce-bcdf-cc3e556ae671,Reading and Literature,Audio books and storytelling podcasts
7c3ztx160r,d22e37f4-f7e6-4fdb-94a4-43662f53b188,Outdoor Activities,Hiking and nature walks
uv0rbspij5,d22e37f4-f7e6-4fdb-94a4-43662f53b188,Travel and Exploration,Ecotourism and sustainable travel
5s9zfb3qoa,d22e37f4-f7e6-4fdb-94a4-43662f53b188,Health and Wellness,Yoga retreats wellness tourism
c45bojk8bu,aa46c674-fba6-4176-b387-6cd603b91d8b,Outdoor Activities,Hiking and nature walks
4epuvbjpig,b9b3cd17-1a6a-4cff-ba28-63cc8abeb791,Travel and Exploration,Ecotourism and sustainable travel
y0ot2yc2u7,12b56280-ef2d-4753-807c-a9f958c77a2a,Travel and Exploration,Road trips and exploring scenic routes
jtsv33o0iw,12b56280-ef2d-4753-807c-a9f958c77a2a,Reading and Literature,"Non-fiction (biographies, history, self-help, psychology)"
b3xxqmd2h9,12b56280-ef2d-4753-807c-a9f958c77a2a,Reading and Literature,Reading challenges and book clubs
ebvs2imu67,3a9e2de6-fde8-4940-8ea5-adfe7377ac87,Health & Wellness,Nutrition planning meal prepping
49ysbtefp6,3a9e2de6-fde8-4940-8ea5-adfe7377ac87,Outdoor Activities,"Camping (tent camping, RV camping)"
8ra7vvmiw5,4e38e20a-7e84-41b3-b0f3-aefff477f3d6,Health and Wellness,Fitness obstacle course races
8gnrhaupnh,fd5d4e43-68a0-44ca-8e29-db2f47bed9dc,Reading and Literature,"Fiction (novels, short stories, fantasy, science fiction)"
tkdhosu1sa,fd5d4e43-68a0-44ca-8e29-db2f47bed9dc,Travel and Exploration,Cruise vacations and sailing adventures
ilwbbermuu,fd5d4e43-68a0-44ca-8e29-db2f47bed9dc,Outdoor Activities,Wilderness survival skills
v9qymv59mu,ef914cbb-52d6-43b3-aa9f-b6e772b62903,Health and Wellness,Holistic health practices (acupuncture herbalism)
c6r72mdhkb,ef914cbb-52d6-43b3-aa9f-b6e772b62903,Reading and Literature,Literary analysis and book discussions
o8czmmce8t,ef914cbb-52d6-43b3-aa9f-b6e772b62903,Outdoor Activities,"Camping (tent camping, RV camping)"
70dku6g9n5,431c5776-506e-41cd-b6e9-fe6d6ea0796c,Health and Wellness,Practicing mindfulness meditation
8odyh5q6hn,431c5776-506e-41cd-b6e9-fe6d6ea0796c,Travel and Exploration,Cruise vacations and sailing adventures
8y1v99lmfe,e358257b-4c64-4189-978a-867e6df10a9b,Travel and Exploration,Backpacking and adventure travel
q1o1822l39,e358257b-4c64-4189-978a-867e6df10a9b,Health and Wellness,Yoga retreats wellness tourism
4vtkqtwogl,74dc02ef-56ca-4a05-a5a8-e5477bef7392,Reading and Literature,Reading challenges and book clubs
s563iz8j9i,3bc42d1e-d7a7-467b-9657-4ba80a9435c8,Reading and Literature,"Poetry and poetic forms (haiku, sonnets, free verse)"
9p740j59dd,3bc42d1e-d7a7-467b-9657-4ba80a9435c8,Travel and Exploration,Road trips and exploring scenic routes
a64b7zuwaa,e7b814c8-7ff9-42d4-bcc2-e212144d67cd,Health and Wellness,Fitness obstacle course races
l0vl0ueex9,e7b814c8-7ff9-42d4-bcc2-e212144d67cd,Travel and Exploration,Road trips and exploring scenic routes
aj4lc3har1,e7b814c8-7ff9-42d4-bcc2-e212144d67cd,Health & Wellness,Nutrition planning meal prepping
ms2cf6hcci,982e344f-5a30-4708-86f3-90cdfc18858a,Health and Wellness,Holistic health practices (acupuncture herbalism)
2u1sgrahyw,982e344f-5a30-4708-86f3-90cdfc18858a,Health and Wellness,Fitness obstacle course races
bm6ccd7kdf,982e344f-5a30-4708-86f3-90cdfc18858a,Reading and Literature,Audio books and storytelling podcasts
bkv0plvbh0,121d2b90-7870-4a64-8ec4-9451820810e2,Travel and Exploration,Urban exploration and historical tours
yslgqbz2t0,121d2b90-7870-4a64-8ec4-9451820810e2,Health and Wellness,Practicing mindfulness meditation
0rwf6gifwr,daaa7116-a311-4aed-93b3-500e1302e814,Travel and Exploration,Urban exploration and historical tours
5bphp11tf9,daaa7116-a311-4aed-93b3-500e1302e814,Health and Wellness,Yoga retreats wellness tourism
a4rxv9xi5w,f598296f-5282-4087-bc59-9858ea4452f8,Reading and Literature,Reading challenges and book clubs
ic1cms3qpw,f598296f-5282-4087-bc59-9858ea4452f8,Reading and Literature,Literary analysis and book discussions
zl8ty0turz,31844c38-8b77-4e36-879b-e157056d7141,Health & Wellness,Nutrition planning meal prepping
yitihmnmxx,31844c38-8b77-4e36-879b-e157056d7141,Health and Wellness,Fitness obstacle course races
oj9xczpsu9,78d798ae-5fc8-4bad-a4a1-80e47835ec09,Reading and Literature,Audio books and storytelling podcasts
kqx02jpb0f,ef3f7d85-b2db-4966-9582-4acc95f72719,Travel and Exploration,Urban exploration and historical tours
oceag2zwoy,ef3f7d85-b2db-4966-9582-4acc95f72719,Health and Wellness,Fitness obstacle course races
np4xmvyb28,515ce4d0-8f31-4c60-91e5-760bfd9a18cd,Travel and Exploration,Cruise vacations and sailing adventures
a2prbxxz14,b035eb8f-e5b2-4666-8920-26676d843f98,Travel and Exploration,Visiting new countries and cultures
6repjymwyw,b035eb8f-e5b2-4666-8920-26676d843f98,Outdoor Activities,Wilderness survival skills
m4d58oc5i6,b035eb8f-e5b2-4666-8920-26676d843f98,Reading and Literature,Audio books and storytelling podcasts
siyc4kyrgg,39c0f010-b8fb-491a-85db-78182780d6dc,Travel and Exploration,Cruise vacations and sailing adventures
hbi878w3kl,39c0f010-b8fb-491a-85db-78182780d6dc,Travel and Exploration,Ecotourism and sustainable travel
3rgkvtyaje,ad5e575d-6f07-4c9e-a45e-68ba7f35be0d,Reading and Literature,Audio books and storytelling podcasts
rvnb05ax51,177d7144-f619-4b7f-a4ee-0ba709093065,Health & Wellness,Nutrition planning meal prepping
6xj0kmu32s,177d7144-f619-4b7f-a4ee-0ba709093065,Outdoor Activities,Hiking and nature walks
fy581bohlb,94c97915-363d-4db2-8cf9-f7ed59047192,Reading and Literature,"Non-fiction (biographies, history, self-help, psychology)"
01xvb55qxn,94c97915-363d-4db2-8cf9-f7ed59047192,Reading and Literature,"Fiction (novels, short stories, fantasy, science fiction)"
cyb6lp7u1s,94c97915-363d-4db2-8cf9-f7ed59047192,Health and Wellness,Practicing mindfulness meditation
ptwnlyjo75,9ec5700f-941d-450f-90a0-f38a5ec11d19,Health and Wellness,Yoga retreats wellness tourism
fdjag934t6,9ec5700f-941d-450f-90a0-f38a5ec11d19,Travel and Exploration,Cruise vacations and sailing adventures
7tj8nd9ij7,9ec5700f-941d-450f-90a0-f38a5ec11d19,Travel and Exploration,Backpacking and adventure travel
zofmht4es0,4ac05beb-094a-4bce-b53a-9fee9d87022e,Health and Wellness,Fitness obstacle course races
tmwmgfs2d3,4ac05beb-094a-4bce-b53a-9fee9d87022e,Travel and Exploration,Urban exploration and historical tours
tqfj4xhgei,4ac05beb-094a-4bce-b53a-9fee9d87022e,Health and Wellness,Yoga retreats wellness tourism
wcir2a5641,1200df2c-d983-4f3c-869c-b1968f83bf72,Travel and Exploration,Ecotourism and sustainable travel
lk3iaj0ote,1200df2c-d983-4f3c-869c-b1968f83bf72,Health and Wellness,Holistic health practices (acupuncture herbalism)
0w6kaimavk,5ff360de-20b4-4ebb-9e3c-cf0d0a7bc0b2,Health and Wellness,Fitness obstacle course races
717d4yrnom,5ff360de-20b4-4ebb-9e3c-cf0d0a7bc0b2,Health and Wellness,Practicing mindfulness meditation
szwc96ucct,c69bf53d-4765-4217-9309-0fbcaccbfdca,Health and Wellness,Yoga retreats wellness tourism
94u9f2xyzx,7c5a5884-27ac-496f-bd5a-cb7de74cc7ea,Reading and Literature,"Fiction (novels, short stories, fantasy, science fiction)"
lgcrcospm1,7c5a5884-27ac-496f-bd5a-cb7de74cc7ea,Reading and Literature,"Poetry and poetic forms (haiku, sonnets, free verse)"
ookrl1ehwt,7c5a5884-27ac-496f-bd5a-cb7de74cc7ea,Travel and Exploration,Ecotourism and sustainable travel
92bn8c1j7p,1820d636-4396-406b-8ffd-f99a3a929382,Travel and Exploration,Urban exploration and historical tours
tjgkcb80l8,1820d636-4396-406b-8ffd-f99a3a929382,Reading and Literature,Literary analysis and book discussions
i5wqh5hepm,d20c27bd-bd15-47d8-9cdb-669d2d5b8cbd,Health and Wellness,Holistic health practices (acupuncture herbalism)
hsjcoyua68,d20c27bd-bd15-47d8-9cdb-669d2d5b8cbd,Health & Wellness,Nutrition planning meal prepping
wuaq3aw9b2,d20c27bd-bd15-47d8-9cdb-669d2d5b8cbd,Travel and Exploration,Road trips and exploring scenic routes
5mjztei2eq,700024fc-f148-4200-8b14-d80fef2701f6,Outdoor Activities,Wilderness survival skills
grejbvaqtr,700024fc-f148-4200-8b14-d80fef2701f6,Reading and Literature,Audio books and storytelling podcasts
alphw212mi,700024fc-f148-4200-8b14-d80fef2701f6,Reading and Literature,"Fiction (novels, short stories, fantasy, science fiction)"
x9xindt0eq,235f04d6-95e2-4f87-b2bc-58b97a0eaab4,Reading and Literature,Audio books and storytelling podcasts
cc8s6dsoov,2538308f-40a1-4989-951b-bb72f5b24ab9,Reading and Literature,"Fiction (novels, short stories, fantasy, science fiction)"
0bm0ax9qy2,e8da460a-e6b9-48c2-b231-c1e0463c76fe,Health and Wellness,Fitness obstacle course races
zprwhinkg5,310bc8a7-787a-4928-8d16-6a484d43e553,Reading and Literature,Literary analysis and book discussions
5rqzxd2v2f,0f868f00-a2cc-44ac-a685-1b44c46d0644,Reading and Literature,Literary analysis and book discussions
s388zkvpah,0f868f00-a2cc-44ac-a685-1b44c46d0644,Travel and Exploration,Ecotourism and sustainable travel
f3ri34r2yn,0f868f00-a2cc-44ac-a685-1b44c46d0644,Health and Wellness,Fitness obstacle course races
pfrph4nkgd,9d167ecc-900a-41b2-9dd5-1983f09ed4e2,Travel and Exploration,Urban exploration and historical tours
9gzbbstd39,18da29d0-0334-4a61-b49f-8e2c644063ae,Health and Wellness,Fitness obstacle course races
ewla3uxvho,bd0d0386-ff02-4fb0-9394-847efa271303,Outdoor Activities,Hiking and nature walks
rpnpbdisd5,6994e448-67f5-4eae-8eaf-ad58dc3400d5,Health and Wellness,Fitness obstacle course races
t8uzn9hjy7,1e6a6ae6-b9f4-481a-b3ab-f3984984d2ae,Travel and Exploration,Cruise vacations and sailing adventures
r6e5431jnl,1e6a6ae6-b9f4-481a-b3ab-f3984984d2ae,Outdoor Activities,Hiking and nature walks
qrjuc3biu9,1e6a6ae6-b9f4-481a-b3ab-f3984984d2ae,Reading and Literature,"Non-fiction (biographies, history, self-help, psychology)"
4usauxcxx2,ba0590d4-540f-498c-82a2-2585c0238075,Travel and Exploration,Cruise vacations and sailing adventures
bzvo9mo2wy,e0b6c0d9-6993-43d2-b291-9d0a1bcc61e6,Reading and Literature,"Non-fiction (biographies, history, self-help, psychology)"
5qpxmlpets,e0b6c0d9-6993-43d2-b291-9d0a1bcc61e6,Reading and Literature,Literary analysis and book discussions
bttwm5lwai,e0b6c0d9-6993-43d2-b291-9d0a1bcc61e6,Health and Wellness,Fitness obstacle course races
750yi1mbid,f20cb430-3f58-4a77-9a60-a01433f4ebd9,Reading and Literature,Literary analysis and book discussions
lybf0thi33,f20cb430-3f58-4a77-9a60-a01433f4ebd9,Travel and Exploration,Visiting new countries and cultures
nc544ztozn,dafbe5a4-f72d-4e5e-a39d-c594d0204109,Health & Wellness,Nutrition planning meal prepping
h72wzu08zz,dafbe5a4-f72d-4e5e-a39d-c594d0204109,Travel and Exploration,Ecotourism and sustainable travel
1qq3ice6oy,dafbe5a4-f72d-4e5e-a39d-c594d0204109,Outdoor Activities,Hiking and nature walks
l2dpn1fixa,ef5ad8f8-1eca-4386-8c17-2cd29d8dacb8,Reading and Literature,"Fiction (novels, short stories, fantasy, science fiction)"
ulobuek959,ef5ad8f8-1eca-4386-8c17-2cd29d8dacb8,Health and Wellness,Holistic health practices (acupuncture herbalism)
qx4fo11bj2,ef5ad8f8-1eca-4386-8c17-2cd29d8dacb8,Reading and Literature,Audio books and storytelling podcasts
qz542vcxst,95688b04-5fd5-4d61-a2bd-01918914565d,Health and Wellness,Practicing mindfulness meditation
it8qn7gtrq,d6015a2b-6ba5-46de-9db6-ce04ed5e9537,Travel and Exploration,Urban exploration and historical tours
3wmvfbmvyg,d6015a2b-6ba5-46de-9db6-ce04ed5e9537,Outdoor Activities,Hiking and nature walks
o03cnmzvl6,b8313ad3-93c9-4696-971f-f7e27c817318,Reading and Literature,Reading challenges and book clubs
tpvoggrfyz,b8313ad3-93c9-4696-971f-f7e27c817318,Health & Wellness,Nutrition planning meal prepping
k9ss049huv,2fe5c101-7d45-4d43-9760-33b83dbcd20a,Travel and Exploration,Backpacking and adventure travel
f0dp83i2gz,2fe5c101-7d45-4d43-9760-33b83dbcd20a,Health and Wellness,Practicing mindfulness meditation
hzai1qdulh,e142d90a-f7f1-4930-a795-29f67c58c6d8,Travel and Exploration,Cruise vacations and sailing adventures
xf5hpocap9,e142d90a-f7f1-4930-a795-29f67c58c6d8,Health and Wellness,Fitness obstacle course races
rohkyw8fww,6c1e7e66-3574-42e8-8297-ac0b4fa243a0,Reading and Literature,"Fiction (novels, short stories, fantasy, science fiction)"
70x62u4m8b,6c1e7e66-3574-42e8-8297-ac0b4fa243a0,Health and Wellness,Fitness obstacle course races
6hlogou50x,6c1e7e66-3574-42e8-8297-ac0b4fa243a0,Travel and Exploration,Cruise vacations and sailing adventures
n0upcuga49,ccd04e1e-57d4-4ebe-b194-e403e7fa4ed2,Travel and Exploration,Backpacking and adventure travel
osrrjeglu4,ccd04e1e-57d4-4ebe-b194-e403e7fa4ed2,Reading and Literature,Literary analysis and book discussions
1e57nz09bc,1aa0e41c-82eb-42ef-809c-e99d32fa2196,Outdoor Activities,"Camping (tent camping, RV camping)"
xkafvxlfn2,1aa0e41c-82eb-42ef-809c-e99d32fa2196,Travel and Exploration,Visiting new countries and cultures
t02c0mwrbp,1aa0e41c-82eb-42ef-809c-e99d32fa2196,Health and Wellness,Fitness obstacle course races
dj0rw64ufn,4e6581cc-8718-45bc-b501-c59fe8300945,Travel and Exploration,Urban exploration and historical tours
2byzcu2y3m,4e6581cc-8718-45bc-b501-c59fe8300945,Reading and Literature,"Non-fiction (biographies, history, self-help, psychology)"
em037mrodn,4e6581cc-8718-45bc-b501-c59fe8300945,Reading and Literature,Literary analysis and book discussions
chbcqnom0y,003c374e-1358-471e-8f22-8a59276a0747,Travel and Exploration,Backpacking and adventure travel
m1wnspu5ki,003c374e-1358-471e-8f22-8a59276a0747,Health and Wellness,Fitness obstacle course races
expgsshdzi,003c374e-1358-471e-8f22-8a59276a0747,Travel and Exploration,Ecotourism and sustainable travel
239qy9v41j,0e174672-fa48-4e6e-b265-96087895f4d1,Health and Wellness,Yoga retreats wellness tourism
i0cri9p3uz,0e174672-fa48-4e6e-b265-96087895f4d1,Health and Wellness,Holistic health practices (acupuncture herbalism)
3txy9ciggc,575d1545-3d3b-4468-8cf6-389608021e79,Travel and Exploration,Cruise vacations and sailing adventures
6dxesvo44n,f411cb08-5b3c-430f-b616-72f4bf1766a5,Health and Wellness,Practicing mindfulness meditation
wod50zsmow,786ffa59-f8e2-4497-aecc-0a520daf30fb,Reading and Literature,"Non-fiction (biographies, history, self-help, psychology)"
yi15wcbeq1,786ffa59-f8e2-4497-aecc-0a520daf30fb,Reading and Literature,Audio books and storytelling podcasts
dkc78xdu2e,d3be13aa-6e46-4ece-9fa1-36b3425d6d65,Travel and Exploration,Backpacking and adventure travel
lp4h494oof,d2764fe8-5967-406c-a912-b4cd6f940c3b,Health and Wellness,Practicing mindfulness meditation
atfkie0fzt,f03fc0cc-3f18-4131-b619-06ca78670be5,Outdoor Activities,Wilderness survival skills
ukjycgwpu9,f03fc0cc-3f18-4131-b619-06ca78670be5,Travel and Exploration,Cruise vacations and sailing adventures
xihf7mhsss,f03fc0cc-3f18-4131-b619-06ca78670be5,Health & Wellness,Nutrition planning meal prepping
6lyosjsnv2,b5f0a7e7-85b7-45ae-9324-51ab1d05404b,Travel and Exploration,Ecotourism and sustainable travel
sgvc8agp7s,b5f0a7e7-85b7-45ae-9324-51ab1d05404b,Travel and Exploration,Visiting new countries and cultures
rb33fp7sv0,b5f0a7e7-85b7-45ae-9324-51ab1d05404b,Travel and Exploration,Backpacking and adventure travel
9t8j5vcis0,b5cfafa5-38c0-4f07-b3dc-aaf4ed3898ba,Travel and Exploration,Backpacking and adventure travel
6oa78an59g,b5cfafa5-38c0-4f07-b3dc-aaf4ed3898ba,Health and Wellness,Fitness obstacle course races
xia88fs49h,c672efb2-4938-40f7-8a3d-4e3c57da2858,Travel and Exploration,Backpacking and adventure travel
br6inx0zba,c672efb2-4938-40f7-8a3d-4e3c57da2858,Reading and Literature,Reading challenges and book clubs
u2nlpaez49,a6b11b13-a4aa-4d35-8da3-0966a4d0c45b,Travel and Exploration,Ecotourism and sustainable travel
qt4z7hjtzm,e76b4ef0-d1b7-450e-814f-62c64f55e10d,Reading and Literature,"Poetry and poetic forms (haiku, sonnets, free verse)"
dovxs08j3z,e76b4ef0-d1b7-450e-814f-62c64f55e10d,Travel and Exploration,Visiting new countries and cultures
6nmp11nyyn,e76b4ef0-d1b7-450e-814f-62c64f55e10d,Travel and Exploration,Cruise vacations and sailing adventures
b9w6u22hf8,376052f6-ff79-4123-b74e-209234a0b213,Outdoor Activities,"Camping (tent camping, RV camping)"
zo593zkabb,376052f6-ff79-4123-b74e-209234a0b213,Health and Wellness,Practicing mindfulness meditation
06dwvfip32,c47f2645-9cd1-40fd-9b3f-8f4000964adb,Travel and Exploration,Visiting new countries and cultures
a22if69hw9,c47f2645-9cd1-40fd-9b3f-8f4000964adb,Reading and Literature,"Fiction (novels, short stories, fantasy, science fiction)"
l63lr0txxd,934aa4c3-dcb3-4fae-a0a2-9e0546f840ee,Travel and Exploration,Urban exploration and historical tours
g6ptsa0r7e,934aa4c3-dcb3-4fae-a0a2-9e0546f840ee,Reading and Literature,"Fiction (novels, short stories, fantasy, science fiction)"
c745woy9if,dc65e0ca-6293-4ce4-b0b7-61d22044d376,Travel and Exploration,Visiting new countries and cultures
f8drjbaqix,dc65e0ca-6293-4ce4-b0b7-61d22044d376,Outdoor Activities,"Camping (tent camping, RV camping)"
elb4cmo0ft,a21eb0d3-a335-424b-921d-923691545039,Health & Wellness,Nutrition planning meal prepping
tlnzojcm38,a21eb0d3-a335-424b-921d-923691545039,Travel and Exploration,Road trips and exploring scenic routes
xwcjnwa44i,ed7b7c70-2505-4ed8-a730-c1b23784087d,Travel and Exploration,Road trips and exploring scenic routes
64k7nnges1,ed7b7c70-2505-4ed8-a730-c1b23784087d,Reading and Literature,"Non-fiction (biographies, history, self-help, psychology)"
yndvzf6s82,d1f61c0c-edf2-49bc-9b49-6fd0681e5316,Reading and Literature,"Non-fiction (biographies, history, self-help, psychology)"
qzl5w3bdvq,d9abe70f-92c7-4bce-9522-c9547479c4d0,Travel and Exploration,Cruise vacations and sailing adventures
5ga8bq3k3h,d9abe70f-92c7-4bce-9522-c9547479c4d0,Health and Wellness,Holistic health practices (acupuncture herbalism)
xu6w7sfpst,d9abe70f-92c7-4bce-9522-c9547479c4d0,Reading and Literature,"Fiction (novels, short stories, fantasy, science fiction)"
eknft25l0r,b2adaae5-c362-45f7-8b67-69f870755642,Travel and Exploration,Ecotourism and sustainable travel
30f51a812m,b2adaae5-c362-45f7-8b67-69f870755642,Health and Wellness,Holistic health practices (acupuncture herbalism)
p27u7s1ld1,b2adaae5-c362-45f7-8b67-69f870755642,Reading and Literature,Audio books and storytelling podcasts
s7b6atf35g,518e74af-07c7-43f7-9a4c-35fe6d2a98b8,Reading and Literature,"Poetry and poetic forms (haiku, sonnets, free verse)"
umvk5l0g4f,518e74af-07c7-43f7-9a4c-35fe6d2a98b8,Health and Wellness,Fitness obstacle course races
rbc14yolp9,ea442318-2bf4-4385-b3f0-795ef6d5d404,Outdoor Activities,Hiking and nature walks
phkc8xo126,ea442318-2bf4-4385-b3f0-795ef6d5d404,Health and Wellness,Practicing mindfulness meditation
wxp4k2020a,ea442318-2bf4-4385-b3f0-795ef6d5d404,Travel and Exploration,Visiting new countries and cultures
z3bfoqc8m0,a27350bc-8d58-4db6-bbf8-0da334d51c42,Outdoor Activities,Hiking and nature walks
n66xjgyx1u,a27350bc-8d58-4db6-bbf8-0da334d51c42,Health & Wellness,Nutrition planning meal prepping
6yso3j4gfy,a27350bc-8d58-4db6-bbf8-0da334d51c42,Travel and Exploration,Cruise vacations and sailing adventures
26mx6er92z,e27c5da5-556b-4c6b-a52c-5996a66dcdd0,Reading and Literature,"Fiction (novels, short stories, fantasy, science fiction)"
4ktl6qxwof,e27c5da5-556b-4c6b-a52c-5996a66dcdd0,Travel and Exploration,Cruise vacations and sailing adventures
ecn4llyim8,e27c5da5-556b-4c6b-a52c-5996a66dcdd0,Travel and Exploration,Backpacking and adventure travel
oj259l7hty,da0e9a7a-85b3-46b8-9bf8-37f2b7fac69d,Travel and Exploration,Ecotourism and sustainable travel
beco2wic6h,da0e9a7a-85b3-46b8-9bf8-37f2b7fac69d,Reading and Literature,Literary analysis and book discussions
dg5v5u5bx0,28b1a9f3-fa88-4856-83e5-08e32984df79,Travel and Exploration,Road trips and exploring scenic routes
hjc9s6u6s8,28b1a9f3-fa88-4856-83e5-08e32984df79,Health and Wellness,Yoga retreats wellness tourism
6p4skppy1q,4f438c77-8520-494f-92e1-e425e68a534f,Reading and Literature,Audio books and storytelling podcasts
8rf4k91y95,4f438c77-8520-494f-92e1-e425e68a534f,Travel and Exploration,Ecotourism and sustainable travel
wtxxxmme6k,4f438c77-8520-494f-92e1-e425e68a534f,Travel and Exploration,Visiting new countries and cultures
nkw0p82eeg,b936ee96-8632-462a-ada6-9d4d533b434d,Health and Wellness,Holistic health practices (acupuncture herbalism)
kneby4d4eu,b936ee96-8632-462a-ada6-9d4d533b434d,Health & Wellness,Nutrition planning meal prepping
xdjhbdh0t9,b936ee96-8632-462a-ada6-9d4d533b434d,Outdoor Activities,Hiking and nature walks
9qtyg84eav,befa5b7f-8fa5-462b-afc3-3dba0e8000c9,Health and Wellness,Holistic health practices (acupuncture herbalism)
t1xrvvc8ze,befa5b7f-8fa5-462b-afc3-3dba0e8000c9,Health and Wellness,Fitness obstacle course races
g4zkoyzvhf,58aad0a8-4bb7-465c-a227-0208d36ac8d5,Travel and Exploration,Cruise vacations and sailing adventures
cmpy693rmx,b11dff27-27cc-4b5f-b628-39ac0ae923b5,Health & Wellness,Nutrition planning meal prepping
w1jky3de3v,b11dff27-27cc-4b5f-b628-39ac0ae923b5,Reading and Literature,"Poetry and poetic forms (haiku, sonnets, free verse)"
jm4icf9e01,b11dff27-27cc-4b5f-b628-39ac0ae923b5,Outdoor Activities,"Camping (tent camping, RV camping)"
kpjs8rnihl,a579a105-a7af-4d8f-8df0-e41e2e49a8b1,Travel and Exploration,Road trips and exploring scenic routes
7d0xu981sx,7ba1befc-e4d6-4cc9-ba5a-178a50afefd6,Travel and Exploration,Ecotourism and sustainable travel
y2i1rv5dzh,7ba1befc-e4d6-4cc9-ba5a-178a50afefd6,Health and Wellness,Practicing mindfulness meditation
t56spl3int,7ba1befc-e4d6-4cc9-ba5a-178a50afefd6,Travel and Exploration,Visiting new countries and cultures
ulrixy6x5p,4cfd4f4b-0fbf-43c2-bd1e-3954ec4d1cdf,Reading and Literature,"Fiction (novels, short stories, fantasy, science fiction)"
l3i6lr0lkr,4d748b14-f240-48ca-a05a-50c9e4ff0d62,Outdoor Activities,Hiking and nature walks
v7chbebu6r,a83c52a2-f547-4fcd-aa6d-a193cb2866fb,Health and Wellness,Yoga retreats wellness tourism
56cvb1pndv,b31f113b-afdd-4355-b447-64da974445a1,Health & Wellness,Nutrition planning meal prepping
15cymwiybb,b31f113b-afdd-4355-b447-64da974445a1,Travel and Exploration,Backpacking and adventure travel
namakyjbmq,b5b08c71-0530-48e6-908a-9dc8d605458d,Outdoor Activities,"Camping (tent camping, RV camping)"
e3wqp4343u,a1324167-56ea-41a4-9a19-053bdb057d12,Travel and Exploration,Ecotourism and sustainable travel
1lcs7949mi,f8674325-0325-4d58-b81e-7dfe6ec64dfb,Reading and Literature,Audio books and storytelling podcasts
5uep5wqy6p,a1ec5cf6-d265-41b3-a4d6-13a49c0a8f51,Health and Wellness,Fitness obstacle course races
3v9aolb6r4,a1ec5cf6-d265-41b3-a4d6-13a49c0a8f51,Reading and Literature,Literary analysis and book discussions
kyn6b5z83k,a1ec5cf6-d265-41b3-a4d6-13a49c0a8f51,Health and Wellness,Yoga retreats wellness tourism
pl3mgg3p8l,c1dc90fd-e3e7-46d3-831f-8d61f26f4cf3,Reading and Literature,Literary analysis and book discussions
yf7o9lyfrm,afdc65e6-8168-47bf-a7a6-1d52b55574c3,Reading and Literature,"Fiction (novels, short stories, fantasy, science fiction)"
9t324yykp6,afdc65e6-8168-47bf-a7a6-1d52b55574c3,Travel and Exploration,Cruise vacations and sailing adventures
l7u38c09ow,afdc65e6-8168-47bf-a7a6-1d52b55574c3,Travel and Exploration,Ecotourism and sustainable travel
5s8wxfjwqa,c5c1f02c-e225-4743-9687-5711d1000211,Reading and Literature,Audio books and storytelling podcasts
pomq564dzf,d646f8c2-982e-4496-828f-7a20b3760272,Reading and Literature,"Poetry and poetic forms (haiku, sonnets, free verse)"
de84lxrxxx,ae500cd5-1cd6-4bb8-b33f-83aa2a837ca1,Travel and Exploration,Visiting new countries and cultures
dqx0cswwt6,ae500cd5-1cd6-4bb8-b33f-83aa2a837ca1,Reading and Literature,Reading challenges and book clubs
qo0w6uoji9,f4fae78e-c1da-45eb-9dbb-b82747ab2ed2,Health and Wellness,Yoga retreats wellness tourism
fei0b7ooa2,f4fae78e-c1da-45eb-9dbb-b82747ab2ed2,Reading and Literature,"Fiction (novels, short stories, fantasy, science fiction)"
or3zmh2hoz,f4fae78e-c1da-45eb-9dbb-b82747ab2ed2,Travel and Exploration,Visiting new countries and cultures
j9ea1kouhj,f192c0b6-d402-42e9-8b1f-186f993864a1,Health and Wellness,Holistic health practices (acupuncture herbalism)
1rcvpeebkn,d2f5c7c6-e70c-4407-9fad-18007c933ca9,Travel and Exploration,Road trips and exploring scenic routes
144y40but3,d2f5c7c6-e70c-4407-9fad-18007c933ca9,Travel and Exploration,Backpacking and adventure travel
yc5yyiku7f,d2f5c7c6-e70c-4407-9fad-18007c933ca9,Reading and Literature,"Fiction (novels, short stories, fantasy, science fiction)"
pwu7gu4s4o,ebefd26c-477e-480c-a167-78e5fbd6d4da,Health & Wellness,Nutrition planning meal prepping
hmyhurzplb,ebefd26c-477e-480c-a167-78e5fbd6d4da,Health and Wellness,Fitness obstacle course races
cs0zo6ffm7,ebefd26c-477e-480c-a167-78e5fbd6d4da,Reading and Literature,"Fiction (novels, short stories, fantasy, science fiction)"
il9r39d3nf,656db031-4b53-4d6c-ab60-a008ad0e1b33,Travel and Exploration,Road trips and exploring scenic routes
g2i8ii5944,656db031-4b53-4d6c-ab60-a008ad0e1b33,Health and Wellness,Holistic health practices (acupuncture herbalism)
hvjwox8xfl,4ebb4c23-dbd5-4257-8b30-dac260df4174,Travel and Exploration,Road trips and exploring scenic routes
1y8z4ne82t,4ebb4c23-dbd5-4257-8b30-dac260df4174,Health and Wellness,Holistic health practices (acupuncture herbalism)
aqada4c15p,8057511f-90a8-435a-bd6f-71ca429a1396,Outdoor Activities,"Camping (tent camping, RV camping)"
keol6tdq8m,8057511f-90a8-435a-bd6f-71ca429a1396,Health & Wellness,Nutrition planning meal prepping
5zcgt1aw1r,eaadf81e-7b37-4231-92df-1878e8658235,Reading and Literature,Literary analysis and book discussions
qxm6ho12p5,eaadf81e-7b37-4231-92df-1878e8658235,Travel and Exploration,Cruise vacations and sailing adventures
thkr0fu9di,4406f8c8-b5a1-475d-a01d-eff07eefcede,Reading and Literature,Audio books and storytelling podcasts
c9t4ginmw7,4406f8c8-b5a1-475d-a01d-eff07eefcede,Health and Wellness,Holistic health practices (acupuncture herbalism)
v2thad869l,53b6b352-d2e3-4cde-b142-d3289bb71949,Outdoor Activities,Wilderness survival skills
2s6gw1kuif,53b6b352-d2e3-4cde-b142-d3289bb71949,Health and Wellness,Practicing mindfulness meditation
zvdkebjj7e,46a36e9c-4f76-4c52-85a9-b78e1704eeee,Outdoor Activities,Hiking and nature walks
r1vp8opxal,46a36e9c-4f76-4c52-85a9-b78e1704eeee,Travel and Exploration,Cruise vacations and sailing adventures
ydbnr0kjv9,8e477cf9-508b-4b37-ad9f-dbd5a590edb8,Outdoor Activities,Wilderness survival skills
e3k6aws07u,8e477cf9-508b-4b37-ad9f-dbd5a590edb8,Health and Wellness,Fitness obstacle course races
u5fjbc0o3u,a367cb43-42f5-4655-995f-681bb6eb55e9,Health and Wellness,Fitness obstacle course races
uren2glpbb,dd11be37-f080-4c25-8156-06fce3f1af19,Health and Wellness,Yoga retreats wellness tourism
b1nlkgau7x,dd11be37-f080-4c25-8156-06fce3f1af19,Reading and Literature,"Non-fiction (biographies, history, self-help, psychology)"
9q61my4m9d,dd11be37-f080-4c25-8156-06fce3f1af19,Travel and Exploration,Road trips and exploring scenic routes
a76ivf2a1l,99c43c15-49d9-43d9-ac73-06b949567b10,Reading and Literature,"Poetry and poetic forms (haiku, sonnets, free verse)"
5hl9g07v7o,99c43c15-49d9-43d9-ac73-06b949567b10,Reading and Literature,Literary analysis and book discussions
re3qbqiea0,4082bb0d-deab-460c-aa28-325641cb2156,Reading and Literature,Audio books and storytelling podcasts
m9x38uu7l9,4082bb0d-deab-460c-aa28-325641cb2156,Reading and Literature,Literary analysis and book discussions
8sn18e03cs,871dba56-c9f0-49e0-a996-e23908c168ce,Reading and Literature,"Non-fiction (biographies, history, self-help, psychology)"
ossma9kqoe,871dba56-c9f0-49e0-a996-e23908c168ce,Travel and Exploration,Road trips and exploring scenic routes
f71k5s3utj,871dba56-c9f0-49e0-a996-e23908c168ce,Outdoor Activities,Hiking and nature walks
ctxlxldxt8,420ad0de-9c2c-4697-b698-c5d3399eb306,Health and Wellness,Holistic health practices (acupuncture herbalism)
lkvu720cq0,9b7713f5-2197-4b99-9e14-56d8904377d5,Outdoor Activities,Wilderness survival skills
2zv1iwupnu,9b7713f5-2197-4b99-9e14-56d8904377d5,Travel and Exploration,Visiting new countries and cultures
nhm9fnttbk,9b7713f5-2197-4b99-9e14-56d8904377d5,Travel and Exploration,Cruise vacations and sailing adventures
qb20ni4k0x,d83f274b-b3d3-4ccf-a0e2-d73e92fe06e7,Reading and Literature,Audio books and storytelling podcasts
qbw843povt,d83f274b-b3d3-4ccf-a0e2-d73e92fe06e7,Health and Wellness,Holistic health practices (acupuncture herbalism)
09yte37mty,d83f274b-b3d3-4ccf-a0e2-d73e92fe06e7,Outdoor Activities,"Camping (tent camping, RV camping)"
0lpwpnii0i,5f8a6ea4-f0a2-4b98-bbbc-3503bb1d120f,Health and Wellness,Holistic health practices (acupuncture herbalism)
cig95jbahc,5f8a6ea4-f0a2-4b98-bbbc-3503bb1d120f,Reading and Literature,Audio books and storytelling podcasts
ojxk2mdqu1,ec0b662c-4bbb-4eb0-af18-73222ea2992d,Outdoor Activities,Hiking and nature walks
oqfg0mxr5n,ec0b662c-4bbb-4eb0-af18-73222ea2992d,Reading and Literature,Literary analysis and book discussions
kmrvgl7cww,ec0b662c-4bbb-4eb0-af18-73222ea2992d,Health and Wellness,Yoga retreats wellness tourism
iazdw2tpni,b8c53187-e03d-4b49-898c-50243a201d48,Health and Wellness,Practicing mindfulness meditation
4uns1q794z,b8c53187-e03d-4b49-898c-50243a201d48,Health and Wellness,Holistic health practices (acupuncture herbalism)
dy57bh8jq7,b8c53187-e03d-4b49-898c-50243a201d48,Health and Wellness,Fitness obstacle course races
t4l75pgco7,3b7b9138-780e-41c6-8cba-32b3b95c5136,Travel and Exploration,Visiting new countries and cultures
z3u3ac1opa,3b7b9138-780e-41c6-8cba-32b3b95c5136,Reading and Literature,Audio books and storytelling podcasts
uhha0qyqxz,e13680fd-0548-4a90-bc2f-506ec5ae7c18,Reading and Literature,"Fiction (novels, short stories, fantasy, science fiction)"
2ipezrcl20,e13680fd-0548-4a90-bc2f-506ec5ae7c18,Outdoor Activities,Hiking and nature walks
14uomdzl21,0b6beb5b-9df9-46a1-a46b-4235e2d840f1,Reading and Literature,Literary analysis and book discussions
2f2vw6qtqh,0b6beb5b-9df9-46a1-a46b-4235e2d840f1,Reading and Literature,Audio books and storytelling podcasts
1ic3oojxfb,8194f57a-0884-4f34-89e8-a285644d8cf9,Outdoor Activities,Hiking and nature walks
8le33r7mzv,8194f57a-0884-4f34-89e8-a285644d8cf9,Reading and Literature,"Fiction (novels, short stories, fantasy, science fiction)"
lmjq2l957x,450d44bc-f85c-49e9-8dbe-b45cc228af5e,Reading and Literature,Reading challenges and book clubs
v21xhuywzk,450d44bc-f85c-49e9-8dbe-b45cc228af5e,Reading and Literature,"Poetry and poetic forms (haiku, sonnets, free verse)"
xnoba4ej2s,450d44bc-f85c-49e9-8dbe-b45cc228af5e,Health and Wellness,Practicing mindfulness meditation
f8qidtnfj2,a33a4941-cb8c-4b0c-93ee-08ed95ce6693,Reading and Literature,Audio books and storytelling podcasts
0rl7wwr98g,a33a4941-cb8c-4b0c-93ee-08ed95ce6693,Outdoor Activities,Wilderness survival skills
pr9746r6eh,a33a4941-cb8c-4b0c-93ee-08ed95ce6693,Travel and Exploration,Ecotourism and sustainable travel
92ni3vrj53,5e244042-2a1b-465a-9fda-40a65de7dc68,Reading and Literature,Audio books and storytelling podcasts
asmq5ba1h5,6dadfd7b-0ff1-4d47-8750-17b4fbcbbc87,Reading and Literature,"Non-fiction (biographies, history, self-help, psychology)"
nxja7a0f8q,ce2087b2-3929-4186-aa1a-d382ea512fae,Travel and Exploration,Road trips and exploring scenic routes
3jtde2h2tz,ce2087b2-3929-4186-aa1a-d382ea512fae,Health and Wellness,Practicing mindfulness meditation
y9mzqgzt5e,ce2087b2-3929-4186-aa1a-d382ea512fae,Reading and Literature,Audio books and storytelling podcasts
j372kgc12v,dc222915-fcac-464c-8a37-5b7d289fec0c,Reading and Literature,"Fiction (novels, short stories, fantasy, science fiction)"
qat1ccmm1u,bfc7f96a-0536-4a55-a800-ef0234e2bf4c,Health and Wellness,Holistic health practices (acupuncture herbalism)
ctcg2jqzou,bfc7f96a-0536-4a55-a800-ef0234e2bf4c,Reading and Literature,"Fiction (novels, short stories, fantasy, science fiction)"
rwqzqv9ua9,bfc7f96a-0536-4a55-a800-ef0234e2bf4c,Outdoor Activities,Wilderness survival skills
oblsd1ho52,70e4a70d-9c73-4cd1-8bb9-88217c4b214e,Reading and Literature,"Non-fiction (biographies, history, self-help, psychology)"
9h90qjpwh9,cba0f848-bbe4-482e-bfba-7a77f6bf6646,Health and Wellness,Yoga retreats wellness tourism
qd8a16sh3s,cba0f848-bbe4-482e-bfba-7a77f6bf6646,Health and Wellness,Practicing mindfulness meditation
853yasl10g,8343fb23-b137-4f10-8431-f112916914b2,Health & Wellness,Nutrition planning meal prepping
209vaq4227,1937244a-3912-4e51-9247-f7178af1c7be,Travel and Exploration,Visiting new countries and cultures
cq7hmzra7g,1937244a-3912-4e51-9247-f7178af1c7be,Travel and Exploration,Road trips and exploring scenic routes
ukugalw3o6,308b4326-3f39-4acd-9ab7-9ec06ee2906f,Health and Wellness,Yoga retreats wellness tourism
bqfp67kn9s,308b4326-3f39-4acd-9ab7-9ec06ee2906f,Travel and Exploration,Ecotourism and sustainable travel
nehnac0hgx,652c3e1b-0b12-4469-a5ac-5b123617766e,Travel and Exploration,Backpacking and adventure travel
unciyl997q,652c3e1b-0b12-4469-a5ac-5b123617766e,Health and Wellness,Fitness obstacle course races
45artdpkxj,6e777950-54d2-436c-a069-57dd6731d473,Reading and Literature,"Poetry and poetic forms (haiku, sonnets, free verse)"
0o6ocg7lv9,6e777950-54d2-436c-a069-57dd6731d473,Travel and Exploration,Cruise vacations and sailing adventures
zvaytkun4c,30e1ca0b-5f92-4c48-9b6f-9e50a8347461,Travel and Exploration,Cruise vacations and sailing adventures
064556hkw0,62372212-29f8-4612-adcf-69c1cb51644d,Health and Wellness,Holistic health practices (acupuncture herbalism)
382hc2jpy0,62372212-29f8-4612-adcf-69c1cb51644d,Travel and Exploration,Visiting new countries and cultures
ftsmyu3wyu,62372212-29f8-4612-adcf-69c1cb51644d,Reading and Literature,Audio books and storytelling podcasts
h36647xzyu,eac0337c-0285-4b7b-85e2-4c0bf6db1dce,Reading and Literature,Audio books and storytelling podcasts
bkzngdoxto,eac0337c-0285-4b7b-85e2-4c0bf6db1dce,Reading and Literature,Reading challenges and book clubs
fy487ei7e5,a0bb9600-8861-41ed-a92b-c5e83d88e1ab,Travel and Exploration,Ecotourism and sustainable travel
j3esm8ruet,824fc3ba-f6dc-430b-82d2-c92eef22bccb,Outdoor Activities,Hiking and nature walks
b6to05c2rm,824fc3ba-f6dc-430b-82d2-c92eef22bccb,Travel and Exploration,Urban exploration and historical tours
9aags538t2,e50c537a-a003-451b-ab4d-ca47db4efc55,Travel and Exploration,Cruise vacations and sailing adventures
pw2u4ccukn,4e6acaba-d49f-4d5a-b6a3-830796cb1fb2,Travel and Exploration,Road trips and exploring scenic routes
amf2cmplq7,f0d9bed1-8942-4f68-8ecd-3dd0fcf75882,Reading and Literature,Audio books and storytelling podcasts
blfhar3zf2,4b4f894c-905d-41e7-878b-1a9e84237dc9,Travel and Exploration,Backpacking and adventure travel
blnnm0zdx4,4b4f894c-905d-41e7-878b-1a9e84237dc9,Travel and Exploration,Road trips and exploring scenic routes
dngn56enjz,4b4f894c-905d-41e7-878b-1a9e84237dc9,Reading and Literature,"Fiction (novels, short stories, fantasy, science fiction)"
2u4lejqeyt,e174d44e-4cc5-4a14-bef8-245d3155ecf9,Outdoor Activities,Hiking and nature walks
x64evdjusv,79d37ebf-dfe7-43a1-96ab-fb99154550c7,Health and Wellness,Fitness obstacle course races
8z9hylzoef,ca29c124-866f-4f09-b5f9-03885f5babb9,Travel and Exploration,Urban exploration and historical tours
0c75rsrhwj,ca29c124-866f-4f09-b5f9-03885f5babb9,Health and Wellness,Practicing mindfulness meditation
ddkzw4s01g,ca29c124-866f-4f09-b5f9-03885f5babb9,Outdoor Activities,"Camping (tent camping, RV camping)"
7g9rlbk8tw,5aa9674a-cc4e-4cb9-a115-e65b515ca3e9,Reading and Literature,Audio books and storytelling podcasts
tzsohpbyq5,5aa9674a-cc4e-4cb9-a115-e65b515ca3e9,Travel and Exploration,Visiting new countries and cultures
kgr0jhi3dv,5aa9674a-cc4e-4cb9-a115-e65b515ca3e9,Outdoor Activities,Hiking and nature walks
oeqbdqocvr,5422a619-8c00-48c8-a635-df3fbe100373,Outdoor Activities,Wilderness survival skills
776o1oli9r,0bb41e3b-7359-424f-b644-945ecc019b7e,Reading and Literature,Reading challenges and book clubs
2qxqvrj4bq,0bb41e3b-7359-424f-b644-945ecc019b7e,Health and Wellness,Practicing mindfulness meditation
nmq630etmz,0bb41e3b-7359-424f-b644-945ecc019b7e,Travel and Exploration,Cruise vacations and sailing adventures
aaf4i39aes,6600e210-ea7b-4568-b135-4ccb8403d3ac,Reading and Literature,Reading challenges and book clubs
ujwy2mp2f6,6600e210-ea7b-4568-b135-4ccb8403d3ac,Reading and Literature,Audio books and storytelling podcasts
2yv8n9eamn,e09a13af-7fc5-4fa5-8524-f978fdc22f1a,Reading and Literature,Reading challenges and book clubs
cbdj6bwy57,e09a13af-7fc5-4fa5-8524-f978fdc22f1a,Travel and Exploration,Road trips and exploring scenic routes
0ne4x9yyzv,cdcfab01-aab3-4c54-a130-019575e98add,Travel and Exploration,Road trips and exploring scenic routes
roucwd6jk6,cdcfab01-aab3-4c54-a130-019575e98add,Outdoor Activities,"Camping (tent camping, RV camping)"
oe0ai5b4x1,cdcfab01-aab3-4c54-a130-019575e98add,Travel and Exploration,Backpacking and adventure travel
6vlv6h42uq,31ef152b-e2b7-4c0d-b244-34f0d2ab2c7c,Reading and Literature,Audio books and storytelling podcasts
gty70prgi8,31ef152b-e2b7-4c0d-b244-34f0d2ab2c7c,Travel and Exploration,Road trips and exploring scenic routes
e7pii26ylg,31ef152b-e2b7-4c0d-b244-34f0d2ab2c7c,Travel and Exploration,Visiting new countries and cultures
3jjvk3ywbm,3da61d27-cea9-4a4c-9c46-ba96abaa926e,Travel and Exploration,Urban exploration and historical tours
fvro5ryqg5,899e8b18-1f43-4ac1-98c5-93932d92f53f,Health and Wellness,Yoga retreats wellness tourism
shosqvv9u9,899e8b18-1f43-4ac1-98c5-93932d92f53f,Travel and Exploration,Road trips and exploring scenic routes
hums8xrnrz,899e8b18-1f43-4ac1-98c5-93932d92f53f,Health and Wellness,Holistic health practices (acupuncture herbalism)
s7v0mtdhaj,86ecc685-b5e5-4708-8b41-717a89ee32f7,Reading and Literature,"Poetry and poetic forms (haiku, sonnets, free verse)"
cle7oz9r1h,753dd4eb-cd0e-48eb-9ab1-9694f36d1fe1,Reading and Literature,"Poetry and poetic forms (haiku, sonnets, free verse)"
3abmb3w8ga,753dd4eb-cd0e-48eb-9ab1-9694f36d1fe1,Health and Wellness,Holistic health practices (acupuncture herbalism)
57j5tjo8zx,63b1ff75-692f-4101-af16-96c02d92a449,Reading and Literature,Reading challenges and book clubs
ddvxn9328s,63b1ff75-692f-4101-af16-96c02d92a449,Health and Wellness,Fitness obstacle course races
hwjdv6vgxo,63b1ff75-692f-4101-af16-96c02d92a449,Reading and Literature,"Poetry and poetic forms (haiku, sonnets, free verse)"
2np9fdjrox,18982ba5-26b5-4a7b-a589-18d90a80c9b6,Health and Wellness,Practicing mindfulness meditation
i7evkq3iki,10e1ef02-03fe-4e56-b660-62229ce21722,Reading and Literature,"Non-fiction (biographies, history, self-help, psychology)"
l5yomoi0hj,864df466-8d4a-47ff-a494-328e4138f200,Outdoor Activities,"Camping (tent camping, RV camping)"
wolaqphf05,864df466-8d4a-47ff-a494-328e4138f200,Health & Wellness,Nutrition planning meal prepping
wn19lo6zwq,0496be7b-16fc-4c98-b744-4158eab6da46,Travel and Exploration,Backpacking and adventure travel
g2y3fqvjzh,0496be7b-16fc-4c98-b744-4158eab6da46,Travel and Exploration,Visiting new countries and cultures
vchm9y969u,0496be7b-16fc-4c98-b744-4158eab6da46,Travel and Exploration,Cruise vacations and sailing adventures
cru9nqfyjo,816d11d7-1a47-4037-a48d-f625d931e058,Travel and Exploration,Cruise vacations and sailing adventures
9dfyhc6xls,816d11d7-1a47-4037-a48d-f625d931e058,Health and Wellness,Holistic health practices (acupuncture herbalism)
4qias6q1vy,1c815e5f-1ef9-4a96-ae87-1ddfdb57650f,Travel and Exploration,Visiting new countries and cultures
41d02ksw52,c3cd7028-227d-47f8-97ed-054b534a3cdf,Travel and Exploration,Urban exploration and historical tours
jl8hv7b5yu,e58267b4-95c5-4914-9b71-fb3749f8ad75,Travel and Exploration,Urban exploration and historical tours
xdlvrtj6hm,e58267b4-95c5-4914-9b71-fb3749f8ad75,Outdoor Activities,"Camping (tent camping, RV camping)"
1ktz79qpz6,e58267b4-95c5-4914-9b71-fb3749f8ad75,Reading and Literature,"Fiction (novels, short stories, fantasy, science fiction)"
c96v2y523o,2f5ce024-d518-466a-9b3a-f0b373c6f23c,Reading and Literature,Audio books and storytelling podcasts
ybr5vp2wsb,2417fa65-0562-424e-b1ff-2b0590ec7c28,Travel and Exploration,Visiting new countries and cultures
rijgyseqjr,2417fa65-0562-424e-b1ff-2b0590ec7c28,Health and Wellness,Yoga retreats wellness tourism
h5behs26ng,2417fa65-0562-424e-b1ff-2b0590ec7c28,Travel and Exploration,Urban exploration and historical tours
fybswdok8v,345a89ca-23f3-45f4-9237-4d435135c6e2,Travel and Exploration,Backpacking and adventure travel
r8ozj43g67,345a89ca-23f3-45f4-9237-4d435135c6e2,Travel and Exploration,Urban exploration and historical tours
boyjblfj3l,d9dfb3df-3b72-4db5-bd87-c589c08f674f,Reading and Literature,"Fiction (novels, short stories, fantasy, science fiction)"
aay05cvva5,d9dfb3df-3b72-4db5-bd87-c589c08f674f,Travel and Exploration,Visiting new countries and cultures
np2cc5n3ie,d9dfb3df-3b72-4db5-bd87-c589c08f674f,Reading and Literature,Audio books and storytelling podcasts
qdkl1jhwfr,3081ad3e-b963-4253-ac1f-42a0822036cf,Reading and Literature,"Poetry and poetic forms (haiku, sonnets, free verse)"
4tjlinyofp,3081ad3e-b963-4253-ac1f-42a0822036cf,Health and Wellness,Practicing mindfulness meditation
d6hp93upt3,3081ad3e-b963-4253-ac1f-42a0822036cf,Outdoor Activities,Hiking and nature walks
b8eo7bloiw,49032342-3eaf-4285-bf1e-69a4aeb4322a,Reading and Literature,Literary analysis and book discussions
kzfpzw5cnf,c4c2dd39-8e09-422d-b376-addf54c392bb,Health and Wellness,Yoga retreats wellness tourism
ohe79bjjp7,96673557-d4cc-472d-8dfe-66152db70cac,Reading and Literature,"Poetry and poetic forms (haiku, sonnets, free verse)"
d16ruirpte,96673557-d4cc-472d-8dfe-66152db70cac,Reading and Literature,Reading challenges and book clubs
jriy4yfkt9,96673557-d4cc-472d-8dfe-66152db70cac,Outdoor Activities,Wilderness survival skills
2zcyiloe1y,8b301228-bd1f-4ebb-9b47-2e85a7acfb25,Outdoor Activities,Wilderness survival skills
mqchfsxab0,c1b60a82-1a32-4da6-8139-86da295427ec,Health and Wellness,Fitness obstacle course races
seqoa4p80a,4f3bfcce-c376-4bcb-a8d2-be5c1f7742d7,Outdoor Activities,Wilderness survival skills
5a1j0pcf2i,955f0ade-074f-4393-b25a-b570d0313e9f,Reading and Literature,"Non-fiction (biographies, history, self-help, psychology)"
wasqppm4ff,955f0ade-074f-4393-b25a-b570d0313e9f,Travel and Exploration,Urban exploration and historical tours
e8new8bfa4,955f0ade-074f-4393-b25a-b570d0313e9f,Health and Wellness,Holistic health practices (acupuncture herbalism)
h75yybu1hv,afaaa1d1-77dc-4602-bdc2-95c2671ede81,Travel and Exploration,Backpacking and adventure travel
43trw52rsr,405975b3-353c-48f0-aa5e-78c05664b514,Reading and Literature,"Poetry and poetic forms (haiku, sonnets, free verse)"
6rwai90tw1,405975b3-353c-48f0-aa5e-78c05664b514,Travel and Exploration,Urban exploration and historical tours
yvn9hrazkm,405975b3-353c-48f0-aa5e-78c05664b514,Health and Wellness,Yoga retreats wellness tourism
yn57ctmrp2,ed00ad05-a679-4a2e-8e56-44a1a01b9363,Health and Wellness,Practicing mindfulness meditation
sij2rvoxho,07ba2820-2d0b-411c-9bc8-b02a8f3cbbf5,Travel and Exploration,Urban exploration and historical tours
679rof2mk6,07ba2820-2d0b-411c-9bc8-b02a8f3cbbf5,Outdoor Activities,Hiking and nature walks
stpy78n95s,ea639e03-1eee-4984-9dbe-d3381977c8a9,Outdoor Activities,Hiking and nature walks
2sahx9xjcb,015c2ed2-b249-4da9-bb78-c24bc01bfda8,Health and Wellness,Practicing mindfulness meditation
08hyr68pn8,996c3bf5-0985-4cf2-a122-a2cddc621774,Reading and Literature,"Non-fiction (biographies, history, self-help, psychology)"
0gkzra7aiw,996c3bf5-0985-4cf2-a122-a2cddc621774,Outdoor Activities,Hiking and nature walks
lf1cgew4xu,996c3bf5-0985-4cf2-a122-a2cddc621774,Outdoor Activities,"Camping (tent camping, RV camping)"
fj1c7t7424,88bfd87e-b40c-4911-90bb-5848217feaa1,Health and Wellness,Yoga retreats wellness tourism
01669yyfkj,88bfd87e-b40c-4911-90bb-5848217feaa1,Health and Wellness,Practicing mindfulness meditation
z3g7866zbz,88bfd87e-b40c-4911-90bb-5848217feaa1,Health & Wellness,Nutrition planning meal prepping
l4u39yczzy,3c1107e2-8968-4862-a6c5-1426fb0691f7,Travel and Exploration,Backpacking and adventure travel
s5unir5nil,2f682037-a568-495a-b7a1-1ea3412c62f5,Travel and Exploration,Ecotourism and sustainable travel
pcpsnrf4tq,2f682037-a568-495a-b7a1-1ea3412c62f5,Reading and Literature,Reading challenges and book clubs
dju9tko96b,179a078c-de8f-423b-b2c5-127c5ddfaa57,Reading and Literature,Reading challenges and book clubs
0mz6amchjw,61965c1a-c8c8-4f22-a1a5-7f09019c8779,Reading and Literature,"Poetry and poetic forms (haiku, sonnets, free verse)"
5gk94b6z7u,1a6b7642-1cf4-47e1-ac92-ae3c7dee34b4,Travel and Exploration,Backpacking and adventure travel
vpim1ckbtw,1a6b7642-1cf4-47e1-ac92-ae3c7dee34b4,Reading and Literature,"Non-fiction (biographies, history, self-help, psychology)"
zgxacf5iwe,650ae2fa-1154-4dfd-93b6-322fc8dc0aaa,Reading and Literature,"Fiction (novels, short stories, fantasy, science fiction)"
5rwi222z2j,650ae2fa-1154-4dfd-93b6-322fc8dc0aaa,Travel and Exploration,Backpacking and adventure travel
qf8xgkm7pe,650ae2fa-1154-4dfd-93b6-322fc8dc0aaa,Travel and Exploration,Urban exploration and historical tours
eun6d995pv,8a26a9e4-7864-4f1a-afed-af0a20b08a19,Outdoor Activities,Hiking and nature walks
x3si4g663t,6f6d7147-4993-4601-9888-7465137cef8f,Reading and Literature,Reading challenges and book clubs
iumc307ybp,6f6d7147-4993-4601-9888-7465137cef8f,Outdoor Activities,"Camping (tent camping, RV camping)"
oyruchmajx,6f6d7147-4993-4601-9888-7465137cef8f,Travel and Exploration,Urban exploration and historical tours
xuv1jb32jk,2b4d1634-1bb7-4d56-981b-16b714732f0c,Health and Wellness,Yoga retreats wellness tourism
ad2nz87z1n,2b4d1634-1bb7-4d56-981b-16b714732f0c,Travel and Exploration,Road trips and exploring scenic routes
ex3jdsbdvc,2b4d1634-1bb7-4d56-981b-16b714732f0c,Reading and Literature,Literary analysis and book discussions
mdg4xmtmo4,e27841c1-9aca-40ac-a1bd-6510b0a1e7dd,Health & Wellness,Nutrition planning meal prepping
ow6ikfzqk0,e27841c1-9aca-40ac-a1bd-6510b0a1e7dd,Outdoor Activities,"Camping (tent camping, RV camping)"
od2awktjhm,5a236741-58ff-437c-95db-34736ab8ef00,Outdoor Activities,Wilderness survival skills
ef5mp4r7xd,5a236741-58ff-437c-95db-34736ab8ef00,Outdoor Activities,"Camping (tent camping, RV camping)"
t2kao92n3v,e068b776-b700-4080-986d-1f25efed62c8,Travel and Exploration,Backpacking and adventure travel
l4xwq22em8,e068b776-b700-4080-986d-1f25efed62c8,Travel and Exploration,Visiting new countries and cultures
avncpfef6v,e068b776-b700-4080-986d-1f25efed62c8,Health & Wellness,Nutrition planning meal prepping
18x4yqqamp,25619f61-84e1-4542-a3b2-038b6431a49b,Outdoor Activities,"Camping (tent camping, RV camping)"
i33zdn8ohw,dd578375-7537-4b20-a939-ece4714c1d28,Travel and Exploration,Backpacking and adventure travel
0v6c3nwxfu,dd578375-7537-4b20-a939-ece4714c1d28,Reading and Literature,"Non-fiction (biographies, history, self-help, psychology)"
oqdee9ucfu,dd578375-7537-4b20-a939-ece4714c1d28,Reading and Literature,Reading challenges and book clubs
lygry063j8,8107af39-d3ec-482d-bc27-bbcac070e249,Travel and Exploration,Urban exploration and historical tours
b7nu18itjb,a49f3d1d-a2cc-4d6e-9841-297a7c36781d,Health and Wellness,Yoga retreats wellness tourism
vxaycrjnki,e08407a9-1d00-4e9b-a3ae-ebd28cc9bf36,Reading and Literature,Literary analysis and book discussions
2o7mpmdg64,e08407a9-1d00-4e9b-a3ae-ebd28cc9bf36,Health and Wellness,Holistic health practices (acupuncture herbalism)
zng1fj2dk4,bff02dfe-5389-4330-bc47-5871bd618812,Health and Wellness,Yoga retreats wellness tourism
3xxjqalekl,38e7717f-b462-4b58-992c-79b4f8e78b1b,Health and Wellness,Fitness obstacle course races
835l5sd07a,ff853704-6db1-42ff-86d9-f010f7716886,Travel and Exploration,Ecotourism and sustainable travel
yqvden73uz,ff853704-6db1-42ff-86d9-f010f7716886,Reading and Literature,Literary analysis and book discussions
js7fgdlro8,ff853704-6db1-42ff-86d9-f010f7716886,Health and Wellness,Fitness obstacle course races
eq1jbe2pvz,67260a9b-4a15-4dfb-9c52-c8882df6c63e,Travel and Exploration,Road trips and exploring scenic routes
ngyhlq9gu6,67260a9b-4a15-4dfb-9c52-c8882df6c63e,Outdoor Activities,Wilderness survival skills
bueudk6iua,f052624c-43e0-4088-b84d-a3b7ec01dc54,Outdoor Activities,"Camping (tent camping, RV camping)"
cdj0xkxxo1,2285f9a2-4005-4575-afa3-4626e87c2c6b,Travel and Exploration,Cruise vacations and sailing adventures
40di4a9iin,7ec1068d-cae3-42ef-9fb2-f48291f7eab0,Outdoor Activities,"Camping (tent camping, RV camping)"
rzlgm2bcwz,7ec1068d-cae3-42ef-9fb2-f48291f7eab0,Reading and Literature,"Non-fiction (biographies, history, self-help, psychology)"
vomk1ypzc4,189d3a9d-4aef-43b3-b840-7e6f23e3cdd2,Health and Wellness,Yoga retreats wellness tourism
f1l69808ha,189d3a9d-4aef-43b3-b840-7e6f23e3cdd2,Travel and Exploration,Cruise vacations and sailing adventures
syw29rcrqh,189d3a9d-4aef-43b3-b840-7e6f23e3cdd2,Reading and Literature,Reading challenges and book clubs
ye9uspa0hj,14651697-8629-4439-a39f-3782ebe4a17f,Travel and Exploration,Ecotourism and sustainable travel
3v7i0h54ti,14651697-8629-4439-a39f-3782ebe4a17f,Travel and Exploration,Visiting new countries and cultures
8m82d9hx1e,cbb2c2e8-a23d-4c73-92d9-f4f8d2bd2319,Travel and Exploration,Road trips and exploring scenic routes
oucxnugmgj,cbb2c2e8-a23d-4c73-92d9-f4f8d2bd2319,Travel and Exploration,Ecotourism and sustainable travel
yowsxzc3w0,5bf1d4e8-8915-43ad-b403-43b982f7a0de,Reading and Literature,Literary analysis and book discussions
jut7csfb7t,31178197-d467-41a4-a2ad-ff55c0eb362a,Outdoor Activities,Hiking and nature walks
evb3bx7e4c,57b62f77-e1e4-47d5-b41e-bf776ff8b59c,Health and Wellness,Practicing mindfulness meditation
r7wk3954h6,57b62f77-e1e4-47d5-b41e-bf776ff8b59c,Reading and Literature,Audio books and storytelling podcasts
0lskkevu52,57b62f77-e1e4-47d5-b41e-bf776ff8b59c,Travel and Exploration,Cruise vacations and sailing adventures
twsnwr10ps,c23e3d8d-7db3-4cc1-a4da-87a87209c30f,Reading and Literature,"Fiction (novels, short stories, fantasy, science fiction)"
yqigerrdh9,eb87508b-f4b7-471c-a18d-013d8779f1a9,Travel and Exploration,Ecotourism and sustainable travel
p7n1uybkcn,e57c544a-160a-4db0-9ef7-8c409f45d525,Outdoor Activities,Wilderness survival skills
wk9szfxeyc,e57c544a-160a-4db0-9ef7-8c409f45d525,Health and Wellness,Fitness obstacle course races
h51zwqlqej,923bd22b-12f5-4630-ab02-29c386695647,Travel and Exploration,Ecotourism and sustainable travel
qd9tqs7m40,453f42c0-c359-449d-bd34-f7b704f775f2,Reading and Literature,"Poetry and poetic forms (haiku, sonnets, free verse)"
it6qruknjd,453f42c0-c359-449d-bd34-f7b704f775f2,Health and Wellness,Holistic health practices (acupuncture herbalism)
hfz4oyuuil,453f42c0-c359-449d-bd34-f7b704f775f2,Reading and Literature,Reading challenges and book clubs
zd5ulwunyn,b6a78550-3642-49e9-828f-74f86c8fa6d1,Health and Wellness,Yoga retreats wellness tourism
victjfbppg,b6a78550-3642-49e9-828f-74f86c8fa6d1,Travel and Exploration,Visiting new countries and cultures
x0rhg4z6mj,81ceeebb-77ef-4f6e-a9a3-957bbbd463d6,Reading and Literature,"Fiction (novels, short stories, fantasy, science fiction)"
fmtzkp230c,81ceeebb-77ef-4f6e-a9a3-957bbbd463d6,Outdoor Activities,"Camping (tent camping, RV camping)"
3tjq8haibl,81ceeebb-77ef-4f6e-a9a3-957bbbd463d6,Travel and Exploration,Ecotourism and sustainable travel
qq8uypz2sz,821c1d20-8cf1-497e-924e-e859106c9fa2,Travel and Exploration,Road trips and exploring scenic routes
dhmc6q79k6,821c1d20-8cf1-497e-924e-e859106c9fa2,Travel and Exploration,Ecotourism and sustainable travel
ao4g6vaed9,b628f240-343f-4e34-9325-ec2a8f356a05,Health and Wellness,Yoga retreats wellness tourism
s6w4b48nvi,f0efc164-22cc-4aa3-a456-9fa10d70011e,Health and Wellness,Yoga retreats wellness tourism
2xh07dq962,f0efc164-22cc-4aa3-a456-9fa10d70011e,Reading and Literature,"Fiction (novels, short stories, fantasy, science fiction)"
0quybvno7v,cc80dd2c-7239-4612-84c8-40f9e131a70c,Health and Wellness,Practicing mindfulness meditation
sj5ku8diw0,cc80dd2c-7239-4612-84c8-40f9e131a70c,Health and Wellness,Fitness obstacle course races
v15s7yg00x,8d65c830-d49b-4775-9e0c-8d5a147d319d,Travel and Exploration,Backpacking and adventure travel
5j0sn6o0il,19209e14-434d-440e-acaa-9310d23b6f45,Health and Wellness,Fitness obstacle course races
4wwdtpbete,04346619-f18e-42eb-9374-d60fc94bf18d,Health and Wellness,Yoga retreats wellness tourism
bvua1djnrl,04346619-f18e-42eb-9374-d60fc94bf18d,Reading and Literature,Reading challenges and book clubs
afrf7dcebi,04346619-f18e-42eb-9374-d60fc94bf18d,Outdoor Activities,"Camping (tent camping, RV camping)"
th5d7zcpa1,633bfd40-4b6b-4030-9427-13303c15dc98,Outdoor Activities,"Camping (tent camping, RV camping)"
d3tdcwp0d2,633bfd40-4b6b-4030-9427-13303c15dc98,Reading and Literature,Audio books and storytelling podcasts
xo9okgc9v7,633bfd40-4b6b-4030-9427-13303c15dc98,Reading and Literature,Literary analysis and book discussions
tdf5jwqcfj,3ee8e075-960b-4bad-9285-a0b87422554b,Health and Wellness,Yoga retreats wellness tourism
yt0stv72kg,bb833c4f-f25c-4d3c-a564-6d194e7e0012,Health and Wellness,Yoga retreats wellness tourism
vmncsso7rd,beea4c63-dfd7-4603-b9d8-ec530af98c11,Reading and Literature,Literary analysis and book discussions
ukht4m5wgr,fb02ada2-e615-472a-ac15-654e4c78ffbf,Health and Wellness,Fitness obstacle course races
07yglh0c7c,fb02ada2-e615-472a-ac15-654e4c78ffbf,Reading and Literature,"Fiction (novels, short stories, fantasy, science fiction)"
uewam8aeb8,b1a1a1ed-10ca-4907-93a8-9f43a5d89ed0,Health and Wellness,Yoga retreats wellness tourism
o0ceg4paxq,b1a1a1ed-10ca-4907-93a8-9f43a5d89ed0,Travel and Exploration,Road trips and exploring scenic routes
f2ed813hyg,0b2d4489-0c42-4a0c-8861-a46c9a6a0555,Health and Wellness,Fitness obstacle course races
fpy44ws74u,0b2d4489-0c42-4a0c-8861-a46c9a6a0555,Travel and Exploration,Ecotourism and sustainable travel
qdpzjr8xij,af14b345-3671-4898-801a-937e4abc77b8,Health & Wellness,Nutrition planning meal prepping
ggim77ols6,71d0f278-a5ac-4d10-ad46-809ca9e48d3a,Reading and Literature,Literary analysis and book discussions
2hym1lgkq9,71d0f278-a5ac-4d10-ad46-809ca9e48d3a,Reading and Literature,Audio books and storytelling podcasts
4xb5cnjflk,71d0f278-a5ac-4d10-ad46-809ca9e48d3a,Reading and Literature,Reading challenges and book clubs
oosrbkzdge,450e5816-4a0c-49b2-a8d5-ffeabe1ac073,Travel and Exploration,Urban exploration and historical tours
may46414wm,afc6ed18-6abc-4072-bc63-809a716a1639,Reading and Literature,"Non-fiction (biographies, history, self-help, psychology)"
z3cpk01245,afc6ed18-6abc-4072-bc63-809a716a1639,Travel and Exploration,Visiting new countries and cultures
h6oo9rtwou,6355eb46-7f5f-4e4c-bd98-505a14d9ff8a,Travel and Exploration,Urban exploration and historical tours
4unfi8nc82,6355eb46-7f5f-4e4c-bd98-505a14d9ff8a,Reading and Literature,Audio books and storytelling podcasts
k4054twv7t,1debd7bd-d621-4005-a721-8895d7dafd87,Health and Wellness,Fitness obstacle course races
s8n98ggu4z,01170fce-33a9-44c3-8990-1891c89b08ab,Outdoor Activities,"Camping (tent camping, RV camping)"
l2cfnch32e,2852573c-f4bc-4907-8202-b5be8a0ccedc,Health and Wellness,Yoga retreats wellness tourism
k5haj39g1a,2852573c-f4bc-4907-8202-b5be8a0ccedc,Travel and Exploration,Backpacking and adventure travel
o6c0lppjtd,49ffc478-78ae-4ba1-a2c5-b77a3f7de45b,Outdoor Activities,Hiking and nature walks
32j7tb6cq2,49ffc478-78ae-4ba1-a2c5-b77a3f7de45b,Travel and Exploration,Backpacking and adventure travel
hx45w4id8e,304ea99a-2c46-4be8-a510-5f8138f65faf,Reading and Literature,"Fiction (novels, short stories, fantasy, science fiction)"
mou57g419y,304ea99a-2c46-4be8-a510-5f8138f65faf,Travel and Exploration,Urban exploration and historical tours
mfujyc2q9h,a73e1650-f132-4afd-8386-236dd8820d46,Reading and Literature,Audio books and storytelling podcasts
ynjwqyylle,1508a870-ce1d-443b-85ae-192cdc3531bc,Reading and Literature,"Poetry and poetic forms (haiku, sonnets, free verse)"
6hjhp52zup,1508a870-ce1d-443b-85ae-192cdc3531bc,Health and Wellness,Practicing mindfulness meditation
e9erurl6yy,69db4a94-2f02-4689-999c-5300dacf8d61,Travel and Exploration,Backpacking and adventure travel
giex6il6aq,69db4a94-2f02-4689-999c-5300dacf8d61,Reading and Literature,"Poetry and poetic forms (haiku, sonnets, free verse)"
451tkdaz20,019b7753-5b69-42be-9b68-9d11394df183,Travel and Exploration,Cruise vacations and sailing adventures
np8rvcudvp,019b7753-5b69-42be-9b68-9d11394df183,Outdoor Activities,"Camping (tent camping, RV camping)"
4tfbvz625q,019b7753-5b69-42be-9b68-9d11394df183,Health and Wellness,Yoga retreats wellness tourism
g250fuecer,4ef45869-4153-4e60-85d9-f53563b14c2d,Reading and Literature,"Poetry and poetic forms (haiku, sonnets, free verse)"
7g0az47uqa,eb0c7204-7de8-4be7-978b-0a0369ebf743,Travel and Exploration,Visiting new countries and cultures
jtybmtja1b,eb0c7204-7de8-4be7-978b-0a0369ebf743,Health and Wellness,Fitness obstacle course races
2am9im00az,eb0c7204-7de8-4be7-978b-0a0369ebf743,Outdoor Activities,Hiking and nature walks
1nmmwaorez,c32d3380-a6b3-416e-a283-8f7854443d50,Health & Wellness,Nutrition planning meal prepping
8htu22saje,c32d3380-a6b3-416e-a283-8f7854443d50,Outdoor Activities,"Camping (tent camping, RV camping)"
3ju47sffre,c32d3380-a6b3-416e-a283-8f7854443d50,Reading and Literature,Reading challenges and book clubs
rgxia8f4zs,959b918c-2a29-42c2-a73d-dd5cc91ce5e9,Travel and Exploration,Backpacking and adventure travel
nl17l67kah,959b918c-2a29-42c2-a73d-dd5cc91ce5e9,Travel and Exploration,Visiting new countries and cultures
s71v1a5io5,c59d7218-625c-4008-b959-57665a433f6b,Health and Wellness,Yoga retreats wellness tourism
mcsk7vpdd5,694986ab-fd3e-45bb-b093-7218d7c08813,Outdoor Activities,"Camping (tent camping, RV camping)"
ogfsqs06xi,694986ab-fd3e-45bb-b093-7218d7c08813,Travel and Exploration,Urban exploration and historical tours
9kqbk4ezbe,a3d6bbd3-14a9-4be5-b677-a015ecb68e84,Travel and Exploration,Backpacking and adventure travel
es51g63uzc,cce41020-05d5-4452-bb45-35a4203cb747,Health and Wellness,Holistic health practices (acupuncture herbalism)
c9ionuadza,cce41020-05d5-4452-bb45-35a4203cb747,Reading and Literature,Audio books and storytelling podcasts
w647pvbxg8,cce41020-05d5-4452-bb45-35a4203cb747,Health & Wellness,Nutrition planning meal prepping
k81ele0mmu,f18742c4-db8b-4efa-8cf1-469e1d6e356a,Reading and Literature,"Poetry and poetic forms (haiku, sonnets, free verse)"
kjv2p3wphj,44cb141f-df48-408e-ac9a-c5fdb66eb199,Travel and Exploration,Backpacking and adventure travel
ei7r2slkn6,44cb141f-df48-408e-ac9a-c5fdb66eb199,Outdoor Activities,Wilderness survival skills
6xt1ewtllr,f8668ca0-7feb-43f8-9d87-5b3ec975cd2c,Reading and Literature,Reading challenges and book clubs
o003p5q2ar,f8668ca0-7feb-43f8-9d87-5b3ec975cd2c,Travel and Exploration,Cruise vacations and sailing adventures
wszfeng2sa,55252131-49e7-4357-9859-fdf3ee86f7cd,Health and Wellness,Fitness obstacle course races
4idld0nc80,55252131-49e7-4357-9859-fdf3ee86f7cd,Reading and Literature,"Non-fiction (biographies, history, self-help, psychology)"
cvvgqcj6n7,78f11e9e-afc1-4a1c-9266-f3ee5e2d2933,Reading and Literature,"Poetry and poetic forms (haiku, sonnets, free verse)"
v7ff8bb1z5,17e03002-2a14-49ef-8595-68c8a02b0250,Outdoor Activities,Wilderness survival skills
8vfvhic3rt,17e03002-2a14-49ef-8595-68c8a02b0250,Health and Wellness,Yoga retreats wellness tourism
6fteb0mmde,17e03002-2a14-49ef-8595-68c8a02b0250,Reading and Literature,"Fiction (novels, short stories, fantasy, science fiction)"
pxdw6jpm6v,e736afea-97e2-4f65-b042-2f0f2b22407c,Health & Wellness,Nutrition planning meal prepping
www6fgezfw,e736afea-97e2-4f65-b042-2f0f2b22407c,Travel and Exploration,Visiting new countries and cultures
kcacmoloz8,e736afea-97e2-4f65-b042-2f0f2b22407c,Health and Wellness,Fitness obstacle course races
05fgaha0kg,7bbb6837-e9d8-4460-8d72-d54a504895e2,Reading and Literature,Reading challenges and book clubs
kasms8aut0,57af099f-7593-48fe-aff6-9219bf7bdd24,Reading and Literature,Reading challenges and book clubs
t62e88twjf,57af099f-7593-48fe-aff6-9219bf7bdd24,Travel and Exploration,Urban exploration and historical tours
eqejgfdb4r,c23cc544-5659-43b7-88d4-93de261ad429,Reading and Literature,Reading challenges and book clubs
3te5oxjfyy,c23cc544-5659-43b7-88d4-93de261ad429,Outdoor Activities,"Camping (tent camping, RV camping)"
x4wqk4qa3f,c23cc544-5659-43b7-88d4-93de261ad429,Travel and Exploration,Visiting new countries and cultures
rlvqdg18v9,dad66b35-abae-4363-b38b-b84e0bf7e086,Reading and Literature,"Non-fiction (biographies, history, self-help, psychology)"
8w5ouls6br,dad66b35-abae-4363-b38b-b84e0bf7e086,Health and Wellness,Practicing mindfulness meditation
jx54ooc2a8,3fa705aa-f883-4f7d-9e6b-9076be84ce43,Travel and Exploration,Urban exploration and historical tours
n9h3mkbx5i,8a54bd0b-54e1-41ff-8e15-d7b7b38b8a97,Outdoor Activities,Wilderness survival skills
ujpwqa6hqs,8a54bd0b-54e1-41ff-8e15-d7b7b38b8a97,Health and Wellness,Yoga retreats wellness tourism
inj_9676a7ca-9734-490e-9836-0b30e00759c3,f7a71c46-6add-433c-b9a3-990b75f54cb3,Lifestyle,Music
inj_02700a85-1cc7-464a-8e20-22e1d4bbf0c7,265670dd-1041-4fdf-baa6-ed98ae563536,Lifestyle,Music
inj_1efcd3cc-bdbe-45c9-bff5-0d6b8c8c955b,2db0bb95-91e4-4b5e-99b7-cd1f8ab72983,Lifestyle,Music
inj_285e2d94-e1fd-4b50-a22e-2e98f84a357b,0fc55c9f-d71c-4922-8adc-3fd2854bc142,Lifestyle,Music
inj_f90c24fc-e458-45b4-b3ac-aa50f58749e6,bb7e0e50-79bb-48d8-b944-78966089a1d8,Lifestyle,Music
inj_2124e7c0-c6b7-459f-8d38-c8c72d941092,e358257b-4c64-4189-978a-867e6df10a9b,Lifestyle,Music
inj_4584e610-d45a-4925-bf95-2ad5fca0d783,d9d52c4b-546c-4ae7-95d5-112d3cd0e401,Lifestyle,Music
inj_c40aa770-b265-434c-b054-a1b4425a1f88,721d044b-385b-4fd3-badb-14b4d016aaf9,Lifestyle,Music
inj_b196516b-d9d9-4ad3-b8b2-2968f17b0011,362c8150-992f-4e78-a826-c34be0b245a0,Lifestyle,Music
inj_2932b9c2-ee0f-45f2-a069-4fd2eb21f6db,22bb84e2-4c41-4d0a-8bc6-421473b2fc6e,Lifestyle,Music
inj_993f3b38-e631-417e-a926-59a082c09c52,49ea7e79-f1e1-42dc-a8de-75ac8fe5528c,Lifestyle,Music
inj_808330c3-8333-4d56-8999-9dcf078d9cc9,02220334-d27f-4b3f-bef7-639443a58d57,Lifestyle,Music
inj_2c94e6c3-2fda-4a83-8e45-0921bd57b216,4445dd3e-ced6-4cd1-847c-0e0e75ac3258,Lifestyle,Music
inj_a4ff2862-796c-49bf-b2c6-3e68408ca854,2e48d2ec-3f38-4f2a-ab29-8d5860a39d4c,Lifestyle,Music
inj_c13c7439-3ec5-4535-9c7d-462afb34b4c5,fae9a331-1996-4654-a254-33b24245f93c,Lifestyle,Music
inj_3090c98f-80db-4f1d-ab1e-e0f23bcff7d9,28b75718-dcc4-468d-a651-2520e2a56d65,Lifestyle,Music
inj_971bd0d4-88ec-486d-8081-78fcbbe95903,278e3e26-17af-4c92-beba-d0227c43af08,Lifestyle,Music
inj_9a32cb6b-038a-490b-8efc-a50086fe267e,478b87ed-bc00-4481-8e46-496740317174,Lifestyle,Music
inj_b541a6a0-5cc1-4e69-aa5c-4bde51a30d7d,9907f1d6-c905-420d-9e2e-24110d7ee7ef,Lifestyle,Music
inj_c3b6a60d-e404-4f60-a2da-519370782790,1dc1ac41-96a0-4ef0-9b41-aab3ff667eba,Lifestyle,Music
inj_9d13c25f-d222-45ae-bdda-5592a3da2653,ae5a2c4e-4a02-4338-8702-f53cb2cbcaf1,Lifestyle,Music
inj_2f598195-c6c1-4819-8e46-62469d6c3f84,ec0b662c-4bbb-4eb0-af18-73222ea2992d,Lifestyle,Music
inj_26d5947c-cb64-429e-bf84-16a446b94e5c,3c33050f-52b8-4d9c-95b7-e3b8f630dbba,Lifestyle,Music
inj_eb88702c-0534-4b69-b599-89a36220daf9,f5356944-e5fe-4c30-8c7b-5fafae4ebd50,Lifestyle,Music
inj_a85f3f65-96b9-43bb-aad1-507768aac41a,e32aa34e-f7c7-4f72-9d7f-85421b5c8614,Lifestyle,Music
inj_f66f2902-1fc7-4a64-b009-297ed5f3224c,516a1e30-15c6-4696-b8a9-aa09ac841f68,Lifestyle,Music
inj_7a446bbe-8a10-4a6f-ac63-359472ee9862,dd4dd762-8340-4723-aa99-89fbd89d0bcf,Lifestyle,Music
inj_17dd4f86-0b0f-48a2-843b-e39eebc5b8f4,671ef4c9-18d9-48fd-83f5-e07c757286b1,Lifestyle,Music
inj_03a983d6-4d25-4df9-9706-20be2a6917c2,e174d44e-4cc5-4a14-bef8-245d3155ecf9,Lifestyle,Music
inj_6ded001c-6ab4-4fa2-aeb9-35b3b107d056,82ba8901-eed5-4abd-93da-aafc04d4c93f,Lifestyle,Music
inj_943e32d1-72dd-4b3f-bf7b-0fbc2baa81da,b91f2ee2-a407-46b8-afd9-64b0df851c77,Lifestyle,Music
inj_f95f4765-4aa3-456d-a841-8877e9cb5875,65192c5d-98ee-4529-b43a-2610de2a0b18,Lifestyle,Music
inj_edf9a787-98bf-4e2d-9107-0491b7c6b0e2,18366e0a-d82e-485e-8dde-059e6463051d,Lifestyle,Music
inj_4c23983a-c6a1-4681-bfd8-11f837e88465,848232f1-1cd2-4111-878a-45f7de8c8d5e,Lifestyle,Music
inj_237e673e-c516-4c71-a873-3e4c53033197,31bc4e35-ac69-4186-a76f-3bf9795ba28c,Lifestyle,Music
inj_db61abed-d1c9-462f-9f3f-264ada4de6cf,4e2a50dd-c749-43be-b1a4-975c0338074d,Lifestyle,Music
inj_0ce1754f-a6e0-4af1-b00a-2574f9b53c83,3d499e2f-dbdb-4a38-baf2-5d911d0adb2a,Lifestyle,Music
inj_db8a5179-70d2-483d-a628-9e2ba6fdbf2a,6f1c9da4-81d9-4cca-9a8d-8720938c9b80,Lifestyle,Music
inj_83dcda3f-1a9d-4d50-95a3-6b9416d258d4,e4ec6c8c-22bd-4b84-acf0-91723b9a3ba2,Lifestyle,Music
inj_f81f9b5b-a26f-4d48-88d5-da87ceb202f8,d59ea746-e298-403b-8b1c-11638364dc4d,Lifestyle,Music
inj_df87bc1c-12e3-4232-a2b4-9914f4b97809,c843431a-f06e-4c15-8949-44873930894f,Lifestyle,Music
inj_b2a79959-c511-4400-8ad0-41c86a13ebe3,e142d90a-f7f1-4930-a795-29f67c58c6d8,Lifestyle,Music
inj_bf8e6030-5bb9-4bb9-a861-e8daf6c3569e,ced3c56d-d218-4429-a50f-3cb41af028d6,Lifestyle,Music
inj_b8e11abd-fb05-4907-9ce2-eef7d3365970,32de2a7c-66c9-499b-a9ff-67f6b22fde69,Lifestyle,Music
inj_50f58c84-1f0f-411b-8a41-b8a6c825c086,96238e52-c177-4aab-9c6e-d1ca3c9afd54,Lifestyle,Music
inj_a9ad6063-cd64-4b42-9b59-1e32953d0c03,09bd34ec-e321-441d-b6c6-8b630adab478,Lifestyle,Music
inj_59cac7c6-63cc-4f08-8f8c-e77e6d75ff49,facb40a6-0715-4ad5-9c0d-28391a979abe,Lifestyle,Music
inj_a6440782-a553-4b06-a33f-895f41ada8cc,f6284d8d-14e4-4906-a6ec-5dfcdd62675c,Lifestyle,Music
inj_9f707304-187c-4d64-8494-a2e19897bf40,f071da9a-2d5b-4dff-a6a7-603b04805b62,Lifestyle,Music
inj_db5b8d0d-8806-4d32-bfb2-874c6c297392,73320fcd-d6ec-4938-b84c-6546e5e1353e,Lifestyle,Music
inj_3e772871-303f-4d20-a764-87c88627a53e,79f53e17-ca5a-4213-baaa-4ec70100faa0,Lifestyle,Music
inj_5949d428-2b5a-42da-91fe-89da423605ea,93e87cef-4d3e-4901-b6a8-4c29842becd1,Lifestyle,Music
inj_8dfef903-38e4-4701-a6fa-bdf82a83e5da,49c7bd36-dea6-49ce-a1d4-97c7370de174,Lifestyle,Music
inj_1b0b5de4-e59e-4b38-8398-24f3f7017978,724b0662-be32-4adf-b63e-6d0a69fa3e3b,Lifestyle,Music
inj_b3a4d1b2-9b4f-43d7-80d0-0dffc8126741,426a591d-5875-4753-b0fe-1dc8ba65eeb3,Lifestyle,Music
inj_1c7fcd97-fb12-462c-8179-a376ce74d2f2,1937244a-3912-4e51-9247-f7178af1c7be,Lifestyle,Music
inj_4ea30aff-e3d8-4b3e-9992-688029cda144,d145de77-2ad2-4330-9b1e-aa31a47a4748,Lifestyle,Music
inj_a32fa436-de87-4720-a51e-3fbd17c33891,d1c646c0-3b46-4b62-9896-b4a193e0776d,Lifestyle,Music
inj_d1969237-d336-44d3-9449-542bd29f7304,9fdf23e8-f053-4b67-a8e2-808673733e4d,Lifestyle,Music
inj_81a9d315-1fb8-44d5-a557-a225b1bd1e3c,70e4afbe-e0fb-4e0d-9739-8f87aa81d4d8,Lifestyle,Music
inj_f387c891-87ac-4ecd-a353-9d42c7b325ac,f1060f59-ac23-4a12-a6a1-ea40c7d0b0f8,Lifestyle,Music
inj_224c8973-dc93-4b8a-b5cf-0c293929ce00,5331c61a-44d2-4826-b678-e428a9783dbb,Lifestyle,Music
inj_3aae3925-576c-4254-8647-dd2a69ce2720,b9a9b600-777c-49e9-9a37-c2371bb8c4e7,Lifestyle,Music
inj_c0f411e7-0eae-45f5-8a0a-8755f786acd4,13045a5e-2fd3-4785-ac1b-5461a6dbe715,Lifestyle,Music
inj_1284d287-2e4a-4477-b0bc-f3064219dcbb,4830e868-14d4-4aa2-a616-56a4b90c6e66,Lifestyle,Music
inj_1eee60fa-3a3e-4c8d-bf22-1c92cc05dbf7,26882ccb-bb29-4670-87f3-12afbd161d8a,Lifestyle,Music
inj_5372a869-e751-4e20-a1c5-d96d4815743c,dd578375-7537-4b20-a939-ece4714c1d28,Lifestyle,Music
inj_49fd5f64-2030-45c9-8478-8a690bd67553,4082bb0d-deab-460c-aa28-325641cb2156,Lifestyle,Music
inj_d79f3f15-d287-4a40-b08e-a058cd77f502,beba6d77-2746-44cb-9115-442af30be195,Lifestyle,Music
inj_0a8f2231-af3d-4935-bb80-5c996b7a4054,0a6bb360-9e2f-4814-833f-5918fdcd6525,Lifestyle,Music
inj_6b99ab28-d9d6-481f-94a3-a3b87b4bd397,d4e40a68-3274-4f30-ba07-a76a10555433,Lifestyle,Music
inj_d9a60867-878f-4341-9bdd-8cdcddf6eabd,f598296f-5282-4087-bc59-9858ea4452f8,Lifestyle,Music
inj_cff70e45-34be-4cb8-a8c0-44350a1d7be1,c8ef3d83-99e6-4c96-90f0-e511691966f7,Lifestyle,Music
inj_bba4c8c4-d335-42aa-b421-5add5219fdc6,ccd04e1e-57d4-4ebe-b194-e403e7fa4ed2,Lifestyle,Music
inj_febafe2d-ae9a-4340-9408-4d6a4efb0807,c2929836-84e2-4733-8c65-1035d01c588a,Lifestyle,Music
inj_c03356a6-22b5-492e-8a81-239d42d4eca1,74dc02ef-56ca-4a05-a5a8-e5477bef7392,Lifestyle,Music
inj_4aa19818-618b-44ab-a829-d8e366612f4d,d4041865-1351-4ce2-bdc2-ac01a9646922,Lifestyle,Music
inj_2faa6063-041c-4018-aad5-e49ce73c7842,3b024fb9-9c8b-47fb-b2bf-b0b21071c8b2,Lifestyle,Music
inj_de99c6da-e206-45c9-8d93-7423cc53aa72,06071549-207d-45e2-8da3-8465615dcc08,Lifestyle,Music
inj_9d232915-4238-4ec7-baea-2d1628e778e3,72dcbaa9-2f99-4ecd-bdb6-c1729a27f9ef,Lifestyle,Music
inj_df3a96e1-5bcd-4ee9-8f61-df7fd87ec3ee,1d9bf402-6cff-43ad-86a5-e9df913d4f74,Lifestyle,Music
inj_dafb0db4-a626-4020-95f3-9e614151afda,c4c797d7-45c1-4b91-b1cf-845ba9e6919a,Lifestyle,Music
inj_c58adddb-d5f3-4d56-af0b-687c9f7e3f44,424dc1e0-1974-4a40-a055-6b375ee686bb,Lifestyle,Music
inj_21fa1c63-8580-4e34-91c7-6232f07de268,ccae97b6-bc2c-455e-9236-f902353fbf5b,Lifestyle,Music
inj_5e485ad0-6d96-4f77-83fc-60ca1a894d29,5bb4389f-a469-459e-8afe-14b348830d4d,Lifestyle,Music
inj_9223c045-de9a-4cef-8870-a5dcf5bd69b0,afb3bf01-3024-4db5-8c75-d9cd6e0c4ffe,Lifestyle,Music
inj_849cf262-2e1b-478e-8f5f-c16dcd9d6d62,2a17c521-0afd-48d9-9fd6-0974aa1073c8,Lifestyle,Music
inj_77e26d56-a5e8-4c8b-9be0-a0a4854b0bea,6edc3769-e348-4edd-9443-f238212e2952,Lifestyle,Music
inj_0340d9e8-cc3b-4529-9fd8-7eaa81d576b1,b34f4a4c-0b31-4f00-bc67-19d20a92eede,Lifestyle,Music
inj_cece53cc-73cd-4b82-9a3d-a7c70e361e07,05620726-05e5-446e-b6f7-2ab3ba04c8af,Lifestyle,Music
inj_6af7301b-1aba-4754-ae1f-0a52f08ef489,67260a9b-4a15-4dfb-9c52-c8882df6c63e,Lifestyle,Music
inj_43ae26c6-0a2b-4d6c-ad1a-2a5624dfdae8,f76fa3bf-3f66-43e9-a10a-b3b3e3f609ab,Lifestyle,Music
inj_581de27f-30e3-4d09-9a7b-8ca105f9e8b5,bf4763a1-bc6d-4a4f-9142-ebd70ca52418,Lifestyle,Music
inj_958975a9-d2e5-430f-9af2-ec8a73618f00,3c1bae20-c604-4fb5-a2a6-61dc48493676,Lifestyle,Music
inj_fe13bea8-c82a-42ea-a187-1718ef9b4f66,6faa814a-e5c5-4a3d-9e93-91b3fa954586,Lifestyle,Music
inj_ab7c1262-5e93-452f-8858-6a18c8eafaf7,e27c5da5-556b-4c6b-a52c-5996a66dcdd0,Lifestyle,Music
inj_d2044f5a-2f2c-48c4-ad7e-0984d73e1d42,cf57dc6c-144c-4186-9239-234b73974baa,Lifestyle,Music
inj_3c1ec6b1-0ab9-4f87-b6a5-16875444ddc0,ebebbe6e-2fd4-4972-9d08-c0c387286725,Lifestyle,Music
inj_c092ef56-cf24-4de3-a7cb-73d277275f61,3292cb01-0f37-45fa-87c5-c4077a323754,Lifestyle,Music
inj_72704d02-4d24-493f-9c23-e3e05b8ba6eb,1554f24b-a147-4e4b-86aa-20b3329de300,Lifestyle,Music
inj_76329670-3649-4fc2-bd6b-be9ebe6fe30b,8f2df7e0-0708-4073-ae61-327d5c4e951a,Fitness,Running
inj_310a3808-18b3-4678-87e4-dc4410a7e8e0,59f5c052-5630-48f4-9622-ccbf22bcb00d,Fitness,Running
inj_14f3ef2f-f308-4d80-8ddc-bad415e64b42,2cbbea22-341d-4739-aad8-449aff8f7470,Fitness,Running
inj_a6446afe-00d3-4faf-9210-1a74b4329d58,459b9fd1-dcf6-4b2b-a342-f1da407eaf7a,Fitness,Running
inj_3a1ebaae-1231-474e-9bf0-85e92518f184,8f4012e0-5a0f-4ef6-887f-c348acf10f1c,Fitness,Running
inj_30fdcf34-fe39-41cf-9495-59f10f12e915,d79fb4ee-2c09-4936-8679-e76b5a9eba51,Fitness,Running
inj_7f449a53-9e6e-4d50-91ad-981f707b677f,45765bdc-d12d-4a45-a2aa-f58644fd215e,Fitness,Running
inj_40b8c2cb-a97c-49fd-ae8e-477481c78094,d9dfb3df-3b72-4db5-bd87-c589c08f674f,Fitness,Running
inj_3b9cd0b1-3c41-4f50-95ba-711eafe84a92,a0bb9600-8861-41ed-a92b-c5e83d88e1ab,Fitness,Running
inj_126e0c68-5bdf-40c6-a236-958634c24d6b,0213e574-1095-49cc-9c3d-388db5cce7f9,Fitness,Running
inj_c88f517e-15d7-499a-9f59-c6d04b2baa5e,aaae9351-55c8-4644-932a-f0c454b9c1a0,Fitness,Running
inj_9f9b1c68-dfc6-4037-83e4-f42eaa1ad298,c709e9c7-cad6-4ace-add6-416b3854f383,Fitness,Running
inj_c468dd0c-3c0a-493a-8f72-155a5a0a97d1,0a1b2bd4-a0b5-4294-a5b3-1f525f325114,Fitness,Running
inj_95c1463c-5846-4df5-8867-6602c2bcf214,bda8a225-e102-45b3-8e95-8ac1288f3d4a,Fitness,Running
inj_8ce4891c-5bec-4584-aacf-498b4aa7dbdb,c00c535b-18c1-40e9-a77d-7328adedd9e9,Fitness,Running
inj_4b2fca3e-e8ca-4988-a50b-a95c251e3b16,2296ed0f-15ac-4c4f-b26f-f6ebb74467a4,Fitness,Running
inj_16283e0e-4df8-4840-a756-9cf2010e1212,01d00b8f-8335-498e-9eba-5d8294235b03,Fitness,Running
inj_08893532-e340-4e4d-8f29-ccda69a30694,c9e04776-af47-4fe6-8dc9-65d596100bb8,Fitness,Running
inj_c10a102b-9501-4670-9fb7-a2bb3450fe3d,f5d91fc1-a419-43d2-a59e-6708ca78e113,Fitness,Running
inj_39d0b17b-e373-443d-ba7a-dddf22bb337a,ef3f7d85-b2db-4966-9582-4acc95f72719,Fitness,Running
inj_f66f4292-5f90-42e9-a368-d307a7d3aa04,d0398941-5a3e-490c-b3ed-91764f41a3c9,Fitness,Running
inj_ce1aef8b-b1c0-4eed-9ce0-70d72fc9de33,8df637b6-4373-4373-b284-9610cbd59550,Fitness,Running
inj_5617fde4-b32a-4de0-b7ee-31fb42903cc5,ea442318-2bf4-4385-b3f0-795ef6d5d404,Fitness,Running
inj_d84889c1-6496-495d-8c8b-9b4e8222dc80,8c5f87d8-6de7-49ba-a93a-ddec2903c65a,Fitness,Running
inj_b7fbf563-c595-45b4-9225-a53fcdb9aec9,d69b915f-fea8-448e-85f0-2786c483bff2,Fitness,Running
inj_5e2263df-cbd5-4103-bffd-1c4cc2cb0fe2,dd983f93-297c-4d18-b507-92a08d1eb5e2,Fitness,Running
inj_bce9a393-d63c-486b-9e08-788f6cb8f191,94d05938-44cd-4d19-8e5f-a913422e3cca,Fitness,Running
inj_a347552a-1f7f-4b2e-aa3d-ccba2542ff06,0c050158-6ab8-4a27-8793-e4e35c6dfe1c,Fitness,Running
inj_c3a2500a-a165-4593-bb89-daf6b8a56586,384274db-ed75-4339-9683-af80fe1e7bba,Fitness,Running
inj_602f9019-b0f1-449c-b33d-1d88967921fc,d08250b4-b3d9-4846-9aef-459af3cb1135,Fitness,Running
inj_991dc8a0-d441-4104-bfe6-ced0269c1047,211d1bb7-9ca0-4b9d-bf17-4e2223fc2cb5,Fitness,Running
inj_6460aa72-6fd9-491d-91a9-70d85b16e83e,6b5560e1-2177-4e31-907d-94f9a9b9a4e2,Fitness,Running
inj_279c435c-4631-4227-9f0a-4737dc0f1df1,93792167-a15f-4674-ad0d-383ec3e2e196,Fitness,Running
inj_850cc669-3986-44e9-89c2-b619001ceacb,d7f26a55-bac2-4106-921e-53187377783d,Fitness,Running
inj_9a060a6d-b575-417e-8242-d95bf4fa1cc7,c083e157-8020-4908-86a7-9b697f67ebb2,Fitness,Running
inj_5efb42b8-486e-4f7f-9f82-7623f8292f70,7ba78894-c1f2-4a33-aa1e-3bf8fcba70f2,Fitness,Running
inj_230b702c-9918-42d2-a084-2f713d351708,12b56280-ef2d-4753-807c-a9f958c77a2a,Fitness,Running
inj_08e000d0-92ad-4648-b4b4-e8616cb2f79c,239fb45d-d42a-4bf3-8e86-79d3e552684f,Fitness,Running
inj_43f83136-5d45-4079-ac18-d769252f8851,e917b350-36ea-4995-aab6-a3f6f33b1a5a,Fitness,Running
inj_d1b3be2f-bfe5-48dc-b147-0b36f74c8419,2cc2b739-30f8-4956-8e77-513fb057ca11,Fitness,Running
inj_c90fb8c7-74f8-442b-8427-30b5fb509710,017dafb9-2614-4e69-a87d-4444a55e83c9,Fitness,Running
inj_48223609-7a01-44a1-8bd4-1f6fd69ffe79,6a1cd465-fd6a-4aab-a114-e01991c1186f,Fitness,Running
inj_1aba7815-45e4-4f34-b8eb-2c5443317125,bcea157f-f45e-442b-ae81-b447e258bf2f,Fitness,Running
inj_27639c7f-8b7a-4503-b399-135be61a0bac,b6c609a5-e107-43fe-ab6a-f1a0d922d3b8,Fitness,Running
inj_3b5638a4-e9e1-4ea9-a452-897c4e7f3de3,e1665060-8238-415b-8637-6f0a8ee0fdf4,Fitness,Running
inj_c5fc7cc1-a4a2-4555-b02f-44f5ce30ddc5,d0d5eb3f-9819-43e4-93ac-13dafa5571ed,Fitness,Running
inj_bf02c7e5-b548-4138-a86c-c4d944c331eb,20cca08e-6c35-4eb8-a7e5-913a7219df31,Fitness,Running
inj_9bb88ce3-168c-45d4-9663-6bb4159b9843,294d3756-5571-4a92-8bdf-94f3678d862c,Fitness,Running
inj_81a08543-c4ed-4e00-b0fe-e18a690e5d77,9bba45f3-78cd-45bb-b413-66e6cbbb716f,Fitness,Running
inj_ba84a5fb-764b-4a2e-afa8-b88e1d3224c7,2e3f035c-48a0-40e3-b02e-d93f1fbfd0b6,Fitness,Running
inj_2a625993-00fd-4b82-8bf3-8a2aa5b475f8,cdc1dd97-2cb2-40dd-a789-6e0f9adfd03a,Fitness,Running
inj_dc3977a2-680c-4224-aa47-87ce07bd0e67,beba6d77-2746-44cb-9115-442af30be195,Fitness,Running
inj_ab2cce8a-77c5-4c3b-9bcb-68c51bfdc537,38c71011-204f-4da3-999e-956ea8791977,Fitness,Running
inj_ac41758e-0075-44fb-9a20-8310ec5b9236,b7cbc0b1-f884-468b-aae3-40a233a4b6a0,Fitness,Running
inj_41365c6d-4bfb-4dd2-9345-6c3626cda4f9,d2050e69-5cc7-4832-aff6-37caaaf87148,Fitness,Running
inj_0f1f8968-1e08-44bf-b1a2-2252f7f460a5,722fa3c2-b613-43e8-a0db-ff0030cfba64,Fitness,Running
inj_911544a9-460e-4870-afa8-b5ac27cd2630,11cfd38d-41bb-4c28-ab9a-01de42032155,Fitness,Running
inj_669218d2-b8b0-4f3b-a919-36fa4e7936ae,0609ae86-5c1f-41fd-acb5-2ddcd9efd0e1,Fitness,Running
inj_3a34ca37-e173-436a-9f37-26bede60f93c,d0c3d899-de29-4074-bf7d-abb46da20767,Fitness,Running
inj_76475aec-beaa-488c-ab4d-693df3f5460b,74a5b0af-0c1c-49b2-827c-33b0388858b1,Fitness,Running
inj_d156bc53-cafa-4039-a08d-a44a535bb457,e32aa34e-f7c7-4f72-9d7f-85421b5c8614,Fitness,Running
inj_79b281b8-5fba-4872-864d-a975e8d68acc,3e876e2b-9513-4b74-8615-66ea985d7cf2,Fitness,Running
inj_1151f0a5-9e4e-4212-a789-bae68e67e3c6,969734ae-ea97-4cf1-a93e-292045e192b6,Fitness,Running
inj_b50f25c7-4228-4e43-8b42-77470cf297a8,1611f746-9a5a-4544-998b-8eb48bf135df,Fitness,Running
inj_7f24a87e-4932-486c-96de-c738d354a3ae,2dda8be8-0ac6-4ff2-ad09-fcbc3fbf92f2,Fitness,Running
inj_b9d1cb0f-f164-4f7d-831b-d72dd802fb6f,98fda998-a572-4252-9338-e6cc5108d6c6,Fitness,Running
inj_05b2bd43-4cc3-40bc-813d-8119cccb7ecb,7ccb45c1-0263-4057-856d-605ee6cc6bc9,Fitness,Running
inj_ac6c6121-cc52-4ef0-a427-6751a88fc4e9,42e2ee2b-9c1f-49d5-9b02-ea4b9d4c37d4,Fitness,Running
inj_6793a87c-daec-4fd9-b86a-301418de3507,34c3c4fd-a4d1-4f06-b4e7-47efda2402c6,Fitness,Running
inj_2eb8fefb-9cf7-41d1-81ce-bd05fef8027e,2862a95b-ef8b-4645-b623-103fd42b7e80,Fitness,Running
inj_2a9231da-35e6-409b-b009-6958d9ae3b5d,733893d4-6668-4b7b-8b53-915f3d577ead,Fitness,Running
inj_50efa9a1-c092-4460-b977-4fc653f99f25,214b2e5b-3cbb-48ce-bcdf-cc3e556ae671,Fitness,Running
inj_3c56b757-fca5-4fc6-ac1d-2a24b2f89bb1,696fb37e-34c1-499c-8113-aca8f90dd352,Fitness,Running
inj_1f1763b1-b05a-4895-9402-5679a7d1fb73,1c4eeaf9-063b-4464-8c18-122a20f62c0b,Fitness,Running
inj_b4930bc7-032a-4555-906b-7765aa2034f5,8ef9e2f1-7683-4600-9479-5631b5df573d,Fitness,Running
inj_dd5a066b-ff3c-4233-b1bd-317264a75820,d22e37f4-f7e6-4fdb-94a4-43662f53b188,Fitness,Running
inj_d30a528b-e9c0-4e08-b55a-6ec024f8e531,a499369c-600f-4c95-8c4f-15b27de0781d,Fitness,Running
inj_56de2472-9e7f-46d1-9edb-ea6cf66ffbbd,0641295b-ce22-4d25-bd22-235a9c19808a,Fitness,Running
inj_ae901245-e8c5-4085-8042-77c072e878a2,48879151-aaa7-4735-b854-a598a0e62f60,Fitness,Running
inj_5404d69f-cbf4-423f-a194-65fbd7c3169e,4ce63fb4-0066-4789-882c-cca3a4c6cfbc,Fitness,Running
inj_5379b252-78de-4318-9d4a-72e11cf30217,7a6cc43f-f920-4a1d-9e6f-eb4bdd354a9d,Fitness,Running
inj_62f907bf-8693-46e3-be38-34caed9f7f9f,faef25b4-bbb3-4e53-8fe7-9b2395a9fee7,Fitness,Running
inj_ac246d54-8f82-471c-861b-bdbb5cf7be1d,3b024fb9-9c8b-47fb-b2bf-b0b21071c8b2,Fitness,Running
inj_a0759e6e-d694-45e5-931f-dd11d96bdb52,c710a691-e490-4ec0-acfd-6cd9d64147b7,Fitness,Running
inj_b95b788d-4117-4e61-904c-b23079055e69,38fe4ce3-ed76-4a64-9653-af4c4923316f,Fitness,Running
inj_9c19590c-97d6-4282-bb28-df03742caf13,7327de32-1fb3-477b-867b-85df579bdb79,Fitness,Running
inj_ac76754a-df7b-4e7a-989d-79a895649746,b628f240-343f-4e34-9325-ec2a8f356a05,Fitness,Running
inj_231bd7a1-4dae-4ac5-98ce-c432baaf088a,07338794-c8f2-464c-b29a-9f1722ff75a3,Fitness,Running
inj_4812f3e4-c402-487a-875c-1634c4784726,3561aa9d-9ade-4191-a00e-bebed2de42c2,Fitness,Running
inj_5969dbe6-506d-4bad-a180-a6fe1f249344,9f2df0b4-dce0-46e8-b77b-96403206cac6,Fitness,Running
inj_18a20af2-1fe2-4a72-9472-8924b6f7be86,5528077d-766a-4f76-b93c-1c1026d0aad5,Fitness,Running
inj_cf5c6b9b-65a7-4bc9-bdfa-286677483e61,0f3d3a3c-32e4-418f-a401-f27ca3a29698,Fitness,Running
inj_7e25ab64-38d0-47b1-997f-c01561c82bae,ffcb3c1d-46d1-46c8-bbaa-fbeb9710cb18,Fitness,Running
inj_211c0392-fcb2-467c-9654-95ee0f16cda6,48a211bd-0cad-48b3-9571-d400234457cf,Fitness,Running
inj_410e1256-fd4d-4176-9346-2557d2b735cd,8c2a39ba-c546-4520-8415-2d58ced519e5,Fitness,Running
inj_a73c0b5c-5e8e-4d6d-afed-de9778ffbc13,7f91ada6-c58d-47bf-9f45-940282f6a292,Fitness,Running
inj_1024f8a1-8252-4137-b318-d5457ad63492,604ba0df-e51e-4a29-a32f-c12009497e01,Fitness,Running
inj_31c3e50d-4ab3-4f7e-905c-fbbabccf7e68,d0f5136a-0f40-414b-99a7-5f11b9abeb49,Fitness,Running
inj_682bac66-2251-4aa1-851c-c3a678c41ace,ca44a151-be76-4e2f-9f44-8d30b4c8fd40,Fitness,Running
inj_f736df16-03ab-4b91-91a4-0011a15be973,0345bcfa-cc1d-4786-8c26-d52992b03849,Fitness,Running
inj_832a6d1d-b413-4f02-b9d0-9cd8af2b94b2,c47f2645-9cd1-40fd-9b3f-8f4000964adb,Fitness,Strength Training
inj_28392f28-e9e5-4e99-ad74-7fca16bfe824,fe1ca8d4-4e93-4a01-b19a-050c99915b6d,Fitness,Strength Training
inj_f2c37228-8624-426d-a923-fda8c5fabb97,54dc4f21-5f3c-4192-a4fb-933719df5a54,Fitness,Strength Training
inj_b79c2b08-ecae-4a76-8c7f-a2644fd9bd1c,159a4c36-ef09-4bdc-a5da-c099e220e152,Fitness,Strength Training
inj_da1f0a2f-ce11-4cab-9d3c-970a3e5a273d,982e344f-5a30-4708-86f3-90cdfc18858a,Fitness,Strength Training
inj_25d284aa-1797-4af2-8a4d-6f3494e48199,9c1eef1a-cb8e-45b0-b418-c57f0240b7e5,Fitness,Strength Training
inj_48dfde39-4f96-4b56-9137-1b0461574655,3b92171d-dae9-4b13-8567-c8439b929e43,Fitness,Strength Training
inj_c2d95d4b-1df5-44c5-9ced-81941c2760ad,8343fb23-b137-4f10-8431-f112916914b2,Fitness,Strength Training
inj_0449f8cd-36de-4c9f-b63a-829f8530193a,42814efe-597b-43e8-972b-00c16a51fa9b,Fitness,Strength Training
inj_9402a0be-db59-4777-91ce-aab6e0290d95,0a7a7de1-80d3-43b8-9168-c7e595aae3f7,Fitness,Strength Training
inj_eb50eaee-7dfe-47c0-9e25-94e1627e8e09,133a007b-9784-4920-a5a9-9ea44cc1174d,Fitness,Strength Training
inj_326dae8c-b379-4e2a-b6d3-f41852615b16,bc4112a1-243e-4cd6-afa1-931a9c2c1325,Fitness,Strength Training
inj_b584342d-b049-4770-8b12-0ca6f002e3d7,d4e40a68-3274-4f30-ba07-a76a10555433,Fitness,Strength Training
inj_07a1c691-8480-45e4-bcd8-bb240bb2b538,ae408ba4-4e3e-47fe-808c-7f7f4123391f,Fitness,Strength Training
inj_655b4f77-f0be-4947-86f6-ee1c99b2bfe9,a98dffce-9c37-4e40-b670-90ec90880b2a,Fitness,Strength Training
inj_cd6ff412-14aa-48aa-8935-5cbd93deeb7a,faef25b4-bbb3-4e53-8fe7-9b2395a9fee7,Fitness,Strength Training
inj_7fc18ec3-a5eb-4d94-b35c-0e10a1d4afb2,71896438-d12a-4722-aceb-5bd712a4cc1e,Fitness,Strength Training
inj_40fe9dbc-9ea5-452e-a812-c57eb5b8de6f,eb7d240b-fcd8-4de1-9104-4505c85db54a,Fitness,Strength Training
inj_55e06267-a1af-483f-ad23-14e4c61d15b3,d5b4b31e-1a99-4af4-abd5-7303d9917246,Fitness,Strength Training
inj_8accf4e4-5457-4482-8520-44b310576f21,f37706f7-420d-46bb-b005-b225d33c3f27,Fitness,Strength Training
inj_251757c9-9495-484f-b941-883f9c8f62ea,69db4a94-2f02-4689-999c-5300dacf8d61,Fitness,Strength Training
inj_a278e466-b1f2-4eaf-88d1-df25b1bfbd18,e34360b4-28cd-4daa-a38f-3093fb550439,Fitness,Strength Training
inj_47aecaac-e582-4a92-a712-bdc950428ef0,cf5c76f5-9706-4464-b46f-4b6f853de886,Fitness,Strength Training
inj_31984dae-9738-4f0b-b8db-7e1a5473cc24,f0ecbee4-58b9-416c-bad3-7d699e4f9b65,Fitness,Strength Training
inj_c06f3229-aae0-4893-ab93-24fe40e6f7f2,0eee9534-51d0-4ca3-af3c-50a8c90586ca,Fitness,Strength Training
inj_80650a70-8627-4665-a044-d304a309ee3d,83001ffc-8384-426a-bbd0-0a70d63e2bba,Fitness,Strength Training
inj_557ecef1-9376-464b-bbc6-a0db9e468f83,b2111976-8e3c-4d39-809c-b5937acdd146,Fitness,Strength Training
inj_31c802b1-d9a0-4cde-b387-a21f39413413,47a7e962-13a2-4bdc-b635-9248039535ee,Fitness,Strength Training
inj_637280b3-bfbb-4662-9c38-6b5804bd5d9c,7a848901-156d-4441-9762-03cbe822c97b,Fitness,Strength Training
inj_0d9b4be9-77af-47a1-bd25-4c149f6e60d2,4dcb45f5-74e1-4500-8278-c24eabb9bffe,Fitness,Strength Training
inj_6d4dca5d-09d9-47ee-ada4-ce7b6550d1d9,f32895e1-360d-4ab9-b2bb-92d39b7a42d4,Fitness,Strength Training
inj_7bda1fde-bac8-48a9-bfc0-eb4a29a6198a,362c8150-992f-4e78-a826-c34be0b245a0,Fitness,Strength Training
inj_8269ebcb-0387-4a5e-bfbb-df4ad2777a2f,2af29d54-cb95-484d-a9ed-328441274a6c,Fitness,Strength Training
inj_de19b671-3cf5-4a24-b953-ddbcac121a32,a04748ac-7581-436f-9f83-74e49b93ee6b,Fitness,Strength Training
inj_1cfce9f2-6ecd-4adf-b2c3-a395b31bd8a8,5aa9674a-cc4e-4cb9-a115-e65b515ca3e9,Fitness,Strength Training
inj_a2535a06-cd61-4113-ac5b-3aa31d5d2041,017dafb9-2614-4e69-a87d-4444a55e83c9,Fitness,Strength Training
inj_86b00c0b-d3fd-4d74-be57-702a6f2243e2,2285f9a2-4005-4575-afa3-4626e87c2c6b,Fitness,Strength Training
inj_84c86996-bf80-482c-9a62-ef1e6f951138,0b874b28-e3bc-4d1a-8664-7e06a33d833a,Fitness,Strength Training
inj_0a4073f7-b0fc-4fab-b993-2015a92b48ef,3a3161bc-78a1-4bfa-82ed-34c800775282,Fitness,Strength Training
inj_3dbf6af1-f46f-4563-9e5d-008dd94e003d,4a6f5289-8477-491c-beec-92c5c1b5c79d,Fitness,Strength Training
inj_c0db69e8-4fec-48a1-9a01-0239d64a33ef,6773a374-d094-4683-9937-75e9f84285f5,Fitness,Strength Training
inj_c3fab1b6-0b1b-465e-a067-44afc0e3b235,2e9b35a5-a02d-4149-aefc-0f8341536a57,Fitness,Strength Training
inj_fc1d3f24-37e3-42cc-8292-31161ec577b6,b69cb89c-384e-41e2-8caa-30a597f1c06e,Fitness,Strength Training
inj_8be3bafd-e76a-4c07-afd3-4bb082a7861d,14895d8c-588d-48b0-b438-1fd4d8ca5a55,Fitness,Strength Training
inj_9cc24aef-1c67-4ad6-8fd6-51288d48ebe8,5c189619-0b00-4ad8-babf-febae683b101,Fitness,Strength Training
inj_b45c64e3-da46-4a98-8a51-d728406d548a,1d60474e-ea69-4f3c-8f1f-5fa7003e4d40,Fitness,Strength Training
inj_b4845976-a430-46b0-800a-604ae6ea90db,1624fb6d-d734-4455-ad82-f77dfd78cf89,Fitness,Strength Training
inj_ccc3492b-6d68-4de2-a251-b86084e73eed,7d6eb8e1-f8cb-43e2-b6ee-c5f2fb5a27c9,Fitness,Strength Training
inj_9e0ca12b-495e-4dc2-9e2f-fe7b13014021,a1782b4f-cc13-4728-8271-b82e444c4c5f,Fitness,Strength Training
inj_4a9e326f-0c9d-43e2-8135-b6afb89cda1b,40a91195-6bd4-4ae7-a001-9ef2c3fffcc1,Fitness,Strength Training
inj_bc9caa16-41b4-4c81-8001-9034f990398e,9b8588d7-4185-4a9c-82db-7ffe59cf08f8,Fitness,Strength Training
inj_1aa071d1-91e8-4b30-8b44-a8441db53a4a,23eb6caa-c8cd-46f3-ae56-170ed4514a4b,Fitness,Strength Training
inj_95ff784a-39d5-450d-b0f5-099070c48d97,8a475abd-cdd3-4c26-861a-3f068314c867,Fitness,Strength Training
inj_8ff4f1ac-fbe1-47c2-b695-a2e8e175fc4b,9ae9534e-9c07-4539-891c-bfcce7d4ff3b,Fitness,Strength Training
inj_3b57b207-720d-4610-a8c4-aaac693bd4ff,e29ab3f5-defc-4a34-933a-055f3f4e3841,Fitness,Strength Training
inj_df6517f8-19e4-4f60-8355-e39e38acdc75,a5c4b51a-cda6-4ec9-8e35-e63ba7a46741,Fitness,Strength Training
inj_fcbb2b80-f419-4a35-9147-1eace0cb0d8e,ef19487a-400e-4886-91b7-885bbeb264b7,Fitness,Strength Training
inj_a7825af0-fc4d-432c-a058-a88d806148e3,5f8a6ea4-f0a2-4b98-bbbc-3503bb1d120f,Fitness,Strength Training
inj_2fdecbf7-e44d-49e0-95c2-cbe4393c3611,1ddf3108-4cbb-47d6-bd6c-eba7931a856d,Fitness,Strength Training
inj_1ba35565-28c2-4044-a74b-98a7f4c2e944,6df91c5d-d64b-44aa-9cd4-3cea7a81c626,Fitness,Strength Training
inj_145ebebf-8d06-414a-8007-7a2fc03e10ad,1e6b210c-03f1-4d7d-9689-4ad4ae658f41,Fitness,Strength Training
inj_45eafca2-eebd-436d-96be-a4af2d8e3d5f,72cb67ff-562a-49bd-9c31-b8d802b27789,Fitness,Strength Training
inj_c65e3e76-d8fc-4588-9043-cd2042bfe21e,270fc4ae-8d3e-4225-b912-4a16486a8dcc,Fitness,Strength Training
inj_96fbda68-0882-493a-939c-8e9341ce283d,c4fd8158-0bb9-457e-9f57-48ae864c4b70,Fitness,Strength Training
inj_2322aad0-96ca-4eb8-b392-9de683999d89,98dcde77-b2fa-43d6-a613-3206ed00316a,Fitness,Strength Training
inj_8f05adde-a9b2-4588-8428-5dd17ea2efc4,e50c537a-a003-451b-ab4d-ca47db4efc55,Fitness,Strength Training
inj_37d43d79-e385-4f3b-960e-901fdf49f87c,e549621f-3d78-41a6-b788-2cc4e3e2b0ca,Fitness,Strength Training
inj_136c778a-eef1-443f-923d-5fef58d50f36,ae500cd5-1cd6-4bb8-b33f-83aa2a837ca1,Fitness,Strength Training
inj_648de3f5-04ee-4555-9a1b-983d864309ef,5bf1d4e8-8915-43ad-b403-43b982f7a0de,Fitness,Strength Training
inj_ed7156b4-f4ad-4baa-9510-c88af1b493e0,10b493ac-5c91-436e-98c1-57a0283dc589,Fitness,Strength Training
inj_1f714fb4-dbf9-4a4e-98c3-c18a2dcf49a0,05f4a56f-911e-452e-a64d-bfffa0051e2c,Fitness,Strength Training
inj_3575ceb1-f552-4a9c-a798-aac241eb67b9,ef4a5283-c71a-4937-9056-65c6cca2d956,Fitness,Strength Training
inj_eb71411b-6219-4d27-a09d-a6d117532860,e917b350-36ea-4995-aab6-a3f6f33b1a5a,Fitness,Strength Training
inj_48ff2881-e4d9-4b8d-b214-66f353be7f63,ef5ad8f8-1eca-4386-8c17-2cd29d8dacb8,Fitness,Strength Training
inj_4f17a3b4-582e-4d69-8c88-1611a51a3b17,2dda8be8-0ac6-4ff2-ad09-fcbc3fbf92f2,Fitness,Strength Training
inj_0b7977d8-2da1-443c-aa8e-25151a1e8ac8,a3522b5b-5b7f-4f7a-98a5-740c83b8acef,Fitness,Strength Training
inj_ce0c74d0-5896-4faa-8e88-2679013dea1b,4b63601d-2cb9-4b14-88c8-06c714e879c1,Fitness,Strength Training
inj_db2102fd-7140-4bd5-a926-cfd34123a3c2,4a062f89-386c-4e4a-ae63-c3b47c060db5,Fitness,Strength Training
inj_af453abe-9613-4fc7-bc82-d129f50a4345,e8526a19-3508-44ad-9762-c37ae3c63d77,Fitness,Strength Training
inj_f87d3351-00a5-4f15-a711-fd90286cc345,7c1ebb0e-d020-4d85-af43-df1016ef525a,Fitness,Strength Training
inj_1aa52889-9fdf-4ca9-aa98-16ccbb99cdd6,0859aa9f-b527-4dda-ab22-2b9f935444e5,Fitness,Strength Training
inj_381d7c87-5d45-44ff-92f4-d8b8e7364b1d,1ff2ad3a-34e7-4ead-a51a-8a4512ce576a,Fitness,Strength Training
inj_2492d158-9490-4be1-b459-a1cd6ebc8e0c,c175cc75-0e0d-4ed5-9b38-9b9b1bfec567,Fitness,Strength Training
inj_8b168d69-b710-44f1-b387-194232f90680,30a57139-8c8a-4cb7-b9da-26a48fbc8ab1,Fitness,Strength Training
inj_b5c3c3fb-5076-4641-86b0-bfc817f32c7a,27ec0765-a7d0-41c9-96db-24ecd936ba1f,Fitness,Strength Training
inj_8919bd7f-bb91-4a7c-90f7-9b5d2a537da7,528f83b2-0449-4474-bfb9-8e193c4383f0,Fitness,Strength Training
inj_fe955fb1-895e-40d0-8fd5-ae9e7f5b1f74,26df100c-4551-4ba1-8bc3-6011a43d5880,Fitness,Strength Training
inj_c1743940-6108-417a-8f52-96d484cb4ee3,2db0bb95-91e4-4b5e-99b7-cd1f8ab72983,Fitness,Strength Training
inj_78b28e27-0d25-4f8a-89f4-47c39f1327b0,beea4c63-dfd7-4603-b9d8-ec530af98c11,Fitness,Strength Training
inj_e266f25a-6408-49a2-be5a-ce6088ca31e9,9d9befad-6412-49c3-89d1-c0770bc27800,Fitness,Strength Training
inj_677e873a-8298-49c7-9a78-bb1e7c3b2891,71fda347-4547-4c77-a264-6ee2bdced115,Fitness,Strength Training
inj_17c6b62d-7a38-4288-9d94-b776d0d27c99,60a9a331-4869-41b3-860a-e5a9a0518f55,Fitness,Strength Training
inj_9fb71eb4-91a2-4cfd-94df-428d392383f1,ef3f7d85-b2db-4966-9582-4acc95f72719,Fitness,Strength Training
inj_6000e70f-ef58-4e94-b2ca-8205b0ba333e,c2e3004c-02c6-4c4f-a4ee-ed2eba95b192,Fitness,Strength Training
inj_fbe2f4f0-90a0-44f9-861a-34fea1b878fd,9fb589c8-d65f-488e-b33e-428e969b6cd6,Fitness,Strength Training
inj_9afc7d8f-77f7-403d-9650-bb475f23f6c4,10858d49-8760-4f06-92d3-0238fcb4db53,Fitness,Strength Training
inj_6cdc2c95-abac-4708-ae28-3f96b6c06839,816d11d7-1a47-4037-a48d-f625d931e058,Fitness,Strength Training
inj_09cffb76-09ac-4446-bd97-61a3e7298337,0ad91275-dce9-492e-b6f5-330111a54564,Fitness,Strength Training
inj_df017c89-96e8-4d80-a760-df3a7f9abdc2,b3a060b0-fb45-44cd-930a-e24e78969590,Fitness,Strength Training
inj_ae1459e8-4ab8-426c-8112-93b4c1815a53,8e1211cf-8afb-4f56-9748-66d9b1d343ce,Fitness,Strength Training
inj_32532a33-2100-4bdf-adcb-9fb314aa5baa,0b470338-548c-4ff3-84ec-b51dfb13c44f,Fitness,Cycling
inj_06d10420-8e8f-4355-b75f-0bacbe8280f3,d2764fe8-5967-406c-a912-b4cd6f940c3b,Fitness,Cycling
inj_c271e5cc-48c2-440c-8963-684caa8f0b15,22bb84e2-4c41-4d0a-8bc6-421473b2fc6e,Fitness,Cycling
inj_bf908ae3-bcfa-46b2-af5d-d13e15ad5319,de8b37f5-5829-444d-9f3f-53a893f1481f,Fitness,Cycling
inj_e35c12c4-19db-4758-bbfa-be001a423356,34c3c4fd-a4d1-4f06-b4e7-47efda2402c6,Fitness,Cycling
inj_75f725d6-7c02-4dc1-a77c-ea3683f88acb,69db4a94-2f02-4689-999c-5300dacf8d61,Fitness,Cycling
inj_e04b27f8-abc1-48f3-918b-408cb1647eeb,157ac65e-9acc-41e3-8194-d0e6b0fee253,Fitness,Cycling
inj_03a08a0d-db3b-4ec0-9a85-be7ed0fcc2af,a7ea9c7f-91fa-4d51-a1a1-b9726a865670,Fitness,Cycling
inj_201d738a-9c59-4eb6-8d81-5a5e6840ba64,575d1545-3d3b-4468-8cf6-389608021e79,Fitness,Cycling
inj_13837e0a-6e52-4195-8048-79a4c1392057,0bc74695-ed15-448e-a064-740f3206d009,Fitness,Cycling
inj_7723906c-ca20-41b7-82c1-8de5a18a3cbd,8e8a87d1-c3b8-44e7-8867-e2692e02f190,Fitness,Cycling
inj_3bea3ffa-964a-4ab8-bf51-64f09841caf7,4b63601d-2cb9-4b14-88c8-06c714e879c1,Fitness,Cycling
inj_d30ca9ad-6c19-4b1a-a081-c1f27c757f68,27726b95-5ffb-4ab5-a82a-858ff1bab914,Fitness,Cycling
inj_8adee0be-5d84-4e84-a341-1c06ff413148,8d4f646c-da4e-4efa-9f89-7260168d77d7,Fitness,Cycling
inj_a546689b-5409-455d-a19f-34768785fe0d,8829f885-6129-4c0f-8526-9cb4652de097,Fitness,Cycling
inj_b5e694dd-53cd-467c-9bd3-5718a35be9be,1e002314-9e4c-4e5b-a86f-715f66e8e62d,Fitness,Cycling
inj_2e6d73e5-e338-4148-bbc0-44ba32d0ac98,89f503ec-bec6-4f7e-9653-dfa77098f90c,Fitness,Cycling
inj_f63597a3-21c8-43b5-9284-2ac4e7ee0aac,ebebbe6e-2fd4-4972-9d08-c0c387286725,Fitness,Cycling
inj_12be4b2e-f2f6-4541-bead-8ce7e042c72e,694986ab-fd3e-45bb-b093-7218d7c08813,Fitness,Cycling
inj_ce7af328-b4ea-434c-bc6c-d5bc7f0e72d8,136cb770-701b-4a1c-884b-341a497ca7f5,Fitness,Cycling
inj_8920a02b-e5dd-48ab-9eb2-2d14a414199e,64c75673-577f-4a4e-b5e5-6ad274e0b3db,Fitness,Cycling
inj_4fac7fb9-994b-4437-8f6b-7bcc59a0005c,7667da40-5c39-41f1-9697-07b379e1a049,Fitness,Cycling
inj_dc040ad4-4945-4c58-a62b-bf4e233be4ed,bcea157f-f45e-442b-ae81-b447e258bf2f,Fitness,Cycling
inj_4a7dd308-c28e-4fa0-9e25-a614af11c0c3,c8347acf-1aa9-4f56-b8bc-330fa57224ab,Fitness,Cycling
inj_9f6ea645-88ba-44b7-96d3-462d132a1eeb,8a3c4bf8-c292-4711-9331-b35221ad3629,Fitness,Cycling
inj_647ab469-f8d7-4623-9991-63b5288d2c19,dc222915-fcac-464c-8a37-5b7d289fec0c,Fitness,Cycling
inj_d7d93475-a819-41dc-b2ce-1e3885cf095e,7c80e266-0847-4d6e-bb09-dbed0d9e2d42,Fitness,Cycling
inj_c05c40f0-37d4-494c-a644-b696cab11f39,e1d3536e-2db5-42e1-922f-c6b4ad8484d6,Fitness,Cycling
inj_36969d8a-e790-4390-922d-378229781244,1c8f62cf-f816-40ad-977e-492f64c24bfb,Fitness,Cycling
inj_65f31a35-6538-4d41-8575-692b5ebd0078,8918abdb-551c-46a9-a286-6eb0be062f06,Fitness,Cycling
inj_92d23471-45e0-4846-8cb0-36db43977e6e,c9ec84b2-9547-410f-847b-ea0908abf47f,Fitness,Cycling
inj_349257b6-db58-42ae-ba6e-74df3651bb68,0cd47a3a-4503-45bb-802c-b111b43cb890,Fitness,Cycling
inj_d1167647-3678-486b-a5ec-a81a3ee5d128,ff178aeb-2b27-48a2-8702-26bfb37f008e,Fitness,Cycling
inj_4ab80428-ca5f-4149-844d-a367c5d9f05c,78f11e9e-afc1-4a1c-9266-f3ee5e2d2933,Fitness,Cycling
inj_39d0296f-f57e-401c-8590-f516a9f7cf98,2d07d31a-e76b-40c7-8aac-69d0f66b5312,Fitness,Cycling
inj_5c8548e3-e877-41b2-bf82-21f910e35cd9,2a2b1a6e-c6f0-4894-b105-25387cf2aa8e,Fitness,Cycling
inj_0d8ed20d-eae9-45c6-a378-feb95ee71b0e,f20cb430-3f58-4a77-9a60-a01433f4ebd9,Fitness,Cycling
inj_251437b4-87b8-47c0-b85f-1c5ca7cb47be,6773a374-d094-4683-9937-75e9f84285f5,Fitness,Cycling
inj_c9bd933f-7d11-4729-aea6-3dfd7fad878c,79ce593e-4858-4ec1-b3c9-05661e25d4eb,Fitness,Cycling
inj_8a751651-bbaa-4f29-827f-cb2ac7255cdb,d031584a-fe0e-40fb-83a6-3df2d3aaa4fb,Fitness,Cycling
inj_b9811e3b-450b-4e25-b6fb-7c46b35213f8,ba6b6ac4-c270-4f11-8f1e-68656367701d,Fitness,Cycling
inj_54c0f04a-38a6-451d-a9e0-1e27ed343c22,919194b4-960f-49e0-8e93-95b5683d9c0b,Fitness,Cycling
inj_66613adc-3e5b-4b40-a937-d803487358a6,6c1e7e66-3574-42e8-8297-ac0b4fa243a0,Fitness,Cycling
inj_60182d30-b201-4152-9b5e-33d847e3a514,498e29e4-8ff9-455e-9d07-cafab0c11403,Fitness,Cycling
inj_9f9c58c3-d1ab-487a-b271-b76ad41f66ff,f071da9a-2d5b-4dff-a6a7-603b04805b62,Fitness,Cycling
inj_7fe1ecc9-9aee-4784-b21a-278a01900fd1,0748175f-9a12-4919-8233-33c7b187f869,Fitness,Cycling
inj_021c3d89-1aaf-4035-a509-d2342e344b3e,d485b442-5ccb-4698-934a-6785d5ed510a,Fitness,Cycling
inj_55877bc1-60df-47db-b53b-0ede5e69d94b,a5c4b51a-cda6-4ec9-8e35-e63ba7a46741,Fitness,Cycling
inj_bd557f6c-965c-4933-b267-959c6f795a37,cf57dc6c-144c-4186-9239-234b73974baa,Fitness,Cycling
inj_cb15c851-33d7-4aa3-b2e7-fba420b82181,ed00ad05-a679-4a2e-8e56-44a1a01b9363,Fitness,Cycling
inj_2a2e940c-2c0b-4011-8cc6-55e29e6c52ea,11733031-a8ef-4abe-ba8c-03b6ff81532e,Fitness,Cycling
inj_4c6d3795-079b-41ca-ad82-2294a0b67f1d,6f564ada-3438-4c9a-a0f1-d5cff4a880eb,Fitness,Cycling
inj_ac440c50-4866-41d1-9ab5-37dbb1c086dc,c672efb2-4938-40f7-8a3d-4e3c57da2858,Fitness,Cycling
inj_197b54e0-8d81-4ff2-9c7e-495e435f9c19,d0d5eb3f-9819-43e4-93ac-13dafa5571ed,Fitness,Cycling
inj_7b99e67f-92bc-4fec-8aa2-7301deaabb98,b035eb8f-e5b2-4666-8920-26676d843f98,Fitness,Cycling
inj_b76d1bef-8f8c-43ce-b9b1-f889e135afdb,e7e7552d-12a6-4d62-b65a-fa09e27940e3,Fitness,Cycling
inj_de7866b2-951e-4a65-a75a-9f3939bfce9f,015c2ed2-b249-4da9-bb78-c24bc01bfda8,Fitness,Cycling
inj_af65416e-c772-4d5e-9981-b93041cf72b6,e7f3cfca-eda1-48a6-9d2f-f614bc5dbd21,Fitness,Cycling
inj_4ad6fd3c-4198-4d13-8908-ca66cc6182a1,8b301228-bd1f-4ebb-9b47-2e85a7acfb25,Fitness,Cycling
inj_55fdaa42-8822-4b19-a52d-b0efd4855809,345a89ca-23f3-45f4-9237-4d435135c6e2,Fitness,Cycling
inj_102ae091-5752-46db-9a19-5e41d4ea5cf5,2e3f035c-48a0-40e3-b02e-d93f1fbfd0b6,Fitness,Cycling
inj_c256f1d2-801c-4da8-a659-45bb75f3532d,fc96e975-d058-4613-9b38-b9b36cad8b80,Fitness,Cycling
inj_0ec73854-65c4-42ea-ad0c-5284e51b783d,5a54bd5e-bc08-4852-befc-cff0f7c2d3f9,Fitness,Cycling
inj_34e71803-682b-481e-9a8b-929555071b06,6de69601-efe5-48d8-bb80-ed5bd67d90d0,Fitness,Cycling
inj_618e30ec-73fb-420a-a5e1-0cc6b639a532,6e3be9f0-50bb-4eb9-afc7-8f626737eda7,Fitness,Cycling
inj_61627926-6c4f-4c2d-810f-56382554f0df,a2ef46c9-4984-42d6-a223-e3134606fb57,Fitness,Cycling
inj_ef0be646-3177-4dcd-922f-2cc5a6872eda,9cf9d538-54e2-41f4-9b24-eedd8a8e47a8,Fitness,Cycling
inj_6e681548-3339-41c9-96a7-47d09b1b3bc3,55dc1fa8-011d-424f-bfab-60a968cc04a1,Fitness,Cycling
inj_acbbafbc-a50f-41ec-ab7b-1d0023b962be,376052f6-ff79-4123-b74e-209234a0b213,Fitness,Cycling
inj_d4e8d845-b238-458a-b550-51f8aa4c77ea,9fb66deb-131e-4a50-92ec-7800774efade,Fitness,Cycling
inj_dd836878-332c-466d-99fd-fba0a8347295,786ffa59-f8e2-4497-aecc-0a520daf30fb,Fitness,Cycling
inj_98a49764-e3a5-49f6-afc8-24445e883a6f,942aa537-2320-4860-973d-5173d79278dd,Fitness,Cycling
inj_df307200-200e-4651-b2da-51a1af5cbd8a,90bf88f2-60fe-4741-96f2-8cd728291276,Fitness,Cycling
inj_7f6fcd65-8e39-4156-9adc-88bff4cc54f7,a21eb0d3-a335-424b-921d-923691545039,Fitness,Cycling
inj_4e4bf572-719c-4632-9338-d83b2bef95a8,c63461dc-b70f-4e71-86b7-bc44b5b1c055,Fitness,Cycling
inj_a65a3683-df92-42f8-a3c4-b186930957ff,ba66b7a2-8cda-4495-a021-6ebb5f4b9703,Fitness,Cycling
inj_f04e675a-0696-44ce-9809-86b53eb55952,f8674325-0325-4d58-b81e-7dfe6ec64dfb,Fitness,Cycling
inj_92e23e35-3d3b-4786-9589-a2a24aebac8d,52902dfb-c5a6-4a76-8260-4fe657d2fbda,Fitness,Cycling
inj_29a91de9-d737-40bc-950f-5989ca3bc578,60a9a331-4869-41b3-860a-e5a9a0518f55,Fitness,Cycling
inj_17767508-a72c-4b0c-ad0e-05a34d8ce708,34220f8f-3c17-45d1-8c72-88ae381a6de8,Fitness,Cycling
inj_d36739bd-596f-4e43-a31e-9f908f8ddb6a,c004d851-2dc4-485a-baa3-9a9e44751a2c,Fitness,Cycling
inj_f711f20e-7c24-412f-b6d9-a309f0d97536,82058d0f-2731-46e5-8511-184878437f8e,Fitness,Cycling
inj_5696453a-afb3-4a1e-afde-2d41bedb0820,4a881899-37f1-430c-93fb-b40ad86c5965,Fitness,Cycling
inj_4aad494d-367f-49f0-a724-f1f51defe54d,7256c0e5-06c8-4c8b-85af-e0175599789b,Fitness,Cycling
inj_01b343cf-b89b-4f62-9781-19f403fef6ca,94c97915-363d-4db2-8cf9-f7ed59047192,Fitness,Cycling
inj_29917295-0df6-4ed7-9840-f35de582e015,67a34fb7-f44e-4445-b9b5-3a84b3bef7eb,Fitness,Cycling
inj_2261db64-3779-4f88-a3da-72a6add3adea,b1a15c27-84a0-488e-88f1-b9cc4ef2c1b2,Fitness,Cycling
inj_356a193b-9780-4d1d-8a74-752948d4452c,d3a06a2d-1401-46ba-aa4a-14641d2c8c6b,Fitness,Cycling
inj_1603d1a3-e157-4e90-890e-517af374e93c,7c1b3fe6-ea6a-4359-aed7-4ffbfe8fab81,Fitness,Cycling
inj_e939a231-2394-4246-bd6c-2939fcf53971,404bdacc-8b1c-4062-a8ba-4560deed497b,Fitness,Cycling
inj_0a3cd76e-657e-455a-b35b-ce5b006a8c4f,2df1fde1-8e0b-40d7-911a-5f2703edbd07,Fitness,Cycling
inj_78274d39-fc5a-451f-81c3-5db00a41fdb8,629a4a42-e94f-4cfd-9dad-9d766c82fd62,Fitness,Cycling
inj_fcac5a07-2299-46dc-be63-6da95d215fa4,54dc4f21-5f3c-4192-a4fb-933719df5a54,Fitness,Cycling
inj_350b8e8e-5ff3-4121-abdf-5c073692a56c,6866ce30-364a-4ba1-a103-b9269afd8348,Fitness,Cycling
inj_cc21bc40-0028-492a-bf65-b93d461271ed,aa8592ef-7370-4c10-9caa-27f57a56238c,Fitness,Cycling
inj_c9e9fd12-94a5-45b8-94a9-3331223f9943,304ea99a-2c46-4be8-a510-5f8138f65faf,Fitness,Cycling
inj_74148583-7a2c-4932-a907-1930d8b5532a,7bfe650c-c833-4b83-8f58-e7cc56f62046,Fitness,Cycling
inj_94222c01-bde8-4052-9666-dca7fe6f66e8,cf145564-2f9e-4b33-af9b-b00fc0dea6c4,Fitness,Cycling
inj_53740863-38a0-4934-9deb-3e51b146721b,8dc57871-d89e-405e-8ca3-5219b8ebe60a,Fitness,Cycling
inj_0e6e5406-a9cc-48ec-b7eb-ef2112fd437f,0b113918-d94f-40ee-b572-3b18a96579ce,Fitness,Cycling
inj_8dbf8f1e-4c99-4145-b412-9ee4f853b017,ea40176a-a127-4e8d-8cb6-b3cc64924901,Nutrition,Keto Diet
inj_0f83c383-8a4e-4d9f-a5d4-df82aef365bd,9cf3ed5b-f19a-48c1-b660-4a26f38ed72e,Nutrition,Keto Diet
inj_e07eedc9-aaa7-4a97-b4d9-9439e8ceca1c,d2702d94-ccea-4b91-bf97-4daf5b812493,Nutrition,Keto Diet
inj_947462f9-a245-4a8e-85dc-039ab0c90a08,731bd10c-0ea8-4d1b-8e1b-dc7d3a6aa4db,Nutrition,Keto Diet
inj_dc266d89-1857-41a8-9a2c-8dc0242e7028,fb898339-208e-486c-aa32-5974b47b3f6e,Nutrition,Keto Diet
inj_a5e8a5c0-ed22-4f32-8918-9b587fa146d9,c175cc75-0e0d-4ed5-9b38-9b9b1bfec567,Nutrition,Keto Diet
inj_5aa48be0-a905-4ed5-b508-30131842910f,8df637b6-4373-4373-b284-9610cbd59550,Nutrition,Keto Diet
inj_51442817-e739-4a7f-a449-5cd90020865c,769606be-a02d-44f5-a557-6884d2fa1729,Nutrition,Keto Diet
inj_72bbb7ab-f6e7-4a58-b4a8-3a735cbb5c07,b9a9b600-777c-49e9-9a37-c2371bb8c4e7,Nutrition,Keto Diet
inj_568a5289-0814-4e9b-b8c1-a7cf979a57c3,47a7e962-13a2-4bdc-b635-9248039535ee,Nutrition,Keto Diet
inj_2c605abd-699a-43d4-a0c7-aab60df3e512,f2b8a4e7-6ae4-40ea-a9e1-274a328de346,Nutrition,Keto Diet
inj_137711f0-d743-402e-9225-bc62ab7e78b5,78d4e9ff-bd52-4c83-bc8d-fdc6c9136e39,Nutrition,Keto Diet
inj_f05518e8-3780-4216-b17c-7eb36748889f,4dd1701c-060e-446c-815d-bb496dbac2cf,Nutrition,Keto Diet
inj_505f2d6b-6e88-4d29-9b3f-380ec828bd0d,a596d5b0-d812-4ca3-963f-bb41db247e15,Nutrition,Keto Diet
inj_cf452c77-ce7d-4440-ae4e-58c6998ab608,0178e78b-ca2b-4c1d-8478-c54d654da361,Nutrition,Keto Diet
inj_2dc20bb7-3c72-471d-83b6-ce82b7d9a1d9,99ad5b79-acff-45ce-80e9-8aea80897c95,Nutrition,Keto Diet
inj_73529fb0-67db-4b09-ae73-be8177d06d5d,59f5c052-5630-48f4-9622-ccbf22bcb00d,Nutrition,Keto Diet
inj_d7455ab3-01d2-4f46-82d5-48b803a98d30,b6dc69cf-ec03-4910-89aa-5230686eeee1,Nutrition,Keto Diet
inj_0c2f1407-1d9b-44a7-96fb-98348b86358b,f71e5cb6-333a-40d6-8fac-696000d93a44,Nutrition,Keto Diet
inj_91cb4414-6289-4f09-a614-0eaaf870283d,ccf55cda-2fbf-4629-a215-31f0bbac2c9b,Nutrition,Keto Diet
inj_dab8fe17-434e-4aed-8b95-7ce69df401c9,0eee9534-51d0-4ca3-af3c-50a8c90586ca,Nutrition,Keto Diet
inj_5315e5aa-9d83-427d-845a-41b5631a3a55,362c8150-992f-4e78-a826-c34be0b245a0,Nutrition,Keto Diet
inj_a6270d50-b00f-4b53-ac72-b9d0e3734764,45c02503-312b-40fa-b714-fb08b6b161a7,Nutrition,Keto Diet
inj_bf8b9f5a-91bc-49e2-9c52-4b1383f5b868,e59b3347-c2d5-4419-a24a-ebd2344e68df,Nutrition,Keto Diet
inj_b0e1770f-2722-4268-bb33-98b5d7b5736a,3af8f95e-ad1c-48a3-ae06-29c7e56ed572,Nutrition,Keto Diet
inj_2678a93f-0fbd-4468-b092-b10e0863576f,923bd22b-12f5-4630-ab02-29c386695647,Nutrition,Keto Diet
inj_194c6a2f-e531-485d-9e33-6c34746bc01c,764c8faf-fd21-438e-91e4-a991a5f166a7,Nutrition,Keto Diet
inj_f91acb02-7ad2-4daa-9e93-c6a2044c6c2d,af025a99-ec4c-489a-99c5-723840442c3f,Nutrition,Keto Diet
inj_4a8f6104-41cc-480b-9a2d-3a9df0919265,c7c73f51-10f9-4b5b-a045-d8e47a0912d8,Nutrition,Keto Diet
inj_6aa2d61a-d72c-41f4-8ddb-9524a30904ee,411c289f-c60e-4079-8fa3-d240c0ba6bdc,Nutrition,Keto Diet
inj_1af86add-1591-47f2-9d02-dad7e6dce536,8239549a-2ba6-4532-8ef2-3b6a0278204c,Nutrition,Keto Diet
inj_683daff7-4220-4b92-a933-45b83f514dad,ea091fac-75ca-478d-8cdf-abf2ac79854b,Nutrition,Keto Diet
inj_b3acc3e5-105b-463d-8052-b3986382bdce,11c7509f-1571-4298-af6f-c1bc99c68ee9,Nutrition,Keto Diet
inj_b6bfb74e-cc2c-4666-9369-6c632bc2d53c,515ce4d0-8f31-4c60-91e5-760bfd9a18cd,Nutrition,Keto Diet
inj_2d5d53d8-0955-41dd-b344-b2d8e5582344,ce6b1187-f07d-4be6-8974-5f2f07292b6a,Nutrition,Keto Diet
inj_e3220b1d-f028-4343-b223-23f97ced18c4,6d589897-d4fa-4604-898e-f5d1d110b927,Nutrition,Keto Diet
inj_2db2e358-ff5c-4f8d-af48-3ac2854ba704,1d60474e-ea69-4f3c-8f1f-5fa7003e4d40,Nutrition,Keto Diet
inj_52cda040-a6fa-4298-978b-4b3c80d8bad5,b1a1a1ed-10ca-4907-93a8-9f43a5d89ed0,Nutrition,Keto Diet
inj_fde7240e-851d-4b14-9340-3697064865be,18da29d0-0334-4a61-b49f-8e2c644063ae,Nutrition,Keto Diet
inj_6dc2809c-c343-4b60-81b5-ba68e7224273,d69b915f-fea8-448e-85f0-2786c483bff2,Nutrition,Keto Diet
inj_487f3541-cf7a-475a-ac5e-de1c765b04d3,08b688ff-5974-463c-8d73-78b65024ed33,Nutrition,Keto Diet
inj_fcbc053b-e799-41f0-bfd7-24b435f7e8c3,17efca01-b251-4116-af78-e8b0f105c5d6,Nutrition,Keto Diet
inj_1ce4959e-e12a-4348-bf3f-35a371460e7f,8de4d78c-0be0-4f3d-992b-cb843c0791a3,Nutrition,Keto Diet
inj_175f555c-c201-4b07-80bf-333afb27f559,1ca624e5-c0fa-4e94-aedb-5c74be4f79f0,Nutrition,Keto Diet
inj_cfdf9292-b3ed-45e1-bf48-b41ac2abd713,a45aa294-65f2-4a46-95fe-7383c8eb35a0,Nutrition,Keto Diet
inj_f4e1ee5a-2ea5-4f38-bf3b-a84c1452ea0b,0bc74695-ed15-448e-a064-740f3206d009,Nutrition,Keto Diet
inj_c0b04602-3126-4c41-957f-205dcaf41867,e7df0516-b3d4-45a3-afea-7a8741edd1fe,Nutrition,Keto Diet
inj_e89ca8ea-320d-46a8-b44a-5cf24dd2eaf3,747f3cfe-add0-4b87-ad78-2a5b57264694,Nutrition,Keto Diet
inj_3ffd2493-4e65-4c10-a004-09ec43db9d62,376052f6-ff79-4123-b74e-209234a0b213,Nutrition,Keto Diet
inj_edfb88ba-2f29-4a40-b716-64a168fa84c8,51bc23c5-e2f2-45ee-8541-33023c9c6b93,Nutrition,Keto Diet
inj_588bc023-c69f-40e9-a5f8-a5e4bb532bcd,71896438-d12a-4722-aceb-5bd712a4cc1e,Nutrition,Keto Diet
inj_9608d0db-38de-4d8c-aa3e-10131e30eecf,c1dc90fd-e3e7-46d3-831f-8d61f26f4cf3,Nutrition,Keto Diet
inj_29b15b19-adc9-42ae-8bb6-0a913b9d5491,4886b6fb-1896-4d35-8ab7-9ec8c8020433,Nutrition,Keto Diet
inj_b8d8560b-a798-46ea-835d-4f2796df775a,415cae62-984a-4225-ac45-842a3182ecb2,Nutrition,Keto Diet
inj_221afb69-525c-4f82-8cc1-e69ab82eaaee,3b5b26a3-da2f-4d97-8d86-0a05da881084,Nutrition,Keto Diet
inj_51c56b52-9948-4e6b-8b4a-fb39444d80db,1e6a6ae6-b9f4-481a-b3ab-f3984984d2ae,Nutrition,Keto Diet
inj_a9031c91-fe09-4791-94e9-d39f118a6a71,d22e37f4-f7e6-4fdb-94a4-43662f53b188,Nutrition,Keto Diet
inj_8aea0e9e-eead-47f7-9e6b-c80a0fdb0984,044b5b1b-62da-4416-aafe-25ea04e084d8,Nutrition,Keto Diet
inj_133ada44-68d0-4013-a138-88ac1b6fc6b6,ce681af8-71cf-4abf-958b-95559c3889f1,Nutrition,Keto Diet
inj_73d5fb4e-fea8-42e0-995b-c26f02ca2032,6355eb46-7f5f-4e4c-bd98-505a14d9ff8a,Nutrition,Keto Diet
inj_faf01e5a-2fd2-43d8-8133-e4d8f6164e31,8829f885-6129-4c0f-8526-9cb4652de097,Nutrition,Keto Diet
inj_6c1a8a61-6875-442e-902c-8240b3747b00,3bf4f128-796c-4fd0-a2e7-42d0dbbef475,Nutrition,Keto Diet
inj_bd472e64-45da-4541-b1b0-125019dad98f,194bf1aa-82ae-46a8-8684-da06899f2ad1,Nutrition,Keto Diet
inj_862b48cf-8f47-4cfd-9e4f-723a8b71615c,18366e0a-d82e-485e-8dde-059e6463051d,Nutrition,Keto Diet
inj_1301b011-9935-4c98-b47f-3171c2031c3a,c437d10f-face-42e3-b790-fa781b90e6ba,Nutrition,Keto Diet
inj_6028bf88-1bd6-4980-8b48-6a0d35146b2d,da889cb8-2fc0-46c5-823a-041505807704,Nutrition,Keto Diet
inj_b08af854-1bcd-4ac9-9a76-4b1e6cbd29f2,4082bb0d-deab-460c-aa28-325641cb2156,Nutrition,Keto Diet
inj_04d8058f-c7b6-4e56-86a7-683ef450d9ee,08ec7f35-6afd-44aa-8380-b5155d710f89,Nutrition,Keto Diet
inj_3a5953e0-a743-47e5-bb0f-3f245abe3c7b,722fa3c2-b613-43e8-a0db-ff0030cfba64,Nutrition,Keto Diet
inj_b8d09bec-d484-4545-ab32-f7a8f638bb7a,8e64804f-0676-4f63-8f4f-a7345c585314,Nutrition,Keto Diet
inj_ff03fabb-5a3e-4234-8eca-91d1b4764e43,743671cf-c14c-4475-9d2c-7a143fa51ef8,Nutrition,Keto Diet
inj_42476525-2b2f-4a70-bc7d-c5d3d18c9b44,59a9c9c0-9076-46c5-ab43-ccd5c3c03cf9,Nutrition,Keto Diet
inj_620f5045-44cd-4671-8edb-5fbfcad81224,2b811bef-5500-47a3-8959-7d87242bcbaf,Nutrition,Keto Diet
inj_846ea62a-7b8f-443f-b54b-01fc962a31e2,e34360b4-28cd-4daa-a38f-3093fb550439,Nutrition,Keto Diet
inj_9381b162-4c3c-49bc-8050-9eac4e15c7ec,9369b71e-36ec-493a-a42e-41534de83cbf,Nutrition,Keto Diet
inj_89179d20-1854-4d76-bf56-2628c2918523,0b309f63-fa38-40af-a7df-3c4200a4aaa7,Nutrition,Keto Diet
inj_45ce56ab-4d6e-4803-a9d2-28435614953e,1c8f62cf-f816-40ad-977e-492f64c24bfb,Nutrition,Keto Diet
inj_0ec93917-b21a-42cb-b89a-6577f8a3fbaa,17e03002-2a14-49ef-8595-68c8a02b0250,Nutrition,Keto Diet
inj_8c1f402f-1ea4-4c3c-84b8-4179b57ec0c5,19b5c6a3-a4b3-4719-9e86-ce8247452e4e,Nutrition,Keto Diet
inj_9708fc4a-b3e4-4248-b78a-bbbb2f3edbb9,bd2c80cc-227c-4521-b8ab-e854ad384c42,Nutrition,Keto Diet
inj_21da9352-b1a0-46f9-a34b-b1d6889b4d2b,309eca59-e538-4576-8b88-90a8de6b20b2,Nutrition,Keto Diet
inj_f4ef881e-6769-47df-a2e8-00ad1f7168bf,ffcb3c1d-46d1-46c8-bbaa-fbeb9710cb18,Nutrition,Keto Diet
inj_5a23755d-141b-4c7b-a54f-03cca7075331,60ad3b01-6542-4e4e-b715-36d7cc9539ae,Nutrition,Keto Diet
inj_19035dbb-ddc0-4669-a53b-e3cabcfed9c5,3988e327-1472-419a-b79a-2a712e2bbc66,Nutrition,Keto Diet
inj_7d3cf5e8-3862-4425-909f-b5b32f9de087,3bc42d1e-d7a7-467b-9657-4ba80a9435c8,Nutrition,Keto Diet
inj_4ea3ac17-4e27-4a0c-9eec-a1f5de38d444,e27c5da5-556b-4c6b-a52c-5996a66dcdd0,Nutrition,Keto Diet
inj_a49e0de1-60c8-4273-bf97-59a0bef2a01a,cb27667e-2ebf-454d-927b-01295d0b52f9,Nutrition,Keto Diet
inj_48b202e2-bd92-4c70-a9dd-bd9511e58b76,e8da460a-e6b9-48c2-b231-c1e0463c76fe,Nutrition,Keto Diet
inj_b8fbed21-6a1f-47f7-bcc1-bd72c3b9362d,2979915f-f894-4008-87f6-75f3ac03106e,Nutrition,Keto Diet
inj_081cad63-2c66-44e5-add2-b6fe394a56d5,f8289c1d-18c1-415e-b488-d3a7b33bc80d,Nutrition,Keto Diet
inj_1f8856da-41cc-4f14-94f3-b19375baec1c,a19e7679-db28-49b6-b11f-44fd4c9b6e81,Nutrition,Keto Diet
inj_563e1625-95fc-4fdb-b844-a9f5a9606c25,8c652811-fed3-48d6-bd44-c11c55a83ffc,Nutrition,Keto Diet
inj_97b03664-9a6b-4aa4-8214-f7b7a755752c,660bdff8-438a-4dbb-9767-1d99f1d165d5,Nutrition,Keto Diet
inj_6deb8f94-da23-4b07-bea5-0782eaa0abb8,404da108-b23e-49d4-b688-ef6cd27efdb1,Nutrition,Keto Diet
inj_5840947c-099c-41eb-a7a4-9d07d8efd114,321bea51-a9a9-4940-b273-9f3dd740ffd7,Nutrition,Keto Diet
inj_69eb5952-303e-4dbe-aeb3-30d7305890fd,af561ef8-6e56-44b8-a0f2-06ddfdd5b406,Nutrition,Keto Diet
inj_4f34a90a-441d-4dde-8ae3-cf27a1c0eb39,24897e18-6ec4-475d-8193-38d46577b2a5,Nutrition,Keto Diet
inj_72caea7e-2be9-4a7c-8b19-3a57039757ee,a27350bc-8d58-4db6-bbf8-0da334d51c42,Nutrition,Keto Diet
inj_2a0f5e1f-fdc5-44a0-8537-01b42d074f08,83d64120-d5e7-4b26-b83d-b2219024beac,Nutrition,Keto Diet
inj_76803757-6599-45f7-8e55-6903b656f870,5a54bd5e-bc08-4852-befc-cff0f7c2d3f9,Nutrition,Keto Diet
inj_a314edfd-0270-4363-869c-2d4d438476fa,0b309f63-fa38-40af-a7df-3c4200a4aaa7,Nutrition,Vegan Diet
inj_a9d49053-4d20-4b1a-95d0-15e30f9dd073,e749da40-c3b6-426e-9ec6-0060639e0cc6,Nutrition,Vegan Diet
inj_14ef5eb8-ba3b-4fe6-969e-ee78e98d193f,eb87508b-f4b7-471c-a18d-013d8779f1a9,Nutrition,Vegan Diet
inj_d9310c10-c369-4eb1-98df-4ca9076c3c63,d6b929f4-2852-4d6b-b816-2cf7812b7d4f,Nutrition,Vegan Diet
inj_3640983a-56e5-42c5-97c6-615636eabfa6,1d1dd54b-ccaf-4c97-a1ac-b8d8bdfb79ee,Nutrition,Vegan Diet
inj_1c532c47-9b96-42e7-9db4-9f671559cfde,4830e868-14d4-4aa2-a616-56a4b90c6e66,Nutrition,Vegan Diet
inj_4841f8ac-b764-44bc-a1ca-deb4fb16106d,b1a1a1ed-10ca-4907-93a8-9f43a5d89ed0,Nutrition,Vegan Diet
inj_ce14fbfc-bfe6-479e-8f20-00dc56c79ec0,9369b71e-36ec-493a-a42e-41534de83cbf,Nutrition,Vegan Diet
inj_a3e7f5f1-e87e-4929-9438-ba4a6ed785c9,faef25b4-bbb3-4e53-8fe7-9b2395a9fee7,Nutrition,Vegan Diet
inj_10e72778-230c-4a2e-92dd-0836f864b975,841aa32c-db5b-46ee-af0e-be32f31dbf66,Nutrition,Vegan Diet
inj_5b0a1410-fc21-4199-8baf-85c60d1aec7d,99a410c4-7939-45da-b36e-ddc84977d52e,Nutrition,Vegan Diet
inj_27b6f689-7909-4042-b92e-7f05d724c999,2bb53d30-e2a2-435d-863e-f58dcb8f72af,Nutrition,Vegan Diet
inj_ac419481-7e37-45e5-b8a7-4e60bd871b6b,95ac62dc-dd42-4669-bd4e-fd05366dbdcb,Nutrition,Vegan Diet
inj_ce3fb36d-6e41-424a-b258-c352f10f2908,2ee1265f-5e93-4299-84c0-6ef0f173b6fb,Nutrition,Vegan Diet
inj_85064958-747d-47ce-8562-4af78e5526ad,c8bbdbe3-2ec4-4022-84d3-5ce987ea5daf,Nutrition,Vegan Diet
inj_6a68072c-6e41-42f8-b758-5fdb0805ffc3,2c9141a5-059e-4c4a-9e45-16fcb8dd75f2,Nutrition,Vegan Diet
inj_bf33e328-b8e8-4856-9e57-b4cab15760e9,498e29e4-8ff9-455e-9d07-cafab0c11403,Nutrition,Vegan Diet
inj_454810cb-810e-4a24-93ad-319df6e39e22,80247eda-f93e-44d1-8627-37839835db21,Nutrition,Vegan Diet
inj_8249cc01-576c-4a34-92e9-d1e59e94d47e,00dfd0dd-b64f-42df-bf25-4eec7f829f6b,Nutrition,Vegan Diet
inj_8ae36ab6-ca7b-44d2-a18f-3629cf9af298,cb474fef-8992-4bca-9874-c4ddbf18e5ba,Nutrition,Vegan Diet
inj_9c159765-2642-4ef8-9eef-701c14ab1b2a,36d04ab3-8dc9-4d20-ae6a-52e060614395,Nutrition,Vegan Diet
inj_f4f1829d-f3a3-42cc-bad5-a26d188e4cb3,a31b931d-5357-421e-8c7a-421ecb00cf6f,Nutrition,Vegan Diet
inj_7beca092-09b7-49f9-b011-c80cc9c7cfed,1248d5c7-2813-43e3-9404-a7fa3ea924c7,Nutrition,Vegan Diet
inj_57b8ff36-26ab-4b34-8ab9-9e4cf15123f3,78e30c1f-3001-4a92-afff-6d2f029829e0,Nutrition,Vegan Diet
inj_7dc65e4d-3dd8-4a1e-b682-a86d098391c8,82381eee-2931-4ab0-83f9-23b0a2847b60,Nutrition,Vegan Diet
inj_567ef15f-10d9-4e93-8a23-bb0fd6a7fc9b,fdb1a245-2915-41f2-937f-ed8cf093c359,Nutrition,Vegan Diet
inj_310db917-ed1b-4b64-b542-4d80d3687911,84d92b1c-752c-4656-aff1-72bb2f683c01,Nutrition,Vegan Diet
inj_7c346cc7-e430-4f41-ad61-87039125edea,445f3020-c8b4-4401-835f-d2b9438d8716,Nutrition,Vegan Diet
inj_d493f88e-0b67-4722-9c94-85c3fac95766,d1c646c0-3b46-4b62-9896-b4a193e0776d,Nutrition,Vegan Diet
inj_f0bd1470-7bdf-482d-b944-0f02d2dbdd7a,415cae62-984a-4225-ac45-842a3182ecb2,Nutrition,Vegan Diet
inj_e11199cf-399d-41da-aae9-286a11582061,ea40176a-a127-4e8d-8cb6-b3cc64924901,Nutrition,Vegan Diet
inj_4b2eee3e-19e3-407a-82f4-84c92c2d3290,af561ef8-6e56-44b8-a0f2-06ddfdd5b406,Nutrition,Vegan Diet
inj_5dc87709-ed7c-405d-8b26-686bfde7837b,dcd95f89-989c-49ec-9084-d2e31d213f38,Nutrition,Vegan Diet
inj_6a39d09e-5c00-4582-be48-c1ea010c91f5,5a6af3e9-c8bf-4b65-b599-3b3f4e2791e8,Nutrition,Vegan Diet
inj_df16aa76-1463-42a9-894f-df0ddba7d39b,abac5c69-7f23-49b3-bb20-f26d96d64796,Nutrition,Vegan Diet
inj_023c6394-b235-4344-8d05-96afb1141514,18982ba5-26b5-4a7b-a589-18d90a80c9b6,Nutrition,Vegan Diet
inj_76f17155-3b9e-437f-9856-e72df57788c7,9ae9534e-9c07-4539-891c-bfcce7d4ff3b,Nutrition,Vegan Diet
inj_aab08486-5f1d-441e-ad76-22d0d5e2d3e4,bd45bbeb-46c1-4413-ad6f-d7c3a983b38c,Nutrition,Vegan Diet
inj_4c5af765-f799-4f48-bae4-e88193469da2,22aa7ff0-91cd-42aa-8a8f-66d4ed7544c6,Nutrition,Vegan Diet
inj_fabd2593-1864-4431-9bed-a7c7c63b1f40,a19e7679-db28-49b6-b11f-44fd4c9b6e81,Nutrition,Vegan Diet
inj_5d561f70-b9a3-4563-8afc-8fb89d974399,3109d7ee-9545-4dec-aeb3-c80296c275f1,Nutrition,Vegan Diet
inj_1903df62-1525-4284-9fd0-6ce4ef9933a2,23719638-0d53-4da6-817a-cf37034d97c1,Nutrition,Vegan Diet
inj_a843d449-ffe6-4816-a45b-d79dadb85f09,7bbb6837-e9d8-4460-8d72-d54a504895e2,Nutrition,Vegan Diet
inj_42458722-cbb8-4dd8-8de2-1c95e3371d66,7cd00e9d-9a07-4920-8f8a-70d82f25006f,Nutrition,Vegan Diet
inj_5cf44afb-35e9-493b-8796-570285afac9f,d359b2bd-c315-4561-bd00-14b7b81a70dc,Nutrition,Vegan Diet
inj_f93e8b42-6e88-479a-b810-b287449a9e3c,cb27667e-2ebf-454d-927b-01295d0b52f9,Nutrition,Vegan Diet
inj_2de6977e-9d7b-4499-809d-ef97a3030417,29c2749a-66d4-4d16-9961-cdb8bb8fcb6e,Nutrition,Vegan Diet
inj_ebfa4c8f-e469-41f8-9f37-6eda1f1620db,bb833c4f-f25c-4d3c-a564-6d194e7e0012,Nutrition,Vegan Diet
inj_44db89c9-e38e-4355-bb9b-3d635062323c,3a95af1d-850b-4818-a379-f5d12f7a9181,Nutrition,Vegan Diet
inj_975c021e-97a3-4d9b-878b-f6b0082057ba,aaae9351-55c8-4644-932a-f0c454b9c1a0,Nutrition,Vegan Diet
inj_aa1d2c0a-6b44-4b0a-be59-9a2aae4d55b2,2a3bbeb8-5396-4be5-a8f1-8c4407705460,Nutrition,Vegan Diet
inj_5ca27db8-8827-4375-bd53-162f07178b5f,d1ba4a3d-3f4d-4cc1-84cb-c1a152a0cbaa,Nutrition,Vegan Diet
inj_d806eb31-a93e-409c-bb3a-5ca7784849f2,82da3585-1817-4a13-a54d-fe4f471f2a49,Nutrition,Vegan Diet
inj_89e7ce2b-5ca0-4c0d-b19b-be8057224d4f,6e0a2da3-f49c-4be0-ab34-5320a3cc74b1,Nutrition,Vegan Diet
inj_030d6883-571a-4d3b-9388-18a25352c1ef,2862a95b-ef8b-4645-b623-103fd42b7e80,Nutrition,Vegan Diet
inj_84551fb7-ab89-4fd8-8be9-47468aec4947,556ec505-4932-416e-b7d2-f79bce6db5f0,Nutrition,Vegan Diet
inj_7f547b98-a397-4dec-9ebc-05a650896830,836e51e5-2668-4cda-974f-1d89d2dc782b,Nutrition,Vegan Diet
inj_1edb4c8b-ab27-4f99-ba83-383d4a19a7a8,9cf3ed5b-f19a-48c1-b660-4a26f38ed72e,Nutrition,Vegan Diet
inj_3f19c6ee-a203-408a-8189-eaa6979c955f,8a26a9e4-7864-4f1a-afed-af0a20b08a19,Nutrition,Vegan Diet
inj_9181c29b-b1cc-45ac-b5a2-1ab04803b44b,37f5df2c-d9d7-45e5-9161-baa79b30784f,Nutrition,Vegan Diet
inj_2137679c-a046-4dc5-96cd-89dcf767b098,a49f3d1d-a2cc-4d6e-9841-297a7c36781d,Nutrition,Vegan Diet
inj_309ed0ab-fe6d-4536-b1e8-3c3397e9bdac,a5007a50-6ff0-492c-8811-bfb2979e6944,Nutrition,Vegan Diet
inj_a1a44b67-38f0-4c9b-83d4-c5a1941c087c,47820821-606c-46eb-8ab1-43ea1ce9a19b,Nutrition,Vegan Diet
inj_6956b63d-1ad5-4d75-ac8e-d8442927622f,26dbbfe8-00e7-41af-9db5-cba2a706e547,Nutrition,Vegan Diet
inj_ba50e5ad-9d58-4023-9eb0-aef6bbbef60c,eecf58ab-27a5-4cda-a068-d13130ba3c2d,Nutrition,Vegan Diet
inj_03686f7f-2184-4f1b-b2da-f087d80762dd,5bb4389f-a469-459e-8afe-14b348830d4d,Nutrition,Vegan Diet
inj_3bd74554-41ed-4592-aef1-46a7aaa6323c,7042f8c9-51b9-43e0-a794-8ed73b6f3f4a,Nutrition,Vegan Diet
inj_5965bfaa-8f99-4457-a652-a45be80c8b6c,067c7536-bbb2-4aa7-9b5f-7d50dc620a50,Nutrition,Vegan Diet
inj_20a92c68-9c39-40d9-8aad-ef4aed94b693,51badf6d-e3f4-4516-b1e1-650c1487e93a,Nutrition,Vegan Diet
inj_88937501-7574-4655-b74a-8f5f8cc4fb73,ed8a81f3-1f2a-4b7a-b804-6a3af48f4f29,Nutrition,Vegan Diet
inj_5181dfeb-c8c6-47eb-b409-258964dddd98,e54149ed-208b-4da8-b85c-37d0685ec9a4,Nutrition,Vegan Diet
inj_9e17e2ac-9448-46ab-a47c-7d6741dabc69,99c43c15-49d9-43d9-ac73-06b949567b10,Nutrition,Vegan Diet
inj_a53bdb21-3fae-4875-bb86-8e615d70d0df,3a7bea4b-7c3e-4439-904f-0aaf4ed1162f,Nutrition,Vegan Diet
inj_60af2bbe-3bb7-4cf3-a675-722d49c0b363,29c5d0bb-ee77-45e6-9624-fdc0cb500a65,Nutrition,Vegan Diet
inj_8f40db23-f93c-40b9-8e64-5fd765b27827,1c3f17f6-ac30-469f-9367-c99c428bf6d7,Nutrition,Vegan Diet
inj_66e50474-28ad-4ba2-9335-d4405c8e0671,68ece8ca-4d44-462c-ad1e-489b9b983d08,Nutrition,Vegan Diet
inj_59339d3d-8e2d-4bcc-8b19-78bfdcae9cfa,ebebbe6e-2fd4-4972-9d08-c0c387286725,Nutrition,Vegan Diet
inj_ade74b12-ef38-4bc6-86e0-1a5ea2b0260f,2fe36831-ee59-43c7-a4ff-b947a9131830,Nutrition,Vegan Diet
inj_ad130960-a9ec-4385-9376-7c196ebe3f23,6f1c9da4-81d9-4cca-9a8d-8720938c9b80,Nutrition,Vegan Diet
inj_022a0134-080b-48aa-9d00-99a182f50183,f169e676-dfa2-4bb2-8988-1b6de6c86faf,Nutrition,Vegan Diet
inj_ad3abdea-11b2-464a-99be-5d1b6f840ea6,bca47744-49a0-4af6-b27f-ab81366ff1dc,Nutrition,Vegan Diet
inj_b5eeaed4-8c6b-452c-a978-4a4d6153c11b,ad4687b9-9465-4075-bcba-2b1162a81e6e,Nutrition,Vegan Diet
inj_6c99263b-f4bf-4610-8d4e-2b86d28e0f52,f598296f-5282-4087-bc59-9858ea4452f8,Nutrition,Vegan Diet
inj_7cfb3db1-5608-461e-9a2e-b4bb64cf9bb7,fae9a331-1996-4654-a254-33b24245f93c,Nutrition,Vegan Diet
inj_ef0e0c1a-7257-4362-bcfd-04afe28377c3,4925adfe-cb8c-402c-a7c6-f57bea9ef339,Nutrition,Vegan Diet
inj_5babc0f6-3eee-42b4-8112-65a298078173,504d7481-bcf4-4fc8-a597-e8277f2c2e1c,Nutrition,Vegan Diet
inj_2db08c76-f66b-46d1-a811-518e0ea2ccc8,c69bf53d-4765-4217-9309-0fbcaccbfdca,Nutrition,Vegan Diet
inj_3d7080f6-29b7-48a4-be78-34c712b94509,d0338c3a-b9e7-4bcc-b1c9-635be60053d0,Nutrition,Vegan Diet
inj_9965f099-6a86-4ac8-ae04-b7ec04a08bf7,8a475abd-cdd3-4c26-861a-3f068314c867,Nutrition,Vegan Diet
inj_d0b1bf1f-4f68-4c81-8bb8-bd6465af82c1,8343fb23-b137-4f10-8431-f112916914b2,Nutrition,Vegan Diet
inj_c5f23993-e002-47ac-abfd-1acb412b88b6,b542fce5-de2a-4030-87ac-2638d5f94818,Nutrition,Vegan Diet
inj_4b56912e-3881-4745-b41e-4fd6a58c02d6,060bd9f8-b730-4977-806d-03e1dfe5cd42,Nutrition,Vegan Diet
inj_704ae099-b584-4172-85e2-f45c3c3a1f7e,c47f2645-9cd1-40fd-9b3f-8f4000964adb,Nutrition,Vegan Diet
inj_7ad94e9b-4fef-40c0-96bf-dda2a90d0745,a539da1d-97db-4cd3-98f0-40e4de45dbb6,Nutrition,Vegan Diet
inj_0587087b-e7b5-47eb-acda-3ee26e671753,2538308f-40a1-4989-951b-bb72f5b24ab9,Nutrition,Vegan Diet
inj_90d0f7a8-2f26-43ea-8bb1-14d86e16286e,420ad0de-9c2c-4697-b698-c5d3399eb306,Nutrition,Vegan Diet
inj_9536e1cc-8ae8-463d-9cf1-a6cc8a4348a2,406e2628-55da-41c9-bdd8-e64c31ff7614,Nutrition,Vegan Diet
inj_a398fd2d-b6ca-4be2-b338-ab219704df76,2285f9a2-4005-4575-afa3-4626e87c2c6b,Nutrition,Vegan Diet
inj_a4a469a3-b735-4d21-b0d1-6d35b35e2c47,8dc57871-d89e-405e-8ca3-5219b8ebe60a,Nutrition,Vegan Diet
inj_e2b87b9a-4f83-4682-800b-8b08090ad34b,a310ee6a-1f7a-4d8a-b2bc-e266c9e14e7e,Nutrition,Vegan Diet
inj_db0dce92-ce8f-46f0-b2f8-ed75b39517a6,ea682350-387b-4ae0-8b43-2a130bd135c3,Lifestyle,Minimalism
inj_37627632-da94-466f-ba73-af3b05e8db5f,a7e85683-6f69-42c3-95be-f323277c750e,Lifestyle,Minimalism
inj_cef022ef-a73c-4c0e-ba2b-4c30f2ff6f76,d4041865-1351-4ce2-bdc2-ac01a9646922,Lifestyle,Minimalism
inj_1afeed12-2328-456a-be5e-4832f43ab230,6b20b125-d886-4680-876b-34ade4a2786b,Lifestyle,Minimalism
inj_e9b8ed96-d61e-474a-801c-8102901df893,2a2b1a6e-c6f0-4894-b105-25387cf2aa8e,Lifestyle,Minimalism
inj_c8f84973-5f65-4e30-a2ea-b9ed262a4c6a,0eee9534-51d0-4ca3-af3c-50a8c90586ca,Lifestyle,Minimalism
inj_e826bfc6-bcca-4e4d-a605-7ccfdbc3af63,943c953a-9774-4e9d-9f1f-2a4ad560c7ab,Lifestyle,Minimalism
inj_923b1dc7-e037-4392-bf0a-6550d9bb91fb,172da016-ddef-4b63-b164-cca07c1303a1,Lifestyle,Minimalism
inj_92a5700d-2fe1-49c3-adc5-29d4d06c6d44,ab7ae623-bb49-4943-9dbd-1dd76623e9aa,Lifestyle,Minimalism
inj_e17a9833-04a1-4f0e-89df-d9dc9d4281c0,190e60fa-50fd-4237-b948-cfb1bef2bf26,Lifestyle,Minimalism
inj_f9c9ae7a-1927-4759-92d6-baf9f0dff81a,40ddbe03-82a7-449d-a864-ff61d4d889a7,Lifestyle,Minimalism
inj_ca028ba1-a633-47e7-a3b2-69b4b05789a5,7bcdf655-f4cc-459e-9296-f4873b6b6c95,Lifestyle,Minimalism
inj_071568f5-8648-480e-b4af-a9b897ac9561,1a6b7642-1cf4-47e1-ac92-ae3c7dee34b4,Lifestyle,Minimalism
inj_97047192-bfe2-4323-b43c-b942a92e3300,14aa0462-7a4a-44ce-8aa8-929039c42b50,Lifestyle,Minimalism
inj_19f7a5d1-3fae-408a-9a82-1115322701a5,b8f32d65-6eec-48b2-ab12-70dba39c32a4,Lifestyle,Minimalism
inj_cc23012f-5961-4fb2-936a-7f3b2b80e2af,d1c646c0-3b46-4b62-9896-b4a193e0776d,Lifestyle,Minimalism
inj_9ada0397-ed7c-47e0-b3aa-9265b0feda52,ab8efba9-e14f-47af-aee3-9c033bd5f70e,Lifestyle,Minimalism
inj_6db7be46-8e86-4f26-89b4-ce332e45879c,16e43025-10f1-42e6-9793-e0e2f333d79c,Lifestyle,Minimalism
inj_fb9a318d-b948-4235-af43-7eaf4216a6a1,90c9c816-8ab2-4dce-82bd-ba5f6f06bede,Lifestyle,Minimalism
inj_3772ed56-ed83-4291-a31b-6677b06498fa,ccf55cda-2fbf-4629-a215-31f0bbac2c9b,Lifestyle,Minimalism
inj_674adf06-de5d-411f-994c-0bda978d8919,abcbb48f-b8a3-426f-8c5f-76efbc3829c0,Lifestyle,Minimalism
inj_24cc3e52-d293-45d2-93e6-a49553fc8aa5,0bb41e3b-7359-424f-b644-945ecc019b7e,Lifestyle,Minimalism
inj_cc189566-b998-4de8-983d-738aef6566f0,befa5b7f-8fa5-462b-afc3-3dba0e8000c9,Lifestyle,Minimalism
inj_0c13fb60-02b6-49c0-8d5c-b98d52bdcc67,b6b65202-d1e8-42bb-8762-22dfe657828d,Lifestyle,Minimalism
inj_09617981-5d80-4297-ace3-f104e1928c29,e9ce3f86-3a6d-445b-b65f-3e711a8b98e6,Lifestyle,Minimalism
inj_4c60f664-3f4d-44d5-95aa-6eecd403e8f4,b33b4dec-5054-43c4-a991-f69f32442b93,Lifestyle,Minimalism
inj_594c00fb-bb82-4155-a9a8-830f19a7e5f4,c46770fa-5748-4e2a-bd83-c325ed7000aa,Lifestyle,Minimalism
inj_686636e6-ca5b-4e09-a727-5ec2968a615e,b19577d2-7560-466d-90ce-62e6277013e8,Lifestyle,Minimalism
inj_68623e1a-884b-4632-8e48-af8e7b87e67a,5403223d-ba31-4b88-bebd-cf22326ea238,Lifestyle,Minimalism
inj_5e826450-3565-4c71-846c-6a5c9bb0f71d,4feb4ba5-a1ab-44fa-ac85-c034e091192a,Lifestyle,Minimalism
inj_41fa861f-3930-46ed-99b5-3460ff86aea1,2643dea1-ccbe-4dd7-ac97-a5a3d7a27e12,Lifestyle,Minimalism
inj_82bff39c-6469-4714-8d4d-5820c0509b62,349a2673-773e-4f72-9bf0-5d12812b83c3,Lifestyle,Minimalism
inj_6b6adcdc-a937-4b87-a460-70ebf57cf03f,c70fd9af-a1fb-4cb5-a531-3a204e9715b5,Lifestyle,Minimalism
inj_c9e4c3c9-c1ad-41cd-8484-0d366f460f62,edc9a9c9-b425-4d8c-a450-6f870707f0e5,Lifestyle,Minimalism
inj_b61a7a10-bbfb-4bce-ba76-1af1ed3cfc39,36255b3c-eb24-4b63-94d4-aae23cc85c18,Lifestyle,Minimalism
inj_1fd3c11e-c095-419f-b7e2-82c08a8d0117,fb02ada2-e615-472a-ac15-654e4c78ffbf,Lifestyle,Minimalism
inj_51a1df5a-ce5b-44d5-aeeb-581865ea55b5,ef4a5283-c71a-4937-9056-65c6cca2d956,Lifestyle,Minimalism
inj_025fe38c-c74a-44b6-8c4c-8fa066c6aca9,e0461e2f-7efc-471b-875c-4ea9e7b9ce1f,Lifestyle,Minimalism
inj_0125021f-62ca-4d60-9d76-fb1b58b83d60,ce211790-cf19-47e6-bdc0-c072b4cc9d54,Lifestyle,Minimalism
inj_68aadd85-247a-43cf-84ad-1499a40bbd89,68c1662e-af77-4e67-b4e4-10046ed54ac2,Lifestyle,Minimalism
inj_4738a585-930d-4420-a406-ff00bb94f4c5,58bae4d9-f397-4afd-98ce-42a47d4c586a,Lifestyle,Minimalism
inj_f621f5b7-2bf7-4f3a-820e-7a5a1de924c7,dbb2a09c-7d1c-4117-b0d7-d8451f0d4c2f,Lifestyle,Minimalism
inj_c6952506-9902-48e3-85e3-8d70e13d4baa,d6b929f4-2852-4d6b-b816-2cf7812b7d4f,Lifestyle,Minimalism
inj_8db12377-1543-451c-b10c-6daf5aeee50b,72ea8d86-176c-4b42-b9fe-17aa98fc794d,Lifestyle,Minimalism
inj_ad700f94-43a9-46db-8c11-8e7e726140b2,ccc54d79-fa45-4eca-af0a-b54933ad9e9f,Lifestyle,Minimalism
inj_26d8c574-6561-461d-b77a-c7f1bf066cb4,211d1bb7-9ca0-4b9d-bf17-4e2223fc2cb5,Lifestyle,Minimalism
inj_2bde789d-6cbd-4e07-8a63-dcd30ded8e2f,8444675b-b852-4a2a-b0a0-97a4b7af9991,Lifestyle,Minimalism
inj_110f97fa-395a-4df5-bea6-f684c512cba3,b223875d-ea0c-420a-8dbe-59dc42f28eb7,Lifestyle,Minimalism
inj_912def85-4258-4d24-8385-fcb68445e287,ec4078b8-efa7-4346-9b4d-109843a854e4,Lifestyle,Minimalism
inj_e32f11ed-f4f9-4aee-8521-0313c12e0e33,11733031-a8ef-4abe-ba8c-03b6ff81532e,Lifestyle,Minimalism
inj_7fa85ce2-caf8-4aa4-aed3-95c82c0966a8,c14a6db3-7da9-45de-8432-409f5dce336a,Lifestyle,Minimalism
inj_357a741f-35a5-4bc7-b5c6-35f5a2876d4f,743429e5-3c4f-4700-b377-cf7e54efe4fd,Lifestyle,Minimalism
inj_cd483d72-9da3-4dc1-a339-91c09b73bc08,3ab76751-a1a3-434d-913e-e6131ae16132,Lifestyle,Minimalism
inj_520d9a47-3a9f-41d3-b11d-ffbccf5cd2e3,b0bec2b5-c107-48ed-997e-9c82562e9075,Lifestyle,Minimalism
inj_717309d4-9110-4d18-b883-f89c509efda2,3708ef1e-550c-4180-bd11-4258496e0dc3,Lifestyle,Minimalism
inj_07d51c92-fcb3-4947-9a40-430184323a41,971f6cdc-22fa-4964-8bc9-4648dc7824f4,Lifestyle,Minimalism
inj_0526a437-3fd4-4aba-8b47-1595ed630282,575d1545-3d3b-4468-8cf6-389608021e79,Lifestyle,Minimalism
inj_f496e6b8-2078-4450-af6f-3caffe22d139,3109d7ee-9545-4dec-aeb3-c80296c275f1,Lifestyle,Minimalism
inj_a8e1404b-b61c-4e2c-9921-482d77a0345a,99ce1385-6ae1-4acc-ad15-354ff8a5d6f7,Lifestyle,Minimalism
inj_1ae10c55-18ea-4cef-a496-3683bf5873ee,7327de32-1fb3-477b-867b-85df579bdb79,Lifestyle,Minimalism
inj_62009bf5-348d-48ed-a44f-b28ddc91278c,7b38833b-4cf3-4cbc-a4b2-7728f7fdc852,Lifestyle,Minimalism
inj_fc579ea5-2fd2-46ea-aa84-2c170f964697,6f1fc422-e7fa-48c5-a643-3bf16adb6756,Lifestyle,Minimalism
inj_faa9c700-cace-4ac4-a351-8bcdd9863799,8343fb23-b137-4f10-8431-f112916914b2,Lifestyle,Minimalism
inj_2345d79c-2687-4e89-8bc6-88304cfaf2cc,6f48996e-6c94-4ac3-98d6-bfbc2e6791e4,Lifestyle,Minimalism
inj_dd377fe9-3c39-454c-a4ca-2495f5871d04,f0a30a5c-f646-4e88-a53f-58d0087f105c,Lifestyle,Minimalism
inj_c4242d4b-d8cc-4ff4-8e47-7a8ab8c33bd6,2b8725b7-b7fb-4723-9966-dc6e7c233ca6,Lifestyle,Minimalism
inj_655c4884-1c36-423f-b903-5ac222568150,fb898339-208e-486c-aa32-5974b47b3f6e,Lifestyle,Minimalism
inj_8b28b3e9-a643-4c5c-9a4e-88751eb39235,7e02fa63-f7b6-4dda-806f-31c36408b74f,Lifestyle,Minimalism
inj_64b7ebb0-c1e9-4fec-9660-a246b7d63da0,e174d44e-4cc5-4a14-bef8-245d3155ecf9,Lifestyle,Minimalism
inj_314e8989-c77a-4e2f-ae5d-e3c6f92e018e,7fc9b593-1856-45ba-9057-e58b0c301926,Lifestyle,Minimalism
inj_ea1e5b4b-743b-4dbb-8f80-d436966bb785,015c2ed2-b249-4da9-bb78-c24bc01bfda8,Lifestyle,Minimalism
inj_8556c97e-e848-4d74-8eae-b336dd8c74b9,26dbbfe8-00e7-41af-9db5-cba2a706e547,Lifestyle,Minimalism
inj_6b80faae-60a2-4a74-bf5b-e9d5ed13b30a,d9bab4c0-4d22-452e-8210-e5890624c1a0,Lifestyle,Minimalism
inj_f4681975-e60b-4c42-bc8f-425f93168504,65dfd72c-113b-42d6-90f1-7f0b1099949f,Lifestyle,Minimalism
inj_1a043911-e754-4110-84c7-94e9e669d55b,e7cca297-3b7c-4d9e-a27b-331c7d58a6b8,Lifestyle,Minimalism
inj_5836320d-83f8-4ce4-9d1f-f393745fae69,158f5e29-356d-4d0c-87ab-3760e75c3617,Lifestyle,Minimalism
inj_8bf43d36-7dd2-4014-af34-85fac8df8e30,d898f586-4baf-408f-9d0f-ad860993e6af,Lifestyle,Minimalism
inj_47559202-7487-458e-a53e-78ba9c514409,627dc70b-1d3d-47be-920f-fb42d68c054e,Lifestyle,Minimalism
inj_b51c30f6-a51f-416e-a876-9aada3ed170b,666d0b2d-434b-4b09-9363-6a6b366c0a54,Lifestyle,Minimalism
inj_45d783da-ec66-400c-a449-f2cde9b585eb,8993350b-dd5f-4dbc-bfe3-fc3c8ae1596d,Lifestyle,Minimalism
inj_6024a065-8203-4e5c-bb1c-bc13ac3db5c9,f9393eab-3e53-4fdb-b583-37524b0c6004,Lifestyle,Minimalism
inj_e1402c64-60d9-4d23-85f9-46aa1881e23b,67260a9b-4a15-4dfb-9c52-c8882df6c63e,Lifestyle,Minimalism
inj_52fad9b7-39ce-40c4-8d79-8d97714069a5,461b829a-5f6d-4b51-bbd4-2f2cd68ff9a7,Lifestyle,Minimalism
inj_d2ee9125-31e4-464b-a8f0-6e974f4f60b3,68ece8ca-4d44-462c-ad1e-489b9b983d08,Lifestyle,Minimalism
inj_dc74b35e-c453-45b9-b4be-787f0830a52b,a2ef46c9-4984-42d6-a223-e3134606fb57,Lifestyle,Minimalism
inj_8ccdbb3f-9a9f-467b-9aa7-12af1c846efa,e7e7552d-12a6-4d62-b65a-fa09e27940e3,Lifestyle,Minimalism
inj_26b243f5-b461-49af-b0ad-bd521bdf6f95,b5f0a7e7-85b7-45ae-9324-51ab1d05404b,Lifestyle,Minimalism
inj_4d64dd9a-742c-47b5-ab76-3e2fb3f15dee,738e5d65-3984-4111-a233-9a5a5876f387,Lifestyle,Minimalism
inj_c01b97f1-faef-4e8f-9ee5-a30fbb0265ea,1200df2c-d983-4f3c-869c-b1968f83bf72,Lifestyle,Minimalism
inj_d8044240-4bd1-4f20-803a-3fd4ba037a92,e0292b72-2c00-419f-bfce-b6d0eef2f703,Lifestyle,Minimalism
inj_36010ad4-9ef7-468d-9cd6-326e162e30bc,e7ebbb5e-7594-41cc-9e97-bfcbfcf37a1e,Lifestyle,Minimalism
inj_d45c18ad-7cb3-4e23-8c18-e678718c0f0f,abac5c69-7f23-49b3-bb20-f26d96d64796,Lifestyle,Minimalism
inj_9ab7f76f-d0be-4c9c-b325-6d13e85e22f6,5874128d-4ccf-4e36-9802-a74bad054aca,Lifestyle,Minimalism
inj_d10493c5-b7e9-4205-a397-790b86f151ce,607037de-aa34-4b72-91a0-ebee3256f2f8,Lifestyle,Minimalism
inj_1c7cb57f-8b7c-4738-90d3-69a17aaa39f3,177d7144-f619-4b7f-a4ee-0ba709093065,Lifestyle,Minimalism
inj_132ad4dc-2582-4b90-8ca5-439d13904cef,0e6153f5-edfd-4536-982c-6e86318ca951,Lifestyle,Minimalism
inj_17f094e7-4407-4f59-9cf6-deab8f9f0935,82da3585-1817-4a13-a54d-fe4f471f2a49,Lifestyle,Minimalism
inj_2aa9387d-f8f2-42dd-83a1-02e4adaac225,1058a3cf-cb7b-477c-88fa-b8130b28da25,Lifestyle,Minimalism
inj_b75ba1e3-86ac-4d25-ba1f-ed7ce26d9e19,406e2628-55da-41c9-bdd8-e64c31ff7614,Lifestyle,Minimalism
inj_4f0c9335-f30f-4d64-8a5a-e6e182abe3b1,edfc244d-2764-407d-9779-0351eae344a0,Lifestyle,Minimalism
inj_0dd936da-783e-41c2-b7fa-ccaa6eb2cfca,864df466-8d4a-47ff-a494-328e4138f200,Lifestyle,Digital Detox
inj_784b50ef-78c0-4be9-b395-d42fc05079c0,7c1b3fe6-ea6a-4359-aed7-4ffbfe8fab81,Lifestyle,Digital Detox
inj_cfe0476c-cf40-44a5-b1bf-70a0294329e2,f167f4bb-71bc-49bf-9a92-5c6becf67f52,Lifestyle,Digital Detox
inj_3a1d4fe9-f768-44d3-9d7f-b56b51f25505,4bfe2974-69e8-4c1a-a4f4-6c66839a1428,Lifestyle,Digital Detox
inj_702bfb60-e74a-44e7-ac61-a97708e45ee0,0fbca3ed-44d3-44eb-92ea-afee99477576,Lifestyle,Digital Detox
inj_37c81bec-be57-494e-ab26-c0775ab8e08f,2bdf7d6d-dee1-4e06-b23c-e3f75fee32f5,Lifestyle,Digital Detox
inj_0a23fad2-4629-4700-a995-757ffdbb65d3,aa46c674-fba6-4176-b387-6cd603b91d8b,Lifestyle,Digital Detox
inj_5ac3e135-33fa-43f1-ac63-9653a357b924,31bc4e35-ac69-4186-a76f-3bf9795ba28c,Lifestyle,Digital Detox
inj_4f30eb8d-6b5d-4478-b7af-7004ea59af98,6606d037-6e8a-4f31-9aa3-15420358c0a6,Lifestyle,Digital Detox
inj_da911e8c-cf1a-431c-8377-6c3302831eb6,e549621f-3d78-41a6-b788-2cc4e3e2b0ca,Lifestyle,Digital Detox
inj_3bab2ba2-0006-493b-99bd-1d258dc45373,ac7322df-4b47-4af3-ab37-7b304310ab48,Lifestyle,Digital Detox
inj_d05ae04a-dd66-41bc-b6c9-147cbb2a4797,65d3d040-2a09-4e55-907d-f4e05106e7ac,Lifestyle,Digital Detox
inj_a4fd260f-4001-41b5-8de9-6ee0c414040d,c821bbf2-c10e-470f-a7aa-f1f69b2e3a7c,Lifestyle,Digital Detox
inj_f87bff59-0f2e-48b5-b438-ec8b057bf4c5,f32a9ed9-4aee-4f0a-a797-f9d7df2ad6a6,Lifestyle,Digital Detox
inj_40305557-3bf1-4f74-973d-6c8291f0305c,94d05938-44cd-4d19-8e5f-a913422e3cca,Lifestyle,Digital Detox
inj_5963dd3a-c93a-4ca1-97ca-cceb17fc79cd,1e6b210c-03f1-4d7d-9689-4ad4ae658f41,Lifestyle,Digital Detox
inj_2bd008f0-4b9a-41fb-8bae-7c7de6050427,ef5ad8f8-1eca-4386-8c17-2cd29d8dacb8,Lifestyle,Digital Detox
inj_3973e67c-7afc-49f7-a044-d6e66d145d4c,ea442318-2bf4-4385-b3f0-795ef6d5d404,Lifestyle,Digital Detox
inj_9f1b3de4-4134-4b61-bc8d-55eaf5ef0bb1,0a8b47e6-a7f1-4850-a8fa-45e412f2a360,Lifestyle,Digital Detox
inj_6ab245dc-ea77-46a8-9851-ab29ad0af842,c61df8a4-9549-4b87-9830-b7914e71bf36,Lifestyle,Digital Detox
inj_fd179584-f1ed-41eb-a08d-098820bed686,14af4818-b72b-489d-abc6-e024f096fbb7,Lifestyle,Digital Detox
inj_0fa7c9af-c5b0-48fb-ace4-3c1994cb7fd8,8b82192d-a8ac-47b0-8255-94461330dc44,Lifestyle,Digital Detox
inj_d24f0ff1-1228-4d8b-b500-fc8c2a652e39,1653db57-504f-443e-95f9-efaf04ccb8cd,Lifestyle,Digital Detox
inj_6d2b2479-466b-4669-9bc0-add0a2bdc630,8194e0d0-2d32-4c4f-8e51-b660c5102687,Lifestyle,Digital Detox
inj_c635fbd0-cfc7-4399-ad55-bff071dff376,59f5c052-5630-48f4-9622-ccbf22bcb00d,Lifestyle,Digital Detox
inj_5a3cbfc6-590e-4388-8970-cb666fec7354,f784b742-4c95-4ddb-b1ce-87c13426e94a,Lifestyle,Digital Detox
inj_75d91660-7681-48c0-a9bf-d4e87b8e7657,b3ce178d-432b-467f-88a2-c5da90e3133b,Lifestyle,Digital Detox
inj_6c9bedca-88b3-4df4-822e-cf879278fd0d,7c12c518-6ee5-408a-971a-11487f1d3245,Lifestyle,Digital Detox
inj_5a327353-d39b-489e-8d1c-32ce1e316828,46c39309-6492-4202-b934-a866f492cd73,Lifestyle,Digital Detox
inj_c203b414-d12d-43c4-a025-b93d549d39af,3a3161bc-78a1-4bfa-82ed-34c800775282,Lifestyle,Digital Detox
inj_667bc165-7048-4927-ad7d-4fee4cab686e,bff02dfe-5389-4330-bc47-5871bd618812,Lifestyle,Digital Detox
inj_9420a8c9-adcb-4b39-b685-fdf8daad0dfb,b223875d-ea0c-420a-8dbe-59dc42f28eb7,Lifestyle,Digital Detox
inj_28c4049f-3707-43dc-b07e-55e8b8cd728d,eab03506-cdaa-498a-ab15-cf3525ad6032,Lifestyle,Digital Detox
inj_694a3525-9985-4d91-9930-7a98455d5b1f,e2d50936-917e-40fd-a5b3-796d4aa4b96e,Lifestyle,Digital Detox
inj_02819823-60ae-4e52-9daa-687d3e139209,931e3614-5fb3-42a9-a893-79900f5a6828,Lifestyle,Digital Detox
inj_cf7b88c8-1057-43cf-9f7c-34456ecfe4fc,403bef93-c3fc-4e95-b39e-96bac13fb948,Lifestyle,Digital Detox
inj_df15d53a-51e5-4af1-99b1-fb57de18af2d,c70a5850-749e-4aec-81b3-b3ecbfb9e920,Lifestyle,Digital Detox
inj_c38420c1-657b-4ea1-976a-e1fecd243355,2e876271-f190-466b-89a9-b0840d35949a,Lifestyle,Digital Detox
inj_7b1b4588-3940-46b5-9526-8eb2c4c6465a,2cab6e9a-02ff-4c51-b54c-c8f16f6bf888,Lifestyle,Digital Detox
inj_f25b24f4-a7e4-438b-b02b-635ebeca9bd6,d8ae0379-4d80-45dd-ab48-24821b0a24ec,Lifestyle,Digital Detox
inj_9b542058-87bd-44f2-83ec-fe349fdff203,7b38833b-4cf3-4cbc-a4b2-7728f7fdc852,Lifestyle,Digital Detox
inj_abd8afc1-1b6f-49c5-a3b3-71f658649440,d7147c7f-cda8-429f-970f-a336fff6d4f0,Lifestyle,Digital Detox
inj_3a2fc550-4672-4807-a799-e678185feb53,3081ad3e-b963-4253-ac1f-42a0822036cf,Lifestyle,Digital Detox
inj_d5c4740a-8cfe-49ec-93c6-7e860c901757,439f2d87-91b3-413e-95b3-98e1738235d6,Lifestyle,Digital Detox
inj_ae3db8ec-81de-40a9-8eb8-e405ae8d5b54,c7801749-d138-40e7-8599-d921fb78655e,Lifestyle,Digital Detox
inj_296b47ee-a5ce-4677-acec-81cf54eb042e,e0461e2f-7efc-471b-875c-4ea9e7b9ce1f,Lifestyle,Digital Detox
inj_1ed6cc85-5253-416e-870c-53f36e1ff8a8,2bb53d30-e2a2-435d-863e-f58dcb8f72af,Lifestyle,Digital Detox
inj_66d8401c-3267-42b7-be67-175239dc8cf2,0fc55c9f-d71c-4922-8adc-3fd2854bc142,Lifestyle,Digital Detox
inj_7b0415b2-1090-42ee-9188-bbd78c9f557f,38e7717f-b462-4b58-992c-79b4f8e78b1b,Lifestyle,Digital Detox
inj_1f7447c2-dcdf-4af7-9438-e4556aaa498d,bcea157f-f45e-442b-ae81-b447e258bf2f,Lifestyle,Digital Detox
inj_fe74d7fe-28ef-4c55-af92-056a05b4eb85,7eb4361a-0346-4266-b3f4-2743e267cd25,Lifestyle,Digital Detox
inj_35ba6da6-c868-4d1b-8746-951d9a3bc2d0,3b421b6d-a37a-4340-b27d-1d89dfa370f9,Lifestyle,Digital Detox
inj_341a567e-140b-49e9-8c02-2808e7fcb628,30e1ca0b-5f92-4c48-9b6f-9e50a8347461,Lifestyle,Digital Detox
inj_f8c48a95-6087-4d8a-a895-4dc0f87bef8c,f71e5cb6-333a-40d6-8fac-696000d93a44,Lifestyle,Digital Detox
inj_3212c336-11c6-4104-a0ff-b6b317c3ff50,05d13956-e1a5-4ff8-9204-2af2f626d2e7,Lifestyle,Digital Detox
inj_5d98e4b2-61f2-4804-adcb-8d1bb2c4910e,40be0fdb-1a81-4f84-bde9-532961e3f995,Lifestyle,Digital Detox
inj_f40bc84f-1076-4e6e-bff5-3ed75f59f494,d2050e69-5cc7-4832-aff6-37caaaf87148,Lifestyle,Digital Detox
inj_f2b64eec-3841-4849-8bb2-95e364aa9fb8,7ba1befc-e4d6-4cc9-ba5a-178a50afefd6,Lifestyle,Digital Detox
inj_0e789f9a-a9be-4e8e-8f70-47dc6bb544cb,f169e676-dfa2-4bb2-8988-1b6de6c86faf,Lifestyle,Digital Detox
inj_154aa1a7-bdcd-461c-acd0-91ea85a4984f,942aa537-2320-4860-973d-5173d79278dd,Lifestyle,Digital Detox
inj_648b4778-7e96-46c2-90d8-9426f098e960,3adf7f85-695e-4ad1-ad9f-d4189829e16f,Lifestyle,Digital Detox
inj_e2485b18-db11-4634-b84c-4045cc48bdb4,1d60474e-ea69-4f3c-8f1f-5fa7003e4d40,Lifestyle,Digital Detox
inj_7318a631-6380-45e2-927d-cd315a6da446,65192c5d-98ee-4529-b43a-2610de2a0b18,Lifestyle,Digital Detox
inj_555414d2-818d-4e29-8fc3-2cc1b07d8544,a0ff68a0-8779-4009-b8a0-30c95cc1b347,Lifestyle,Digital Detox
inj_80915da9-f41b-4024-bedf-d2c079cfa818,5a3058ad-95a1-48b5-a83c-345266568ace,Lifestyle,Digital Detox
inj_7bc94402-ed75-4824-b7c9-31952b3feb8b,d0a843ce-0179-4635-8917-963fa44ebaf1,Lifestyle,Digital Detox
inj_418ec480-ca25-4575-92cf-984392190997,528f83b2-0449-4474-bfb9-8e193c4383f0,Lifestyle,Digital Detox
inj_da24ef0b-48f1-4bf7-b344-15e102adb1ed,17d7d71a-5887-457e-9f51-675207d51bbb,Lifestyle,Digital Detox
inj_f3b39c15-4669-4e08-b4b7-d9a120cddf15,157ac65e-9acc-41e3-8194-d0e6b0fee253,Lifestyle,Digital Detox
inj_168c1474-76e3-450d-90f9-5e45e28be5a5,c59d7218-625c-4008-b959-57665a433f6b,Lifestyle,Digital Detox
inj_6c6a0c4b-ea3a-43ba-9142-a2fef4cbd1af,9b016ead-f52c-4b53-bc93-f3bef9b2b10c,Lifestyle,Digital Detox
inj_63d88ba2-1063-404f-9b4c-fa4475d89e06,5b549eb1-c718-48f5-9473-47108496af4c,Lifestyle,Digital Detox
inj_9eb6d12c-dc42-426a-bd79-0513627cabf1,c94fe392-f599-4472-bd86-a03198364465,Lifestyle,Digital Detox
inj_32e67fca-67c9-44e0-887a-7546126d7370,7bcdf655-f4cc-459e-9296-f4873b6b6c95,Lifestyle,Digital Detox
inj_f864b7a3-a750-40a8-a424-300953fb54b2,40a91195-6bd4-4ae7-a001-9ef2c3fffcc1,Lifestyle,Digital Detox
inj_3275ed96-9948-44af-9785-c989e24b05b3,b2111976-8e3c-4d39-809c-b5937acdd146,Lifestyle,Digital Detox
inj_b983cdda-184c-4248-a108-fbe65ed84b61,13bcb143-f1e9-4495-aefe-6f998dd031e4,Lifestyle,Digital Detox
inj_4bb87a92-ee06-4173-82ce-f1b0a779dedc,94b4db52-82f3-4638-86f4-19b28cee8315,Lifestyle,Digital Detox
inj_e01cf661-02d4-431f-9456-86cc63af0c59,7042f8c9-51b9-43e0-a794-8ed73b6f3f4a,Lifestyle,Digital Detox
inj_8bf2d3c9-f87e-4d22-a5c8-454165bf4ba2,4886b6fb-1896-4d35-8ab7-9ec8c8020433,Lifestyle,Digital Detox
inj_ce21f3e3-c197-4b6c-945a-1c0a45d32829,d11e0602-7e6f-4cf5-975d-1c6a4fba3bb7,Lifestyle,Digital Detox
inj_fe6401e7-8001-4035-b126-0cdfe23281f0,d3be13aa-6e46-4ece-9fa1-36b3425d6d65,Lifestyle,Digital Detox
inj_e51c6698-9ab7-42ea-8ab1-82f0f84fd479,31844c38-8b77-4e36-879b-e157056d7141,Lifestyle,Digital Detox
inj_92d9ec42-132d-4e46-9f1a-e63d3234d143,f5b2338e-2190-423f-a20e-ad45877da53e,Lifestyle,Digital Detox
inj_309071c2-a62c-4cff-938a-fbc0789474d2,edfc244d-2764-407d-9779-0351eae344a0,Lifestyle,Digital Detox
inj_4efd2b9b-26dd-476b-b8d4-fe668dc7b17f,38fe4ce3-ed76-4a64-9653-af4c4923316f,Lifestyle,Digital Detox
inj_6c5f940d-15d9-44f3-b686-85e16ca21b5c,696fb37e-34c1-499c-8113-aca8f90dd352,Lifestyle,Digital Detox
inj_b11e5ce1-b9b7-4cd7-9a45-538da4176791,68efc0d7-98a0-498c-9c75-2543c1e0879d,Lifestyle,Digital Detox
inj_ee492289-ccab-4c89-a7e4-aa8cbd6beae5,0cbf2c03-c632-4ff5-ae37-e46ea7a2be7c,Lifestyle,Digital Detox
inj_df9ca344-86e4-4a4d-a463-55b1fccac204,0b6beb5b-9df9-46a1-a46b-4235e2d840f1,Lifestyle,Digital Detox
inj_db67953b-5dbb-42ed-ba7b-105c38d4b4c4,4c0852ff-09bd-40c8-b203-07975b1dc48c,Lifestyle,Digital Detox
inj_93d7d588-4801-4a4b-9d81-f5c06e3c19dd,ebefd26c-477e-480c-a167-78e5fbd6d4da,Lifestyle,Digital Detox
inj_4e51492b-66ea-4514-990d-940d85085313,78e30c1f-3001-4a92-afff-6d2f029829e0,Lifestyle,Digital Detox
inj_18f89a08-7e5f-4ef2-b690-8d7c1c927082,4b7e87ed-994e-419b-b36b-6ee3045ecef0,Lifestyle,Digital Detox
inj_9d5dc7be-4f4a-4daa-a151-d72867cb17f6,bacc2424-397d-47c9-a3b7-8fae7a132895,Lifestyle,Digital Detox
inj_4c842dbf-91b0-4f55-9461-441d0ff73856,aaaa5064-6b5a-48c5-92d6-420bb08ed13b,Lifestyle,Digital Detox
inj_a5cd1d20-f660-41e8-a22d-f95b10544774,b12ee20b-2b82-4b5b-9bc8-b4015a0b441a,Lifestyle,Digital Detox
inj_a4d20ca1-73c7-43db-9ef7-83fe467d0ad9,4ebb4c23-dbd5-4257-8b30-dac260df4174,Lifestyle,Digital Detox
inj_cc6268ca-3ab2-4df2-ab39-750461abfbe3,c63461dc-b70f-4e71-86b7-bc44b5b1c055,Lifestyle,Digital Detox
inj_9322c385-98d8-4788-b7e2-1c0c34b91cf0,416fb38f-a344-4b39-ab96-261f5d126fc9,Lifestyle,Digital Detox
inj_74b68879-dd5f-4a89-b527-918f3ab55dfd,f5fa0f0d-8a02-45da-bc60-472b10c4acf2,Wellness,Yoga
inj_64ceac25-637e-4e0a-8739-698fded93b7e,6aa83423-81a4-4d9e-ab1f-e888643fe26b,Wellness,Yoga
inj_2e593c74-1e87-474c-b416-6d5831b359b0,c9ec84b2-9547-410f-847b-ea0908abf47f,Wellness,Yoga
inj_6d7ab75e-030c-49d0-b55b-7822e50eb6e9,5ab17456-cc3d-456c-85a4-012e9d2ed334,Wellness,Yoga
inj_e911888e-6fa7-46db-9c58-505e52f005c3,a71a159d-6876-4bce-a8f8-33bc7d3cbff6,Wellness,Yoga
inj_b362bbe7-16ac-4b09-9390-90ec4e2500da,abcbb48f-b8a3-426f-8c5f-76efbc3829c0,Wellness,Yoga
inj_e0832e11-0265-44e5-8b73-aac7259e516c,3d499e2f-dbdb-4a38-baf2-5d911d0adb2a,Wellness,Yoga
inj_b4eb71c7-6ac3-4eac-a4b0-b320fd30dad7,c437d10f-face-42e3-b790-fa781b90e6ba,Wellness,Yoga
inj_1af75ed4-5cef-4a4e-92be-44b3a5c1b3d7,98120be1-cd9f-44cd-ac21-e51b43881569,Wellness,Yoga
inj_7522a065-367c-4f75-a656-0dd57fca299c,59f5c052-5630-48f4-9622-ccbf22bcb00d,Wellness,Yoga
inj_2ac14540-2979-4432-860a-471dfdc01c2d,721ec9de-ae48-4a3d-bb34-adec030666e6,Wellness,Yoga
inj_445f9e10-6152-46ce-9668-55aef399c3d6,d697e430-024b-4afa-97b4-322772aa2537,Wellness,Yoga
inj_4ea5bc23-95da-4ced-a7b4-be66b8a4153c,3be3383b-990e-4677-bfa5-dab91f017c7a,Wellness,Yoga
inj_4546b8ed-6a14-43df-8cf9-7adba08afc28,e358257b-4c64-4189-978a-867e6df10a9b,Wellness,Yoga
inj_62c5fdbb-c6af-4edd-8caa-585d18807100,28b75718-dcc4-468d-a651-2520e2a56d65,Wellness,Yoga
inj_d5504672-0bdc-4664-941d-f1fecfb7af75,fe1ca8d4-4e93-4a01-b19a-050c99915b6d,Wellness,Yoga
inj_a7d137e6-bc0c-42f1-9b65-a1f42b5f430d,ec3dbd99-663d-4042-ae2e-d2a83fbb3d4e,Wellness,Yoga
inj_4edf09af-515b-4a37-aa8f-8ca3f8be9996,1ddf3108-4cbb-47d6-bd6c-eba7931a856d,Wellness,Yoga
inj_3daa1b53-a41d-4f11-9248-5ec2ed30876b,bb833c4f-f25c-4d3c-a564-6d194e7e0012,Wellness,Yoga
inj_58715c0a-d951-4b3f-b327-c75b95d8a9c2,4685f91f-2cf3-4204-aa37-53b49d682248,Wellness,Yoga
inj_410388a7-0133-4f75-a160-788dbdd4172b,0199ebd2-5287-4cec-9f95-e93b7305a7a4,Wellness,Yoga
inj_9d9fd763-4488-4d7f-9cf5-3a8c44a73bdd,278e3e26-17af-4c92-beba-d0227c43af08,Wellness,Yoga
inj_991993b2-c14f-4c6c-90ae-aab8ed4a2d2c,d9582a46-e3c4-4339-9187-2f2e6b015e7b,Wellness,Yoga
inj_6d8ed7d7-fe65-4cba-af7b-146d8b10157c,1437267d-0c5c-4ac8-8b0e-10cdfce02c71,Wellness,Yoga
inj_8f113d60-465d-49c7-b455-62425bae1b91,1ef95bf6-1c34-47bf-847a-418ef71e9f47,Wellness,Yoga
inj_36e4e328-a8fe-4215-a74d-1eff11e32254,8f4012e0-5a0f-4ef6-887f-c348acf10f1c,Wellness,Yoga
inj_da145147-f435-4699-ba61-ba1bcf89fe85,d6015a2b-6ba5-46de-9db6-ce04ed5e9537,Wellness,Yoga
inj_d32f205f-b8ee-4b35-afe8-7cb0e4de364e,aedaa2df-395c-4d65-a622-d5ce3361a4a6,Wellness,Yoga
inj_489ea220-3885-4ec2-a637-a37184cb0636,c1e8d27c-5d08-4dee-999e-ba40c09d28ba,Wellness,Yoga
inj_2594764b-f29c-401c-96f2-8004f57a95f4,6773a374-d094-4683-9937-75e9f84285f5,Wellness,Yoga
inj_61c17fc4-5d3f-43bf-84be-d7c0e85e9eaf,3827c716-0b88-45eb-aac4-723b83cdc474,Wellness,Yoga
inj_8ccf6b08-e2f0-4aa4-8ae7-b6ac15c3173c,4a062f89-386c-4e4a-ae63-c3b47c060db5,Wellness,Yoga
inj_851e3c57-91bf-4e18-a8cc-dc01cac54fe8,0bbffdb0-b3e5-452a-891d-43bc7501f262,Wellness,Yoga
inj_ee39e722-7f48-411c-b1bc-eb05171d556c,24f7799e-ce9d-4aab-936d-589543cdfb25,Wellness,Yoga
inj_018fc0a9-7fac-40ae-9396-326f25232d4c,9d538e95-f695-476f-9ab0-87aebbb5d6fb,Wellness,Yoga
inj_d2dfa48e-1133-4f0b-9baa-fa340551463b,37ada321-4743-473d-9885-ea8ee205fa0d,Wellness,Yoga
inj_179379f6-7581-48fe-9e34-3d784365c957,e716d28f-b1d9-4e54-9107-6618a13ab5ca,Wellness,Yoga
inj_fcf4b668-4dc0-43b1-8ddf-005699cab515,c59d7218-625c-4008-b959-57665a433f6b,Wellness,Yoga
inj_9aa28a3a-6aa1-4a0e-8d34-a08636aa9f92,5ff360de-20b4-4ebb-9e3c-cf0d0a7bc0b2,Wellness,Yoga
inj_ba9d01ed-6670-4f3e-b616-c4d71fd87f23,019b7753-5b69-42be-9b68-9d11394df183,Wellness,Yoga
inj_397cd577-120a-4bd2-89b4-0868207339cc,2d9ccd02-9d29-4728-a3af-2bcc24ae7772,Wellness,Yoga
inj_e66049c7-8c1b-4345-8b14-b924e6ee275f,0b1d32c9-a5bc-48fb-9bb2-897afc133a69,Wellness,Yoga
inj_d209e189-03e6-4f3f-8d19-129956eb0b1c,98dcde77-b2fa-43d6-a613-3206ed00316a,Wellness,Yoga
inj_7894e9b8-697c-4535-b5f3-e742896648d1,f784b742-4c95-4ddb-b1ce-87c13426e94a,Wellness,Yoga
inj_b47d1f8d-7861-4ff4-8390-7747cd7042e1,71fda347-4547-4c77-a264-6ee2bdced115,Wellness,Yoga
inj_ec035f96-f6ad-4480-b72c-75b809f1a499,cb474fef-8992-4bca-9874-c4ddbf18e5ba,Wellness,Yoga
inj_951a5311-1dfa-4067-9a3d-a84f7d2db3da,51badf6d-e3f4-4516-b1e1-650c1487e93a,Wellness,Yoga
inj_58132a39-8867-479b-b284-6c41935d4201,2266a0ca-1d55-4af3-984c-297ada1ae07c,Wellness,Yoga
inj_46ad7bd3-f8c7-4a09-b4aa-ede94f16c75a,35e97df2-344e-45da-b822-5b2b728979cc,Wellness,Yoga
inj_c2ea20a4-9d2b-4274-839f-7be8d56d09cc,49ea7e79-f1e1-42dc-a8de-75ac8fe5528c,Wellness,Yoga
inj_0a7c87ab-31f0-4611-9c58-3f59f8db82d1,73320fcd-d6ec-4938-b84c-6546e5e1353e,Wellness,Yoga
inj_4177455a-4a6c-4680-a013-88ba256c1c6a,4d21ec4b-0bb8-44be-a19c-d34a81be0652,Wellness,Yoga
inj_4e949944-dc5d-4025-8bdb-0f48ae896e60,bcea157f-f45e-442b-ae81-b447e258bf2f,Wellness,Yoga
inj_63caceac-04a7-4e52-9b61-4eb20a76f724,8a475abd-cdd3-4c26-861a-3f068314c867,Wellness,Yoga
inj_6bb64a84-2386-4357-b60c-7ba8100d7ee8,6260938d-2e34-4d0f-a368-9b96bdf99ce5,Wellness,Yoga
inj_281ae7e0-f297-41df-b921-c7ffc2de6733,fcb8cac4-fce3-4226-b368-9cab03167b86,Wellness,Yoga
inj_3f752dcb-1ac5-4fee-ae81-a0c302acfaf4,e7f3cfca-eda1-48a6-9d2f-f614bc5dbd21,Wellness,Yoga
inj_0b75c761-2fbb-4437-9bf3-ef47ccb4166e,aad74700-3fde-46a4-935a-7ed20fc0c5ed,Wellness,Yoga
inj_0214401f-57d5-432f-acea-8cc974c0be9b,98fda998-a572-4252-9338-e6cc5108d6c6,Wellness,Yoga
inj_0c69694a-5b95-4f24-8f1a-71d601ebd1c0,ba6b6ac4-c270-4f11-8f1e-68656367701d,Wellness,Yoga
inj_e2868513-7889-4dbf-8da7-e515797de9c6,8993350b-dd5f-4dbc-bfe3-fc3c8ae1596d,Wellness,Yoga
inj_65841f6f-95bb-43bd-a593-0de4825d40c2,c9a355bc-4118-4d99-853b-7e277e0e41c9,Wellness,Yoga
inj_3c31e3f1-6903-42af-b8ad-8e3c2198c93e,3da61d27-cea9-4a4c-9c46-ba96abaa926e,Wellness,Yoga
inj_192256e8-4988-4888-914d-2cc74704ec99,6e777950-54d2-436c-a069-57dd6731d473,Wellness,Yoga
inj_ce497583-089f-4915-b384-05446938c3ac,a27f0096-a6ec-4db7-a0b6-231e95621a95,Wellness,Yoga
inj_75966548-e775-487e-ab4b-12a42b3ed716,38e7717f-b462-4b58-992c-79b4f8e78b1b,Wellness,Yoga
inj_a4a98813-ddf1-464a-ba70-a2de13e29a39,b6c609a5-e107-43fe-ab6a-f1a0d922d3b8,Wellness,Yoga
inj_9b58a314-ebc4-4753-bacf-26ebde663ee6,a2ef46c9-4984-42d6-a223-e3134606fb57,Wellness,Yoga
inj_9e33ddf8-a342-44a8-84e0-a32e5e7fdbcd,b11dff27-27cc-4b5f-b628-39ac0ae923b5,Wellness,Yoga
inj_cbd24036-cc03-4474-b488-27a7df7911de,2643dea1-ccbe-4dd7-ac97-a5a3d7a27e12,Wellness,Yoga
inj_f6761e2a-4bac-4746-8cc7-437d3b79abad,2a17c521-0afd-48d9-9fd6-0974aa1073c8,Wellness,Yoga
inj_64ae5654-eda7-428e-adf5-835f51d3df2f,6a1cd465-fd6a-4aab-a114-e01991c1186f,Wellness,Yoga
inj_b2e2947c-3e05-401e-bcd0-6c71375670fc,57af099f-7593-48fe-aff6-9219bf7bdd24,Wellness,Yoga
inj_d791a5f7-241d-48b5-9424-842404ca4bde,133a007b-9784-4920-a5a9-9ea44cc1174d,Wellness,Yoga
inj_78abec09-4c3d-4a60-a3c3-ab1316d2a176,99ee2f43-f622-439c-b3a9-b17c87832c15,Wellness,Yoga
inj_8c5866a7-f966-414f-845b-5daa7517d4d1,6866ce30-364a-4ba1-a103-b9269afd8348,Wellness,Yoga
inj_39d3b8e5-12a5-4274-a26e-e372c36988a1,a95cc641-46af-4be5-ae63-b3603178b982,Wellness,Yoga
inj_91aabdc2-58be-42f3-9927-f227207fe829,d4984361-7bae-4c1c-aa08-e32a4a3003d6,Wellness,Yoga
inj_aa4a4af0-9b88-4221-90ca-1a1235558cd5,05d13956-e1a5-4ff8-9204-2af2f626d2e7,Wellness,Yoga
inj_aa4f8f0b-f1ae-4ca9-826e-7891c496749b,0c1def4f-0e4a-4e55-9f28-1d92864f3588,Wellness,Yoga
inj_7f6cddcb-3236-406d-82fd-81f80c932060,48879151-aaa7-4735-b854-a598a0e62f60,Wellness,Yoga
inj_55cd65c1-f7b6-415f-b231-b00a8bf49b42,eb87508b-f4b7-471c-a18d-013d8779f1a9,Wellness,Yoga
inj_4705dce7-05f1-4b5a-91fa-951639988558,30e1ca0b-5f92-4c48-9b6f-9e50a8347461,Wellness,Yoga
inj_5a606fbf-7194-4c1a-9793-7188b782d230,8b46c6f2-19e2-430c-8b16-402437c43d55,Wellness,Yoga
inj_e9f286e0-7ba3-439a-b8c6-32425325d039,c4495c78-e487-465d-aa86-f3e6036910e3,Wellness,Yoga
inj_b071ffb4-92b6-46a9-af25-2f03d326579d,c2ec2419-cc6d-4697-a51c-9a3135086963,Wellness,Yoga
inj_3c37ac7d-560f-458b-8873-6995601de533,3b158c6d-820d-4545-9f8a-360bea3a2804,Wellness,Yoga
inj_18b7e701-6959-41e7-91e9-6e13b510536a,d7f939be-8652-4c15-9838-cc4a9f665f94,Wellness,Yoga
inj_30c493ad-b278-482c-83f0-5cf80cf9409a,304ea99a-2c46-4be8-a510-5f8138f65faf,Wellness,Yoga
inj_ca572dd4-fc59-4f72-aa00-80c7e70eb318,2d9b6320-d18f-40d7-b716-dafb2137cbe0,Wellness,Yoga
inj_f026743c-f94e-47a6-89db-d32d1d2bee47,1ccabb0d-8398-49e3-a404-2cf0bdd071af,Wellness,Yoga
inj_9a919f5b-360d-434e-9f42-abe99fb20cec,498e29e4-8ff9-455e-9d07-cafab0c11403,Wellness,Yoga
inj_986ecc67-1288-47f1-af5c-a44da82e99e5,8c21d16f-fbf7-4bee-b350-5cf98e98049e,Wellness,Yoga
inj_75822452-6be5-406b-b628-b8547194a07e,083b4153-5acd-4bcc-9fe2-62b22a964279,Wellness,Yoga
inj_1a87b7e2-56c2-41c4-92c1-0d637c42e0e6,1200df2c-d983-4f3c-869c-b1968f83bf72,Wellness,Yoga
inj_b6f69b03-315a-4fda-a1ce-a7d85abe7c9d,bdf4dee3-f13a-42cd-aa1a-fd27fb49e2ad,Wellness,Yoga
inj_17e66725-0cb9-4792-996b-0e9cc528172d,40be0fdb-1a81-4f84-bde9-532961e3f995,Wellness,Yoga
inj_e70970e2-1b5a-49ac-970f-a260a7c9b878,d0c3d899-de29-4074-bf7d-abb46da20767,Wellness,Yoga
inj_b72f7946-a594-49da-9352-e696fdcc3e73,9d9befad-6412-49c3-89d1-c0770bc27800,Wellness,Yoga
inj_6e8599c7-2d06-40ef-9f6e-66bcac040dc7,84d92b1c-752c-4656-aff1-72bb2f683c01,Wellness,Yoga
inj_6cba0c2f-4adb-4d4a-a313-d195758892c7,c175cc75-0e0d-4ed5-9b38-9b9b1bfec567,Wellness,Meditation
inj_de8985fc-31d0-4173-af09-698e5526e373,31bc4e35-ac69-4186-a76f-3bf9795ba28c,Wellness,Meditation
inj_3b8704bc-f81f-4434-8cf8-9e965c79bbe0,353e5824-7e1f-42b2-adb8-538d4009e662,Wellness,Meditation
inj_7a537ace-5359-4bd5-b22c-1a98dba1f0a9,9a5577f0-1787-4235-9bda-d270b061212e,Wellness,Meditation
inj_d96d7d5b-8595-4577-a1ae-6fc0a19660e4,1ff2ad3a-34e7-4ead-a51a-8a4512ce576a,Wellness,Meditation
inj_1d8d3912-36cd-4d77-8194-419ee78c661b,4801821c-e130-4bc3-849a-03fd628726c7,Wellness,Meditation
inj_2b609826-4923-4d7e-980a-cfff9de36186,98847d12-abc5-4ba9-b9b1-4d153d214150,Wellness,Meditation
inj_16da648c-5e87-459b-88c0-abac10793f6d,0213e574-1095-49cc-9c3d-388db5cce7f9,Wellness,Meditation
inj_92cad612-6976-4a13-9d5e-15ac3cc2726f,30e1ca0b-5f92-4c48-9b6f-9e50a8347461,Wellness,Meditation
inj_95aa1730-0e4b-480b-9416-1730ba7dca6c,f5fa0f0d-8a02-45da-bc60-472b10c4acf2,Wellness,Meditation
inj_4c7d4468-176f-423f-a2f5-9b56cf634216,7ee83718-5df5-4611-bbdb-b91c9437b9e6,Wellness,Meditation
inj_28ab4274-cf51-49bd-9f56-511fe45fff87,1e6a6ae6-b9f4-481a-b3ab-f3984984d2ae,Wellness,Meditation
inj_0f55954b-4032-4d05-90e9-ca50a668aeda,6994e448-67f5-4eae-8eaf-ad58dc3400d5,Wellness,Meditation
inj_1a045e78-0f06-40cd-bc7a-3ca7dc784725,3c1107e2-8968-4862-a6c5-1426fb0691f7,Wellness,Meditation
inj_11a141fc-0186-485f-9388-ab78bec30582,8f04dc00-46df-4c2a-a801-d3060f7a275b,Wellness,Meditation
inj_53d2f6d5-b719-499f-887e-a3738f99ec2b,acaa7e5e-d908-4641-8239-af6edfa02d9d,Wellness,Meditation
inj_8e3dc882-960c-4abf-97e3-0539c563f045,70aea8c8-9a14-42ce-a6c8-e249b8dd281a,Wellness,Meditation
inj_93559a1d-50ae-452c-a7b2-3eb1c2f5cbc4,7f86f7d3-1a3c-4ec2-8e1f-376aa5e11395,Wellness,Meditation
inj_26d54127-3ee3-4bd2-aa91-5dd239a34dd0,3a7bea4b-7c3e-4439-904f-0aaf4ed1162f,Wellness,Meditation
inj_a1a3d0f9-3932-48c0-aa27-7c189cdff222,e15ba398-ce86-4c1c-b550-4ed3d256f8ee,Wellness,Meditation
inj_9a62db75-5654-4fb9-91f5-2485c0139338,beb5338f-997d-4081-936c-a3148fd07e5c,Wellness,Meditation
inj_dcfbdb99-964b-4125-adac-15bdd212c450,01d00b8f-8335-498e-9eba-5d8294235b03,Wellness,Meditation
inj_a0baf008-ca59-4f5e-a38c-63456c0f8699,479c6b6f-0d0d-46c7-9622-128775c0791a,Wellness,Meditation
inj_a3afab78-cce0-4e7f-85e4-663a3fa5b076,b3ce178d-432b-467f-88a2-c5da90e3133b,Wellness,Meditation
inj_2093ef04-d5ad-4f00-a8e7-009c29c3a87a,3561aa9d-9ade-4191-a00e-bebed2de42c2,Wellness,Meditation
inj_c6015bea-89e1-484d-91ea-8eb89bc8abb7,1c3f17f6-ac30-469f-9367-c99c428bf6d7,Wellness,Meditation
inj_9014f047-7d63-4b2c-9d68-a6767c20b165,3988e327-1472-419a-b79a-2a712e2bbc66,Wellness,Meditation
inj_5097e4ef-1e2c-44b5-91c2-57e6a9e5f786,d2be4254-7fed-4376-833a-2ca93ebcad14,Wellness,Meditation
inj_340a6616-1212-4796-a41a-1e5002e5ae6a,362c8150-992f-4e78-a826-c34be0b245a0,Wellness,Meditation
inj_bf0df5b6-c484-4fc4-926e-9540add7eb5c,5831b241-ec64-421b-aa80-4b802bfed582,Wellness,Meditation
inj_10ab177a-f8c6-473c-b510-aaf256612760,ec5710c9-bf4d-4016-934a-c4fe1700e5e7,Wellness,Meditation
inj_9300b4d5-e5fd-44db-b3f6-a842bcd35e93,2e876271-f190-466b-89a9-b0840d35949a,Wellness,Meditation
inj_6c9f0082-c365-4ab6-ac71-3c29eda630b4,5fb9a25a-eb75-4b6c-a18e-c24256c3cb98,Wellness,Meditation
inj_85e8ad64-2644-4275-8c31-8b31eb05c5c1,ede7e57a-a435-4906-8881-4003c2270200,Wellness,Meditation
inj_368b6167-7be7-4bcf-b9f9-c3278a9cf93d,337f8e89-9e2f-4e33-913e-c7dfd29a83af,Wellness,Meditation
inj_a0f8e141-b6cf-4f02-95ad-fa36ca6b9f43,c61df8a4-9549-4b87-9830-b7914e71bf36,Wellness,Meditation
inj_e429a770-f09f-4646-9bbb-e6b8f8882866,9b016ead-f52c-4b53-bc93-f3bef9b2b10c,Wellness,Meditation
inj_b40db347-50fe-4dc5-a3ed-f28b2f248b4c,71a195b8-952b-4668-aec2-b25046f88a55,Wellness,Meditation
inj_90349f0d-d893-4bbb-931d-777c18e96fbe,b0c4ff7d-f7b3-40e0-8ced-779e378fd7f7,Wellness,Meditation
inj_a6b8ed5b-f781-4e0b-80ee-db270ef99932,c2929836-84e2-4733-8c65-1035d01c588a,Wellness,Meditation
inj_e17ca1bc-36d3-4593-ab91-a18028945ffb,d4762591-c36b-44cf-a8f6-de5f90a682b9,Wellness,Meditation
inj_b09a1e45-6eec-4103-aa7a-ddf879ba15b5,98d30c9b-59c0-4434-aaa3-eb0d8ba8abce,Wellness,Meditation
inj_bba61624-bf43-4190-90e2-ed6da21599cb,f0a30a5c-f646-4e88-a53f-58d0087f105c,Wellness,Meditation
inj_62d5e4f1-ed04-4c05-8449-0f974d9135b1,a7b8f142-6b8b-4eac-bae6-5f57f113147b,Wellness,Meditation
inj_76c392c1-e396-4139-b0e7-2689cbe5c6af,a9204726-9d4b-41c4-bdea-c0e23fbe3c5c,Wellness,Meditation
inj_9bccb6a1-f346-4c67-8042-7379217b97dd,a8879e8b-368d-4bff-9b03-d699e21d684d,Wellness,Meditation
inj_6405396b-67aa-4fcb-83cf-ae4d19c816d8,c1b60a82-1a32-4da6-8139-86da295427ec,Wellness,Meditation
inj_b2ad1d28-78c7-4a8f-8770-b98f0d7ecf44,d2e12620-cef4-494e-af1d-b239b4f1a892,Wellness,Meditation
inj_44f10046-6791-430b-ae56-92c70b6005ef,c2ec2419-cc6d-4697-a51c-9a3135086963,Wellness,Meditation
inj_40afd6f3-2aad-417c-bf3e-7d641f5f32ed,8704d5c9-45c8-4c26-bb80-d27b816690de,Wellness,Meditation
inj_cb3c0df7-7ce2-4143-a887-1d41f273911f,060bd9f8-b730-4977-806d-03e1dfe5cd42,Wellness,Meditation
inj_b609403c-2dac-48ee-8c14-c86ff27c7ed0,032be5bb-852d-4ace-a3b4-ec7e72c75126,Wellness,Meditation
inj_c9a27800-2428-4f7b-b3cd-5dc739c756e1,b0a8e5f3-7ca3-4084-b5b4-0aa81e6a7282,Wellness,Meditation
inj_ca76e27f-f0f9-4090-81b4-0a3d0323943f,78e7527f-d85a-4433-87e1-59448d3f1c44,Wellness,Meditation
inj_a5fc4176-40d1-4772-b52a-fa5f93907c4f,01642303-43b9-4565-b1ea-cff93eb2b335,Wellness,Meditation
inj_92bef471-5159-45cb-9536-f31036ebf0d7,39c0f010-b8fb-491a-85db-78182780d6dc,Wellness,Meditation
inj_24f19b1c-4155-4f01-84c9-e6357c6f9a58,b196f8f2-a41f-450b-bef8-4831de113d09,Wellness,Meditation
inj_bd452510-5575-491c-a5f5-d2031ab90e63,6f787969-9846-4090-85e3-9951c3ae4e34,Wellness,Meditation
inj_ebd55398-01de-4cc3-99d3-6e58c3d18740,42695f54-7e3f-4b93-955a-e3a43ebf9573,Wellness,Meditation
inj_3e60c928-1c6a-4501-8dc3-a658bbb35b75,4a881899-37f1-430c-93fb-b40ad86c5965,Wellness,Meditation
inj_a2c60f7c-e676-47c0-ae6e-25d6e5617b1a,2b4d1634-1bb7-4d56-981b-16b714732f0c,Wellness,Meditation
inj_67b9aba0-0540-4238-834d-851371b2c4db,9abdd8c2-1764-49c1-afe1-f574293840fe,Wellness,Meditation
inj_b60db1c1-d385-4612-9890-d95b63e75d88,9521d878-2d9f-48c7-ab65-6884567b59c5,Wellness,Meditation
inj_07ec5494-c834-41a2-91c0-0a1fe4a09352,c6255c8f-5647-4158-9509-a6aa4b3a25c6,Wellness,Meditation
inj_85850e33-fe18-45f7-9a55-c94d62ecd374,439f2d87-91b3-413e-95b3-98e1738235d6,Wellness,Meditation
inj_b12bfe65-3e70-4b0c-b365-66e31aa48d90,d9abe70f-92c7-4bce-9522-c9547479c4d0,Wellness,Meditation
inj_338f51d8-a364-4074-80b7-f701eeb37c4f,f071da9a-2d5b-4dff-a6a7-603b04805b62,Wellness,Meditation
inj_4c52359f-be86-4269-b6de-a0846d9eadbe,0748175f-9a12-4919-8233-33c7b187f869,Wellness,Meditation
inj_022754b2-6302-4ef0-9421-2140b9f3eb14,fd103237-eee6-47e2-af79-0220cfbf6c4b,Wellness,Meditation
inj_88363b10-289b-4320-9330-8b89915e56db,518a0c42-1771-42d5-81a2-df1c8691bd6b,Wellness,Meditation
inj_0d057140-5e8d-4ea4-ae5d-200c51d67263,5d5f83c4-3ca3-45e6-badf-12d8815734f8,Wellness,Meditation
inj_ca030de8-aa02-4256-b259-cbd872504d32,c6a00161-86b7-44f6-b088-57742be3b16a,Wellness,Meditation
inj_0a0dcdba-7411-4962-945c-28e04e8a68b8,4a497085-26d0-47e8-bd9e-2d6032b76f62,Wellness,Meditation
inj_c706b14e-f1be-4018-a28d-b1d3f73b3b56,971d9d2d-11ec-458c-ae0f-70dea961b5f6,Wellness,Meditation
inj_98ae4da8-9e3d-4fbc-9da8-7d237c4bb187,6edc3769-e348-4edd-9443-f238212e2952,Wellness,Meditation
inj_8f08fad4-2425-4ba2-9d55-7446089f6b8d,9f5e6180-2877-4c37-b062-79819fbd3fe8,Wellness,Meditation
inj_0ad393f6-2120-4e26-821a-656fce831442,f98271d1-0a1b-4c0f-afa1-befda3ca347f,Wellness,Meditation
inj_2f03907e-85cd-4404-a58a-f4302cfb6e22,a87992c7-802a-4a38-9451-968124c4a5d9,Wellness,Meditation
inj_0a9bc39e-f421-4e4f-93a1-c5def6631921,e1270a63-46e8-4e6c-89d0-b0658a875af5,Wellness,Meditation
inj_44bf0e01-6438-4589-8463-5b2760b4d2e9,e6fb5a7b-29d1-4c42-9116-9d7e3903ff1a,Wellness,Meditation
inj_c1b9508c-8827-455a-bb38-4ba60e9a528b,ec7c6f18-5e97-4fb1-baa9-fec7bbfb696f,Wellness,Meditation
inj_05eb4854-4cdf-4626-badb-cfef81903a11,49032342-3eaf-4285-bf1e-69a4aeb4322a,Wellness,Meditation
inj_4eb66ea0-ec73-447b-be79-7b7d6d6cd0aa,30b4d3c8-d001-4018-8cd2-4ecf672d5ee0,Wellness,Meditation
inj_48991678-43e7-4b18-8df6-293e3566aa19,067c7536-bbb2-4aa7-9b5f-7d50dc620a50,Wellness,Meditation
inj_e1de9494-39ee-4232-ac90-464e0d6cb97a,2d9b6320-d18f-40d7-b716-dafb2137cbe0,Wellness,Meditation
inj_53b255cf-9c5e-428a-b686-85ef5d19e29a,158f5e29-356d-4d0c-87ab-3760e75c3617,Wellness,Meditation
inj_7e061587-07d0-474f-aa2d-a68f1ac6b048,27ca132e-76a8-4dc5-ace2-31ed889c0dfb,Wellness,Meditation
inj_1400f75f-d8ee-42a1-895e-c96b7c5784d0,82c32a70-0be2-4d07-93a8-c61199a8d0c8,Wellness,Meditation
inj_cf9b96c9-351e-45c5-8b44-d2c96fe31e02,b78d9ecf-aeb4-482f-a9fe-4c23b881c9f5,Wellness,Meditation
inj_1d2719b8-d7c0-425d-8fd2-4f94bd080efe,e6047c44-ae02-4005-b197-3bc46e03d15c,Wellness,Meditation
inj_ee93a458-62b9-4712-b646-050011938f17,808e685e-b337-49ea-ba06-fc4960515bc3,Wellness,Meditation
inj_16897e9a-0b6a-4b48-a631-4dc0bbc6b424,fae9a331-1996-4654-a254-33b24245f93c,Wellness,Meditation
inj_40bb6900-a3dd-464b-b0ca-2d0b7ae41644,3ee57d67-7a56-4b53-86d1-9b8d346f25cf,Wellness,Meditation
inj_a4296427-4457-4537-93fa-3988c8dd466a,e036cc5b-c0e2-4d81-9b6e-360a3a7811e4,Wellness,Meditation
inj_0baf7134-c869-4a88-93d9-3511504ce401,259b699d-ff6a-4158-afa7-1d9f2864af4e,Wellness,Meditation
inj_af498282-2c2f-4cdb-aed0-33fbc8904bed,17efca01-b251-4116-af78-e8b0f105c5d6,Wellness,Meditation
inj_a4e983e8-9445-45d4-b37f-22d7cb4211b3,865f3f40-e7ed-4ba6-8bb2-bb69377f58db,Wellness,Meditation
inj_138ea9ac-09ca-4e76-b1cd-01fe046fc723,8a26a9e4-7864-4f1a-afed-af0a20b08a19,Wellness,Meditation
inj_a57312ad-9025-424e-b833-60f2b542c17d,ea639e03-1eee-4984-9dbe-d3381977c8a9,Wellness,Meditation
inj_8b924e99-8efe-4ad2-9f9a-bacc9df4e219,a520edfa-365f-4585-b36f-833d96fdc345,Wellness,Meditation
inj_e5bf5873-a9e7-46fc-8ad9-1b7b30dfbf03,e35bf3c0-b9f6-4b8a-ba5f-e3dce291b983,Lifestyle,Music
inj_a2554ab5-313f-4579-8c90-25f612c53539,8c5f87d8-6de7-49ba-a93a-ddec2903c65a,Lifestyle,Music
inj_4429148a-ba29-44cf-9989-f01daade41c6,6483b977-3196-4078-b5e0-d231fd771360,Lifestyle,Music
inj_de1048b3-131e-4818-85be-c63d4b79ecf9,27726b95-5ffb-4ab5-a82a-858ff1bab914,Lifestyle,Music
inj_05c15f0c-aec8-469f-8522-6afc4fa5be61,607037de-aa34-4b72-91a0-ebee3256f2f8,Lifestyle,Music
inj_422a6aad-8f0c-4079-b118-a4aad99647ed,d0338c3a-b9e7-4bcc-b1c9-635be60053d0,Lifestyle,Music
inj_e2536d2d-2e94-440d-b936-bf2e1093cec5,2bab1007-ad4b-4ae7-83b1-5d4cab2460d0,Lifestyle,Music
inj_f3d902bb-431b-456c-aa3d-8c0db834540e,743671cf-c14c-4475-9d2c-7a143fa51ef8,Lifestyle,Music
inj_11416589-681d-47ee-8071-856eea1702ed,c36f0ef4-9639-4852-a94b-849c94e30893,Lifestyle,Music
inj_3bdb9c9e-ff56-4558-a9a0-142665e7ec4d,f0a30a5c-f646-4e88-a53f-58d0087f105c,Lifestyle,Music
inj_a49da447-4118-4715-8daf-4077d35bd286,96f82fac-1970-4c03-8339-de0c2c962ef4,Lifestyle,Music
inj_0c73337d-610d-4422-9c65-007c8a36a1db,907689da-f0c0-4781-bb20-f958f730d4fe,Lifestyle,Music
inj_487eb12b-4805-4ea0-8b84-f55d3f6e8d1a,a33a4941-cb8c-4b0c-93ee-08ed95ce6693,Lifestyle,Music
inj_b514c081-0ac9-49f1-aa2a-33080e44583a,1058a3cf-cb7b-477c-88fa-b8130b28da25,Lifestyle,Music
inj_6a65c972-0608-4a62-9ccb-e39fa34c4ef6,60a9a331-4869-41b3-860a-e5a9a0518f55,Lifestyle,Music
inj_4cabb434-6615-47f4-b948-53fc54bbb59b,34af2720-4ea2-431a-8da9-d7bed0726624,Lifestyle,Music
inj_a15d7cf0-a522-4345-9840-36b71388c867,5087d838-7069-4676-80de-9914fee3eb7f,Lifestyle,Music
inj_7d36f18a-d8d0-4cae-b7d4-3421ee888a47,ef5ad8f8-1eca-4386-8c17-2cd29d8dacb8,Lifestyle,Music
inj_9cfd25d0-5090-4989-bd16-123b2b3b50dd,4dcb45f5-74e1-4500-8278-c24eabb9bffe,Lifestyle,Music
inj_8819a1b0-72a3-4f9e-baef-dca9f5702c0e,80501fd9-87bd-4725-a83d-b0e9739f8cb6,Lifestyle,Music
inj_4bbc3869-741a-4441-bc60-020ce4a8adcc,4f3bfcce-c376-4bcb-a8d2-be5c1f7742d7,Lifestyle,Music
inj_0726cebd-127d-402b-985c-a27ad6180caa,b8a751de-102f-47f8-96ea-a0c314d176b8,Lifestyle,Music
inj_5f69b870-8322-4a0e-a10d-6632e856043d,de0f2413-52c1-4a2e-bbed-2111cedab261,Lifestyle,Music
inj_59077de8-51c7-401d-8ef1-1eab3242a08c,816d11d7-1a47-4037-a48d-f625d931e058,Lifestyle,Music
inj_a566939f-4c6b-409b-90dd-7e291e753829,1b034431-e502-4c31-ba6a-1df051e09b3c,Lifestyle,Music
inj_2a4541ed-5e5a-462b-a5ca-454e4d9f78ca,d5197492-3441-4323-a0bc-109529538345,Lifestyle,Music
inj_20b9adf7-c81c-46b7-b295-3e99b5bb4944,72498ce6-c681-411c-b246-af1b88dc448e,Lifestyle,Music
inj_d147ab40-7737-443f-ba7a-8d4f2c556d52,f8668ca0-7feb-43f8-9d87-5b3ec975cd2c,Lifestyle,Music
inj_dbbb5847-9a8a-4430-8f01-5954f72df1cb,b19f26a9-522a-401f-b7ed-bdfe89d05eaf,Lifestyle,Music
inj_caefbe31-cf6f-4e49-a614-bdeba2f67023,133a007b-9784-4920-a5a9-9ea44cc1174d,Lifestyle,Music
inj_605864d5-a228-4ac1-9c42-a9c9ae6afb61,629a4a42-e94f-4cfd-9dad-9d766c82fd62,Lifestyle,Music
inj_7996dae9-f6b6-428a-b49e-7f40755c11d9,d91b8ad4-527c-410a-b0a9-19c05307aea1,Lifestyle,Music
inj_5a8b041b-d453-4b4e-8b1b-ecd7ddd17c66,700024fc-f148-4200-8b14-d80fef2701f6,Lifestyle,Music
inj_08349662-c94f-4593-acaf-b534e8e432c2,f4b983ed-f7ef-4a0a-8806-85c22427952f,Lifestyle,Music
inj_c4c0f1e2-930b-4268-9689-ed983e70bac0,af30e3c9-8591-46de-bf5e-e878ef34329e,Lifestyle,Music
inj_5cdbda1d-4eab-4c83-8365-acf8ff1cacc3,ace75e42-e95b-4beb-9c5b-562d134c9309,Lifestyle,Music
inj_31fc7fbd-b773-43f2-8267-6575e5b70dcf,8a25dcc9-325b-4a95-951a-8ea653808be2,Lifestyle,Music
inj_85d675e9-381b-4108-b98d-1f8ae502575f,a3d6bbd3-14a9-4be5-b677-a015ecb68e84,Lifestyle,Music
inj_e30f8965-2ed5-4114-a8e9-9d6b6cd85d53,642e1fd5-523b-4ed1-8d60-05cb21eb580f,Lifestyle,Music
inj_35db3357-e094-4e8d-8581-31e8bcfe9fd6,6606d037-6e8a-4f31-9aa3-15420358c0a6,Lifestyle,Music
inj_47f80ef2-121e-4444-a622-2b438925af93,f167f4bb-71bc-49bf-9a92-5c6becf67f52,Lifestyle,Music
inj_b7d415a0-7061-4c37-9838-0b1252644fbf,190e60fa-50fd-4237-b948-cfb1bef2bf26,Lifestyle,Music
inj_0980237b-45c2-4b14-89b5-bc5be524bfa9,ef19487a-400e-4886-91b7-885bbeb264b7,Lifestyle,Music
inj_70c57593-ec4d-4d0a-8cfa-01557ba3c1e6,6202aa3b-54a5-4396-977f-2189ebf144ca,Lifestyle,Music
inj_d2b9be02-8c4e-49cd-9139-e57e77a3f4dd,ad913f20-1366-41ba-a19d-53c56b7f3b43,Lifestyle,Music
inj_1e6f05f5-c8fa-4752-84d5-b5d3a44a0701,c6c0c2b8-8ce4-4ea7-9f10-2410eb7bd26e,Lifestyle,Music
inj_a35bfce3-f4dd-4419-a8b5-d5293ddfe5ed,69828d9a-23e8-42d7-9a07-91a38504aa02,Lifestyle,Music
inj_9e336ef3-4e75-46da-a218-56afc6441995,942aa537-2320-4860-973d-5173d79278dd,Lifestyle,Music
inj_34f2f8e7-8245-40ce-ad3d-7c640e2d70c3,3b7b9138-780e-41c6-8cba-32b3b95c5136,Lifestyle,Music
inj_ba9d0502-1d9a-4b4e-b6ba-26ecac62bcbc,bca47744-49a0-4af6-b27f-ab81366ff1dc,Lifestyle,Music
inj_803569ec-0281-44da-9396-9f14bce0e869,f37706f7-420d-46bb-b005-b225d33c3f27,Lifestyle,Music
inj_32ae27d5-6a3c-4534-a8ab-ba7c3274c68b,0178e78b-ca2b-4c1d-8478-c54d654da361,Lifestyle,Music
inj_d2d9a666-11e3-4bca-94f6-f6792fcbbfbc,65cf1611-969e-42f2-856a-b3178c362dad,Lifestyle,Music
inj_618aa612-4216-43b9-97eb-cd417f680999,d62f7d16-ee96-4751-b7d1-7a737f6d09d9,Lifestyle,Music
inj_f3e76f80-d212-44c9-bc39-eaf505470e93,8194e0d0-2d32-4c4f-8e51-b660c5102687,Lifestyle,Music
inj_79873dc4-734d-4636-92bb-a0560ce543ce,71a195b8-952b-4668-aec2-b25046f88a55,Lifestyle,Music
inj_a0689bf9-ea99-47bf-b87c-24fc78b71f8d,90c9c816-8ab2-4dce-82bd-ba5f6f06bede,Lifestyle,Music
inj_ca945923-10ee-46a1-8f94-32eb79765cbe,0850b612-3950-41e3-8ce0-11737d091b64,Lifestyle,Music
inj_42612798-05f8-48c9-9c96-35ccbababe89,996c3bf5-0985-4cf2-a122-a2cddc621774,Lifestyle,Music
inj_75993e14-cf47-437e-bd6c-d2a354b4a938,b6c609a5-e107-43fe-ab6a-f1a0d922d3b8,Lifestyle,Music
inj_5287085b-3d78-4cbc-ad99-c617264bf6e0,ca743936-b8a9-4592-a351-b1b7c6578ac6,Lifestyle,Music
inj_e4322d92-c7ed-4c38-b59b-c9aafccdca25,5dd9057c-180f-40d3-b8aa-fa1548c839fd,Lifestyle,Music
inj_d20299ae-f3a2-4e5d-81f8-79c7b758da0b,2cdfec1d-2f33-47cf-a81f-7442578c17b8,Lifestyle,Music
inj_44ae0fe9-5c2a-42ad-a06f-9bb27e0f7b1d,1809b272-9382-4618-8ed6-81a5ba018515,Lifestyle,Music
inj_c2456986-1501-43e1-8b53-5fdfa4edc570,cc61581c-5408-4783-852c-ceb792d94461,Lifestyle,Music
inj_92c35d33-5576-4748-b3df-963e19c36235,d2764fe8-5967-406c-a912-b4cd6f940c3b,Lifestyle,Music
inj_12c5a928-5cc5-4e90-a222-d962acadd54a,40be0fdb-1a81-4f84-bde9-532961e3f995,Lifestyle,Music
inj_1bc0f07e-ace3-4b7f-a5ff-5e087bc48ee5,56a68870-1ee0-4ce1-bd87-074c6ea5a548,Lifestyle,Music
inj_66ff7412-8902-44cd-8b8c-95302b4b4194,84d8063b-ebde-43ad-a92e-9d1bde15ab93,Lifestyle,Music
inj_47850459-ce7c-408d-bfd6-4eefd1375363,1e2f0ef3-080c-4951-bd7c-c689e4f8c1c9,Lifestyle,Music
inj_725ab0f8-6d64-4fba-b848-796bcc77f493,b97d760c-08e1-4e81-8335-d9a57c1ab1a7,Lifestyle,Music
inj_f658f8c3-449f-4833-9df0-7c943d744620,1c54f805-5784-4ff7-84d8-51797d64d76a,Lifestyle,Music
inj_275587df-9902-44c6-9c02-a36b0c2f23c0,ba6b6ac4-c270-4f11-8f1e-68656367701d,Lifestyle,Music
inj_20773fad-2238-4649-9b48-8cd918656789,1248d5c7-2813-43e3-9404-a7fa3ea924c7,Lifestyle,Music
inj_56837488-fddc-4ef9-abf6-f087b3d1976b,cc80dd2c-7239-4612-84c8-40f9e131a70c,Lifestyle,Music
inj_139a5716-a543-4b2b-9968-4b32f354abb8,b6a78550-3642-49e9-828f-74f86c8fa6d1,Lifestyle,Music
inj_f338afcd-0954-4d64-b22c-44ec58c8bb3b,420ad0de-9c2c-4697-b698-c5d3399eb306,Lifestyle,Music
inj_9dbf96df-59ba-4b63-b8a4-8abf575aa394,531a2a4e-4676-4b51-81e8-ab193f70183b,Lifestyle,Music
inj_7e5eac4c-a46c-4012-b641-998a3407f5b0,18982ba5-26b5-4a7b-a589-18d90a80c9b6,Lifestyle,Music
inj_0fc98f45-a27f-4973-9738-aab5563b4bbc,e9ce3f86-3a6d-445b-b65f-3e711a8b98e6,Lifestyle,Music
inj_ef0f9e3f-2040-44e0-9453-00ce9b5ea160,ce211790-cf19-47e6-bdc0-c072b4cc9d54,Lifestyle,Music
inj_6c4d0c5e-45a3-4d75-b187-687d5e2bfb37,453f42c0-c359-449d-bd34-f7b704f775f2,Lifestyle,Music
inj_18aca4e8-c81e-440a-a39d-2fab6341bb68,2285f9a2-4005-4575-afa3-4626e87c2c6b,Lifestyle,Music
inj_c6f2d143-60ab-433d-b2b7-9fe6227d0cd7,f709a7dc-bcba-4745-9d4f-e22245837843,Lifestyle,Music
inj_edbb8068-e0d1-40d7-9483-90d15d68fe59,d7f939be-8652-4c15-9838-cc4a9f665f94,Lifestyle,Music
inj_85bf5612-2c3c-4481-8ffa-897a8e1cbece,f8289c1d-18c1-415e-b488-d3a7b33bc80d,Lifestyle,Music
inj_58efa3bd-93a6-4bf1-bb95-108630db9753,a0a22061-b48a-4383-83f4-540792c88a60,Lifestyle,Music
inj_dbb89d4e-378d-495e-9600-843b773f99c5,a73e1650-f132-4afd-8386-236dd8820d46,Lifestyle,Music
inj_594c1a86-91e8-4238-a6dd-8ff1a2de2a6a,a4049c9c-5d45-458e-ba64-c75631f4baec,Lifestyle,Music
inj_58a313ef-cb47-4f27-b3b1-c15456dd0025,1207e494-171a-43c8-ab47-25e2a7c147b8,Lifestyle,Music
inj_3bb7879a-ca45-4d8e-9f66-9ac5132b0389,37f9561f-f66f-441e-9db4-8ea086e68fc7,Lifestyle,Music
inj_bea487cb-8fdf-47a7-b14d-5b204f1b6c58,85b7760a-80b1-413d-a55b-54425c9a47e1,Lifestyle,Music
inj_93ebc685-bcdd-4e80-aafa-8eee26518cc5,50003772-4cf8-4853-b962-518ac259506f,Lifestyle,Music
inj_daa36901-c22f-4580-aba5-cbbedb1bdc18,735cf305-cc16-4e2a-8886-246f57a833ed,Lifestyle,Music
inj_45fd96e9-6abd-4bdb-8f5c-ad1e4a42f956,e9ad1911-62f8-4c6d-b8d6-c135e8f1d75a,Lifestyle,Music
inj_596db549-f03a-462b-adeb-e0e1f9a3e112,68c1662e-af77-4e67-b4e4-10046ed54ac2,Lifestyle,Music
inj_e7d2c4f0-082d-44fd-a1d0-d44332f24e96,5bffdb65-9ad8-4439-b35c-f9ededfcac60,Lifestyle,Music
inj_52150ac3-45c7-4d3f-9ba4-3e43738d94df,b762f48e-5f81-477e-9743-d452548ea94b,Lifestyle,Music
inj_1ef393f4-76e1-456f-9981-1518a309be69,1aa0e41c-82eb-42ef-809c-e99d32fa2196,Lifestyle,Music
inj_d0eda723-964e-4f8b-ac73-34bc06e25849,d5a1fc01-bce8-45a1-8854-506d52f03035,Lifestyle,Music
inj_5f41de8f-40ce-4506-b988-07ecace79001,694bf2f6-1c9c-4db5-b143-70090ee6f10a,Fitness,Running
inj_4dd446a5-e2fd-4d7e-be1b-bf07ec6c6e47,d9d52c4b-546c-4ae7-95d5-112d3cd0e401,Fitness,Running
inj_561418de-741c-46d9-9498-3d3dcacf71fa,1ff2ad3a-34e7-4ead-a51a-8a4512ce576a,Fitness,Running
inj_1197464e-229c-40ca-9e0b-4f90bc57fcb2,411c289f-c60e-4079-8fa3-d240c0ba6bdc,Fitness,Running
inj_dd507a13-58da-4886-a1f7-dde66989f708,02566141-6b8b-431a-be96-232fc318b69b,Fitness,Running
inj_f40ec2a3-2fb9-4b83-a31b-c2b3ba58f4b0,515ce4d0-8f31-4c60-91e5-760bfd9a18cd,Fitness,Running
inj_4dedc814-b2d1-4bc4-9308-caf8f1a6cb20,73a7bafa-320d-49fc-924d-2974054e7bf0,Fitness,Running
inj_e440c4ab-2472-4567-8219-8a15b11c7e9d,9f3d65b1-49e0-46b2-8a99-57137de7775d,Fitness,Running
inj_284471b1-312d-4983-b7a2-c4f3cfbba7e1,298b7709-cb1f-4587-bbf5-c3ff5b49d77e,Fitness,Running
inj_cffad915-ad52-4348-9478-f8b9f1d87271,068815af-4e70-447a-b267-8fb55972f649,Fitness,Running
inj_0d18aca7-7af7-418d-8d64-9b78821a3c1c,964fd378-9fd0-44a6-8be1-22fa8f0b6b26,Fitness,Running
inj_129a4c6a-2f1c-4c4d-9d23-d8c25d095100,d83f274b-b3d3-4ccf-a0e2-d73e92fe06e7,Fitness,Running
inj_388652a3-3ab6-49ab-8756-47c4d3127300,d1c646c0-3b46-4b62-9896-b4a193e0776d,Fitness,Running
inj_97f45196-75e5-4e89-9460-28dc21919e7d,5cbff725-e6e3-4c0d-a448-5718fcffcf0d,Fitness,Running
inj_5f7448e6-88d8-4d3d-8126-84f31a62fe4f,26105b7f-5bec-480c-b842-12253e528c3f,Fitness,Running
inj_02a2c0d4-db63-4e11-b1c5-d6f48626367b,d95b3ae3-493c-43f8-b057-28f44f8c8e32,Fitness,Running
inj_fc7d40be-958d-4d18-8f46-9577169719c4,5db3f904-7c96-4a64-b33c-72c0bec0b119,Fitness,Running
inj_12db5cf7-b586-45df-a00a-9ee86af07c72,05c72f13-f2ff-4d01-b68b-eb1dd3ac7468,Fitness,Running
inj_6a533d1a-f12b-4240-83fc-c0edf11f2fe6,81ceeebb-77ef-4f6e-a9a3-957bbbd463d6,Fitness,Running
inj_77fd5aad-62b7-4d5c-914e-65ec4f05efac,f0e70f75-05b8-4d51-a524-5391e78d8445,Fitness,Running
inj_4ff0dc01-7818-421a-a55a-45e3b577cff1,c004d851-2dc4-485a-baa3-9a9e44751a2c,Fitness,Running
inj_85f42bff-5f44-48c1-b9a0-7e32ab0688a0,f7625cd9-200b-4ef5-85ee-6326b9502d5a,Fitness,Running
inj_9d7b95b1-d692-47ff-b040-78db734712e7,3ee57d67-7a56-4b53-86d1-9b8d346f25cf,Fitness,Running
inj_06f9cb50-386b-4563-9060-3d2b5b2b6c3a,4bfe2974-69e8-4c1a-a4f4-6c66839a1428,Fitness,Running
inj_1ccd975c-8395-4885-88aa-d0eb7b3a23f5,3fef7542-24d6-4800-bbf0-653fbe0ea5e2,Fitness,Running
inj_6f9db743-c836-45e4-8567-c3902823ee59,4e6581cc-8718-45bc-b501-c59fe8300945,Fitness,Running
inj_38f7a1a1-e048-441f-a962-cdd1cd3bb9b3,d145de77-2ad2-4330-9b1e-aa31a47a4748,Fitness,Running
inj_cb676121-bc5a-431d-ac8c-4fbccdaf96b6,5f204ee6-c1b2-458f-861a-c8eb262f1424,Fitness,Running
inj_76a211ec-1d8b-46e5-9d09-438729fd28fc,d7de2100-d03d-4982-8e02-8a6f57b9228c,Fitness,Running
inj_feee6083-7b71-4ca2-bf2a-d5fc9e937f3d,b196f8f2-a41f-450b-bef8-4831de113d09,Fitness,Running
inj_f43d9463-ba9c-4851-bc51-bdf5851eb904,6b041c73-0b9b-4e54-9e41-1c3ab42381eb,Fitness,Running
inj_1455894d-48c6-4077-a35a-10399a1a1e8e,c807a3f2-6396-4d88-b805-bffbca59c273,Fitness,Running
inj_256f88eb-4f4e-473e-b762-84862fa7d511,0b6d4819-16a3-4136-83ff-aaf69b07ee68,Fitness,Running
inj_2b44546f-52da-44c9-a537-d10984ed606a,3b92171d-dae9-4b13-8567-c8439b929e43,Fitness,Running
inj_507c67b5-13ab-4cf0-a353-d67379833de3,8343fb23-b137-4f10-8431-f112916914b2,Fitness,Running
inj_43c00806-9478-4db8-ab5a-79503842c4d9,72cb67ff-562a-49bd-9c31-b8d802b27789,Fitness,Running
inj_11ccbea7-dd33-475f-be11-c8613ac4c338,aa46c674-fba6-4176-b387-6cd603b91d8b,Fitness,Running
inj_a2ef34dd-f4a6-4bdd-bac4-58880dabd8b4,f71e5cb6-333a-40d6-8fac-696000d93a44,Fitness,Running
inj_ed7121e0-4228-451a-9529-0ff3d4384e1b,015c2ed2-b249-4da9-bb78-c24bc01bfda8,Fitness,Running
inj_a588c652-dc8a-4bd7-b9b8-d0c5512457e7,34220f8f-3c17-45d1-8c72-88ae381a6de8,Fitness,Running
inj_ba575668-8bd6-40fe-80fc-cb223edc8058,0cbf2c03-c632-4ff5-ae37-e46ea7a2be7c,Fitness,Running
inj_d569ddbd-a5a8-4dcd-ada3-3234f183ca80,e100e16d-8092-4960-8a41-ee2bb2ccbb60,Fitness,Running
inj_ffdb568d-a08e-4679-a952-fac69b0aa0f4,0bb41e3b-7359-424f-b644-945ecc019b7e,Fitness,Running
inj_49696381-1ca5-4ad6-a946-efca4a739cc1,e4ec6c8c-22bd-4b84-acf0-91723b9a3ba2,Fitness,Running
inj_2e2b181f-a673-4831-bcb6-1b6c74df7bbb,c2ec2419-cc6d-4697-a51c-9a3135086963,Fitness,Running
inj_5918afa0-bfa9-461b-bbcc-099cf11d3c0e,01170fce-33a9-44c3-8990-1891c89b08ab,Fitness,Running
inj_20f595df-2792-48ad-83be-887fc8bd1690,3f5892cd-4111-48f4-a8e3-fe4439168819,Fitness,Running
inj_a6a00908-58b0-429b-b795-d7e60bd430b2,27ec0765-a7d0-41c9-96db-24ecd936ba1f,Fitness,Running
inj_97bf30b8-cdb5-458c-9419-93b857bb4ca8,cc61581c-5408-4783-852c-ceb792d94461,Fitness,Running
inj_0924edf7-a721-44bf-8ff8-74c7ef8dfcfb,c1dc90fd-e3e7-46d3-831f-8d61f26f4cf3,Fitness,Running
inj_b482d61c-e048-44e5-bf35-a9838485cde7,70aea8c8-9a14-42ce-a6c8-e249b8dd281a,Fitness,Running
inj_89c40f7f-7467-4fc0-ad42-1a848ce1c3c5,224f91b5-0f6a-49ca-b9c6-6314e96c5636,Fitness,Running
inj_26e38185-64c0-47c4-b261-d95ae8c1b663,cdb93205-62e7-434d-baba-fda00c7680e6,Fitness,Running
inj_3d398098-c6c6-4657-8eb5-c5fd9c25d0f0,83c1369f-4cc0-4d6b-9ec5-85520c4b2229,Fitness,Running
inj_0fffab6c-0cfd-44db-8f11-fd8df1b3ffb8,79d665d3-26ec-4608-8441-9c01986bc12f,Fitness,Running
inj_9e7df177-6bbb-491d-b832-6a47c205c3e1,388b3e25-9421-4fe7-8eb2-8b2025274a39,Fitness,Running
inj_d746e0af-93f3-49a1-a276-5ee49d8e3093,fd3e0ae4-9422-4be7-bef6-4f17e68dccb6,Fitness,Running
inj_dfd6ed58-7bb5-42c0-8231-15e757c9dd7d,4f3bfcce-c376-4bcb-a8d2-be5c1f7742d7,Fitness,Running
inj_53e37966-7517-43f9-a69f-47bf264b314a,e804ac8e-2a5b-40f7-af5b-005b1a62d22a,Fitness,Running
inj_4291554a-9ec5-4e5d-bcbb-ea4efdb314d2,3c47cd25-a8a7-44c5-8b4f-c2aa694f224c,Fitness,Running
inj_66fbf524-e8ea-4daf-b447-1ef2b8a6aa9a,575d1545-3d3b-4468-8cf6-389608021e79,Fitness,Running
inj_0e56a96f-6f4c-4673-8216-9a128434596a,c8bbdbe3-2ec4-4022-84d3-5ce987ea5daf,Fitness,Running
inj_f6164c56-26c9-4924-a574-2e5d6659b151,3777d4dc-fb4d-40be-9ba0-6ee697af2441,Fitness,Running
inj_afd4a521-d0e4-4411-88e9-27e9115b314e,3adf7f85-695e-4ad1-ad9f-d4189829e16f,Fitness,Running
inj_f7f3374a-c72c-4424-8821-8052cd6a2d77,ba58a0ff-6ef8-4870-8695-cfe007894213,Fitness,Running
inj_21cdd627-04cd-4b2f-9a27-996ae3e65f4f,821c1d20-8cf1-497e-924e-e859106c9fa2,Fitness,Running
inj_0bbe6f75-2d88-4d4b-9263-d7a867026eea,20252f79-aa6b-44b3-98c8-20cc1086b41a,Fitness,Running
inj_1332f4b5-6c0e-4387-afd4-08118c6e3545,e19658e5-b81b-441f-a613-dc3ec6507184,Fitness,Running
inj_a775be19-c80e-44e9-89aa-6d724e27ce38,e435b5cd-085e-401e-85f4-a967bcaedc9f,Fitness,Running
inj_db60fa05-89ed-4af2-aa9e-ff494d34a398,06071549-207d-45e2-8da3-8465615dcc08,Fitness,Running
inj_257203c2-1a02-41df-8859-ec349603d94e,f268cfe0-5c55-4c0b-b63e-5bd4c014f2c2,Fitness,Running
inj_0baa7d6f-3705-4572-9e8b-ecde083d8285,12054914-5bbd-4481-bf0b-e42d7603e6c7,Fitness,Running
inj_6816aa4e-7e8f-4477-bd05-67ea6ef3c1e3,8107af39-d3ec-482d-bc27-bbcac070e249,Fitness,Running
inj_7f976874-b55d-401c-b57b-3acdd54093fe,57d12c08-e268-4923-a4d0-34d5939a18e0,Fitness,Running
inj_179faf9a-f347-49c9-9005-6b932107f1ab,93e87cef-4d3e-4901-b6a8-4c29842becd1,Fitness,Running
inj_9474f62b-c20a-4707-8d64-5996ac6cd6ec,49ffc478-78ae-4ba1-a2c5-b77a3f7de45b,Fitness,Running
inj_f14d25c9-249b-4e8d-9ee0-c74fb45cb3c1,f73b0132-b812-4a0a-b779-baaeee1fd2ef,Fitness,Running
inj_7f7a5bd6-760f-4f5f-80f7-de66a78610a0,ba6b6ac4-c270-4f11-8f1e-68656367701d,Fitness,Running
inj_fedc8e5c-3555-478d-b3b7-b39662f934b2,74dc02ef-56ca-4a05-a5a8-e5477bef7392,Fitness,Running
inj_dee47833-42e2-4e7d-9972-e9898661234b,398bab70-e0d6-49e7-b51a-37d23bd9f198,Fitness,Running
inj_576b967e-e625-4ed8-9dc1-12417135120c,2afcbbf2-a55b-4a53-af26-542e01175849,Fitness,Running
inj_6181bbe4-9fdb-4105-a714-21579d159d51,f5356944-e5fe-4c30-8c7b-5fafae4ebd50,Fitness,Running
inj_86c6145b-155f-4e20-9a86-afa21a38815d,42b9a85e-17a1-480a-9821-6ab8f0d9ee99,Fitness,Running
inj_7af629c6-5b87-4940-aa47-26acf02a6c79,89a337cc-0cc7-4e98-86f8-93110c411e9f,Fitness,Running
inj_074c87f7-81fa-48a1-9ab7-c479b73f974a,fcb8cac4-fce3-4226-b368-9cab03167b86,Fitness,Running
inj_78fb1cb6-3e3a-4041-9fbf-4f12e8a74909,65f81cdc-25e1-46cc-8b49-d6fce989a1e7,Fitness,Running
inj_6f82a366-fc94-4b1f-8d42-f3a597b87494,2cab6e9a-02ff-4c51-b54c-c8f16f6bf888,Fitness,Running
inj_f8e33d98-e5b0-4da2-adc3-18a483982e95,c86158d9-0d4d-43c3-aa10-b4770a3bb447,Fitness,Running
inj_904217c6-4cd6-46a3-a234-8028c5afbf57,59a9c9c0-9076-46c5-ab43-ccd5c3c03cf9,Fitness,Running
inj_bda4bc06-7627-4ab3-9ad3-9771c9008e44,c46770fa-5748-4e2a-bd83-c325ed7000aa,Fitness,Running
inj_472dc1e5-f8e4-4602-b153-054684dd97c2,51536b25-5a6d-4c09-8cba-3f6b43c4c9aa,Fitness,Running
inj_89005818-8d16-46bc-a3d0-048066113b0b,ce3c2916-59c0-471b-96da-f857a648ac1a,Fitness,Running
inj_c10e6047-4529-4255-b974-78690c938e39,69cf934a-3759-4e39-9c4f-8e4d66090631,Fitness,Running
inj_466a97d7-e2bb-488a-b96c-94bc6c9c1b87,aa8592ef-7370-4c10-9caa-27f57a56238c,Fitness,Running
inj_66cafb9e-61df-41a8-90c0-f24988e028bc,756e8866-cb0a-44a8-81bc-f9ed445d29f2,Fitness,Running
inj_1b74dc1f-ed19-4c13-8fa7-0df04504972b,a6440173-87df-4ae2-bd97-a575293b710f,Fitness,Running
inj_38a8969c-cd8e-4cff-b6dc-af6e1e3bf8a1,97fb7aab-d3ee-4a52-b4d8-87cbd44d2da1,Fitness,Running
inj_fb45e3eb-df83-4599-b755-d473a2ed1499,81e7ea78-d24a-4a28-9a03-4d3aaa986b53,Fitness,Running
inj_1fd7ce0c-a39b-4606-a157-ccdd7824ab4e,190e60fa-50fd-4237-b948-cfb1bef2bf26,Fitness,Running
inj_c6470b5d-e00c-43b7-9744-13390a16fbfc,e34360b4-28cd-4daa-a38f-3093fb550439,Fitness,Running
inj_ece6c110-6489-4908-82cc-f52747960a2a,0493bf09-1fff-465f-b3bc-e9733a8c0fad,Fitness,Strength Training
inj_ffe24a63-3f9e-46ef-be7f-f8640c0433e1,74bcb8f5-9631-48f6-9837-e94b83c90594,Fitness,Strength Training
inj_d2a2cc59-c1a4-4cf3-a024-4155e78d5cad,e142d90a-f7f1-4930-a795-29f67c58c6d8,Fitness,Strength Training
inj_8b40a5ed-40d1-4776-baaf-6ed09e082b71,db30a29e-1c37-4b84-9c30-d868bb4d81da,Fitness,Strength Training
inj_5c58e859-fa1a-41f5-8027-3a492787987c,5b549eb1-c718-48f5-9473-47108496af4c,Fitness,Strength Training
inj_7019a0b7-e25d-4055-832b-91d5eefb0d9e,ad2a4bef-c845-4ab3-b7ef-6409ab288513,Fitness,Strength Training
inj_4932b119-af7b-4278-9420-1fe630c97cf9,6dadfd7b-0ff1-4d47-8750-17b4fbcbbc87,Fitness,Strength Training
inj_4561d202-d80c-45fb-acde-2313178270eb,4ac05beb-094a-4bce-b53a-9fee9d87022e,Fitness,Strength Training
inj_426da819-7e17-4312-af6d-5a8c12e89324,dd578375-7537-4b20-a939-ece4714c1d28,Fitness,Strength Training
inj_953012ad-3bd3-412b-8c0d-b33884cc1d41,c494576f-5cbc-4050-a27a-61e5b36b75e4,Fitness,Strength Training
inj_b4b9644e-17da-4709-85a5-1124b21e57d1,72ea8d86-176c-4b42-b9fe-17aa98fc794d,Fitness,Strength Training
inj_ed6398b0-c527-4d52-a20e-ce080568cebd,82b83843-625d-4c91-878e-3f3ea584339a,Fitness,Strength Training
inj_1f20ae46-5be5-4727-8bfd-9d0be06cf352,40be0fdb-1a81-4f84-bde9-532961e3f995,Fitness,Strength Training
inj_09c5bd58-8dbe-4cd9-b8ec-806b0a11c277,3b7e1004-06b8-4423-88ba-a8c4341f5524,Fitness,Strength Training
inj_fb000ef6-924e-4521-88ba-113bf6f6e48d,40c38096-68d3-4360-bb66-9658179bc97a,Fitness,Strength Training
inj_3c77df3d-118f-4acf-ad87-bdd2abe638b8,f73b0132-b812-4a0a-b779-baaeee1fd2ef,Fitness,Strength Training
inj_4aee551e-bac0-4055-a4da-35d29d1f2afd,c00c535b-18c1-40e9-a77d-7328adedd9e9,Fitness,Strength Training
inj_23b3e3e3-f3d0-4dea-aa00-4ff8d2760bd5,95688b04-5fd5-4d61-a2bd-01918914565d,Fitness,Strength Training
inj_ca7ac99f-f8f9-42d6-9bc2-4e326b9e20d0,e068b776-b700-4080-986d-1f25efed62c8,Fitness,Strength Training
inj_3d81b7e6-6843-4683-bfb3-6750e10c9cb3,af047bc6-7be7-41d0-a147-e2c9d453229c,Fitness,Strength Training
inj_902542fc-dae0-44ce-8d53-c3255f415414,41e15505-f574-4a2a-8dd2-eb3a06b0d799,Fitness,Strength Training
inj_ea5440b7-cd7d-4434-837b-df4a42d232a0,b7cbc0b1-f884-468b-aae3-40a233a4b6a0,Fitness,Strength Training
inj_c3b282e7-03c3-4a95-9709-3200958640a1,419b52e9-86e1-46f1-8b10-de4127699b00,Fitness,Strength Training
inj_3bb96381-2efc-4f52-bfc7-ec292468deaa,d1f61c0c-edf2-49bc-9b49-6fd0681e5316,Fitness,Strength Training
inj_7bd1d257-54c1-47d4-a052-106ab8324c29,2b811bef-5500-47a3-8959-7d87242bcbaf,Fitness,Strength Training
inj_ee28bbd8-dec5-4a53-bd89-8f2fc7fd8642,9121bd2b-1d91-47df-9e61-d42d3589f7e3,Fitness,Strength Training
inj_933c93c8-072e-4963-9fcc-e6bc5a5c9251,dbd1d3ed-44ac-43c9-b5d1-dd62d4f7368f,Fitness,Strength Training
inj_17a18349-c397-4be2-8627-dbfad779aff6,f169e676-dfa2-4bb2-8988-1b6de6c86faf,Fitness,Strength Training
inj_fd76f2b6-e640-4210-ba0a-9def76ed732a,d7147c7f-cda8-429f-970f-a336fff6d4f0,Fitness,Strength Training
inj_947cf1f7-96ad-4143-9485-7d1180d36e1c,76d05281-0f52-4027-829f-74dfe9ddd5d8,Fitness,Strength Training
inj_7a31f4e9-a0d1-4cd7-861f-a26cb4ebc1da,cf145564-2f9e-4b33-af9b-b00fc0dea6c4,Fitness,Strength Training
inj_22e251aa-33ab-47a2-8615-df0432274bec,743671cf-c14c-4475-9d2c-7a143fa51ef8,Fitness,Strength Training
inj_7eda716d-33ec-4b05-a896-33e176aae913,f067eb17-1a91-489f-a87a-7faf4c015b28,Fitness,Strength Training
inj_3948ad4f-2ad3-454b-8382-17c2b909d7fc,ec7e92e6-d1d4-45d5-aa8d-55515a9af2f3,Fitness,Strength Training
inj_30d5b473-17d0-4966-99ed-76cf1f440c07,b223875d-ea0c-420a-8dbe-59dc42f28eb7,Fitness,Strength Training
inj_02ca1ac4-4f40-4bae-bd04-e812108f17d1,34220f8f-3c17-45d1-8c72-88ae381a6de8,Fitness,Strength Training
inj_90a5d883-2a93-4998-9440-b6636cba45f9,9e133745-17ed-4482-86d7-215c1818413a,Fitness,Strength Training
inj_1ec9b983-b8eb-42aa-9fb2-2bb99244db0d,5a68837c-e8f1-409d-beca-e7056de11d42,Fitness,Strength Training
inj_6519c4f2-7361-483d-b56f-a6167ffff4a6,660f161d-b84c-4b32-a0ba-357aac82ed3a,Fitness,Strength Training
inj_4739939a-28e1-412f-8115-d45d795b58f2,80fa98e4-cc39-45dc-b441-530db0b5b105,Fitness,Strength Training
inj_476c2be3-c96e-4911-aa2a-4c7e6a1a3c8a,6600e210-ea7b-4568-b135-4ccb8403d3ac,Fitness,Strength Training
inj_1f249ecd-c001-4514-aa0d-57291f189696,bd45bbeb-46c1-4413-ad6f-d7c3a983b38c,Fitness,Strength Training
inj_90af50dc-f0d7-4ecf-8b56-383a40499fdb,e4cd9cf3-b717-4fcb-9390-172fbffc2ab1,Fitness,Strength Training
inj_0611734b-8fcb-4ca9-8df5-2930f84eca10,e074ce82-4286-48db-9a11-4631348facf2,Fitness,Strength Training
inj_ea3d0320-9796-4bc6-b505-d579daa0ff26,e590afd9-51a5-449c-96a3-b9b4cd405814,Fitness,Strength Training
inj_6e4be7a0-b8dc-4e71-8e62-217bc2b094e4,5528077d-766a-4f76-b93c-1c1026d0aad5,Fitness,Strength Training
inj_09cf991e-329b-4e42-a872-1be2f74d23ad,1ccabb0d-8398-49e3-a404-2cf0bdd071af,Fitness,Strength Training
inj_7e933693-45b3-4cb1-9779-635a25ba4669,3081ad3e-b963-4253-ac1f-42a0822036cf,Fitness,Strength Training
inj_1cd0f62b-5bfa-4ac8-b1cc-db9747525d6d,887d628b-af3a-4f0b-9509-ea82444bcab8,Fitness,Strength Training
inj_b19ceb1b-ed77-4bd1-b28b-861abee74e57,b78d9ecf-aeb4-482f-a9fe-4c23b881c9f5,Fitness,Strength Training
inj_c4e428c0-4478-45d2-ad08-ac1c717e7050,de8b37f5-5829-444d-9f3f-53a893f1481f,Fitness,Strength Training
inj_d2ddfb9a-bf9f-4ad1-ad1e-7bf73551b215,23b0d32b-f83d-474b-8315-2f9935e246df,Fitness,Strength Training
inj_1f8175f8-50a0-4d45-acf9-b5a59c5e3c0a,189d3a9d-4aef-43b3-b840-7e6f23e3cdd2,Fitness,Strength Training
inj_b56fead0-5c8b-4808-82a7-cd2a0e6bb079,a539da1d-97db-4cd3-98f0-40e4de45dbb6,Fitness,Strength Training
inj_05da2b94-87b0-42c3-9253-86d4d39d47f5,1632dcbc-873d-4a5a-8d48-7040bca9d63f,Fitness,Strength Training
inj_39c13709-8bf3-431f-94dd-c178c52530c2,8c5bc334-a70f-44c7-81e2-c12e6d9b2ae0,Fitness,Strength Training
inj_cb0d8a1a-55b7-45e2-9094-1f21ebbc8599,ec3dbd99-663d-4042-ae2e-d2a83fbb3d4e,Fitness,Strength Training
inj_8b0433f0-b427-4735-b414-aa6e06ae60af,f071da9a-2d5b-4dff-a6a7-603b04805b62,Fitness,Strength Training
inj_3f776530-088c-4231-a5ee-4f30d548f89f,e4eeca33-6c0e-446b-930e-fbac67251baf,Fitness,Strength Training
inj_4033c033-117f-45dc-b578-c2b0c0b2a221,a5a5bfad-18db-400a-953c-696823222c96,Fitness,Strength Training
inj_73890fca-f3a8-45bd-8954-396af95e267f,b791cc0a-b106-4871-8057-50b6be15840d,Fitness,Strength Training
inj_9baeee42-a24e-4507-81f2-dcd818a24f06,48cabd7f-0340-4676-a9f2-2a096a9cdf9a,Fitness,Strength Training
inj_12f46dd3-fc2b-4e2b-929d-61ba26313e98,516a1e30-15c6-4696-b8a9-aa09ac841f68,Fitness,Strength Training
inj_62e3e0c2-1b3d-4008-bf14-6e41d31874d4,2704331f-9fd8-4cff-a117-836c0d78fd3c,Fitness,Strength Training
inj_2b3da56c-d524-47e9-96ce-ca3f763a0c32,64fa859e-c631-4a55-b9a2-851238e4c30b,Fitness,Strength Training
inj_c957bb5e-79a3-4feb-b263-b91472aed957,2fe5c101-7d45-4d43-9760-33b83dbcd20a,Fitness,Strength Training
inj_c7461736-9c34-46d2-9f80-89f8731f6987,8a26a9e4-7864-4f1a-afed-af0a20b08a19,Fitness,Strength Training
inj_2a37eb48-22e5-4e80-b226-6c557e9d34ce,c6fd010e-42bf-4835-9651-d52379fc9ffe,Fitness,Strength Training
inj_d144b1b9-b3b9-42cd-a0ea-a43b54bdbb0d,a08e189d-19cc-46b7-b1f9-b9869d8d22e9,Fitness,Strength Training
inj_3f54be88-0e6d-4ef9-b09a-3281c53c74a7,31178197-d467-41a4-a2ad-ff55c0eb362a,Fitness,Strength Training
inj_ff7f1276-66d3-42bf-994c-5acb122058bc,f71e5cb6-333a-40d6-8fac-696000d93a44,Fitness,Strength Training
inj_8bb97e29-78f0-4cf5-ba4c-977224047fe0,9c603463-f941-4ba5-89ad-0b120fbe2a07,Fitness,Strength Training
inj_5c124b85-fb8c-45b9-ab0d-8ef999cc7e0f,e1665060-8238-415b-8637-6f0a8ee0fdf4,Fitness,Strength Training
inj_f391c5ba-add4-4c49-922e-211990bb9d4f,7b38833b-4cf3-4cbc-a4b2-7728f7fdc852,Fitness,Strength Training
inj_ff44109b-dbba-4507-a2e9-9b8807888bc2,22aa7ff0-91cd-42aa-8a8f-66d4ed7544c6,Fitness,Strength Training
inj_baffb199-0079-4a6e-8730-3e23c289926e,eecf58ab-27a5-4cda-a068-d13130ba3c2d,Fitness,Strength Training
inj_cf47aac3-9586-4b5b-bf52-d07baec0f5fe,10ad5a48-bcf2-452a-8c9a-dd0f0e6afe72,Fitness,Strength Training
inj_89ac688f-6963-4862-8948-11c0560c053f,5403223d-ba31-4b88-bebd-cf22326ea238,Fitness,Strength Training
inj_6e86e3a5-6bde-49d4-a83b-a2f8417c1cbf,dad66b35-abae-4363-b38b-b84e0bf7e086,Fitness,Strength Training
inj_c47162aa-661a-4ad2-aad0-9c87cb9a3305,4d095139-c79e-446f-a51a-fb527b8e57da,Fitness,Strength Training
inj_844d4735-aece-4fcb-8c38-6983ab89c832,af0b011e-97a6-4828-8541-f7f292d725b7,Fitness,Strength Training
inj_5f70083c-0f19-4a15-b3cf-4c5ed2726922,406e2628-55da-41c9-bdd8-e64c31ff7614,Fitness,Strength Training
inj_a4039e80-674e-4b24-88b7-62c1ca9c3fce,00684172-e806-46da-9c17-eb839869ecc8,Fitness,Strength Training
inj_0a0d946d-afea-4b08-97ef-ef5e3febbbbf,9b7713f5-2197-4b99-9e14-56d8904377d5,Fitness,Strength Training
inj_63839f9a-6b22-4037-8fee-6ff039125542,42ea2264-d459-4d8c-9633-e409e1962756,Fitness,Strength Training
inj_f6984540-3da1-4cb6-9d69-edbfdc1b6c07,8c5f87d8-6de7-49ba-a93a-ddec2903c65a,Fitness,Strength Training
inj_3f487b9f-2c87-4fb0-9d6a-3dffb57f6889,bc4b2336-885d-435a-8ab1-3898b1645273,Fitness,Strength Training
inj_2738a2f5-ed60-4f1c-80aa-4c750112c9b3,126d7c06-4a0d-49bf-9919-0809c49d5d93,Fitness,Strength Training
inj_d6675233-667b-4ab1-bb49-db3dc7dfee91,4b5f52f1-9647-4b96-89ac-08676aab1999,Fitness,Strength Training
inj_1db87fd6-5cd1-450e-ac69-4ea92108a42a,3c1bae20-c604-4fb5-a2a6-61dc48493676,Fitness,Strength Training
inj_2f10fe7c-e78e-4067-b95a-afde8bb7b068,81ceeebb-77ef-4f6e-a9a3-957bbbd463d6,Fitness,Strength Training
inj_e258bbee-a506-4614-a896-20c2d3bf48af,dd06265c-0590-421f-b9cc-df433538adce,Fitness,Strength Training
inj_3621704c-1e25-4607-90ef-b30097347c6c,010ccfd4-e940-4f1f-adb3-91f7d5f0bc27,Fitness,Strength Training
inj_87f5db1c-bc85-4291-8878-1ca3013cb164,0d07f10f-9445-4bdb-b5c9-437b03440626,Fitness,Strength Training
inj_34f271ca-b68f-455f-8dbd-bbff75b3b551,694986ab-fd3e-45bb-b093-7218d7c08813,Fitness,Strength Training
inj_d7583599-b6bf-473e-b20a-9e55e27d05c3,381ca84e-5029-49fb-b200-a7ce5cd3be94,Fitness,Strength Training
inj_66bf74bd-d25a-4075-aa40-bbf297fa916a,7042f8c9-51b9-43e0-a794-8ed73b6f3f4a,Fitness,Strength Training
inj_6963065f-4f9e-4694-83fe-833adb46ffe7,b2870368-ab65-4bea-bc50-052bb41cacc6,Fitness,Strength Training
inj_907a00f3-cf8a-40fb-aa8e-62c67d98309e,b8b814f3-858f-44ee-b943-3f13fb6b6281,Fitness,Strength Training
inj_e854df0b-9e8f-4876-8346-9fc46f7f2010,ea091fac-75ca-478d-8cdf-abf2ac79854b,Fitness,Strength Training
inj_3b758b7e-295e-466a-b7fb-9b284881bb47,d8bd8f04-f8ee-4301-9b73-89f5bca7dd64,Fitness,Cycling
inj_da685860-5ebd-4d8f-b26f-4b649ad24cc7,6ceff35b-07c1-4597-99b4-ae3219231a59,Fitness,Cycling
inj_1d93feb5-8dc7-4d32-a237-36733ebc41d4,fae9a331-1996-4654-a254-33b24245f93c,Fitness,Cycling
inj_8a674d1f-e305-42e8-b7c0-bf7fd3386a5e,36275826-41cf-44cb-a0a5-ad501e31e781,Fitness,Cycling
inj_d634b783-79f4-4f91-994c-2f21a5dcb6a4,3adf7f85-695e-4ad1-ad9f-d4189829e16f,Fitness,Cycling
inj_baae988c-25bd-4a6c-98b6-50c1bae754fd,41e15505-f574-4a2a-8dd2-eb3a06b0d799,Fitness,Cycling
inj_1338f834-de22-481b-930c-5e3be7a40564,46a36e9c-4f76-4c52-85a9-b78e1704eeee,Fitness,Cycling
inj_b4a96169-5871-4c15-ad80-bca04f397223,2430d6cb-df73-4701-8b3c-9e0cd2683d80,Fitness,Cycling
inj_6fca7310-4d77-4b35-8900-19507516c089,0d09e507-7494-4116-adf2-8b32a9990fbc,Fitness,Cycling
inj_aae960fc-a5c5-4c51-97f6-e9d8471313d6,eefa7484-8e27-49e6-861f-d77777c080a8,Fitness,Cycling
inj_eb90b2c0-ffe7-4564-8a41-295807ccdb81,826b176c-4bff-4cea-a78a-eeceb8347257,Fitness,Cycling
inj_dfbe18c2-20f1-4937-ae51-8203a487f0fb,22aa7ff0-91cd-42aa-8a8f-66d4ed7544c6,Fitness,Cycling
inj_0aa651a0-05b2-4c37-bdfc-97ff1051a39f,67f8518c-9f3a-4552-a443-e5c5d5b6735d,Fitness,Cycling
inj_35055b6a-1478-4885-880f-edf8f74f5705,1c3f17f6-ac30-469f-9367-c99c428bf6d7,Fitness,Cycling
inj_6f872c31-79d5-4a2a-8626-c78c1e937626,bb312740-7110-4a53-a9db-1627e7ae05a7,Fitness,Cycling
inj_6dd08fb7-a785-4c78-8d96-51aa0fcc0f6d,36d51d5f-60c7-42ff-96ba-c9edf71147fd,Fitness,Cycling
inj_26bc499c-d577-447b-b565-27e7c170559f,50003772-4cf8-4853-b962-518ac259506f,Fitness,Cycling
inj_c2640fe0-7556-4253-aab1-607550100138,7eb4361a-0346-4266-b3f4-2743e267cd25,Fitness,Cycling
inj_489131b5-be18-48d1-8667-744934527d33,97d5488f-081b-4de1-84d9-aca83df5d318,Fitness,Cycling
inj_e0cf5252-ef96-4d45-b249-c4e101005d5e,10405448-9792-44c5-b790-65de50454400,Fitness,Cycling
inj_3f3b27f7-5612-40dc-84b5-ba61c718a755,e100e16d-8092-4960-8a41-ee2bb2ccbb60,Fitness,Cycling
inj_1746c2ef-bc11-4bb4-a416-276f40dc65e2,722fa3c2-b613-43e8-a0db-ff0030cfba64,Fitness,Cycling
inj_6b9e77d8-c457-46c5-a550-0830b08d5380,ec4078b8-efa7-4346-9b4d-109843a854e4,Fitness,Cycling
inj_e6db7fb3-1835-4d51-b574-2a898965ccc3,eb0c7204-7de8-4be7-978b-0a0369ebf743,Fitness,Cycling
inj_b84f59e3-72a7-4f62-8920-2249cce38049,e27841c1-9aca-40ac-a1bd-6510b0a1e7dd,Fitness,Cycling
inj_62ad5ff0-6d2d-4b23-b571-87fc3d145919,95224d92-d76d-4031-a2dd-e931114cec2e,Fitness,Cycling
inj_d31e2803-142b-447b-94c0-46132d9c10ba,dd4dd762-8340-4723-aa99-89fbd89d0bcf,Fitness,Cycling
inj_62717ae0-cab5-4a54-98b5-d94f6ef8bead,0a81c4d2-4bbb-4f9d-a53a-caf49d5821ce,Fitness,Cycling
inj_a1e0ead2-3a7f-4b48-a20b-93fb75b83665,82381eee-2931-4ab0-83f9-23b0a2847b60,Fitness,Cycling
inj_6692e40e-af4a-48e6-b15c-21c97a1bbe2b,e946e521-be03-47f0-b78d-63196f2d3d1c,Fitness,Cycling
inj_b932c2c0-8965-4fd3-b66a-6de18d2e54ec,bb7e0e50-79bb-48d8-b944-78966089a1d8,Fitness,Cycling
inj_36827968-12f7-4cc2-866b-ace7c65f82c5,7cd00e9d-9a07-4920-8f8a-70d82f25006f,Fitness,Cycling
inj_d5429757-bbca-47c1-ae31-1a2cf0055c8d,e0b6c0d9-6993-43d2-b291-9d0a1bcc61e6,Fitness,Cycling
inj_4c48fd07-6002-48b0-b41c-cb8904963ff5,6600e210-ea7b-4568-b135-4ccb8403d3ac,Fitness,Cycling
inj_702359d7-0e93-4296-9d2c-4d1458ca7160,be0d7c38-de79-41da-9608-1da42edb5943,Fitness,Cycling
inj_8955d324-5ca5-48d7-842e-a505dfc306e0,158f5e29-356d-4d0c-87ab-3760e75c3617,Fitness,Cycling
inj_e5b741f0-e409-4a46-a874-544fddbaa9e6,688a6926-1880-4b54-a5f1-dd81b782c79f,Fitness,Cycling
inj_c128fac8-2fc6-4892-9b10-e3cac3425d8c,e45038f7-784f-4e04-a167-9755f22dd960,Fitness,Cycling
inj_a5163c26-1e7b-4d72-8c21-08ca4a9f7c4b,6f6d7147-4993-4601-9888-7465137cef8f,Fitness,Cycling
inj_41b170eb-3872-43d5-9494-4cf147fb3b2d,608ac43e-ed0b-4f70-bbc4-3246df894656,Fitness,Cycling
inj_13041e5c-daf4-442a-8bae-d5c0f22a0120,ad913f20-1366-41ba-a19d-53c56b7f3b43,Fitness,Cycling
inj_c5cfbcab-934d-46f6-bf16-9fd6d064a052,9d9befad-6412-49c3-89d1-c0770bc27800,Fitness,Cycling
inj_d31d6f22-b2b1-48c6-8450-5563e2bd2621,eeaf82e5-7d1f-4cee-b919-dd39f529c42a,Fitness,Cycling
inj_49386ae7-f6f5-4b33-863e-eca387506a4a,8c5bc334-a70f-44c7-81e2-c12e6d9b2ae0,Fitness,Cycling
inj_147fe689-fd18-4064-a6d9-d6f8809dbc20,85b7760a-80b1-413d-a55b-54425c9a47e1,Fitness,Cycling
inj_9c1d03a9-1fcf-42cc-9fb2-6802ec17f74e,befa5b7f-8fa5-462b-afc3-3dba0e8000c9,Fitness,Cycling
inj_26963c47-1c5c-431f-aa7f-b47660ec6509,0718c6fe-b52e-4df5-b353-754a863ab27b,Fitness,Cycling
inj_01b217b3-a30a-45bf-88ba-290395391aa0,656db031-4b53-4d6c-ab60-a008ad0e1b33,Fitness,Cycling
inj_1f204863-5672-476f-8973-68a82381046b,0213e574-1095-49cc-9c3d-388db5cce7f9,Fitness,Cycling
inj_e714c2d3-48c1-48f5-906b-83d7356dcdb1,e4ec6c8c-22bd-4b84-acf0-91723b9a3ba2,Fitness,Cycling
inj_18b0c5a8-a993-46b7-b7ec-2aad30bab295,3404f2db-9f6c-4919-b75a-2e033364000f,Fitness,Cycling
inj_5bb9daa6-5dde-4cd2-b12c-8925eb0bb117,c7c73f51-10f9-4b5b-a045-d8e47a0912d8,Fitness,Cycling
inj_a8331c9f-4ef8-4a69-b382-e23043bc7fd7,be63cf09-ced1-4ba3-8441-ad7f90b68307,Fitness,Cycling
inj_845eba65-4e07-445b-b050-037e2b621cdf,beba6d77-2746-44cb-9115-442af30be195,Fitness,Cycling
inj_ea240486-69ed-4307-92c0-6f47033718d2,ee3b4bad-11db-4c5a-9611-bfc2cb6cf173,Fitness,Cycling
inj_fff48482-a7da-4e46-98d8-01a6b0c50a7b,fcec3883-61a4-49b8-918d-4e82c9365d0f,Fitness,Cycling
inj_325a0475-f2cf-4ebc-a067-deafb0612702,459b9fd1-dcf6-4b2b-a342-f1da407eaf7a,Fitness,Cycling
inj_964df3b2-2121-4c4c-a971-d753c3ca5b97,865f3f40-e7ed-4ba6-8bb2-bb69377f58db,Fitness,Cycling
inj_686119b9-58b5-4c03-bca6-fcc3bcea11f9,c469624a-637b-410f-b10e-629a7022cd1a,Fitness,Cycling
inj_3e9a9a29-3444-4b6a-9681-f4384d0029c6,7fbfc2db-7784-43b3-9d25-127cf8974382,Fitness,Cycling
inj_834a0d45-9ec6-4b78-bd2e-af7ec48fa6e6,805c1ee8-d582-4aff-af64-35e837af444d,Fitness,Cycling
inj_86ebaba1-d372-47a0-ac3e-7065c7656efb,e0292b72-2c00-419f-bfce-b6d0eef2f703,Fitness,Cycling
inj_108a1101-efae-451f-9805-613b6a784d43,aefd6b1e-55bf-4eaf-a289-daaa87706670,Fitness,Cycling
inj_f4a91598-f8e9-44e5-bb0a-c9f1c1652714,d3be13aa-6e46-4ece-9fa1-36b3425d6d65,Fitness,Cycling
inj_fab62031-a432-43a1-9aeb-02090d3e0a90,e6047c44-ae02-4005-b197-3bc46e03d15c,Fitness,Cycling
inj_5f5f9f9a-5fff-4450-bbfc-2803de5d4fc5,3a2b561d-c08c-4d43-b0d9-3f7b9b2512a8,Fitness,Cycling
inj_1e13b558-e120-4bee-9b64-a089c31381d7,d7f26a55-bac2-4106-921e-53187377783d,Fitness,Cycling
inj_6f09bac8-ec60-4dea-8630-dc8ffeb27d73,ccae97b6-bc2c-455e-9236-f902353fbf5b,Fitness,Cycling
inj_46ddab0e-7600-4072-9f25-5b357bb1407b,e19b0f5b-b2a5-4fff-8062-41c8f44f4afa,Fitness,Cycling
inj_e4054ea6-5ee9-4571-9503-9f9c32daddaa,437e3d35-699c-42a4-a087-8b5c327ff197,Fitness,Cycling
inj_09024120-3796-449d-9fd1-a978de086f23,9a5577f0-1787-4235-9bda-d270b061212e,Fitness,Cycling
inj_79015b79-912c-45e9-a95f-135ab3e7e178,738e5d65-3984-4111-a233-9a5a5876f387,Fitness,Cycling
inj_7e558b54-0b2e-47cc-9b9f-c1970ba19813,07ba2820-2d0b-411c-9bc8-b02a8f3cbbf5,Fitness,Cycling
inj_60d2437e-237e-4509-9db3-3ff99cf9dc6d,3c1bae20-c604-4fb5-a2a6-61dc48493676,Fitness,Cycling
inj_6e5a07e3-4b41-484f-b8ca-75eb1a59f7a4,017dafb9-2614-4e69-a87d-4444a55e83c9,Fitness,Cycling
inj_f9ed3761-b3d7-4268-8fdd-f18d2c6bf9d0,923bd22b-12f5-4630-ab02-29c386695647,Fitness,Cycling
inj_471202e8-d9f9-4908-aa07-b94c965c3561,e58267b4-95c5-4914-9b71-fb3749f8ad75,Fitness,Cycling
inj_45dec6ee-c160-4817-bf7d-b9b66367eaee,13045a5e-2fd3-4785-ac1b-5461a6dbe715,Fitness,Cycling
inj_9d9bd720-2cdf-44eb-8113-be9f8f4c919d,42695f54-7e3f-4b93-955a-e3a43ebf9573,Fitness,Cycling
inj_dd30ca9a-8436-4216-a1aa-53cb8ab3da76,c07b6f10-0a74-4c9e-bb28-a0a69f8bd1d1,Fitness,Cycling
inj_6bf9ac76-8715-4265-a7b1-861b8d906536,6be87429-f4c3-4a4c-b31c-ed500b50e926,Fitness,Cycling
inj_50b4f3bb-4b30-49f1-856f-35627dd52b03,ee9d1a72-c62c-40a8-b512-f79f005cd98f,Fitness,Cycling
inj_b67e681a-0822-4a25-9377-1e73bfa65a12,7ba1befc-e4d6-4cc9-ba5a-178a50afefd6,Fitness,Cycling
inj_fcaa8263-7829-433f-bcc6-d7f691a88c76,04346619-f18e-42eb-9374-d60fc94bf18d,Fitness,Cycling
inj_20a8bb08-c097-4bc8-802f-e802c47b1b4d,9c1eef1a-cb8e-45b0-b418-c57f0240b7e5,Fitness,Cycling
inj_2d5dd041-4c3d-4ad8-8568-01fb39e0bb60,2dbdf825-9ea4-450d-957c-1d119b2e05c7,Fitness,Cycling
inj_d4c3e442-1b53-42d8-8910-3cc48492100e,4007f3cc-335d-4d11-9168-59327830dc72,Fitness,Cycling
inj_0ed7b660-e589-48f7-b9e0-a7ea6f96d7e7,e142d90a-f7f1-4930-a795-29f67c58c6d8,Fitness,Cycling
inj_a53c5e69-4fb4-4974-9568-4dd1b895b9a7,28cc7203-d6f6-4804-84c9-b1b6cc9dafc8,Fitness,Cycling
inj_b577e78d-23db-4dcf-b34f-2f3ac184d23c,13bcb143-f1e9-4495-aefe-6f998dd031e4,Fitness,Cycling
inj_58b14942-a803-4c7f-8408-e25e883b9686,67361d60-6e28-47b1-898f-8121f4a432dc,Fitness,Cycling
inj_f052bf72-9b20-4de1-be65-67d242671c17,af98c611-ae2c-48b1-9bd9-b1106d8a4844,Fitness,Cycling
inj_b82a3211-f9e6-416e-846f-483e05a35989,060bd9f8-b730-4977-806d-03e1dfe5cd42,Fitness,Cycling
inj_34381f8b-8a3d-4d4f-bd44-cd56fef7ee54,604ba0df-e51e-4a29-a32f-c12009497e01,Fitness,Cycling
inj_2b3ce388-0b96-490b-b04e-8a7957ab86a7,0641295b-ce22-4d25-bd22-235a9c19808a,Fitness,Cycling
inj_80cdb485-b2a2-4765-96af-8a21b935a272,3bf4f128-796c-4fd0-a2e7-42d0dbbef475,Fitness,Cycling
inj_0a38f895-3b3c-4411-bcea-88988f17d7d4,eca83ec7-cad3-47c9-82a9-01dca8cc6cfe,Fitness,Cycling
inj_6087b8ae-8f6f-4a07-ba62-5790d3f7d6f1,b8f32d65-6eec-48b2-ab12-70dba39c32a4,Fitness,Cycling
inj_11f9e2c2-cb3e-4666-86ee-8e708f19adce,2bb53d30-e2a2-435d-863e-f58dcb8f72af,Fitness,Cycling
inj_18510b0c-c423-4aaa-865e-3079d78b5321,11395d9d-ccf8-4f27-86c3-460e7db0e446,Fitness,Cycling
inj_6eee53ef-1ade-4a08-94f3-ef8f1ae2d237,38e8e9c5-9578-40b5-8f4f-74a01ffb850f,Nutrition,Keto Diet
inj_c99ae846-a66c-47e8-929b-02368a278dac,d3c6532f-c6a0-4e10-b8e6-f6f5979ae7de,Nutrition,Keto Diet
inj_2982e2a6-18d4-4eb7-a3fb-0bdb83bcd1ce,017aecc1-ec5b-44dc-a629-b78f64de6e68,Nutrition,Keto Diet
inj_582fd00c-4b10-4c31-ba31-29e92a90213a,c383ed1c-0bbe-4d78-a57d-caa21d3b1d16,Nutrition,Keto Diet
inj_7a90fb7e-4d62-4b07-b965-e8762c9e74ca,0f6b61f8-366d-42e8-822b-6bf42cf7ffb5,Nutrition,Keto Diet
inj_e5de65f0-a7ed-4644-9d1e-21fd1b00ac68,af0b011e-97a6-4828-8541-f7f292d725b7,Nutrition,Keto Diet
inj_051810a6-b721-4970-92a5-0e5aa84a7018,c004d851-2dc4-485a-baa3-9a9e44751a2c,Nutrition,Keto Diet
inj_e0c2d013-6658-4c8e-94a7-91fff92d9b89,265670dd-1041-4fdf-baa6-ed98ae563536,Nutrition,Keto Diet
inj_42bfe798-8b8f-4339-bcfd-e888cb82cfde,996c3bf5-0985-4cf2-a122-a2cddc621774,Nutrition,Keto Diet
inj_444f91df-5b4b-456d-91fe-a64d1b9d33ae,f169e676-dfa2-4bb2-8988-1b6de6c86faf,Nutrition,Keto Diet
inj_7d6417ec-295f-4803-b208-2c77cb98bb44,1e002314-9e4c-4e5b-a86f-715f66e8e62d,Nutrition,Keto Diet
inj_5163001d-0871-4803-8f2a-da7809b872ce,e1270a63-46e8-4e6c-89d0-b0658a875af5,Nutrition,Keto Diet
inj_b5c02a19-a03a-45db-9d5b-3d6f7544b61b,fd5d4e43-68a0-44ca-8e29-db2f47bed9dc,Nutrition,Keto Diet
inj_018eaf63-dfef-41f0-ba56-e4160135e9fa,2a8194e1-b02a-4aa8-91a1-f03c2afa2341,Nutrition,Keto Diet
inj_b137682a-8925-4e44-84c4-b5527511fafd,afdc65e6-8168-47bf-a7a6-1d52b55574c3,Nutrition,Keto Diet
inj_de65c794-8b64-4330-8af8-c2f2a205a731,fa222611-5f65-494c-bbde-f2519c6b13ba,Nutrition,Keto Diet
inj_39896c42-1b12-4c4a-a8bf-d16a5d2c137e,d9d52c4b-546c-4ae7-95d5-112d3cd0e401,Nutrition,Keto Diet
inj_0ef8db9b-02f6-4cca-a38e-f51349c20953,a3269770-94c7-40e7-bd0b-9086cabbf163,Nutrition,Keto Diet
inj_a8352050-dffb-4d1c-b1a1-6406875159aa,44495928-0d83-48e2-813b-4e2fa675e710,Nutrition,Keto Diet
inj_7aae52b9-93b8-418a-9e8a-c0b9d69cc181,d8e2e871-e098-4fce-a71e-870330696028,Nutrition,Keto Diet
inj_f8204531-5353-4531-9040-a4ee9d267109,405975b3-353c-48f0-aa5e-78c05664b514,Nutrition,Keto Diet
inj_461ac3d8-8b3c-42c7-8049-f7be27ae65a6,19b745bf-28a5-48a4-bc1c-91ec64bd8427,Nutrition,Keto Diet
inj_fd538037-1826-455a-b90d-b6b2ac5ef797,79f53e17-ca5a-4213-baaa-4ec70100faa0,Nutrition,Keto Diet
inj_572f852b-6f53-4ca9-831f-bdc2bf6944a5,5a6af3e9-c8bf-4b65-b599-3b3f4e2791e8,Nutrition,Keto Diet
inj_1928d3aa-166d-41ff-995b-56e75ae9d1ae,214b2e5b-3cbb-48ce-bcdf-cc3e556ae671,Nutrition,Keto Diet
inj_c0d5ecab-a7e5-42a0-b96c-c17e82c90676,2a3bbeb8-5396-4be5-a8f1-8c4407705460,Nutrition,Keto Diet
inj_28b03b55-8407-46f8-96fb-46fb407860c8,a92ca9e0-1e22-457b-b11b-008a864e050e,Nutrition,Keto Diet
inj_438c87e4-3cd8-4180-972c-cfda855c2f16,0a414243-d75b-40e2-b980-0ee52544dd21,Nutrition,Keto Diet
inj_8d97b3e7-03e8-4fb0-bf4c-f46fbe5a03c4,4b1ece72-bae2-4eb6-bf97-44a82181ea1b,Nutrition,Keto Diet
inj_36cb120c-5a6d-43fd-8cf4-436d4df2f4e7,5172eaad-3021-47a7-ada5-7c33193c2d83,Nutrition,Keto Diet
inj_80877aa0-df13-4e19-adca-ceee3bbb07c3,67a6f86b-f086-4eb4-a2f1-924bb39c8401,Nutrition,Keto Diet
inj_b7c4eaa3-7e8c-4148-bd26-bd1607cc635e,1fb4454a-9ef5-477d-831f-9cab25e0408d,Nutrition,Keto Diet
inj_8abbe025-f8a2-4c9a-a137-129806a96ed1,c61df8a4-9549-4b87-9830-b7914e71bf36,Nutrition,Keto Diet
inj_85276463-a4c3-48a6-b791-c16897c384a3,5528077d-766a-4f76-b93c-1c1026d0aad5,Nutrition,Keto Diet
inj_008139e3-e91e-4ff9-9244-51d0ec57d95e,0b1d32c9-a5bc-48fb-9bb2-897afc133a69,Nutrition,Keto Diet
inj_0a41ae57-4eab-46d4-b75e-ca6b3abc32b7,9ce67277-b21d-46db-851e-9b510b9e30e0,Nutrition,Keto Diet
inj_a70f1aef-b68a-4f33-8d3e-88ab682d6103,4bfe2974-69e8-4c1a-a4f4-6c66839a1428,Nutrition,Keto Diet
inj_e6b8e4c1-84a9-4a9a-9bc0-16be1bb04bf4,1ef95bf6-1c34-47bf-847a-418ef71e9f47,Nutrition,Keto Diet
inj_12823e9c-c9ae-4429-9dbd-a2ca8e5cfc57,dafbe5a4-f72d-4e5e-a39d-c594d0204109,Nutrition,Keto Diet
inj_25dcc818-eb91-4613-b35c-d29131c14eb1,fea77886-b50b-438e-b24a-8be62172d203,Nutrition,Keto Diet
inj_8b0274ca-d23d-422c-ae7e-71b7827757ed,a58bd549-cf1b-44b5-afc1-81d961be3177,Nutrition,Keto Diet
inj_46c6ea01-836d-40fc-b94c-7216b436c98b,eefa7484-8e27-49e6-861f-d77777c080a8,Nutrition,Keto Diet
inj_81182811-2325-4498-911d-ac61c955fb6b,abac5c69-7f23-49b3-bb20-f26d96d64796,Nutrition,Keto Diet
inj_9412559c-7af1-4f89-ae6b-00abe8629bd2,de451338-83d6-4ac6-ba42-c64c69efe4c9,Nutrition,Keto Diet
inj_45e66f77-2d1e-46c2-8aff-87bbfc28d4a8,d3be13aa-6e46-4ece-9fa1-36b3425d6d65,Nutrition,Keto Diet
inj_cb2fb1dd-c701-4ab5-8c9f-82cd9b3a4425,36255b3c-eb24-4b63-94d4-aae23cc85c18,Nutrition,Keto Diet
inj_0db67c7c-90ab-44cb-b121-b2fb8cb6f5ff,c00c535b-18c1-40e9-a77d-7328adedd9e9,Nutrition,Keto Diet
inj_33601365-b1fe-4310-b976-31a075584ed5,a7b8f142-6b8b-4eac-bae6-5f57f113147b,Nutrition,Keto Diet
inj_45709fa0-dbe8-48a7-b803-4fc0e5c3e2c1,6e3be9f0-50bb-4eb9-afc7-8f626737eda7,Nutrition,Keto Diet
inj_4e0d7788-3948-4d85-a2e1-aa1d20b920a5,211d1bb7-9ca0-4b9d-bf17-4e2223fc2cb5,Nutrition,Keto Diet
inj_083d942b-886e-4ea6-8847-2ba43538937f,6390d174-8172-42b6-8cf6-8bac9c4ed5c9,Nutrition,Keto Diet
inj_825ad1a7-3f9a-490b-b8e7-a2dd63268327,d031584a-fe0e-40fb-83a6-3df2d3aaa4fb,Nutrition,Keto Diet
inj_066cbb9e-48bc-4848-afbe-e126697adb63,f268cfe0-5c55-4c0b-b63e-5bd4c014f2c2,Nutrition,Keto Diet
inj_b7eae25e-4258-4bbc-a577-4856cc6cbc10,f7c440ab-eb9a-41f4-a0ef-8504fae968ad,Nutrition,Keto Diet
inj_22f4e262-dd3c-489f-90e6-d17ffbc32701,61965c1a-c8c8-4f22-a1a5-7f09019c8779,Nutrition,Keto Diet
inj_b5c625c7-99b5-4497-b2fd-0d41324ebd41,1c3f17f6-ac30-469f-9367-c99c428bf6d7,Nutrition,Keto Diet
inj_1dd0aefb-c255-4fa8-a92e-acc2d3e1401d,a111d6f0-7c90-4bc0-9755-8175281868de,Nutrition,Keto Diet
inj_0658ce99-4faa-4382-bdc7-e372e66b4ec5,b76dfb71-8aed-4c8b-84cd-d0c005b2456c,Nutrition,Keto Diet
inj_b6a1b157-6b57-49b4-b3f4-43b287a48733,b19f26a9-522a-401f-b7ed-bdfe89d05eaf,Nutrition,Keto Diet
inj_5daef07a-d851-481a-a52e-91d1368fb394,c57f9b60-da69-4788-ac32-f3412e486c1f,Nutrition,Keto Diet
inj_087aef43-9a68-4a87-a28a-8dbe55e34ee3,4545aad3-9588-49cc-8234-72d0b029af55,Nutrition,Keto Diet
inj_5dad6451-05ac-4902-ba7a-40e3c92f44b5,1809b272-9382-4618-8ed6-81a5ba018515,Nutrition,Keto Diet
inj_242742a7-1683-416f-afc0-7f4c05c31685,c4c797d7-45c1-4b91-b1cf-845ba9e6919a,Nutrition,Keto Diet
inj_a397d655-8408-491b-8840-b9899b215345,cdb93205-62e7-434d-baba-fda00c7680e6,Nutrition,Keto Diet
inj_a1978a08-d6f5-4466-b7df-da3f4c92d0be,b12ee20b-2b82-4b5b-9bc8-b4015a0b441a,Nutrition,Keto Diet
inj_3ce85fae-77db-4e66-94b9-d0694731d8d9,99c43c15-49d9-43d9-ac73-06b949567b10,Nutrition,Keto Diet
inj_a26473f8-d609-4295-a652-14cc5d182764,9fc6b3f9-0089-4d57-9f50-90407f10ec84,Nutrition,Keto Diet
inj_e1737778-a012-4193-a03e-0a5d408c6327,b7cbc0b1-f884-468b-aae3-40a233a4b6a0,Nutrition,Keto Diet
inj_4c7cf2d8-1fca-425b-968e-688efe45a509,81e7ea78-d24a-4a28-9a03-4d3aaa986b53,Nutrition,Keto Diet
inj_e0cfd4db-f268-4ec2-add7-ae8c5486468e,6421c5a3-431a-4987-9bf3-965132b32b1a,Nutrition,Keto Diet
inj_7927251a-59f6-4b34-b2bd-95716fdbbaa6,e27841c1-9aca-40ac-a1bd-6510b0a1e7dd,Nutrition,Keto Diet
inj_9a90305d-24e2-44dd-a748-b1a9dadf4cfe,a912d7dd-4259-4601-a565-959acbff0953,Nutrition,Keto Diet
inj_f205f2c2-85d1-443e-b651-a7b08685a341,7fc9b593-1856-45ba-9057-e58b0c301926,Nutrition,Keto Diet
inj_12f4c6b7-2268-4552-ba7c-ac149f9013be,34f80897-2080-46d9-a7a3-2bcdcaa37d89,Nutrition,Keto Diet
inj_8c41aa0a-96eb-4f9c-a39a-4eaccbff9dbf,c86158d9-0d4d-43c3-aa10-b4770a3bb447,Nutrition,Keto Diet
inj_1e916bcd-0d27-4821-ab72-8eb88b5d7d8a,4cc3bbbd-d1b7-4fe2-9271-e5e4aaa76f55,Nutrition,Keto Diet
inj_e06b63b3-4a5f-469c-a035-280d28f65d9b,79d0c8a5-cccb-4e2b-9b7f-5c1754b5a664,Nutrition,Keto Diet
inj_52e52424-5c8e-4d93-a1cf-c9831747453c,d2e1e70c-1220-4fd5-b9ad-3a332285d788,Nutrition,Keto Diet
inj_664bc337-e506-4412-b5d1-0bce86555dc5,37f9561f-f66f-441e-9db4-8ea086e68fc7,Nutrition,Keto Diet
inj_10b55eae-8155-4f40-b6e3-fac46204261b,16dddcb0-41f0-4193-a628-301f758c7ed9,Nutrition,Keto Diet
inj_e5ecc6b0-b24b-40c7-8f57-f3403bd84873,ec8989d6-3321-4872-b430-86054b1d6ff2,Nutrition,Keto Diet
inj_b4c8bb1a-6ac1-4e04-959f-1904d83b94b3,e50c537a-a003-451b-ab4d-ca47db4efc55,Nutrition,Keto Diet
inj_e094ae35-76aa-4c0b-8e96-23c7d1917cb5,decd134d-3dcc-4947-a3fb-8d0aca66dbba,Nutrition,Keto Diet
inj_55950182-be44-4a9a-8b5c-cf8f938e0aaf,c821bbf2-c10e-470f-a7aa-f1f69b2e3a7c,Nutrition,Keto Diet
inj_079022d0-01bb-445b-b6de-b63f0f2bc234,cf5c76f5-9706-4464-b46f-4b6f853de886,Nutrition,Keto Diet
inj_2b51bee6-a56d-4b75-9303-37c6908d87ab,2728c27d-cbf1-44ca-bf92-b64c1d18f4fa,Nutrition,Keto Diet
inj_56c7334c-b805-472c-bf0e-ce564573311c,30496670-dc28-45b4-bf30-6d17450a9f45,Nutrition,Keto Diet
inj_d7253af6-8357-474e-85d2-137314ff9db5,07338794-c8f2-464c-b29a-9f1722ff75a3,Nutrition,Keto Diet
inj_b10191fd-047d-4b41-b074-556ddec1c55c,c6a5ad51-3fb2-4b57-b672-f70d296ecddf,Nutrition,Keto Diet
inj_eb3462e2-93e3-46ff-9a54-78cf3be06b2c,177d7144-f619-4b7f-a4ee-0ba709093065,Nutrition,Keto Diet
inj_8a4337cf-2bcd-4332-965a-8b9321e1f308,a579a105-a7af-4d8f-8df0-e41e2e49a8b1,Nutrition,Keto Diet
inj_7dccd136-6f3b-474a-a98c-51201b67ebe9,384274db-ed75-4339-9683-af80fe1e7bba,Nutrition,Keto Diet
inj_6c4511fd-8bfb-4acb-afc7-18bf2384e926,865f3f40-e7ed-4ba6-8bb2-bb69377f58db,Nutrition,Keto Diet
inj_4853a04c-a0b3-4ae6-8602-7ef401c8afec,bca47744-49a0-4af6-b27f-ab81366ff1dc,Nutrition,Keto Diet
inj_d80bf105-a618-4c52-ae4d-a69dbbdd5377,93792167-a15f-4674-ad0d-383ec3e2e196,Nutrition,Keto Diet
inj_a96674dd-7b75-4ed4-97a9-062da99cec77,35ab35ad-5ed2-4e26-bc9a-c49123bb28a6,Nutrition,Keto Diet
inj_035abe0c-e4e1-4788-acd3-cc956965dff3,3708ef1e-550c-4180-bd11-4258496e0dc3,Nutrition,Keto Diet
inj_0326adfe-5437-4570-b8ac-43304b6dcced,2af29d54-cb95-484d-a9ed-328441274a6c,Nutrition,Keto Diet
inj_19ba9df9-fbaa-43d2-b173-d58e1643105b,d62f7d16-ee96-4751-b7d1-7a737f6d09d9,Nutrition,Keto Diet
inj_2eb83867-4b03-48b2-8a51-2989be60bb1b,d9dfb3df-3b72-4db5-bd87-c589c08f674f,Nutrition,Keto Diet
inj_47e22f96-207a-401f-bd49-091ea6cde408,6421c5a3-431a-4987-9bf3-965132b32b1a,Nutrition,Vegan Diet
inj_abba16fb-e1fa-4bf7-861d-4e03afd06d26,8c3e0e24-4116-4ce4-8ddc-6152baa5db40,Nutrition,Vegan Diet
inj_b6379ad6-036b-49e5-b8af-8973e0eeee35,c32d3380-a6b3-416e-a283-8f7854443d50,Nutrition,Vegan Diet
inj_bbef6e17-ea5a-4a32-8f38-056efff5b7ac,67a34fb7-f44e-4445-b9b5-3a84b3bef7eb,Nutrition,Vegan Diet
inj_772bea5d-0b28-4fe9-978d-b78ba9692faf,2f9a05fd-802d-4838-be40-039bcce449d6,Nutrition,Vegan Diet
inj_9bc604c3-93f8-46cb-b184-3c6ade51a99f,ca743936-b8a9-4592-a351-b1b7c6578ac6,Nutrition,Vegan Diet
inj_349c20e7-bcbe-4ba3-8d95-59eb1b84ac4b,0b1d32c9-a5bc-48fb-9bb2-897afc133a69,Nutrition,Vegan Diet
inj_bbab315f-1626-4aa3-afed-7369b6c921ef,81e7ea78-d24a-4a28-9a03-4d3aaa986b53,Nutrition,Vegan Diet
inj_ba757597-4aa4-4edf-a0ce-dcd949099f95,f73b0132-b812-4a0a-b779-baaeee1fd2ef,Nutrition,Vegan Diet
inj_4642c746-3851-42d2-8a9c-f058cb6dfe05,c4c2dd39-8e09-422d-b376-addf54c392bb,Nutrition,Vegan Diet
inj_6f56b8ef-87b2-499f-be39-21a70933c37a,59f5c052-5630-48f4-9622-ccbf22bcb00d,Nutrition,Vegan Diet
inj_5818f898-dcfd-422c-a3cd-6d4afec2330b,f7b53c95-8860-41c7-9311-f82c3ca9a3db,Nutrition,Vegan Diet
inj_a74a07b0-9a1b-426c-9537-ebbed5e7561c,f7cc4e1d-4b37-468d-aebe-e96507630ecb,Nutrition,Vegan Diet
inj_5e053a35-01f5-4f29-a9dd-aca7cd2fa8fb,3827c716-0b88-45eb-aac4-723b83cdc474,Nutrition,Vegan Diet
inj_4421717c-c3cd-4afa-995d-22000d907aa4,21222686-3647-4697-89d5-4686d32c3503,Nutrition,Vegan Diet
inj_1c3cf9b9-0ced-48dd-92a5-be9660864cc8,608ac43e-ed0b-4f70-bbc4-3246df894656,Nutrition,Vegan Diet
inj_34ec5f2b-00a4-4558-b218-07df7e823f77,786ffa59-f8e2-4497-aecc-0a520daf30fb,Nutrition,Vegan Diet
inj_93bacb82-6007-4a00-b9bb-0a6c05c9333c,6a4d8c8e-58fb-4d44-84a0-d9e04ba1b0aa,Nutrition,Vegan Diet
inj_c942f9c3-92e0-4fc8-a722-99de30493712,62ed2ab1-dbcb-4c58-9a45-1c0b7abc0e02,Nutrition,Vegan Diet
inj_8fcf22d4-add1-4d54-8241-5ca5fe89a7a4,f757f405-4b35-4c6f-a61c-1052b802a37d,Nutrition,Vegan Diet
inj_70b545b9-af55-4af0-bf4c-ecd3b12782a9,5151e715-226a-45f6-99cf-6ef6fe3b2dbc,Nutrition,Vegan Diet
inj_0bb4d58b-737a-4b8b-980d-13e129f8bc91,1c5b3091-2d0b-4727-82c4-c8020eb48431,Nutrition,Vegan Diet
inj_ef0e65aa-e711-4f62-8070-7d8a065bc863,aedaa2df-395c-4d65-a622-d5ce3361a4a6,Nutrition,Vegan Diet
inj_97c2d16f-fd2d-476b-b727-1fa5005eddca,6edc3769-e348-4edd-9443-f238212e2952,Nutrition,Vegan Diet
inj_633f15b2-e593-4bbf-92be-fa49f0b795a7,f3a39504-8527-4542-a22c-fef10550dcb4,Nutrition,Vegan Diet
inj_c331fdf4-0e41-4f46-a8d7-c2607ad16bb4,d9141ff3-1ba0-400e-b91a-0db20e82620e,Nutrition,Vegan Diet
inj_4cbc103e-2583-46d7-bceb-0c7dc16d7034,d62f7d16-ee96-4751-b7d1-7a737f6d09d9,Nutrition,Vegan Diet
inj_3e8d1ea5-eb1d-4f39-a51c-b56f6972f938,211d1bb7-9ca0-4b9d-bf17-4e2223fc2cb5,Nutrition,Vegan Diet
inj_c5f860c8-b3df-4a61-aa19-9cf91d8c0778,38e8e9c5-9578-40b5-8f4f-74a01ffb850f,Nutrition,Vegan Diet
inj_1025fa62-5479-4b04-8606-fc9c66e85479,c6a5ad51-3fb2-4b57-b672-f70d296ecddf,Nutrition,Vegan Diet
inj_4fe13099-4f78-4924-997d-01cb5f9c2c2e,bd0d0386-ff02-4fb0-9394-847efa271303,Nutrition,Vegan Diet
inj_9b29923c-a68c-4c63-ab6c-6463361c48dc,1d9bf402-6cff-43ad-86a5-e9df913d4f74,Nutrition,Vegan Diet
inj_34dc9f03-338f-4f7c-8fa5-efd4aa104236,6c1e7e66-3574-42e8-8297-ac0b4fa243a0,Nutrition,Vegan Diet
inj_f502b6cc-c91e-40b7-9e53-12e338fff3fa,40ddbe03-82a7-449d-a864-ff61d4d889a7,Nutrition,Vegan Diet
inj_b0a8ba9d-2cf0-41b0-ab99-fa64c12267ea,98120be1-cd9f-44cd-ac21-e51b43881569,Nutrition,Vegan Diet
inj_c7ebcb14-1416-447f-81a2-7716c1b0ee1d,219bc148-4687-4cfd-8073-93f2c450a316,Nutrition,Vegan Diet
inj_79edac70-3287-46c1-bc98-a7234028ff56,c821bbf2-c10e-470f-a7aa-f1f69b2e3a7c,Nutrition,Vegan Diet
inj_f6968d2e-8be5-415f-8479-2da7f3ee99ae,38084d37-2d0d-4acd-9da9-d371f32c6b1b,Nutrition,Vegan Diet
inj_246a4455-40d7-4aab-ab37-6fb1b8ceb139,d2050e69-5cc7-4832-aff6-37caaaf87148,Nutrition,Vegan Diet
inj_19e1d0da-bc60-444d-9c20-ba9a058f270d,6994e448-67f5-4eae-8eaf-ad58dc3400d5,Nutrition,Vegan Diet
inj_71709220-54ea-4bd4-830d-e933bbd69fc3,a3d97332-f6ca-4aa1-a023-118bb35e74ff,Nutrition,Vegan Diet
inj_b2d2f961-d2c0-4813-a8b2-842fdfadbee6,8f4012e0-5a0f-4ef6-887f-c348acf10f1c,Nutrition,Vegan Diet
inj_9644bf26-4ca7-4f6d-a828-fa7269094ebf,16dddcb0-41f0-4193-a628-301f758c7ed9,Nutrition,Vegan Diet
inj_a41ed653-42e4-4ebc-a8a9-181a00c391ae,8057511f-90a8-435a-bd6f-71ca429a1396,Nutrition,Vegan Diet
inj_c59f4658-a1b2-45d6-9002-4b17d5d8dff7,dcc0b624-4a4f-46e2-88fa-4ea972e9c282,Nutrition,Vegan Diet
inj_f2345e3c-a474-4a43-8564-aababfabec3b,dbc40c9f-147f-4b69-9811-a550fa141b9c,Nutrition,Vegan Diet
inj_7c91f7ad-6116-4bce-b4c9-44ba9b6bbb08,068815af-4e70-447a-b267-8fb55972f649,Nutrition,Vegan Diet
inj_0cb24f59-9585-4f29-a3c3-efb490ef365b,b3691ae6-a183-45a5-8e02-b1f4eb2006af,Nutrition,Vegan Diet
inj_a3a45735-a620-4152-8be0-5dddfb2e0aaf,92cf1336-cd2e-4592-8c03-7c820cc41148,Nutrition,Vegan Diet
inj_5cf79b60-1e94-4b39-9d9e-bbdb9b83d55d,aaaa5064-6b5a-48c5-92d6-420bb08ed13b,Nutrition,Vegan Diet
inj_4b4c3446-130a-4369-9270-f10323fe75fd,a846c488-9a3f-4ca8-9cac-edde91bf1328,Nutrition,Vegan Diet
inj_7d1e5b8f-8898-4ca1-adcd-5317cb86f0c4,ba58a0ff-6ef8-4870-8695-cfe007894213,Nutrition,Vegan Diet
inj_054a71b3-35c0-481c-8c7c-39886bdd5d6d,17efca01-b251-4116-af78-e8b0f105c5d6,Nutrition,Vegan Diet
inj_46782be3-6048-4f38-9829-de97600f1a05,439f2d87-91b3-413e-95b3-98e1738235d6,Nutrition,Vegan Diet
inj_ddfc58ef-b172-4b5a-b4cf-2bde07e27fb6,d3c6532f-c6a0-4e10-b8e6-f6f5979ae7de,Nutrition,Vegan Diet
inj_3509610a-a31b-4c1e-ab0a-90d2f846a2d7,c59d7218-625c-4008-b959-57665a433f6b,Nutrition,Vegan Diet
inj_2484b3ac-6615-4a65-8004-7edbfe3b068a,d29a96f2-364d-4b9e-8ada-4fb12f6cb77b,Nutrition,Vegan Diet
inj_c71761a2-8ba9-41f8-aec7-4b7c9324c402,c70a5850-749e-4aec-81b3-b3ecbfb9e920,Nutrition,Vegan Diet
inj_a6e81886-102e-42f3-8eca-a6e2deecc2ca,1ddc147f-60e7-4c3f-a645-730b00d8a7e3,Nutrition,Vegan Diet
inj_065340a8-7f2f-47c8-bdb7-7de122e5ca37,8de4d78c-0be0-4f3d-992b-cb843c0791a3,Nutrition,Vegan Diet
inj_bdd424a0-28fb-48ab-a1c2-b17ca8c5bf5e,d0673a99-d7ab-44ca-8e85-f7254cf59d3a,Nutrition,Vegan Diet
inj_47e908b3-e321-4cc2-8723-ce1e2d3c4d51,8750c819-345b-48a2-a2c3-93afd17269eb,Nutrition,Vegan Diet
inj_be6c5c3a-3197-4ae7-b362-d38953a85cf7,e9ce3f86-3a6d-445b-b65f-3e711a8b98e6,Nutrition,Vegan Diet
inj_be5c3ef6-38b9-473a-bef7-bd5867269239,36a86dfc-a4b1-4203-a96d-f2e6ba9db90a,Nutrition,Vegan Diet
inj_d6b28040-e7dd-44b2-ba30-43c407200879,3ee8e075-960b-4bad-9285-a0b87422554b,Nutrition,Vegan Diet
inj_b6ed64d2-be79-4b55-bcd9-943e4bd9a045,05772823-69a7-45c9-bd3a-beca07d3a481,Nutrition,Vegan Diet
inj_51ad330a-6249-45cb-aaca-b0d4c03832f9,435885f2-7f9f-4fbf-9f26-ab445c0f9147,Nutrition,Vegan Diet
inj_cc240308-4efd-4be5-8a69-df7f4a045828,8993350b-dd5f-4dbc-bfe3-fc3c8ae1596d,Nutrition,Vegan Diet
inj_f80b3ffe-0927-4afe-9c2d-8a3da8375131,9f2df0b4-dce0-46e8-b77b-96403206cac6,Nutrition,Vegan Diet
inj_257ebfa4-6030-4ccf-8fbe-36fe0a9ebc8a,10b493ac-5c91-436e-98c1-57a0283dc589,Nutrition,Vegan Diet
inj_7c42e495-f14e-4c80-bf97-1b124fe3b185,afb3bf01-3024-4db5-8c75-d9cd6e0c4ffe,Nutrition,Vegan Diet
inj_cbd55479-b95e-4f49-a718-da1dd9dda038,565628d3-5892-4f3e-bcd3-61600d3181e9,Nutrition,Vegan Diet
inj_a3f03287-6308-4b5c-a367-be5e1b79cc76,74a5b0af-0c1c-49b2-827c-33b0388858b1,Nutrition,Vegan Diet
inj_d550e6a8-184d-4dd0-9286-151eafb384ac,50003772-4cf8-4853-b962-518ac259506f,Nutrition,Vegan Diet
inj_d6047514-2b1f-43bc-a7b2-5e97de552208,971d9d2d-11ec-458c-ae0f-70dea961b5f6,Nutrition,Vegan Diet
inj_f20a5965-0ad4-4503-9228-44e5a3c2415a,f4b983ed-f7ef-4a0a-8806-85c22427952f,Nutrition,Vegan Diet
inj_8020c0ca-67dc-4137-b88b-b65802a9fc84,c9a355bc-4118-4d99-853b-7e277e0e41c9,Nutrition,Vegan Diet
inj_548d12d2-a096-4b41-9d30-5479b0abdf5b,f41f4c35-8d4b-4ad8-8687-880fca1933e6,Nutrition,Vegan Diet
inj_39afa8b2-e9e4-42bf-b097-37e59fca43ba,22ae8943-4349-430d-9787-ca7ce2f117d5,Nutrition,Vegan Diet
inj_c7092106-805e-4e17-8193-a93d11a1e7ee,56a68870-1ee0-4ce1-bd87-074c6ea5a548,Nutrition,Vegan Diet
inj_d32a5a68-dc36-4292-93cb-f64f64dea3f7,ec0b662c-4bbb-4eb0-af18-73222ea2992d,Nutrition,Vegan Diet
inj_29274dd3-ab93-4ccc-8071-44b393ef50ec,a6440173-87df-4ae2-bd97-a575293b710f,Nutrition,Vegan Diet
inj_3bf240a2-11c1-440e-84ac-06cf44c2203c,fad2d7d8-6105-4b5b-85f2-41de6653d39f,Nutrition,Vegan Diet
inj_4a3947ee-de8c-4bc0-a1ca-af98472ba9ed,6ce2efb3-e2d0-4d83-844c-7bb8dde78b68,Nutrition,Vegan Diet
inj_44fdf94c-3040-4437-bb4e-9f7d0b7bda79,e716d28f-b1d9-4e54-9107-6618a13ab5ca,Nutrition,Vegan Diet
inj_b1f4c1c7-d1d4-4eb6-aec4-391b219fb65e,189d3a9d-4aef-43b3-b840-7e6f23e3cdd2,Nutrition,Vegan Diet
inj_fb7599d8-d9d1-418a-b799-c9cd91a6b107,4ac05beb-094a-4bce-b53a-9fee9d87022e,Nutrition,Vegan Diet
inj_b2d76794-a85a-479b-8ed3-f6bb6f069247,08e6e9a2-5438-456c-881c-a42c597d8a40,Nutrition,Vegan Diet
inj_723d98ef-d5ca-4ae5-95ff-010e8a090636,c9e04776-af47-4fe6-8dc9-65d596100bb8,Nutrition,Vegan Diet
inj_d3157ad6-65ad-4acc-9605-5dfd4459e9b1,0493bf09-1fff-465f-b3bc-e9733a8c0fad,Nutrition,Vegan Diet
inj_b58f2dbb-3867-44ee-b5fb-93bf94fea2b4,d7a6f0d0-4aec-4433-afa9-1298a6d5a4f0,Nutrition,Vegan Diet
inj_c3a73e44-c56b-472b-9f26-8c78e1a7be7b,99ce1385-6ae1-4acc-ad15-354ff8a5d6f7,Nutrition,Vegan Diet
inj_d473ec4c-f976-473c-8e08-7d1ba0f42f65,ae408ba4-4e3e-47fe-808c-7f7f4123391f,Nutrition,Vegan Diet
inj_3409503d-226c-4577-ac05-fe58175df7a4,68c1662e-af77-4e67-b4e4-10046ed54ac2,Nutrition,Vegan Diet
inj_636c3ed3-5349-49bb-aa8b-ef0b83d38de1,9e133745-17ed-4482-86d7-215c1818413a,Nutrition,Vegan Diet
inj_6c755958-d1db-44b7-a22e-018a4233095a,604ba0df-e51e-4a29-a32f-c12009497e01,Nutrition,Vegan Diet
inj_8dd964d0-42c2-4138-82c9-70ce12b6136a,610fd4a2-07da-4385-80cd-34cedcb463ae,Nutrition,Vegan Diet
inj_8dc88c23-e233-4b6b-93c2-add8582b4ac1,4801821c-e130-4bc3-849a-03fd628726c7,Nutrition,Vegan Diet
inj_acfbc019-54c7-441a-ba2e-50613d96fa15,8c82f2ae-adb7-4b27-b903-ea536729f5a0,Nutrition,Vegan Diet
inj_74cb5190-a19c-4170-b4ba-10497a492448,5397bf90-6ce5-4dc3-afb6-22392306f017,Nutrition,Vegan Diet
inj_3eac95ef-c132-4e3b-b98a-42f6588356e5,ed7b7c70-2505-4ed8-a730-c1b23784087d,Lifestyle,Minimalism
inj_e9558fdf-7a50-41b9-a62f-5387bb707da0,b0a8e5f3-7ca3-4084-b5b4-0aa81e6a7282,Lifestyle,Minimalism
inj_03c878ed-cd99-4fac-870c-60d3cfcb28eb,6faa814a-e5c5-4a3d-9e93-91b3fa954586,Lifestyle,Minimalism
inj_a41bb71f-f012-4fe2-8b6d-0a8cd544dec7,25619f61-84e1-4542-a3b2-038b6431a49b,Lifestyle,Minimalism
inj_dbf566e5-eaa4-45b5-86e5-1a5f07372e14,7cd00e9d-9a07-4920-8f8a-70d82f25006f,Lifestyle,Minimalism
inj_44daa597-71a0-4fc3-a7cf-26317b44e787,2b811bef-5500-47a3-8959-7d87242bcbaf,Lifestyle,Minimalism
inj_d2a1d6ed-090d-44d2-a25b-a89b2f8161ed,7610d3ae-7730-456e-bb12-37af3a444062,Lifestyle,Minimalism
inj_c3ada5cd-2e11-48ad-bbe1-d8d5c13a6901,9df5dd63-3be7-4712-a8f4-5e8fa62c06e5,Lifestyle,Minimalism
inj_6c6f947f-b6bd-44b4-84db-ce8623e5d8fb,c38240bf-f5f0-4643-ba26-3ba9f62f78cc,Lifestyle,Minimalism
inj_36b38e24-f2cd-41ea-840e-02f6837e2437,528f83b2-0449-4474-bfb9-8e193c4383f0,Lifestyle,Minimalism
inj_058cc013-4151-4db5-918c-00af33d8822d,3b024fb9-9c8b-47fb-b2bf-b0b21071c8b2,Lifestyle,Minimalism
inj_b4db69aa-eb60-4181-b192-1a35a4b572a5,0c5539c4-61cd-4fb9-bd5e-e210e9e41af6,Lifestyle,Minimalism
inj_bfd5a24d-08ec-419c-942e-b178d2d68400,c2832902-096d-4cc7-b00e-287be79d00fd,Lifestyle,Minimalism
inj_106f5521-2c8e-45d6-a5d1-a555a3d03f96,f8674325-0325-4d58-b81e-7dfe6ec64dfb,Lifestyle,Minimalism
inj_052204ea-b186-42a9-b5c4-0515c933cffc,d62f7d16-ee96-4751-b7d1-7a737f6d09d9,Lifestyle,Minimalism
inj_2046f81f-f002-4dfe-a19e-3f4c3bef7797,0093fcb3-b524-416f-b6fe-b8cae32d411a,Lifestyle,Minimalism
inj_2fa119a8-64bb-4511-a5cf-e60368a452eb,f7a71c46-6add-433c-b9a3-990b75f54cb3,Lifestyle,Minimalism
inj_2387ae55-b708-48b4-9d4b-71de534bd1fa,604dc94b-2c0d-4310-a30b-26a06f8e7bab,Lifestyle,Minimalism
inj_3ee0cd04-6c89-4aa8-98e3-5b3723a0d099,44495928-0d83-48e2-813b-4e2fa675e710,Lifestyle,Minimalism
inj_4d3aba83-7a3d-4485-8d6a-36a6702585b8,7c6b2713-98e3-4cca-a8ff-2af6f7e0e37b,Lifestyle,Minimalism
inj_847964e8-55bd-40b0-8a44-36607b7aee10,3b4b90a9-6c32-4336-a943-131527569ef5,Lifestyle,Minimalism
inj_a325ed0a-8358-41e0-8315-2763ff86b3bb,abbbe018-e0c7-4ec0-8596-7e9a0ae0b293,Lifestyle,Minimalism
inj_b17c8a63-5cfc-416f-86f0-2609d050c3a2,ff178aeb-2b27-48a2-8702-26bfb37f008e,Lifestyle,Minimalism
inj_a417ed2a-31fb-433e-8cc7-cde26d5f1d19,a367cb43-42f5-4655-995f-681bb6eb55e9,Lifestyle,Minimalism
inj_1ceac959-ad17-4428-8481-bd0584f95acc,a1529a87-ba1f-4dd1-b2e9-68bf2e0f2c2c,Lifestyle,Minimalism
inj_41c26610-d905-45eb-a928-4937cddb92cd,ec7c6f18-5e97-4fb1-baa9-fec7bbfb696f,Lifestyle,Minimalism
inj_420e3ac4-459b-4972-9590-61a2083ce776,6329aed8-1ab9-4f1b-bc8c-a1659190fe6d,Lifestyle,Minimalism
inj_b423d02b-6428-4eca-8b2d-073d6377e9ef,4d919c3a-23e6-45f6-815d-d26df885ccba,Lifestyle,Minimalism
inj_0b2bfacd-a302-43ce-9068-0ae1780c7ad8,9d2b111e-d1d1-4c25-9982-b9dea49a7382,Lifestyle,Minimalism
inj_21ef4f82-6b63-46de-8b81-2a0845359671,404da108-b23e-49d4-b688-ef6cd27efdb1,Lifestyle,Minimalism
inj_882f8354-518f-4292-a9d7-5427fbf09ed8,c8347acf-1aa9-4f56-b8bc-330fa57224ab,Lifestyle,Minimalism
inj_947963c8-1d74-4b25-b954-be5123cb4f60,1554f24b-a147-4e4b-86aa-20b3329de300,Lifestyle,Minimalism
inj_6632f6f8-bbea-4e43-84a9-5eec1c7d14e8,9663dbe4-4d93-4258-b8ea-4dbb6128053e,Lifestyle,Minimalism
inj_e4124da0-2ec4-47fe-9ebf-cf1231c3257b,6f564ada-3438-4c9a-a0f1-d5cff4a880eb,Lifestyle,Minimalism
inj_de380a4e-4efd-4014-b2d9-d61318ad864b,31178197-d467-41a4-a2ad-ff55c0eb362a,Lifestyle,Minimalism
inj_c18ae1b2-935c-480d-8e82-52c0a301f48f,e8693f7e-c9f3-47eb-918b-cb7bdb711aec,Lifestyle,Minimalism
inj_2b6c82da-f151-46a1-adc4-14b286863793,c88b5fdd-4fa9-4821-a021-a9a305ae1056,Lifestyle,Minimalism
inj_219688d9-4209-40c9-a795-dd924d9c224d,691f350e-cf3c-4245-b528-c0e6be03863b,Lifestyle,Minimalism
inj_6c0a87cb-c98f-4bda-91f8-c8118c5c37df,5c2c81d8-3691-4654-b9c8-9d25c1f73b7d,Lifestyle,Minimalism
inj_85a23b04-e954-4697-94f1-2386a017ae03,67a34fb7-f44e-4445-b9b5-3a84b3bef7eb,Lifestyle,Minimalism
inj_ac067921-d8f8-41d0-b463-cd11f5a5e3ce,1aa0e41c-82eb-42ef-809c-e99d32fa2196,Lifestyle,Minimalism
inj_6dcd6c7f-70ee-4bc9-950e-a66a6b1b3e6a,1e6b210c-03f1-4d7d-9689-4ad4ae658f41,Lifestyle,Minimalism
inj_0023175c-6f04-40e5-9646-c7c3f8f315a1,b196f8f2-a41f-450b-bef8-4831de113d09,Lifestyle,Minimalism
inj_febdd101-74d5-4a5f-9b73-b9335c341025,55894235-15d5-4795-8467-277e6a4aa5d3,Lifestyle,Minimalism
inj_a4b8c54c-5ccd-4d92-b9b9-e8b61cc7cf6a,c23e3d8d-7db3-4cc1-a4da-87a87209c30f,Lifestyle,Minimalism
inj_815e70ec-7bf8-4b53-9ad4-3feb957d85f3,1cefe0d9-ca0e-4a94-8a43-d6c097b1ee8b,Lifestyle,Minimalism
inj_d79f7eaf-1d7c-4db6-8c36-625aa5dafe4b,0718c6fe-b52e-4df5-b353-754a863ab27b,Lifestyle,Minimalism
inj_0823e4d3-a8b2-4a08-93c3-871311dcafd5,32aaa29b-5a3f-4a84-89af-566a59aa3956,Lifestyle,Minimalism
inj_8aa05af2-b949-4305-a181-9055b176aa7e,aaae9351-55c8-4644-932a-f0c454b9c1a0,Lifestyle,Minimalism
inj_9b427e1a-710c-471b-9730-88b647c06399,b509f720-495e-40ea-a8bc-6be4eace22dc,Lifestyle,Minimalism
inj_3844987c-a86d-4731-b62a-a479399c47be,6a1cd465-fd6a-4aab-a114-e01991c1186f,Lifestyle,Minimalism
inj_f96fec83-c06d-4e3f-93b1-3fff78073c5f,85cec75e-6d78-41b8-9ffd-de0be4afd8fa,Lifestyle,Minimalism
inj_ce71a58f-131d-4e8c-adb5-da3e6adc821a,e7e7e064-a702-40e2-8ac2-a82ce555d1a3,Lifestyle,Minimalism
inj_ec440c62-0120-4772-b994-89e60687e922,0d09e507-7494-4116-adf2-8b32a9990fbc,Lifestyle,Minimalism
inj_3f93a424-f8ff-4abf-bb81-4b39819e065a,38084d37-2d0d-4acd-9da9-d371f32c6b1b,Lifestyle,Minimalism
inj_12168d98-b994-46a2-99db-f538f599740d,4aaf9aec-b960-468e-b9cd-a94a2eaf6586,Lifestyle,Minimalism
inj_0bd5693d-7cbf-431b-ad86-3251061e54f7,2afcbbf2-a55b-4a53-af26-542e01175849,Lifestyle,Minimalism
inj_60dca6a0-6b36-47ec-a981-88e14f92d076,c6e12252-fd03-417e-8d02-77a7a3795b99,Lifestyle,Minimalism
inj_31a7ca5c-522d-405f-a8fe-0a1d46990f4e,410fa169-fc21-4c6a-b56a-29c5d579e97d,Lifestyle,Minimalism
inj_c316401f-581d-4fcb-a2a9-239b608324f1,4ac05beb-094a-4bce-b53a-9fee9d87022e,Lifestyle,Minimalism
inj_881a0387-5d83-459a-be5a-16ee7affaac3,ce99cc30-9478-4212-a40a-69c6ee336dd7,Lifestyle,Minimalism
inj_25ff0269-fa2e-43d7-bfd0-81bc10628cc0,1df81b8d-32ee-4c9c-9120-2c842688ff43,Lifestyle,Minimalism
inj_1478827a-dbbb-4de2-bc34-3f92ee75631a,f6665e77-194c-49aa-8f75-35ba4a94b23b,Lifestyle,Minimalism
inj_610dcd3f-0c6d-41e3-879b-dd3550157430,0f6b61f8-366d-42e8-822b-6bf42cf7ffb5,Lifestyle,Minimalism
inj_8f2b7dd9-caa7-42f3-8ee4-79f54ae314f0,30e1ca0b-5f92-4c48-9b6f-9e50a8347461,Lifestyle,Minimalism
inj_0b7f5d0d-a460-4715-862a-36b8e7736d65,1b034431-e502-4c31-ba6a-1df051e09b3c,Lifestyle,Minimalism
inj_008a56f8-c360-4e55-b69a-d71b7a40fae9,7840ea91-526f-4c49-9f51-b8d575593ace,Lifestyle,Minimalism
inj_e62a5d45-ca6f-44b4-b99d-0580a3c8b08e,be63cf09-ced1-4ba3-8441-ad7f90b68307,Lifestyle,Minimalism
inj_505c2008-7e59-445a-80c1-b807b42d01bd,d0673a99-d7ab-44ca-8e85-f7254cf59d3a,Lifestyle,Minimalism
inj_2d0cd573-9485-4255-8d31-17b75aa1e410,8e1211cf-8afb-4f56-9748-66d9b1d343ce,Lifestyle,Minimalism
inj_c2645aa7-c146-4dc5-bd65-1460a2a48c70,0a8b47e6-a7f1-4850-a8fa-45e412f2a360,Lifestyle,Minimalism
inj_f81bf37e-712f-465b-96b0-af5e6266298c,51badf6d-e3f4-4516-b1e1-650c1487e93a,Lifestyle,Minimalism
inj_59bf31bc-27b8-4cba-8d23-be0ae73445fc,8df637b6-4373-4373-b284-9610cbd59550,Lifestyle,Minimalism
inj_041a7eb3-1b72-4aa6-8d73-676c9f67c440,9de79ddc-1582-463d-84aa-c9020bbdd329,Lifestyle,Minimalism
inj_c370f757-6fde-4563-b534-c36c5278e48c,8a54bd0b-54e1-41ff-8e15-d7b7b38b8a97,Lifestyle,Minimalism
inj_956288f1-659a-4f7c-8700-d9c15bfc09b4,f2efb22a-0ef8-4da1-bebb-dfccca4ea79d,Lifestyle,Minimalism
inj_2df5cec9-4bc3-43a4-a1ad-75fa0407adb6,55252131-49e7-4357-9859-fdf3ee86f7cd,Lifestyle,Minimalism
inj_efd0b437-e196-48b6-a4b4-22381b1ea4ea,f8289c1d-18c1-415e-b488-d3a7b33bc80d,Lifestyle,Minimalism
inj_b437bf4e-1a21-4823-93fd-76632d8ee313,1a6d5b7c-eba2-4786-8a64-57b6578eb534,Lifestyle,Minimalism
inj_fae8ab6e-fb00-48c0-b6ec-940b6fdceac6,74a5b0af-0c1c-49b2-827c-33b0388858b1,Lifestyle,Minimalism
inj_ed160a6e-9296-490f-b945-c1d31995767a,805c1ee8-d582-4aff-af64-35e837af444d,Lifestyle,Minimalism
inj_e26d9b1c-c5e4-48ff-bfb4-c3562b16ff14,c7c73f51-10f9-4b5b-a045-d8e47a0912d8,Lifestyle,Minimalism
inj_a77826ad-4295-4cc7-8404-763e8e62e40f,63b1ff75-692f-4101-af16-96c02d92a449,Lifestyle,Minimalism
inj_396925df-8639-4fb3-9b8e-08d0eb1f22b0,8b904a9e-b01c-4d0a-baec-3d6e626c3622,Lifestyle,Minimalism
inj_12c3891d-173b-49bd-95a9-89ccfd58797a,3b5b26a3-da2f-4d97-8d86-0a05da881084,Lifestyle,Minimalism
inj_c657db6c-2fe5-4bb1-80f4-d1bc9640c40f,45fca87a-fc6a-4dc7-bc8c-3a24cfc9df1b,Lifestyle,Minimalism
inj_8544f88f-8e9c-44a4-b394-4d5e8edab434,42e2ee2b-9c1f-49d5-9b02-ea4b9d4c37d4,Lifestyle,Minimalism
inj_68c8e0a7-4cb2-41fd-a387-1e8db8870739,6c1e7e66-3574-42e8-8297-ac0b4fa243a0,Lifestyle,Minimalism
inj_f958a899-6e98-4aa1-a3c6-dd036f2287df,d7b397d3-c204-401d-bd28-fd4aa9d0a445,Lifestyle,Minimalism
inj_056bcd52-8cb5-43f2-85fe-bf49134edda7,65cc244f-f8ba-4e7b-9040-62b2da2533c7,Lifestyle,Minimalism
inj_4f2a3e5e-85a1-4dfa-b0be-d007e7213447,35f8c79b-e9df-4a23-86f3-61419dddbdda,Lifestyle,Minimalism
inj_358ad71e-3edf-439e-aa42-614336d81088,f03fc0cc-3f18-4131-b619-06ca78670be5,Lifestyle,Minimalism
inj_20c81971-144e-4be6-b120-fb37e3b52d6f,aaaa5064-6b5a-48c5-92d6-420bb08ed13b,Lifestyle,Minimalism
inj_f65b0544-29ee-4bd1-80cf-eab8c5e2ce4b,bab4920a-9bdc-41c8-90fe-924015961032,Lifestyle,Minimalism
inj_61d20e96-e7c0-434f-9882-ce5da767cc22,6248b1f5-8416-4f6d-bf30-f6290115b1f6,Lifestyle,Minimalism
inj_ee57b2e9-9c50-4a43-b34e-a8f4169f7d7c,6e0a2da3-f49c-4be0-ab34-5320a3cc74b1,Lifestyle,Minimalism
inj_49e5d894-a52c-49ce-a265-d207060be23c,e36495f1-e268-44ef-9d3d-69a55bf34773,Lifestyle,Minimalism
inj_afe4b57b-f8fe-4e00-8533-bff06356d093,4e6581cc-8718-45bc-b501-c59fe8300945,Lifestyle,Minimalism
inj_106a9040-c88b-4a87-b42c-645491d8916c,5a68837c-e8f1-409d-beca-e7056de11d42,Lifestyle,Minimalism
inj_ef8180a2-423f-4084-a7d6-e3f9b19b5afc,9cbc078e-ce91-43eb-bd13-c0cdced2c8df,Lifestyle,Minimalism
inj_896ba123-1b83-4d33-9772-a69084b6d48f,9f36f66d-dad0-4f0c-bc47-646917720a2d,Lifestyle,Digital Detox
inj_3ecb45d1-abb6-4150-8445-0e33a0f17f3f,04346619-f18e-42eb-9374-d60fc94bf18d,Lifestyle,Digital Detox
inj_3949d471-169a-4e2b-8c86-94a265e63d5c,ede7e57a-a435-4906-8881-4003c2270200,Lifestyle,Digital Detox
inj_3b4d73ed-f231-47fe-a12c-e90ee8c2d787,2dd1b902-b67e-4c39-8890-535aa0f412d6,Lifestyle,Digital Detox
inj_473f5ea3-d2ff-4544-bd37-ba18fb2814e1,450d44bc-f85c-49e9-8dbe-b45cc228af5e,Lifestyle,Digital Detox
inj_403f9f80-0db2-4e88-b4e2-ec1a45e147dc,b1a1a1ed-10ca-4907-93a8-9f43a5d89ed0,Lifestyle,Digital Detox
inj_0a19eee7-7160-45e6-8359-9c6a3bbccab8,e1cdeef0-92de-4616-958d-d59eb5a2e1c1,Lifestyle,Digital Detox
inj_af38b6cf-0066-4513-9a95-260bc7321b9e,629a4a42-e94f-4cfd-9dad-9d766c82fd62,Lifestyle,Digital Detox
inj_5edd139c-7605-4188-a2fe-9c2a9ddfcd7e,d9bab4c0-4d22-452e-8210-e5890624c1a0,Lifestyle,Digital Detox
inj_c4e1ec59-c628-4c0d-a2c7-6e44d29f56d1,362c8150-992f-4e78-a826-c34be0b245a0,Lifestyle,Digital Detox
inj_6b5c4895-e76f-47d8-aa28-5bc45ae2a07d,1dc1ac41-96a0-4ef0-9b41-aab3ff667eba,Lifestyle,Digital Detox
inj_0f996bf9-72bd-460f-92e7-c0647e61dd98,2538308f-40a1-4989-951b-bb72f5b24ab9,Lifestyle,Digital Detox
inj_42656ad4-7447-43ba-b0c1-0737ac61ff5c,c175cc75-0e0d-4ed5-9b38-9b9b1bfec567,Lifestyle,Digital Detox
inj_f53ac7d4-637c-4058-af4c-c0af132e84ed,6f48996e-6c94-4ac3-98d6-bfbc2e6791e4,Lifestyle,Digital Detox
inj_1a65ffbe-51f8-4e94-a4ba-86ceec88fc3c,4e6581cc-8718-45bc-b501-c59fe8300945,Lifestyle,Digital Detox
inj_66faa57f-6c17-4299-ba32-1b11b4d7ecc6,b791cc0a-b106-4871-8057-50b6be15840d,Lifestyle,Digital Detox
inj_d2dbc76e-d2a7-49fe-90b8-4203f76fab59,9c603463-f941-4ba5-89ad-0b120fbe2a07,Lifestyle,Digital Detox
inj_a67422ef-94f2-48d3-a71c-4a8a9161d20f,f7625cd9-200b-4ef5-85ee-6326b9502d5a,Lifestyle,Digital Detox
inj_8ff5f6f0-8ad2-44a4-b762-382d31a99cb3,f02ed6a7-04dc-45fe-8348-e5452a206816,Lifestyle,Digital Detox
inj_b6daff2b-467d-4eae-9ea5-be63c22d2e94,524f2e0b-2bf3-4f93-9d7b-c8084b317610,Lifestyle,Digital Detox
inj_d5efaff0-833d-47c7-a82f-655046b4473c,31888ce7-dde8-42e4-8b93-687a749b5efe,Lifestyle,Digital Detox
inj_19c57e15-5645-4c5f-8efc-fe8021283860,e13680fd-0548-4a90-bc2f-506ec5ae7c18,Lifestyle,Digital Detox
inj_26247da6-f734-4b33-a359-95fa5bdaf175,31f96637-9136-4932-ab57-8bc686e7b327,Lifestyle,Digital Detox
inj_eba85e34-481a-47fd-b347-b6224ee9a841,bcdbe566-8534-400b-ae75-e56f008b1db4,Lifestyle,Digital Detox
inj_619e7718-fa17-43fd-b6db-a77a5c7efb43,d9d52c4b-546c-4ae7-95d5-112d3cd0e401,Lifestyle,Digital Detox
inj_7d20450e-000d-4d20-ad93-790a838d2ea3,fc568017-35d5-4e6a-a842-e4343d1cf008,Lifestyle,Digital Detox
inj_ccd7a064-d224-4afb-a329-809501cb9bdf,2f9b8cac-07a4-418a-97be-02e2693884e3,Lifestyle,Digital Detox
inj_35af819f-9467-4853-b816-4f7ecf2e5487,ea639e03-1eee-4984-9dbe-d3381977c8a9,Lifestyle,Digital Detox
inj_1a4d8c0f-81ed-4df9-9c72-81de767ac54c,7ee83718-5df5-4611-bbdb-b91c9437b9e6,Lifestyle,Digital Detox
inj_e24d9313-cf84-4852-8b76-878e4e84fe40,660f161d-b84c-4b32-a0ba-357aac82ed3a,Lifestyle,Digital Detox
inj_3c9e8f5c-4b89-4019-a5b7-19dc69ede4b8,d0398941-5a3e-490c-b3ed-91764f41a3c9,Lifestyle,Digital Detox
inj_d40e4213-e4e4-4a14-8db9-7dff8c346a70,c23e3d8d-7db3-4cc1-a4da-87a87209c30f,Lifestyle,Digital Detox
inj_c8782517-312d-48d6-a437-7fbdc1089588,e61a672e-5a6e-4971-a8a7-a0b7e4c10a38,Lifestyle,Digital Detox
inj_599d7472-bc1e-4284-9383-f38e811c648f,becaf540-6bd5-4392-8976-57e1ccc2a0d3,Lifestyle,Digital Detox
inj_a7a18ab5-0456-4737-8580-33bfd7abee43,9abdd8c2-1764-49c1-afe1-f574293840fe,Lifestyle,Digital Detox
inj_17713a15-b142-47c3-9019-d7df8babe4e3,b5cfafa5-38c0-4f07-b3dc-aaf4ed3898ba,Lifestyle,Digital Detox
inj_1a15266d-69e0-4acb-8130-6adbbfd286fa,38c71011-204f-4da3-999e-956ea8791977,Lifestyle,Digital Detox
inj_507dca3f-06c3-4b85-86ab-30a3648e0b7f,706ef961-3093-441e-9580-a7a3a2d8fd83,Lifestyle,Digital Detox
inj_0d45b7da-4751-4786-a550-8d50092954e8,ff853704-6db1-42ff-86d9-f010f7716886,Lifestyle,Digital Detox
inj_a8a1e31b-b516-4973-ae9f-2bf89088d160,c6e12252-fd03-417e-8d02-77a7a3795b99,Lifestyle,Digital Detox
inj_2f0e45a7-17ef-4e25-8448-4570c920d9be,0ad91275-dce9-492e-b6f5-330111a54564,Lifestyle,Digital Detox
inj_a9b40ee2-728a-4015-ab6e-f5b135664a9b,9eb9950a-0bfd-4ea6-a60a-4cb469c044bd,Lifestyle,Digital Detox
inj_422b7a25-4fa1-4225-b939-b275adda7221,ef4a5283-c71a-4937-9056-65c6cca2d956,Lifestyle,Digital Detox
inj_d4f984c9-f827-4996-a482-fd1cea57aa5e,e8693f7e-c9f3-47eb-918b-cb7bdb711aec,Lifestyle,Digital Detox
inj_f5b7c7a1-e1ef-413b-bbd4-3f574ab63523,f7b53c95-8860-41c7-9311-f82c3ca9a3db,Lifestyle,Digital Detox
inj_1aa0e168-1468-4e17-9ec5-6fe50dbb3279,6483b977-3196-4078-b5e0-d231fd771360,Lifestyle,Digital Detox
inj_38d0c8ec-4cf5-4673-9d68-e7c0d74450bb,16e43025-10f1-42e6-9793-e0e2f333d79c,Lifestyle,Digital Detox
inj_4610b61f-61db-47a2-8f1e-4b41bbd7d021,e100e16d-8092-4960-8a41-ee2bb2ccbb60,Lifestyle,Digital Detox
inj_1e5390ee-df3f-4d9a-96c5-55096da6f71b,733893d4-6668-4b7b-8b53-915f3d577ead,Lifestyle,Digital Detox
inj_eb25648c-25ff-452a-abd7-0b8257d1d6e4,f970f5fa-d246-4a4a-9ea2-8f106a77a3b4,Lifestyle,Digital Detox
inj_23e56a5e-2b64-47af-aab7-c65b3bd8c880,c843431a-f06e-4c15-8949-44873930894f,Lifestyle,Digital Detox
inj_50f395ec-16c7-4e23-996f-75b091ada83c,a3269770-94c7-40e7-bd0b-9086cabbf163,Lifestyle,Digital Detox
inj_4aba08eb-b2df-4be6-a7d4-bb9126b1f3a1,27ca132e-76a8-4dc5-ace2-31ed889c0dfb,Lifestyle,Digital Detox
inj_19204de1-3657-434d-b579-c4906da228d4,1e6a6ae6-b9f4-481a-b3ab-f3984984d2ae,Lifestyle,Digital Detox
inj_82bad357-7fc9-43f8-8c9e-745dd3c73ea9,224f91b5-0f6a-49ca-b9c6-6314e96c5636,Lifestyle,Digital Detox
inj_1f334d6b-16fd-48e7-a5bd-408e810dc83b,cdaad357-34df-4a9d-8cc0-e166d2654a7a,Lifestyle,Digital Detox
inj_2bdffec3-f34a-4590-a95d-e50b15e0d628,c9a355bc-4118-4d99-853b-7e277e0e41c9,Lifestyle,Digital Detox
inj_0198fe72-ab00-4252-a8a0-07c4f1c5ab80,d7f26a55-bac2-4106-921e-53187377783d,Lifestyle,Digital Detox
inj_3a23658b-d79f-493c-9216-c50549e4c32d,a7077efc-0948-4424-a190-5ba160d6bdce,Lifestyle,Digital Detox
inj_9ef9c962-1372-41c8-b469-682b9f30a69e,5528077d-766a-4f76-b93c-1c1026d0aad5,Lifestyle,Digital Detox
inj_d7b7972b-1e52-45f2-b264-ab303aea1448,f8668ca0-7feb-43f8-9d87-5b3ec975cd2c,Lifestyle,Digital Detox
inj_a772cd20-f886-4f73-99ae-523cce9e2452,0b2d4489-0c42-4a0c-8861-a46c9a6a0555,Lifestyle,Digital Detox
inj_a7667f52-2462-4fe7-952b-0fa443574516,0bc74695-ed15-448e-a064-740f3206d009,Lifestyle,Digital Detox
inj_d4681309-3bf0-46ea-9383-90c079cf0549,c710a691-e490-4ec0-acfd-6cd9d64147b7,Lifestyle,Digital Detox
inj_5ff52232-8a24-4f11-91c0-025776541500,9b7713f5-2197-4b99-9e14-56d8904377d5,Lifestyle,Digital Detox
inj_c1ff7401-43f3-45ac-8a58-edc48639dd92,a1ec5cf6-d265-41b3-a4d6-13a49c0a8f51,Lifestyle,Digital Detox
inj_e594bc29-35e8-41fa-97a1-1c7bb460e0a5,46a36e9c-4f76-4c52-85a9-b78e1704eeee,Lifestyle,Digital Detox
inj_809a6524-5e20-4afa-8203-b69cc4c16285,c2e3004c-02c6-4c4f-a4ee-ed2eba95b192,Lifestyle,Digital Detox
inj_504998f1-7273-4770-a922-6ba965c92340,5e360f2c-7b62-4891-b23a-7ca2a1cfceff,Lifestyle,Digital Detox
inj_e96d8663-7599-4701-978a-a43af69d2f1c,11c7509f-1571-4298-af6f-c1bc99c68ee9,Lifestyle,Digital Detox
inj_9bcef477-085d-4d1a-a69f-e79cb7817313,5ab17456-cc3d-456c-85a4-012e9d2ed334,Lifestyle,Digital Detox
inj_b02ff8f9-201e-46f9-bcc6-5f4b4df50b0f,e7e7552d-12a6-4d62-b65a-fa09e27940e3,Lifestyle,Digital Detox
inj_da91ce05-af25-42ce-86e9-1fadee45b18d,b78d9ecf-aeb4-482f-a9fe-4c23b881c9f5,Lifestyle,Digital Detox
inj_33e8f891-89ba-4574-8cea-8b9169f42544,dbd1d3ed-44ac-43c9-b5d1-dd62d4f7368f,Lifestyle,Digital Detox
inj_3cab6b17-da0e-4d8c-a7a8-81747cb86659,f4fae78e-c1da-45eb-9dbb-b82747ab2ed2,Lifestyle,Digital Detox
inj_1a0d4382-8ecd-4127-9559-d7e48f7bf04b,35ab35ad-5ed2-4e26-bc9a-c49123bb28a6,Lifestyle,Digital Detox
inj_20acec6b-9434-4e4c-b38e-ccfb0f722a87,36a86dfc-a4b1-4203-a96d-f2e6ba9db90a,Lifestyle,Digital Detox
inj_4643787f-cddc-4a8b-8dff-207d14683676,6e3be9f0-50bb-4eb9-afc7-8f626737eda7,Lifestyle,Digital Detox
inj_f00a8fd1-c5ea-47bf-a510-187e2abd8eca,c6255c8f-5647-4158-9509-a6aa4b3a25c6,Lifestyle,Digital Detox
inj_cd0bb7b3-a828-4a89-9395-0daa5e106934,353e5824-7e1f-42b2-adb8-538d4009e662,Lifestyle,Digital Detox
inj_1a6c9883-1c4f-4c75-bc68-294089eed46b,1ddf3108-4cbb-47d6-bd6c-eba7931a856d,Lifestyle,Digital Detox
inj_fa27ef7e-2be5-4964-b6f2-dbeb3d7b93dd,6248b1f5-8416-4f6d-bf30-f6290115b1f6,Lifestyle,Digital Detox
inj_b1283c5a-1c9d-4de0-a8dd-fe8733b7eaa5,398bab70-e0d6-49e7-b51a-37d23bd9f198,Lifestyle,Digital Detox
inj_43263ccd-2cbf-4ee3-887f-638779ae73e1,e19658e5-b81b-441f-a613-dc3ec6507184,Lifestyle,Digital Detox
inj_68233a2e-b80a-4e75-87a3-8429b2246508,f0efc164-22cc-4aa3-a456-9fa10d70011e,Lifestyle,Digital Detox
inj_da5a4843-a60f-4e0e-b46d-734c0a9d746d,760c8c98-997c-4b79-9db0-82c8eb3efb37,Lifestyle,Digital Detox
inj_323a952d-dd19-4e91-aff8-3afacdda7275,08ec7f35-6afd-44aa-8380-b5155d710f89,Lifestyle,Digital Detox
inj_615670b8-545e-436b-bc5b-90e919391458,59a5a27f-6eb2-4dd1-a884-81b16b3474f6,Lifestyle,Digital Detox
inj_14c64bdf-b6a3-481e-9076-ca8d03c6f323,1c5b3091-2d0b-4727-82c4-c8020eb48431,Lifestyle,Digital Detox
inj_131e7647-2704-4e59-86f4-43215c2c9718,3fd5da33-92af-46c6-a4e8-4d9b76079863,Lifestyle,Digital Detox
inj_949f96f7-4db8-4225-be95-4294fb40fe94,30752260-9f6e-49f0-b88d-370c41b4e197,Lifestyle,Digital Detox
inj_e81ec95c-a747-430f-aa08-3fee89cd7468,4c17b6f5-d033-4b76-9cc2-77ac4c0f7b3c,Lifestyle,Digital Detox
inj_48f34cc5-b6e1-4de7-8201-21463e7a965b,f411cb08-5b3c-430f-b616-72f4bf1766a5,Lifestyle,Digital Detox
inj_bd80d2da-71f2-494d-9b40-25242dc11b6b,437e3d35-699c-42a4-a087-8b5c327ff197,Lifestyle,Digital Detox
inj_5535959a-f0ed-4885-b64b-65db387b4932,d646f8c2-982e-4496-828f-7a20b3760272,Lifestyle,Digital Detox
inj_f1ca2caa-f300-4a15-a2e2-ec81ee767b51,11395d9d-ccf8-4f27-86c3-460e7db0e446,Lifestyle,Digital Detox
inj_bba91e28-9c17-4cbe-8702-0ada2b9c1e1d,a596d5b0-d812-4ca3-963f-bb41db247e15,Lifestyle,Digital Detox
inj_e20f599b-2b85-4bef-a18b-19a021ca1e1f,6b20b125-d886-4680-876b-34ade4a2786b,Lifestyle,Digital Detox
inj_9ba6c7fa-fa06-4adf-af77-2c63e7e9f6d0,d898f586-4baf-408f-9d0f-ad860993e6af,Lifestyle,Digital Detox
inj_31bdfe9d-8509-434c-a1d6-27273a3225e9,163372ae-8721-44dc-98f7-282564d8704a,Lifestyle,Digital Detox
inj_99251cd7-96b0-497e-89d2-43f84ca51b53,65dfd72c-113b-42d6-90f1-7f0b1099949f,Wellness,Yoga
inj_e0fcf088-edcb-4891-a2b7-bff216c8c50e,8bc4c9ed-e807-41f1-b937-d7f0f8a1d191,Wellness,Yoga
inj_618f825e-7123-4759-a74b-af9f0eaee032,dd4dd762-8340-4723-aa99-89fbd89d0bcf,Wellness,Yoga
inj_08306fb7-7eb4-43a1-959d-1b316484da44,23719638-0d53-4da6-817a-cf37034d97c1,Wellness,Yoga
inj_e218b820-80d4-40c0-b1c4-c14e0c52e82a,3ce5f49a-1a6e-4439-a0b8-badf2c3d3524,Wellness,Yoga
inj_f13de5e5-fefe-4cfa-90b8-aa14901561b9,7c6b2713-98e3-4cca-a8ff-2af6f7e0e37b,Wellness,Yoga
inj_6961fe11-a6d2-41f2-88a7-19dc4a7ccd56,700024fc-f148-4200-8b14-d80fef2701f6,Wellness,Yoga
inj_9ac506fd-71d2-4926-853c-3e30c59b1ae8,c57f9b60-da69-4788-ac32-f3412e486c1f,Wellness,Yoga
inj_e9383fb6-3be0-454c-af49-010c697a8e93,b1e1956f-70cf-469e-a4e5-a80c078f34a1,Wellness,Yoga
inj_0779a209-a268-474f-b814-cdb46bab6f12,d9d52c4b-546c-4ae7-95d5-112d3cd0e401,Wellness,Yoga
inj_95575706-73c8-4efd-88ee-d2451fbc1031,f2b8a4e7-6ae4-40ea-a9e1-274a328de346,Wellness,Yoga
inj_fc99afa3-4a82-4f56-80bd-bb127c88dd5c,4cfd4f4b-0fbf-43c2-bd1e-3954ec4d1cdf,Wellness,Yoga
inj_bf4ea84a-315e-4598-95ca-c27bfde55155,8c652811-fed3-48d6-bd44-c11c55a83ffc,Wellness,Yoga
inj_c22c0b70-fa12-49c7-b15e-6cfd80e23709,607037de-aa34-4b72-91a0-ebee3256f2f8,Wellness,Yoga
inj_17616518-b174-4ead-becf-d061141c8e20,907689da-f0c0-4781-bb20-f958f730d4fe,Wellness,Yoga
inj_0bac57a9-ee48-4b69-8251-528dafa06ef7,74bcb8f5-9631-48f6-9837-e94b83c90594,Wellness,Yoga
inj_0f8e3adf-e768-4b50-b79d-34aceddd635e,2227e897-490d-4e6d-b415-0b78f3db9abc,Wellness,Yoga
inj_054fc63f-6313-476f-a318-f22f7ac11ed2,e4eeca33-6c0e-446b-930e-fbac67251baf,Wellness,Yoga
inj_b7294fb7-4244-42b3-92a0-163c9c819f90,dcc0b624-4a4f-46e2-88fa-4ea972e9c282,Wellness,Yoga
inj_277be6ae-ddde-40c2-a791-024dc0e9e3cd,b31f113b-afdd-4355-b447-64da974445a1,Wellness,Yoga
inj_46bd990d-55cb-40af-a43a-3ed84caa1852,54dc4f21-5f3c-4192-a4fb-933719df5a54,Wellness,Yoga
inj_48910957-804b-427d-b2a7-6aad7645d33b,a33a4941-cb8c-4b0c-93ee-08ed95ce6693,Wellness,Yoga
inj_7bf00c5e-bdd8-468e-88a5-faf6cac8b085,4e1d9c44-53d8-4f66-8231-f4d483beb40b,Wellness,Yoga
inj_0d710863-c5ec-40eb-aa82-d04bbfd1ef36,68efc0d7-98a0-498c-9c75-2543c1e0879d,Wellness,Yoga
inj_9c3bc20d-9496-4eb3-a3b1-1332675376b9,02566141-6b8b-431a-be96-232fc318b69b,Wellness,Yoga
inj_6cfb3afd-d192-4cbb-9a5e-afa29f86ba64,3a95af1d-850b-4818-a379-f5d12f7a9181,Wellness,Yoga
inj_188bb9da-2bba-40ce-bbd9-71d04ebfd7c3,11e3a800-8996-45a3-856f-a73d49ddaa84,Wellness,Yoga
inj_11b16992-9bef-44a0-952b-2612d4afc904,244b376a-ed74-4dcc-85c1-f0a1a26a19ef,Wellness,Yoga
inj_09043b14-4a89-4f93-a279-aee48c887c2b,6600e210-ea7b-4568-b135-4ccb8403d3ac,Wellness,Yoga
inj_60ea4bde-e0b5-476b-a8fb-098a39db65d9,d2be4254-7fed-4376-833a-2ca93ebcad14,Wellness,Yoga
inj_6b846dd2-4602-4563-a2e5-b2e6e2c76653,eecf58ab-27a5-4cda-a068-d13130ba3c2d,Wellness,Yoga
inj_6e365754-6898-405f-9e5d-aa7876f78b11,30a57139-8c8a-4cb7-b9da-26a48fbc8ab1,Wellness,Yoga
inj_36f840aa-95f2-4f62-80fe-b7fd2afc88ef,3e9abcf9-9065-447f-b151-415b34599e5d,Wellness,Yoga
inj_21ec052c-bc3c-489f-bfbf-e397fe64a90b,30627a78-b7a4-47e9-8a37-c9540bcdb94d,Wellness,Yoga
inj_be5342c4-a693-4cb6-90d6-47fec0aa10de,82058d0f-2731-46e5-8511-184878437f8e,Wellness,Yoga
inj_94ba7f42-7130-4bfb-85ef-9966ba741c76,ce6b1187-f07d-4be6-8974-5f2f07292b6a,Wellness,Yoga
inj_5e0e6329-d084-4137-9021-184eb68e36a1,c2e3004c-02c6-4c4f-a4ee-ed2eba95b192,Wellness,Yoga
inj_14a9dcb9-ae03-4dea-94c3-63d6ed6de156,eab03506-cdaa-498a-ab15-cf3525ad6032,Wellness,Yoga
inj_ee267e57-48cc-46ac-ac22-34207984181e,555f67ff-06ea-4f5b-a740-42521c87e538,Wellness,Yoga
inj_f17565d4-d075-4f85-a757-e46f059dac9e,0ccde19e-d62c-4c13-a5ef-5fd265a090ea,Wellness,Yoga
inj_3388edfa-ff0a-4485-b38a-ad4209b83479,07c08a95-b20e-4c0c-a920-c478180d67f3,Wellness,Yoga
inj_b3bb6823-ce83-433a-b5cc-3ca4c9d4940c,2704331f-9fd8-4cff-a117-836c0d78fd3c,Wellness,Yoga
inj_b2b23704-b1b2-43eb-b0e8-844dae52d12c,fc568017-35d5-4e6a-a842-e4343d1cf008,Wellness,Yoga
inj_84adecc2-cd30-4f8c-a209-08b607b8b470,4b5f52f1-9647-4b96-89ac-08676aab1999,Wellness,Yoga
inj_30398c33-a539-42c7-b8c5-bcb6226bf496,62ed2ab1-dbcb-4c58-9a45-1c0b7abc0e02,Wellness,Yoga
inj_208dcfba-f7b2-4024-aff0-066b6c3685fb,05772823-69a7-45c9-bd3a-beca07d3a481,Wellness,Yoga
inj_c79e6ce1-32a2-45ce-8ebd-20e3693afab4,0345bcfa-cc1d-4786-8c26-d52992b03849,Wellness,Yoga
inj_45703832-9de6-41f3-bce7-f892407428db,d7eeceb9-64ef-482e-8bc9-2b14bd4081f7,Wellness,Yoga
inj_bc25feee-9a1e-419a-9f63-dbb88077e198,c36f0ef4-9639-4852-a94b-849c94e30893,Wellness,Yoga
inj_7ea0faa1-3d5d-43a9-817a-52865b6838de,c6c0c2b8-8ce4-4ea7-9f10-2410eb7bd26e,Wellness,Yoga
inj_d54bf0cc-a637-4d22-b5d3-03534cfa1262,407a033d-f54e-4319-acc7-03055947d012,Wellness,Yoga
inj_451012c2-a4df-4769-867e-a3c839a0837a,e100e16d-8092-4960-8a41-ee2bb2ccbb60,Wellness,Yoga
inj_8497956d-c910-4e8e-a440-24e99b6709b8,189d3a9d-4aef-43b3-b840-7e6f23e3cdd2,Wellness,Yoga
inj_464a33be-ec14-4e2e-ae26-a1b44f921c3c,8ef9e2f1-7683-4600-9479-5631b5df573d,Wellness,Yoga
inj_26dfd4b3-8020-4d74-b1df-c8d6eb605592,2903ab25-fa9b-4ed8-890a-535849ce5cb9,Wellness,Yoga
inj_0b09b60e-e6bf-4065-85bc-d01d8d1932d5,beba6d77-2746-44cb-9115-442af30be195,Wellness,Yoga
inj_53d0168c-ea74-4ba1-9346-c282d1b4cbe4,d22e37f4-f7e6-4fdb-94a4-43662f53b188,Wellness,Yoga
inj_b35997fa-caea-456a-98f1-971044d433ba,688a6926-1880-4b54-a5f1-dd81b782c79f,Wellness,Yoga
inj_264ad7e3-850f-4886-bbbe-01f3af4727f9,f2efb22a-0ef8-4da1-bebb-dfccca4ea79d,Wellness,Yoga
inj_0adfc7f3-9ae4-488e-83c4-13ddd13cc487,a9e78d99-7593-41db-bde5-35ec8df458a0,Wellness,Yoga
inj_97782980-d151-4968-895e-c881ff9e02d9,26ddec8f-b792-4c44-b5e0-1f6b4db6a668,Wellness,Yoga
inj_5dcaad16-1e44-4433-96f4-95cb0e9775b1,89ac739c-0249-40ff-a3f8-209f78a681b1,Wellness,Yoga
inj_3ba04a3c-e705-4973-bd9d-bdd6c56ac2c3,cd7d18b6-31b2-4362-81e8-fb6a08ea6745,Wellness,Yoga
inj_9f033e47-332b-473d-86ff-c5924ec934ad,16e43025-10f1-42e6-9793-e0e2f333d79c,Wellness,Yoga
inj_7598f5ee-b35d-4f95-aa7c-59a166654984,0bb41e3b-7359-424f-b644-945ecc019b7e,Wellness,Yoga
inj_22ac3f45-3f0b-4788-8432-40ed5b08178a,805c1ee8-d582-4aff-af64-35e837af444d,Wellness,Yoga
inj_8590bbf8-ab5f-4412-a008-f1a6753c5ab3,71774d31-5012-49e0-a968-230c56573c5b,Wellness,Yoga
inj_e1188f0d-f84d-41c8-97d6-b754a70afdbf,404da108-b23e-49d4-b688-ef6cd27efdb1,Wellness,Yoga
inj_ba2396e8-6739-480c-af84-bc6c64edd4a5,453f42c0-c359-449d-bd34-f7b704f775f2,Wellness,Yoga
inj_0bd691aa-ae6b-461f-a273-e530b124dc1e,0cbf2c03-c632-4ff5-ae37-e46ea7a2be7c,Wellness,Yoga
inj_60710097-0272-4026-af1e-3d046236765e,8f04dc00-46df-4c2a-a801-d3060f7a275b,Wellness,Yoga
inj_fe85e17d-da6a-4d99-a2c4-00f7f84a11b5,72ea8d86-176c-4b42-b9fe-17aa98fc794d,Wellness,Yoga
inj_699afeeb-535f-4f6c-8418-a49242ba038b,7c12c518-6ee5-408a-971a-11487f1d3245,Wellness,Yoga
inj_61874f6a-c098-4613-bdcc-ba8858516a69,28cc7203-d6f6-4804-84c9-b1b6cc9dafc8,Wellness,Yoga
inj_197364ec-0c20-403d-8184-3dbc2c4e2569,ba7dc998-391b-42ef-87e8-e7baa4aaa22a,Wellness,Yoga
inj_7e9e2aac-d453-4428-8f68-2b24f37ee445,8b82192d-a8ac-47b0-8255-94461330dc44,Wellness,Yoga
inj_dbd03e08-c219-4206-b133-8bf982df3f97,27ca132e-76a8-4dc5-ace2-31ed889c0dfb,Wellness,Yoga
inj_c8f565f3-a516-4a46-881a-9adacb9190b5,255c9d24-930c-427f-acf3-9ff42dae890e,Wellness,Yoga
inj_89eca2e7-812e-418c-9179-3a6f87981090,57d12c08-e268-4923-a4d0-34d5939a18e0,Wellness,Yoga
inj_fd9e0def-1a9c-44c2-96d7-4bf32198b4a6,c32d3380-a6b3-416e-a283-8f7854443d50,Wellness,Yoga
inj_d3ccd503-023b-4921-a830-32917acb82bc,c843431a-f06e-4c15-8949-44873930894f,Wellness,Yoga
inj_fcc6c99d-366c-4f7c-9b18-72664fc5ee32,9df7a516-9b54-4461-9fb7-376f251c1cf3,Wellness,Yoga
inj_c65e7c4f-f249-4039-94b4-83fb617aa305,556ec505-4932-416e-b7d2-f79bce6db5f0,Wellness,Yoga
inj_380f86a2-117a-4165-aba2-adc25f2248e6,8e8a87d1-c3b8-44e7-8867-e2692e02f190,Wellness,Yoga
inj_40be6463-0cb6-4188-855f-8cb6f6f52971,3a9e2de6-fde8-4940-8ea5-adfe7377ac87,Wellness,Yoga
inj_fc2af80b-8663-4755-b1fc-7a1f2a9cc20f,a1324167-56ea-41a4-9a19-053bdb057d12,Wellness,Yoga
inj_ea783aa8-8400-4023-bfc1-21e68bb3f03b,67361d60-6e28-47b1-898f-8121f4a432dc,Wellness,Yoga
inj_0b13893c-f8ad-47e3-945b-999a64564aa4,0a1b2bd4-a0b5-4294-a5b3-1f525f325114,Wellness,Yoga
inj_f864ad18-a05a-4ef3-9776-71e1f144504e,5422a619-8c00-48c8-a635-df3fbe100373,Wellness,Yoga
inj_c2f0361f-d1d8-485e-82cd-1b169951067d,608ac43e-ed0b-4f70-bbc4-3246df894656,Wellness,Yoga
inj_5df02e4b-3f7c-4926-ada7-d0d937d64798,3bf4f128-796c-4fd0-a2e7-42d0dbbef475,Wellness,Yoga
inj_ef552947-1e58-485f-a2bb-19b948719956,c382a45a-acd9-497d-bfe5-1d12336590c8,Wellness,Yoga
inj_16d4e1e8-11ee-439c-a7f2-1b0981e88036,3b5b26a3-da2f-4d97-8d86-0a05da881084,Wellness,Yoga
inj_875339d3-9058-4ff9-9851-39fefaa38bf9,01642303-43b9-4565-b1ea-cff93eb2b335,Wellness,Yoga
inj_9e28cef1-6261-4e4d-9d91-aa834a420f71,1e6a6ae6-b9f4-481a-b3ab-f3984984d2ae,Wellness,Yoga
inj_50d33490-7ae5-418a-be38-c99a030df6ba,388b3e25-9421-4fe7-8eb2-8b2025274a39,Wellness,Yoga
inj_07934730-c029-449a-aad5-2aaf15719d6c,126d7c06-4a0d-49bf-9919-0809c49d5d93,Wellness,Yoga
inj_516ebfdf-7ade-4b39-a0fe-287287435aa4,f3a39504-8527-4542-a22c-fef10550dcb4,Wellness,Yoga
inj_86675680-a706-4be9-814f-927e6a4a812d,ca743936-b8a9-4592-a351-b1b7c6578ac6,Wellness,Yoga
inj_da857225-2957-4dc1-a0bc-f95365ac3fa4,95688b04-5fd5-4d61-a2bd-01918914565d,Wellness,Yoga
inj_bae93404-f24c-421a-a452-5dab40c9015a,af0b011e-97a6-4828-8541-f7f292d725b7,Wellness,Meditation
inj_e8ddee6d-ee02-4c08-8eba-e429886fb586,629a4a42-e94f-4cfd-9dad-9d766c82fd62,Wellness,Meditation
inj_e47b7956-8d88-4db9-a14e-aac57db32abc,ca0b39d8-bd83-41a0-bf9c-c83600f25c04,Wellness,Meditation
inj_edaeaeb5-f36c-437b-a2f2-722bda6c185d,455148b5-f388-484c-9b96-4319bd188557,Wellness,Meditation
inj_e39dca36-06b6-47c1-88cd-9f840e11d30a,4d095139-c79e-446f-a51a-fb527b8e57da,Wellness,Meditation
inj_18518755-f803-4fbf-931f-782c381aff70,fa10f759-b498-4b2a-80e6-52b1e2dee109,Wellness,Meditation
inj_3be41059-709a-4aae-93d7-9d5021425448,6e0a2da3-f49c-4be0-ab34-5320a3cc74b1,Wellness,Meditation
inj_7107c898-ecd1-4af9-b425-44e709c06a31,7a6cc43f-f920-4a1d-9e6f-eb4bdd354a9d,Wellness,Meditation
inj_14595608-5f83-4d13-9a6c-83ee0724f254,c843431a-f06e-4c15-8949-44873930894f,Wellness,Meditation
inj_aabda1ab-f97a-4d87-b2d7-03fada96a506,65dfd72c-113b-42d6-90f1-7f0b1099949f,Wellness,Meditation
inj_12100272-3fa0-4324-898b-91fd8b1429cb,2340712b-6ff2-419f-8a99-01f4057ee136,Wellness,Meditation
inj_4f1868c2-f74b-47ac-b2a8-deae55655561,d031584a-fe0e-40fb-83a6-3df2d3aaa4fb,Wellness,Meditation
inj_b4ef498f-7a71-478c-9d27-28dc3680336c,dc222915-fcac-464c-8a37-5b7d289fec0c,Wellness,Meditation
inj_8a606747-d47d-4a46-b657-80a704e52d28,2c9141a5-059e-4c4a-9e45-16fcb8dd75f2,Wellness,Meditation
inj_1d87718b-bc0e-4229-9273-9b34d7e11e3a,8194f57a-0884-4f34-89e8-a285644d8cf9,Wellness,Meditation
inj_70663906-58bf-4a73-b669-0381e76abc87,2d9ccd02-9d29-4728-a3af-2bcc24ae7772,Wellness,Meditation
inj_2907f69a-d063-427c-a7f2-bf42dead6b0d,ad4687b9-9465-4075-bcba-2b1162a81e6e,Wellness,Meditation
inj_7d6d92b4-bdf9-4f0c-8d79-43802bb76f86,10b493ac-5c91-436e-98c1-57a0283dc589,Wellness,Meditation
inj_a68e3275-ca88-4edd-92cf-fcbcc9657840,c2fb786b-7820-47e5-b2f6-0f8138c74ce6,Wellness,Meditation
inj_9b56de98-1cc5-4b1c-84ff-72a9df48e7fc,db55f288-8523-45a2-be49-654f7abf1358,Wellness,Meditation
inj_69bb3627-a75e-43fd-95e7-298e7328140c,d95b3ae3-493c-43f8-b057-28f44f8c8e32,Wellness,Meditation
inj_814acc7b-68e5-479c-a684-5de210cbb104,63c7c62c-a2c8-4036-929a-d12e07067949,Wellness,Meditation
inj_022049f6-5247-4bfa-a759-f252fa76b57e,2f9b8cac-07a4-418a-97be-02e2693884e3,Wellness,Meditation
inj_54465749-62eb-49c9-a46c-51b7d197df6e,89a337cc-0cc7-4e98-86f8-93110c411e9f,Wellness,Meditation
inj_5f7cb14b-d555-454d-b04d-86b396925068,565628d3-5892-4f3e-bcd3-61600d3181e9,Wellness,Meditation
inj_6fbd347e-4bf7-462b-a6e8-b9d2791bb73a,79d0c8a5-cccb-4e2b-9b7f-5c1754b5a664,Wellness,Meditation
inj_f995e44c-1f27-4eb5-ae9a-0c36a3a96730,7bfe650c-c833-4b83-8f58-e7cc56f62046,Wellness,Meditation
inj_e495b3fe-3aed-4abc-b7c2-5be0a9b9ac13,743671cf-c14c-4475-9d2c-7a143fa51ef8,Wellness,Meditation
inj_69ca8874-96b6-48f0-b3be-b905889fc7d0,309eca59-e538-4576-8b88-90a8de6b20b2,Wellness,Meditation
inj_9a343302-61e1-44ba-8fcc-2e62ddfc0390,3292cb01-0f37-45fa-87c5-c4077a323754,Wellness,Meditation
inj_00fb4666-f45b-4597-91f8-3f3ab654c44a,38c71011-204f-4da3-999e-956ea8791977,Wellness,Meditation
inj_57d9e8d6-5734-4c7c-a1ff-4b59af205ca4,2e9b35a5-a02d-4149-aefc-0f8341536a57,Wellness,Meditation
inj_869ce30e-2500-4fa7-9fd5-f132aad8618a,fccf92cb-e227-485e-a399-d01d3dcc14e8,Wellness,Meditation
inj_8b73ddee-1a6d-46c7-bfe8-d048d4e414e2,380243e2-55c0-4d07-aead-10e610f710f8,Wellness,Meditation
inj_f1fe4649-57c4-42b7-8844-441d909e146d,524f2e0b-2bf3-4f93-9d7b-c8084b317610,Wellness,Meditation
inj_3bd70fd4-f152-4c40-9b61-1170d14a4d4d,5e360f2c-7b62-4891-b23a-7ca2a1cfceff,Wellness,Meditation
inj_fc5143ae-928b-4211-a8ab-9139b267fd63,709352a6-1fef-4e08-bdfe-deb08f3bae35,Wellness,Meditation
inj_3e1341bc-5c15-4946-b52d-dcb62a29a513,7243bad5-051a-4173-8fca-9e2aaedf5302,Wellness,Meditation
inj_db6f1080-1d09-4c3e-b38b-f5fa24edd358,b97d760c-08e1-4e81-8335-d9a57c1ab1a7,Wellness,Meditation
inj_da22ac86-204a-409e-bd0f-a924ab708f30,5bb4389f-a469-459e-8afe-14b348830d4d,Wellness,Meditation
inj_52cc0747-44e6-43cf-82b7-c2f11078e0c7,5f8a6ea4-f0a2-4b98-bbbc-3503bb1d120f,Wellness,Meditation
inj_ab3b9ce3-328b-4789-9709-518aab0b9efa,1df81b8d-32ee-4c9c-9120-2c842688ff43,Wellness,Meditation
inj_0d388a2d-29c2-416c-a371-8b3ba6776bd2,3109d7ee-9545-4dec-aeb3-c80296c275f1,Wellness,Meditation
inj_6634a4c7-346b-4e78-b4c2-ac16484f6240,7f91ada6-c58d-47bf-9f45-940282f6a292,Wellness,Meditation
inj_01bc6660-ec72-448e-b90f-fdcb93cc456c,5e65e17c-6ea3-4309-af4a-8d8c6e69ae4e,Wellness,Meditation
inj_ec4ae797-0395-4597-99f9-9d17d1d7d8e0,36c66176-2913-4faf-80df-7e4ca59c7ec5,Wellness,Meditation
inj_82ec494b-bdc2-4946-91c5-5576494708da,3ca4d255-f562-48fc-8829-62ea867c07d1,Wellness,Meditation
inj_f4341c90-a4c5-48d3-b35d-e404ebc4b4a6,8e8a87d1-c3b8-44e7-8867-e2692e02f190,Wellness,Meditation
inj_6904bf07-9a03-408e-88f5-48de0f101e0a,077c848e-21dd-4f42-9209-bb7bf309722c,Wellness,Meditation
inj_cbe3ebbe-f81c-401a-8d89-3890042d07a7,c9e04776-af47-4fe6-8dc9-65d596100bb8,Wellness,Meditation
inj_afec4bb8-22a2-4d84-9aa1-feb8a6147730,28b75718-dcc4-468d-a651-2520e2a56d65,Wellness,Meditation
inj_53bcd518-7186-4696-8184-ac72243b8128,8b46c6f2-19e2-430c-8b16-402437c43d55,Wellness,Meditation
inj_957bf8ca-1847-4d34-ac3d-e77107c4f97e,ef914cbb-52d6-43b3-aa9f-b6e772b62903,Wellness,Meditation
inj_870695f0-bd10-4bd4-9e7a-b801014b8bcc,eb7d240b-fcd8-4de1-9104-4505c85db54a,Wellness,Meditation
inj_22897bf6-462f-4f0d-aae2-8c148f6dcee9,048326c0-b939-471c-9a6f-f80369497a2b,Wellness,Meditation
inj_e3181405-ed26-4386-80a8-b9c4f27a8617,e256ce94-293a-497b-8e0b-a702a89e44d0,Wellness,Meditation
inj_d475ef49-88fe-4b58-ae60-010bff05781b,45b9d21a-2d20-4201-a60c-35a3f671b90a,Wellness,Meditation
inj_6c7e351d-5ded-422c-a0d9-ad8ed59dee90,d1ba4a3d-3f4d-4cc1-84cb-c1a152a0cbaa,Wellness,Meditation
inj_eacc7a6a-012c-44e3-81e7-ae6006ca5adf,13045a5e-2fd3-4785-ac1b-5461a6dbe715,Wellness,Meditation
inj_86a26c3e-8270-40b5-ade5-76ff8d314e1f,a129aee6-965b-468f-9f85-920f5a1dfd5b,Wellness,Meditation
inj_09cf6c7e-526f-4d0c-8fc4-50a8735c8f2b,0526a2c4-523c-4576-82d6-8390bb4195b0,Wellness,Meditation
inj_763796d8-1654-4dfc-8129-1304371551c0,b1f8517a-b869-4e06-8b12-2f92288a5109,Wellness,Meditation
inj_736fed81-232d-4c2a-8857-391f5abaf345,2b177450-699d-44b1-b572-0da4331c05eb,Wellness,Meditation
inj_611d7db6-0ce4-4126-a585-50c511fca878,9eb9950a-0bfd-4ea6-a60a-4cb469c044bd,Wellness,Meditation
inj_60e86d22-5caf-4cc3-adcd-255f36abf59f,6522c11f-1206-4ee3-827e-1e0484aa132c,Wellness,Meditation
inj_4320dc12-98c9-4d20-a29b-9879300ebab1,ad913f20-1366-41ba-a19d-53c56b7f3b43,Wellness,Meditation
inj_bae24b68-432b-4419-87f9-1d9633f2d793,9d9befad-6412-49c3-89d1-c0770bc27800,Wellness,Meditation
inj_8caea690-269d-4cb9-b78b-901a03d10f94,0be5c044-3228-4950-aeeb-275ac2ccba31,Wellness,Meditation
inj_b41bd383-af83-4174-8033-a2cee471ac8c,19b5b86e-e459-4ee5-9be3-1e07fd2ff7b6,Wellness,Meditation
inj_602d82c8-e1ad-46e2-b62d-08f1bf4b4c87,34301b6e-a517-4484-9730-0a61551f4f4c,Wellness,Meditation
inj_bfdff807-dfc4-4389-8235-c55494e470f5,df230bf4-dc6c-46e4-a62d-e895e3a1da6d,Wellness,Meditation
inj_6b44abb8-17f8-42ca-b5a1-33e012919924,eac0337c-0285-4b7b-85e2-4c0bf6db1dce,Wellness,Meditation
inj_5dc4fb69-3e50-40b8-a563-98c26dfac4cb,da392664-893e-468e-a696-2cde12ab2249,Wellness,Meditation
inj_c59bda5c-380b-428e-b880-9bc0eabfcd0b,2285f9a2-4005-4575-afa3-4626e87c2c6b,Wellness,Meditation
inj_b398dcab-3e0d-46b6-9a58-cc15e31c02c2,7bbb6837-e9d8-4460-8d72-d54a504895e2,Wellness,Meditation
inj_2bec281d-d454-411b-b4d5-c97b85480d23,f287783b-90e5-410f-8b3a-3a122129b7b8,Wellness,Meditation
inj_0ba3d80f-1c49-4eca-ab22-7d98b1ebe11d,633bfd40-4b6b-4030-9427-13303c15dc98,Wellness,Meditation
inj_2b6eb4ae-e8fd-4490-b726-b979c900341b,3d499e2f-dbdb-4a38-baf2-5d911d0adb2a,Wellness,Meditation
inj_a90bea33-f5b6-4b45-bc8f-957cda453254,2db0bb95-91e4-4b5e-99b7-cd1f8ab72983,Wellness,Meditation
inj_d3ac380c-4b1a-482e-9553-65bfad69a9cb,ebf2c94b-8c05-4f2e-bd2b-95eb54f88ced,Wellness,Meditation
inj_73c5fc53-423f-4f86-b220-21f6223a64d0,c69bf53d-4765-4217-9309-0fbcaccbfdca,Wellness,Meditation
inj_a701fa87-5ec4-4c35-be6c-24b998e51414,3ee8e075-960b-4bad-9285-a0b87422554b,Wellness,Meditation
inj_b29436b3-5999-46ac-9981-f9d87d849742,0a1b2bd4-a0b5-4294-a5b3-1f525f325114,Wellness,Meditation
inj_aeb8f4c6-fc0e-44c6-9512-6d894defc31e,51badf6d-e3f4-4516-b1e1-650c1487e93a,Wellness,Meditation
inj_3f9fcd02-d7a9-4a72-af88-2e759a825c0f,660bdff8-438a-4dbb-9767-1d99f1d165d5,Wellness,Meditation
inj_1d9f3d38-0556-407b-b965-f5f6fe32b4ba,d6b929f4-2852-4d6b-b816-2cf7812b7d4f,Wellness,Meditation
inj_af6d09fa-0aab-47a8-9bc0-521af6b1a0cd,7667da40-5c39-41f1-9697-07b379e1a049,Wellness,Meditation
inj_12d7da85-af35-454b-8e64-6421f8a250be,88d5c40e-3e96-4e48-a6e0-0de83da1ce75,Wellness,Meditation
inj_e69df561-9f4e-4b85-ac4f-97417d14d3d0,ec0b662c-4bbb-4eb0-af18-73222ea2992d,Wellness,Meditation
inj_b274abb6-d7e8-4bf3-afb6-c003244dbe67,ef55715e-9346-4ae0-a5be-96849a0ec020,Wellness,Meditation
inj_3da5e29d-5bba-444e-9ebc-bb7cfde07257,2266a0ca-1d55-4af3-984c-297ada1ae07c,Wellness,Meditation
inj_fc09464d-8186-4a82-8b7f-81b77d1f75f9,f9393eab-3e53-4fdb-b583-37524b0c6004,Wellness,Meditation
inj_235c5fd8-9f0a-4347-a3f8-68c92b7b4d06,dafbe5a4-f72d-4e5e-a39d-c594d0204109,Wellness,Meditation
inj_a84f3a7f-efa7-4227-86c5-98485cc0a774,532c2a8c-0662-447a-b806-10b30503a241,Wellness,Meditation
inj_a2dfaa78-c363-4dc6-8126-51d345303065,c59d7218-625c-4008-b959-57665a433f6b,Wellness,Meditation
inj_09e1f327-d45d-4ca6-9dfb-3e4c1f2f4ee6,52f85071-0b33-416a-88a0-4d89130353d4,Wellness,Meditation
inj_4ed0a9f7-7ccb-434e-ab4b-5c60408ed60f,4dd1701c-060e-446c-815d-bb496dbac2cf,Wellness,Meditation
inj_5ebbc7d0-e96b-429f-96fb-7ac34fdb961e,431c5776-506e-41cd-b6e9-fe6d6ea0796c,Wellness,Meditation
inj_39178730-71f3-4893-8fdb-e92a58674226,f02ed6a7-04dc-45fe-8348-e5452a206816,Wellness,Meditation
inj_c4ee31cd-acaf-46c2-b6ca-7d7029f7889f,c85c27ac-4ee2-412c-baae-ed53f43c2de2,Wellness,Meditation
