donor_id,similarity_score,matched_at,source_cluster,model_version
c07b6f10-0a74-4c9e-bb28-a0a69f8bd1d1,0.9999999617863867,2025-09-24T15:10:58.593065Z,3,v1-metrics-only
64658650-5d37-43db-90ea-04abd528aeee,0.9999999614686829,2025-09-24T15:10:58.593065Z,3,v1-metrics-only
f5bf843a-bb35-49f9-9bb0-ed1e4ae6bb7d,0.9999999599072805,2025-09-24T15:10:58.593065Z,3,v1-metrics-only
9cac4a37-d8b0-458b-8aad-b2598385d3e3,0.9999999592631299,2025-09-24T15:10:58.593065Z,3,v1-metrics-only
017dafb9-2614-4e69-a87d-4444a55e83c9,0.9999999587581692,2025-09-24T15:10:58.593065Z,3,v1-metrics-only
2714ce02-d9ad-4c76-b327-9b86362984f1,0.9999999585807466,2025-09-24T15:10:58.593065Z,3,v1-metrics-only
4ef45869-4153-4e60-85d9-f53563b14c2d,0.9999999582454796,2025-09-24T15:10:58.593065Z,3,v1-metrics-only
ad5e575d-6f07-4c9e-a45e-68ba7f35be0d,0.9999999580758115,2025-09-24T15:10:58.593065Z,3,v1-metrics-only
077c848e-21dd-4f42-9209-bb7bf309722c,0.9999999573970212,2025-09-24T15:10:58.593065Z,3,v1-metrics-only
eac0337c-0285-4b7b-85e2-4c0bf6db1dce,0.9999999573270526,2025-09-24T15:10:58.593065Z,3,v1-metrics-only
453f42c0-c359-449d-bd34-f7b704f775f2,0.9999999570605526,2025-09-24T15:10:58.593065Z,3,v1-metrics-only
5cdd19df-9a02-4034-866f-f61249e4f911,0.9999999563076782,2025-09-24T15:10:58.593065Z,3,v1-metrics-only
0f868f00-a2cc-44ac-a685-1b44c46d0644,0.9999999552925295,2025-09-24T15:10:58.593065Z,3,v1-metrics-only
eb87508b-f4b7-471c-a18d-013d8779f1a9,0.9999999544033668,2025-09-24T15:10:58.593065Z,3,v1-metrics-only
8b261ea0-c361-4193-8541-0b50268d2136,0.9999999541896282,2025-09-24T15:10:58.593065Z,3,v1-metrics-only
0cd47a3a-4503-45bb-802c-b111b43cb890,0.9999999538340277,2025-09-24T15:10:58.593065Z,3,v1-metrics-only
85cec75e-6d78-41b8-9ffd-de0be4afd8fa,0.9999999528334446,2025-09-24T15:10:58.593065Z,3,v1-metrics-only
5151e715-226a-45f6-99cf-6ef6fe3b2dbc,0.9999999526639076,2025-09-24T15:10:58.593065Z,3,v1-metrics-only
74bcb8f5-9631-48f6-9837-e94b83c90594,0.9999999526185106,2025-09-24T15:10:58.593065Z,3,v1-metrics-only
6807ee2f-e481-475d-9e34-7a940a273fa4,0.9999999525319689,2025-09-24T15:10:58.593065Z,3,v1-metrics-only
082ff939-d3a4-4410-b531-56ee76bdf63c,0.9999999520290952,2025-09-24T15:10:58.593065Z,3,v1-metrics-only
c8cff5a9-b882-4a19-8f8b-aadf5286496b,0.9999999515152138,2025-09-24T15:10:58.593065Z,3,v1-metrics-only
aefd6b1e-55bf-4eaf-a289-daaa87706670,0.9999999510718985,2025-09-24T15:10:58.593065Z,3,v1-metrics-only
71e79106-87b1-49b9-8735-78e565a3520f,0.9999999509357087,2025-09-24T15:10:58.593065Z,3,v1-metrics-only
604dc94b-2c0d-4310-a30b-26a06f8e7bab,0.999999949840456,2025-09-24T15:10:58.593065Z,3,v1-metrics-only
e1270a63-46e8-4e6c-89d0-b0658a875af5,0.9999999494446542,2025-09-24T15:10:58.593065Z,3,v1-metrics-only
996c3bf5-0985-4cf2-a122-a2cddc621774,0.9999999489351803,2025-09-24T15:10:58.593065Z,3,v1-metrics-only
14895d8c-588d-48b0-b438-1fd4d8ca5a55,0.9999999488180898,2025-09-24T15:10:58.593065Z,3,v1-metrics-only
721d044b-385b-4fd3-badb-14b4d016aaf9,0.9999999485927408,2025-09-24T15:10:58.593065Z,3,v1-metrics-only
70e4a70d-9c73-4cd1-8bb9-88217c4b214e,0.9999999480702422,2025-09-24T15:10:58.593065Z,3,v1-metrics-only
5a6af3e9-c8bf-4b65-b599-3b3f4e2791e8,0.9999999477862364,2025-09-24T15:10:58.593065Z,3,v1-metrics-only
8e4da1bc-5b6d-4e27-b867-6405bafa1a6a,0.9999999476075968,2025-09-24T15:10:58.593065Z,3,v1-metrics-only
a77c6909-50e7-4309-bfd6-103f5b5e7fd0,0.9999999471252611,2025-09-24T15:10:58.593065Z,3,v1-metrics-only
f0e70f75-05b8-4d51-a524-5391e78d8445,0.999999946942138,2025-09-24T15:10:58.593065Z,3,v1-metrics-only
05d13956-e1a5-4ff8-9204-2af2f626d2e7,0.9999999466828707,2025-09-24T15:10:58.593065Z,3,v1-metrics-only
309eca59-e538-4576-8b88-90a8de6b20b2,0.9999999454335103,2025-09-24T15:10:58.593065Z,3,v1-metrics-only
6c1b7af1-d7c8-480e-9e0d-7a7c4e37c62e,0.9999999454170712,2025-09-24T15:10:58.593065Z,3,v1-metrics-only
48a211bd-0cad-48b3-9571-d400234457cf,0.9999999449709092,2025-09-24T15:10:58.593065Z,3,v1-metrics-only
c821bbf2-c10e-470f-a7aa-f1f69b2e3a7c,0.9999999449102522,2025-09-24T15:10:58.593065Z,3,v1-metrics-only
c6fd010e-42bf-4835-9651-d52379fc9ffe,0.999999944605542,2025-09-24T15:10:58.593065Z,3,v1-metrics-only
a0a22061-b48a-4383-83f4-540792c88a60,0.9999999442936937,2025-09-24T15:10:58.593065Z,3,v1-metrics-only
a1324167-56ea-41a4-9a19-053bdb057d12,0.9999999441968154,2025-09-24T15:10:58.593065Z,3,v1-metrics-only
bb474d83-e0bf-4b9d-8be1-a581e6a4b6ec,0.9999999439158718,2025-09-24T15:10:58.593065Z,3,v1-metrics-only
6994e448-67f5-4eae-8eaf-ad58dc3400d5,0.9999999432143274,2025-09-24T15:10:58.593065Z,3,v1-metrics-only
024e3509-a54b-49b7-a351-3dc54163aa52,0.9999999420047166,2025-09-24T15:10:58.593065Z,3,v1-metrics-only
18982ba5-26b5-4a7b-a589-18d90a80c9b6,0.9999999393470395,2025-09-24T15:10:58.593065Z,3,v1-metrics-only
c00c535b-18c1-40e9-a77d-7328adedd9e9,0.9999999393168053,2025-09-24T15:10:58.593065Z,3,v1-metrics-only
8194f57a-0884-4f34-89e8-a285644d8cf9,0.999999929164373,2025-09-24T15:10:58.593065Z,3,v1-metrics-only
c46770fa-5748-4e2a-bd83-c325ed7000aa,0.9999999289569907,2025-09-24T15:10:58.593065Z,3,v1-metrics-only
7743f1e2-785c-459a-b882-78f5dc9e7979,0.9999999274612965,2025-09-24T15:10:58.593065Z,3,v1-metrics-only
298b7709-cb1f-4587-bbf5-c3ff5b49d77e,0.9999999257735118,2025-09-24T15:10:58.593065Z,3,v1-metrics-only
bda8a225-e102-45b3-8e95-8ac1288f3d4a,0.9999999256046568,2025-09-24T15:10:58.593065Z,3,v1-metrics-only
159a4c36-ef09-4bdc-a5da-c099e220e152,0.9999999235167795,2025-09-24T15:10:58.593065Z,3,v1-metrics-only
ec7c6f18-5e97-4fb1-baa9-fec7bbfb696f,0.9999999227736209,2025-09-24T15:10:58.593065Z,3,v1-metrics-only
0cbf2c03-c632-4ff5-ae37-e46ea7a2be7c,0.9999999194196757,2025-09-24T15:10:58.593065Z,3,v1-metrics-only
a129aee6-965b-468f-9f85-920f5a1dfd5b,0.9999999161097128,2025-09-24T15:10:58.593065Z,3,v1-metrics-only
1c5b3091-2d0b-4727-82c4-c8020eb48431,0.9999999158381485,2025-09-24T15:10:58.593065Z,3,v1-metrics-only
4666405a-fe75-4c62-9a20-b17f3718b7a5,0.9999999144725918,2025-09-24T15:10:58.593065Z,3,v1-metrics-only
b1699772-2c7f-43ad-a043-9f8582432dca,0.9999999046964244,2025-09-24T15:10:58.593065Z,3,v1-metrics-only
0609ae86-5c1f-41fd-acb5-2ddcd9efd0e1,0.9999998996981364,2025-09-24T15:10:58.593065Z,3,v1-metrics-only
9cf3ed5b-f19a-48c1-b660-4a26f38ed72e,0.9999998977983492,2025-09-24T15:10:58.593065Z,3,v1-metrics-only
f7f3997f-dd96-4f4c-9c8e-7e8895b313ef,0.9999998964739273,2025-09-24T15:10:58.593065Z,3,v1-metrics-only
c6c0c2b8-8ce4-4ea7-9f10-2410eb7bd26e,0.9999998963505615,2025-09-24T15:10:58.593065Z,3,v1-metrics-only
e9ad1911-62f8-4c6d-b8d6-c135e8f1d75a,0.9999998927392543,2025-09-24T15:10:58.593065Z,3,v1-metrics-only
78d798ae-5fc8-4bad-a4a1-80e47835ec09,0.9999998864600887,2025-09-24T15:10:58.593065Z,3,v1-metrics-only
ace75e42-e95b-4beb-9c5b-562d134c9309,0.9999998827403243,2025-09-24T15:10:58.593065Z,3,v1-metrics-only
1207e494-171a-43c8-ab47-25e2a7c147b8,0.9999998247299906,2025-09-24T15:10:58.593065Z,3,v1-metrics-only
294d3756-5571-4a92-8bdf-94f3678d862c,0.9999998107075502,2025-09-24T15:10:58.593065Z,3,v1-metrics-only
ab4fa334-9949-4f77-af06-2abe1fd4dc34,0.9999998098000058,2025-09-24T15:10:58.593065Z,3,v1-metrics-only
3d2c44fe-4d3c-49ce-8474-b55b87d31a55,0.9999997759618224,2025-09-24T15:10:58.593065Z,3,v1-metrics-only
e142d90a-f7f1-4930-a795-29f67c58c6d8,0.9999997753000476,2025-09-24T15:10:58.593065Z,3,v1-metrics-only
ebebbe6e-2fd4-4972-9d08-c0c387286725,0.9999997743243819,2025-09-24T15:10:58.593065Z,3,v1-metrics-only
4b4f894c-905d-41e7-878b-1a9e84237dc9,0.9999997743060045,2025-09-24T15:10:58.593065Z,3,v1-metrics-only
d9d52c4b-546c-4ae7-95d5-112d3cd0e401,0.999999773549424,2025-09-24T15:10:58.593065Z,3,v1-metrics-only
67dbf18a-fc63-46b2-853c-8ef32f603305,0.9999997734614446,2025-09-24T15:10:58.593065Z,3,v1-metrics-only
4e1d9c44-53d8-4f66-8231-f4d483beb40b,0.9999997729994363,2025-09-24T15:10:58.593065Z,3,v1-metrics-only
786ffa59-f8e2-4497-aecc-0a520daf30fb,0.9999997724673028,2025-09-24T15:10:58.593065Z,3,v1-metrics-only
6f1b4cd3-b9d7-43e7-92ff-5667b28da6f3,0.999999771856607,2025-09-24T15:10:58.593065Z,3,v1-metrics-only
642e1fd5-523b-4ed1-8d60-05cb21eb580f,0.9999997718431051,2025-09-24T15:10:58.593065Z,3,v1-metrics-only
00cba771-fb33-4590-a41e-b4140ec0c527,0.9999997717259106,2025-09-24T15:10:58.593065Z,3,v1-metrics-only
ac7322df-4b47-4af3-ab37-7b304310ab48,0.999999771625002,2025-09-24T15:10:58.593065Z,3,v1-metrics-only
805c1ee8-d582-4aff-af64-35e837af444d,0.9999997715272907,2025-09-24T15:10:58.593065Z,3,v1-metrics-only
2bab1007-ad4b-4ae7-83b1-5d4cab2460d0,0.9999997715157956,2025-09-24T15:10:58.593065Z,3,v1-metrics-only
fe61ad2d-1e45-4257-b8a2-82f3c064fd4f,0.9999997715104235,2025-09-24T15:10:58.593065Z,3,v1-metrics-only
19c49bbc-c908-44cc-bff7-b389cc883a4a,0.9999997714960103,2025-09-24T15:10:58.593065Z,3,v1-metrics-only
da889cb8-2fc0-46c5-823a-041505807704,0.9999997714449792,2025-09-24T15:10:58.593065Z,3,v1-metrics-only
2728c27d-cbf1-44ca-bf92-b64c1d18f4fa,0.9999997713479342,2025-09-24T15:10:58.593065Z,3,v1-metrics-only
f20cb430-3f58-4a77-9a60-a01433f4ebd9,0.9999997708734828,2025-09-24T15:10:58.593065Z,3,v1-metrics-only
a3d97332-f6ca-4aa1-a023-118bb35e74ff,0.9999997707183979,2025-09-24T15:10:58.593065Z,3,v1-metrics-only
f4857e78-ad41-427f-ac62-e03e90988960,0.9999997705882773,2025-09-24T15:10:58.593065Z,3,v1-metrics-only
4dcb45f5-74e1-4500-8278-c24eabb9bffe,0.9999997703111358,2025-09-24T15:10:58.593065Z,3,v1-metrics-only
ecd9df79-22a9-416c-a3b7-5a207ccb2e4f,0.9999997698335423,2025-09-24T15:10:58.593065Z,3,v1-metrics-only
ba58a0ff-6ef8-4870-8695-cfe007894213,0.9999997694986084,2025-09-24T15:10:58.593065Z,3,v1-metrics-only
2852573c-f4bc-4907-8202-b5be8a0ccedc,0.9999997687892378,2025-09-24T15:10:58.593065Z,3,v1-metrics-only
424dc1e0-1974-4a40-a055-6b375ee686bb,0.999999768305316,2025-09-24T15:10:58.593065Z,3,v1-metrics-only
6522c11f-1206-4ee3-827e-1e0484aa132c,0.9999997680848923,2025-09-24T15:10:58.593065Z,3,v1-metrics-only
265670dd-1041-4fdf-baa6-ed98ae563536,0.9999997679814127,2025-09-24T15:10:58.593065Z,3,v1-metrics-only
1b034431-e502-4c31-ba6a-1df051e09b3c,0.9999997677180512,2025-09-24T15:10:58.593065Z,3,v1-metrics-only
0b113918-d94f-40ee-b572-3b18a96579ce,0.999999767637436,2025-09-24T15:10:58.593065Z,3,v1-metrics-only
a11df6fd-7804-4c93-a133-245c99cacdf2,0.9999997676128735,2025-09-24T15:10:58.593065Z,3,v1-metrics-only
2c9141a5-059e-4c4a-9e45-16fcb8dd75f2,0.9999997676059704,2025-09-24T15:10:58.593065Z,3,v1-metrics-only
7ec1068d-cae3-42ef-9fb2-f48291f7eab0,0.9999997671079109,2025-09-24T15:10:58.593065Z,3,v1-metrics-only
8fa7df59-5f98-4cb4-8552-5f7ec3c70f13,0.9999997667267042,2025-09-24T15:10:58.593065Z,3,v1-metrics-only
c469624a-637b-410f-b10e-629a7022cd1a,0.99999976662437,2025-09-24T15:10:58.593065Z,3,v1-metrics-only
6f1fc422-e7fa-48c5-a643-3bf16adb6756,0.9999997663354606,2025-09-24T15:10:58.593065Z,3,v1-metrics-only
45765bdc-d12d-4a45-a2aa-f58644fd215e,0.9999997659827973,2025-09-24T15:10:58.593065Z,3,v1-metrics-only
e4ec6c8c-22bd-4b84-acf0-91723b9a3ba2,0.9999997656523073,2025-09-24T15:10:58.593065Z,3,v1-metrics-only
0c050158-6ab8-4a27-8793-e4e35c6dfe1c,0.9999997652832062,2025-09-24T15:10:58.593065Z,3,v1-metrics-only
c70a5850-749e-4aec-81b3-b3ecbfb9e920,0.9999997652618932,2025-09-24T15:10:58.593065Z,3,v1-metrics-only
93a0a9ef-70d6-43b8-bd43-15d1e06ab8ae,0.9999997650943525,2025-09-24T15:10:58.593065Z,3,v1-metrics-only
c672efb2-4938-40f7-8a3d-4e3c57da2858,0.9999997649081868,2025-09-24T15:10:58.593065Z,3,v1-metrics-only
23b0d32b-f83d-474b-8315-2f9935e246df,0.9999997647505587,2025-09-24T15:10:58.593065Z,3,v1-metrics-only
2a2b1a6e-c6f0-4894-b105-25387cf2aa8e,0.9999997644741909,2025-09-24T15:10:58.593065Z,3,v1-metrics-only
59a9c9c0-9076-46c5-ab43-ccd5c3c03cf9,0.9999997643778098,2025-09-24T15:10:58.593065Z,3,v1-metrics-only
d208a03f-b78c-495c-a604-35cc3068cc53,0.9999997640446933,2025-09-24T15:10:58.593065Z,3,v1-metrics-only
532c2a8c-0662-447a-b806-10b30503a241,0.9999997639138366,2025-09-24T15:10:58.593065Z,3,v1-metrics-only
3be3383b-990e-4677-bfa5-dab91f017c7a,0.9999997637683782,2025-09-24T15:10:58.593065Z,3,v1-metrics-only
78d4e9ff-bd52-4c83-bc8d-fdc6c9136e39,0.9999997637102374,2025-09-24T15:10:58.593065Z,3,v1-metrics-only
71a195b8-952b-4668-aec2-b25046f88a55,0.999999761646453,2025-09-24T15:10:58.593065Z,3,v1-metrics-only
0859aa9f-b527-4dda-ab22-2b9f935444e5,0.999999761258927,2025-09-24T15:10:58.593065Z,3,v1-metrics-only
1cefe0d9-ca0e-4a94-8a43-d6c097b1ee8b,0.9999997612214816,2025-09-24T15:10:58.593065Z,3,v1-metrics-only
5a3a608c-ef16-4de8-9db5-ecbcd7378b82,0.9999997603954092,2025-09-24T15:10:58.593065Z,3,v1-metrics-only
565628d3-5892-4f3e-bcd3-61600d3181e9,0.999999759224326,2025-09-24T15:10:58.593065Z,3,v1-metrics-only
4e2a50dd-c749-43be-b1a4-975c0338074d,0.9999997591860023,2025-09-24T15:10:58.593065Z,3,v1-metrics-only
7db846e1-dc74-42a8-939f-659f03572ef9,0.9999997590662951,2025-09-24T15:10:58.593065Z,3,v1-metrics-only
0f3d3a3c-32e4-418f-a401-f27ca3a29698,0.9999997590033474,2025-09-24T15:10:58.593065Z,3,v1-metrics-only
99ce1385-6ae1-4acc-ad15-354ff8a5d6f7,0.9999997573059876,2025-09-24T15:10:58.593065Z,3,v1-metrics-only
aee8cfca-87db-46d2-b391-e43201444ce6,0.9999997558633313,2025-09-24T15:10:58.593065Z,3,v1-metrics-only
26dbbfe8-00e7-41af-9db5-cba2a706e547,0.9999997552803817,2025-09-24T15:10:58.593065Z,3,v1-metrics-only
8bb50e64-319d-4ba4-a083-1ab8ab321e1a,0.9999997527057725,2025-09-24T15:10:58.593065Z,3,v1-metrics-only
d366719b-120d-4a9b-8bd9-9f95a8bace87,0.9999997522469006,2025-09-24T15:10:58.593065Z,3,v1-metrics-only
23f1dcc0-84bc-4d72-b5aa-ae44b79ae9c8,0.9999997514531177,2025-09-24T15:10:58.593065Z,3,v1-metrics-only
2250c4e5-bce0-49b0-b9cf-f4c86cb57e6b,0.999999750852053,2025-09-24T15:10:58.593065Z,3,v1-metrics-only
4ae0b32a-ee33-4e37-af5a-01f82dae9907,0.9999997508507147,2025-09-24T15:10:58.593065Z,3,v1-metrics-only
9eee1da5-4797-4384-8af0-6968d001e995,0.9999997462352787,2025-09-24T15:10:58.593065Z,3,v1-metrics-only
70e4afbe-e0fb-4e0d-9739-8f87aa81d4d8,0.9999997441473929,2025-09-24T15:10:58.593065Z,3,v1-metrics-only
450e5816-4a0c-49b2-a8d5-ffeabe1ac073,0.9999997429575335,2025-09-24T15:10:58.593065Z,3,v1-metrics-only
65885ed0-ea50-4ad4-95e6-3240fd6625e6,0.9999997426983865,2025-09-24T15:10:58.593065Z,3,v1-metrics-only
6b5560e1-2177-4e31-907d-94f9a9b9a4e2,0.9999997414730739,2025-09-24T15:10:58.593065Z,3,v1-metrics-only
214b2e5b-3cbb-48ce-bcdf-cc3e556ae671,0.9999997412234519,2025-09-24T15:10:58.593065Z,3,v1-metrics-only
e6fb5a7b-29d1-4c42-9116-9d7e3903ff1a,0.9999997399078482,2025-09-24T15:10:58.593065Z,3,v1-metrics-only
cec3e791-da31-4a9e-9247-9ce26f557c38,0.9999997392821335,2025-09-24T15:10:58.593065Z,3,v1-metrics-only
e358257b-4c64-4189-978a-867e6df10a9b,0.9999997290712137,2025-09-24T15:10:58.593065Z,3,v1-metrics-only
c7801749-d138-40e7-8599-d921fb78655e,0.999999728549022,2025-09-24T15:10:58.593065Z,3,v1-metrics-only
cc99978a-329c-4a17-bb42-7ec97b74a9cb,0.999999725103086,2025-09-24T15:10:58.593065Z,3,v1-metrics-only
1df81b8d-32ee-4c9c-9120-2c842688ff43,0.9999997225020538,2025-09-24T15:10:58.593065Z,3,v1-metrics-only
59bd81b3-8686-4d08-8c1f-0b6dd461c20b,0.9999997212303537,2025-09-24T15:10:58.593065Z,3,v1-metrics-only
bb312740-7110-4a53-a9db-1627e7ae05a7,0.9999997102025705,2025-09-24T15:10:58.593065Z,3,v1-metrics-only
756e8866-cb0a-44a8-81bc-f9ed445d29f2,0.9999997070328915,2025-09-24T15:10:58.593065Z,3,v1-metrics-only
88fe6610-12d2-48df-9172-0a27972789b0,0.9999997057663541,2025-09-24T15:10:58.593065Z,3,v1-metrics-only
3adf7f85-695e-4ad1-ad9f-d4189829e16f,0.9999997023536372,2025-09-24T15:10:58.593065Z,3,v1-metrics-only
ff178aeb-2b27-48a2-8702-26bfb37f008e,0.9999996913444454,2025-09-24T15:10:58.593065Z,3,v1-metrics-only
405975b3-353c-48f0-aa5e-78c05664b514,0.999999560924726,2025-09-24T15:10:58.593065Z,3,v1-metrics-only
bca47744-49a0-4af6-b27f-ab81366ff1dc,0.9999991766603303,2025-09-24T15:10:58.593065Z,3,v1-metrics-only
77d08491-a608-4a20-b1a5-41170b28e51b,0.9999991749928971,2025-09-24T15:10:58.593065Z,3,v1-metrics-only
656db031-4b53-4d6c-ab60-a008ad0e1b33,0.9999991748078286,2025-09-24T15:10:58.593065Z,3,v1-metrics-only
2f682037-a568-495a-b7a1-1ea3412c62f5,0.999999174176933,2025-09-24T15:10:58.593065Z,3,v1-metrics-only
0b2d4489-0c42-4a0c-8861-a46c9a6a0555,0.9999991741682449,2025-09-24T15:10:58.593065Z,3,v1-metrics-only
76d05281-0f52-4027-829f-74dfe9ddd5d8,0.9999991737849903,2025-09-24T15:10:58.593065Z,3,v1-metrics-only
3b7e1004-06b8-4423-88ba-a8c4341f5524,0.9999991737813142,2025-09-24T15:10:58.593065Z,3,v1-metrics-only
4f3bfcce-c376-4bcb-a8d2-be5c1f7742d7,0.999999173155574,2025-09-24T15:10:58.593065Z,3,v1-metrics-only
9fe54c1c-2904-4f31-9ad6-f24c2e1bb1f5,0.999999172875521,2025-09-24T15:10:58.593065Z,3,v1-metrics-only
c4495c78-e487-465d-aa86-f3e6036910e3,0.9999991728733456,2025-09-24T15:10:58.593065Z,3,v1-metrics-only
fd103237-eee6-47e2-af79-0220cfbf6c4b,0.9999991728015222,2025-09-24T15:10:58.593065Z,3,v1-metrics-only
2fe36831-ee59-43c7-a4ff-b947a9131830,0.9999991724574515,2025-09-24T15:10:58.593065Z,3,v1-metrics-only
05620726-05e5-446e-b6f7-2ab3ba04c8af,0.999999172281253,2025-09-24T15:10:58.593065Z,3,v1-metrics-only
e916d909-40f6-403d-bc9c-d4f9b8443f54,0.9999991722425701,2025-09-24T15:10:58.593065Z,3,v1-metrics-only
74dc02ef-56ca-4a05-a5a8-e5477bef7392,0.9999991722218309,2025-09-24T15:10:58.593065Z,3,v1-metrics-only
764c8faf-fd21-438e-91e4-a991a5f166a7,0.9999991722009565,2025-09-24T15:10:58.593065Z,3,v1-metrics-only
af561ef8-6e56-44b8-a0f2-06ddfdd5b406,0.999999172196699,2025-09-24T15:10:58.593065Z,3,v1-metrics-only
3b5b26a3-da2f-4d97-8d86-0a05da881084,0.9999991721034415,2025-09-24T15:10:58.593065Z,3,v1-metrics-only
0178e78b-ca2b-4c1d-8478-c54d654da361,0.9999991720257727,2025-09-24T15:10:58.593065Z,3,v1-metrics-only
22ae8943-4349-430d-9787-ca7ce2f117d5,0.9999991717817733,2025-09-24T15:10:58.593065Z,3,v1-metrics-only
1689a59c-95b3-457e-90d1-b5c3e196a11b,0.9999991717695532,2025-09-24T15:10:58.593065Z,3,v1-metrics-only
d806f6cd-c337-4326-9370-4ba1d064a6d0,0.9999991712937504,2025-09-24T15:10:58.593065Z,3,v1-metrics-only
a9e78d99-7593-41db-bde5-35ec8df458a0,0.9999991712133813,2025-09-24T15:10:58.593065Z,3,v1-metrics-only
7f077b11-b852-4830-9953-316816dfd2c5,0.9999991710651025,2025-09-24T15:10:58.593065Z,3,v1-metrics-only
bfc7f96a-0536-4a55-a800-ef0234e2bf4c,0.9999991710348485,2025-09-24T15:10:58.593065Z,3,v1-metrics-only
f9393eab-3e53-4fdb-b583-37524b0c6004,0.9999991706934463,2025-09-24T15:10:58.593065Z,3,v1-metrics-only
d5394ff9-076d-4f74-8a42-0755e2c4b0eb,0.9999991702192222,2025-09-24T15:10:58.593065Z,3,v1-metrics-only
ef4a5283-c71a-4937-9056-65c6cca2d956,0.9999991701848272,2025-09-24T15:10:58.593065Z,3,v1-metrics-only
6b020e8b-32f2-4b15-bb37-f7890ff19204,0.9999991698807846,2025-09-24T15:10:58.593065Z,3,v1-metrics-only
6a0680e3-a6e3-4b17-a2ef-201959e1d4ef,0.9999991697474526,2025-09-24T15:10:58.593065Z,3,v1-metrics-only
3988e327-1472-419a-b79a-2a712e2bbc66,0.999999169677798,2025-09-24T15:10:58.593065Z,3,v1-metrics-only
abcbb48f-b8a3-426f-8c5f-76efbc3829c0,0.9999991693844098,2025-09-24T15:10:58.593065Z,3,v1-metrics-only
3292cb01-0f37-45fa-87c5-c4077a323754,0.9999991691572192,2025-09-24T15:10:58.593065Z,3,v1-metrics-only
e58910f5-4b38-475b-b689-ae7b3bab459f,0.9999991688445999,2025-09-24T15:10:58.593065Z,3,v1-metrics-only
2d9a78c4-6526-4d43-b065-62614cdd999f,0.9999991682734456,2025-09-24T15:10:58.593065Z,3,v1-metrics-only
6015006c-88b1-437c-aad8-984340ececa5,0.9999991681615531,2025-09-24T15:10:58.593065Z,3,v1-metrics-only
4cc3bbbd-d1b7-4fe2-9271-e5e4aaa76f55,0.9999991680892709,2025-09-24T15:10:58.593065Z,3,v1-metrics-only
51bc23c5-e2f2-45ee-8541-33023c9c6b93,0.9999991680443705,2025-09-24T15:10:58.593065Z,3,v1-metrics-only
ede7e57a-a435-4906-8881-4003c2270200,0.9999991679142121,2025-09-24T15:10:58.593065Z,3,v1-metrics-only
afdaa779-7acf-4ab2-9f70-9acaab767b1a,0.9999991678897526,2025-09-24T15:10:58.593065Z,3,v1-metrics-only
450d44bc-f85c-49e9-8dbe-b45cc228af5e,0.9999991678742809,2025-09-24T15:10:58.593065Z,3,v1-metrics-only
86ecc685-b5e5-4708-8b41-717a89ee32f7,0.9999991677817408,2025-09-24T15:10:58.593065Z,3,v1-metrics-only
232eef46-7ac8-47bb-b24f-3e80b561c336,0.9999991677330513,2025-09-24T15:10:58.593065Z,3,v1-metrics-only
83001ffc-8384-426a-bbd0-0a70d63e2bba,0.9999991674458065,2025-09-24T15:10:58.593065Z,3,v1-metrics-only
2e9b35a5-a02d-4149-aefc-0f8341536a57,0.9999991672142374,2025-09-24T15:10:58.593065Z,3,v1-metrics-only
ca0b39d8-bd83-41a0-bf9c-c83600f25c04,0.9999991672064302,2025-09-24T15:10:58.593065Z,3,v1-metrics-only
3a9f0539-da30-4630-8247-b158b442c57f,0.9999991667999663,2025-09-24T15:10:58.593065Z,3,v1-metrics-only
ced3c56d-d218-4429-a50f-3cb41af028d6,0.9999991667350787,2025-09-24T15:10:58.593065Z,3,v1-metrics-only
26105b7f-5bec-480c-b842-12253e528c3f,0.9999991664944704,2025-09-24T15:10:58.593065Z,3,v1-metrics-only
de451338-83d6-4ac6-ba42-c64c69efe4c9,0.9999991663361922,2025-09-24T15:10:58.593065Z,3,v1-metrics-only
d9e81833-81b5-4147-8495-d0c579e6ea1c,0.9999991659346207,2025-09-24T15:10:58.593065Z,3,v1-metrics-only
bd0fa4bd-f1fb-47a4-ba95-a5c46309e613,0.9999991658985069,2025-09-24T15:10:58.593065Z,3,v1-metrics-only
11395d9d-ccf8-4f27-86c3-460e7db0e446,0.9999991653401635,2025-09-24T15:10:58.593065Z,3,v1-metrics-only
e197d2ce-b409-4f7d-a30b-ac64189c5e5e,0.9999991649023321,2025-09-24T15:10:58.593065Z,3,v1-metrics-only
724b0662-be32-4adf-b63e-6d0a69fa3e3b,0.9999991643238257,2025-09-24T15:10:58.593065Z,3,v1-metrics-only
2bdf7d6d-dee1-4e06-b23c-e3f75fee32f5,0.9999991643215417,2025-09-24T15:10:58.593065Z,3,v1-metrics-only
a3e86fef-69e6-498b-b035-2ba04d12537e,0.9999991639603248,2025-09-24T15:10:58.593065Z,3,v1-metrics-only
6329aed8-1ab9-4f1b-bc8c-a1659190fe6d,0.999999163616201,2025-09-24T15:10:58.593065Z,3,v1-metrics-only
f598296f-5282-4087-bc59-9858ea4452f8,0.999999162469217,2025-09-24T15:10:58.593065Z,3,v1-metrics-only
403bef93-c3fc-4e95-b39e-96bac13fb948,0.9999991618175887,2025-09-24T15:10:58.593065Z,3,v1-metrics-only
7e9af4a6-f30b-4bd6-ae2d-27db3b567488,0.9999991616409345,2025-09-24T15:10:58.593065Z,3,v1-metrics-only
92a42e42-8ed9-4e46-9ef4-09f9d7059faa,0.9999991609682407,2025-09-24T15:10:58.593065Z,3,v1-metrics-only
255c9d24-930c-427f-acf3-9ff42dae890e,0.9999991607958293,2025-09-24T15:10:58.593065Z,3,v1-metrics-only
64c75673-577f-4a4e-b5e5-6ad274e0b3db,0.9999991601266575,2025-09-24T15:10:58.593065Z,3,v1-metrics-only
067c7536-bbb2-4aa7-9b5f-7d50dc620a50,0.9999991598226515,2025-09-24T15:10:58.593065Z,3,v1-metrics-only
9d167ecc-900a-41b2-9dd5-1983f09ed4e2,0.999999159663003,2025-09-24T15:10:58.593065Z,3,v1-metrics-only
388b3e25-9421-4fe7-8eb2-8b2025274a39,0.9999991596314369,2025-09-24T15:10:58.593065Z,3,v1-metrics-only
b8f32d65-6eec-48b2-ab12-70dba39c32a4,0.9999991590286371,2025-09-24T15:10:58.593065Z,3,v1-metrics-only
cba45ba3-72a6-4c86-ad93-6d225f4700aa,0.9999991565791582,2025-09-24T15:10:58.593065Z,3,v1-metrics-only
2538308f-40a1-4989-951b-bb72f5b24ab9,0.9999991549419532,2025-09-24T15:10:58.593065Z,3,v1-metrics-only
c175cc75-0e0d-4ed5-9b38-9b9b1bfec567,0.9999991538242069,2025-09-24T15:10:58.593065Z,3,v1-metrics-only
d711cd5a-8762-4048-8c3e-e8ca94adbbe0,0.9999991534239977,2025-09-24T15:10:58.593065Z,3,v1-metrics-only
0641295b-ce22-4d25-bd22-235a9c19808a,0.9999991524315666,2025-09-24T15:10:58.593065Z,3,v1-metrics-only
a4049c9c-5d45-458e-ba64-c75631f4baec,0.9999991516495379,2025-09-24T15:10:58.593065Z,3,v1-metrics-only
a17ef7bc-5a00-4c01-be28-613b90a5e81d,0.9999991506943259,2025-09-24T15:10:58.593065Z,3,v1-metrics-only
b78d9ecf-aeb4-482f-a9fe-4c23b881c9f5,0.9999991497152112,2025-09-24T15:10:58.593065Z,3,v1-metrics-only
c2621d77-c50a-489e-8458-e08bd895e046,0.9999991492695035,2025-09-24T15:10:58.593065Z,3,v1-metrics-only
93e87cef-4d3e-4901-b6a8-4c29842becd1,0.9999991452678677,2025-09-24T15:10:58.593065Z,3,v1-metrics-only
13430e1d-25ef-422f-a98d-6fbe30614260,0.9999991444920374,2025-09-24T15:10:58.593065Z,3,v1-metrics-only
06071549-207d-45e2-8da3-8465615dcc08,0.9999991355339151,2025-09-24T15:10:58.593065Z,3,v1-metrics-only
e38b3e51-b215-431d-a6ae-7dd14c91717e,0.9999991354348444,2025-09-24T15:10:58.593065Z,3,v1-metrics-only
bdf4dee3-f13a-42cd-aa1a-fd27fb49e2ad,0.9999991324427933,2025-09-24T15:10:58.593065Z,3,v1-metrics-only
10ad5a48-bcf2-452a-8c9a-dd0f0e6afe72,0.999999126756536,2025-09-24T15:10:58.593065Z,3,v1-metrics-only
bf4763a1-bc6d-4a4f-9142-ebd70ca52418,0.9999991261845166,2025-09-24T15:10:58.593065Z,3,v1-metrics-only
f6ccd5df-76a0-4786-8d8f-426e0297d713,0.9999991218343078,2025-09-24T15:10:58.593065Z,3,v1-metrics-only
b33b4dec-5054-43c4-a991-f69f32442b93,0.9999991188127132,2025-09-24T15:10:58.593065Z,3,v1-metrics-only
68ece8ca-4d44-462c-ad1e-489b9b983d08,0.9999991125486594,2025-09-24T15:10:58.593065Z,3,v1-metrics-only
1554f24b-a147-4e4b-86aa-20b3329de300,0.9999990875249232,2025-09-24T15:10:58.593065Z,3,v1-metrics-only
6355eb46-7f5f-4e4c-bd98-505a14d9ff8a,0.9999987815999054,2025-09-24T15:10:58.593065Z,3,v1-metrics-only
ea442318-2bf4-4385-b3f0-795ef6d5d404,0.9999987813643836,2025-09-24T15:10:58.593065Z,3,v1-metrics-only
65dfd72c-113b-42d6-90f1-7f0b1099949f,0.9999987808890322,2025-09-24T15:10:58.593065Z,3,v1-metrics-only
9c902b10-3893-42ae-89b4-da4bc5d96a6e,0.999998780687073,2025-09-24T15:10:58.593065Z,3,v1-metrics-only
5403223d-ba31-4b88-bebd-cf22326ea238,0.9999987793005828,2025-09-24T15:10:58.593065Z,3,v1-metrics-only
9663dbe4-4d93-4258-b8ea-4dbb6128053e,0.9999987792413619,2025-09-24T15:10:58.593065Z,3,v1-metrics-only
16c300e7-5b18-4759-b3a6-e9cd6fc6c7ed,0.9999987784650026,2025-09-24T15:10:58.593065Z,3,v1-metrics-only
8993350b-dd5f-4dbc-bfe3-fc3c8ae1596d,0.9999987784102514,2025-09-24T15:10:58.593065Z,3,v1-metrics-only
aa367e60-17de-4ac3-82d0-743333d449fd,0.9999987778433408,2025-09-24T15:10:58.593065Z,3,v1-metrics-only
f41f4c35-8d4b-4ad8-8687-880fca1933e6,0.9999987778095346,2025-09-24T15:10:58.593065Z,3,v1-metrics-only
bd0b9362-ca1c-4565-af1c-b574adb9b006,0.9999987777624311,2025-09-24T15:10:58.593065Z,3,v1-metrics-only
d4a861c3-6a99-4dc8-a4c4-8b2462b73592,0.999998777733138,2025-09-24T15:10:58.593065Z,3,v1-metrics-only
17fba6ec-64f9-45e9-a1a2-c1d09b9cf99d,0.9999987774116028,2025-09-24T15:10:58.593065Z,3,v1-metrics-only
044b5b1b-62da-4416-aafe-25ea04e084d8,0.9999987770169206,2025-09-24T15:10:58.593065Z,3,v1-metrics-only
92cf1336-cd2e-4592-8c03-7c820cc41148,0.9999987768685088,2025-09-24T15:10:58.593065Z,3,v1-metrics-only
65b35da8-73c2-4302-8314-96621401ae8a,0.9999987766778773,2025-09-24T15:10:58.593065Z,3,v1-metrics-only
a9740197-7659-4b8f-9470-80a4608c3608,0.99999877564856,2025-09-24T15:10:58.593065Z,3,v1-metrics-only
d8bd8f04-f8ee-4301-9b73-89f5bca7dd64,0.9999987741129186,2025-09-24T15:10:58.593065Z,3,v1-metrics-only
4b62745f-79af-4d98-95c4-4ffb0e5d6766,0.9999987732723068,2025-09-24T15:10:58.593065Z,3,v1-metrics-only
702fd453-3f19-4d07-9511-2fd39eda8654,0.9999987732550164,2025-09-24T15:10:58.593065Z,3,v1-metrics-only
6421c5a3-431a-4987-9bf3-965132b32b1a,0.9999987727040327,2025-09-24T15:10:58.593065Z,3,v1-metrics-only
d1c646c0-3b46-4b62-9896-b4a193e0776d,0.9999987719084633,2025-09-24T15:10:58.593065Z,3,v1-metrics-only
8057511f-90a8-435a-bd6f-71ca429a1396,0.9999987718924527,2025-09-24T15:10:58.593065Z,3,v1-metrics-only
168d4986-f441-48f6-ab17-8d02e91a06ae,0.9999987705512722,2025-09-24T15:10:58.593065Z,3,v1-metrics-only
5e65e17c-6ea3-4309-af4a-8d8c6e69ae4e,0.9999987705038171,2025-09-24T15:10:58.593065Z,3,v1-metrics-only
f287783b-90e5-410f-8b3a-3a122129b7b8,0.9999987704933836,2025-09-24T15:10:58.593065Z,3,v1-metrics-only
0f2f6fd3-e4c0-4fab-baf3-2ea6f019c464,0.9999987703764146,2025-09-24T15:10:58.593065Z,3,v1-metrics-only
722fa3c2-b613-43e8-a0db-ff0030cfba64,0.9999987702527524,2025-09-24T15:10:58.593065Z,3,v1-metrics-only
58fc4771-353f-4a66-8985-5f2902f46321,0.9999987696218026,2025-09-24T15:10:58.593065Z,3,v1-metrics-only
98d30c9b-59c0-4434-aaa3-eb0d8ba8abce,0.9999987691625116,2025-09-24T15:10:58.593065Z,3,v1-metrics-only
af30e3c9-8591-46de-bf5e-e878ef34329e,0.9999987690955742,2025-09-24T15:10:58.593065Z,3,v1-metrics-only
07ba2820-2d0b-411c-9bc8-b02a8f3cbbf5,0.9999987689323269,2025-09-24T15:10:58.593065Z,3,v1-metrics-only
fea77886-b50b-438e-b24a-8be62172d203,0.9999987684562767,2025-09-24T15:10:58.593065Z,3,v1-metrics-only
3bf4f128-796c-4fd0-a2e7-42d0dbbef475,0.9999987681996167,2025-09-24T15:10:58.593065Z,3,v1-metrics-only
0199ebd2-5287-4cec-9f95-e93b7305a7a4,0.9999987672232017,2025-09-24T15:10:58.593065Z,3,v1-metrics-only
67a34fb7-f44e-4445-b9b5-3a84b3bef7eb,0.9999987668679753,2025-09-24T15:10:58.593065Z,3,v1-metrics-only
53355db8-8150-4243-82e3-697ab12aad63,0.9999987662410437,2025-09-24T15:10:58.593065Z,3,v1-metrics-only
44cb141f-df48-408e-ac9a-c5fdb66eb199,0.9999987661942525,2025-09-24T15:10:58.593065Z,3,v1-metrics-only
3af8f95e-ad1c-48a3-ae06-29c7e56ed572,0.999998765958475,2025-09-24T15:10:58.593065Z,3,v1-metrics-only
40c38096-68d3-4360-bb66-9658179bc97a,0.9999987658346857,2025-09-24T15:10:58.593065Z,3,v1-metrics-only
d59ea746-e298-403b-8b1c-11638364dc4d,0.9999987652606241,2025-09-24T15:10:58.593065Z,3,v1-metrics-only
ebf2c94b-8c05-4f2e-bd2b-95eb54f88ced,0.9999987646343785,2025-09-24T15:10:58.593065Z,3,v1-metrics-only
f5fa0f0d-8a02-45da-bc60-472b10c4acf2,0.999998762512181,2025-09-24T15:10:58.593065Z,3,v1-metrics-only
a95cc641-46af-4be5-ae63-b3603178b982,0.9999987621377456,2025-09-24T15:10:58.593065Z,3,v1-metrics-only
a6440173-87df-4ae2-bd97-a575293b710f,0.999998760598606,2025-09-24T15:10:58.593065Z,3,v1-metrics-only
c9e04776-af47-4fe6-8dc9-65d596100bb8,0.9999987602723583,2025-09-24T15:10:58.593065Z,3,v1-metrics-only
6faa814a-e5c5-4a3d-9e93-91b3fa954586,0.9999987600628727,2025-09-24T15:10:58.593065Z,3,v1-metrics-only
d8a1dc3a-af46-44a8-9e36-7b509f07c046,0.9999987593092893,2025-09-24T15:10:58.593065Z,3,v1-metrics-only
ce681af8-71cf-4abf-958b-95559c3889f1,0.9999987584774956,2025-09-24T15:10:58.593065Z,3,v1-metrics-only
0a8b47e6-a7f1-4850-a8fa-45e412f2a360,0.999998757377156,2025-09-24T15:10:58.593065Z,3,v1-metrics-only
9907f1d6-c905-420d-9e2e-24110d7ee7ef,0.9999987555991211,2025-09-24T15:10:58.593065Z,3,v1-metrics-only
09655322-124c-4513-8b6e-0b1f0060ea81,0.9999987530778185,2025-09-24T15:10:58.593065Z,3,v1-metrics-only
26882ccb-bb29-4670-87f3-12afbd161d8a,0.999998751591666,2025-09-24T15:10:58.593065Z,3,v1-metrics-only
9d804c3d-a4a4-4dea-940f-60c0d7b74419,0.9999987477684286,2025-09-24T15:10:58.593065Z,3,v1-metrics-only
0bc74695-ed15-448e-a064-740f3206d009,0.999998747369989,2025-09-24T15:10:58.593065Z,3,v1-metrics-only
1ca624e5-c0fa-4e94-aedb-5c74be4f79f0,0.9999987425390373,2025-09-24T15:10:58.593065Z,3,v1-metrics-only
78f11e9e-afc1-4a1c-9266-f3ee5e2d2933,0.9999987423458137,2025-09-24T15:10:58.593065Z,3,v1-metrics-only
907689da-f0c0-4781-bb20-f958f730d4fe,0.9999987413066614,2025-09-24T15:10:58.593065Z,3,v1-metrics-only
3b9b6e7e-a8ef-442f-8227-01a97533d69e,0.9999987344638325,2025-09-24T15:10:58.593065Z,3,v1-metrics-only
04765b66-2a12-4483-961c-b68158b78604,0.9999987316137349,2025-09-24T15:10:58.593065Z,3,v1-metrics-only
53b6b352-d2e3-4cde-b142-d3289bb71949,0.9999987283524502,2025-09-24T15:10:58.593065Z,3,v1-metrics-only
f052624c-43e0-4088-b84d-a3b7ec01dc54,0.9999987261578402,2025-09-24T15:10:58.593065Z,3,v1-metrics-only
a912d7dd-4259-4601-a565-959acbff0953,0.9999987251349252,2025-09-24T15:10:58.593065Z,3,v1-metrics-only
37ada321-4743-473d-9885-ea8ee205fa0d,0.9999987147112323,2025-09-24T15:10:58.593065Z,3,v1-metrics-only
31ef152b-e2b7-4c0d-b244-34f0d2ab2c7c,0.9999987095404803,2025-09-24T15:10:58.593065Z,3,v1-metrics-only
c94fe392-f599-4472-bd86-a03198364465,0.9999987068038284,2025-09-24T15:10:58.593065Z,3,v1-metrics-only
b2ecdfe3-1f09-4f3a-b955-14b55dfa26ea,0.999998691354046,2025-09-24T15:10:58.593065Z,3,v1-metrics-only
f071da9a-2d5b-4dff-a6a7-603b04805b62,0.9999986638475387,2025-09-24T15:10:58.593065Z,3,v1-metrics-only
836e51e5-2668-4cda-974f-1d89d2dc782b,0.9999986515693997,2025-09-24T15:10:58.593065Z,3,v1-metrics-only
e549621f-3d78-41a6-b788-2cc4e3e2b0ca,0.9999972211454401,2025-09-24T15:10:58.593065Z,3,v1-metrics-only
a8879e8b-368d-4bff-9b03-d699e21d684d,0.9999972204401781,2025-09-24T15:10:58.593065Z,3,v1-metrics-only
30496670-dc28-45b4-bf30-6d17450a9f45,0.9999972204348173,2025-09-24T15:10:58.593065Z,3,v1-metrics-only
80247eda-f93e-44d1-8627-37839835db21,0.9999972199575439,2025-09-24T15:10:58.593065Z,3,v1-metrics-only
3ee57d67-7a56-4b53-86d1-9b8d346f25cf,0.9999972198680468,2025-09-24T15:10:58.593065Z,3,v1-metrics-only
62746641-bb9b-43f0-bb85-9c891f463a98,0.999997219054506,2025-09-24T15:10:58.593065Z,3,v1-metrics-only
660bdff8-438a-4dbb-9767-1d99f1d165d5,0.9999972190077118,2025-09-24T15:10:58.593065Z,3,v1-metrics-only
98847d12-abc5-4ba9-b9b1-4d153d214150,0.9999972185064108,2025-09-24T15:10:58.593065Z,3,v1-metrics-only
e7b814c8-7ff9-42d4-bcc2-e212144d67cd,0.9999972184955801,2025-09-24T15:10:58.593065Z,3,v1-metrics-only
6b041c73-0b9b-4e54-9e41-1c3ab42381eb,0.9999972184459531,2025-09-24T15:10:58.593065Z,3,v1-metrics-only
e590afd9-51a5-449c-96a3-b9b4cd405814,0.9999972176218643,2025-09-24T15:10:58.593065Z,3,v1-metrics-only
0be5c044-3228-4950-aeeb-275ac2ccba31,0.9999972172657491,2025-09-24T15:10:58.593065Z,3,v1-metrics-only
5d5f83c4-3ca3-45e6-badf-12d8815734f8,0.9999972170885166,2025-09-24T15:10:58.593065Z,3,v1-metrics-only
1ddf3108-4cbb-47d6-bd6c-eba7931a856d,0.9999972165473011,2025-09-24T15:10:58.593065Z,3,v1-metrics-only
e946e521-be03-47f0-b78d-63196f2d3d1c,0.9999972161767128,2025-09-24T15:10:58.593065Z,3,v1-metrics-only
4830e868-14d4-4aa2-a616-56a4b90c6e66,0.9999972155000547,2025-09-24T15:10:58.593065Z,3,v1-metrics-only
706ef961-3093-441e-9580-a7a3a2d8fd83,0.9999972153327974,2025-09-24T15:10:58.593065Z,3,v1-metrics-only
9fb589c8-d65f-488e-b33e-428e969b6cd6,0.9999972152344534,2025-09-24T15:10:58.593065Z,3,v1-metrics-only
d5b4b31e-1a99-4af4-abd5-7303d9917246,0.9999972151625544,2025-09-24T15:10:58.593065Z,3,v1-metrics-only
19b5c6a3-a4b3-4719-9e86-ce8247452e4e,0.9999972148244145,2025-09-24T15:10:58.593065Z,3,v1-metrics-only
2bb095b5-5109-4066-b608-a726e60a8c6d,0.999997214449377,2025-09-24T15:10:58.593065Z,3,v1-metrics-only
923bd22b-12f5-4630-ab02-29c386695647,0.9999972144217679,2025-09-24T15:10:58.593065Z,3,v1-metrics-only
e36495f1-e268-44ef-9d3d-69a55bf34773,0.9999972133094057,2025-09-24T15:10:58.593065Z,3,v1-metrics-only
27ec0765-a7d0-41c9-96db-24ecd936ba1f,0.9999972131174921,2025-09-24T15:10:58.593065Z,3,v1-metrics-only
67361d60-6e28-47b1-898f-8121f4a432dc,0.9999972118800149,2025-09-24T15:10:58.593065Z,3,v1-metrics-only
bcea157f-f45e-442b-ae81-b447e258bf2f,0.9999972118759173,2025-09-24T15:10:58.593065Z,3,v1-metrics-only
e0461e2f-7efc-471b-875c-4ea9e7b9ce1f,0.9999972118496618,2025-09-24T15:10:58.593065Z,3,v1-metrics-only
426a591d-5875-4753-b0fe-1dc8ba65eeb3,0.9999972111427409,2025-09-24T15:10:58.593065Z,3,v1-metrics-only
8b301228-bd1f-4ebb-9b47-2e85a7acfb25,0.9999972108819671,2025-09-24T15:10:58.593065Z,3,v1-metrics-only
3ce5f49a-1a6e-4439-a0b8-badf2c3d3524,0.9999972107596283,2025-09-24T15:10:58.593065Z,3,v1-metrics-only
9abdd8c2-1764-49c1-afe1-f574293840fe,0.9999972101827417,2025-09-24T15:10:58.593065Z,3,v1-metrics-only
edfc244d-2764-407d-9779-0351eae344a0,0.9999972095533178,2025-09-24T15:10:58.593065Z,3,v1-metrics-only
f709a7dc-bcba-4745-9d4f-e22245837843,0.9999972092522458,2025-09-24T15:10:58.593065Z,3,v1-metrics-only
688a6926-1880-4b54-a5f1-dd81b782c79f,0.9999972091496091,2025-09-24T15:10:58.593065Z,3,v1-metrics-only
9cf9d538-54e2-41f4-9b24-eedd8a8e47a8,0.9999972089893691,2025-09-24T15:10:58.593065Z,3,v1-metrics-only
239fb45d-d42a-4bf3-8e86-79d3e552684f,0.9999972087530837,2025-09-24T15:10:58.593065Z,3,v1-metrics-only
2f9a05fd-802d-4838-be40-039bcce449d6,0.999997208648341,2025-09-24T15:10:58.593065Z,3,v1-metrics-only
27ca132e-76a8-4dc5-ace2-31ed889c0dfb,0.9999972086396337,2025-09-24T15:10:58.593065Z,3,v1-metrics-only
b34f4a4c-0b31-4f00-bc67-19d20a92eede,0.9999972077713002,2025-09-24T15:10:58.593065Z,3,v1-metrics-only
8ab67aa1-c341-41eb-9c01-c4dfe300856e,0.9999972069560891,2025-09-24T15:10:58.593065Z,3,v1-metrics-only
f3c0dd6b-99de-4903-9ad0-66f487e89354,0.9999972068003382,2025-09-24T15:10:58.593065Z,3,v1-metrics-only
1632dcbc-873d-4a5a-8d48-7040bca9d63f,0.9999972055863802,2025-09-24T15:10:58.593065Z,3,v1-metrics-only
ac0539f5-924e-4cd0-8c25-d4a957f6bf9f,0.9999972052861528,2025-09-24T15:10:58.593065Z,3,v1-metrics-only
01642303-43b9-4565-b1ea-cff93eb2b335,0.9999972044916183,2025-09-24T15:10:58.593065Z,3,v1-metrics-only
756663aa-9f90-41c7-acb8-d4e132100277,0.9999972027930737,2025-09-24T15:10:58.593065Z,3,v1-metrics-only
8de4d78c-0be0-4f3d-992b-cb843c0791a3,0.9999972019868086,2025-09-24T15:10:58.593065Z,3,v1-metrics-only
00dfd0dd-b64f-42df-bf25-4eec7f829f6b,0.999997201286968,2025-09-24T15:10:58.593065Z,3,v1-metrics-only
59e9daf3-4e62-454e-9549-a44a87d6f545,0.99999720070803,2025-09-24T15:10:58.593065Z,3,v1-metrics-only
de0f2413-52c1-4a2e-bbed-2111cedab261,0.9999971991604085,2025-09-24T15:10:58.593065Z,3,v1-metrics-only
459b9fd1-dcf6-4b2b-a342-f1da407eaf7a,0.9999971981930306,2025-09-24T15:10:58.593065Z,3,v1-metrics-only
dc222915-fcac-464c-8a37-5b7d289fec0c,0.9999971970333957,2025-09-24T15:10:58.593065Z,3,v1-metrics-only
10b493ac-5c91-436e-98c1-57a0283dc589,0.999997196644314,2025-09-24T15:10:58.593065Z,3,v1-metrics-only
46c39309-6492-4202-b934-a866f492cd73,0.9999971955108456,2025-09-24T15:10:58.593065Z,3,v1-metrics-only
e50c537a-a003-451b-ab4d-ca47db4efc55,0.9999971952682822,2025-09-24T15:10:58.593065Z,3,v1-metrics-only
a367cb43-42f5-4655-995f-681bb6eb55e9,0.9999971950009025,2025-09-24T15:10:58.593065Z,3,v1-metrics-only
2b8e2232-3e0c-4a24-91e9-962fbb766f15,0.9999971942518694,2025-09-24T15:10:58.593065Z,3,v1-metrics-only
dd983f93-297c-4d18-b507-92a08d1eb5e2,0.9999971942040459,2025-09-24T15:10:58.593065Z,3,v1-metrics-only
531a2a4e-4676-4b51-81e8-ab193f70183b,0.9999971805364614,2025-09-24T15:10:58.593065Z,3,v1-metrics-only
e749da40-c3b6-426e-9ec6-0060639e0cc6,0.9999971767314451,2025-09-24T15:10:58.593065Z,3,v1-metrics-only
9f6f6be5-f551-4684-91be-734298b74cf1,0.9999971731758031,2025-09-24T15:10:58.593065Z,3,v1-metrics-only
e45038f7-784f-4e04-a167-9755f22dd960,0.999997171849621,2025-09-24T15:10:58.593065Z,3,v1-metrics-only
5db3f904-7c96-4a64-b33c-72c0bec0b119,0.9999971702617276,2025-09-24T15:10:58.593065Z,3,v1-metrics-only
33315ee4-6589-42f7-a230-2867b7ca80d9,0.9999971698762405,2025-09-24T15:10:58.593065Z,3,v1-metrics-only
0493bf09-1fff-465f-b3bc-e9733a8c0fad,0.999997165577071,2025-09-24T15:10:58.593065Z,3,v1-metrics-only
aa8592ef-7370-4c10-9caa-27f57a56238c,0.9999971647420967,2025-09-24T15:10:58.593065Z,3,v1-metrics-only
3b421b6d-a37a-4340-b27d-1d89dfa370f9,0.9999971636499795,2025-09-24T15:10:58.593065Z,3,v1-metrics-only
2cbbea22-341d-4739-aad8-449aff8f7470,0.9999971366437591,2025-09-24T15:10:58.593065Z,3,v1-metrics-only
d9dfb3df-3b72-4db5-bd87-c589c08f674f,0.999997117658675,2025-09-24T15:10:58.593065Z,3,v1-metrics-only
dd601c90-61fb-419a-b070-bd0c79ee5895,0.9999971174664427,2025-09-24T15:10:58.593065Z,3,v1-metrics-only
e9ce3f86-3a6d-445b-b65f-3e711a8b98e6,0.9999971172840255,2025-09-24T15:10:58.593065Z,3,v1-metrics-only
c69bf53d-4765-4217-9309-0fbcaccbfdca,0.9999971169962069,2025-09-24T15:10:58.593065Z,3,v1-metrics-only
be0951ea-ea04-40d1-8263-a716991dd859,0.9999971160596833,2025-09-24T15:10:58.593065Z,3,v1-metrics-only
e174d44e-4cc5-4a14-bef8-245d3155ecf9,0.9999971156879013,2025-09-24T15:10:58.593065Z,3,v1-metrics-only
40f3d0c3-5b73-4bcd-b970-51ce1faf3ce6,0.9999971156381987,2025-09-24T15:10:58.593065Z,3,v1-metrics-only
db55f288-8523-45a2-be49-654f7abf1358,0.9999971154948418,2025-09-24T15:10:58.593065Z,3,v1-metrics-only
68c1662e-af77-4e67-b4e4-10046ed54ac2,0.9999971154286084,2025-09-24T15:10:58.593065Z,3,v1-metrics-only
9832a28e-deb4-4481-9ec3-9c0369107e37,0.9999971153518141,2025-09-24T15:10:58.593065Z,3,v1-metrics-only
73320fcd-d6ec-4938-b84c-6546e5e1353e,0.9999971152701373,2025-09-24T15:10:58.593065Z,3,v1-metrics-only
5a3058ad-95a1-48b5-a83c-345266568ace,0.9999971149785137,2025-09-24T15:10:58.593065Z,3,v1-metrics-only
9a5577f0-1787-4235-9bda-d270b061212e,0.9999971149740706,2025-09-24T15:10:58.593065Z,3,v1-metrics-only
2cdfec1d-2f33-47cf-a81f-7442578c17b8,0.9999971144537996,2025-09-24T15:10:58.593065Z,3,v1-metrics-only
0e4c7eae-8e91-4187-be4a-69f19582623d,0.9999971144492182,2025-09-24T15:10:58.593065Z,3,v1-metrics-only
2a8194e1-b02a-4aa8-91a1-f03c2afa2341,0.9999971143922209,2025-09-24T15:10:58.593065Z,3,v1-metrics-only
41e15505-f574-4a2a-8dd2-eb3a06b0d799,0.9999971139474899,2025-09-24T15:10:58.593065Z,3,v1-metrics-only
eb2666a9-6419-45a4-9797-2ff4b1cf3ccf,0.9999971138413599,2025-09-24T15:10:58.593065Z,3,v1-metrics-only
211d1bb7-9ca0-4b9d-bf17-4e2223fc2cb5,0.9999971132020105,2025-09-24T15:10:58.593065Z,3,v1-metrics-only
446a6736-d918-46fd-adbb-fedfa481339d,0.9999971130840121,2025-09-24T15:10:58.593065Z,3,v1-metrics-only
dd4dd762-8340-4723-aa99-89fbd89d0bcf,0.9999971129802177,2025-09-24T15:10:58.593065Z,3,v1-metrics-only
9369b71e-36ec-493a-a42e-41534de83cbf,0.999997112857329,2025-09-24T15:10:58.593065Z,3,v1-metrics-only
94b4db52-82f3-4638-86f4-19b28cee8315,0.9999971123219077,2025-09-24T15:10:58.593065Z,3,v1-metrics-only
7cc12922-61e0-4678-8f50-b7dcd02ba022,0.9999971122191074,2025-09-24T15:10:58.593065Z,3,v1-metrics-only
c9ec84b2-9547-410f-847b-ea0908abf47f,0.9999971120727259,2025-09-24T15:10:58.593065Z,3,v1-metrics-only
f7c440ab-eb9a-41f4-a0ef-8504fae968ad,0.9999971115447313,2025-09-24T15:10:58.593065Z,3,v1-metrics-only
5c2c81d8-3691-4654-b9c8-9d25c1f73b7d,0.9999971115177606,2025-09-24T15:10:58.593065Z,3,v1-metrics-only
7c80e266-0847-4d6e-bb09-dbed0d9e2d42,0.9999971110594357,2025-09-24T15:10:58.593065Z,3,v1-metrics-only
816d11d7-1a47-4037-a48d-f625d931e058,0.999997110997421,2025-09-24T15:10:58.593065Z,3,v1-metrics-only
7c5a5884-27ac-496f-bd5a-cb7de74cc7ea,0.9999971109252094,2025-09-24T15:10:58.593065Z,3,v1-metrics-only
8a2c1ea1-5ed2-4584-8949-409e4f6c61f5,0.9999971109146162,2025-09-24T15:10:58.593065Z,3,v1-metrics-only
eab03506-cdaa-498a-ab15-cf3525ad6032,0.999997110374062,2025-09-24T15:10:58.593065Z,3,v1-metrics-only
775eba9e-765c-4ac8-948f-e949945ba7a4,0.9999971103715476,2025-09-24T15:10:58.593065Z,3,v1-metrics-only
6606d037-6e8a-4f31-9aa3-15420358c0a6,0.9999971100672379,2025-09-24T15:10:58.593065Z,3,v1-metrics-only
310bc8a7-787a-4928-8d16-6a484d43e553,0.9999971097634881,2025-09-24T15:10:58.593065Z,3,v1-metrics-only
0c1def4f-0e4a-4e55-9f28-1d92864f3588,0.9999971095817187,2025-09-24T15:10:58.593065Z,3,v1-metrics-only
1058a3cf-cb7b-477c-88fa-b8130b28da25,0.9999971092915072,2025-09-24T15:10:58.593065Z,3,v1-metrics-only
93792167-a15f-4674-ad0d-383ec3e2e196,0.9999971090908187,2025-09-24T15:10:58.593065Z,3,v1-metrics-only
337f8e89-9e2f-4e33-913e-c7dfd29a83af,0.9999971089162979,2025-09-24T15:10:58.593065Z,3,v1-metrics-only
19b5b86e-e459-4ee5-9be3-1e07fd2ff7b6,0.999997108632921,2025-09-24T15:10:58.593065Z,3,v1-metrics-only
36275826-41cf-44cb-a0a5-ad501e31e781,0.9999971074777874,2025-09-24T15:10:58.593065Z,3,v1-metrics-only
0880292e-7620-468e-8b64-2ac0c7eb23a0,0.9999971070591502,2025-09-24T15:10:58.593065Z,3,v1-metrics-only
270fc4ae-8d3e-4225-b912-4a16486a8dcc,0.9999971068939346,2025-09-24T15:10:58.593065Z,3,v1-metrics-only
100f52f6-a875-492e-9000-520fd0bbc2b5,0.9999971067799001,2025-09-24T15:10:58.593065Z,3,v1-metrics-only
57b5fab1-297c-4b1d-82e1-a4750206a907,0.9999971067557524,2025-09-24T15:10:58.593065Z,3,v1-metrics-only
e6026991-342a-4a96-8aa2-18f1088190d1,0.9999971060427211,2025-09-24T15:10:58.593065Z,3,v1-metrics-only
c4c797d7-45c1-4b91-b1cf-845ba9e6919a,0.9999971047288344,2025-09-24T15:10:58.593065Z,3,v1-metrics-only
c74efb57-bd66-4095-a1c9-2c13e72ea47f,0.9999971042595147,2025-09-24T15:10:58.593065Z,3,v1-metrics-only
2e876271-f190-466b-89a9-b0840d35949a,0.9999971036717572,2025-09-24T15:10:58.593065Z,3,v1-metrics-only
07c08a95-b20e-4c0c-a920-c478180d67f3,0.9999971015738134,2025-09-24T15:10:58.593065Z,3,v1-metrics-only
dafbe5a4-f72d-4e5e-a39d-c594d0204109,0.9999971012148374,2025-09-24T15:10:58.593065Z,3,v1-metrics-only
e27c5da5-556b-4c6b-a52c-5996a66dcdd0,0.9999971011449887,2025-09-24T15:10:58.593065Z,3,v1-metrics-only
9b016ead-f52c-4b53-bc93-f3bef9b2b10c,0.9999970998050068,2025-09-24T15:10:58.593065Z,3,v1-metrics-only
fb898339-208e-486c-aa32-5974b47b3f6e,0.9999970992080809,2025-09-24T15:10:58.593065Z,3,v1-metrics-only
a92ca9e0-1e22-457b-b11b-008a864e050e,0.9999970973698884,2025-09-24T15:10:58.593065Z,3,v1-metrics-only
05f4a56f-911e-452e-a64d-bfffa0051e2c,0.9999970945589608,2025-09-24T15:10:58.593065Z,3,v1-metrics-only
0b3f7650-a98b-4350-ac57-585e86d1a27b,0.999997094154451,2025-09-24T15:10:58.593065Z,3,v1-metrics-only
25c49145-4ae8-444c-b633-220c22661f6d,0.9999970922001702,2025-09-24T15:10:58.593065Z,3,v1-metrics-only
349a2673-773e-4f72-9bf0-5d12812b83c3,0.9999970869737537,2025-09-24T15:10:58.593065Z,3,v1-metrics-only
abd9026d-b0a5-4584-b406-63058e451c08,0.999997085067622,2025-09-24T15:10:58.593065Z,3,v1-metrics-only
58aad0a8-4bb7-465c-a227-0208d36ac8d5,0.9999970777251334,2025-09-24T15:10:58.593065Z,3,v1-metrics-only
72f246cf-48f3-4013-aeb2-e3636ccebf6a,0.9999970686627352,2025-09-24T15:10:58.593065Z,3,v1-metrics-only
f411cb08-5b3c-430f-b616-72f4bf1766a5,0.9999970686349738,2025-09-24T15:10:58.593065Z,3,v1-metrics-only
dbd1d3ed-44ac-43c9-b5d1-dd62d4f7368f,0.9999970622778861,2025-09-24T15:10:58.593065Z,3,v1-metrics-only
743429e5-3c4f-4700-b377-cf7e54efe4fd,0.9999970403258465,2025-09-24T15:10:58.593065Z,3,v1-metrics-only
641cb4e7-c12b-4313-9773-fed24aeb5112,0.9999970206205289,2025-09-24T15:10:58.593065Z,3,v1-metrics-only
3777d4dc-fb4d-40be-9ba0-6ee697af2441,0.9999938567165747,2025-09-24T15:10:58.593065Z,3,v1-metrics-only
71d0f278-a5ac-4d10-ad46-809ca9e48d3a,0.9999938566882897,2025-09-24T15:10:58.593065Z,3,v1-metrics-only
0a6bb360-9e2f-4814-833f-5918fdcd6525,0.9999938559732465,2025-09-24T15:10:58.593065Z,3,v1-metrics-only
64fa859e-c631-4a55-b9a2-851238e4c30b,0.9999938558616305,2025-09-24T15:10:58.593065Z,3,v1-metrics-only
2121f9d1-f656-45f2-a0d3-5f674853f86f,0.999993854819905,2025-09-24T15:10:58.593065Z,3,v1-metrics-only
c04b6345-927e-46ac-8e34-09658f18ee34,0.9999938544330564,2025-09-24T15:10:58.593065Z,3,v1-metrics-only
6b20b125-d886-4680-876b-34ade4a2786b,0.9999938543811323,2025-09-24T15:10:58.593065Z,3,v1-metrics-only
6a4d8c8e-58fb-4d44-84a0-d9e04ba1b0aa,0.9999938540711178,2025-09-24T15:10:58.593065Z,3,v1-metrics-only
bcdbe566-8534-400b-ae75-e56f008b1db4,0.9999938536255655,2025-09-24T15:10:58.593065Z,3,v1-metrics-only
31888ce7-dde8-42e4-8b93-687a749b5efe,0.9999938529490988,2025-09-24T15:10:58.593065Z,3,v1-metrics-only
146646dd-7032-47d9-a785-88e28975f7f6,0.9999938525242728,2025-09-24T15:10:58.593065Z,3,v1-metrics-only
fc96e975-d058-4613-9b38-b9b36cad8b80,0.9999938525124072,2025-09-24T15:10:58.593065Z,3,v1-metrics-only
633bfd40-4b6b-4030-9427-13303c15dc98,0.9999938521004705,2025-09-24T15:10:58.593065Z,3,v1-metrics-only
89588a8a-0afe-43b2-ae7b-861a7e99fff1,0.9999938506223117,2025-09-24T15:10:58.593065Z,3,v1-metrics-only
9121bd2b-1d91-47df-9e61-d42d3589f7e3,0.9999938499653739,2025-09-24T15:10:58.593065Z,3,v1-metrics-only
1ef97db5-3528-4164-a550-4445acf4ac65,0.9999938492681814,2025-09-24T15:10:58.593065Z,3,v1-metrics-only
d11e0602-7e6f-4cf5-975d-1c6a4fba3bb7,0.9999938490908629,2025-09-24T15:10:58.593065Z,3,v1-metrics-only
a596d5b0-d812-4ca3-963f-bb41db247e15,0.999993848873238,2025-09-24T15:10:58.593065Z,3,v1-metrics-only
4ac05beb-094a-4bce-b53a-9fee9d87022e,0.9999938487566677,2025-09-24T15:10:58.593065Z,3,v1-metrics-only
a6fa0b16-7669-40da-9d57-6c88b93f0b23,0.9999938481165227,2025-09-24T15:10:58.593065Z,3,v1-metrics-only
05772823-69a7-45c9-bd3a-beca07d3a481,0.9999938475715061,2025-09-24T15:10:58.593065Z,3,v1-metrics-only
5087d838-7069-4676-80de-9914fee3eb7f,0.9999938469075685,2025-09-24T15:10:58.593065Z,3,v1-metrics-only
2979915f-f894-4008-87f6-75f3ac03106e,0.9999938468895613,2025-09-24T15:10:58.593065Z,3,v1-metrics-only
c852fe63-d58f-439f-86e9-59008c5b099e,0.9999938462740008,2025-09-24T15:10:58.593065Z,3,v1-metrics-only
4a881899-37f1-430c-93fb-b40ad86c5965,0.9999938462024865,2025-09-24T15:10:58.593065Z,3,v1-metrics-only
7c71e6b2-2fc4-4398-aacc-d794eb50578f,0.9999938456044378,2025-09-24T15:10:58.593065Z,3,v1-metrics-only
79d37ebf-dfe7-43a1-96ab-fb99154550c7,0.9999938454357346,2025-09-24T15:10:58.593065Z,3,v1-metrics-only
4c799dee-08d3-4761-ae9b-847aa7b643aa,0.9999938439986177,2025-09-24T15:10:58.593065Z,3,v1-metrics-only
82381eee-2931-4ab0-83f9-23b0a2847b60,0.9999938434850498,2025-09-24T15:10:58.593065Z,3,v1-metrics-only
7f86f7d3-1a3c-4ec2-8e1f-376aa5e11395,0.9999938432456907,2025-09-24T15:10:58.593065Z,3,v1-metrics-only
8b46c6f2-19e2-430c-8b16-402437c43d55,0.9999938429693069,2025-09-24T15:10:58.593065Z,3,v1-metrics-only
a703e8f3-9ffa-499b-a1e1-86c724c22606,0.9999938417041087,2025-09-24T15:10:58.593065Z,3,v1-metrics-only
c3d56892-a1d8-4e7e-ac22-ac8753436dd4,0.9999938414463058,2025-09-24T15:10:58.593065Z,3,v1-metrics-only
dbb2a09c-7d1c-4117-b0d7-d8451f0d4c2f,0.9999938410841084,2025-09-24T15:10:58.593065Z,3,v1-metrics-only
f73b0132-b812-4a0a-b779-baaeee1fd2ef,0.9999938405857751,2025-09-24T15:10:58.593065Z,3,v1-metrics-only
346f3c8d-4239-412f-9af9-841e0e8d0163,0.9999938401608156,2025-09-24T15:10:58.593065Z,3,v1-metrics-only
63c7c62c-a2c8-4036-929a-d12e07067949,0.9999938389097365,2025-09-24T15:10:58.593065Z,3,v1-metrics-only
b7502587-286c-4312-9bc8-5caf8de3c8ae,0.9999938384731558,2025-09-24T15:10:58.593065Z,3,v1-metrics-only
415ba58a-91f8-476d-9d23-e53c300920bc,0.9999938374483678,2025-09-24T15:10:58.593065Z,3,v1-metrics-only
6f1c9da4-81d9-4cca-9a8d-8720938c9b80,0.9999938362046097,2025-09-24T15:10:58.593065Z,3,v1-metrics-only
f71e5cb6-333a-40d6-8fac-696000d93a44,0.999993835785759,2025-09-24T15:10:58.593065Z,3,v1-metrics-only
c7342c85-c153-4838-a3dc-860bf7afe3e8,0.999993835785759,2025-09-24T15:10:58.593065Z,3,v1-metrics-only
30752260-9f6e-49f0-b88d-370c41b4e197,0.9999938348561894,2025-09-24T15:10:58.593065Z,3,v1-metrics-only
8951923d-1bb7-4de5-b797-9c2e69934e4d,0.9999938333807761,2025-09-24T15:10:58.593065Z,3,v1-metrics-only
18817530-4407-4a92-bdcc-ede46d9ad1b7,0.999993832379417,2025-09-24T15:10:58.593065Z,3,v1-metrics-only
17efca01-b251-4116-af78-e8b0f105c5d6,0.9999938307057362,2025-09-24T15:10:58.593065Z,3,v1-metrics-only
9a2b2709-5da9-4e4d-95f3-7d4ae9c729bf,0.999993829308578,2025-09-24T15:10:58.593065Z,3,v1-metrics-only
172da016-ddef-4b63-b164-cca07c1303a1,0.9999938286886777,2025-09-24T15:10:58.593065Z,3,v1-metrics-only
ad2a4bef-c845-4ab3-b7ef-6409ab288513,0.9999938275810029,2025-09-24T15:10:58.593065Z,3,v1-metrics-only
032be5bb-852d-4ace-a3b4-ec7e72c75126,0.9999938235087527,2025-09-24T15:10:58.593065Z,3,v1-metrics-only
0ad91275-dce9-492e-b6f5-330111a54564,0.9999938212345274,2025-09-24T15:10:58.593065Z,3,v1-metrics-only
b9b3cd17-1a6a-4cff-ba28-63cc8abeb791,0.9999938193697163,2025-09-24T15:10:58.593065Z,3,v1-metrics-only
55dc1fa8-011d-424f-bfab-60a968cc04a1,0.9999938192287807,2025-09-24T15:10:58.593065Z,3,v1-metrics-only
2e48d2ec-3f38-4f2a-ab29-8d5860a39d4c,0.9999938187373817,2025-09-24T15:10:58.593065Z,3,v1-metrics-only
b791cc0a-b106-4871-8057-50b6be15840d,0.9999938136616751,2025-09-24T15:10:58.593065Z,3,v1-metrics-only
22bb84e2-4c41-4d0a-8bc6-421473b2fc6e,0.9999938122186305,2025-09-24T15:10:58.593065Z,3,v1-metrics-only
a7b8f142-6b8b-4eac-bae6-5f57f113147b,0.9999938111920179,2025-09-24T15:10:58.593065Z,3,v1-metrics-only
7e10f7e5-da7f-48f5-8126-aec6b0490c72,0.9999938109178397,2025-09-24T15:10:58.593065Z,3,v1-metrics-only
4007f3cc-335d-4d11-9168-59327830dc72,0.999993807338746,2025-09-24T15:10:58.593065Z,3,v1-metrics-only
31bc4e35-ac69-4186-a76f-3bf9795ba28c,0.9999938040805123,2025-09-24T15:10:58.593065Z,3,v1-metrics-only
8b82192d-a8ac-47b0-8255-94461330dc44,0.9999937969263469,2025-09-24T15:10:58.593065Z,3,v1-metrics-only
a87992c7-802a-4a38-9451-968124c4a5d9,0.9999937916534266,2025-09-24T15:10:58.593065Z,3,v1-metrics-only
beba6d77-2746-44cb-9115-442af30be195,0.9999937881873295,2025-09-24T15:10:58.593065Z,3,v1-metrics-only
2bb402a8-7f9c-48d5-8f1c-1fe6e5b261cc,0.9999937710337294,2025-09-24T15:10:58.593065Z,3,v1-metrics-only
69db4a94-2f02-4689-999c-5300dacf8d61,0.9999937579893378,2025-09-24T15:10:58.593065Z,3,v1-metrics-only
ff2a4bb0-799b-4bb9-a71d-809ba9519cbe,0.9999937440548903,2025-09-24T15:10:58.593065Z,3,v1-metrics-only
2b177450-699d-44b1-b572-0da4331c05eb,0.9999937419275822,2025-09-24T15:10:58.593065Z,3,v1-metrics-only
9fc6b3f9-0089-4d57-9f50-90407f10ec84,0.9999887869418997,2025-09-24T15:10:58.593065Z,3,v1-metrics-only
36a86dfc-a4b1-4203-a96d-f2e6ba9db90a,0.9999887868880979,2025-09-24T15:10:58.593065Z,3,v1-metrics-only
a58bd549-cf1b-44b5-afc1-81d961be3177,0.9999887867016768,2025-09-24T15:10:58.593065Z,3,v1-metrics-only
ae408ba4-4e3e-47fe-808c-7f7f4123391f,0.9999887865648567,2025-09-24T15:10:58.593065Z,3,v1-metrics-only
3e9c455c-f1f9-4bbe-81f9-52e9d0b5112b,0.9999887863309752,2025-09-24T15:10:58.593065Z,3,v1-metrics-only
a6b11b13-a4aa-4d35-8da3-0966a4d0c45b,0.999988784850452,2025-09-24T15:10:58.593065Z,3,v1-metrics-only
b8313ad3-93c9-4696-971f-f7e27c817318,0.999988784588444,2025-09-24T15:10:58.593065Z,3,v1-metrics-only
2b811bef-5500-47a3-8959-7d87242bcbaf,0.999988784158203,2025-09-24T15:10:58.593065Z,3,v1-metrics-only
bd2c80cc-227c-4521-b8ab-e854ad384c42,0.9999887839954579,2025-09-24T15:10:58.593065Z,3,v1-metrics-only
49c7bd36-dea6-49ce-a1d4-97c7370de174,0.9999887838239881,2025-09-24T15:10:58.593065Z,3,v1-metrics-only
f169e676-dfa2-4bb2-8988-1b6de6c86faf,0.9999887837109884,2025-09-24T15:10:58.593065Z,3,v1-metrics-only
f192c0b6-d402-42e9-8b1f-186f993864a1,0.9999887836057009,2025-09-24T15:10:58.593065Z,3,v1-metrics-only
2af29d54-cb95-484d-a9ed-328441274a6c,0.999988783529115,2025-09-24T15:10:58.593065Z,3,v1-metrics-only
69cc3dfc-35ac-41bd-9cde-c9eb3f27d8a6,0.9999887835144348,2025-09-24T15:10:58.593065Z,3,v1-metrics-only
36d51d5f-60c7-42ff-96ba-c9edf71147fd,0.999988783486287,2025-09-24T15:10:58.593065Z,3,v1-metrics-only
bacc2424-397d-47c9-a3b7-8fae7a132895,0.9999887833759472,2025-09-24T15:10:58.593065Z,3,v1-metrics-only
e7204b75-204d-4432-abd6-34e47cada052,0.9999887823726593,2025-09-24T15:10:58.593065Z,3,v1-metrics-only
3a3161bc-78a1-4bfa-82ed-34c800775282,0.9999887822654892,2025-09-24T15:10:58.593065Z,3,v1-metrics-only
f7625cd9-200b-4ef5-85ee-6326b9502d5a,0.9999887820136503,2025-09-24T15:10:58.593065Z,3,v1-metrics-only
32aaa29b-5a3f-4a84-89af-566a59aa3956,0.9999887815412101,2025-09-24T15:10:58.593065Z,3,v1-metrics-only
fc2976d6-4ed8-4f3c-973f-ca00b2794b52,0.9999887808401993,2025-09-24T15:10:58.593065Z,3,v1-metrics-only
d7eeceb9-64ef-482e-8bc9-2b14bd4081f7,0.999988780754888,2025-09-24T15:10:58.593065Z,3,v1-metrics-only
65091c58-9a4e-4f16-9207-0ff2caec896e,0.9999887802325911,2025-09-24T15:10:58.593065Z,3,v1-metrics-only
ff853704-6db1-42ff-86d9-f010f7716886,0.9999887797288157,2025-09-24T15:10:58.593065Z,3,v1-metrics-only
7425af47-5edd-47d1-9095-54bbd02be9da,0.9999887793860389,2025-09-24T15:10:58.593065Z,3,v1-metrics-only
0e7c2455-3a4d-42fb-8b04-bc984c3620cb,0.999988779356607,2025-09-24T15:10:58.593065Z,3,v1-metrics-only
6ce2efb3-e2d0-4d83-844c-7bb8dde78b68,0.9999887790517518,2025-09-24T15:10:58.593065Z,3,v1-metrics-only
e7736a73-d986-4894-a75d-d7610b8c8e93,0.9999887784356467,2025-09-24T15:10:58.593065Z,3,v1-metrics-only
38c71011-204f-4da3-999e-956ea8791977,0.9999887784104413,2025-09-24T15:10:58.593065Z,3,v1-metrics-only
e09dd95d-1732-48a0-9aad-2e617a24b111,0.9999887783309845,2025-09-24T15:10:58.593065Z,3,v1-metrics-only
b8125e43-ee7b-45a4-a5c4-10a5ce9ecb4e,0.9999887774735944,2025-09-24T15:10:58.593065Z,3,v1-metrics-only
d3a06a2d-1401-46ba-aa4a-14641d2c8c6b,0.9999887762539302,2025-09-24T15:10:58.593065Z,3,v1-metrics-only
7bcdf655-f4cc-459e-9296-f4873b6b6c95,0.9999887758838921,2025-09-24T15:10:58.593065Z,3,v1-metrics-only
abbbe018-e0c7-4ec0-8596-7e9a0ae0b293,0.9999887757349423,2025-09-24T15:10:58.593065Z,3,v1-metrics-only
b0a8e5f3-7ca3-4084-b5b4-0aa81e6a7282,0.9999887756464602,2025-09-24T15:10:58.593065Z,3,v1-metrics-only
89f503ec-bec6-4f7e-9653-dfa77098f90c,0.9999887755572329,2025-09-24T15:10:58.593065Z,3,v1-metrics-only
5bfa193e-3b6a-4d5f-a14d-0d336056f764,0.9999887745655617,2025-09-24T15:10:58.593065Z,3,v1-metrics-only
899e8b18-1f43-4ac1-98c5-93932d92f53f,0.9999887744607897,2025-09-24T15:10:58.593065Z,3,v1-metrics-only
dc8fcf95-c033-4a25-87ca-6ad0b61619ea,0.999988774339566,2025-09-24T15:10:58.593065Z,3,v1-metrics-only
86d8d992-3849-46c2-86be-e7ad3bc5d228,0.9999887739074357,2025-09-24T15:10:58.593065Z,3,v1-metrics-only
82058d0f-2731-46e5-8511-184878437f8e,0.9999887738201777,2025-09-24T15:10:58.593065Z,3,v1-metrics-only
8ef9e2f1-7683-4600-9479-5631b5df573d,0.9999887734775402,2025-09-24T15:10:58.593065Z,3,v1-metrics-only
57b62f77-e1e4-47d5-b41e-bf776ff8b59c,0.9999887730099427,2025-09-24T15:10:58.593065Z,3,v1-metrics-only
7ffe4761-7a61-44b5-97c1-766fd90dcb7b,0.9999887730070312,2025-09-24T15:10:58.593065Z,3,v1-metrics-only
aac30ea8-5174-44d3-b103-8892e8bb630d,0.9999887727418005,2025-09-24T15:10:58.593065Z,3,v1-metrics-only
4c845e6a-24ce-42f5-9575-d42416dc51dd,0.9999887726566762,2025-09-24T15:10:58.593065Z,3,v1-metrics-only
7a6cc43f-f920-4a1d-9e6f-eb4bdd354a9d,0.9999887724229746,2025-09-24T15:10:58.593065Z,3,v1-metrics-only
17e03002-2a14-49ef-8595-68c8a02b0250,0.9999887723678856,2025-09-24T15:10:58.593065Z,3,v1-metrics-only
51536b25-5a6d-4c09-8cba-3f6b43c4c9aa,0.9999887722647485,2025-09-24T15:10:58.593065Z,3,v1-metrics-only
194bf1aa-82ae-46a8-8684-da06899f2ad1,0.9999887720949696,2025-09-24T15:10:58.593065Z,3,v1-metrics-only
6b3cb82b-3642-4220-9405-99b316dbe115,0.999988771431669,2025-09-24T15:10:58.593065Z,3,v1-metrics-only
4b0be842-63b2-415b-8762-9407c5bc44ce,0.9999887705610822,2025-09-24T15:10:58.593065Z,3,v1-metrics-only
2e1728e2-5932-4a10-b4b0-40f07b3192ab,0.9999887700767572,2025-09-24T15:10:58.593065Z,3,v1-metrics-only
d4041865-1351-4ce2-bdc2-ac01a9646922,0.9999887696676701,2025-09-24T15:10:58.593065Z,3,v1-metrics-only
d91b8ad4-527c-410a-b0a9-19c05307aea1,0.9999887689493608,2025-09-24T15:10:58.593065Z,3,v1-metrics-only
93f1f1e0-f9a9-4155-9d64-282dbc9fef15,0.9999887688306888,2025-09-24T15:10:58.593065Z,3,v1-metrics-only
410fa169-fc21-4c6a-b56a-29c5d579e97d,0.9999887679893289,2025-09-24T15:10:58.593065Z,3,v1-metrics-only
ef5e4699-7dcb-479e-8c2d-2de5d8cfecb5,0.9999887678906458,2025-09-24T15:10:58.593065Z,3,v1-metrics-only
72640ec6-a58a-4646-b46c-e2e72a162e7a,0.9999887674743728,2025-09-24T15:10:58.593065Z,3,v1-metrics-only
ef55715e-9346-4ae0-a5be-96849a0ec020,0.9999887652140381,2025-09-24T15:10:58.593065Z,3,v1-metrics-only
46b19fb0-ddf9-490c-8b9a-6d5ba676fdfe,0.9999887650671059,2025-09-24T15:10:58.593065Z,3,v1-metrics-only
610fd4a2-07da-4385-80cd-34cedcb463ae,0.9999887628457316,2025-09-24T15:10:58.593065Z,3,v1-metrics-only
e435b5cd-085e-401e-85f4-a967bcaedc9f,0.9999887620463185,2025-09-24T15:10:58.593065Z,3,v1-metrics-only
b8b814f3-858f-44ee-b943-3f13fb6b6281,0.9999887614276793,2025-09-24T15:10:58.593065Z,3,v1-metrics-only
b9a9b600-777c-49e9-9a37-c2371bb8c4e7,0.999988760937555,2025-09-24T15:10:58.593065Z,3,v1-metrics-only
b628f240-343f-4e34-9325-ec2a8f356a05,0.9999887597085462,2025-09-24T15:10:58.593065Z,3,v1-metrics-only
dad66b35-abae-4363-b38b-b84e0bf7e086,0.9999887587664595,2025-09-24T15:10:58.593065Z,3,v1-metrics-only
5aa9674a-cc4e-4cb9-a115-e65b515ca3e9,0.999988758651837,2025-09-24T15:10:58.593065Z,3,v1-metrics-only
2cfaa98c-7ba8-4a70-8523-a5513af1b5a3,0.9999887549794904,2025-09-24T15:10:58.593065Z,3,v1-metrics-only
afc6ed18-6abc-4072-bc63-809a716a1639,0.9999887519121394,2025-09-24T15:10:58.593065Z,3,v1-metrics-only
747f3cfe-add0-4b87-ad78-2a5b57264694,0.9999887472309683,2025-09-24T15:10:58.593065Z,3,v1-metrics-only
13bcb143-f1e9-4495-aefe-6f998dd031e4,0.9999887466850118,2025-09-24T15:10:58.593065Z,3,v1-metrics-only
52a27cd7-fa27-43ff-8082-7e6067211565,0.9999887385225203,2025-09-24T15:10:58.593065Z,3,v1-metrics-only
7ae3254e-4697-446f-a696-1e4820cef49b,0.9999887350174245,2025-09-24T15:10:58.593065Z,3,v1-metrics-only
72dcbaa9-2f99-4ecd-bdb6-c1729a27f9ef,0.9999887314437728,2025-09-24T15:10:58.593065Z,3,v1-metrics-only
5dd9057c-180f-40d3-b8aa-fa1548c839fd,0.9999887237925484,2025-09-24T15:10:58.593065Z,3,v1-metrics-only
4b63601d-2cb9-4b14-88c8-06c714e879c1,0.9999887132536402,2025-09-24T15:10:58.593065Z,3,v1-metrics-only
6d8ddc47-9cb4-4e5b-9050-8080dcf910de,0.9999886992277245,2025-09-24T15:10:58.593065Z,3,v1-metrics-only
c23cc544-5659-43b7-88d4-93de261ad429,0.9999886870731741,2025-09-24T15:10:58.593065Z,3,v1-metrics-only
36c66176-2913-4faf-80df-7e4ca59c7ec5,0.999988684164803,2025-09-24T15:10:58.593065Z,3,v1-metrics-only
219bc148-4687-4cfd-8073-93f2c450a316,0.99998166059749,2025-09-24T15:10:58.593065Z,3,v1-metrics-only
2db0bb95-91e4-4b5e-99b7-cd1f8ab72983,0.999981659849766,2025-09-24T15:10:58.593065Z,3,v1-metrics-only
1c4eeaf9-063b-4464-8c18-122a20f62c0b,0.9999816595497032,2025-09-24T15:10:58.593065Z,3,v1-metrics-only
2e9aba02-cb84-46f1-96fe-13d75bbc9f25,0.999981659548176,2025-09-24T15:10:58.593065Z,3,v1-metrics-only
82fac26d-2be3-4624-842f-73b74c7f6d98,0.9999816593593113,2025-09-24T15:10:58.593065Z,3,v1-metrics-only
ea258b45-fd22-40dc-b984-b4adac3dcd31,0.9999816591355369,2025-09-24T15:10:58.593065Z,3,v1-metrics-only
f970f5fa-d246-4a4a-9ea2-8f106a77a3b4,0.9999816576602203,2025-09-24T15:10:58.593065Z,3,v1-metrics-only
c8ef3d83-99e6-4c96-90f0-e511691966f7,0.9999816566686078,2025-09-24T15:10:58.593065Z,3,v1-metrics-only
4d919c3a-23e6-45f6-815d-d26df885ccba,0.9999816560230634,2025-09-24T15:10:58.593065Z,3,v1-metrics-only
65dc13fb-44da-4b9d-b210-da6be27c0965,0.9999816559959024,2025-09-24T15:10:58.593065Z,3,v1-metrics-only
7667da40-5c39-41f1-9697-07b379e1a049,0.999981655255119,2025-09-24T15:10:58.593065Z,3,v1-metrics-only
8c5bc334-a70f-44c7-81e2-c12e6d9b2ae0,0.9999816550718195,2025-09-24T15:10:58.593065Z,3,v1-metrics-only
420ad0de-9c2c-4697-b698-c5d3399eb306,0.9999816550146374,2025-09-24T15:10:58.593065Z,3,v1-metrics-only
c70fd9af-a1fb-4cb5-a531-3a204e9715b5,0.9999816549589955,2025-09-24T15:10:58.593065Z,3,v1-metrics-only
2df1ebef-9b9d-4b82-bfd9-aa7ee83e84e0,0.999981654857803,2025-09-24T15:10:58.593065Z,3,v1-metrics-only
2b3b89a4-1f0d-4ffb-9728-993b36d01245,0.9999816542415741,2025-09-24T15:10:58.593065Z,3,v1-metrics-only
57d12c08-e268-4923-a4d0-34d5939a18e0,0.9999816541596299,2025-09-24T15:10:58.593065Z,3,v1-metrics-only
a5576e2e-c773-4037-acc7-f1331577a7a5,0.9999816541022929,2025-09-24T15:10:58.593065Z,3,v1-metrics-only
7ba1befc-e4d6-4cc9-ba5a-178a50afefd6,0.9999816540465595,2025-09-24T15:10:58.593065Z,3,v1-metrics-only
ad4687b9-9465-4075-bcba-2b1162a81e6e,0.9999816539653925,2025-09-24T15:10:58.593065Z,3,v1-metrics-only
60a9a331-4869-41b3-860a-e5a9a0518f55,0.9999816535750283,2025-09-24T15:10:58.593065Z,3,v1-metrics-only
04346619-f18e-42eb-9374-d60fc94bf18d,0.9999816534166609,2025-09-24T15:10:58.593065Z,3,v1-metrics-only
16f560ac-76bc-449e-9474-395fb322505c,0.9999816534143781,2025-09-24T15:10:58.593065Z,3,v1-metrics-only
e8da460a-e6b9-48c2-b231-c1e0463c76fe,0.9999816532502162,2025-09-24T15:10:58.593065Z,3,v1-metrics-only
5d105a05-c355-4704-ac43-81e0b06b0d53,0.9999816517815314,2025-09-24T15:10:58.593065Z,3,v1-metrics-only
583ff1e7-c07b-44f2-acb5-d23266975d81,0.9999816509747385,2025-09-24T15:10:58.593065Z,3,v1-metrics-only
3c1107e2-8968-4862-a6c5-1426fb0691f7,0.9999816507512148,2025-09-24T15:10:58.593065Z,3,v1-metrics-only
48cabd7f-0340-4676-a9f2-2a096a9cdf9a,0.9999816507333424,2025-09-24T15:10:58.593065Z,3,v1-metrics-only
b6c609a5-e107-43fe-ab6a-f1a0d922d3b8,0.9999816506202694,2025-09-24T15:10:58.593065Z,3,v1-metrics-only
1e6b210c-03f1-4d7d-9689-4ad4ae658f41,0.999981650519209,2025-09-24T15:10:58.593065Z,3,v1-metrics-only
38fe4ce3-ed76-4a64-9653-af4c4923316f,0.9999816504460183,2025-09-24T15:10:58.593065Z,3,v1-metrics-only
91ea5d72-1d40-45c6-a4cb-892ed1484ebe,0.999981649841659,2025-09-24T15:10:58.593065Z,3,v1-metrics-only
6390d174-8172-42b6-8cf6-8bac9c4ed5c9,0.9999816490800142,2025-09-24T15:10:58.593065Z,3,v1-metrics-only
8704d5c9-45c8-4c26-bb80-d27b816690de,0.9999816485935279,2025-09-24T15:10:58.593065Z,3,v1-metrics-only
3fa705aa-f883-4f7d-9e6b-9076be84ce43,0.9999816479377246,2025-09-24T15:10:58.593065Z,3,v1-metrics-only
384274db-ed75-4339-9683-af80fe1e7bba,0.9999816469353926,2025-09-24T15:10:58.593065Z,3,v1-metrics-only
3b024fb9-9c8b-47fb-b2bf-b0b21071c8b2,0.9999816439128396,2025-09-24T15:10:58.593065Z,3,v1-metrics-only
ea7abb45-8900-4513-a098-d8f69332b4de,0.999981642921999,2025-09-24T15:10:58.593065Z,3,v1-metrics-only
72ea8d86-176c-4b42-b9fe-17aa98fc794d,0.9999816427711393,2025-09-24T15:10:58.593065Z,3,v1-metrics-only
c8bbdbe3-2ec4-4022-84d3-5ce987ea5daf,0.9999816427168552,2025-09-24T15:10:58.593065Z,3,v1-metrics-only
848232f1-1cd2-4111-878a-45f7de8c8d5e,0.9999816420269249,2025-09-24T15:10:58.593065Z,3,v1-metrics-only
3b7b9138-780e-41c6-8cba-32b3b95c5136,0.9999816419596155,2025-09-24T15:10:58.593065Z,3,v1-metrics-only
6f765bdf-87c5-4b9b-8860-2fa65259d927,0.9999816395970558,2025-09-24T15:10:58.593065Z,3,v1-metrics-only
121d2b90-7870-4a64-8ec4-9451820810e2,0.9999816392899596,2025-09-24T15:10:58.593065Z,3,v1-metrics-only
b19f26a9-522a-401f-b7ed-bdfe89d05eaf,0.9999816391217283,2025-09-24T15:10:58.593065Z,3,v1-metrics-only
ae500cd5-1cd6-4bb8-b33f-83aa2a837ca1,0.9999816388525111,2025-09-24T15:10:58.593065Z,3,v1-metrics-only
5e360f2c-7b62-4891-b23a-7ca2a1cfceff,0.9999816385446424,2025-09-24T15:10:58.593065Z,3,v1-metrics-only
777776ff-ba1d-48a6-b706-9bbc05c22efd,0.9999816385411394,2025-09-24T15:10:58.593065Z,3,v1-metrics-only
735cf305-cc16-4e2a-8886-246f57a833ed,0.9999816385300757,2025-09-24T15:10:58.593065Z,3,v1-metrics-only
b5f0a7e7-85b7-45ae-9324-51ab1d05404b,0.9999816383758473,2025-09-24T15:10:58.593065Z,3,v1-metrics-only
110d3cfb-a2b4-4bc5-8b2d-0abf4c670fb7,0.9999816377778614,2025-09-24T15:10:58.593065Z,3,v1-metrics-only
771dc2ea-86d9-4c6a-852f-f6757880da11,0.9999816361698118,2025-09-24T15:10:58.593065Z,3,v1-metrics-only
f912bf08-f713-48d8-8baf-db0b838c1a4a,0.9999816360254297,2025-09-24T15:10:58.593065Z,3,v1-metrics-only
cc482931-609d-48ae-9eff-a73c58fa2e37,0.9999816335479691,2025-09-24T15:10:58.593065Z,3,v1-metrics-only
bc5e9a14-ab4d-4fc7-9fd6-dabafd1e167a,0.9999816335203591,2025-09-24T15:10:58.593065Z,3,v1-metrics-only
bff02dfe-5389-4330-bc47-5871bd618812,0.999981632682839,2025-09-24T15:10:58.593065Z,3,v1-metrics-only
0093fcb3-b524-416f-b6fe-b8cae32d411a,0.9999816326034803,2025-09-24T15:10:58.593065Z,3,v1-metrics-only
3a95af1d-850b-4818-a379-f5d12f7a9181,0.9999816297675521,2025-09-24T15:10:58.593065Z,3,v1-metrics-only
5172eaad-3021-47a7-ada5-7c33193c2d83,0.999981629457564,2025-09-24T15:10:58.593065Z,3,v1-metrics-only
ec9997a0-8df0-47c9-80c8-ae43b12baac4,0.9999816273946568,2025-09-24T15:10:58.593065Z,3,v1-metrics-only
e57c544a-160a-4db0-9ef7-8c409f45d525,0.9999816265641841,2025-09-24T15:10:58.593065Z,3,v1-metrics-only
d0f5136a-0f40-414b-99a7-5f11b9abeb49,0.9999816259020075,2025-09-24T15:10:58.593065Z,3,v1-metrics-only
8a54bd0b-54e1-41ff-8e15-d7b7b38b8a97,0.999981624066522,2025-09-24T15:10:58.593065Z,3,v1-metrics-only
362d0326-587a-44af-9d55-d4790090bdea,0.9999816238907048,2025-09-24T15:10:58.593065Z,3,v1-metrics-only
6fbd2461-da38-4274-9625-22efb63951d9,0.9999816225429283,2025-09-24T15:10:58.593065Z,3,v1-metrics-only
aa46c674-fba6-4176-b387-6cd603b91d8b,0.9999816214483102,2025-09-24T15:10:58.593065Z,3,v1-metrics-only
b97d760c-08e1-4e81-8335-d9a57c1ab1a7,0.9999816191871123,2025-09-24T15:10:58.593065Z,3,v1-metrics-only
959b918c-2a29-42c2-a73d-dd5cc91ce5e9,0.9999816171432149,2025-09-24T15:10:58.593065Z,3,v1-metrics-only
c6a00161-86b7-44f6-b088-57742be3b16a,0.9999816128744345,2025-09-24T15:10:58.593065Z,3,v1-metrics-only
e3ca4e21-7acc-4620-9158-a6a8699bdb72,0.9999816111876061,2025-09-24T15:10:58.593065Z,3,v1-metrics-only
fa4a6c50-18f2-4264-a13f-5ea4669b7242,0.9999816078254643,2025-09-24T15:10:58.593065Z,3,v1-metrics-only
d83f274b-b3d3-4ccf-a0e2-d73e92fe06e7,0.9999816039845154,2025-09-24T15:10:58.593065Z,3,v1-metrics-only
211c5f89-4b95-4b07-8f1b-1abfffbe992d,0.9999816004718446,2025-09-24T15:10:58.593065Z,3,v1-metrics-only
9b8588d7-4185-4a9c-82db-7ffe59cf08f8,0.9999815997707427,2025-09-24T15:10:58.593065Z,3,v1-metrics-only
6260938d-2e34-4d0f-a368-9b96bdf99ce5,0.9999815945782005,2025-09-24T15:10:58.593065Z,3,v1-metrics-only
a49f3d1d-a2cc-4d6e-9841-297a7c36781d,0.999981592318393,2025-09-24T15:10:58.593065Z,3,v1-metrics-only
facb40a6-0715-4ad5-9c0d-28391a979abe,0.9999815891773093,2025-09-24T15:10:58.593065Z,3,v1-metrics-only
7256c0e5-06c8-4c8b-85af-e0175599789b,0.9999815762021266,2025-09-24T15:10:58.593065Z,3,v1-metrics-only
0526a2c4-523c-4576-82d6-8390bb4195b0,0.9999815758802134,2025-09-24T15:10:58.593065Z,3,v1-metrics-only
0c5539c4-61cd-4fb9-bd5e-e210e9e41af6,0.9999815758513655,2025-09-24T15:10:58.593065Z,3,v1-metrics-only
6ceff35b-07c1-4597-99b4-ae3219231a59,0.9999815671036515,2025-09-24T15:10:58.593065Z,3,v1-metrics-only
b542fce5-de2a-4030-87ac-2638d5f94818,0.9999813821998694,2025-09-24T15:10:58.593065Z,3,v1-metrics-only
be483ed6-a35a-4be3-8770-b2e5c6e9fa28,0.9999720343982857,2025-09-24T15:10:58.593065Z,3,v1-metrics-only
af98c611-ae2c-48b1-9bd9-b1106d8a4844,0.9999720331189013,2025-09-24T15:10:58.593065Z,3,v1-metrics-only
931e3614-5fb3-42a9-a893-79900f5a6828,0.9999720329855878,2025-09-24T15:10:58.593065Z,3,v1-metrics-only
2d66b2aa-f2a6-4a00-b55d-bced6e91663a,0.9999720324640687,2025-09-24T15:10:58.593065Z,3,v1-metrics-only
f757f405-4b35-4c6f-a61c-1052b802a37d,0.9999720321322991,2025-09-24T15:10:58.593065Z,3,v1-metrics-only
97791bae-9f7f-457b-b8fd-f955db06c263,0.9999720319709304,2025-09-24T15:10:58.593065Z,3,v1-metrics-only
19f04b63-d76a-495d-9cf8-7462b40540e9,0.9999720312550263,2025-09-24T15:10:58.593065Z,3,v1-metrics-only
28b75718-dcc4-468d-a651-2520e2a56d65,0.9999720311123949,2025-09-24T15:10:58.593065Z,3,v1-metrics-only
4a062f89-386c-4e4a-ae63-c3b47c060db5,0.9999720301004117,2025-09-24T15:10:58.593065Z,3,v1-metrics-only
f610a8ca-0775-40d0-8b5c-f3494ca94f75,0.9999720283643373,2025-09-24T15:10:58.593065Z,3,v1-metrics-only
4d25ae34-3926-4ef4-92ea-ff3ff06b26f5,0.9999720277361973,2025-09-24T15:10:58.593065Z,3,v1-metrics-only
8239549a-2ba6-4532-8ef2-3b6a0278204c,0.9999720269713058,2025-09-24T15:10:58.593065Z,3,v1-metrics-only
461b829a-5f6d-4b51-bbd4-2f2cd68ff9a7,0.9999720266489075,2025-09-24T15:10:58.593065Z,3,v1-metrics-only
e8526a19-3508-44ad-9762-c37ae3c63d77,0.9999720265921168,2025-09-24T15:10:58.593065Z,3,v1-metrics-only
aba0e7a7-5ef4-41c5-8c8e-e52f055cfc7b,0.9999720264921589,2025-09-24T15:10:58.593065Z,3,v1-metrics-only
59f5c052-5630-48f4-9622-ccbf22bcb00d,0.9999720264307519,2025-09-24T15:10:58.593065Z,3,v1-metrics-only
ec5710c9-bf4d-4016-934a-c4fe1700e5e7,0.9999720258924756,2025-09-24T15:10:58.593065Z,3,v1-metrics-only
2a17c521-0afd-48d9-9fd6-0974aa1073c8,0.9999720253247787,2025-09-24T15:10:58.593065Z,3,v1-metrics-only
c807a3f2-6396-4d88-b805-bffbca59c273,0.9999720244811802,2025-09-24T15:10:58.593065Z,3,v1-metrics-only
4c17b6f5-d033-4b76-9cc2-77ac4c0f7b3c,0.9999720242879749,2025-09-24T15:10:58.593065Z,3,v1-metrics-only
e256ce94-293a-497b-8e0b-a702a89e44d0,0.9999720240550553,2025-09-24T15:10:58.593065Z,3,v1-metrics-only
955f0ade-074f-4393-b25a-b570d0313e9f,0.9999720239278987,2025-09-24T15:10:58.593065Z,3,v1-metrics-only
f47b43ec-14a5-47b4-a60d-1fcd2af40e60,0.9999720237456817,2025-09-24T15:10:58.593065Z,3,v1-metrics-only
e35bf3c0-b9f6-4b8a-ba5f-e3dce291b983,0.9999720237444867,2025-09-24T15:10:58.593065Z,3,v1-metrics-only
6c57d760-7a0a-42c5-9394-d6d993318087,0.999972023525268,2025-09-24T15:10:58.593065Z,3,v1-metrics-only
f4fae78e-c1da-45eb-9dbb-b82747ab2ed2,0.9999720227688415,2025-09-24T15:10:58.593065Z,3,v1-metrics-only
731bd10c-0ea8-4d1b-8e1b-dc7d3a6aa4db,0.9999720218517659,2025-09-24T15:10:58.593065Z,3,v1-metrics-only
7840ea91-526f-4c49-9f51-b8d575593ace,0.9999720217884851,2025-09-24T15:10:58.593065Z,3,v1-metrics-only
ed7b7c70-2505-4ed8-a730-c1b23784087d,0.9999720205162465,2025-09-24T15:10:58.593065Z,3,v1-metrics-only
9d9befad-6412-49c3-89d1-c0770bc27800,0.9999720205081866,2025-09-24T15:10:58.593065Z,3,v1-metrics-only
ec8989d6-3321-4872-b430-86054b1d6ff2,0.9999720203761076,2025-09-24T15:10:58.593065Z,3,v1-metrics-only
eefa7484-8e27-49e6-861f-d77777c080a8,0.9999720200001458,2025-09-24T15:10:58.593065Z,3,v1-metrics-only
72d55689-400b-4576-9815-44f78a139166,0.9999720193313385,2025-09-24T15:10:58.593065Z,3,v1-metrics-only
e7e7552d-12a6-4d62-b65a-fa09e27940e3,0.9999720183381156,2025-09-24T15:10:58.593065Z,3,v1-metrics-only
772ba019-7c0c-4c76-baaf-01fc34f3d4c9,0.999972018174238,2025-09-24T15:10:58.593065Z,3,v1-metrics-only
82da3585-1817-4a13-a54d-fe4f471f2a49,0.9999720147124251,2025-09-24T15:10:58.593065Z,3,v1-metrics-only
5b549eb1-c718-48f5-9473-47108496af4c,0.9999720135818494,2025-09-24T15:10:58.593065Z,3,v1-metrics-only
c32d3380-a6b3-416e-a283-8f7854443d50,0.9999720135055361,2025-09-24T15:10:58.593065Z,3,v1-metrics-only
df32676b-ef3d-44dd-8366-fc3671b3baaf,0.9999720132680904,2025-09-24T15:10:58.593065Z,3,v1-metrics-only
e7e7e064-a702-40e2-8ac2-a82ce555d1a3,0.9999720101568073,2025-09-24T15:10:58.593065Z,3,v1-metrics-only
b0ded163-8e2c-44f7-87c0-81c8f774da4d,0.9999720091748003,2025-09-24T15:10:58.593065Z,3,v1-metrics-only
83c1369f-4cc0-4d6b-9ec5-85520c4b2229,0.9999720072096612,2025-09-24T15:10:58.593065Z,3,v1-metrics-only
510a83d0-c7ae-437f-a9bb-4f4ced75ab2b,0.9999720065334962,2025-09-24T15:10:58.593065Z,3,v1-metrics-only
802831c4-73b8-4cda-be99-2db4dc5ce0dc,0.9999720043461735,2025-09-24T15:10:58.593065Z,3,v1-metrics-only
518e74af-07c7-43f7-9a4c-35fe6d2a98b8,0.9999720020205388,2025-09-24T15:10:58.593065Z,3,v1-metrics-only
841aa32c-db5b-46ee-af0e-be32f31dbf66,0.9999720017018603,2025-09-24T15:10:58.593065Z,3,v1-metrics-only
23c49ed9-6c02-4526-bb5e-54d846a04d6c,0.9999720015490638,2025-09-24T15:10:58.593065Z,3,v1-metrics-only
d86df308-a096-4330-8203-a01b097f880f,0.999972000659577,2025-09-24T15:10:58.593065Z,3,v1-metrics-only
1c3f17f6-ac30-469f-9367-c99c428bf6d7,0.9999719999109689,2025-09-24T15:10:58.593065Z,3,v1-metrics-only
87007af7-2a80-4969-9104-451cd543e2b1,0.9999719997457683,2025-09-24T15:10:58.593065Z,3,v1-metrics-only
95224d92-d76d-4031-a2dd-e931114cec2e,0.9999719979317144,2025-09-24T15:10:58.593065Z,3,v1-metrics-only
39b0bd3f-0ab4-4969-b70f-77bd594879a4,0.9999719976767608,2025-09-24T15:10:58.593065Z,3,v1-metrics-only
a01529a2-8a11-4e3d-9a28-f3d6a5708d5a,0.9999719976713121,2025-09-24T15:10:58.593065Z,3,v1-metrics-only
19e5baac-7774-44b2-bb53-b045dc52f6ec,0.9999719973292016,2025-09-24T15:10:58.593065Z,3,v1-metrics-only
c36f0ef4-9639-4852-a94b-849c94e30893,0.9999719970217148,2025-09-24T15:10:58.593065Z,3,v1-metrics-only
9b7713f5-2197-4b99-9e14-56d8904377d5,0.9999719963212226,2025-09-24T15:10:58.593065Z,3,v1-metrics-only
1e312448-db61-4f83-8dd8-88ba89650197,0.999971994362916,2025-09-24T15:10:58.593065Z,3,v1-metrics-only
acaa7e5e-d908-4641-8239-af6edfa02d9d,0.9999719880886643,2025-09-24T15:10:58.593065Z,3,v1-metrics-only
6b1c0ea6-7214-47db-9de2-53b4b01e2a8a,0.9999719867945489,2025-09-24T15:10:58.593065Z,3,v1-metrics-only
cf73e10e-3f71-4f04-ab8d-5396dcf49a2f,0.9999719773977421,2025-09-24T15:10:58.593065Z,3,v1-metrics-only
d0e6fa56-051e-4576-8cf5-a19aa928773d,0.9999719771322572,2025-09-24T15:10:58.593065Z,3,v1-metrics-only
abac5c69-7f23-49b3-bb20-f26d96d64796,0.9999719731516066,2025-09-24T15:10:58.593065Z,3,v1-metrics-only
ea682350-387b-4ae0-8b43-2a130bd135c3,0.9999719697943232,2025-09-24T15:10:58.593065Z,3,v1-metrics-only
49032342-3eaf-4285-bf1e-69a4aeb4322a,0.9999719628002365,2025-09-24T15:10:58.593065Z,3,v1-metrics-only
29f0b517-7c10-4698-87ad-1881dc20ea1a,0.9999719577087254,2025-09-24T15:10:58.593065Z,3,v1-metrics-only
c47f2645-9cd1-40fd-9b3f-8f4000964adb,0.9999719547435594,2025-09-24T15:10:58.593065Z,3,v1-metrics-only
af047bc6-7be7-41d0-a147-e2c9d453229c,0.9999719528548312,2025-09-24T15:10:58.593065Z,3,v1-metrics-only
4d095139-c79e-446f-a51a-fb527b8e57da,0.9999719494980123,2025-09-24T15:10:58.593065Z,3,v1-metrics-only
26b9f0cd-2c2a-43c8-9a32-ef21e3bb1776,0.9999593663935343,2025-09-24T15:10:58.593065Z,3,v1-metrics-only
2f9b8cac-07a4-418a-97be-02e2693884e3,0.9999593657451544,2025-09-24T15:10:58.593065Z,3,v1-metrics-only
b06e9c18-2542-496f-a9ff-3cd3131a766f,0.9999593655321047,2025-09-24T15:10:58.593065Z,3,v1-metrics-only
82b83843-625d-4c91-878e-3f3ea584339a,0.9999593653193442,2025-09-24T15:10:58.593065Z,3,v1-metrics-only
8e64804f-0676-4f63-8f4f-a7345c585314,0.9999593651074307,2025-09-24T15:10:58.593065Z,3,v1-metrics-only
5541028b-d585-4298-a217-933cce47ecd0,0.9999593647903663,2025-09-24T15:10:58.593065Z,3,v1-metrics-only
8d4f646c-da4e-4efa-9f89-7260168d77d7,0.9999593636217368,2025-09-24T15:10:58.593065Z,3,v1-metrics-only
ca262697-6aa1-4d73-b418-583213cdd4e1,0.9999593626380657,2025-09-24T15:10:58.593065Z,3,v1-metrics-only
61bf640d-ef78-49cc-bb4f-c9d045902a58,0.9999593626380657,2025-09-24T15:10:58.593065Z,3,v1-metrics-only
5ff360de-20b4-4ebb-9e3c-cf0d0a7bc0b2,0.9999593622552164,2025-09-24T15:10:58.593065Z,3,v1-metrics-only
c90833c0-4806-48ff-94cc-8b429bd9bd7a,0.9999593613448632,2025-09-24T15:10:58.593065Z,3,v1-metrics-only
9fb66deb-131e-4a50-92ec-7800774efade,0.9999593613137324,2025-09-24T15:10:58.593065Z,3,v1-metrics-only
d8e2e871-e098-4fce-a71e-870330696028,0.9999593595919597,2025-09-24T15:10:58.593065Z,3,v1-metrics-only
09bd34ec-e321-441d-b6c6-8b630adab478,0.9999593585644813,2025-09-24T15:10:58.593065Z,3,v1-metrics-only
a0f55c8a-8e41-48aa-96e2-33ff64a5c9b3,0.9999593581067951,2025-09-24T15:10:58.593065Z,3,v1-metrics-only
e58267b4-95c5-4914-9b71-fb3749f8ad75,0.9999593579721678,2025-09-24T15:10:58.593065Z,3,v1-metrics-only
6202aa3b-54a5-4396-977f-2189ebf144ca,0.9999593576903393,2025-09-24T15:10:58.593065Z,3,v1-metrics-only
519e1b05-166c-488f-a7e7-577222cce099,0.9999593575669817,2025-09-24T15:10:58.593065Z,3,v1-metrics-only
9d538e95-f695-476f-9ab0-87aebbb5d6fb,0.999959356585294,2025-09-24T15:10:58.593065Z,3,v1-metrics-only
158f5e29-356d-4d0c-87ab-3760e75c3617,0.9999593565727678,2025-09-24T15:10:58.593065Z,3,v1-metrics-only
c24c89d1-518c-4398-a2ee-b56dc67ef2cc,0.9999593565513901,2025-09-24T15:10:58.593065Z,3,v1-metrics-only
5bb4389f-a469-459e-8afe-14b348830d4d,0.999959356080701,2025-09-24T15:10:58.593065Z,3,v1-metrics-only
687e95e6-db48-4bab-b82f-db95f54f9500,0.9999593556587121,2025-09-24T15:10:58.593065Z,3,v1-metrics-only
71774d31-5012-49e0-a968-230c56573c5b,0.9999593553789902,2025-09-24T15:10:58.593065Z,3,v1-metrics-only
7b1611a8-fac3-47e1-8a59-d329d58504f1,0.9999593553064527,2025-09-24T15:10:58.593065Z,3,v1-metrics-only
d4984361-7bae-4c1c-aa08-e32a4a3003d6,0.9999593552885211,2025-09-24T15:10:58.593065Z,3,v1-metrics-only
aedaa2df-395c-4d65-a622-d5ce3361a4a6,0.9999593541576923,2025-09-24T15:10:58.593065Z,3,v1-metrics-only
f70b88bf-14ab-4d03-968a-4461fa37fd0e,0.9999593541440336,2025-09-24T15:10:58.593065Z,3,v1-metrics-only
8f5ec432-5429-4c19-94de-b2319982c7d4,0.9999593537387171,2025-09-24T15:10:58.593065Z,3,v1-metrics-only
bcf792e1-8985-42fe-93f3-cf64f4e6f438,0.9999593501262819,2025-09-24T15:10:58.593065Z,3,v1-metrics-only
61965c1a-c8c8-4f22-a1a5-7f09019c8779,0.9999593496270404,2025-09-24T15:10:58.593065Z,3,v1-metrics-only
b1f8517a-b869-4e06-8b12-2f92288a5109,0.9999593493083024,2025-09-24T15:10:58.593065Z,3,v1-metrics-only
8107af39-d3ec-482d-bc27-bbcac070e249,0.9999593472756816,2025-09-24T15:10:58.593065Z,3,v1-metrics-only
3b4b90a9-6c32-4336-a943-131527569ef5,0.9999593440474813,2025-09-24T15:10:58.593065Z,3,v1-metrics-only
4b7e87ed-994e-419b-b36b-6ee3045ecef0,0.9999593437675504,2025-09-24T15:10:58.593065Z,3,v1-metrics-only
9d2b111e-d1d1-4c25-9982-b9dea49a7382,0.9999593434211,2025-09-24T15:10:58.593065Z,3,v1-metrics-only
278e3e26-17af-4c92-beba-d0227c43af08,0.9999593422765897,2025-09-24T15:10:58.593065Z,3,v1-metrics-only
d5a1fc01-bce8-45a1-8854-506d52f03035,0.9999593422686985,2025-09-24T15:10:58.593065Z,3,v1-metrics-only
5ab17456-cc3d-456c-85a4-012e9d2ed334,0.999959341817929,2025-09-24T15:10:58.593065Z,3,v1-metrics-only
50d1b918-9726-4a31-ab09-5fb1ae33be84,0.9999593399767878,2025-09-24T15:10:58.593065Z,3,v1-metrics-only
f0d9bed1-8942-4f68-8ecd-3dd0fcf75882,0.9999593395185141,2025-09-24T15:10:58.593065Z,3,v1-metrics-only
b2870368-ab65-4bea-bc50-052bb41cacc6,0.999959339414069,2025-09-24T15:10:58.593065Z,3,v1-metrics-only
d0673a99-d7ab-44ca-8e85-f7254cf59d3a,0.9999593375316391,2025-09-24T15:10:58.593065Z,3,v1-metrics-only
8d0b1e25-41a2-4cc9-b3f1-1244d8ad409c,0.9999593374822031,2025-09-24T15:10:58.593065Z,3,v1-metrics-only
524f2e0b-2bf3-4f93-9d7b-c8084b317610,0.9999593372863771,2025-09-24T15:10:58.593065Z,3,v1-metrics-only
d359b2bd-c315-4561-bd00-14b7b81a70dc,0.9999593372569444,2025-09-24T15:10:58.593065Z,3,v1-metrics-only
b0bec2b5-c107-48ed-997e-9c82562e9075,0.9999593370787039,2025-09-24T15:10:58.593065Z,3,v1-metrics-only
0fde95b8-adea-4943-9233-de8783e05c5c,0.9999593356082488,2025-09-24T15:10:58.593065Z,3,v1-metrics-only
abc347d8-5bcf-470b-b2d9-300f78ad6bbb,0.9999593341299371,2025-09-24T15:10:58.593065Z,3,v1-metrics-only
d898f586-4baf-408f-9d0f-ad860993e6af,0.9999593320761699,2025-09-24T15:10:58.593065Z,3,v1-metrics-only
0a414243-d75b-40e2-b980-0ee52544dd21,0.9999593318556765,2025-09-24T15:10:58.593065Z,3,v1-metrics-only
942aa537-2320-4860-973d-5173d79278dd,0.9999593303941996,2025-09-24T15:10:58.593065Z,3,v1-metrics-only
67a6f86b-f086-4eb4-a2f1-924bb39c8401,0.9999593297604888,2025-09-24T15:10:58.593065Z,3,v1-metrics-only
a1cae212-a29d-40f2-a6df-7e7882151a95,0.9999593287158873,2025-09-24T15:10:58.593065Z,3,v1-metrics-only
e9646556-1728-4b6b-aeb9-4174c9fea8c2,0.9999593271915083,2025-09-24T15:10:58.593065Z,3,v1-metrics-only
1c815e5f-1ef9-4a96-ae87-1ddfdb57650f,0.9999593251319434,2025-09-24T15:10:58.593065Z,3,v1-metrics-only
0b470338-548c-4ff3-84ec-b51dfb13c44f,0.9999593242862025,2025-09-24T15:10:58.593065Z,3,v1-metrics-only
13045a5e-2fd3-4785-ac1b-5461a6dbe715,0.9999593239811536,2025-09-24T15:10:58.593065Z,3,v1-metrics-only
fe6a80eb-7747-41f2-9494-461250dfa1f0,0.9999593187731978,2025-09-24T15:10:58.593065Z,3,v1-metrics-only
696fb37e-34c1-499c-8113-aca8f90dd352,0.9999593093406945,2025-09-24T15:10:58.593065Z,3,v1-metrics-only
e76b4ef0-d1b7-450e-814f-62c64f55e10d,0.9999593042943187,2025-09-24T15:10:58.593065Z,3,v1-metrics-only
045eb9b0-29b3-4ba5-988a-6b04237c9875,0.9999592994109883,2025-09-24T15:10:58.593065Z,3,v1-metrics-only
d22e37f4-f7e6-4fdb-94a4-43662f53b188,0.9999592990858569,2025-09-24T15:10:58.593065Z,3,v1-metrics-only
193a439d-4798-4148-98ae-79346f779a98,0.9999592914954075,2025-09-24T15:10:58.593065Z,3,v1-metrics-only
069081fa-e46f-47b7-aa16-619ad3671862,0.9999592905310025,2025-09-24T15:10:58.593065Z,3,v1-metrics-only
652c3e1b-0b12-4469-a5ac-5b123617766e,0.9999592723435023,2025-09-24T15:10:58.593065Z,3,v1-metrics-only
8046811b-9f14-4968-8045-96cd82cf7138,0.9999592709221926,2025-09-24T15:10:58.593065Z,3,v1-metrics-only
a0bb9600-8861-41ed-a92b-c5e83d88e1ab,0.9999592695668231,2025-09-24T15:10:58.593065Z,3,v1-metrics-only
2ff8b186-5786-44dc-8d19-b5141b186af9,0.9999592694300635,2025-09-24T15:10:58.593065Z,3,v1-metrics-only
1508a870-ce1d-443b-85ae-192cdc3531bc,0.9999592691764936,2025-09-24T15:10:58.593065Z,3,v1-metrics-only
f4686e78-cc16-4208-b09d-a41524ece694,0.9999592691026097,2025-09-24T15:10:58.593065Z,3,v1-metrics-only
415cae62-984a-4225-ac45-842a3182ecb2,0.9999592638161261,2025-09-24T15:10:58.593065Z,3,v1-metrics-only
e917b350-36ea-4995-aab6-a3f6f33b1a5a,0.9999592575531618,2025-09-24T15:10:58.593065Z,3,v1-metrics-only
69bb3e09-4f84-44a3-94f0-4c64ebd8e70f,0.9999592523716239,2025-09-24T15:10:58.593065Z,3,v1-metrics-only
6b8cd2ac-f0c0-4626-9af9-91c06bf3bf15,0.9999592441615789,2025-09-24T15:10:58.593065Z,3,v1-metrics-only
71fda347-4547-4c77-a264-6ee2bdced115,0.999959240988597,2025-09-24T15:10:58.593065Z,3,v1-metrics-only
af0b011e-97a6-4828-8541-f7f292d725b7,0.9999592386800568,2025-09-24T15:10:58.593065Z,3,v1-metrics-only
ef3f7d85-b2db-4966-9582-4acc95f72719,0.9999592149407063,2025-09-24T15:10:58.593065Z,3,v1-metrics-only
003c374e-1358-471e-8f22-8a59276a0747,0.9999429829598767,2025-09-24T15:10:58.593065Z,3,v1-metrics-only
821c1d20-8cf1-497e-924e-e859106c9fa2,0.9999429828093035,2025-09-24T15:10:58.593065Z,3,v1-metrics-only
3c6d6df4-fd43-41f7-a2c1-ce517a65cb3b,0.9999429822679962,2025-09-24T15:10:58.593065Z,3,v1-metrics-only
4e177674-a34b-4d6a-b2d9-19c12c2dfc8f,0.999942982013631,2025-09-24T15:10:58.593065Z,3,v1-metrics-only
518a0c42-1771-42d5-81a2-df1c8691bd6b,0.9999429814897324,2025-09-24T15:10:58.593065Z,3,v1-metrics-only
e736afea-97e2-4f65-b042-2f0f2b22407c,0.9999429814414301,2025-09-24T15:10:58.593065Z,3,v1-metrics-only
11c7509f-1571-4298-af6f-c1bc99c68ee9,0.9999429811574461,2025-09-24T15:10:58.593065Z,3,v1-metrics-only
84d92b1c-752c-4656-aff1-72bb2f683c01,0.9999429808335534,2025-09-24T15:10:58.593065Z,3,v1-metrics-only
fa8d9ea3-f1fe-437b-8592-ea7c61931a9b,0.999942980570276,2025-09-24T15:10:58.593065Z,3,v1-metrics-only
235f04d6-95e2-4f87-b2bc-58b97a0eaab4,0.9999429796042693,2025-09-24T15:10:58.593065Z,3,v1-metrics-only
a3522b5b-5b7f-4f7a-98a5-740c83b8acef,0.9999429795467809,2025-09-24T15:10:58.593065Z,3,v1-metrics-only
38e8e9c5-9578-40b5-8f4f-74a01ffb850f,0.9999429783998025,2025-09-24T15:10:58.593065Z,3,v1-metrics-only
92d5f1c9-9210-4769-ad2d-f83da37e378c,0.9999429782965045,2025-09-24T15:10:58.593065Z,3,v1-metrics-only
ffcb3c1d-46d1-46c8-bbaa-fbeb9710cb18,0.9999429777468091,2025-09-24T15:10:58.593065Z,3,v1-metrics-only
7c1b3fe6-ea6a-4359-aed7-4ffbfe8fab81,0.9999429776256837,2025-09-24T15:10:58.593065Z,3,v1-metrics-only
f8908a15-5495-4876-8d0d-f152bf0237b0,0.9999429760395318,2025-09-24T15:10:58.593065Z,3,v1-metrics-only
d3be13aa-6e46-4ece-9fa1-36b3425d6d65,0.9999429759870792,2025-09-24T15:10:58.593065Z,3,v1-metrics-only
a5a7adec-5810-4b03-9154-79e281be1071,0.999942975554867,2025-09-24T15:10:58.593065Z,3,v1-metrics-only
b11dff27-27cc-4b5f-b628-39ac0ae923b5,0.9999429741820038,2025-09-24T15:10:58.593065Z,3,v1-metrics-only
8314ba31-8490-4871-89d9-c19273850f2d,0.9999429740416736,2025-09-24T15:10:58.593065Z,3,v1-metrics-only
fcec3883-61a4-49b8-918d-4e82c9365d0f,0.9999429739657738,2025-09-24T15:10:58.593065Z,3,v1-metrics-only
a7ea9c7f-91fa-4d51-a1a1-b9726a865670,0.999942973739431,2025-09-24T15:10:58.593065Z,3,v1-metrics-only
0d09e507-7494-4116-adf2-8b32a9990fbc,0.9999429721342157,2025-09-24T15:10:58.593065Z,3,v1-metrics-only
a7c749d9-a29d-4d13-b327-d13bc21e8e62,0.9999429721319965,2025-09-24T15:10:58.593065Z,3,v1-metrics-only
0345bcfa-cc1d-4786-8c26-d52992b03849,0.9999429721311462,2025-09-24T15:10:58.593065Z,3,v1-metrics-only
bf29a6b9-700c-457b-a038-5fb689a2ef2a,0.9999429720943468,2025-09-24T15:10:58.593065Z,3,v1-metrics-only
57b1481a-397b-45ca-89f7-a21359b9c83a,0.9999429720351807,2025-09-24T15:10:58.593065Z,3,v1-metrics-only
964fd378-9fd0-44a6-8be1-22fa8f0b6b26,0.9999429718851935,2025-09-24T15:10:58.593065Z,3,v1-metrics-only
6f6d7147-4993-4601-9888-7465137cef8f,0.9999429717034967,2025-09-24T15:10:58.593065Z,3,v1-metrics-only
2fa75d45-d967-443b-8671-15d8d6d1b658,0.9999429715437481,2025-09-24T15:10:58.593065Z,3,v1-metrics-only
af14b345-3671-4898-801a-937e4abc77b8,0.9999429712069079,2025-09-24T15:10:58.593065Z,3,v1-metrics-only
529ecb1b-7a42-4cbe-a7a6-e4352355a439,0.9999429710503327,2025-09-24T15:10:58.593065Z,3,v1-metrics-only
9d54b98c-14e9-4117-8fc9-869d845a4fce,0.9999429705868932,2025-09-24T15:10:58.593065Z,3,v1-metrics-only
edc9a9c9-b425-4d8c-a450-6f870707f0e5,0.999942970379594,2025-09-24T15:10:58.593065Z,3,v1-metrics-only
34f80897-2080-46d9-a7a3-2bcdcaa37d89,0.9999429696322125,2025-09-24T15:10:58.593065Z,3,v1-metrics-only
f0ecbee4-58b9-416c-bad3-7d699e4f9b65,0.9999429694455809,2025-09-24T15:10:58.593065Z,3,v1-metrics-only
2df1fde1-8e0b-40d7-911a-5f2703edbd07,0.9999429688447483,2025-09-24T15:10:58.593065Z,3,v1-metrics-only
9af08dc3-4067-404b-b4a0-a3e4ea418922,0.9999429686663427,2025-09-24T15:10:58.593065Z,3,v1-metrics-only
ee3b4bad-11db-4c5a-9611-bfc2cb6cf173,0.9999429684537207,2025-09-24T15:10:58.593065Z,3,v1-metrics-only
aaae9351-55c8-4644-932a-f0c454b9c1a0,0.9999429667814451,2025-09-24T15:10:58.593065Z,3,v1-metrics-only
10405448-9792-44c5-b790-65de50454400,0.9999429665414549,2025-09-24T15:10:58.593065Z,3,v1-metrics-only
8750c819-345b-48a2-a2c3-93afd17269eb,0.999942966070739,2025-09-24T15:10:58.593065Z,3,v1-metrics-only
d697e430-024b-4afa-97b4-322772aa2537,0.9999429659278208,2025-09-24T15:10:58.593065Z,3,v1-metrics-only
2c966663-2ea8-4275-b666-af7e29533f17,0.9999429655433548,2025-09-24T15:10:58.593065Z,3,v1-metrics-only
515ce4d0-8f31-4c60-91e5-760bfd9a18cd,0.9999429651927069,2025-09-24T15:10:58.593065Z,3,v1-metrics-only
d9582a46-e3c4-4339-9187-2f2e6b015e7b,0.9999429647148845,2025-09-24T15:10:58.593065Z,3,v1-metrics-only
1ef95bf6-1c34-47bf-847a-418ef71e9f47,0.9999429645241832,2025-09-24T15:10:58.593065Z,3,v1-metrics-only
85b7760a-80b1-413d-a55b-54425c9a47e1,0.9999429633116822,2025-09-24T15:10:58.593065Z,3,v1-metrics-only
c38240bf-f5f0-4643-ba26-3ba9f62f78cc,0.9999429619770596,2025-09-24T15:10:58.593065Z,3,v1-metrics-only
479c6b6f-0d0d-46c7-9622-128775c0791a,0.9999429597802236,2025-09-24T15:10:58.593065Z,3,v1-metrics-only
ebd3291d-cb94-4bb2-b07e-4869ece2440c,0.9999429579422342,2025-09-24T15:10:58.593065Z,3,v1-metrics-only
e59b3347-c2d5-4419-a24a-ebd2344e68df,0.9999429569107048,2025-09-24T15:10:58.593065Z,3,v1-metrics-only
7042f8c9-51b9-43e0-a794-8ed73b6f3f4a,0.9999429567258418,2025-09-24T15:10:58.593065Z,3,v1-metrics-only
f8668ca0-7feb-43f8-9d87-5b3ec975cd2c,0.9999429563078929,2025-09-24T15:10:58.593065Z,3,v1-metrics-only
a111d6f0-7c90-4bc0-9755-8175281868de,0.999942956030628,2025-09-24T15:10:58.593065Z,3,v1-metrics-only
f5b2338e-2190-423f-a20e-ad45877da53e,0.9999429557040979,2025-09-24T15:10:58.593065Z,3,v1-metrics-only
62ed2ab1-dbcb-4c58-9a45-1c0b7abc0e02,0.9999429551373792,2025-09-24T15:10:58.593065Z,3,v1-metrics-only
982e344f-5a30-4708-86f3-90cdfc18858a,0.9999429536493171,2025-09-24T15:10:58.593065Z,3,v1-metrics-only
59a5a27f-6eb2-4dd1-a884-81b16b3474f6,0.9999429533059793,2025-09-24T15:10:58.593065Z,3,v1-metrics-only
55894235-15d5-4795-8467-277e6a4aa5d3,0.9999429520475487,2025-09-24T15:10:58.593065Z,3,v1-metrics-only
d4762591-c36b-44cf-a8f6-de5f90a682b9,0.9999429501840869,2025-09-24T15:10:58.593065Z,3,v1-metrics-only
e7ebbb5e-7594-41cc-9e97-bfcbfcf37a1e,0.9999429501835245,2025-09-24T15:10:58.593065Z,3,v1-metrics-only
78e7527f-d85a-4433-87e1-59448d3f1c44,0.9999429501609705,2025-09-24T15:10:58.593065Z,3,v1-metrics-only
79d0c8a5-cccb-4e2b-9b7f-5c1754b5a664,0.9999429495603962,2025-09-24T15:10:58.593065Z,3,v1-metrics-only
4bfe2974-69e8-4c1a-a4f4-6c66839a1428,0.9999429481749391,2025-09-24T15:10:58.593065Z,3,v1-metrics-only
b1a15c27-84a0-488e-88f1-b9cc4ef2c1b2,0.9999429480555083,2025-09-24T15:10:58.593065Z,3,v1-metrics-only
a9204726-9d4b-41c4-bdea-c0e23fbe3c5c,0.9999429456117651,2025-09-24T15:10:58.593065Z,3,v1-metrics-only
404a7dd6-ab7e-413e-8828-be5956935ea0,0.9999429441365792,2025-09-24T15:10:58.593065Z,3,v1-metrics-only
44495928-0d83-48e2-813b-4e2fa675e710,0.9999429434249008,2025-09-24T15:10:58.593065Z,3,v1-metrics-only
4545aad3-9588-49cc-8234-72d0b029af55,0.9999429429081652,2025-09-24T15:10:58.593065Z,3,v1-metrics-only
85296b27-7956-4dec-84d7-b2674913a3e6,0.9999429394208313,2025-09-24T15:10:58.593065Z,3,v1-metrics-only
3c47cd25-a8a7-44c5-8b4f-c2aa694f224c,0.999942934142784,2025-09-24T15:10:58.593065Z,3,v1-metrics-only
019b7753-5b69-42be-9b68-9d11394df183,0.999942930089421,2025-09-24T15:10:58.593065Z,3,v1-metrics-only
bc4b2336-885d-435a-8ab1-3898b1645273,0.9999429295999419,2025-09-24T15:10:58.593065Z,3,v1-metrics-only
f3809729-a159-43f7-bae4-98db5ee4b5ec,0.9999429277118572,2025-09-24T15:10:58.593065Z,3,v1-metrics-only
9df7a516-9b54-4461-9fb7-376f251c1cf3,0.9999429182658258,2025-09-24T15:10:58.593065Z,3,v1-metrics-only
31178197-d467-41a4-a2ad-ff55c0eb362a,0.9999429122761155,2025-09-24T15:10:58.593065Z,3,v1-metrics-only
c898ae70-6be9-4afc-afa3-e68e05273a2b,0.9999429114386066,2025-09-24T15:10:58.593065Z,3,v1-metrics-only
69cf934a-3759-4e39-9c4f-8e4d66090631,0.9999428819683895,2025-09-24T15:10:58.593065Z,3,v1-metrics-only
3109d7ee-9545-4dec-aeb3-c80296c275f1,0.9999428534627636,2025-09-24T15:10:58.593065Z,3,v1-metrics-only
ba66b7a2-8cda-4495-a021-6ebb5f4b9703,0.9999220391961694,2025-09-24T15:10:58.593065Z,3,v1-metrics-only
32de2a7c-66c9-499b-a9ff-67f6b22fde69,0.9999220391950002,2025-09-24T15:10:58.593065Z,3,v1-metrics-only
411c289f-c60e-4079-8fa3-d240c0ba6bdc,0.9999220380849557,2025-09-24T15:10:58.593065Z,3,v1-metrics-only
96673557-d4cc-472d-8dfe-66152db70cac,0.9999220379898003,2025-09-24T15:10:58.593065Z,3,v1-metrics-only
5eb8461a-8ae7-4adc-86f4-5d46d112d814,0.9999220379715793,2025-09-24T15:10:58.593065Z,3,v1-metrics-only
ca29c124-866f-4f09-b5f9-03885f5babb9,0.9999220378391136,2025-09-24T15:10:58.593065Z,3,v1-metrics-only
d2702d94-ccea-4b91-bf97-4daf5b812493,0.999922037614711,2025-09-24T15:10:58.593065Z,3,v1-metrics-only
ccae97b6-bc2c-455e-9236-f902353fbf5b,0.9999220375060138,2025-09-24T15:10:58.593065Z,3,v1-metrics-only
c083e157-8020-4908-86a7-9b697f67ebb2,0.9999220374673744,2025-09-24T15:10:58.593065Z,3,v1-metrics-only
2af08dc5-2364-4459-9276-ca39118849d0,0.9999220355899837,2025-09-24T15:10:58.593065Z,3,v1-metrics-only
9fcc6925-2f88-4f02-858b-efc0744c183a,0.9999220354543911,2025-09-24T15:10:58.593065Z,3,v1-metrics-only
8fdb7f6d-4d49-43a7-86b3-8b417d9c0cbc,0.9999220315186561,2025-09-24T15:10:58.593065Z,3,v1-metrics-only
b1205bef-b607-4b01-9a02-06bacdba875b,0.9999220297218137,2025-09-24T15:10:58.593065Z,3,v1-metrics-only
6e454e1f-2bd0-49ca-a062-7679329d7257,0.9999220270815755,2025-09-24T15:10:58.593065Z,3,v1-metrics-only
a0ff68a0-8779-4009-b8a0-30c95cc1b347,0.9999220269684302,2025-09-24T15:10:58.593065Z,3,v1-metrics-only
82093f81-342e-41aa-a6ec-578a2864a82e,0.9999220255153928,2025-09-24T15:10:58.593065Z,3,v1-metrics-only
eaadf81e-7b37-4231-92df-1878e8658235,0.9999220254468942,2025-09-24T15:10:58.593065Z,3,v1-metrics-only
1457ac4a-c875-4110-8f6d-fc0f14d78473,0.9999220254299116,2025-09-24T15:10:58.593065Z,3,v1-metrics-only
fea8b1b5-5a8e-49ba-a575-7f25e75961d3,0.9999220250942111,2025-09-24T15:10:58.593065Z,3,v1-metrics-only
49805db7-1eb3-428c-8892-a7e70d6bc9c4,0.9999220249101258,2025-09-24T15:10:58.593065Z,3,v1-metrics-only
9ae9534e-9c07-4539-891c-bfcce7d4ff3b,0.9999220242098982,2025-09-24T15:10:58.593065Z,3,v1-metrics-only
c9a355bc-4118-4d99-853b-7e277e0e41c9,0.9999220221150901,2025-09-24T15:10:58.593065Z,3,v1-metrics-only
36d04ab3-8dc9-4d20-ae6a-52e060614395,0.9999220220743327,2025-09-24T15:10:58.593065Z,3,v1-metrics-only
1dc1ac41-96a0-4ef0-9b41-aab3ff667eba,0.9999220217005585,2025-09-24T15:10:58.593065Z,3,v1-metrics-only
0850b612-3950-41e3-8ce0-11737d091b64,0.9999220207442185,2025-09-24T15:10:58.593065Z,3,v1-metrics-only
2d07d31a-e76b-40c7-8aac-69d0f66b5312,0.9999220207260204,2025-09-24T15:10:58.593065Z,3,v1-metrics-only
becf4ec6-9db3-4aa3-aa0d-cb032556c1fb,0.9999220202137642,2025-09-24T15:10:58.593065Z,3,v1-metrics-only
8a25dcc9-325b-4a95-951a-8ea653808be2,0.9999220189294787,2025-09-24T15:10:58.593065Z,3,v1-metrics-only
8a475abd-cdd3-4c26-861a-3f068314c867,0.9999220187147365,2025-09-24T15:10:58.593065Z,3,v1-metrics-only
cce41020-05d5-4452-bb45-35a4203cb747,0.9999220186145236,2025-09-24T15:10:58.593065Z,3,v1-metrics-only
010ccfd4-e940-4f1f-adb3-91f7d5f0bc27,0.9999220179980955,2025-09-24T15:10:58.593065Z,3,v1-metrics-only
a04748ac-7581-436f-9f83-74e49b93ee6b,0.9999220169661726,2025-09-24T15:10:58.593065Z,3,v1-metrics-only
a467aa3c-59c5-461d-aee5-2ca6e11a8e3d,0.9999220158356872,2025-09-24T15:10:58.593065Z,3,v1-metrics-only
9dc2282b-b259-4048-a57a-84a2c88fe46e,0.9999220154252689,2025-09-24T15:10:58.593065Z,3,v1-metrics-only
1121435c-8296-4816-baf4-6473669badaf,0.9999220096701684,2025-09-24T15:10:58.593065Z,3,v1-metrics-only
00b2744b-14d6-43a5-885d-232b3e4b7b0a,0.9999220091247124,2025-09-24T15:10:58.593065Z,3,v1-metrics-only
9ce67277-b21d-46db-851e-9b510b9e30e0,0.999922008572659,2025-09-24T15:10:58.593065Z,3,v1-metrics-only
2ed86b15-7378-465e-ba18-ed252848712c,0.9999220078323086,2025-09-24T15:10:58.593065Z,3,v1-metrics-only
f268cfe0-5c55-4c0b-b63e-5bd4c014f2c2,0.999922007541561,2025-09-24T15:10:58.593065Z,3,v1-metrics-only
e1cdeef0-92de-4616-958d-d59eb5a2e1c1,0.9999220067367496,2025-09-24T15:10:58.593065Z,3,v1-metrics-only
cf57dc6c-144c-4186-9239-234b73974baa,0.9999220064859067,2025-09-24T15:10:58.593065Z,3,v1-metrics-only
83d64120-d5e7-4b26-b83d-b2219024beac,0.9999220052411902,2025-09-24T15:10:58.593065Z,3,v1-metrics-only
d7147c7f-cda8-429f-970f-a336fff6d4f0,0.9999220048522626,2025-09-24T15:10:58.593065Z,3,v1-metrics-only
88c85b3a-39ff-4cbc-a7bb-457ac7a778a4,0.9999220041831237,2025-09-24T15:10:58.593065Z,3,v1-metrics-only
c20542b0-a3d2-45ca-a121-f6296ef5ae6a,0.9999220036988616,2025-09-24T15:10:58.593065Z,3,v1-metrics-only
c7627650-238f-468c-a4ce-be81d2e99dbd,0.9999220036922375,2025-09-24T15:10:58.593065Z,3,v1-metrics-only
fb02ada2-e615-472a-ac15-654e4c78ffbf,0.9999220027998867,2025-09-24T15:10:58.593065Z,3,v1-metrics-only
1653db57-504f-443e-95f9-efaf04ccb8cd,0.9999220011318641,2025-09-24T15:10:58.593065Z,3,v1-metrics-only
9bba45f3-78cd-45bb-b413-66e6cbbb716f,0.9999219997791312,2025-09-24T15:10:58.593065Z,3,v1-metrics-only
d36a21aa-57f2-4190-8e43-cb5b789d716a,0.9999219987659725,2025-09-24T15:10:58.593065Z,3,v1-metrics-only
1820d636-4396-406b-8ffd-f99a3a929382,0.9999219979018575,2025-09-24T15:10:58.593065Z,3,v1-metrics-only
eb7d240b-fcd8-4de1-9104-4505c85db54a,0.9999219972702158,2025-09-24T15:10:58.593065Z,3,v1-metrics-only
8c2a39ba-c546-4520-8415-2d58ced519e5,0.9999219958889607,2025-09-24T15:10:58.593065Z,3,v1-metrics-only
0b1d32c9-a5bc-48fb-9bb2-897afc133a69,0.9999219947862884,2025-09-24T15:10:58.593065Z,3,v1-metrics-only
784976b4-a654-4f49-8337-4c8d4115eb10,0.9999219944145249,2025-09-24T15:10:58.593065Z,3,v1-metrics-only
81853109-44b3-46e7-915b-933e9b7f39ea,0.9999219930837212,2025-09-24T15:10:58.593065Z,3,v1-metrics-only
6e777950-54d2-436c-a069-57dd6731d473,0.999921990673015,2025-09-24T15:10:58.593065Z,3,v1-metrics-only
d6b929f4-2852-4d6b-b816-2cf7812b7d4f,0.999921985935346,2025-09-24T15:10:58.593065Z,3,v1-metrics-only
864df466-8d4a-47ff-a494-328e4138f200,0.9999219849573202,2025-09-24T15:10:58.593065Z,3,v1-metrics-only
ad161f13-5ed0-4186-b156-f79d0fb68d9d,0.9999219848325736,2025-09-24T15:10:58.593065Z,3,v1-metrics-only
a5007a50-6ff0-492c-8811-bfb2979e6944,0.9999219837977986,2025-09-24T15:10:58.593065Z,3,v1-metrics-only
a0b1b591-af24-4c30-8cdd-1e31ce22962c,0.9999219790671922,2025-09-24T15:10:58.593065Z,3,v1-metrics-only
db30a29e-1c37-4b84-9c30-d868bb4d81da,0.9999219748614547,2025-09-24T15:10:58.593065Z,3,v1-metrics-only
ff867839-4277-4dc8-a5b1-ea7867ea2243,0.9999219721325133,2025-09-24T15:10:58.593065Z,3,v1-metrics-only
e100e16d-8092-4960-8a41-ee2bb2ccbb60,0.9999219705597564,2025-09-24T15:10:58.593065Z,3,v1-metrics-only
c5c1f02c-e225-4743-9687-5711d1000211,0.9999219685880404,2025-09-24T15:10:58.593065Z,3,v1-metrics-only
9637909a-d2ba-4894-b215-221a07ad0de7,0.9999219671454918,2025-09-24T15:10:58.593065Z,3,v1-metrics-only
7628f5d1-ef0b-4b75-a7bd-dec5ae88850d,0.9999219669738646,2025-09-24T15:10:58.593065Z,3,v1-metrics-only
82ba8901-eed5-4abd-93da-aafc04d4c93f,0.9999219656582488,2025-09-24T15:10:58.593065Z,3,v1-metrics-only
e61a672e-5a6e-4971-a8a7-a0b7e4c10a38,0.999921962890588,2025-09-24T15:10:58.593065Z,3,v1-metrics-only
50003772-4cf8-4853-b962-518ac259506f,0.9999219556741692,2025-09-24T15:10:58.593065Z,3,v1-metrics-only
22aa7ff0-91cd-42aa-8a8f-66d4ed7544c6,0.9999219511722071,2025-09-24T15:10:58.593065Z,3,v1-metrics-only
1937244a-3912-4e51-9247-f7178af1c7be,0.9999219457212539,2025-09-24T15:10:58.593065Z,3,v1-metrics-only
157ac65e-9acc-41e3-8194-d0e6b0fee253,0.999921937450862,2025-09-24T15:10:58.593065Z,3,v1-metrics-only
8194e0d0-2d32-4c4f-8e51-b660c5102687,0.9999219345956112,2025-09-24T15:10:58.593065Z,3,v1-metrics-only
82c0f34c-6750-4512-9b29-377cd817a500,0.9999219196430466,2025-09-24T15:10:58.593065Z,3,v1-metrics-only
fe091807-d498-403d-a821-8b4b1ab5211c,0.999921915566086,2025-09-24T15:10:58.593065Z,3,v1-metrics-only
ab328f1e-368e-4106-a169-fc18d8930ed2,0.9999218969684825,2025-09-24T15:10:58.593065Z,3,v1-metrics-only
c1dc90fd-e3e7-46d3-831f-8d61f26f4cf3,0.999921837824097,2025-09-24T15:10:58.593065Z,3,v1-metrics-only
ee9b6c05-9376-4f00-8ab2-ac02b89a65fe,0.9999217782441822,2025-09-24T15:10:58.593065Z,3,v1-metrics-only
b196f8f2-a41f-450b-bef8-4831de113d09,0.9999217661873987,2025-09-24T15:10:58.593065Z,3,v1-metrics-only
8829f885-6129-4c0f-8526-9cb4652de097,0.9998954660805924,2025-09-24T15:10:58.593065Z,3,v1-metrics-only
308b4326-3f39-4acd-9ab7-9ec06ee2906f,0.9998954641459844,2025-09-24T15:10:58.593065Z,3,v1-metrics-only
4eaf318a-2cc3-4035-97ef-5fc2dd10d5d3,0.9998954640926896,2025-09-24T15:10:58.593065Z,3,v1-metrics-only
99ee2f43-f622-439c-b3a9-b17c87832c15,0.999895461981279,2025-09-24T15:10:58.593065Z,3,v1-metrics-only
fad2e532-2541-452e-b5f1-83c43ccad175,0.9998954616882433,2025-09-24T15:10:58.593065Z,3,v1-metrics-only
98120be1-cd9f-44cd-ac21-e51b43881569,0.9998954609085581,2025-09-24T15:10:58.593065Z,3,v1-metrics-only
e0dbaaf1-dd2a-4196-aece-07fa798e361b,0.9998954606205944,2025-09-24T15:10:58.593065Z,3,v1-metrics-only
01d00b8f-8335-498e-9eba-5d8294235b03,0.9998954605684476,2025-09-24T15:10:58.593065Z,3,v1-metrics-only
b762f48e-5f81-477e-9743-d452548ea94b,0.9998954604907418,2025-09-24T15:10:58.593065Z,3,v1-metrics-only
a3269770-94c7-40e7-bd0b-9086cabbf163,0.9998954604832465,2025-09-24T15:10:58.593065Z,3,v1-metrics-only
3b230561-2113-4fc1-8a6c-924399b81ed9,0.999895460081359,2025-09-24T15:10:58.593065Z,3,v1-metrics-only
5a54bd5e-bc08-4852-befc-cff0f7c2d3f9,0.9998954598922535,2025-09-24T15:10:58.593065Z,3,v1-metrics-only
1a6b7642-1cf4-47e1-ac92-ae3c7dee34b4,0.9998954597258718,2025-09-24T15:10:58.593065Z,3,v1-metrics-only
f1060f59-ac23-4a12-a6a1-ea40c7d0b0f8,0.9998954597019828,2025-09-24T15:10:58.593065Z,3,v1-metrics-only
384bd388-fae4-4a4e-9081-6e97165d7390,0.99989545812642,2025-09-24T15:10:58.593065Z,3,v1-metrics-only
5255f399-e4a4-4b74-bfc0-e11a84f91f66,0.9998954579494487,2025-09-24T15:10:58.593065Z,3,v1-metrics-only
b6a78550-3642-49e9-828f-74f86c8fa6d1,0.999895456245708,2025-09-24T15:10:58.593065Z,3,v1-metrics-only
e3b55b93-7372-4b04-a39e-87beab4ab37a,0.9998954561177587,2025-09-24T15:10:58.593065Z,3,v1-metrics-only
ce951884-bff1-4398-867b-8145e78d25da,0.9998954556912422,2025-09-24T15:10:58.593065Z,3,v1-metrics-only
2b4d1634-1bb7-4d56-981b-16b714732f0c,0.9998954556091912,2025-09-24T15:10:58.593065Z,3,v1-metrics-only
f18742c4-db8b-4efa-8cf1-469e1d6e356a,0.9998954554574713,2025-09-24T15:10:58.593065Z,3,v1-metrics-only
2cb1e42f-5ea9-4c5f-bb4d-9e3a7e95fcb7,0.9998954554443933,2025-09-24T15:10:58.593065Z,3,v1-metrics-only
7fb68c77-cb7b-4656-a97b-907f068a16be,0.9998954549381737,2025-09-24T15:10:58.593065Z,3,v1-metrics-only
f8674325-0325-4d58-b81e-7dfe6ec64dfb,0.9998954531142052,2025-09-24T15:10:58.593065Z,3,v1-metrics-only
0748175f-9a12-4919-8233-33c7b187f869,0.9998954529763151,2025-09-24T15:10:58.593065Z,3,v1-metrics-only
daaa7116-a311-4aed-93b3-500e1302e814,0.9998954528537285,2025-09-24T15:10:58.593065Z,3,v1-metrics-only
1a6d5b7c-eba2-4786-8a64-57b6578eb534,0.9998954515810446,2025-09-24T15:10:58.593065Z,3,v1-metrics-only
5cbff725-e6e3-4c0d-a448-5718fcffcf0d,0.9998954514676069,2025-09-24T15:10:58.593065Z,3,v1-metrics-only
d7f26a55-bac2-4106-921e-53187377783d,0.9998954499993786,2025-09-24T15:10:58.593065Z,3,v1-metrics-only
f32a9ed9-4aee-4f0a-a797-f9d7df2ad6a6,0.9998954492295875,2025-09-24T15:10:58.593065Z,3,v1-metrics-only
2bb53d30-e2a2-435d-863e-f58dcb8f72af,0.9998954490449526,2025-09-24T15:10:58.593065Z,3,v1-metrics-only
4a497085-26d0-47e8-bd9e-2d6032b76f62,0.9998954472328574,2025-09-24T15:10:58.593065Z,3,v1-metrics-only
4d21ec4b-0bb8-44be-a19c-d34a81be0652,0.9998954470153302,2025-09-24T15:10:58.593065Z,3,v1-metrics-only
19e8ff80-c4dc-4bbc-a310-a044cc15730c,0.9998954463320816,2025-09-24T15:10:58.593065Z,3,v1-metrics-only
97d5488f-081b-4de1-84d9-aca83df5d318,0.9998954436326685,2025-09-24T15:10:58.593065Z,3,v1-metrics-only
f25f18f1-a5c7-427c-8702-32177dca8682,0.9998954429669885,2025-09-24T15:10:58.593065Z,3,v1-metrics-only
4037c715-6506-4bde-91c8-d85fd5dd6093,0.9998954427961776,2025-09-24T15:10:58.593065Z,3,v1-metrics-only
3a7bea4b-7c3e-4439-904f-0aaf4ed1162f,0.9998954418272934,2025-09-24T15:10:58.593065Z,3,v1-metrics-only
5e244042-2a1b-465a-9fda-40a65de7dc68,0.999895439950976,2025-09-24T15:10:58.593065Z,3,v1-metrics-only
fae9a331-1996-4654-a254-33b24245f93c,0.9998954378883856,2025-09-24T15:10:58.593065Z,3,v1-metrics-only
fe1ca8d4-4e93-4a01-b19a-050c99915b6d,0.9998954378746078,2025-09-24T15:10:58.593065Z,3,v1-metrics-only
7c6b2713-98e3-4cca-a8ff-2af6f7e0e37b,0.9998954378002991,2025-09-24T15:10:58.593065Z,3,v1-metrics-only
4d21c025-7c10-489c-b83e-85d1c3bb8c66,0.9998954374326876,2025-09-24T15:10:58.593065Z,3,v1-metrics-only
daf79a66-8e59-421f-a692-b5d392da8695,0.9998954368532583,2025-09-24T15:10:58.593065Z,3,v1-metrics-only
3708ef1e-550c-4180-bd11-4258496e0dc3,0.9998954341064364,2025-09-24T15:10:58.593065Z,3,v1-metrics-only
cba0f848-bbe4-482e-bfba-7a77f6bf6646,0.9998954332366646,2025-09-24T15:10:58.593065Z,3,v1-metrics-only
661affd1-8a31-40e0-af92-24e9ea75dbd3,0.9998954327668067,2025-09-24T15:10:58.593065Z,3,v1-metrics-only
ce211790-cf19-47e6-bdc0-c072b4cc9d54,0.9998954323448718,2025-09-24T15:10:58.593065Z,3,v1-metrics-only
aad74700-3fde-46a4-935a-7ed20fc0c5ed,0.9998954312979543,2025-09-24T15:10:58.593065Z,3,v1-metrics-only
d646f8c2-982e-4496-828f-7a20b3760272,0.9998954305639504,2025-09-24T15:10:58.593065Z,3,v1-metrics-only
606b64c6-a910-4659-b126-7c1b934e9978,0.9998954295554874,2025-09-24T15:10:58.593065Z,3,v1-metrics-only
0def33bf-4d0a-41c8-ae3f-c5020521d075,0.9998954295548435,2025-09-24T15:10:58.593065Z,3,v1-metrics-only
435885f2-7f9f-4fbf-9f26-ab445c0f9147,0.9998954291735879,2025-09-24T15:10:58.593065Z,3,v1-metrics-only
a520edfa-365f-4585-b36f-833d96fdc345,0.9998954290078423,2025-09-24T15:10:58.593065Z,3,v1-metrics-only
416fb38f-a344-4b39-ab96-261f5d126fc9,0.9998954283114141,2025-09-24T15:10:58.593065Z,3,v1-metrics-only
e02a2f03-333a-478e-bf3a-d49c53530f9f,0.9998954282930052,2025-09-24T15:10:58.593065Z,3,v1-metrics-only
3959f28a-dfbc-4c20-b8c2-c7cc1cda837d,0.9998954254958,2025-09-24T15:10:58.593065Z,3,v1-metrics-only
45fd584e-e2c8-4652-84ab-151e4474c652,0.9998954241143987,2025-09-24T15:10:58.593065Z,3,v1-metrics-only
99d27ff8-de63-4e35-9bc9-6b84074e871f,0.9998954228127888,2025-09-24T15:10:58.593065Z,3,v1-metrics-only
69828d9a-23e8-42d7-9a07-91a38504aa02,0.9998954189148933,2025-09-24T15:10:58.593065Z,3,v1-metrics-only
8bc4c9ed-e807-41f1-b937-d7f0f8a1d191,0.999895417439611,2025-09-24T15:10:58.593065Z,3,v1-metrics-only
d2e1e70c-1220-4fd5-b9ad-3a332285d788,0.9998954170011081,2025-09-24T15:10:58.593065Z,3,v1-metrics-only
7327de32-1fb3-477b-867b-85df579bdb79,0.9998954159569955,2025-09-24T15:10:58.593065Z,3,v1-metrics-only
c6a5ad51-3fb2-4b57-b672-f70d296ecddf,0.9998954156737864,2025-09-24T15:10:58.593065Z,3,v1-metrics-only
2cc2b739-30f8-4956-8e77-513fb057ca11,0.9998954151048685,2025-09-24T15:10:58.593065Z,3,v1-metrics-only
0cf81293-7a5c-48e8-b7b8-8a2069a39867,0.9998954137225854,2025-09-24T15:10:58.593065Z,3,v1-metrics-only
0fbca3ed-44d3-44eb-92ea-afee99477576,0.9998954121940359,2025-09-24T15:10:58.593065Z,3,v1-metrics-only
971f6cdc-22fa-4964-8bc9-4648dc7824f4,0.9998954079022156,2025-09-24T15:10:58.593065Z,3,v1-metrics-only
57af099f-7593-48fe-aff6-9219bf7bdd24,0.9998954071090066,2025-09-24T15:10:58.593065Z,3,v1-metrics-only
6f564ada-3438-4c9a-a0f1-d5cff4a880eb,0.9998954070735605,2025-09-24T15:10:58.593065Z,3,v1-metrics-only
08e6e9a2-5438-456c-881c-a42c597d8a40,0.9998954068076623,2025-09-24T15:10:58.593065Z,3,v1-metrics-only
065c5194-b678-44dd-9df6-29101fa5d57b,0.9998954045712962,2025-09-24T15:10:58.593065Z,3,v1-metrics-only
35ab35ad-5ed2-4e26-bc9a-c49123bb28a6,0.9998954036860468,2025-09-24T15:10:58.593065Z,3,v1-metrics-only
d15ec2a6-f8e0-4eb0-983e-57f3f54bd6ba,0.999895402411888,2025-09-24T15:10:58.593065Z,3,v1-metrics-only
eddf214e-60bb-475a-aaaf-f3e75d517f0a,0.9998953972276182,2025-09-24T15:10:58.593065Z,3,v1-metrics-only
2643dea1-ccbe-4dd7-ac97-a5a3d7a27e12,0.9998953953800094,2025-09-24T15:10:58.593065Z,3,v1-metrics-only
66e16738-0686-4928-ab32-53571ee18a2f,0.9998953945261214,2025-09-24T15:10:58.593065Z,3,v1-metrics-only
6e0a2da3-f49c-4be0-ab34-5320a3cc74b1,0.9998953904060677,2025-09-24T15:10:58.593065Z,3,v1-metrics-only
ccf11c74-e93a-4600-b665-68e5f7f9da25,0.9998953893412316,2025-09-24T15:10:58.593065Z,3,v1-metrics-only
d08250b4-b3d9-4846-9aef-459af3cb1135,0.9998953700527679,2025-09-24T15:10:58.593065Z,3,v1-metrics-only
404bdacc-8b1c-4062-a8ba-4560deed497b,0.999895352720207,2025-09-24T15:10:58.593065Z,3,v1-metrics-only
a499369c-600f-4c95-8c4f-15b27de0781d,0.9998953405124474,2025-09-24T15:10:58.593065Z,3,v1-metrics-only
2b0a442a-b66d-462a-8665-6f26d5fef0d4,0.9998952889456727,2025-09-24T15:10:58.593065Z,3,v1-metrics-only
9f5e6180-2877-4c37-b062-79819fbd3fe8,0.9998619056440595,2025-09-24T15:10:58.593065Z,3,v1-metrics-only
90bf88f2-60fe-4741-96f2-8cd728291276,0.9998619046265328,2025-09-24T15:10:58.593065Z,3,v1-metrics-only
42b9a85e-17a1-480a-9821-6ab8f0d9ee99,0.9998619004154204,2025-09-24T15:10:58.593065Z,3,v1-metrics-only
1d60474e-ea69-4f3c-8f1f-5fa7003e4d40,0.9998619000568246,2025-09-24T15:10:58.593065Z,3,v1-metrics-only
4b5f52f1-9647-4b96-89ac-08676aab1999,0.9998618991733154,2025-09-24T15:10:58.593065Z,3,v1-metrics-only
e09a13af-7fc5-4fa5-8524-f978fdc22f1a,0.999861898254096,2025-09-24T15:10:58.593065Z,3,v1-metrics-only
7ba78894-c1f2-4a33-aa1e-3bf8fcba70f2,0.9998618980206907,2025-09-24T15:10:58.593065Z,3,v1-metrics-only
e3b1ff1e-e31f-4ca6-99e8-68ee8c313d73,0.9998618967111274,2025-09-24T15:10:58.593065Z,3,v1-metrics-only
36d78e8a-1f35-4b90-8d88-36086c1d12f6,0.9998618966750513,2025-09-24T15:10:58.593065Z,3,v1-metrics-only
613675aa-9e33-4d93-89a2-22f0d4207036,0.9998618963719746,2025-09-24T15:10:58.593065Z,3,v1-metrics-only
e7f3cfca-eda1-48a6-9d2f-f614bc5dbd21,0.9998618961491821,2025-09-24T15:10:58.593065Z,3,v1-metrics-only
d96ef0eb-e244-4ec7-a497-32b8fbe8c3af,0.9998618957340865,2025-09-24T15:10:58.593065Z,3,v1-metrics-only
4c6fe2ef-1713-433e-adfd-82cb5d6e5db3,0.9998618928163336,2025-09-24T15:10:58.593065Z,3,v1-metrics-only
cbc604d8-d1cd-414f-b43c-a207b27ba22c,0.9998618925531894,2025-09-24T15:10:58.593065Z,3,v1-metrics-only
d6015a2b-6ba5-46de-9db6-ce04ed5e9537,0.9998618923704186,2025-09-24T15:10:58.593065Z,3,v1-metrics-only
90a64857-98bb-41df-afd5-e01a2b0501d2,0.9998618919846791,2025-09-24T15:10:58.593065Z,3,v1-metrics-only
dccb0cc3-c581-4d0d-abfe-fad8d47885a4,0.9998618910777511,2025-09-24T15:10:58.593065Z,3,v1-metrics-only
4e6581cc-8718-45bc-b501-c59fe8300945,0.9998618898133129,2025-09-24T15:10:58.593065Z,3,v1-metrics-only
30f6c0e7-913b-4e0f-9330-408e30e46a0f,0.9998618879163017,2025-09-24T15:10:58.593065Z,3,v1-metrics-only
a73e1650-f132-4afd-8386-236dd8820d46,0.9998618875479811,2025-09-24T15:10:58.593065Z,3,v1-metrics-only
c88b5fdd-4fa9-4821-a021-a9a305ae1056,0.9998618843189311,2025-09-24T15:10:58.593065Z,3,v1-metrics-only
8f04dc00-46df-4c2a-a801-d3060f7a275b,0.9998618837617219,2025-09-24T15:10:58.593065Z,3,v1-metrics-only
1c8f62cf-f816-40ad-977e-492f64c24bfb,0.9998618835888298,2025-09-24T15:10:58.593065Z,3,v1-metrics-only
a27350bc-8d58-4db6-bbf8-0da334d51c42,0.9998618826779913,2025-09-24T15:10:58.593065Z,3,v1-metrics-only
3b6fed1d-d565-4ac0-9e7e-aef281446bef,0.9998618780250857,2025-09-24T15:10:58.593065Z,3,v1-metrics-only
f90667aa-0466-4777-ace5-28970ae29ab0,0.9998618774744644,2025-09-24T15:10:58.593065Z,3,v1-metrics-only
c0a60f87-fe47-446d-b0cc-22fc14f0f3e9,0.9998618766610079,2025-09-24T15:10:58.593065Z,3,v1-metrics-only
6600e210-ea7b-4568-b135-4ccb8403d3ac,0.9998618762890388,2025-09-24T15:10:58.593065Z,3,v1-metrics-only
6d0a5e82-e8d6-4c5b-aed0-f9ae016dd504,0.9998618750575082,2025-09-24T15:10:58.593065Z,3,v1-metrics-only
42695f54-7e3f-4b93-955a-e3a43ebf9573,0.9998618739019502,2025-09-24T15:10:58.593065Z,3,v1-metrics-only
3a51421f-fdde-4b52-aa20-67301b3b1f9c,0.9998618735215777,2025-09-24T15:10:58.593065Z,3,v1-metrics-only
769f1f98-185a-4d47-b69e-4b033e4d2b3b,0.9998618733735879,2025-09-24T15:10:58.593065Z,3,v1-metrics-only
0eee9534-51d0-4ca3-af3c-50a8c90586ca,0.999861872249791,2025-09-24T15:10:58.593065Z,3,v1-metrics-only
dcd95f89-989c-49ec-9084-d2e31d213f38,0.9998618694646726,2025-09-24T15:10:58.593065Z,3,v1-metrics-only
ba3c1351-1299-4e46-b9cc-1c94b08ec5cd,0.9998618683771062,2025-09-24T15:10:58.593065Z,3,v1-metrics-only
190e60fa-50fd-4237-b948-cfb1bef2bf26,0.9998618683456882,2025-09-24T15:10:58.593065Z,3,v1-metrics-only
4bede622-30f7-4617-87e9-7aba51a7748d,0.9998618666364827,2025-09-24T15:10:58.593065Z,3,v1-metrics-only
cb474fef-8992-4bca-9874-c4ddbf18e5ba,0.9998618652376996,2025-09-24T15:10:58.593065Z,3,v1-metrics-only
139e3c4b-7159-4d2f-9249-cc6462fdef03,0.9998618635112,2025-09-24T15:10:58.593065Z,3,v1-metrics-only
9e1bc5ba-c19c-4e80-bc29-97cb6ba09d4a,0.9998618627269072,2025-09-24T15:10:58.593065Z,3,v1-metrics-only
95ada078-5f03-4edc-8904-1b6c42ae8305,0.9998618622676967,2025-09-24T15:10:58.593065Z,3,v1-metrics-only
7ee83718-5df5-4611-bbdb-b91c9437b9e6,0.9998618592470851,2025-09-24T15:10:58.593065Z,3,v1-metrics-only
971d9d2d-11ec-458c-ae0f-70dea961b5f6,0.9998618530121736,2025-09-24T15:10:58.593065Z,3,v1-metrics-only
7bbb6837-e9d8-4460-8d72-d54a504895e2,0.9998618528857264,2025-09-24T15:10:58.593065Z,3,v1-metrics-only
f0eefcdd-0350-4561-af7e-3a383f23ccdf,0.9998618524087216,2025-09-24T15:10:58.593065Z,3,v1-metrics-only
ba6b6ac4-c270-4f11-8f1e-68656367701d,0.9998618492980698,2025-09-24T15:10:58.593065Z,3,v1-metrics-only
1248d5c7-2813-43e3-9404-a7fa3ea924c7,0.9998618480907535,2025-09-24T15:10:58.593065Z,3,v1-metrics-only
e08407a9-1d00-4e9b-a3ae-ebd28cc9bf36,0.9998618366786467,2025-09-24T15:10:58.593065Z,3,v1-metrics-only
4e38e20a-7e84-41b3-b0f3-aefff477f3d6,0.9998618332403209,2025-09-24T15:10:58.593065Z,3,v1-metrics-only
3a91dc36-f9e0-47a4-b452-26b83dae2ce0,0.999861831877103,2025-09-24T15:10:58.593065Z,3,v1-metrics-only
2417fa65-0562-424e-b1ff-2b0590ec7c28,0.9998618307186854,2025-09-24T15:10:58.593065Z,3,v1-metrics-only
ffa95ec2-5546-4bef-b196-cb9cd63820c7,0.9998618298047864,2025-09-24T15:10:58.593065Z,3,v1-metrics-only
c710a691-e490-4ec0-acfd-6cd9d64147b7,0.9998618241079168,2025-09-24T15:10:58.593065Z,3,v1-metrics-only
a122f941-ba43-40a5-a1fe-28bb00938fc5,0.9998618175459378,2025-09-24T15:10:58.593065Z,3,v1-metrics-only
24897e18-6ec4-475d-8193-38d46577b2a5,0.9998618170428967,2025-09-24T15:10:58.593065Z,3,v1-metrics-only
baa33748-f12a-4ef6-979c-9b18902b1c1d,0.9998618170276747,2025-09-24T15:10:58.593065Z,3,v1-metrics-only
97fb7aab-d3ee-4a52-b4d8-87cbd44d2da1,0.9998617911512955,2025-09-24T15:10:58.593065Z,3,v1-metrics-only
63b1ff75-692f-4101-af16-96c02d92a449,0.9998617692153345,2025-09-24T15:10:58.593065Z,3,v1-metrics-only
5897feec-4546-4099-90f5-57570e5b32d6,0.9998617442909783,2025-09-24T15:10:58.593065Z,3,v1-metrics-only
47820821-606c-46eb-8ab1-43ea1ce9a19b,0.9998617359699786,2025-09-24T15:10:58.593065Z,3,v1-metrics-only
ca743936-b8a9-4592-a351-b1b7c6578ac6,0.9998617352326588,2025-09-24T15:10:58.593065Z,3,v1-metrics-only
002ee4ed-6085-4969-9cf0-0776607ee397,0.9998617048716227,2025-09-24T15:10:58.593065Z,3,v1-metrics-only
18142272-89ad-4569-a176-674397edb5af,0.9998616934753034,2025-09-24T15:10:58.593065Z,3,v1-metrics-only
efd7ba16-f102-4a6a-a788-78520e8e5405,0.999861691884683,2025-09-24T15:10:58.593065Z,3,v1-metrics-only
cbf5fb99-7c6d-49b3-bcc7-08b025dfa0d1,0.9998196115340878,2025-09-24T15:10:58.593065Z,3,v1-metrics-only
3f5892cd-4111-48f4-a8e3-fe4439168819,0.9998196112146616,2025-09-24T15:10:58.593065Z,3,v1-metrics-only
f784b742-4c95-4ddb-b1ce-87c13426e94a,0.9998196102554281,2025-09-24T15:10:58.593065Z,3,v1-metrics-only
8dc57871-d89e-405e-8ca3-5219b8ebe60a,0.9998196090078219,2025-09-24T15:10:58.593065Z,3,v1-metrics-only
a27f0096-a6ec-4db7-a0b6-231e95621a95,0.999819608279097,2025-09-24T15:10:58.593065Z,3,v1-metrics-only
5f204ee6-c1b2-458f-861a-c8eb262f1424,0.9998196080818014,2025-09-24T15:10:58.593065Z,3,v1-metrics-only
e1834296-55ee-4ca1-b52a-821fe749239c,0.9998196079698579,2025-09-24T15:10:58.593065Z,3,v1-metrics-only
a21eb0d3-a335-424b-921d-923691545039,0.9998196077912503,2025-09-24T15:10:58.593065Z,3,v1-metrics-only
ce913d74-b744-413c-8832-facbab62256c,0.9998196073941016,2025-09-24T15:10:58.593065Z,3,v1-metrics-only
e32aa34e-f7c7-4f72-9d7f-85421b5c8614,0.9998196071269986,2025-09-24T15:10:58.593065Z,3,v1-metrics-only
f167f4bb-71bc-49bf-9a92-5c6becf67f52,0.9998196062117646,2025-09-24T15:10:58.593065Z,3,v1-metrics-only
a1529a87-ba1f-4dd1-b2e9-68bf2e0f2c2c,0.9998196059473443,2025-09-24T15:10:58.593065Z,3,v1-metrics-only
23719638-0d53-4da6-817a-cf37034d97c1,0.9998196058163579,2025-09-24T15:10:58.593065Z,3,v1-metrics-only
c6255c8f-5647-4158-9509-a6aa4b3a25c6,0.9998196057198278,2025-09-24T15:10:58.593065Z,3,v1-metrics-only
ec0b662c-4bbb-4eb0-af18-73222ea2992d,0.9998196056547576,2025-09-24T15:10:58.593065Z,3,v1-metrics-only
d0c3d899-de29-4074-bf7d-abb46da20767,0.9998196056091153,2025-09-24T15:10:58.593065Z,3,v1-metrics-only
78e30c1f-3001-4a92-afff-6d2f029829e0,0.9998196055577871,2025-09-24T15:10:58.593065Z,3,v1-metrics-only
e6047c44-ae02-4005-b197-3bc46e03d15c,0.9998196055445149,2025-09-24T15:10:58.593065Z,3,v1-metrics-only
c23e3d8d-7db3-4cc1-a4da-87a87209c30f,0.9998196054291376,2025-09-24T15:10:58.593065Z,3,v1-metrics-only
179a078c-de8f-423b-b2c5-127c5ddfaa57,0.99981960502279,2025-09-24T15:10:58.593065Z,3,v1-metrics-only
62372212-29f8-4612-adcf-69c1cb51644d,0.99981960472332,2025-09-24T15:10:58.593065Z,3,v1-metrics-only
a83c52a2-f547-4fcd-aa6d-a193cb2866fb,0.9998196047060337,2025-09-24T15:10:58.593065Z,3,v1-metrics-only
bd0d0386-ff02-4fb0-9394-847efa271303,0.9998196041356426,2025-09-24T15:10:58.593065Z,3,v1-metrics-only
c1b60a82-1a32-4da6-8139-86da295427ec,0.9998196038547267,2025-09-24T15:10:58.593065Z,3,v1-metrics-only
8c3de9bf-e3a6-4c18-9cd3-63d8b1b49735,0.9998196034920891,2025-09-24T15:10:58.593065Z,3,v1-metrics-only
f2daeb27-c7d2-4042-b138-8ef0652d1427,0.999819602549181,2025-09-24T15:10:58.593065Z,3,v1-metrics-only
e716d28f-b1d9-4e54-9107-6618a13ab5ca,0.9998196025035454,2025-09-24T15:10:58.593065Z,3,v1-metrics-only
224f91b5-0f6a-49ca-b9c6-6314e96c5636,0.9998196024545105,2025-09-24T15:10:58.593065Z,3,v1-metrics-only
26df100c-4551-4ba1-8bc3-6011a43d5880,0.9998196022845329,2025-09-24T15:10:58.593065Z,3,v1-metrics-only
4a973682-6e26-4072-b73d-68ea551d2080,0.9998196022231467,2025-09-24T15:10:58.593065Z,3,v1-metrics-only
3e9abcf9-9065-447f-b151-415b34599e5d,0.9998196020719837,2025-09-24T15:10:58.593065Z,3,v1-metrics-only
b1051b45-ff02-408f-bb8c-92b6611f659d,0.9998196020559748,2025-09-24T15:10:58.593065Z,3,v1-metrics-only
ab7ae623-bb49-4943-9dbd-1dd76623e9aa,0.9998196019556925,2025-09-24T15:10:58.593065Z,3,v1-metrics-only
be0d7c38-de79-41da-9608-1da42edb5943,0.9998196019235621,2025-09-24T15:10:58.593065Z,3,v1-metrics-only
d8ec0d18-ba43-4869-a0dd-85acb40a335a,0.999819601898162,2025-09-24T15:10:58.593065Z,3,v1-metrics-only
d0025785-6d05-404e-8828-a939ffefa714,0.9998196012503788,2025-09-24T15:10:58.593065Z,3,v1-metrics-only
516a1e30-15c6-4696-b8a9-aa09ac841f68,0.9998196012332605,2025-09-24T15:10:58.593065Z,3,v1-metrics-only
a3d6bbd3-14a9-4be5-b677-a015ecb68e84,0.9998196011842571,2025-09-24T15:10:58.593065Z,3,v1-metrics-only
dd06265c-0590-421f-b9cc-df433538adce,0.9998196010106182,2025-09-24T15:10:58.593065Z,3,v1-metrics-only
2dda8be8-0ac6-4ff2-ad09-fcbc3fbf92f2,0.9998196009108928,2025-09-24T15:10:58.593065Z,3,v1-metrics-only
7144194b-bd30-4e4b-ba73-b86abe656b43,0.9998196004540909,2025-09-24T15:10:58.593065Z,3,v1-metrics-only
398bab70-e0d6-49e7-b51a-37d23bd9f198,0.9998195998783383,2025-09-24T15:10:58.593065Z,3,v1-metrics-only
969734ae-ea97-4cf1-a93e-292045e192b6,0.9998195996632934,2025-09-24T15:10:58.593065Z,3,v1-metrics-only
24f7799e-ce9d-4aab-936d-589543cdfb25,0.9998195990435328,2025-09-24T15:10:58.593065Z,3,v1-metrics-only
a5a5bfad-18db-400a-953c-696823222c96,0.9998195977574265,2025-09-24T15:10:58.593065Z,3,v1-metrics-only
79f53e17-ca5a-4213-baaa-4ec70100faa0,0.9998195976116117,2025-09-24T15:10:58.593065Z,3,v1-metrics-only
7a34d9e3-cd63-4987-951e-a903a25a25c3,0.999819596788797,2025-09-24T15:10:58.593065Z,3,v1-metrics-only
0fa00d8a-b92e-4dfd-bc82-bb3fad502ea6,0.9998195967019738,2025-09-24T15:10:58.593065Z,3,v1-metrics-only
8c5f87d8-6de7-49ba-a93a-ddec2903c65a,0.9998195966126718,2025-09-24T15:10:58.593065Z,3,v1-metrics-only
e195d64d-856c-4651-a687-41a3651517c6,0.9998195964024124,2025-09-24T15:10:58.593065Z,3,v1-metrics-only
d298b3f8-7634-4682-a538-6c70013e1248,0.9998195963199676,2025-09-24T15:10:58.593065Z,3,v1-metrics-only
dd70c18e-7036-4b1c-99d4-6ac28fe3c24d,0.9998195958125373,2025-09-24T15:10:58.593065Z,3,v1-metrics-only
575d1545-3d3b-4468-8cf6-389608021e79,0.9998195956116427,2025-09-24T15:10:58.593065Z,3,v1-metrics-only
c843431a-f06e-4c15-8949-44873930894f,0.9998195945729206,2025-09-24T15:10:58.593065Z,3,v1-metrics-only
ce2087b2-3929-4186-aa1a-d382ea512fae,0.9998195945575384,2025-09-24T15:10:58.593065Z,3,v1-metrics-only
2e030788-2d79-49f3-a6bc-87b3bade8bee,0.9998195945451933,2025-09-24T15:10:58.593065Z,3,v1-metrics-only
34301b6e-a517-4484-9730-0a61551f4f4c,0.999819594388124,2025-09-24T15:10:58.593065Z,3,v1-metrics-only
c4c2dd39-8e09-422d-b376-addf54c392bb,0.999819594155738,2025-09-24T15:10:58.593065Z,3,v1-metrics-only
8df637b6-4373-4373-b284-9610cbd59550,0.9998195930382593,2025-09-24T15:10:58.593065Z,3,v1-metrics-only
2dd1b902-b67e-4c39-8890-535aa0f412d6,0.9998195930282122,2025-09-24T15:10:58.593065Z,3,v1-metrics-only
d7f939be-8652-4c15-9838-cc4a9f665f94,0.9998195915995317,2025-09-24T15:10:58.593065Z,3,v1-metrics-only
cd7d18b6-31b2-4362-81e8-fb6a08ea6745,0.999819591509458,2025-09-24T15:10:58.593065Z,3,v1-metrics-only
a4c83137-3ef5-46a8-91d1-2483bd35d93d,0.9998195914374182,2025-09-24T15:10:58.593065Z,3,v1-metrics-only
5a68837c-e8f1-409d-beca-e7056de11d42,0.9998195913890695,2025-09-24T15:10:58.593065Z,3,v1-metrics-only
4277970e-6be9-4631-89be-c9b286d20d1d,0.9998195902421264,2025-09-24T15:10:58.593065Z,3,v1-metrics-only
6be87429-f4c3-4a4c-b31c-ed500b50e926,0.9998195895991457,2025-09-24T15:10:58.593065Z,3,v1-metrics-only
95539da5-1742-49fd-add5-09072ff90dfc,0.9998195883393052,2025-09-24T15:10:58.593065Z,3,v1-metrics-only
d62f7d16-ee96-4751-b7d1-7a737f6d09d9,0.9998195878188351,2025-09-24T15:10:58.593065Z,3,v1-metrics-only
67f8518c-9f3a-4552-a443-e5c5d5b6735d,0.9998195869901159,2025-09-24T15:10:58.593065Z,3,v1-metrics-only
7ccb45c1-0263-4057-856d-605ee6cc6bc9,0.9998195867772965,2025-09-24T15:10:58.593065Z,3,v1-metrics-only
7b38833b-4cf3-4cbc-a4b2-7728f7fdc852,0.9998195863998706,2025-09-24T15:10:58.593065Z,3,v1-metrics-only
42ea2264-d459-4d8c-9633-e409e1962756,0.9998195863682244,2025-09-24T15:10:58.593065Z,3,v1-metrics-only
c6a440d4-ce48-476e-9ab2-41a32aa8ddcc,0.9998195863421592,2025-09-24T15:10:58.593065Z,3,v1-metrics-only
cf5c76f5-9706-4464-b46f-4b6f853de886,0.9998195863104542,2025-09-24T15:10:58.593065Z,3,v1-metrics-only
5267a01b-6aba-4397-8563-240b76eea5ff,0.9998195860897845,2025-09-24T15:10:58.593065Z,3,v1-metrics-only
6edc3769-e348-4edd-9443-f238212e2952,0.9998195860214196,2025-09-24T15:10:58.593065Z,3,v1-metrics-only
94c97915-363d-4db2-8cf9-f7ed59047192,0.9998195858559952,2025-09-24T15:10:58.593065Z,3,v1-metrics-only
ef1f9aa9-7c1d-49e6-a231-654095cf0f89,0.9998195858472337,2025-09-24T15:10:58.593065Z,3,v1-metrics-only
58ef9605-03ad-4439-a970-fd35bfb123bd,0.9998195855666827,2025-09-24T15:10:58.593065Z,3,v1-metrics-only
48879151-aaa7-4735-b854-a598a0e62f60,0.9998195850270222,2025-09-24T15:10:58.593065Z,3,v1-metrics-only
2fe5c101-7d45-4d43-9760-33b83dbcd20a,0.9998195841925823,2025-09-24T15:10:58.593065Z,3,v1-metrics-only
189d3a9d-4aef-43b3-b840-7e6f23e3cdd2,0.9998195838515901,2025-09-24T15:10:58.593065Z,3,v1-metrics-only
a1782b4f-cc13-4728-8271-b82e444c4c5f,0.9998195838192369,2025-09-24T15:10:58.593065Z,3,v1-metrics-only
11733031-a8ef-4abe-ba8c-03b6ff81532e,0.9998195838146668,2025-09-24T15:10:58.593065Z,3,v1-metrics-only
0f6b61f8-366d-42e8-822b-6bf42cf7ffb5,0.9998195828130446,2025-09-24T15:10:58.593065Z,3,v1-metrics-only
bc4112a1-243e-4cd6-afa1-931a9c2c1325,0.9998195827039819,2025-09-24T15:10:58.593065Z,3,v1-metrics-only
0a7a7de1-80d3-43b8-9168-c7e595aae3f7,0.9998195826541063,2025-09-24T15:10:58.593065Z,3,v1-metrics-only
769606be-a02d-44f5-a557-6884d2fa1729,0.9998195814641158,2025-09-24T15:10:58.593065Z,3,v1-metrics-only
de8f9777-11ef-4e3e-b47b-220069351143,0.9998195811847513,2025-09-24T15:10:58.593065Z,3,v1-metrics-only
3ab76751-a1a3-434d-913e-e6131ae16132,0.9998195810376347,2025-09-24T15:10:58.593065Z,3,v1-metrics-only
3404f2db-9f6c-4919-b75a-2e033364000f,0.9998195810128786,2025-09-24T15:10:58.593065Z,3,v1-metrics-only
ea639e03-1eee-4984-9dbe-d3381977c8a9,0.9998195807185313,2025-09-24T15:10:58.593065Z,3,v1-metrics-only
ba0590d4-540f-498c-82a2-2585c0238075,0.999819580682289,2025-09-24T15:10:58.593065Z,3,v1-metrics-only
c437d10f-face-42e3-b790-fa781b90e6ba,0.9998195805768655,2025-09-24T15:10:58.593065Z,3,v1-metrics-only
6402defd-144b-45fb-a5cc-8ff168b4db9a,0.9998195796531922,2025-09-24T15:10:58.593065Z,3,v1-metrics-only
78170828-ae3b-48aa-a0d8-b055488bc14e,0.9998195796033195,2025-09-24T15:10:58.593065Z,3,v1-metrics-only
8b8d9716-7635-48b3-ad79-25f8dfee94eb,0.9998195792581016,2025-09-24T15:10:58.593065Z,3,v1-metrics-only
6e3be9f0-50bb-4eb9-afc7-8f626737eda7,0.99981957798626,2025-09-24T15:10:58.593065Z,3,v1-metrics-only
a4377ce2-d3f7-4f95-85a0-ba47640ce0e6,0.9998195776564506,2025-09-24T15:10:58.593065Z,3,v1-metrics-only
736e4593-5806-4745-b109-9a65677529b6,0.9998195776270684,2025-09-24T15:10:58.593065Z,3,v1-metrics-only
2dbdf825-9ea4-450d-957c-1d119b2e05c7,0.9998195772715558,2025-09-24T15:10:58.593065Z,3,v1-metrics-only
b7cbc0b1-f884-468b-aae3-40a233a4b6a0,0.9998195764775392,2025-09-24T15:10:58.593065Z,3,v1-metrics-only
7f3bb756-9849-4c9f-be33-d41c882ca9e7,0.9998195740989484,2025-09-24T15:10:58.593065Z,3,v1-metrics-only
ee9d1a72-c62c-40a8-b512-f79f005cd98f,0.999819574062316,2025-09-24T15:10:58.593065Z,3,v1-metrics-only
40a91195-6bd4-4ae7-a001-9ef2c3fffcc1,0.9998195738857115,2025-09-24T15:10:58.593065Z,3,v1-metrics-only
1624fb6d-d734-4455-ad82-f77dfd78cf89,0.999819573659141,2025-09-24T15:10:58.593065Z,3,v1-metrics-only
78c163fd-54c0-48b0-a9c8-53003106c2b2,0.9998195730247162,2025-09-24T15:10:58.593065Z,3,v1-metrics-only
00d3e7b9-a9c2-4fd5-b3bb-1440c6f2cbe9,0.9998195720821917,2025-09-24T15:10:58.593065Z,3,v1-metrics-only
21222686-3647-4697-89d5-4686d32c3503,0.9998195719153028,2025-09-24T15:10:58.593065Z,3,v1-metrics-only
bc06630f-c14f-40f8-b3c4-ea0cf6be52ba,0.9998195712983158,2025-09-24T15:10:58.593065Z,3,v1-metrics-only
be80724d-0551-46b7-9c5e-faa1124fbb6d,0.9998195708455768,2025-09-24T15:10:58.593065Z,3,v1-metrics-only
27726b95-5ffb-4ab5-a82a-858ff1bab914,0.9998195689108026,2025-09-24T15:10:58.593065Z,3,v1-metrics-only
69c2efb1-15a3-4580-8194-3c5636df84ca,0.9998195672459874,2025-09-24T15:10:58.593065Z,3,v1-metrics-only
c41955f5-9513-4e99-b07f-552300997897,0.9998195665945974,2025-09-24T15:10:58.593065Z,3,v1-metrics-only
f06a84ef-14a5-498b-8981-64c372698332,0.9998195656336554,2025-09-24T15:10:58.593065Z,3,v1-metrics-only
052a6deb-e5e3-4548-a7e6-3d9b82add0c7,0.9998195654110741,2025-09-24T15:10:58.593065Z,3,v1-metrics-only
3de548e3-801c-41d6-b0b8-28e8389795f1,0.9998195631912816,2025-09-24T15:10:58.593065Z,3,v1-metrics-only
e353bc53-160e-4c68-89ab-e00b4b55d2dd,0.9998195631348341,2025-09-24T15:10:58.593065Z,3,v1-metrics-only
40ddbe03-82a7-449d-a864-ff61d4d889a7,0.9998195624397431,2025-09-24T15:10:58.593065Z,3,v1-metrics-only
5a236741-58ff-437c-95db-34736ab8ef00,0.9998195611951286,2025-09-24T15:10:58.593065Z,3,v1-metrics-only
8a3b698c-2952-4b72-ad0f-49e7b72a3d95,0.999819561092383,2025-09-24T15:10:58.593065Z,3,v1-metrics-only
b267e252-bc36-4817-ac07-e1f07ce173d4,0.9998195608197172,2025-09-24T15:10:58.593065Z,3,v1-metrics-only
478b87ed-bc00-4481-8e46-496740317174,0.9998195605562242,2025-09-24T15:10:58.593065Z,3,v1-metrics-only
16dddcb0-41f0-4193-a628-301f758c7ed9,0.9998195594301521,2025-09-24T15:10:58.593065Z,3,v1-metrics-only
f2853c94-35a5-411f-add6-238008ad0671,0.999819559346509,2025-09-24T15:10:58.593065Z,3,v1-metrics-only
096d9182-70c9-4066-b200-1f480c9c5c0e,0.9998195593374973,2025-09-24T15:10:58.593065Z,3,v1-metrics-only
a981eccf-4f37-4362-a091-8eae42c7c680,0.9998195590715585,2025-09-24T15:10:58.593065Z,3,v1-metrics-only
cc61581c-5408-4783-852c-ceb792d94461,0.9998195589889096,2025-09-24T15:10:58.593065Z,3,v1-metrics-only
c6e12252-fd03-417e-8d02-77a7a3795b99,0.9998195583053319,2025-09-24T15:10:58.593065Z,3,v1-metrics-only
9d1a3c93-dfae-4123-b989-8c3ac0e3ecc3,0.9998195574605876,2025-09-24T15:10:58.593065Z,3,v1-metrics-only
cdaad357-34df-4a9d-8cc0-e166d2654a7a,0.9998195561247227,2025-09-24T15:10:58.593065Z,3,v1-metrics-only
be63cf09-ced1-4ba3-8441-ad7f90b68307,0.9998195553502968,2025-09-24T15:10:58.593065Z,3,v1-metrics-only
54dc4f21-5f3c-4192-a4fb-933719df5a54,0.9998195542017879,2025-09-24T15:10:58.593065Z,3,v1-metrics-only
9e133745-17ed-4482-86d7-215c1818413a,0.999819553005874,2025-09-24T15:10:58.593065Z,3,v1-metrics-only
5397bf90-6ce5-4dc3-afb6-22392306f017,0.9998195527346664,2025-09-24T15:10:58.593065Z,3,v1-metrics-only
14651697-8629-4439-a39f-3782ebe4a17f,0.999819550732299,2025-09-24T15:10:58.593065Z,3,v1-metrics-only
f88ab902-9836-41d1-be5b-97af09f95c75,0.9998195496606187,2025-09-24T15:10:58.593065Z,3,v1-metrics-only
c58bfeed-2f46-419f-865e-7fbf8d44525a,0.99981954947432,2025-09-24T15:10:58.593065Z,3,v1-metrics-only
3827c716-0b88-45eb-aac4-723b83cdc474,0.999819548559142,2025-09-24T15:10:58.593065Z,3,v1-metrics-only
a91c7a41-981c-4ee3-ac0f-45a5e6740ed1,0.9998195483150998,2025-09-24T15:10:58.593065Z,3,v1-metrics-only
18200f3d-20d8-4758-9993-9968ea666e04,0.9998195480199079,2025-09-24T15:10:58.593065Z,3,v1-metrics-only
49ffc478-78ae-4ba1-a2c5-b77a3f7de45b,0.9998195479437322,2025-09-24T15:10:58.593065Z,3,v1-metrics-only
133a007b-9784-4920-a5a9-9ea44cc1174d,0.9998195448505047,2025-09-24T15:10:58.593065Z,3,v1-metrics-only
f5158446-e232-4ed7-b400-deaa65e3f049,0.9998195443056154,2025-09-24T15:10:58.593065Z,3,v1-metrics-only
48b937a2-34e0-440f-8f38-b0a9952bf3ae,0.9998195442539091,2025-09-24T15:10:58.593065Z,3,v1-metrics-only
3fafb65b-27ce-4d14-b3fb-09ef4a60362d,0.9998195392676592,2025-09-24T15:10:58.593065Z,3,v1-metrics-only
8e1211cf-8afb-4f56-9748-66d9b1d343ce,0.9998195392643943,2025-09-24T15:10:58.593065Z,3,v1-metrics-only
45fca87a-fc6a-4dc7-bc8c-3a24cfc9df1b,0.9998195386373298,2025-09-24T15:10:58.593065Z,3,v1-metrics-only
a7077efc-0948-4424-a190-5ba160d6bdce,0.9998195363034207,2025-09-24T15:10:58.593065Z,3,v1-metrics-only
607037de-aa34-4b72-91a0-ebee3256f2f8,0.9998195298137035,2025-09-24T15:10:58.593065Z,3,v1-metrics-only
9c603463-f941-4ba5-89ad-0b120fbe2a07,0.9998195287132574,2025-09-24T15:10:58.593065Z,3,v1-metrics-only
29c5d0bb-ee77-45e6-9624-fdc0cb500a65,0.9998195283935201,2025-09-24T15:10:58.593065Z,3,v1-metrics-only
700024fc-f148-4200-8b14-d80fef2701f6,0.999819527578652,2025-09-24T15:10:58.593065Z,3,v1-metrics-only
89a337cc-0cc7-4e98-86f8-93110c411e9f,0.9998195250839521,2025-09-24T15:10:58.593065Z,3,v1-metrics-only
49ba0156-8919-4ca2-a6c5-5e5b96f32170,0.9998195237102844,2025-09-24T15:10:58.593065Z,3,v1-metrics-only
a7699a09-8d6f-42b0-bc81-28bb359b5357,0.9998195199046142,2025-09-24T15:10:58.593065Z,3,v1-metrics-only
5db8cd02-0d7b-4130-8f5a-1956ee454186,0.9998195190114881,2025-09-24T15:10:58.593065Z,3,v1-metrics-only
d89e5cae-9e68-4e8b-b7f9-a41f5c4b9531,0.9998195181884956,2025-09-24T15:10:58.593065Z,3,v1-metrics-only
36255b3c-eb24-4b63-94d4-aae23cc85c18,0.999819516748496,2025-09-24T15:10:58.593065Z,3,v1-metrics-only
671ef4c9-18d9-48fd-83f5-e07c757286b1,0.9998195157355879,2025-09-24T15:10:58.593065Z,3,v1-metrics-only
3d499e2f-dbdb-4a38-baf2-5d911d0adb2a,0.9998195068978982,2025-09-24T15:10:58.593065Z,3,v1-metrics-only
de8b37f5-5829-444d-9f3f-53a893f1481f,0.9998195052586684,2025-09-24T15:10:58.593065Z,3,v1-metrics-only
3b92171d-dae9-4b13-8567-c8439b929e43,0.9998194942454336,2025-09-24T15:10:58.593065Z,3,v1-metrics-only
25619f61-84e1-4542-a3b2-038b6431a49b,0.9998194837273127,2025-09-24T15:10:58.593065Z,3,v1-metrics-only
1809b272-9382-4618-8ed6-81a5ba018515,0.9998194791503491,2025-09-24T15:10:58.593065Z,3,v1-metrics-only
9c725bba-b698-4cd0-82b0-e7380d9e7759,0.9998194773852433,2025-09-24T15:10:58.593065Z,3,v1-metrics-only
d20c27bd-bd15-47d8-9cdb-669d2d5b8cbd,0.9998194688733125,2025-09-24T15:10:58.593065Z,3,v1-metrics-only
cbb2c2e8-a23d-4c73-92d9-f4f8d2bd2319,0.9998194553362317,2025-09-24T15:10:58.593065Z,3,v1-metrics-only
49ea7e79-f1e1-42dc-a8de-75ac8fe5528c,0.9998194543387036,2025-09-24T15:10:58.593065Z,3,v1-metrics-only
353e5824-7e1f-42b2-adb8-538d4009e662,0.9998194534709821,2025-09-24T15:10:58.593065Z,3,v1-metrics-only
e0b6c0d9-6993-43d2-b291-9d0a1bcc61e6,0.9998194436235058,2025-09-24T15:10:58.593065Z,3,v1-metrics-only
7661e9e7-415f-4e74-9c25-98fcf23531fc,0.9998194414020649,2025-09-24T15:10:58.593065Z,3,v1-metrics-only
048326c0-b939-471c-9a6f-f80369497a2b,0.9998194251904189,2025-09-24T15:10:58.593065Z,3,v1-metrics-only
dfe5303c-955a-431d-b964-7c134aac2c45,0.9998193863156454,2025-09-24T15:10:58.593065Z,3,v1-metrics-only
ec3dbd99-663d-4042-ae2e-d2a83fbb3d4e,0.9998193308159333,2025-09-24T15:10:58.593065Z,3,v1-metrics-only
f4b983ed-f7ef-4a0a-8806-85c22427952f,0.9998193051145805,2025-09-24T15:10:58.593065Z,3,v1-metrics-only
437e3d35-699c-42a4-a087-8b5c327ff197,0.9997663169837473,2025-09-24T15:10:58.593065Z,3,v1-metrics-only
645e562b-a3e8-4035-8395-689d82cdf816,0.9997663164891328,2025-09-24T15:10:58.593065Z,3,v1-metrics-only
672893de-206f-4505-b474-4362911ef257,0.999766315936222,2025-09-24T15:10:58.593065Z,3,v1-metrics-only
31e370c8-575a-4472-8ae9-acdd5448da16,0.9997663146697754,2025-09-24T15:10:58.593065Z,3,v1-metrics-only
beb5338f-997d-4081-936c-a3148fd07e5c,0.9997663143522209,2025-09-24T15:10:58.593065Z,3,v1-metrics-only
31f96637-9136-4932-ab57-8bc686e7b327,0.9997663135119317,2025-09-24T15:10:58.593065Z,3,v1-metrics-only
304ea99a-2c46-4be8-a510-5f8138f65faf,0.9997663131867508,2025-09-24T15:10:58.593065Z,3,v1-metrics-only
0718c6fe-b52e-4df5-b353-754a863ab27b,0.999766312173027,2025-09-24T15:10:58.593065Z,3,v1-metrics-only
52902dfb-c5a6-4a76-8260-4fe657d2fbda,0.9997663120001519,2025-09-24T15:10:58.593065Z,3,v1-metrics-only
95688b04-5fd5-4d61-a2bd-01918914565d,0.9997663115456743,2025-09-24T15:10:58.593065Z,3,v1-metrics-only
4082bb0d-deab-460c-aa28-325641cb2156,0.9997663109653983,2025-09-24T15:10:58.593065Z,3,v1-metrics-only
b6b65202-d1e8-42bb-8762-22dfe657828d,0.9997663107797733,2025-09-24T15:10:58.593065Z,3,v1-metrics-only
e068b776-b700-4080-986d-1f25efed62c8,0.9997663103192876,2025-09-24T15:10:58.593065Z,3,v1-metrics-only
46a36e9c-4f76-4c52-85a9-b78e1704eeee,0.9997663101925842,2025-09-24T15:10:58.593065Z,3,v1-metrics-only
6ddf2a4a-3385-40a9-9e75-3daf8273ab09,0.9997663101137821,2025-09-24T15:10:58.593065Z,3,v1-metrics-only
be93539d-00d1-459c-82ec-5f4cedffda65,0.9997663098825771,2025-09-24T15:10:58.593065Z,3,v1-metrics-only
22a6670c-8b34-4ebb-9d08-02b2c7fc97e7,0.9997663097776149,2025-09-24T15:10:58.593065Z,3,v1-metrics-only
3a2b561d-c08c-4d43-b0d9-3f7b9b2512a8,0.9997663095970909,2025-09-24T15:10:58.593065Z,3,v1-metrics-only
bd45bbeb-46c1-4413-ad6f-d7c3a983b38c,0.9997663094565818,2025-09-24T15:10:58.593065Z,3,v1-metrics-only
e54149ed-208b-4da8-b85c-37d0685ec9a4,0.9997663093631485,2025-09-24T15:10:58.593065Z,3,v1-metrics-only
08ec7f35-6afd-44aa-8380-b5155d710f89,0.9997663089120955,2025-09-24T15:10:58.593065Z,3,v1-metrics-only
3c33050f-52b8-4d9c-95b7-e3b8f630dbba,0.9997663087196265,2025-09-24T15:10:58.593065Z,3,v1-metrics-only
0106a48c-dfb3-4b1c-baff-563f33269393,0.9997663076659611,2025-09-24T15:10:58.593065Z,3,v1-metrics-only
28cc7203-d6f6-4804-84c9-b1b6cc9dafc8,0.9997663072501518,2025-09-24T15:10:58.593065Z,3,v1-metrics-only
b035eb8f-e5b2-4666-8920-26676d843f98,0.9997663066243018,2025-09-24T15:10:58.593065Z,3,v1-metrics-only
504d7481-bcf4-4fc8-a597-e8277f2c2e1c,0.999766304480253,2025-09-24T15:10:58.593065Z,3,v1-metrics-only
177d7144-f619-4b7f-a4ee-0ba709093065,0.9997663012844744,2025-09-24T15:10:58.593065Z,3,v1-metrics-only
8e477cf9-508b-4b37-ad9f-dbd5a590edb8,0.9997662995029527,2025-09-24T15:10:58.593065Z,3,v1-metrics-only
f6284d8d-14e4-4906-a6ec-5dfcdd62675c,0.999766299033951,2025-09-24T15:10:58.593065Z,3,v1-metrics-only
cc69a3b5-489a-49de-9a36-1d9d8eeb3a71,0.9997662984409529,2025-09-24T15:10:58.593065Z,3,v1-metrics-only
c85c27ac-4ee2-412c-baae-ed53f43c2de2,0.999766298426276,2025-09-24T15:10:58.593065Z,3,v1-metrics-only
e27841c1-9aca-40ac-a1bd-6510b0a1e7dd,0.9997662982065079,2025-09-24T15:10:58.593065Z,3,v1-metrics-only
691f350e-cf3c-4245-b528-c0e6be03863b,0.999766298101487,2025-09-24T15:10:58.593065Z,3,v1-metrics-only
e15ba398-ce86-4c1c-b550-4ed3d256f8ee,0.9997662972625722,2025-09-24T15:10:58.593065Z,3,v1-metrics-only
8b904a9e-b01c-4d0a-baec-3d6e626c3622,0.9997662959553143,2025-09-24T15:10:58.593065Z,3,v1-metrics-only
6f48996e-6c94-4ac3-98d6-bfbc2e6791e4,0.9997662947610063,2025-09-24T15:10:58.593065Z,3,v1-metrics-only
d2e12620-cef4-494e-af1d-b239b4f1a892,0.9997662945281877,2025-09-24T15:10:58.593065Z,3,v1-metrics-only
81e7ea78-d24a-4a28-9a03-4d3aaa986b53,0.999766294114876,2025-09-24T15:10:58.593065Z,3,v1-metrics-only
befa5b7f-8fa5-462b-afc3-3dba0e8000c9,0.9997662939630718,2025-09-24T15:10:58.593065Z,3,v1-metrics-only
e19b0f5b-b2a5-4fff-8062-41c8f44f4afa,0.9997662933172761,2025-09-24T15:10:58.593065Z,3,v1-metrics-only
5561a945-e8d3-43fa-bd75-85a1590eb089,0.9997662921889814,2025-09-24T15:10:58.593065Z,3,v1-metrics-only
a92ecca8-4b68-486a-8c7a-00003753544f,0.9997662916581653,2025-09-24T15:10:58.593065Z,3,v1-metrics-only
404da108-b23e-49d4-b688-ef6cd27efdb1,0.99976629142089,2025-09-24T15:10:58.593065Z,3,v1-metrics-only
a6003879-edaa-4a4e-a79a-d8e478a6aec0,0.9997662910460934,2025-09-24T15:10:58.593065Z,3,v1-metrics-only
0f672771-5dcc-4a70-830c-1e9def14bb1a,0.9997662910361886,2025-09-24T15:10:58.593065Z,3,v1-metrics-only
75ae0f86-3fa2-4ff6-a144-327ec3029b59,0.999766290481196,2025-09-24T15:10:58.593065Z,3,v1-metrics-only
d0d5eb3f-9819-43e4-93ac-13dafa5571ed,0.9997662897993775,2025-09-24T15:10:58.593065Z,3,v1-metrics-only
d7b397d3-c204-401d-bd28-fd4aa9d0a445,0.9997662897770956,2025-09-24T15:10:58.593065Z,3,v1-metrics-only
14af4818-b72b-489d-abc6-e024f096fbb7,0.999766289741438,2025-09-24T15:10:58.593065Z,3,v1-metrics-only
f4a7f28c-f1b0-4b43-87e2-8cf02360c838,0.9997662896654931,2025-09-24T15:10:58.593065Z,3,v1-metrics-only
19b745bf-28a5-48a4-bc1c-91ec64bd8427,0.9997662892856195,2025-09-24T15:10:58.593065Z,3,v1-metrics-only
35f8c79b-e9df-4a23-86f3-61419dddbdda,0.99976628901011,2025-09-24T15:10:58.593065Z,3,v1-metrics-only
66797b58-e96d-4d40-99d3-5cda775a24e7,0.9997662888136633,2025-09-24T15:10:58.593065Z,3,v1-metrics-only
0e6153f5-edfd-4536-982c-6e86318ca951,0.9997662887378319,2025-09-24T15:10:58.593065Z,3,v1-metrics-only
22a95572-8268-405c-ab4b-a9019a947a66,0.9997662884945518,2025-09-24T15:10:58.593065Z,3,v1-metrics-only
b223875d-ea0c-420a-8dbe-59dc42f28eb7,0.9997662875567045,2025-09-24T15:10:58.593065Z,3,v1-metrics-only
65d3d040-2a09-4e55-907d-f4e05106e7ac,0.999766286425139,2025-09-24T15:10:58.593065Z,3,v1-metrics-only
dd11be37-f080-4c25-8156-06fce3f1af19,0.9997662863292022,2025-09-24T15:10:58.593065Z,3,v1-metrics-only
2862a95b-ef8b-4645-b623-103fd42b7e80,0.9997662862827801,2025-09-24T15:10:58.593065Z,3,v1-metrics-only
89ac739c-0249-40ff-a3f8-209f78a681b1,0.9997662861861254,2025-09-24T15:10:58.593065Z,3,v1-metrics-only
8c21d16f-fbf7-4bee-b350-5cf98e98049e,0.9997662861116111,2025-09-24T15:10:58.593065Z,3,v1-metrics-only
8c3e0e24-4116-4ce4-8ddc-6152baa5db40,0.9997662845650905,2025-09-24T15:10:58.593065Z,3,v1-metrics-only
ed00ad05-a679-4a2e-8e56-44a1a01b9363,0.9997662843242088,2025-09-24T15:10:58.593065Z,3,v1-metrics-only
42e2ee2b-9c1f-49d5-9b02-ea4b9d4c37d4,0.999766284287006,2025-09-24T15:10:58.593065Z,3,v1-metrics-only
604ba0df-e51e-4a29-a32f-c12009497e01,0.9997662835031673,2025-09-24T15:10:58.593065Z,3,v1-metrics-only
320c1e42-4019-4c19-ae12-fc8ddfa6d990,0.9997662834691565,2025-09-24T15:10:58.593065Z,3,v1-metrics-only
fa10f759-b498-4b2a-80e6-52b1e2dee109,0.9997662827711239,2025-09-24T15:10:58.593065Z,3,v1-metrics-only
ab21b441-6a1f-4c12-b96c-1601d6774fc2,0.9997662818596935,2025-09-24T15:10:58.593065Z,3,v1-metrics-only
753dd4eb-cd0e-48eb-9ab1-9694f36d1fe1,0.9997662810912128,2025-09-24T15:10:58.593065Z,3,v1-metrics-only
bb833c4f-f25c-4d3c-a564-6d194e7e0012,0.9997662788653642,2025-09-24T15:10:58.593065Z,3,v1-metrics-only
1aa0e41c-82eb-42ef-809c-e99d32fa2196,0.9997662787933576,2025-09-24T15:10:58.593065Z,3,v1-metrics-only
7a848901-156d-4441-9762-03cbe822c97b,0.9997662768254753,2025-09-24T15:10:58.593065Z,3,v1-metrics-only
72d98ef2-1157-4ac4-b160-3c251f8af2a9,0.9997662767021782,2025-09-24T15:10:58.593065Z,3,v1-metrics-only
0b874b28-e3bc-4d1a-8664-7e06a33d833a,0.9997662764162671,2025-09-24T15:10:58.593065Z,3,v1-metrics-only
a74d9e92-ae80-47db-84a3-7d67b990da75,0.9997662726841614,2025-09-24T15:10:58.593065Z,3,v1-metrics-only
ecdeac58-8c82-4bfd-9d68-758ee79b8ad1,0.9997662724170571,2025-09-24T15:10:58.593065Z,3,v1-metrics-only
cdcfab01-aab3-4c54-a130-019575e98add,0.9997662703875655,2025-09-24T15:10:58.593065Z,3,v1-metrics-only
020e7cbc-2b2a-455f-8bfa-fa9e7156bc41,0.9997662690125098,2025-09-24T15:10:58.593065Z,3,v1-metrics-only
1268b2c3-f530-4844-b209-135d64acc9a9,0.9997662689810621,2025-09-24T15:10:58.593065Z,3,v1-metrics-only
d79fb4ee-2c09-4936-8679-e76b5a9eba51,0.9997662684978454,2025-09-24T15:10:58.593065Z,3,v1-metrics-only
34af2720-4ea2-431a-8da9-d7bed0726624,0.9997662652388436,2025-09-24T15:10:58.593065Z,3,v1-metrics-only
11ccec74-5a84-48ae-b300-67bbf4d1cb8e,0.9997662639201275,2025-09-24T15:10:58.593065Z,3,v1-metrics-only
3e876e2b-9513-4b74-8615-66ea985d7cf2,0.9997662624558222,2025-09-24T15:10:58.593065Z,3,v1-metrics-only
e930062f-252d-48d2-b693-f2e3b7fd64bf,0.9997662619190854,2025-09-24T15:10:58.593065Z,3,v1-metrics-only
1c37ae67-dc31-48cc-aac8-3a3d85bf0468,0.9997662616000317,2025-09-24T15:10:58.593065Z,3,v1-metrics-only
eecf58ab-27a5-4cda-a068-d13130ba3c2d,0.99976625782377,2025-09-24T15:10:58.593065Z,3,v1-metrics-only
f7cc4e1d-4b37-468d-aebe-e96507630ecb,0.9997662577040296,2025-09-24T15:10:58.593065Z,3,v1-metrics-only
5fb259d8-e6d5-4936-9b98-980021c0cc83,0.9997662574221159,2025-09-24T15:10:58.593065Z,3,v1-metrics-only
d7de2100-d03d-4982-8e02-8a6f57b9228c,0.9997662566758935,2025-09-24T15:10:58.593065Z,3,v1-metrics-only
8444675b-b852-4a2a-b0a0-97a4b7af9991,0.9997662516965385,2025-09-24T15:10:58.593065Z,3,v1-metrics-only
93d40395-9017-4711-8566-793a92496b83,0.999766248952442,2025-09-24T15:10:58.593065Z,3,v1-metrics-only
43197b74-baa5-473d-ae37-1b3c64e566c0,0.9997662460712302,2025-09-24T15:10:58.593065Z,3,v1-metrics-only
39c0f010-b8fb-491a-85db-78182780d6dc,0.9997662459610926,2025-09-24T15:10:58.593065Z,3,v1-metrics-only
c7c73f51-10f9-4b5b-a045-d8e47a0912d8,0.9997662454288546,2025-09-24T15:10:58.593065Z,3,v1-metrics-only
3561aa9d-9ade-4191-a00e-bebed2de42c2,0.9997662442777437,2025-09-24T15:10:58.593065Z,3,v1-metrics-only
b12ee20b-2b82-4b5b-9bc8-b4015a0b441a,0.9997662442058202,2025-09-24T15:10:58.593065Z,3,v1-metrics-only
a846c488-9a3f-4ca8-9cac-edde91bf1328,0.9997662431412521,2025-09-24T15:10:58.593065Z,3,v1-metrics-only
63588d8c-9742-4587-8acf-a57b84686044,0.9997662415885358,2025-09-24T15:10:58.593065Z,3,v1-metrics-only
fe1e0266-1567-4f01-ad5a-304e907199e2,0.9997662371624311,2025-09-24T15:10:58.593065Z,3,v1-metrics-only
31844c38-8b77-4e36-879b-e157056d7141,0.9997662364186605,2025-09-24T15:10:58.593065Z,3,v1-metrics-only
8d65c830-d49b-4775-9e0c-8d5a147d319d,0.9997662355765536,2025-09-24T15:10:58.593065Z,3,v1-metrics-only
4c0852ff-09bd-40c8-b203-07975b1dc48c,0.9997662339524003,2025-09-24T15:10:58.593065Z,3,v1-metrics-only
34220f8f-3c17-45d1-8c72-88ae381a6de8,0.9997662337658723,2025-09-24T15:10:58.593065Z,3,v1-metrics-only
9de59691-a109-4460-8031-4b1e94babc89,0.999766224486581,2025-09-24T15:10:58.593065Z,3,v1-metrics-only
dee2ce38-e75a-40c7-acad-94db96f87e84,0.9997662184842915,2025-09-24T15:10:58.593065Z,3,v1-metrics-only
8f2df7e0-0708-4073-ae61-327d5c4e951a,0.9997662180244477,2025-09-24T15:10:58.593065Z,3,v1-metrics-only
faef25b4-bbb3-4e53-8fe7-9b2395a9fee7,0.9997662177860211,2025-09-24T15:10:58.593065Z,3,v1-metrics-only
ef19487a-400e-4886-91b7-885bbeb264b7,0.9997662159380902,2025-09-24T15:10:58.593065Z,3,v1-metrics-only
bf4a42d5-8e88-4728-a99e-aeefc91ea28a,0.9997662112895547,2025-09-24T15:10:58.593065Z,3,v1-metrics-only
7bfe650c-c833-4b83-8f58-e7cc56f62046,0.999766209938008,2025-09-24T15:10:58.593065Z,3,v1-metrics-only
6a1cd465-fd6a-4aab-a114-e01991c1186f,0.9997661973817473,2025-09-24T15:10:58.593065Z,3,v1-metrics-only
4ebb4c23-dbd5-4257-8b30-dac260df4174,0.9997661927671595,2025-09-24T15:10:58.593065Z,3,v1-metrics-only
4aaf9aec-b960-468e-b9cd-a94a2eaf6586,0.9997661910263849,2025-09-24T15:10:58.593065Z,3,v1-metrics-only
3fd5da33-92af-46c6-a4e8-4d9b76079863,0.9997661835677724,2025-09-24T15:10:58.593065Z,3,v1-metrics-only
ea091fac-75ca-478d-8cdf-abf2ac79854b,0.9997661786164614,2025-09-24T15:10:58.593065Z,3,v1-metrics-only
2e308e78-c5ac-4d79-b75b-45352da82f6a,0.9997661695835441,2025-09-24T15:10:58.593065Z,3,v1-metrics-only
3b158c6d-820d-4545-9f8a-360bea3a2804,0.999766163479536,2025-09-24T15:10:58.593065Z,3,v1-metrics-only
534b4a51-0592-4546-8887-1fc5c26f0bcc,0.9997661591705621,2025-09-24T15:10:58.593065Z,3,v1-metrics-only
79d665d3-26ec-4608-8441-9c01986bc12f,0.9997661465209923,2025-09-24T15:10:58.593065Z,3,v1-metrics-only
0bbffdb0-b3e5-452a-891d-43bc7501f262,0.999766145600789,2025-09-24T15:10:58.593065Z,3,v1-metrics-only
2d9b6320-d18f-40d7-b716-dafb2137cbe0,0.9997661309618335,2025-09-24T15:10:58.593065Z,3,v1-metrics-only
f37706f7-420d-46bb-b005-b225d33c3f27,0.9997661186540984,2025-09-24T15:10:58.593065Z,3,v1-metrics-only
824fc3ba-f6dc-430b-82d2-c92eef22bccb,0.999766109896578,2025-09-24T15:10:58.593065Z,3,v1-metrics-only
3081ad3e-b963-4253-ac1f-42a0822036cf,0.9997660762808267,2025-09-24T15:10:58.593065Z,3,v1-metrics-only
b3201ffc-d21a-47a4-bec2-8c0ee8e4380c,0.9997660687420197,2025-09-24T15:10:58.593065Z,3,v1-metrics-only
ce3c2916-59c0-471b-96da-f857a648ac1a,0.9996990423045786,2025-09-24T15:10:58.593065Z,3,v1-metrics-only
ad830383-f01e-4a70-aec9-f15b6569ff09,0.9996990417838059,2025-09-24T15:10:58.593065Z,3,v1-metrics-only
d0338c3a-b9e7-4bcc-b1c9-635be60053d0,0.9996990398681159,2025-09-24T15:10:58.593065Z,3,v1-metrics-only
18da29d0-0334-4a61-b49f-8e2c644063ae,0.9996990396591312,2025-09-24T15:10:58.593065Z,3,v1-metrics-only
e7dd93c2-d6df-4bb8-8e58-f6586f426d9c,0.99969903887341,2025-09-24T15:10:58.593065Z,3,v1-metrics-only
88bfd87e-b40c-4911-90bb-5848217feaa1,0.9996990381400324,2025-09-24T15:10:58.593065Z,3,v1-metrics-only
2d121bb4-7cca-456c-91fa-7b139041aef7,0.9996990354829673,2025-09-24T15:10:58.593065Z,3,v1-metrics-only
11cfd38d-41bb-4c28-ab9a-01de42032155,0.9996990354518881,2025-09-24T15:10:58.593065Z,3,v1-metrics-only
3da61d27-cea9-4a4c-9c46-ba96abaa926e,0.9996990352628151,2025-09-24T15:10:58.593065Z,3,v1-metrics-only
566303e4-4ab5-462d-bad5-e4d90059ad31,0.9996990349197566,2025-09-24T15:10:58.593065Z,3,v1-metrics-only
00684172-e806-46da-9c17-eb839869ecc8,0.9996990344577515,2025-09-24T15:10:58.593065Z,3,v1-metrics-only
29c2749a-66d4-4d16-9961-cdb8bb8fcb6e,0.9996990341097852,2025-09-24T15:10:58.593065Z,3,v1-metrics-only
12b56280-ef2d-4753-807c-a9f958c77a2a,0.9996990336378236,2025-09-24T15:10:58.593065Z,3,v1-metrics-only
b3ce178d-432b-467f-88a2-c5da90e3133b,0.9996990322899083,2025-09-24T15:10:58.593065Z,3,v1-metrics-only
38084d37-2d0d-4acd-9da9-d371f32c6b1b,0.9996990315688005,2025-09-24T15:10:58.593065Z,3,v1-metrics-only
eeaf82e5-7d1f-4cee-b919-dd39f529c42a,0.9996990310951556,2025-09-24T15:10:58.593065Z,3,v1-metrics-only
f03fc0cc-3f18-4131-b619-06ca78670be5,0.9996990303994296,2025-09-24T15:10:58.593065Z,3,v1-metrics-only
67260a9b-4a15-4dfb-9c52-c8882df6c63e,0.9996990300252934,2025-09-24T15:10:58.593065Z,3,v1-metrics-only
7610d3ae-7730-456e-bb12-37af3a444062,0.9996990284031538,2025-09-24T15:10:58.593065Z,3,v1-metrics-only
55d8a61e-b644-4f40-87a5-d227b95c8e8b,0.9996990280151841,2025-09-24T15:10:58.593065Z,3,v1-metrics-only
666d0b2d-434b-4b09-9363-6a6b366c0a54,0.9996990279695521,2025-09-24T15:10:58.593065Z,3,v1-metrics-only
060bd9f8-b730-4977-806d-03e1dfe5cd42,0.9996990256732246,2025-09-24T15:10:58.593065Z,3,v1-metrics-only
438e4c86-dd44-4456-a7c7-11dabc0fdbc3,0.9996990249869273,2025-09-24T15:10:58.593065Z,3,v1-metrics-only
06b2c83a-8f99-4891-91ca-4279b310d78c,0.9996990247799281,2025-09-24T15:10:58.593065Z,3,v1-metrics-only
126d7c06-4a0d-49bf-9919-0809c49d5d93,0.9996990233107017,2025-09-24T15:10:58.593065Z,3,v1-metrics-only
b0459064-f7a9-41f0-a301-2a5e1609120d,0.9996990222820099,2025-09-24T15:10:58.593065Z,3,v1-metrics-only
b5b08c71-0530-48e6-908a-9dc8d605458d,0.9996990220846544,2025-09-24T15:10:58.593065Z,3,v1-metrics-only
4a6f5289-8477-491c-beec-92c5c1b5c79d,0.9996990214553475,2025-09-24T15:10:58.593065Z,3,v1-metrics-only
f425f27f-eff7-40d8-94cb-f93c422344c2,0.9996990210984262,2025-09-24T15:10:58.593065Z,3,v1-metrics-only
5d4c5f97-c9c0-45e1-a1d9-a349d0300450,0.9996990206427208,2025-09-24T15:10:58.593065Z,3,v1-metrics-only
ccc54d79-fa45-4eca-af0a-b54933ad9e9f,0.999699020295191,2025-09-24T15:10:58.593065Z,3,v1-metrics-only
4ea89c44-3c13-45a4-8c11-ef8c93e050e8,0.9996990195427099,2025-09-24T15:10:58.593065Z,3,v1-metrics-only
05c72f13-f2ff-4d01-b68b-eb1dd3ac7468,0.9996990195027352,2025-09-24T15:10:58.593065Z,3,v1-metrics-only
b19577d2-7560-466d-90ce-62e6277013e8,0.9996990193552254,2025-09-24T15:10:58.593065Z,3,v1-metrics-only
a5c4b51a-cda6-4ec9-8e35-e63ba7a46741,0.9996990184014111,2025-09-24T15:10:58.593065Z,3,v1-metrics-only
e7996cf1-c793-4bed-ad82-79f2ef3aa123,0.9996990174655758,2025-09-24T15:10:58.593065Z,3,v1-metrics-only
b98f8536-1f17-4ee3-b803-345874ec9f76,0.9996990173105521,2025-09-24T15:10:58.593065Z,3,v1-metrics-only
cae7106e-d5d3-4d7e-9254-91fd198b8933,0.9996990166895012,2025-09-24T15:10:58.593065Z,3,v1-metrics-only
80501fd9-87bd-4725-a83d-b0e9739f8cb6,0.999699016046257,2025-09-24T15:10:58.593065Z,3,v1-metrics-only
528f83b2-0449-4474-bfb9-8e193c4383f0,0.9996990137089011,2025-09-24T15:10:58.593065Z,3,v1-metrics-only
35e97df2-344e-45da-b822-5b2b728979cc,0.9996990124789682,2025-09-24T15:10:58.593065Z,3,v1-metrics-only
b91f2ee2-a407-46b8-afd9-64b0df851c77,0.9996990119497277,2025-09-24T15:10:58.593065Z,3,v1-metrics-only
fd5d4e43-68a0-44ca-8e29-db2f47bed9dc,0.9996990113197787,2025-09-24T15:10:58.593065Z,3,v1-metrics-only
a4ac44ba-d0fd-46fc-96b7-cbb197bce11c,0.9996990112022929,2025-09-24T15:10:58.593065Z,3,v1-metrics-only
b0c4ff7d-f7b3-40e0-8ced-779e378fd7f7,0.9996990105078424,2025-09-24T15:10:58.593065Z,3,v1-metrics-only
68efc0d7-98a0-498c-9c75-2543c1e0879d,0.9996990095281799,2025-09-24T15:10:58.593065Z,3,v1-metrics-only
4b875652-f918-4bbd-bec4-ffe31a64c5f5,0.9996990091949832,2025-09-24T15:10:58.593065Z,3,v1-metrics-only
d9abe70f-92c7-4bce-9522-c9547479c4d0,0.9996990090065486,2025-09-24T15:10:58.593065Z,3,v1-metrics-only
709352a6-1fef-4e08-bdfe-deb08f3bae35,0.9996990077609629,2025-09-24T15:10:58.593065Z,3,v1-metrics-only
98dcde77-b2fa-43d6-a613-3206ed00316a,0.9996990075457316,2025-09-24T15:10:58.593065Z,3,v1-metrics-only
1debd7bd-d621-4005-a721-8895d7dafd87,0.9996990075036917,2025-09-24T15:10:58.593065Z,3,v1-metrics-only
a5f80138-2d12-44ef-aa6f-f54480157696,0.9996990073781138,2025-09-24T15:10:58.593065Z,3,v1-metrics-only
30627a78-b7a4-47e9-8a37-c9540bcdb94d,0.999699006933188,2025-09-24T15:10:58.593065Z,3,v1-metrics-only
4f438c77-8520-494f-92e1-e425e68a534f,0.9996990057558041,2025-09-24T15:10:58.593065Z,3,v1-metrics-only
dc6a8330-abbc-4924-ab6c-1d417e9038fd,0.9996990043612896,2025-09-24T15:10:58.593065Z,3,v1-metrics-only
40be0fdb-1a81-4f84-bde9-532961e3f995,0.9996990042383537,2025-09-24T15:10:58.593065Z,3,v1-metrics-only
4406f8c8-b5a1-475d-a01d-eff07eefcede,0.9996990039261135,2025-09-24T15:10:58.593065Z,3,v1-metrics-only
c61df8a4-9549-4b87-9830-b7914e71bf36,0.9996990030508831,2025-09-24T15:10:58.593065Z,3,v1-metrics-only
47a7e962-13a2-4bdc-b635-9248039535ee,0.9996990027725797,2025-09-24T15:10:58.593065Z,3,v1-metrics-only
dd5661c5-c91c-4fd0-8a29-eced81279e83,0.9996990026532114,2025-09-24T15:10:58.593065Z,3,v1-metrics-only
9521d878-2d9f-48c7-ab65-6884567b59c5,0.9996990017711274,2025-09-24T15:10:58.593065Z,3,v1-metrics-only
84d8063b-ebde-43ad-a92e-9d1bde15ab93,0.999699000545845,2025-09-24T15:10:58.593065Z,3,v1-metrics-only
42078308-3e2e-4291-8f20-f8816b41fbdb,0.9996990005048536,2025-09-24T15:10:58.593065Z,3,v1-metrics-only
210c134c-b1d6-4987-89a1-8bc60511a383,0.9996989985381439,2025-09-24T15:10:58.593065Z,3,v1-metrics-only
a33a4941-cb8c-4b0c-93ee-08ed95ce6693,0.9996989985381439,2025-09-24T15:10:58.593065Z,3,v1-metrics-only
f32895e1-360d-4ab9-b2bb-92d39b7a42d4,0.999698991071011,2025-09-24T15:10:58.593065Z,3,v1-metrics-only
e074ce82-4286-48db-9a11-4631348facf2,0.999698990949362,2025-09-24T15:10:58.593065Z,3,v1-metrics-only
865ca8bb-c29c-40ad-893d-3949ca517306,0.9996989897507746,2025-09-24T15:10:58.593065Z,3,v1-metrics-only
5528077d-766a-4f76-b93c-1c1026d0aad5,0.9996989896153129,2025-09-24T15:10:58.593065Z,3,v1-metrics-only
fe4a117e-8e0f-4e72-a8bb-cc6c331bb856,0.9996989874879045,2025-09-24T15:10:58.593065Z,3,v1-metrics-only
b2111976-8e3c-4d39-809c-b5937acdd146,0.9996989857809325,2025-09-24T15:10:58.593065Z,3,v1-metrics-only
fd9f18be-ebde-4b56-8e47-e692f93c65c3,0.999698985557193,2025-09-24T15:10:58.593065Z,3,v1-metrics-only
60ad3b01-6542-4e4e-b715-36d7cc9539ae,0.9996989841066469,2025-09-24T15:10:58.593065Z,3,v1-metrics-only
760c8c98-997c-4b79-9db0-82c8eb3efb37,0.99969898267689,2025-09-24T15:10:58.593065Z,3,v1-metrics-only
62f9eca1-1392-48d3-8676-35afc59113a3,0.9996989820232169,2025-09-24T15:10:58.593065Z,3,v1-metrics-only
9ec5700f-941d-450f-90a0-f38a5ec11d19,0.9996989781395389,2025-09-24T15:10:58.593065Z,3,v1-metrics-only
1c54f805-5784-4ff7-84d8-51797d64d76a,0.9996989779754474,2025-09-24T15:10:58.593065Z,3,v1-metrics-only
b065186b-9246-4feb-8aa1-d4845adaf808,0.999698977851552,2025-09-24T15:10:58.593065Z,3,v1-metrics-only
b2adaae5-c362-45f7-8b67-69f870755642,0.9996989765869386,2025-09-24T15:10:58.593065Z,3,v1-metrics-only
f8289c1d-18c1-415e-b488-d3a7b33bc80d,0.9996989763935221,2025-09-24T15:10:58.593065Z,3,v1-metrics-only
8343fb23-b137-4f10-8431-f112916914b2,0.9996989757484052,2025-09-24T15:10:58.593065Z,3,v1-metrics-only
9f3d65b1-49e0-46b2-8a99-57137de7775d,0.9996989748182648,2025-09-24T15:10:58.593065Z,3,v1-metrics-only
b866a009-25d3-4a5c-8310-53465df6ddbe,0.9996989744221653,2025-09-24T15:10:58.593065Z,3,v1-metrics-only
bbf27be0-afe3-4eb4-98e8-d2353663cfcf,0.9996989740385057,2025-09-24T15:10:58.593065Z,3,v1-metrics-only
afb3bf01-3024-4db5-8c75-d9cd6e0c4ffe,0.9996989727979522,2025-09-24T15:10:58.593065Z,3,v1-metrics-only
2cab6e9a-02ff-4c51-b54c-c8f16f6bf888,0.9996989722565327,2025-09-24T15:10:58.593065Z,3,v1-metrics-only
017aecc1-ec5b-44dc-a629-b78f64de6e68,0.9996989718255176,2025-09-24T15:10:58.593065Z,3,v1-metrics-only
a1ec5cf6-d265-41b3-a4d6-13a49c0a8f51,0.9996989711346365,2025-09-24T15:10:58.593065Z,3,v1-metrics-only
a579a105-a7af-4d8f-8df0-e41e2e49a8b1,0.9996989701068595,2025-09-24T15:10:58.593065Z,3,v1-metrics-only
a71a159d-6876-4bce-a8f8-33bc7d3cbff6,0.9996989698562705,2025-09-24T15:10:58.593065Z,3,v1-metrics-only
c11de772-c0c8-46b1-a39e-e8e0f8b7317a,0.9996989697774856,2025-09-24T15:10:58.593065Z,3,v1-metrics-only
33e3f4ab-0c63-403a-baaf-0c8560e7ce11,0.9996989697243536,2025-09-24T15:10:58.593065Z,3,v1-metrics-only
5422a619-8c00-48c8-a635-df3fbe100373,0.9996989696596518,2025-09-24T15:10:58.593065Z,3,v1-metrics-only
afaaa1d1-77dc-4602-bdc2-95c2671ede81,0.9996989694993457,2025-09-24T15:10:58.593065Z,3,v1-metrics-only
7243bad5-051a-4173-8fca-9e2aaedf5302,0.9996989694438319,2025-09-24T15:10:58.593065Z,3,v1-metrics-only
c2832902-096d-4cc7-b00e-287be79d00fd,0.9996989683337029,2025-09-24T15:10:58.593065Z,3,v1-metrics-only
3a5943b0-df83-430f-a8eb-0bf14a45091d,0.9996989648499306,2025-09-24T15:10:58.593065Z,3,v1-metrics-only
71896438-d12a-4722-aceb-5bd712a4cc1e,0.9996989643939603,2025-09-24T15:10:58.593065Z,3,v1-metrics-only
c5496821-6d6a-4413-9943-a7b5cd2d9d28,0.999698962147291,2025-09-24T15:10:58.593065Z,3,v1-metrics-only
e804ac8e-2a5b-40f7-af5b-005b1a62d22a,0.9996989597933953,2025-09-24T15:10:58.593065Z,3,v1-metrics-only
30a57139-8c8a-4cb7-b9da-26a48fbc8ab1,0.999698959460792,2025-09-24T15:10:58.593065Z,3,v1-metrics-only
eca83ec7-cad3-47c9-82a9-01dca8cc6cfe,0.9996989511840733,2025-09-24T15:10:58.593065Z,3,v1-metrics-only
c494576f-5cbc-4050-a27a-61e5b36b75e4,0.9996989511747951,2025-09-24T15:10:58.593065Z,3,v1-metrics-only
ef914cbb-52d6-43b3-aa9f-b6e772b62903,0.9996989490253336,2025-09-24T15:10:58.593065Z,3,v1-metrics-only
96f82fac-1970-4c03-8339-de0c2c962ef4,0.9996989468956192,2025-09-24T15:10:58.593065Z,3,v1-metrics-only
9b4ebbe7-8143-4f3d-845a-7bed1128ea19,0.9996989468599751,2025-09-24T15:10:58.593065Z,3,v1-metrics-only
a539da1d-97db-4cd3-98f0-40e4de45dbb6,0.9996989244657204,2025-09-24T15:10:58.593065Z,3,v1-metrics-only
2340712b-6ff2-419f-8a99-01f4057ee136,0.9996989195504212,2025-09-24T15:10:58.593065Z,3,v1-metrics-only
df230bf4-dc6c-46e4-a62d-e895e3a1da6d,0.999698919107044,2025-09-24T15:10:58.593065Z,3,v1-metrics-only
8c652811-fed3-48d6-bd44-c11c55a83ffc,0.9996989151778778,2025-09-24T15:10:58.593065Z,3,v1-metrics-only
16e43025-10f1-42e6-9793-e0e2f333d79c,0.9996989083271011,2025-09-24T15:10:58.593065Z,3,v1-metrics-only
1437267d-0c5c-4ac8-8b0e-10cdfce02c71,0.9996989082175657,2025-09-24T15:10:58.593065Z,3,v1-metrics-only
f0a30a5c-f646-4e88-a53f-58d0087f105c,0.9996988993395874,2025-09-24T15:10:58.593065Z,3,v1-metrics-only
445f3020-c8b4-4401-835f-d2b9438d8716,0.9996988889905143,2025-09-24T15:10:58.593065Z,3,v1-metrics-only
dbc40c9f-147f-4b69-9811-a550fa141b9c,0.9996988822281098,2025-09-24T15:10:58.593065Z,3,v1-metrics-only
fd3e0ae4-9422-4be7-bef6-4f17e68dccb6,0.9996988805668956,2025-09-24T15:10:58.593065Z,3,v1-metrics-only
74a5b0af-0c1c-49b2-827c-33b0388858b1,0.999698867504829,2025-09-24T15:10:58.593065Z,3,v1-metrics-only
2296ed0f-15ac-4c4f-b26f-f6ebb74467a4,0.9996988505530431,2025-09-24T15:10:58.593065Z,3,v1-metrics-only
455148b5-f388-484c-9b96-4319bd188557,0.9996988447576505,2025-09-24T15:10:58.593065Z,3,v1-metrics-only
ae73882a-92c0-46af-8dc9-7f2f8bdaa74f,0.9996988151831234,2025-09-24T15:10:58.593065Z,3,v1-metrics-only
1b0a2e8f-022a-456e-bd21-228a0facad9d,0.9996986709729294,2025-09-24T15:10:58.593065Z,3,v1-metrics-only
10e1ef02-03fe-4e56-b660-62229ce21722,0.9996985602437383,2025-09-24T15:10:58.593065Z,3,v1-metrics-only
7f8735b9-bfff-4c72-be7a-6f49088d8aea,0.9996984408817724,2025-09-24T15:10:58.593065Z,3,v1-metrics-only
a21c033b-1c6b-44bd-b9ad-95727a188fb4,0.999613832046031,2025-09-24T15:10:58.593065Z,3,v1-metrics-only
da9523ff-526f-4e90-8a64-6e5460ed446f,0.9996138320271994,2025-09-24T15:10:58.593065Z,3,v1-metrics-only
0bb41e3b-7359-424f-b644-945ecc019b7e,0.9996138315424473,2025-09-24T15:10:58.593065Z,3,v1-metrics-only
d0398941-5a3e-490c-b3ed-91764f41a3c9,0.9996138311621816,2025-09-24T15:10:58.593065Z,3,v1-metrics-only
23c106b5-143d-4c2c-ba9c-bb4614f0e31b,0.9996138308321249,2025-09-24T15:10:58.593065Z,3,v1-metrics-only
b6e5979f-6ed6-4e33-a50f-981a7637b212,0.999613830528472,2025-09-24T15:10:58.593065Z,3,v1-metrics-only
c2929836-84e2-4733-8c65-1035d01c588a,0.9996138303511607,2025-09-24T15:10:58.593065Z,3,v1-metrics-only
99c43c15-49d9-43d9-ac73-06b949567b10,0.9996138301097636,2025-09-24T15:10:58.593065Z,3,v1-metrics-only
015c2ed2-b249-4da9-bb78-c24bc01bfda8,0.9996138289673029,2025-09-24T15:10:58.593065Z,3,v1-metrics-only
a2cb0ec0-3202-43db-b2fe-88bff67ceefb,0.9996138286663105,2025-09-24T15:10:58.593065Z,3,v1-metrics-only
d2764fe8-5967-406c-a912-b4cd6f940c3b,0.9996138271483759,2025-09-24T15:10:58.593065Z,3,v1-metrics-only
266216c5-3a7d-4704-ad8f-9f27bc051a59,0.999613825688602,2025-09-24T15:10:58.593065Z,3,v1-metrics-only
73a7bafa-320d-49fc-924d-2974054e7bf0,0.999613825514013,2025-09-24T15:10:58.593065Z,3,v1-metrics-only
f7a71c46-6add-433c-b9a3-990b75f54cb3,0.9996138253329908,2025-09-24T15:10:58.593065Z,3,v1-metrics-only
c2fb786b-7820-47e5-b2f6-0f8138c74ce6,0.999613825140526,2025-09-24T15:10:58.593065Z,3,v1-metrics-only
9919b0a1-e0d1-48c8-8768-36e69725424d,0.9996138249858078,2025-09-24T15:10:58.593065Z,3,v1-metrics-only
5bf1d4e8-8915-43ad-b403-43b982f7a0de,0.9996138248122856,2025-09-24T15:10:58.593065Z,3,v1-metrics-only
3bc42d1e-d7a7-467b-9657-4ba80a9435c8,0.9996138247821014,2025-09-24T15:10:58.593065Z,3,v1-metrics-only
b76dfb71-8aed-4c8b-84cd-d0c005b2456c,0.9996138240025301,2025-09-24T15:10:58.593065Z,3,v1-metrics-only
98c0224f-b76a-4518-ae4a-fdaf2a641dad,0.9996138229620983,2025-09-24T15:10:58.593065Z,3,v1-metrics-only
9fdf23e8-f053-4b67-a8e2-808673733e4d,0.9996138213271817,2025-09-24T15:10:58.593065Z,3,v1-metrics-only
9065c54b-e305-413b-add6-31a4e78292e4,0.999613821161788,2025-09-24T15:10:58.593065Z,3,v1-metrics-only
50c99fc5-89e6-40af-af3b-9696ea164ec2,0.9996138201632178,2025-09-24T15:10:58.593065Z,3,v1-metrics-only
f7b53c95-8860-41c7-9311-f82c3ca9a3db,0.9996138192184754,2025-09-24T15:10:58.593065Z,3,v1-metrics-only
136cb770-701b-4a1c-884b-341a497ca7f5,0.9996138186538754,2025-09-24T15:10:58.593065Z,3,v1-metrics-only
7fc9b593-1856-45ba-9057-e58b0c301926,0.9996138171328062,2025-09-24T15:10:58.593065Z,3,v1-metrics-only
d0a73205-fd69-4997-8000-3e901219b4f2,0.9996138143511678,2025-09-24T15:10:58.593065Z,3,v1-metrics-only
cb27667e-2ebf-454d-927b-01295d0b52f9,0.9996138130260692,2025-09-24T15:10:58.593065Z,3,v1-metrics-only
da392664-893e-468e-a696-2cde12ab2249,0.9996138122747928,2025-09-24T15:10:58.593065Z,3,v1-metrics-only
0d07f10f-9445-4bdb-b5c9-437b03440626,0.9996138100240632,2025-09-24T15:10:58.593065Z,3,v1-metrics-only
45c6ad68-09df-4eef-b15b-7ae80bfe427d,0.9996138088340725,2025-09-24T15:10:58.593065Z,3,v1-metrics-only
37f5df2c-d9d7-45e5-9161-baa79b30784f,0.9996138080684647,2025-09-24T15:10:58.593065Z,3,v1-metrics-only
105437dc-b48f-4cbe-886d-3749629dcbc7,0.9996138080478553,2025-09-24T15:10:58.593065Z,3,v1-metrics-only
163372ae-8721-44dc-98f7-282564d8704a,0.9996138066271096,2025-09-24T15:10:58.593065Z,3,v1-metrics-only
ec7e92e6-d1d4-45d5-aa8d-55515a9af2f3,0.9996138052921679,2025-09-24T15:10:58.593065Z,3,v1-metrics-only
09f6f90b-e8c9-4f8c-81e8-bec7f1f010e7,0.9996138042139224,2025-09-24T15:10:58.593065Z,3,v1-metrics-only
094e4237-55bc-438a-af41-ef1259b44f0f,0.9996138040996857,2025-09-24T15:10:58.593065Z,3,v1-metrics-only
6d589897-d4fa-4604-898e-f5d1d110b927,0.9996138038383938,2025-09-24T15:10:58.593065Z,3,v1-metrics-only
2b8725b7-b7fb-4723-9966-dc6e7c233ca6,0.9996138032284763,2025-09-24T15:10:58.593065Z,3,v1-metrics-only
79ce593e-4858-4ec1-b3c9-05661e25d4eb,0.9996138030572859,2025-09-24T15:10:58.593065Z,3,v1-metrics-only
f6665e77-194c-49aa-8f75-35ba4a94b23b,0.9996138027127711,2025-09-24T15:10:58.593065Z,3,v1-metrics-only
1af28cf5-4aa5-460c-881d-9f7a684f9fd1,0.9996138014204006,2025-09-24T15:10:58.593065Z,3,v1-metrics-only
ebefd26c-477e-480c-a167-78e5fbd6d4da,0.9996138013393128,2025-09-24T15:10:58.593065Z,3,v1-metrics-only
45b9d21a-2d20-4201-a60c-35a3f671b90a,0.9996137990655586,2025-09-24T15:10:58.593065Z,3,v1-metrics-only
cdc1dd97-2cb2-40dd-a789-6e0f9adfd03a,0.999613796272194,2025-09-24T15:10:58.593065Z,3,v1-metrics-only
095d853b-5ffa-4f29-9f51-7e0bfebbfc9a,0.9996137945603019,2025-09-24T15:10:58.593065Z,3,v1-metrics-only
afdc65e6-8168-47bf-a7a6-1d52b55574c3,0.9996137941298604,2025-09-24T15:10:58.593065Z,3,v1-metrics-only
3c1bae20-c604-4fb5-a2a6-61dc48493676,0.9996137934020756,2025-09-24T15:10:58.593065Z,3,v1-metrics-only
b5cfafa5-38c0-4f07-b3dc-aaf4ed3898ba,0.9996137929898214,2025-09-24T15:10:58.593065Z,3,v1-metrics-only
006ced9f-89da-468a-9c8c-1a0ef98e8cd5,0.9996137929355247,2025-09-24T15:10:58.593065Z,3,v1-metrics-only
2266a0ca-1d55-4af3-984c-297ada1ae07c,0.9996137928810811,2025-09-24T15:10:58.593065Z,3,v1-metrics-only
d5197492-3441-4323-a0bc-109529538345,0.9996137924418854,2025-09-24T15:10:58.593065Z,3,v1-metrics-only
42814efe-597b-43e8-972b-00c16a51fa9b,0.9996137922924636,2025-09-24T15:10:58.593065Z,3,v1-metrics-only
419b52e9-86e1-46f1-8b10-de4127699b00,0.999613792023134,2025-09-24T15:10:58.593065Z,3,v1-metrics-only
362c8150-992f-4e78-a826-c34be0b245a0,0.9996137908458252,2025-09-24T15:10:58.593065Z,3,v1-metrics-only
7fbfc2db-7784-43b3-9d25-127cf8974382,0.999613790652221,2025-09-24T15:10:58.593065Z,3,v1-metrics-only
e7df0516-b3d4-45a3-afea-7a8741edd1fe,0.9996137891528211,2025-09-24T15:10:58.593065Z,3,v1-metrics-only
7cd00e9d-9a07-4920-8f8a-70d82f25006f,0.9996137886462438,2025-09-24T15:10:58.593065Z,3,v1-metrics-only
d934b447-bad2-4be7-beea-784568a2ab04,0.9996137877873124,2025-09-24T15:10:58.593065Z,3,v1-metrics-only
70605461-68fe-46da-a8cd-a9be58563b12,0.9996137876518212,2025-09-24T15:10:58.593065Z,3,v1-metrics-only
9e313f83-24e9-4d1d-b375-c1c96dea1b8a,0.9996137865790631,2025-09-24T15:10:58.593065Z,3,v1-metrics-only
40d549ce-c65a-45e1-8681-c80cae22d689,0.9996137863797073,2025-09-24T15:10:58.593065Z,3,v1-metrics-only
927a2ea3-ad46-4c7e-bc05-5e13c9c6d353,0.9996137843461516,2025-09-24T15:10:58.593065Z,3,v1-metrics-only
d9141ff3-1ba0-400e-b91a-0db20e82620e,0.9996137822483759,2025-09-24T15:10:58.593065Z,3,v1-metrics-only
4d887c2a-ad0c-4840-8cb4-51e7fb1c0dbc,0.9996137801891964,2025-09-24T15:10:58.593065Z,3,v1-metrics-only
2d46b923-8f88-4c01-97dd-334b2c7d0906,0.9996137798729633,2025-09-24T15:10:58.593065Z,3,v1-metrics-only
19209e14-434d-440e-acaa-9310d23b6f45,0.9996137785852716,2025-09-24T15:10:58.593065Z,3,v1-metrics-only
380243e2-55c0-4d07-aead-10e610f710f8,0.9996137778857502,2025-09-24T15:10:58.593065Z,3,v1-metrics-only
f2efb22a-0ef8-4da1-bebb-dfccca4ea79d,0.9996137777592567,2025-09-24T15:10:58.593065Z,3,v1-metrics-only
934aa4c3-dcb3-4fae-a0a2-9e0546f840ee,0.9996137776103609,2025-09-24T15:10:58.593065Z,3,v1-metrics-only
41830018-d25d-4ce6-ad73-778e0f7ff546,0.9996137703300588,2025-09-24T15:10:58.593065Z,3,v1-metrics-only
de5b0fee-1a2b-402a-8568-807708453d22,0.9996137690720575,2025-09-24T15:10:58.593065Z,3,v1-metrics-only
0a1b2bd4-a0b5-4294-a5b3-1f525f325114,0.9996137673037008,2025-09-24T15:10:58.593065Z,3,v1-metrics-only
cb100999-f86f-44b6-96e5-b74ecae88737,0.9996137669576755,2025-09-24T15:10:58.593065Z,3,v1-metrics-only
f98271d1-0a1b-4c0f-afa1-befda3ca347f,0.9996137650780368,2025-09-24T15:10:58.593065Z,3,v1-metrics-only
1e6a6ae6-b9f4-481a-b3ab-f3984984d2ae,0.9996137626487547,2025-09-24T15:10:58.593065Z,3,v1-metrics-only
30b4d3c8-d001-4018-8cd2-4ecf672d5ee0,0.9996137622343113,2025-09-24T15:10:58.593065Z,3,v1-metrics-only
2a3bbeb8-5396-4be5-a8f1-8c4407705460,0.9996137619257034,2025-09-24T15:10:58.593065Z,3,v1-metrics-only
1e0a5d81-0624-426e-b9ff-77be3edd8dbf,0.9996137607735945,2025-09-24T15:10:58.593065Z,3,v1-metrics-only
fcb8cac4-fce3-4226-b368-9cab03167b86,0.999613760562491,2025-09-24T15:10:58.593065Z,3,v1-metrics-only
405ed805-b182-4e59-9bf1-de2aa24305e0,0.9996137553045649,2025-09-24T15:10:58.593065Z,3,v1-metrics-only
c1e8d27c-5d08-4dee-999e-ba40c09d28ba,0.9996137549278054,2025-09-24T15:10:58.593065Z,3,v1-metrics-only
6de69601-efe5-48d8-bb80-ed5bd67d90d0,0.9996137546280499,2025-09-24T15:10:58.593065Z,3,v1-metrics-only
e904f5d0-cab0-4980-af78-863258dff87d,0.9996137540988104,2025-09-24T15:10:58.593065Z,3,v1-metrics-only
9f36f66d-dad0-4f0c-bc47-646917720a2d,0.9996137501217371,2025-09-24T15:10:58.593065Z,3,v1-metrics-only
e19658e5-b81b-441f-a613-dc3ec6507184,0.9996137457751619,2025-09-24T15:10:58.593065Z,3,v1-metrics-only
9cbc078e-ce91-43eb-bd13-c0cdced2c8df,0.9996137402718845,2025-09-24T15:10:58.593065Z,3,v1-metrics-only
8e8a87d1-c3b8-44e7-8867-e2692e02f190,0.9996137400855177,2025-09-24T15:10:58.593065Z,3,v1-metrics-only
4947996d-5b95-47a2-93ae-943c5d8be880,0.999613737567669,2025-09-24T15:10:58.593065Z,3,v1-metrics-only
8a4d83b3-6455-4e5f-90de-f145d81d0378,0.999613737197162,2025-09-24T15:10:58.593065Z,3,v1-metrics-only
e4cd9cf3-b717-4fcb-9390-172fbffc2ab1,0.9996137356941678,2025-09-24T15:10:58.593065Z,3,v1-metrics-only
02566141-6b8b-431a-be96-232fc318b69b,0.9996137347587385,2025-09-24T15:10:58.593065Z,3,v1-metrics-only
eb0c7204-7de8-4be7-978b-0a0369ebf743,0.9996137340335224,2025-09-24T15:10:58.593065Z,3,v1-metrics-only
52f85071-0b33-416a-88a0-4d89130353d4,0.9996137339244273,2025-09-24T15:10:58.593065Z,3,v1-metrics-only
b1e1956f-70cf-469e-a4e5-a80c078f34a1,0.9996137313465288,2025-09-24T15:10:58.593065Z,3,v1-metrics-only
d95b3ae3-493c-43f8-b057-28f44f8c8e32,0.9996137278680697,2025-09-24T15:10:58.593065Z,3,v1-metrics-only
e1d3536e-2db5-42e1-922f-c6b4ad8484d6,0.9996137277533526,2025-09-24T15:10:58.593065Z,3,v1-metrics-only
ce99cc30-9478-4212-a40a-69c6ee336dd7,0.999613727282267,2025-09-24T15:10:58.593065Z,3,v1-metrics-only
cf4cdc7b-768c-4ae2-ac85-35c6c28148ec,0.9996137272253712,2025-09-24T15:10:58.593065Z,3,v1-metrics-only
c59d7218-625c-4008-b959-57665a433f6b,0.9996137271581375,2025-09-24T15:10:58.593065Z,3,v1-metrics-only
555f67ff-06ea-4f5b-a740-42521c87e538,0.9996137236951972,2025-09-24T15:10:58.593065Z,3,v1-metrics-only
14aa0462-7a4a-44ce-8aa8-929039c42b50,0.9996137225326579,2025-09-24T15:10:58.593065Z,3,v1-metrics-only
a2ef46c9-4984-42d6-a223-e3134606fb57,0.9996137031297323,2025-09-24T15:10:58.593065Z,3,v1-metrics-only
99ad5b79-acff-45ce-80e9-8aea80897c95,0.9996137017912864,2025-09-24T15:10:58.593065Z,3,v1-metrics-only
b8a751de-102f-47f8-96ea-a0c314d176b8,0.9996136991052154,2025-09-24T15:10:58.593065Z,3,v1-metrics-only
7e9df94b-0af1-4f66-91f9-f9a2bcc82b90,0.9996136947444263,2025-09-24T15:10:58.593065Z,3,v1-metrics-only
b8180c74-b691-4da9-9b25-48b3bc0ca0c3,0.9996136850319655,2025-09-24T15:10:58.593065Z,3,v1-metrics-only
ea40176a-a127-4e8d-8cb6-b3cc64924901,0.9996136846809328,2025-09-24T15:10:58.593065Z,3,v1-metrics-only
bb7e0e50-79bb-48d8-b944-78966089a1d8,0.9996136823933003,2025-09-24T15:10:58.593065Z,3,v1-metrics-only
1200df2c-d983-4f3c-869c-b1968f83bf72,0.9996136762926539,2025-09-24T15:10:58.593065Z,3,v1-metrics-only
d29a96f2-364d-4b9e-8ada-4fb12f6cb77b,0.9996136663268609,2025-09-24T15:10:58.593065Z,3,v1-metrics-only
18f12f0e-5abd-4833-b055-6c5dd43cd075,0.9996136500435422,2025-09-24T15:10:58.593065Z,3,v1-metrics-only
7bb08404-e6a2-445f-831f-8d4dd2aec50b,0.9996136460360517,2025-09-24T15:10:58.593065Z,3,v1-metrics-only
694bf2f6-1c9c-4db5-b143-70090ee6f10a,0.9996136141791883,2025-09-24T15:10:58.593065Z,3,v1-metrics-only
d2be4254-7fed-4376-833a-2ca93ebcad14,0.9996136058762356,2025-09-24T15:10:58.593065Z,3,v1-metrics-only
037be562-0921-4828-a51c-e788ce5e37ff,0.9996135997520721,2025-09-24T15:10:58.593065Z,3,v1-metrics-only
65f81cdc-25e1-46cc-8b49-d6fce989a1e7,0.9996135602046535,2025-09-24T15:10:58.593065Z,3,v1-metrics-only
c383ed1c-0bbe-4d78-a57d-caa21d3b1d16,0.99961354378681,2025-09-24T15:10:58.593065Z,3,v1-metrics-only
b3691ae6-a183-45a5-8e02-b1f4eb2006af,0.9996135038119411,2025-09-24T15:10:58.593065Z,3,v1-metrics-only
376052f6-ff79-4123-b74e-209234a0b213,0.9996134998843036,2025-09-24T15:10:58.593065Z,3,v1-metrics-only
4801821c-e130-4bc3-849a-03fd628726c7,0.9996134851099926,2025-09-24T15:10:58.593065Z,3,v1-metrics-only
b31f113b-afdd-4355-b447-64da974445a1,0.999505338280047,2025-09-24T15:10:58.593065Z,3,v1-metrics-only
6ef5a269-c956-4957-89b3-5712c17a14eb,0.9995053377713405,2025-09-24T15:10:58.593065Z,3,v1-metrics-only
932be56f-c6d8-4d25-ab52-cb1b1900fc55,0.9995053376852501,2025-09-24T15:10:58.593065Z,3,v1-metrics-only
51badf6d-e3f4-4516-b1e1-650c1487e93a,0.9995053376337246,2025-09-24T15:10:58.593065Z,3,v1-metrics-only
068815af-4e70-447a-b267-8fb55972f649,0.9995053371883237,2025-09-24T15:10:58.593065Z,3,v1-metrics-only
4dd1701c-060e-446c-815d-bb496dbac2cf,0.9995053371717757,2025-09-24T15:10:58.593065Z,3,v1-metrics-only
7eb4361a-0346-4266-b3f4-2743e267cd25,0.9995053368375482,2025-09-24T15:10:58.593065Z,3,v1-metrics-only
596fff6c-81a6-488f-b781-a084e5213f2c,0.9995053354764744,2025-09-24T15:10:58.593065Z,3,v1-metrics-only
d031584a-fe0e-40fb-83a6-3df2d3aaa4fb,0.9995053313234603,2025-09-24T15:10:58.593065Z,3,v1-metrics-only
8acb0c3b-3f1d-4cf0-a8c7-317439539b2d,0.9995053308566098,2025-09-24T15:10:58.593065Z,3,v1-metrics-only
650ae2fa-1154-4dfd-93b6-322fc8dc0aaa,0.9995053302698333,2025-09-24T15:10:58.593065Z,3,v1-metrics-only
1ab1c333-c442-45d3-b07a-7eea86745d2e,0.9995053300555385,2025-09-24T15:10:58.593065Z,3,v1-metrics-only
f94c137f-1226-4dcc-9836-1b85de7f922f,0.9995053295438235,2025-09-24T15:10:58.593065Z,3,v1-metrics-only
8858b229-f760-4d8a-9eb4-7ebe943d5a48,0.9995053294600794,2025-09-24T15:10:58.593065Z,3,v1-metrics-only
4925adfe-cb8c-402c-a7c6-f57bea9ef339,0.999505329008222,2025-09-24T15:10:58.593065Z,3,v1-metrics-only
0a81c4d2-4bbb-4f9d-a53a-caf49d5821ce,0.9995053286181242,2025-09-24T15:10:58.593065Z,3,v1-metrics-only
70415692-1554-4dfe-9446-aa68827a8b6e,0.9995053276385849,2025-09-24T15:10:58.593065Z,3,v1-metrics-only
556ec505-4932-416e-b7d2-f79bce6db5f0,0.9995053260711141,2025-09-24T15:10:58.593065Z,3,v1-metrics-only
fe91fbf5-5af3-402b-a36d-1b3c6ded1ab8,0.9995053239954274,2025-09-24T15:10:58.593065Z,3,v1-metrics-only
483a6387-82b4-4b77-aa75-752c4c61aea0,0.9995053215016212,2025-09-24T15:10:58.593065Z,3,v1-metrics-only
34c3c4fd-a4d1-4f06-b4e7-47efda2402c6,0.9995053213109888,2025-09-24T15:10:58.593065Z,3,v1-metrics-only
6113893f-d658-4d82-9c79-96b64b4063a9,0.9995053211557774,2025-09-24T15:10:58.593065Z,3,v1-metrics-only
4ce63fb4-0066-4789-882c-cca3a4c6cfbc,0.999505321153028,2025-09-24T15:10:58.593065Z,3,v1-metrics-only
f43c1241-a458-4077-9bb0-8871514d0ac3,0.9995053191389386,2025-09-24T15:10:58.593065Z,3,v1-metrics-only
05177781-6211-404b-ba5a-be47c96484eb,0.9995053181044663,2025-09-24T15:10:58.593065Z,3,v1-metrics-only
5842e994-9a95-4b66-94e1-02fac0214bfa,0.9995053163364042,2025-09-24T15:10:58.593065Z,3,v1-metrics-only
5c189619-0b00-4ad8-babf-febae683b101,0.9995053139740194,2025-09-24T15:10:58.593065Z,3,v1-metrics-only
72cb67ff-562a-49bd-9c31-b8d802b27789,0.9995053138611267,2025-09-24T15:10:58.593065Z,3,v1-metrics-only
20c8a983-1235-453a-bc74-11871370a49f,0.9995053134495874,2025-09-24T15:10:58.593065Z,3,v1-metrics-only
735c8f0a-f4c8-47b0-9554-5c4ea7ffe79f,0.9995053124737875,2025-09-24T15:10:58.593065Z,3,v1-metrics-only
66af97f8-09a7-4c63-99a0-06bdba82b86f,0.9995053123342666,2025-09-24T15:10:58.593065Z,3,v1-metrics-only
629a4a42-e94f-4cfd-9dad-9d766c82fd62,0.9995053116247191,2025-09-24T15:10:58.593065Z,3,v1-metrics-only
ca44a151-be76-4e2f-9f44-8d30b4c8fd40,0.9995053115368866,2025-09-24T15:10:58.593065Z,3,v1-metrics-only
7f1069e1-c3a0-46ce-8ea3-ac4b212d4f7e,0.99950531052139,2025-09-24T15:10:58.593065Z,3,v1-metrics-only
e215ac32-7add-4115-a8c9-b9f6d5a3abf3,0.9995053102540828,2025-09-24T15:10:58.593065Z,3,v1-metrics-only
ad5f2272-be9b-467b-966f-abbf917fb623,0.9995053101582563,2025-09-24T15:10:58.593065Z,3,v1-metrics-only
3772c865-81fb-4f38-a57e-c8c001cb7303,0.999505306754338,2025-09-24T15:10:58.593065Z,3,v1-metrics-only
11e3a800-8996-45a3-856f-a73d49ddaa84,0.99950530654225,2025-09-24T15:10:58.593065Z,3,v1-metrics-only
d64fdfe8-4c8a-47eb-9c94-c78593abe450,0.999505306201358,2025-09-24T15:10:58.593065Z,3,v1-metrics-only
72498ce6-c681-411c-b246-af1b88dc448e,0.9995053049747814,2025-09-24T15:10:58.593065Z,3,v1-metrics-only
345a89ca-23f3-45f4-9237-4d435135c6e2,0.9995053040608778,2025-09-24T15:10:58.593065Z,3,v1-metrics-only
1a9c2063-77e6-4681-b33b-dc32fed47752,0.9995053037358186,2025-09-24T15:10:58.593065Z,3,v1-metrics-only
fad2d7d8-6105-4b5b-85f2-41de6653d39f,0.9995053036448067,2025-09-24T15:10:58.593065Z,3,v1-metrics-only
de37fe36-8637-4173-825e-fc983a0d1dc2,0.9995053031888637,2025-09-24T15:10:58.593065Z,3,v1-metrics-only
8f4012e0-5a0f-4ef6-887f-c348acf10f1c,0.9995053013795373,2025-09-24T15:10:58.593065Z,3,v1-metrics-only
fc568017-35d5-4e6a-a842-e4343d1cf008,0.9995053010518019,2025-09-24T15:10:58.593065Z,3,v1-metrics-only
3698b8c9-78f7-43b1-b807-6df2b63c3802,0.9995053000568545,2025-09-24T15:10:58.593065Z,3,v1-metrics-only
96238e52-c177-4aab-9c6e-d1ca3c9afd54,0.9995052989041395,2025-09-24T15:10:58.593065Z,3,v1-metrics-only
304ef720-bd8d-4b8a-885d-a2b4fe8b1fed,0.999505296315933,2025-09-24T15:10:58.593065Z,3,v1-metrics-only
ba7dc998-391b-42ef-87e8-e7baa4aaa22a,0.999505295632175,2025-09-24T15:10:58.593065Z,3,v1-metrics-only
f5356944-e5fe-4c30-8c7b-5fafae4ebd50,0.9995052953059097,2025-09-24T15:10:58.593065Z,3,v1-metrics-only
e46e3a05-911f-4d33-a78c-7cd9c8d40973,0.9995052920054862,2025-09-24T15:10:58.593065Z,3,v1-metrics-only
7c12c518-6ee5-408a-971a-11487f1d3245,0.9995052916589062,2025-09-24T15:10:58.593065Z,3,v1-metrics-only
7d6eb8e1-f8cb-43e2-b6ee-c5f2fb5a27c9,0.9995052910682443,2025-09-24T15:10:58.593065Z,3,v1-metrics-only
10858d49-8760-4f06-92d3-0238fcb4db53,0.9995052906232257,2025-09-24T15:10:58.593065Z,3,v1-metrics-only
3a9e2de6-fde8-4940-8ea5-adfe7377ac87,0.9995052901312258,2025-09-24T15:10:58.593065Z,3,v1-metrics-only
39e1adbe-bef1-4c41-a631-272bf8219cc5,0.9995052898345471,2025-09-24T15:10:58.593065Z,3,v1-metrics-only
1fb4454a-9ef5-477d-831f-9cab25e0408d,0.9995052885134544,2025-09-24T15:10:58.593065Z,3,v1-metrics-only
9eb9950a-0bfd-4ea6-a60a-4cb469c044bd,0.9995052874258872,2025-09-24T15:10:58.593065Z,3,v1-metrics-only
01e97589-44e7-44d2-83ec-f215c6058414,0.99950528729877,2025-09-24T15:10:58.593065Z,3,v1-metrics-only
65cc244f-f8ba-4e7b-9040-62b2da2533c7,0.9995052838603413,2025-09-24T15:10:58.593065Z,3,v1-metrics-only
d7a6f0d0-4aec-4433-afa9-1298a6d5a4f0,0.9995052838491865,2025-09-24T15:10:58.593065Z,3,v1-metrics-only
5bffdb65-9ad8-4439-b35c-f9ededfcac60,0.9995052829196571,2025-09-24T15:10:58.593065Z,3,v1-metrics-only
a31b931d-5357-421e-8c7a-421ecb00cf6f,0.9995052815822388,2025-09-24T15:10:58.593065Z,3,v1-metrics-only
bab4920a-9bdc-41c8-90fe-924015961032,0.9995052811265767,2025-09-24T15:10:58.593065Z,3,v1-metrics-only
d9bab4c0-4d22-452e-8210-e5890624c1a0,0.9995052805659366,2025-09-24T15:10:58.593065Z,3,v1-metrics-only
1ccabb0d-8398-49e3-a404-2cf0bdd071af,0.9995052796979489,2025-09-24T15:10:58.593065Z,3,v1-metrics-only
65cf1611-969e-42f2-856a-b3178c362dad,0.9995052793986131,2025-09-24T15:10:58.593065Z,3,v1-metrics-only
1611f746-9a5a-4544-998b-8eb48bf135df,0.9995052759077584,2025-09-24T15:10:58.593065Z,3,v1-metrics-only
406e2628-55da-41c9-bdd8-e64c31ff7614,0.9995052741581918,2025-09-24T15:10:58.593065Z,3,v1-metrics-only
da0e9a7a-85b3-46b8-9bf8-37f2b7fac69d,0.9995052726023502,2025-09-24T15:10:58.593065Z,3,v1-metrics-only
694986ab-fd3e-45bb-b093-7218d7c08813,0.9995052640334723,2025-09-24T15:10:58.593065Z,3,v1-metrics-only
2227e897-490d-4e6d-b415-0b78f3db9abc,0.9995052638052722,2025-09-24T15:10:58.593065Z,3,v1-metrics-only
d3c6532f-c6a0-4e10-b8e6-f6f5979ae7de,0.9995052618221253,2025-09-24T15:10:58.593065Z,3,v1-metrics-only
d8f14861-ba51-48d2-ace9-a13fce05acd2,0.999505261795887,2025-09-24T15:10:58.593065Z,3,v1-metrics-only
498e29e4-8ff9-455e-9d07-cafab0c11403,0.9995052604987914,2025-09-24T15:10:58.593065Z,3,v1-metrics-only
6df91c5d-d64b-44aa-9cd4-3cea7a81c626,0.9995052602551698,2025-09-24T15:10:58.593065Z,3,v1-metrics-only
4e6acaba-d49f-4d5a-b6a3-830796cb1fb2,0.9995052577294575,2025-09-24T15:10:58.593065Z,3,v1-metrics-only
4a6ae36d-0c36-444c-b505-154e23b2a1da,0.9995052575619816,2025-09-24T15:10:58.593065Z,3,v1-metrics-only
e15a678f-dc7b-4755-8c1c-fe8c102efe32,0.9995052557677424,2025-09-24T15:10:58.593065Z,3,v1-metrics-only
13114049-e5f1-403b-b8f8-dae36995f861,0.999505255602615,2025-09-24T15:10:58.593065Z,3,v1-metrics-only
0b309f63-fa38-40af-a7df-3c4200a4aaa7,0.9995052530937151,2025-09-24T15:10:58.593065Z,3,v1-metrics-only
de09a56a-c65a-4b4b-9982-6b100650e488,0.9995052397741354,2025-09-24T15:10:58.593065Z,3,v1-metrics-only
0496be7b-16fc-4c98-b744-4158eab6da46,0.9995052375833295,2025-09-24T15:10:58.593065Z,3,v1-metrics-only
17fcb4d5-de08-45fa-89ce-306ea8a52b47,0.9995052345958235,2025-09-24T15:10:58.593065Z,3,v1-metrics-only
a6f4a572-2ef3-4c2e-aefc-30640121cb89,0.9995052208422356,2025-09-24T15:10:58.593065Z,3,v1-metrics-only
a19e7679-db28-49b6-b11f-44fd4c9b6e81,0.9995052201345097,2025-09-24T15:10:58.593065Z,3,v1-metrics-only
1e002314-9e4c-4e5b-a86f-715f66e8e62d,0.9995052196663863,2025-09-24T15:10:58.593065Z,3,v1-metrics-only
ad913f20-1366-41ba-a19d-53c56b7f3b43,0.9995052196256706,2025-09-24T15:10:58.593065Z,3,v1-metrics-only
0e174672-fa48-4e6e-b265-96087895f4d1,0.9995052193902705,2025-09-24T15:10:58.593065Z,3,v1-metrics-only
b6dc69cf-ec03-4910-89aa-5230686eeee1,0.9995052168182541,2025-09-24T15:10:58.593065Z,3,v1-metrics-only
d145de77-2ad2-4330-9b1e-aa31a47a4748,0.9995052158631581,2025-09-24T15:10:58.593065Z,3,v1-metrics-only
2afcbbf2-a55b-4a53-af26-542e01175849,0.9995052155318825,2025-09-24T15:10:58.593065Z,3,v1-metrics-only
decd134d-3dcc-4947-a3fb-8d0aca66dbba,0.9995052151026623,2025-09-24T15:10:58.593065Z,3,v1-metrics-only
7b940cbe-a309-4bb0-9060-356255b4607f,0.9995052144050489,2025-09-24T15:10:58.593065Z,3,v1-metrics-only
e4eeca33-6c0e-446b-930e-fbac67251baf,0.9995052045474075,2025-09-24T15:10:58.593065Z,3,v1-metrics-only
e29ab3f5-defc-4a34-933a-055f3f4e3841,0.9995051860663028,2025-09-24T15:10:58.593065Z,3,v1-metrics-only
259b699d-ff6a-4158-afa7-1d9f2864af4e,0.999505185762369,2025-09-24T15:10:58.593065Z,3,v1-metrics-only
226358e9-3b10-4161-b407-1a02964b6834,0.9995051720118621,2025-09-24T15:10:58.593065Z,3,v1-metrics-only
d1ba4a3d-3f4d-4cc1-84cb-c1a152a0cbaa,0.9995051695131287,2025-09-24T15:10:58.593065Z,3,v1-metrics-only
bf987358-1a34-4ef5-a0f7-b6d73e27fd09,0.9995051537277851,2025-09-24T15:10:58.593065Z,3,v1-metrics-only
c382a45a-acd9-497d-bfe5-1d12336590c8,0.9995051501271027,2025-09-24T15:10:58.593065Z,3,v1-metrics-only
7f91ada6-c58d-47bf-9f45-940282f6a292,0.9995051418146428,2025-09-24T15:10:58.593065Z,3,v1-metrics-only
e8693f7e-c9f3-47eb-918b-cb7bdb711aec,0.9995051376308596,2025-09-24T15:10:58.593065Z,3,v1-metrics-only
608ac43e-ed0b-4f70-bbc4-3246df894656,0.999505137322753,2025-09-24T15:10:58.593065Z,3,v1-metrics-only
a98dffce-9c37-4e40-b670-90ec90880b2a,0.9995051302287676,2025-09-24T15:10:58.593065Z,3,v1-metrics-only
20be7905-0bf3-4cfb-b08d-20f20e70d23b,0.9995050981158182,2025-09-24T15:10:58.593065Z,3,v1-metrics-only
f067eb17-1a91-489f-a87a-7faf4c015b28,0.9995050670300705,2025-09-24T15:10:58.593065Z,3,v1-metrics-only
6c1e7e66-3574-42e8-8297-ac0b4fa243a0,0.9995050600275694,2025-09-24T15:10:58.593065Z,3,v1-metrics-only
663da3b5-652e-4b32-9925-473893e33a9f,0.9995050556153322,2025-09-24T15:10:58.593065Z,3,v1-metrics-only
627dc70b-1d3d-47be-920f-fb42d68c054e,0.9995050365277431,2025-09-24T15:10:58.593065Z,3,v1-metrics-only
5edf4a5d-2c85-49a9-bf47-c8ca7b680251,0.9995050216026553,2025-09-24T15:10:58.593065Z,3,v1-metrics-only
2430d6cb-df73-4701-8b3c-9e0cd2683d80,0.9993662396946889,2025-09-24T15:10:58.593065Z,3,v1-metrics-only
9e728378-f32e-4e1b-a56e-c5104d8417f7,0.9993662392131152,2025-09-24T15:10:58.593065Z,3,v1-metrics-only
733893d4-6668-4b7b-8b53-915f3d577ead,0.9993662381260622,2025-09-24T15:10:58.593065Z,3,v1-metrics-only
2ee1265f-5e93-4299-84c0-6ef0f173b6fb,0.9993662371834856,2025-09-24T15:10:58.593065Z,3,v1-metrics-only
350aedcb-4317-48aa-a9bd-8bb3a7fe3cb7,0.9993662366434257,2025-09-24T15:10:58.593065Z,3,v1-metrics-only
c86158d9-0d4d-43c3-aa10-b4770a3bb447,0.9993662341416103,2025-09-24T15:10:58.593065Z,3,v1-metrics-only
943c953a-9774-4e9d-9f1f-2a4ad560c7ab,0.9993662329724246,2025-09-24T15:10:58.593065Z,3,v1-metrics-only
fa222611-5f65-494c-bbde-f2519c6b13ba,0.99936623208484,2025-09-24T15:10:58.593065Z,3,v1-metrics-only
960f3e70-f522-4d2f-bc1f-522024b2a84f,0.9993662311282985,2025-09-24T15:10:58.593065Z,3,v1-metrics-only
1ff2ad3a-34e7-4ead-a51a-8a4512ce576a,0.9993662288135604,2025-09-24T15:10:58.593065Z,3,v1-metrics-only
c004d851-2dc4-485a-baa3-9a9e44751a2c,0.9993662274524776,2025-09-24T15:10:58.593065Z,3,v1-metrics-only
decece81-bba0-4910-a795-e6cad31e6d8d,0.9993662258763805,2025-09-24T15:10:58.593065Z,3,v1-metrics-only
f76fa3bf-3f66-43e9-a10a-b3b3e3f609ab,0.9993662253266946,2025-09-24T15:10:58.593065Z,3,v1-metrics-only
55252131-49e7-4357-9859-fdf3ee86f7cd,0.9993662238097747,2025-09-24T15:10:58.593065Z,3,v1-metrics-only
20cca08e-6c35-4eb8-a7e5-913a7219df31,0.9993662229228658,2025-09-24T15:10:58.593065Z,3,v1-metrics-only
b936ee96-8632-462a-ada6-9d4d533b434d,0.9993662226452339,2025-09-24T15:10:58.593065Z,3,v1-metrics-only
28b1a9f3-fa88-4856-83e5-08e32984df79,0.9993662210138233,2025-09-24T15:10:58.593065Z,3,v1-metrics-only
4feb4ba5-a1ab-44fa-ac85-c034e091192a,0.9993662206808035,2025-09-24T15:10:58.593065Z,3,v1-metrics-only
ccd04e1e-57d4-4ebe-b194-e403e7fa4ed2,0.9993662156512215,2025-09-24T15:10:58.593065Z,3,v1-metrics-only
431c5776-506e-41cd-b6e9-fe6d6ea0796c,0.9993662149125346,2025-09-24T15:10:58.593065Z,3,v1-metrics-only
6773a374-d094-4683-9937-75e9f84285f5,0.9993662144716446,2025-09-24T15:10:58.593065Z,3,v1-metrics-only
ccf55cda-2fbf-4629-a215-31f0bbac2c9b,0.999366213086243,2025-09-24T15:10:58.593065Z,3,v1-metrics-only
1f102326-daf2-47d2-9448-0d607db6a5c4,0.9993662111513293,2025-09-24T15:10:58.593065Z,3,v1-metrics-only
f2b8a4e7-6ae4-40ea-a9e1-274a328de346,0.9993662104457195,2025-09-24T15:10:58.593065Z,3,v1-metrics-only
6d9bd032-4e70-4427-ba2c-c04aa0c9dc58,0.9993662100610412,2025-09-24T15:10:58.593065Z,3,v1-metrics-only
2903ab25-fa9b-4ed8-890a-535849ce5cb9,0.9993662093769223,2025-09-24T15:10:58.593065Z,3,v1-metrics-only
a82988f3-1072-485e-9c3a-663039bd92ed,0.9993662079438352,2025-09-24T15:10:58.593065Z,3,v1-metrics-only
a45aa294-65f2-4a46-95fe-7383c8eb35a0,0.9993662078802908,2025-09-24T15:10:58.593065Z,3,v1-metrics-only
95ac62dc-dd42-4669-bd4e-fd05366dbdcb,0.9993662075773194,2025-09-24T15:10:58.593065Z,3,v1-metrics-only
fbaf0402-c9c4-4e1d-b5c9-e4d0efea5665,0.9993662053124115,2025-09-24T15:10:58.593065Z,3,v1-metrics-only
7a38a96f-33d0-4605-8fa0-5f3bd817c466,0.9993662024476624,2025-09-24T15:10:58.593065Z,3,v1-metrics-only
4685f91f-2cf3-4204-aa37-53b49d682248,0.9993662022810281,2025-09-24T15:10:58.593065Z,3,v1-metrics-only
f02ed6a7-04dc-45fe-8348-e5452a206816,0.9993662015544399,2025-09-24T15:10:58.593065Z,3,v1-metrics-only
8a3c4bf8-c292-4711-9331-b35221ad3629,0.9993662015442115,2025-09-24T15:10:58.593065Z,3,v1-metrics-only
8e5db93d-c20d-4a44-b7fb-f88f99349202,0.999366201385447,2025-09-24T15:10:58.593065Z,3,v1-metrics-only
f3a39504-8527-4542-a22c-fef10550dcb4,0.9993662010236953,2025-09-24T15:10:58.593065Z,3,v1-metrics-only
56a68870-1ee0-4ce1-bd87-074c6ea5a548,0.9993662007192984,2025-09-24T15:10:58.593065Z,3,v1-metrics-only
dc65e0ca-6293-4ce4-b0b7-61d22044d376,0.9993661984752007,2025-09-24T15:10:58.593065Z,3,v1-metrics-only
8d40631b-f87c-43bf-8d31-514d708c7bcd,0.9993661983863144,2025-09-24T15:10:58.593065Z,3,v1-metrics-only
02ab02f6-2bac-4a0d-bdc2-f84b166e3154,0.9993661983289703,2025-09-24T15:10:58.593065Z,3,v1-metrics-only
b09e6260-1c31-4a39-88b1-4718a37252e8,0.9993661980340705,2025-09-24T15:10:58.593065Z,3,v1-metrics-only
0efa7f0a-9c9f-4e09-ad5f-916165662862,0.9993661968975387,2025-09-24T15:10:58.593065Z,3,v1-metrics-only
004f1a5a-796e-4d24-92f5-663c0c7fb445,0.9993661967230457,2025-09-24T15:10:58.593065Z,3,v1-metrics-only
f0efc164-22cc-4aa3-a456-9fa10d70011e,0.9993661941405648,2025-09-24T15:10:58.593065Z,3,v1-metrics-only
d1f61c0c-edf2-49bc-9b49-6fd0681e5316,0.9993661925432332,2025-09-24T15:10:58.593065Z,3,v1-metrics-only
5f8a6ea4-f0a2-4b98-bbbc-3503bb1d120f,0.9993661923715327,2025-09-24T15:10:58.593065Z,3,v1-metrics-only
0611d350-4243-461b-ae77-857e2cf5e39e,0.9993661918704191,2025-09-24T15:10:58.593065Z,3,v1-metrics-only
4b1ece72-bae2-4eb6-bf97-44a82181ea1b,0.9993661893523162,2025-09-24T15:10:58.593065Z,3,v1-metrics-only
38e7717f-b462-4b58-992c-79b4f8e78b1b,0.9993661887068968,2025-09-24T15:10:58.593065Z,3,v1-metrics-only
887d628b-af3a-4f0b-9509-ea82444bcab8,0.9993661849758233,2025-09-24T15:10:58.593065Z,3,v1-metrics-only
fccf92cb-e227-485e-a399-d01d3dcc14e8,0.9993661843148255,2025-09-24T15:10:58.593065Z,3,v1-metrics-only
9c1eef1a-cb8e-45b0-b418-c57f0240b7e5,0.9993661842099524,2025-09-24T15:10:58.593065Z,3,v1-metrics-only
23eb6caa-c8cd-46f3-ae56-170ed4514a4b,0.9993661817073767,2025-09-24T15:10:58.593065Z,3,v1-metrics-only
82c32a70-0be2-4d07-93a8-c61199a8d0c8,0.9993661812736753,2025-09-24T15:10:58.593065Z,3,v1-metrics-only
cdb93205-62e7-434d-baba-fda00c7680e6,0.9993661807509711,2025-09-24T15:10:58.593065Z,3,v1-metrics-only
15ff619f-592e-4d64-b017-3ac3a7366f4d,0.9993661796889228,2025-09-24T15:10:58.593065Z,3,v1-metrics-only
e7cca297-3b7c-4d9e-a27b-331c7d58a6b8,0.9993661782468704,2025-09-24T15:10:58.593065Z,3,v1-metrics-only
0fc55c9f-d71c-4922-8adc-3fd2854bc142,0.9993661774113309,2025-09-24T15:10:58.593065Z,3,v1-metrics-only
826b176c-4bff-4cea-a78a-eeceb8347257,0.9993661771046537,2025-09-24T15:10:58.593065Z,3,v1-metrics-only
3fef7542-24d6-4800-bbf0-653fbe0ea5e2,0.9993661764589002,2025-09-24T15:10:58.593065Z,3,v1-metrics-only
ce25e312-a345-4cd4-8b9f-c428baa270e8,0.9993661743305071,2025-09-24T15:10:58.593065Z,3,v1-metrics-only
ae5a2c4e-4a02-4338-8702-f53cb2cbcaf1,0.999366172642938,2025-09-24T15:10:58.593065Z,3,v1-metrics-only
18366e0a-d82e-485e-8dde-059e6463051d,0.9993661685665942,2025-09-24T15:10:58.593065Z,3,v1-metrics-only
65192c5d-98ee-4529-b43a-2610de2a0b18,0.9993661685560937,2025-09-24T15:10:58.593065Z,3,v1-metrics-only
b8de4927-08a5-477c-bc26-cf408883f004,0.999366167803933,2025-09-24T15:10:58.593065Z,3,v1-metrics-only
55127d3c-0e51-4a93-aabc-6efe62d285d8,0.9993661666195649,2025-09-24T15:10:58.593065Z,3,v1-metrics-only
3ee8e075-960b-4bad-9285-a0b87422554b,0.9993661649863516,2025-09-24T15:10:58.593065Z,3,v1-metrics-only
84b17d6e-3bea-4497-9dda-7c3215689184,0.9993661637771012,2025-09-24T15:10:58.593065Z,3,v1-metrics-only
8c82f2ae-adb7-4b27-b903-ea536729f5a0,0.9993661626194854,2025-09-24T15:10:58.593065Z,3,v1-metrics-only
6f787969-9846-4090-85e3-9951c3ae4e34,0.9993661622610951,2025-09-24T15:10:58.593065Z,3,v1-metrics-only
9c8cea12-bf89-4927-8f7e-499e48cec2a5,0.9993661619090348,2025-09-24T15:10:58.593065Z,3,v1-metrics-only
6248b1f5-8416-4f6d-bf30-f6290115b1f6,0.9993661610839173,2025-09-24T15:10:58.593065Z,3,v1-metrics-only
152a6f74-5620-4800-a46e-01aa845065b5,0.9993661598147612,2025-09-24T15:10:58.593065Z,3,v1-metrics-only
6483b977-3196-4078-b5e0-d231fd771360,0.9993661583635174,2025-09-24T15:10:58.593065Z,3,v1-metrics-only
4445dd3e-ced6-4cd1-847c-0e0e75ac3258,0.9993661545770915,2025-09-24T15:10:58.593065Z,3,v1-metrics-only
1d1dd54b-ccaf-4c97-a1ac-b8d8bdfb79ee,0.9993661475386658,2025-09-24T15:10:58.593065Z,3,v1-metrics-only
94d05938-44cd-4d19-8e5f-a913422e3cca,0.9993661469767848,2025-09-24T15:10:58.593065Z,3,v1-metrics-only
0278342a-c105-42f1-a1a0-bae8531734c8,0.9993661459911493,2025-09-24T15:10:58.593065Z,3,v1-metrics-only
e87707f4-b803-4227-937f-ee62350fc8d0,0.9993661447671461,2025-09-24T15:10:58.593065Z,3,v1-metrics-only
c3cd7028-227d-47f8-97ed-054b534a3cdf,0.9993661429608028,2025-09-24T15:10:58.593065Z,3,v1-metrics-only
e1665060-8238-415b-8637-6f0a8ee0fdf4,0.9993661367893232,2025-09-24T15:10:58.593065Z,3,v1-metrics-only
c2ec2419-cc6d-4697-a51c-9a3135086963,0.9993661323433028,2025-09-24T15:10:58.593065Z,3,v1-metrics-only
43b5435c-1302-42ea-bc27-5a10df2c1420,0.9993661320020787,2025-09-24T15:10:58.593065Z,3,v1-metrics-only
fdb1a245-2915-41f2-937f-ed8cf093c359,0.9993661313577843,2025-09-24T15:10:58.593065Z,3,v1-metrics-only
02ab2c2c-de2d-43e0-9171-0a096c632b21,0.9993661300035462,2025-09-24T15:10:58.593065Z,3,v1-metrics-only
d8ae0379-4d80-45dd-ab48-24821b0a24ec,0.9993661294517442,2025-09-24T15:10:58.593065Z,3,v1-metrics-only
1d9bf402-6cff-43ad-86a5-e9df913d4f74,0.9993661275731389,2025-09-24T15:10:58.593065Z,3,v1-metrics-only
e13680fd-0548-4a90-bc2f-506ec5ae7c18,0.9993661238270123,2025-09-24T15:10:58.593065Z,3,v1-metrics-only
1ddc147f-60e7-4c3f-a645-730b00d8a7e3,0.9993661229923888,2025-09-24T15:10:58.593065Z,3,v1-metrics-only
b509f720-495e-40ea-a8bc-6be4eace22dc,0.9993661209870605,2025-09-24T15:10:58.593065Z,3,v1-metrics-only
8918abdb-551c-46a9-a286-6eb0be062f06,0.9993661190263795,2025-09-24T15:10:58.593065Z,3,v1-metrics-only
d2857165-2178-473a-afec-46aa350be24d,0.9993661181021677,2025-09-24T15:10:58.593065Z,3,v1-metrics-only
93ace85f-3e3a-4534-a611-970a3f707ced,0.9993661177776535,2025-09-24T15:10:58.593065Z,3,v1-metrics-only
c57f9b60-da69-4788-ac32-f3412e486c1f,0.9993661151053113,2025-09-24T15:10:58.593065Z,3,v1-metrics-only
c63461dc-b70f-4e71-86b7-bc44b5b1c055,0.9993661142596829,2025-09-24T15:10:58.593065Z,3,v1-metrics-only
ad0f3597-0aee-4b4d-be9b-7c5fed0398c3,0.9993661034593507,2025-09-24T15:10:58.593065Z,3,v1-metrics-only
7f496b71-eee9-4d34-900d-3ff2495f22b5,0.9993661032121891,2025-09-24T15:10:58.593065Z,3,v1-metrics-only
6d25fd17-1aef-4d94-aebf-586602b63986,0.9993660999976974,2025-09-24T15:10:58.593065Z,3,v1-metrics-only
5874128d-4ccf-4e36-9802-a74bad054aca,0.9993660969549301,2025-09-24T15:10:58.593065Z,3,v1-metrics-only
cc80dd2c-7239-4612-84c8-40f9e131a70c,0.9993660947777769,2025-09-24T15:10:58.593065Z,3,v1-metrics-only
b1a1a1ed-10ca-4907-93a8-9f43a5d89ed0,0.9993660901090624,2025-09-24T15:10:58.593065Z,3,v1-metrics-only
07338794-c8f2-464c-b29a-9f1722ff75a3,0.999366077089998,2025-09-24T15:10:58.593065Z,3,v1-metrics-only
fb2f20ed-7071-4d38-a52b-bffb7517e382,0.999366072641364,2025-09-24T15:10:58.593065Z,3,v1-metrics-only
b8c53187-e03d-4b49-898c-50243a201d48,0.999366072461713,2025-09-24T15:10:58.593065Z,3,v1-metrics-only
6866ce30-364a-4ba1-a103-b9269afd8348,0.9993660687461208,2025-09-24T15:10:58.593065Z,3,v1-metrics-only
e036cc5b-c0e2-4d81-9b6e-360a3a7811e4,0.9993660624998716,2025-09-24T15:10:58.593065Z,3,v1-metrics-only
010c1b43-81e6-4cdc-8d78-a65acef426f5,0.999366056854024,2025-09-24T15:10:58.593065Z,3,v1-metrics-only
4886b6fb-1896-4d35-8ab7-9ec8c8020433,0.9993660501047048,2025-09-24T15:10:58.593065Z,3,v1-metrics-only
37f9561f-f66f-441e-9db4-8ea086e68fc7,0.9993660484576017,2025-09-24T15:10:58.593065Z,3,v1-metrics-only
0213e574-1095-49cc-9c3d-388db5cce7f9,0.9993660391814582,2025-09-24T15:10:58.593065Z,3,v1-metrics-only
439f2d87-91b3-413e-95b3-98e1738235d6,0.9993660182076667,2025-09-24T15:10:58.593065Z,3,v1-metrics-only
16d3a30f-01fa-467c-bc5d-1c0fc7a37cec,0.9993660179269072,2025-09-24T15:10:58.593065Z,3,v1-metrics-only
8a26a9e4-7864-4f1a-afed-af0a20b08a19,0.999365999726638,2025-09-24T15:10:58.593065Z,3,v1-metrics-only
e0433c78-4d32-46af-9436-c2668a0ac104,0.9993659744576409,2025-09-24T15:10:58.593065Z,3,v1-metrics-only
ded02442-a6b2-4184-9e7d-e1629abca6e1,0.9993659113220352,2025-09-24T15:10:58.593065Z,3,v1-metrics-only
132f2389-a0f4-41a6-93c7-b894c1cb906c,0.9993659040576363,2025-09-24T15:10:58.593065Z,3,v1-metrics-only
26ddec8f-b792-4c44-b5e0-1f6b4db6a668,0.9993657369717395,2025-09-24T15:10:58.593065Z,3,v1-metrics-only
99a410c4-7939-45da-b36e-ddc84977d52e,0.9580186052669077,2025-09-24T15:10:58.593065Z,3,v1-metrics-only
58bae4d9-f397-4afd-98ce-42a47d4c586a,0.9580186004262914,2025-09-24T15:10:58.593065Z,3,v1-metrics-only
ab8efba9-e14f-47af-aee3-9c033bd5f70e,0.9580185914592603,2025-09-24T15:10:58.593065Z,3,v1-metrics-only
0ccde19e-d62c-4c13-a5ef-5fd265a090ea,0.9580184285933325,2025-09-24T15:10:58.593065Z,3,v1-metrics-only
ed8a81f3-1f2a-4b7a-b804-6a3af48f4f29,0.9580182221916661,2025-09-24T15:10:58.593065Z,3,v1-metrics-only
08b688ff-5974-463c-8d73-78b65024ed33,0.9580181256975803,2025-09-24T15:10:58.593065Z,3,v1-metrics-only
407a033d-f54e-4319-acc7-03055947d012,0.9580181028585119,2025-09-24T15:10:58.593065Z,3,v1-metrics-only
d485b442-5ccb-4698-934a-6785d5ed510a,0.9580179883186031,2025-09-24T15:10:58.593065Z,3,v1-metrics-only
09cc5a9d-b3eb-45c6-8203-f3293060a4ba,0.9580178639096109,2025-09-24T15:10:58.593065Z,3,v1-metrics-only
beea4c63-dfd7-4603-b9d8-ec530af98c11,0.9580178357629084,2025-09-24T15:10:58.593065Z,3,v1-metrics-only
30e1ca0b-5f92-4c48-9b6f-9e50a8347461,0.9580178331289708,2025-09-24T15:10:58.593065Z,3,v1-metrics-only
cf145564-2f9e-4b33-af9b-b00fc0dea6c4,0.9580177369267727,2025-09-24T15:10:58.593065Z,3,v1-metrics-only
c4fd8158-0bb9-457e-9f57-48ae864c4b70,0.9580175703396235,2025-09-24T15:10:58.593065Z,3,v1-metrics-only
c8420f54-dbd9-4558-9b75-c75c1ad48bb0,0.9580175434210014,2025-09-24T15:10:58.593065Z,3,v1-metrics-only
660f161d-b84c-4b32-a0ba-357aac82ed3a,0.958017534952471,2025-09-24T15:10:58.593065Z,3,v1-metrics-only
4cfd4f4b-0fbf-43c2-bd1e-3954ec4d1cdf,0.9580174912870947,2025-09-24T15:10:58.593065Z,3,v1-metrics-only
e34360b4-28cd-4daa-a38f-3093fb550439,0.9580173799266981,2025-09-24T15:10:58.593065Z,3,v1-metrics-only
b69cb89c-384e-41e2-8caa-30a597f1c06e,0.9580173534241399,2025-09-24T15:10:58.593065Z,3,v1-metrics-only
aaaa5064-6b5a-48c5-92d6-420bb08ed13b,0.9580172778291492,2025-09-24T15:10:58.593065Z,3,v1-metrics-only
6aa83423-81a4-4d9e-ab1f-e888643fe26b,0.9580171094207606,2025-09-24T15:10:58.593065Z,3,v1-metrics-only
0b6d4819-16a3-4136-83ff-aaf69b07ee68,0.9580170767664378,2025-09-24T15:10:58.593065Z,3,v1-metrics-only
4f8a300b-b2f2-4c1a-a122-11210c3b97f4,0.9580168151598475,2025-09-24T15:10:58.593065Z,3,v1-metrics-only
0a6be1cc-6c67-42ac-a7e6-d550e33e3797,0.9580167759548939,2025-09-24T15:10:58.593065Z,3,v1-metrics-only
70aea8c8-9a14-42ce-a6c8-e249b8dd281a,0.9580165611562191,2025-09-24T15:10:58.593065Z,3,v1-metrics-only
20252f79-aa6b-44b3-98c8-20cc1086b41a,0.9580163528451482,2025-09-24T15:10:58.593065Z,3,v1-metrics-only
381ca84e-5029-49fb-b200-a7ce5cd3be94,0.9580162747328439,2025-09-24T15:10:58.593065Z,3,v1-metrics-only
12054914-5bbd-4481-bf0b-e42d7603e6c7,0.958016240539035,2025-09-24T15:10:58.593065Z,3,v1-metrics-only
6dadfd7b-0ff1-4d47-8750-17b4fbcbbc87,0.9580161270559591,2025-09-24T15:10:58.593065Z,3,v1-metrics-only
d2f5c7c6-e70c-4407-9fad-18007c933ca9,0.9580161068986992,2025-09-24T15:10:58.593065Z,3,v1-metrics-only
c8347acf-1aa9-4f56-b8bc-330fa57224ab,0.9580158842926272,2025-09-24T15:10:58.593065Z,3,v1-metrics-only
d527f42c-6f5a-48fd-b4a5-61a4d5da2471,0.9580156348570756,2025-09-24T15:10:58.593065Z,3,v1-metrics-only
9ea0f0cc-c8fa-4c20-b8b0-b5a0d5d33d72,0.9580155897665606,2025-09-24T15:10:58.593065Z,3,v1-metrics-only
39586b4a-2423-411b-baf6-d5b2bd200926,0.958015568162523,2025-09-24T15:10:58.593065Z,3,v1-metrics-only
7c1ebb0e-d020-4d85-af43-df1016ef525a,0.9580154987049643,2025-09-24T15:10:58.593065Z,3,v1-metrics-only
3ca4d255-f562-48fc-8829-62ea867c07d1,0.958015395367651,2025-09-24T15:10:58.593065Z,3,v1-metrics-only
2d9ccd02-9d29-4728-a3af-2bcc24ae7772,0.9580151569697194,2025-09-24T15:10:58.593065Z,3,v1-metrics-only
86bf0181-b1de-457b-b993-4f9060017735,0.9580147857807482,2025-09-24T15:10:58.593065Z,3,v1-metrics-only
b2fb4745-c4e5-40f5-8d97-526de1d25c4b,0.9580147796858407,2025-09-24T15:10:58.593065Z,3,v1-metrics-only
80fa98e4-cc39-45dc-b441-530db0b5b105,0.9580144326533281,2025-09-24T15:10:58.593065Z,3,v1-metrics-only
f5d91fc1-a419-43d2-a59e-6708ca78e113,0.958013180031324,2025-09-24T15:10:58.593065Z,3,v1-metrics-only
2e3f035c-48a0-40e3-b02e-d93f1fbfd0b6,0.9580128387788328,2025-09-24T15:10:58.593065Z,3,v1-metrics-only
4d748b14-f240-48ca-a05a-50c9e4ff0d62,0.9580127898533367,2025-09-24T15:10:58.593065Z,3,v1-metrics-only
738e5d65-3984-4111-a233-9a5a5876f387,0.9580123434342303,2025-09-24T15:10:58.593065Z,3,v1-metrics-only
dd578375-7537-4b20-a939-ece4714c1d28,0.9580118160994724,2025-09-24T15:10:58.593065Z,3,v1-metrics-only
30aefd35-cd61-4e9b-80dd-1b6194c6e336,0.9580111672780454,2025-09-24T15:10:58.593065Z,3,v1-metrics-only
01170fce-33a9-44c3-8990-1891c89b08ab,0.9580108666610793,2025-09-24T15:10:58.593065Z,3,v1-metrics-only
ab662f00-8190-4fb0-9f79-e1d6f5fe7afe,0.9580093959880275,2025-09-24T15:10:58.593065Z,3,v1-metrics-only
aca37f3b-c4c8-46ca-b827-c0c282e44451,0.9580068295281734,2025-09-24T15:10:58.593065Z,3,v1-metrics-only
919194b4-960f-49e0-8e93-95b5683d9c0b,0.9580067722333722,2025-09-24T15:10:58.593065Z,3,v1-metrics-only
d0a843ce-0179-4635-8917-963fa44ebaf1,0.957999087104748,2025-09-24T15:10:58.593065Z,3,v1-metrics-only
17d7d71a-5887-457e-9f51-675207d51bbb,0.95799743221493,2025-09-24T15:10:58.593065Z,3,v1-metrics-only
5331c61a-44d2-4826-b678-e428a9783dbb,0.9078436118236198,2025-09-24T15:10:58.593065Z,3,v1-metrics-only
e2d50936-917e-40fd-a5b3-796d4aa4b96e,0.9078436065784611,2025-09-24T15:10:58.593065Z,3,v1-metrics-only
7e02fa63-f7b6-4dda-806f-31c36408b74f,0.9078435670404476,2025-09-24T15:10:58.593065Z,3,v1-metrics-only
721ec9de-ae48-4a3d-bb34-adec030666e6,0.9078427157700829,2025-09-24T15:10:58.593065Z,3,v1-metrics-only
ebfb385e-e09c-4872-9d31-7da72e3ca9f2,0.9078426080321895,2025-09-24T15:10:58.593065Z,3,v1-metrics-only
ab6f336b-43a7-42d8-9bd0-f624b695ac23,0.9078424983655549,2025-09-24T15:10:58.593065Z,3,v1-metrics-only
c2e3004c-02c6-4c4f-a4ee-ed2eba95b192,0.9078416056709339,2025-09-24T15:10:58.593065Z,3,v1-metrics-only
44a4bb18-87cb-404b-8bf7-0838bd52d1a8,0.9078409042921962,2025-09-24T15:10:58.593065Z,3,v1-metrics-only
dbaf66e2-52a0-4166-b67d-cf534ec30c1d,0.9078407860139139,2025-09-24T15:10:58.593065Z,3,v1-metrics-only
5831b241-ec64-421b-aa80-4b802bfed582,0.9078404072536532,2025-09-24T15:10:58.593065Z,3,v1-metrics-only
2f5ce024-d518-466a-9b3a-f0b373c6f23c,0.9078404050250986,2025-09-24T15:10:58.593065Z,3,v1-metrics-only
f4a0c584-4f58-4b80-ac4d-0821e3acd404,0.9078394520609383,2025-09-24T15:10:58.593065Z,3,v1-metrics-only
e0292b72-2c00-419f-bfce-b6d0eef2f703,0.9078394302924989,2025-09-24T15:10:58.593065Z,3,v1-metrics-only
a7e85683-6f69-42c3-95be-f323277c750e,0.9078388147784323,2025-09-24T15:10:58.593065Z,3,v1-metrics-only
231b939d-8da4-4f88-931f-1414d89293ae,0.907838688553736,2025-09-24T15:10:58.593065Z,3,v1-metrics-only
3d3e3a5c-ef36-476c-b31f-2c0a899f79e5,0.907838642928961,2025-09-24T15:10:58.593065Z,3,v1-metrics-only
3bdb787b-d329-4051-a192-7c90efc4c677,0.9078385127752011,2025-09-24T15:10:58.593065Z,3,v1-metrics-only
9df5dd63-3be7-4712-a8f4-5e8fa62c06e5,0.9078381833223486,2025-09-24T15:10:58.593065Z,3,v1-metrics-only
becaf540-6bd5-4392-8976-57e1ccc2a0d3,0.9078379132988279,2025-09-24T15:10:58.593065Z,3,v1-metrics-only
98fda998-a572-4252-9338-e6cc5108d6c6,0.9078373601082045,2025-09-24T15:10:58.593065Z,3,v1-metrics-only
c14a6db3-7da9-45de-8432-409f5dce336a,0.907837291772918,2025-09-24T15:10:58.593065Z,3,v1-metrics-only
2704331f-9fd8-4cff-a117-836c0d78fd3c,0.9078364040024905,2025-09-24T15:10:58.593065Z,3,v1-metrics-only
1c294395-ac18-4ca0-a216-b07355b3c514,0.9078361587304112,2025-09-24T15:10:58.593065Z,3,v1-metrics-only
7a2eaa46-8a10-4586-a17d-e9b94530250a,0.9078361458022157,2025-09-24T15:10:58.593065Z,3,v1-metrics-only
af025a99-ec4c-489a-99c5-723840442c3f,0.9078353376088205,2025-09-24T15:10:58.593065Z,3,v1-metrics-only
dcc0b624-4a4f-46e2-88fa-4ea972e9c282,0.9078352586324834,2025-09-24T15:10:58.593065Z,3,v1-metrics-only
ef5ad8f8-1eca-4386-8c17-2cd29d8dacb8,0.9078351301316521,2025-09-24T15:10:58.593065Z,3,v1-metrics-only
04a78df8-917b-43af-af73-e76f78a0fb2e,0.9078349038753416,2025-09-24T15:10:58.593065Z,3,v1-metrics-only
a310ee6a-1f7a-4d8a-b2bc-e266c9e14e7e,0.907834805958048,2025-09-24T15:10:58.593065Z,3,v1-metrics-only
2b8ee594-8f21-4d3f-9de4-881662f13a31,0.9078347687908913,2025-09-24T15:10:58.593065Z,3,v1-metrics-only
ce6b1187-f07d-4be6-8974-5f2f07292b6a,0.9078340716538841,2025-09-24T15:10:58.593065Z,3,v1-metrics-only
083b4153-5acd-4bcc-9fe2-62b22a964279,0.9078330678155935,2025-09-24T15:10:58.593065Z,3,v1-metrics-only
d69b915f-fea8-448e-85f0-2786c483bff2,0.907832413022888,2025-09-24T15:10:58.593065Z,3,v1-metrics-only
2285f9a2-4005-4575-afa3-4626e87c2c6b,0.9078322993351347,2025-09-24T15:10:58.593065Z,3,v1-metrics-only
24009d6b-1f2a-40f7-95ea-616fa6a70a4e,0.9078322691421552,2025-09-24T15:10:58.593065Z,3,v1-metrics-only
244b376a-ed74-4dcc-85c1-f0a1a26a19ef,0.9078317592539537,2025-09-24T15:10:58.593065Z,3,v1-metrics-only
d90c395f-27df-481b-a4de-70276ea54d99,0.9078316207052917,2025-09-24T15:10:58.593065Z,3,v1-metrics-only
17e68de2-4b56-48b1-beea-5f003762fb5c,0.9078312519418618,2025-09-24T15:10:58.593065Z,3,v1-metrics-only
0b6beb5b-9df9-46a1-a46b-4235e2d840f1,0.9078300818874994,2025-09-24T15:10:58.593065Z,3,v1-metrics-only
871dba56-c9f0-49e0-a996-e23908c168ce,0.9078278890047571,2025-09-24T15:10:58.593065Z,3,v1-metrics-only
808e685e-b337-49ea-ba06-fc4960515bc3,0.9078278780175904,2025-09-24T15:10:58.593065Z,3,v1-metrics-only
90c9c816-8ab2-4dce-82bd-ba5f6f06bede,0.9078269082521532,2025-09-24T15:10:58.593065Z,3,v1-metrics-only
5fb9a25a-eb75-4b6c-a18e-c24256c3cb98,0.9078264628337952,2025-09-24T15:10:58.593065Z,3,v1-metrics-only
81ceeebb-77ef-4f6e-a9a3-957bbbd463d6,0.9078220431644906,2025-09-24T15:10:58.593065Z,3,v1-metrics-only
ec4078b8-efa7-4346-9b4d-109843a854e4,0.907821279205611,2025-09-24T15:10:58.593065Z,3,v1-metrics-only
c709e9c7-cad6-4ace-add6-416b3854f383,0.9078159248752825,2025-09-24T15:10:58.593065Z,3,v1-metrics-only
022cf4b6-2aff-494c-af73-bd4bf94f8475,0.9078053337697899,2025-09-24T15:10:58.593065Z,3,v1-metrics-only
865f3f40-e7ed-4ba6-8bb2-bb69377f58db,0.9078029662899741,2025-09-24T15:10:58.593065Z,3,v1-metrics-only
9f2df0b4-dce0-46e8-b77b-96403206cac6,0.907799233271153,2025-09-24T15:10:58.593065Z,3,v1-metrics-only
